timestamp,target_flag,sensor_torque,sensor_rpm,act_target_torque,act_target_velocity,load_target_torque,load_target_velocity,act_torque,act_vel,act_pos,load_torque,load_vel,load_pos
20:50:07.606,0,0.0,0,0,0,0,0,-5,321,8343242,12,-2101,-55614968
20:50:07.611,0,0.0,0,0,0,0,0,9,148,8343241,2,284,-55614952
20:50:07.616,0,0.0,0,0,0,0,0,-2,98,8343241,18,416,-55614952
20:50:07.621,0,0.0,0,0,0,0,0,-3,300,8343242,7,282,-55614952
20:50:07.626,0,0.0,0,0,0,0,0,-8,-1553,8343231,-24,-106,-55614960
20:50:07.631,0,0.0,0,0,0,0,0,21,272,8343242,-10,-2017,-55614968
20:50:07.636,0,0.0,0,0,0,0,0,3,865,8343245,-9,410,-55614952
20:50:07.641,0,0.0,0,0,0,0,0,-11,390,8343242,7,-137,-55614960
20:50:07.646,0,0.0,0,0,0,0,0,-8,328,8343242,-13,-2136,-55614968
20:50:07.651,0,0.0,0,0,0,0,0,-80,-1722,8343229,2,382,-55614952
20:50:07.656,0,0.0,0,0,0,0,0,-23,-948,8343234,3,-28,-55614960
20:50:07.661,0,0.0,0,0,0,0,0,45,-1114,8343233,14,-1314,-55614968
20:50:07.666,0,0.0,0,0,0,0,0,-5,-1559,8343231,-23,409,-55614952
20:50:07.671,0,0.0,0,0,0,0,0,6,254,8343241,8,-194,-55614960
20:50:07.676,0,0.0,0,0,0,0,0,0,738,8343245,-14,-13,-55614960
20:50:07.681,0,0.0,0,0,0,0,0,0,41,8343241,20,603,-55614952
20:50:07.686,0,0.0,0,0,0,0,0,15,398,8343242,-6,443,-55614952
20:50:07.691,0,0.0,0,0,0,0,0,0,359,8343242,-13,447,-55614952
20:50:07.697,0,0.0,0,0,0,0,0,-11,-257,8343238,6,-225,-55614960
20:50:07.702,0,0.0,0,0,0,0,0,6,-351,8343238,7,-22,-55614960
20:50:07.707,0,0.0,0,0,0,0,0,-28,-1720,8343229,29,58,-55614960
20:50:07.712,0,0.0,0,0,0,0,0,6,269,8343242,-10,-47,-55614960
20:50:07.717,0,0.0,0,0,0,0,0,0,116,8343241,-3,90,-55614960
20:50:07.722,0,0.0,0,0,0,0,0,18,311,8343242,7,117,-55614960
20:50:07.727,0,0.0,0,0,0,0,0,-2,-1504,8343231,13,118,-55614960
20:50:07.732,0,0.0,0,0,0,0,0,-5,202,8343241,-5,-35,-55614960
20:50:07.737,0,0.0,0,0,0,0,0,3,215,8343241,-2,81,-55614960
20:50:07.742,0,0.0,0,0,0,0,0,-5,399,8343242,4,123,-55614960
20:50:07.747,0,0.0,0,0,0,0,0,-11,239,8343241,-16,-621,-55614964
20:50:07.752,0,0.0,0,0,0,0,0,6,-882,8343234,-10,134,-55614960
20:50:07.757,0,0.0,0,0,0,0,0,3,785,8343245,0,56,-55614960
20:50:07.762,0,0.0,0,0,0,0,0,-5,-1090,8343233,20,621,-55614952
20:50:07.767,0,0.0,0,0,0,0,0,6,182,8343241,25,168,-55614960
20:50:07.772,0,0.0,0,0,0,0,0,9,289,8343242,17,151,-55614960
20:50:07.777,0,0.0,0,0,0,0,0,-5,176,8343241,20,78,-55614960
20:50:07.782,0,0.0,0,0,0,0,0,12,-959,8343234,-11,240,-55614960
20:50:07.788,0,0.0,0,0,0,0,0,-11,-1083,8343233,1,675,-55614952
20:50:07.793,0,0.0,0,0,0,0,0,-5,97,8343241,14,-450,-55614960
20:50:07.798,0,0.0,0,0,0,0,0,15,754,8343245,10,747,-55614952
20:50:07.803,0,0.0,0,0,0,0,0,-23,290,8343242,-14,-1122,-55614968
20:50:07.808,0,0.0,0,0,0,0,0,12,355,8343242,-27,744,-55614952
20:50:07.813,0,0.0,0,0,0,0,0,21,313,8343242,19,688,-55614952
20:50:07.818,0,0.0,0,0,0,0,0,6,141,8343241,0,651,-55614952
20:50:07.823,0,0.0,0,0,0,0,0,3,-310,8343238,6,287,-55614960
20:50:07.828,0,0.0,0,0,0,0,0,0,766,8343245,8,-458,-55614964
20:50:07.833,0,0.0,0,0,0,0,0,-17,-539,8343238,-16,-470,-55614964
20:50:07.838,0,0.0,0,0,0,0,0,6,252,8343242,3,270,-55614960
20:50:07.843,0,0.0,0,0,0,0,0,-8,324,8343242,12,188,-55614960
20:50:07.848,0,0.0,0,0,0,0,0,-6,898,8343245,-23,383,-55614960
20:50:07.853,0,0.0,0,0,0,0,0,0,-1632,8343229,5,-1082,-55614968
20:50:07.858,0,0.0,0,0,0,0,0,-30,1700,8343250,33,-2135,-55614972
20:50:07.863,0,0.0,0,0,0,0,0,-21,-206,8343245,27,405,-55614960
20:50:07.868,0,0.0,0,0,0,0,0,-29,811,8343245,-5,296,-55614960
20:50:07.873,0,0.0,0,0,0,0,0,-8,225,8343241,23,-460,-55614964
20:50:07.879,0,0.0,0,0,0,0,0,39,-1101,8343233,3,809,-55614952
20:50:07.884,0,0.0,0,0,0,0,0,0,1058,8343247,-8,-307,-55614964
20:50:07.889,0,0.0,0,0,0,0,0,6,363,8343242,0,354,-55614960
20:50:07.894,0,0.0,0,0,0,0,0,21,1438,8343249,-18,-939,-55614968
20:50:07.899,0,0.0,0,0,0,0,0,0,1423,8343249,-18,631,-55614952
20:50:07.904,0,0.0,0,0,0,0,0,-13,322,8343242,-13,-1048,-55614968
20:50:07.909,0,0.0,0,0,0,0,0,-8,2191,8343254,-15,680,-55614952
20:50:07.914,0,0.0,0,0,0,0,0,-5,203,8343241,18,-1208,-55614968
20:50:07.919,0,0.0,0,0,0,0,0,6,197,8343241,5,-481,-55614960
20:50:07.924,0,0.0,0,0,0,0,0,27,1677,8343250,6,228,-55614960
20:50:07.929,0,0.0,0,0,0,0,0,-14,969,8343247,-2,-287,-55614960
20:50:07.934,0,0.0,0,0,0,0,0,9,-1688,8343229,-20,773,-55614952
20:50:07.939,0,0.0,0,0,0,0,0,-5,-1140,8343233,-6,788,-55614952
20:50:07.944,0,0.0,0,0,0,0,0,-5,-1153,8343233,0,318,-55614960
20:50:07.949,0,0.0,0,0,0,0,0,6,-1075,8343233,2,-292,-55614960
20:50:07.954,0,0.0,0,0,0,0,0,-2,228,8343241,-18,901,-55614952
20:50:07.959,0,0.0,0,0,0,0,0,-26,165,8343241,4,-780,-55614968
20:50:07.964,0,0.0,0,0,0,0,0,3,336,8343242,-6,-1344,-55614968
20:50:07.969,0,0.0,0,0,0,0,0,-2,141,8343241,-18,1052,-55614952
20:50:07.975,0,0.0,0,0,0,0,0,39,-400,8343238,-25,974,-55614952
20:50:07.980,0,0.0,0,0,0,0,0,-11,1586,8343250,-21,-255,-55614964
20:50:07.985,0,0.0,0,0,0,0,0,54,-1125,8343233,-6,-381,-55614964
20:50:07.990,0,0.0,0,0,0,0,0,6,115,8343241,4,494,-55614960
20:50:07.995,0,0.0,0,0,0,0,0,15,-293,8343238,4,-1278,-55614968
20:50:08.000,0,0.0,0,0,0,0,0,6,278,8343241,-24,982,-55614952
20:50:08.005,0,0.0,0,0,0,0,0,9,-190,8343238,-11,398,-55614960
20:50:08.010,0,0.0,0,0,0,0,0,9,407,8343242,4,-1527,-55614968
20:50:08.015,0,0.0,0,0,0,0,0,-20,247,8343241,12,-1358,-55614968
20:50:08.020,0,0.0,0,0,0,0,0,6,-1676,8343229,-12,674,-55614960
20:50:08.025,0,0.0,0,0,0,0,0,-8,359,8343242,-5,448,-55614960
20:50:08.030,0,0.0,0,0,0,0,0,12,171,8343241,-24,430,-55614960
20:50:08.035,0,0.0,0,0,0,0,0,9,111,8343241,-6,-359,-55614964
20:50:08.040,0,0.0,0,0,0,0,0,50,-1011,8343233,-5,-1013,-55614968
20:50:08.045,0,0.0,0,0,0,0,0,9,397,8343242,6,-712,-55614968
20:50:08.050,0,0.0,0,0,0,0,0,-8,356,8343242,0,-1868,-55614972
20:50:08.055,0,0.0,0,0,0,0,0,-2,359,8343242,0,-1141,-55614968
20:50:08.060,0,0.0,0,0,0,0,0,-2,383,8343242,-6,-1390,-55614968
20:50:08.066,0,0.0,0,0,0,0,0,-20,-265,8343238,-2,1006,-55614952
20:50:08.071,0,0.0,0,0,0,0,0,-2,260,8343242,10,1053,-55614952
20:50:08.076,0,0.0,0,0,0,0,0,-5,268,8343242,-12,983,-55614952
20:50:08.081,0,0.0,0,0,0,0,0,18,113,8343241,-6,330,-55614960
20:50:08.086,0,0.0,0,0,0,0,0,67,-1769,8343229,14,439,-55614960
20:50:08.091,0,0.0,0,0,0,0,0,-2,806,8343245,15,-108,-55614960
20:50:08.096,0,0.0,0,0,0,0,0,-41,-1107,8343233,15,-765,-55614968
20:50:08.101,0,0.0,0,0,0,0,0,-32,-439,8343238,-12,22,-55614960
20:50:08.106,0,0.0,0,0,0,0,0,12,1060,8343247,-1,-1286,-55614968
20:50:08.111,0,0.0,0,0,0,0,0,-17,260,8343241,10,626,-55614960
20:50:08.116,0,0.0,0,0,0,0,0,-19,-1584,8343229,-8,-1125,-55614968
20:50:08.121,0,0.0,0,0,0,0,0,3,-331,8343238,6,186,-55614960
20:50:08.126,0,0.0,0,0,0,0,0,0,295,8343242,5,-1255,-55614968
20:50:08.132,0,0.0,0,0,0,0,0,-2,305,8343242,-11,1273,-55614952
20:50:08.137,0,0.0,0,0,0,0,0,24,-232,8343238,0,216,-55614960
20:50:08.142,0,0.0,0,0,0,0,0,57,-491,8343238,18,604,-55614960
20:50:08.147,0,0.0,0,0,0,0,0,-5,1387,8343249,-15,-1587,-55614972
20:50:08.152,0,0.0,0,0,0,0,0,-14,206,8343234,-5,819,-55614960
20:50:08.157,0,0.0,0,0,0,0,0,-11,336,8343242,-11,1284,-55614952
20:50:08.162,0,0.0,0,0,0,0,0,6,252,8343242,-11,7,-55614964
20:50:08.167,0,0.0,0,0,0,0,0,-8,838,8343245,-7,745,-55614960
20:50:08.172,0,0.0,0,0,0,0,0,-11,1525,8343250,6,-738,-55614968
20:50:08.177,0,0.0,0,0,0,0,0,-2,-870,8343234,-13,748,-55614960
20:50:08.182,0,0.0,0,0,0,0,0,-11,353,8343242,23,686,-55614960
20:50:08.187,0,0.0,0,0,0,0,0,9,-315,8343238,18,501,-55614960
20:50:08.192,0,0.0,0,0,0,0,0,-57,-1546,8343231,-3,-1855,-55614972
20:50:08.197,0,0.0,0,0,0,0,0,-27,1559,8343250,0,684,-55614960
20:50:08.202,0,0.0,0,0,0,0,0,-5,-1104,8343233,-6,-1105,-55614968
20:50:08.207,0,0.0,0,0,0,0,0,6,1013,8343247,-9,655,-55614960
20:50:08.213,0,0.0,0,0,0,0,0,3,321,8343242,-18,1413,-55614952
20:50:08.218,0,0.0,0,0,0,0,0,-8,-1462,8343231,-3,-528,-55614968
20:50:08.223,0,0.0,0,0,0,0,0,0,960,8343247,4,1234,-55614952
20:50:08.228,0,0.0,0,0,0,0,0,-26,173,8343241,20,-484,-55614968
20:50:08.233,0,0.0,0,0,0,0,0,-26,788,8343245,9,67,-55614964
20:50:08.238,0,0.0,0,0,0,0,0,6,296,8343242,15,1306,-55614952
20:50:08.243,0,0.0,0,0,0,0,0,-5,295,8343242,7,-1038,-55614968
20:50:08.248,0,0.0,0,0,0,0,0,-25,2071,8343254,10,324,-55614960
20:50:08.253,0,0.0,0,0,0,0,0,6,344,8343242,-5,905,-55614960
20:50:08.258,0,0.0,0,0,0,0,0,3,157,8343241,-5,-1687,-55614972
20:50:08.263,0,0.0,0,0,0,0,0,21,154,8343241,-8,721,-55614960
20:50:08.268,0,0.0,0,0,0,0,0,21,183,8343241,26,-909,-55614968
20:50:08.273,0,0.0,0,0,0,0,0,-13,-330,8343238,-5,1577,-55614952
20:50:08.278,0,0.0,0,0,0,0,0,-17,190,8343241,32,1142,-55614960
20:50:08.283,0,0.0,0,0,0,0,0,-9,85,8343241,-12,379,-55614964
20:50:08.288,0,0.0,0,0,0,0,0,-8,317,8343242,-7,312,-55614964
20:50:08.293,0,0.0,0,0,0,0,0,6,342,8343242,4,-354,-55614968
20:50:08.299,0,0.0,0,0,0,0,0,18,297,8343242,-8,-305,-55614968
20:50:08.304,0,0.0,0,0,0,0,0,-8,170,8343241,15,325,-55614964
20:50:08.309,0,0.0,0,0,0,0,0,42,286,8343242,10,1035,-55614960
20:50:08.314,0,0.0,0,0,0,0,0,6,89,8343241,2,-1464,-55614972
20:50:08.319,0,0.0,0,0,0,0,0,-14,-881,8343234,-21,-1523,-55614972
20:50:08.324,0,0.0,0,0,0,0,0,9,331,8343242,-2,-1024,-55614968
20:50:08.329,0,0.0,0,0,0,0,0,3,-290,8343238,-14,294,-55614964
20:50:08.334,0,0.0,0,0,0,0,0,-8,159,8343241,1,772,-55614960
20:50:08.339,0,0.0,0,0,0,0,0,30,190,8343241,-1,123,-55614964
20:50:08.344,0,0.0,0,0,0,0,0,0,127,8343241,4,649,-55614960
20:50:08.349,0,0.0,0,0,0,0,0,34,157,8343241,1,1367,-55614952
20:50:08.354,0,0.0,0,0,0,0,0,23,-493,8343238,-8,-1086,-55614968
20:50:08.359,0,0.0,0,0,0,0,0,36,1461,8343249,23,1043,-55614960
20:50:08.364,0,0.0,0,0,0,0,0,-20,381,8343242,2,-1440,-55614972
20:50:08.369,0,0.0,0,0,0,0,0,-14,191,8343241,11,327,-55614960
20:50:08.374,0,0.0,0,0,0,0,0,6,154,8343241,-26,-1113,-55614968
20:50:08.380,0,0.0,0,0,0,0,0,9,745,8343245,-10,1465,-55614952
20:50:08.385,0,0.0,0,0,0,0,0,-11,234,8343242,-11,-425,-55614968
20:50:08.390,0,0.0,0,0,0,0,0,6,186,8343242,-2,-430,-55614968
20:50:08.395,0,0.0,0,0,0,0,0,6,-472,8343238,-8,-825,-55614968
20:50:08.400,0,0.0,0,0,0,0,0,-5,-801,8343234,18,-1007,-55614968
20:50:08.405,0,0.0,0,0,0,0,0,-8,-240,8343238,-11,814,-55614960
20:50:08.410,0,0.0,0,0,0,0,0,-46,-1705,8343229,1,-1662,-55614972
20:50:08.415,0,0.0,0,0,0,0,0,21,203,8343241,11,884,-55614960
20:50:08.420,0,0.0,0,0,0,0,0,0,194,8343241,-8,-1130,-55614968
20:50:08.425,0,0.0,0,0,0,0,0,-23,-299,8343238,-15,544,-55614960
20:50:08.430,0,0.0,0,0,0,0,0,27,-423,8343238,34,665,-55614960
20:50:08.435,0,0.0,0,0,0,0,0,27,841,8343245,-8,650,-55614960
20:50:08.440,0,0.0,0,0,0,0,0,-38,-493,8343238,3,31,-55614964
20:50:08.445,0,0.0,0,0,0,0,0,2,1390,8343249,7,-482,-55614968
20:50:08.450,0,0.0,0,0,0,0,0,0,299,8343242,11,1415,-55614952
20:50:08.455,0,0.0,0,0,0,0,0,-2,1391,8343249,38,-1216,-55614968
20:50:08.460,0,0.0,0,0,0,0,0,-5,211,8343242,-18,922,-55614960
20:50:08.465,0,0.0,0,0,0,0,0,12,-1692,8343229,-14,-1063,-55614968
20:50:08.471,0,0.0,0,0,0,0,0,0,1416,8343249,9,1184,-55614952
20:50:08.476,0,0.0,0,0,0,0,0,-14,-310,8343238,-27,1190,-55614952
20:50:08.481,0,0.0,0,0,0,0,0,15,756,8343245,4,-1187,-55614968
20:50:08.486,0,0.0,0,0,0,0,0,53,82,8343241,-9,773,-55614960
20:50:08.491,0,0.0,0,0,0,0,0,18,136,8343241,-20,255,-55614964
20:50:08.496,0,0.0,0,0,0,0,0,-8,-365,8343238,-19,-1059,-55614968
20:50:08.501,0,0.0,0,0,0,0,0,9,-1573,8343231,-4,1276,-55614952
20:50:08.506,0,0.0,0,0,0,0,0,24,135,8343241,12,881,-55614960
20:50:08.511,0,0.0,0,0,0,0,0,-17,253,8343242,-3,-1555,-55614972
20:50:08.516,0,0.0,0,0,0,0,0,-9,1357,8343249,7,-1460,-55614972
20:50:08.521,0,0.0,0,0,0,0,0,-20,-1780,8343229,0,409,-55614960
20:50:08.526,0,0.0,0,0,0,0,0,12,321,8343242,-20,1034,-55614960
20:50:08.531,0,0.0,0,0,0,0,0,67,-1602,8343231,-3,-858,-55614968
20:50:08.536,0,0.0,0,0,0,0,0,18,243,8343242,-15,-1336,-55614972
20:50:08.541,0,0.0,0,0,0,0,0,15,31,8343241,28,-975,-55614968
20:50:08.546,0,0.0,0,0,0,0,0,-2,632,8343245,3,1481,-55614952
20:50:08.551,0,0.0,0,0,0,0,0,9,237,8343242,-13,1100,-55614960
20:50:08.557,0,0.0,0,0,0,0,0,12,-294,8343238,-6,431,-55614964
20:50:08.562,0,0.0,0,0,0,0,0,3,-506,8343238,15,-820,-55614968
20:50:08.567,0,0.0,0,0,0,0,0,6,201,8343241,5,1041,-55614960
20:50:08.572,0,0.0,0,0,0,0,0,-5,200,8343241,-8,-913,-55614968
20:50:08.577,0,0.0,0,0,0,0,0,12,246,8343241,3,1131,-55614960
20:50:08.582,0,0.0,0,0,0,0,0,18,390,8343242,3,336,-55614960
20:50:08.587,0,0.0,0,0,0,0,0,3,-513,8343238,1,-309,-55614968
20:50:08.592,0,0.0,0,0,0,0,0,-5,300,8343242,-8,-848,-55614968
20:50:08.597,0,0.0,0,0,0,0,0,18,254,8343242,-11,312,-55614960
20:50:08.602,0,0.0,0,0,0,0,0,6,237,8343242,-10,-1088,-55614968
20:50:08.607,0,0.0,0,0,0,0,0,-14,749,8343245,-21,-962,-55614968
20:50:08.612,0,0.0,0,0,0,0,0,0,148,8343241,-6,-1050,-55614968
20:50:08.617,0,0.0,0,0,0,0,0,-2,307,8343242,10,-1164,-55614968
20:50:08.622,0,0.0,0,0,0,0,0,-29,-950,8343234,18,890,-55614960
20:50:08.627,0,0.0,0,0,0,0,0,9,248,8343241,1,-1018,-55614968
20:50:08.632,0,0.0,0,0,0,0,0,-5,811,8343245,19,928,-55614960
20:50:08.638,0,0.0,0,0,0,0,0,12,-1060,8343233,26,288,-55614960
20:50:08.643,0,0.0,0,0,0,0,0,-17,-239,8343238,-30,89,-55614964
20:50:08.648,0,0.0,0,0,0,0,0,18,-204,8343238,-6,-1487,-55614972
20:50:08.653,0,0.0,0,0,0,0,0,15,163,8343241,0,997,-55614960
20:50:08.658,0,0.0,0,0,0,0,0,42,-505,8343238,1,-990,-55614968
20:50:08.663,0,0.0,0,0,0,0,0,0,-1003,8343233,-1,232,-55614964
20:50:08.668,0,0.0,0,0,0,0,0,-60,-872,8343234,26,-226,-55614968
20:50:08.673,0,0.0,0,0,0,0,0,6,-237,8343238,-27,-867,-55614968
20:50:08.678,0,0.0,0,0,0,0,0,-2,326,8343242,10,-352,-55614968
20:50:08.683,0,0.0,0,0,0,0,0,32,-1666,8343229,10,901,-55614960
20:50:08.688,0,0.0,0,0,0,0,0,-38,205,8343241,-24,-440,-55614968
20:50:08.693,0,0.0,0,0,0,0,0,-2,805,8343245,9,-1535,-55614972
20:50:08.698,0,0.0,0,0,0,0,0,24,-1056,8343233,-6,-1503,-55614972
20:50:08.703,0,0.0,0,0,0,0,0,6,181,8343241,-2,345,-55614960
20:50:08.708,0,0.0,0,0,0,0,0,3,820,8343245,-10,-1476,-55614972
20:50:08.713,0,0.0,0,0,0,0,0,12,843,8343245,8,267,-55614960
20:50:08.719,0,0.0,0,0,0,0,0,26,351,8343242,9,290,-55614960
20:50:08.724,0,0.0,0,0,0,0,0,-2,324,8343242,15,-1002,-55614968
20:50:08.729,0,0.0,0,0,0,0,0,21,1429,8343249,7,926,-55614960
20:50:08.734,0,0.0,0,0,0,0,0,0,226,8343241,7,-1084,-55614968
20:50:08.739,0,0.0,0,0,0,0,0,-8,-343,8343238,13,718,-55614960
20:50:08.744,0,0.0,0,0,0,0,0,18,285,8343242,30,-821,-55614968
20:50:08.749,0,0.0,0,0,0,0,0,9,290,8343242,-23,-1236,-55614968
20:50:08.754,0,0.0,0,0,0,0,0,27,381,8343242,-11,552,-55614960
20:50:08.759,0,0.0,0,0,0,0,0,26,-1502,8343231,14,-1355,-55614968
20:50:08.764,0,0.0,0,0,0,0,0,-3,1025,8343247,5,-1268,-55614968
20:50:08.769,0,0.0,0,0,0,0,0,-8,370,8343242,5,1072,-55614952
20:50:08.774,0,0.0,0,0,0,0,0,6,355,8343242,16,-247,-55614964
20:50:08.779,0,0.0,0,0,0,0,0,-2,-923,8343234,21,603,-55614960
20:50:08.784,0,0.0,0,0,0,0,0,12,152,8343241,4,-791,-55614968
20:50:08.789,0,0.0,0,0,0,0,0,-14,350,8343242,-1,1027,-55614952
20:50:08.794,0,0.0,0,0,0,0,0,21,-372,8343238,5,-644,-55614968
20:50:08.799,0,0.0,0,0,0,0,0,18,-276,8343238,-12,594,-55614960
20:50:08.805,0,0.0,0,0,0,0,0,6,853,8343245,17,-37,-55614960
20:50:08.810,0,0.0,0,0,0,0,0,54,-436,8343238,-11,-573,-55614968
20:50:08.815,0,0.0,0,0,0,0,0,3,184,8343241,-1,718,-55614960
20:50:08.820,0,0.0,0,0,0,0,0,18,165,8343238,-15,-1720,-55614972
20:50:08.825,0,0.0,0,0,0,0,0,3,-467,8343238,16,765,-55614960
20:50:08.830,0,0.0,0,0,0,0,0,0,287,8343242,0,652,-55614960
20:50:08.835,0,0.0,0,0,0,0,0,-5,-1098,8343233,16,1236,-55614952
20:50:08.840,0,0.0,0,0,0,0,0,3,167,8343241,-11,-794,-55614968
20:50:08.845,0,0.0,0,0,0,0,0,12,-1456,8343231,7,535,-55614960
20:50:08.850,0,0.0,0,0,0,0,0,-8,1082,8343247,2,5,-55614964
20:50:08.855,0,0.0,0,0,0,0,0,0,371,8343242,-2,-1221,-55614968
20:50:08.860,0,0.0,0,0,0,0,0,0,318,8343242,0,782,-55614960
20:50:08.865,0,0.0,0,0,0,0,0,-28,-1407,8343231,7,-904,-55614968
20:50:08.870,0,0.0,0,0,0,0,0,3,-1047,8343233,-20,605,-55614960
20:50:08.875,0,0.0,0,0,0,0,0,0,184,8343241,31,581,-55614960
20:50:08.880,0,0.0,0,0,0,0,0,-35,-280,8343238,-1,570,-55614960
20:50:08.885,0,0.0,0,0,0,0,0,24,976,8343247,-1,697,-55614960
20:50:08.890,0,0.0,0,0,0,0,0,3,298,8343242,23,-447,-55614968
20:50:08.896,0,0.0,0,0,0,0,0,-46,282,8343242,-11,797,-55614960
20:50:08.901,0,0.0,0,0,0,0,0,0,347,8343242,-22,1118,-55614952
20:50:08.906,0,0.0,0,0,0,0,0,6,-194,8343238,9,-10,-55614964
20:50:08.911,0,0.0,0,0,0,0,0,3,328,8343242,-27,852,-55614960
20:50:08.916,0,0.0,0,0,0,0,0,-11,-366,8343238,0,1382,-55614952
20:50:08.921,0,0.0,0,0,0,0,0,1,-891,8343234,-13,-36,-55614960
20:50:08.926,0,0.0,0,0,0,0,0,18,767,8343245,17,387,-55614960
20:50:08.931,0,0.0,0,0,0,0,0,15,155,8343241,1,895,-55614952
20:50:08.936,0,0.0,0,0,0,0,0,-1,-1063,8343233,13,123,-55614960
20:50:08.941,0,0.0,0,0,0,0,0,-2,803,8343245,0,822,-55614952
20:50:08.946,0,0.0,0,0,0,0,0,-2,-313,8343238,10,448,-55614960
20:50:08.951,0,0.0,0,0,0,0,0,-14,326,8343242,15,900,-55614952
20:50:08.956,0,0.0,0,0,0,0,0,6,285,8343241,-15,-948,-55614968
20:50:08.961,0,0.0,0,0,0,0,0,38,383,8343242,2,937,-55614952
20:50:08.966,0,0.0,0,0,0,0,0,45,-1097,8343233,7,-1434,-55614968
20:50:08.971,0,0.0,0,0,0,0,0,-41,369,8343242,-13,447,-55614960
20:50:08.976,0,0.0,0,0,0,0,0,6,-947,8343234,23,348,-55614960
20:50:08.982,0,0.0,0,0,0,0,0,0,-1044,8343233,-4,273,-55614960
20:50:08.987,0,0.0,0,0,0,0,0,20,-1671,8343229,-17,-245,-55614960
20:50:08.992,0,0.0,0,0,0,0,0,12,-535,8343238,-5,914,-55614952
20:50:08.997,0,0.0,0,0,0,0,0,12,-1582,8343231,31,259,-55614960
20:50:09.002,0,0.0,0,0,0,0,0,3,-410,8343238,10,-1566,-55614968
20:50:09.007,0,0.0,0,0,0,0,0,9,322,8343242,-14,-170,-55614960
20:50:09.012,0,0.0,0,0,0,0,0,0,284,8343242,2,607,-55614960
20:50:09.017,0,0.0,0,0,0,0,0,-20,847,8343245,2,-1426,-55614968
20:50:09.022,0,0.0,0,0,0,0,0,15,-386,8343238,-13,1043,-55614952
20:50:09.027,0,0.0,0,0,0,0,0,6,439,8343242,10,-782,-55614968
20:50:09.032,0,0.0,0,0,0,0,0,-5,361,8343242,3,466,-55614960
20:50:09.037,0,0.0,0,0,0,0,0,-8,305,8343242,11,896,-55614952
20:50:09.042,0,0.0,0,0,0,0,0,18,106,8343241,-10,796,-55614952
20:50:09.047,0,0.0,0,0,0,0,0,12,346,8343242,14,931,-55614952
20:50:09.052,0,0.0,0,0,0,0,0,3,2764,8343257,-34,-1608,-55614968
20:50:09.057,0,0.0,0,0,0,0,0,9,309,8343242,35,325,-55614960
20:50:09.062,0,0.0,0,0,0,0,0,-20,703,8343245,-2,411,-55614960
20:50:09.067,0,0.0,0,0,0,0,0,12,160,8343241,10,879,-55614952
20:50:09.073,0,0.0,0,0,0,0,0,3,767,8343245,7,-123,-55614960
20:50:09.078,0,0.0,0,0,0,0,0,3,813,8343245,0,992,-55614952
20:50:09.083,0,0.0,0,0,0,0,0,-2,363,8343242,9,-148,-55614960
20:50:09.088,0,0.0,0,0,0,0,0,3,382,8343242,1,304,-55614960
20:50:09.093,0,0.0,0,0,0,0,0,-29,-942,8343233,18,1044,-55614952
20:50:09.098,0,0.0,0,0,0,0,0,3,185,8343241,-5,-1454,-55614968
20:50:09.103,0,0.0,0,0,0,0,0,-5,180,8343242,-11,833,-55614952
20:50:09.108,0,0.0,0,0,0,0,0,-8,-964,8343234,-19,889,-55614952
20:50:09.113,0,0.0,0,0,0,0,0,3,135,8343241,-16,-899,-55614968
20:50:09.118,0,0.0,0,0,0,0,0,-32,320,8343242,-13,768,-55614952
20:50:09.123,0,0.0,0,0,0,0,0,-20,158,8343241,-6,980,-55614952
20:50:09.128,0,0.0,0,0,0,0,0,-8,734,8343245,-4,914,-55614952
20:50:09.133,0,0.0,0,0,0,0,0,-2,283,8343242,-22,820,-55614952
20:50:09.138,0,0.0,0,0,0,0,0,9,-1553,8343231,-15,-894,-55614968
20:50:09.143,0,0.0,0,0,0,0,0,9,405,8343242,0,813,-55614952
20:50:09.148,0,0.0,0,0,0,0,0,-11,-282,8343238,20,-1109,-55614968
20:50:09.153,0,0.0,0,0,0,0,0,6,223,8343242,4,449,-55614960
20:50:09.158,0,0.0,0,0,0,0,0,-2,328,8343242,17,-1466,-55614968
20:50:09.163,0,0.0,0,0,0,0,0,-14,-242,8343238,-15,444,-55614960
20:50:09.169,0,0.0,0,0,0,0,0,12,-207,8343238,-9,-371,-55614964
20:50:09.174,0,0.0,0,0,0,0,0,-29,349,8343242,-4,259,-55614960
20:50:09.179,0,0.0,0,0,0,0,0,-2,-288,8343238,-5,454,-55614960
20:50:09.184,0,0.0,0,0,0,0,0,-51,350,8343242,-8,-1394,-55614968
20:50:09.189,0,0.0,0,0,0,0,0,-4,-418,8343238,-9,915,-55614952
20:50:09.194,0,0.0,0,0,0,0,0,-20,-885,8343234,2,885,-55614952
20:50:09.199,0,0.0,0,0,0,0,0,-8,795,8343245,7,-366,-55614964
20:50:09.204,0,0.0,0,0,0,0,0,0,428,8343242,-4,237,-55614960
20:50:09.209,0,0.0,0,0,0,0,0,-38,320,8343242,-22,-95,-55614960
20:50:09.214,0,0.0,0,0,0,0,0,-32,355,8343242,0,539,-55614960
20:50:09.219,0,0.0,0,0,0,0,0,12,-504,8343238,9,997,-55614952
20:50:09.224,0,0.0,0,0,0,0,0,-11,-2204,8343226,24,498,-55614960
20:50:09.229,0,0.0,0,0,0,0,0,-35,-262,8343238,30,-998,-55614968
20:50:09.234,0,0.0,0,0,0,0,0,21,-843,8343234,-8,387,-55614960
20:50:09.239,0,0.0,0,0,0,0,0,15,237,8343241,3,-405,-55614964
20:50:09.244,0,0.0,0,0,0,0,0,33,-886,8343234,30,214,-55614960
20:50:09.249,0,0.0,0,0,0,0,0,6,406,8343242,0,-1553,-55614968
20:50:09.254,0,0.0,0,0,0,0,0,-5,-223,8343238,-15,-978,-55614968
20:50:09.260,0,0.0,0,0,0,0,0,0,-1616,8343229,-7,851,-55614952
20:50:09.265,0,0.0,0,0,0,0,0,-2,219,8343241,-3,-346,-55614964
20:50:09.270,0,0.0,0,0,0,0,0,60,-434,8343238,39,-1540,-55614968
20:50:09.275,0,0.0,0,0,0,0,0,-2,258,8343242,-18,-1697,-55614968
20:50:09.280,0,0.0,0,0,0,0,0,-38,-356,8343238,-8,-1533,-55614968
20:50:09.285,0,0.0,0,0,0,0,0,3,405,8343242,4,434,-55614960
20:50:09.290,0,0.0,0,0,0,0,0,-2,1527,8343249,13,-207,-55614960
20:50:09.295,0,0.0,0,0,0,0,0,-42,850,8343234,7,807,-55614952
20:50:09.300,0,0.0,0,0,0,0,0,12,806,8343245,5,414,-55614960
20:50:09.305,0,0.0,0,0,0,0,0,-5,389,8343242,-2,461,-55614960
20:50:09.310,0,0.0,0,0,0,0,0,3,-882,8343234,12,-1503,-55614968
20:50:09.315,0,0.0,0,0,0,0,0,-17,251,8343242,-18,-1595,-55614968
20:50:09.320,0,0.0,0,0,0,0,0,6,-359,8343238,-13,802,-55614952
20:50:09.325,0,0.0,0,0,0,0,0,-26,-340,8343238,15,177,-55614960
20:50:09.331,0,0.0,0,0,0,0,0,-14,316,8343242,-6,-863,-55614968
20:50:09.336,0,0.0,0,0,0,0,0,-2,141,8343241,23,797,-55614952
20:50:09.341,0,0.0,0,0,0,0,0,-17,767,8343245,0,379,-55614960
20:50:09.346,0,0.0,0,0,0,0,0,-28,-496,8343238,-14,338,-55614960
20:50:09.351,0,0.0,0,0,0,0,0,-17,-1558,8343231,6,918,-55614952
20:50:09.356,0,0.0,0,0,0,0,0,12,-1074,8343233,-10,-1012,-55614968
20:50:09.361,0,0.0,0,0,0,0,0,21,-911,8343234,-2,-835,-55614968
20:50:09.366,0,0.0,0,0,0,0,0,9,383,8343242,-3,1022,-55614952
20:50:09.371,0,0.0,0,0,0,0,0,15,152,8343241,-23,91,-55614960
20:50:09.376,0,0.0,0,0,0,0,0,-2,-377,8343238,-25,461,-55614960
20:50:09.381,0,0.0,0,0,0,0,0,3,-1028,8343234,17,-1507,-55614968
20:50:09.386,0,0.0,0,0,0,0,0,3,-278,8343238,-13,-138,-55614960
20:50:09.391,0,0.0,0,0,0,0,0,0,356,8343242,23,908,-55614952
20:50:09.396,0,0.0,0,0,0,0,0,-26,798,8343245,3,230,-55614960
20:50:09.402,0,0.0,0,0,0,0,0,12,157,8343241,-27,401,-55614960
20:50:09.407,0,0.0,0,0,0,0,0,0,805,8343245,-8,-167,-55614960
20:50:09.412,0,0.0,0,0,0,0,0,-8,228,8343241,5,-740,-55614968
20:50:09.417,0,0.0,0,0,0,0,0,23,-2168,8343226,-2,-159,-55614960
20:50:09.422,0,0.0,0,0,0,0,0,-5,776,8343245,-19,-185,-55614960
20:50:09.427,0,0.0,0,0,0,0,0,-8,1562,8343250,39,1103,-55614952
20:50:09.432,0,0.0,0,0,0,0,0,-13,356,8343242,-11,1187,-55614952
20:50:09.437,0,0.0,0,0,0,0,0,-4,805,8343245,0,-86,-55614960
20:50:09.442,0,0.0,0,0,0,0,0,15,2115,8343254,2,556,-55614960
20:50:09.447,0,0.0,0,0,0,0,0,-8,418,8343242,25,-1249,-55614968
20:50:09.452,0,0.0,0,0,0,0,0,-8,-1091,8343233,-3,-791,-55614968
20:50:09.457,0,0.0,0,0,0,0,0,6,332,8343242,-13,456,-55614960
20:50:09.462,0,0.0,0,0,0,0,0,3,-459,8343238,-12,865,-55614952
20:50:09.467,0,0.0,0,0,0,0,0,-5,337,8343242,10,75,-55614960
20:50:09.472,0,0.0,0,0,0,0,0,15,200,8343241,10,856,-55614952
20:50:09.477,0,0.0,0,0,0,0,0,0,-315,8343238,-16,700,-55614952
20:50:09.482,0,0.0,0,0,0,0,0,12,2014,8343254,10,28,-55614960
20:50:09.487,0,0.0,0,0,0,0,0,-23,228,8343241,2,268,-55614960
20:50:09.493,0,0.0,0,0,0,0,0,9,107,8343241,6,168,-55614960
20:50:09.498,0,0.0,0,0,0,0,0,-2,291,8343242,11,107,-55614960
20:50:09.503,0,0.0,0,0,0,0,0,12,-1010,8343234,-8,96,-55614960
20:50:09.508,0,0.0,0,0,0,0,0,-8,289,8343242,12,197,-55614960
20:50:09.513,0,0.0,0,0,0,0,0,-38,325,8343242,3,595,-55614952
20:50:09.518,0,0.0,0,0,0,0,0,3,767,8343245,2,688,-55614952
20:50:09.523,0,0.0,0,0,0,0,0,-2,328,8343242,6,717,-55614952
20:50:09.528,0,0.0,0,0,0,0,0,18,-1047,8343233,-2,311,-55614960
20:50:09.533,0,0.0,0,0,0,0,0,12,343,8343242,14,261,-55614960
20:50:09.538,0,0.0,0,0,0,0,0,20,-1608,8343229,8,-1029,-55614968
20:50:09.543,0,0.0,0,0,0,0,0,-9,950,8343247,18,188,-55614960
20:50:09.548,0,0.0,0,0,0,0,0,0,333,8343242,7,-413,-55614964
20:50:09.553,0,0.0,0,0,0,0,0,6,-402,8343238,-2,200,-55614960
20:50:09.558,0,0.0,0,0,0,0,0,-14,-888,8343234,-11,842,-55614952
20:50:09.564,0,0.0,0,0,0,0,0,24,163,8343241,-16,-887,-55614968
20:50:09.569,0,0.0,0,0,0,0,0,3,191,8343241,11,197,-55614960
20:50:09.574,0,0.0,0,0,0,0,0,15,435,8343242,-5,340,-55614960
20:50:09.579,0,0.0,0,0,0,0,0,-14,2255,8343254,-2,845,-55614952
20:50:09.584,0,0.0,0,0,0,0,0,9,201,8343241,4,-1009,-55614968
20:50:09.589,0,0.0,0,0,0,0,0,22,2189,8343254,2,317,-55614960
20:50:09.594,0,0.0,0,0,0,0,0,21,1396,8343249,6,-941,-55614968
20:50:09.599,0,0.0,0,0,0,0,0,-2,142,8343241,-8,362,-55614960
20:50:09.604,0,0.0,0,0,0,0,0,3,358,8343242,2,726,-55614952
20:50:09.609,0,0.0,0,0,0,0,0,-8,278,8343242,4,-538,-55614964
20:50:09.614,0,0.0,0,0,0,0,0,-10,-505,8343238,2,273,-55614960
20:50:09.619,0,0.0,0,0,0,0,0,6,-380,8343238,-3,-1038,-55614968
20:50:09.624,0,0.0,0,0,0,0,0,-2,-1041,8343233,-7,-483,-55614964
20:50:09.629,0,0.0,0,0,0,0,0,-17,-1045,8343233,4,-330,-55614960
20:50:09.635,0,0.0,0,0,0,0,0,-23,314,8343242,25,-336,-55614964
20:50:09.640,0,0.0,0,0,0,0,0,18,299,8343242,30,-785,-55614968
20:50:09.645,0,0.0,0,0,0,0,0,18,217,8343241,-3,966,-55614952
20:50:09.650,0,0.0,0,0,0,0,0,-11,355,8343242,1,308,-55614960
20:50:09.655,0,0.0,0,0,0,0,0,-5,302,8343242,-11,865,-55614952
20:50:09.660,0,0.0,0,0,0,0,0,-2,-332,8343238,33,-347,-55614960
20:50:09.665,0,0.0,0,0,0,0,0,6,160,8343242,1,274,-55614960
20:50:09.670,0,0.0,0,0,0,0,0,-5,769,8343245,-16,-1142,-55614968
20:50:09.675,0,0.0,0,0,0,0,0,-8,-352,8343238,-3,348,-55614960
20:50:09.680,0,0.0,0,0,0,0,0,0,2706,8343257,-13,119,-55614960
20:50:09.685,0,0.0,0,0,0,0,0,12,249,8343241,-14,659,-55614952
20:50:09.690,0,0.0,0,0,0,0,0,-26,165,8343241,12,605,-55614952
20:50:09.695,0,0.0,0,0,0,0,0,6,-1660,8343229,1,618,-55614952
20:50:09.700,0,0.0,0,0,0,0,0,3,2723,8343257,15,708,-55614952
20:50:09.705,0,0.0,0,0,0,0,0,15,333,8343242,-3,-534,-55614964
20:50:09.710,0,0.0,0,0,0,0,0,3,-511,8343238,12,626,-55614952
20:50:09.716,0,0.0,0,0,0,0,0,-8,89,8343241,12,745,-55614952
20:50:09.716,0,0.0,0,0,0,0,0,6,-287,8343238,-4,144,-55614960
20:50:09.721,0,0.0,0,0,0,0,0,6,361,8343242,-6,-621,-55614964
20:50:09.726,0,0.0,0,0,0,0,0,3,803,8343245,35,680,-55614952
20:50:09.731,0,0.0,0,0,0,0,0,0,387,8343242,-3,-1551,-55614968
20:50:09.736,0,0.0,0,0,0,0,0,3,-304,8343238,-24,-1060,-55614960
20:50:09.741,0,0.0,0,0,0,0,0,-8,172,8343241,-20,142,-55614960
20:50:09.746,0,0.0,0,0,0,0,0,0,352,8343242,25,-1176,-55614968
20:50:09.751,0,0.0,0,0,0,0,0,-5,832,8343245,2,-1201,-55614968
20:50:09.757,0,0.0,0,0,0,0,0,6,1436,8343249,-5,225,-55614960
20:50:09.762,0,0.0,0,0,0,0,0,3,-291,8343238,-3,-1130,-55614968
20:50:09.767,0,0.0,0,0,0,0,0,15,347,8343242,-8,-1661,-55614968
20:50:09.772,0,0.0,0,0,0,0,0,18,-826,8343234,15,-1646,-55614968
20:50:09.778,0,0.0,0,0,0,0,0,-2,-172,8343238,10,679,-55614952
20:50:09.783,0,0.0,0,0,0,0,0,0,440,8343242,4,-1653,-55614968
20:50:09.788,0,0.0,0,0,0,0,0,9,375,8343242,8,214,-55614960
20:50:09.793,0,0.0,0,0,0,0,0,-29,993,8343247,-11,256,-55614960
20:50:09.798,0,0.0,0,0,0,0,0,-14,350,8343242,-6,90,-55614960
20:50:09.803,0,0.0,0,0,0,0,0,-17,359,8343242,-19,-1139,-55614968
20:50:09.808,0,0.0,0,0,0,0,0,-5,-257,8343238,-12,772,-55614952
20:50:09.813,0,0.0,0,0,0,0,0,6,339,8343242,35,-494,-55614964
20:50:09.818,0,0.0,0,0,0,0,0,18,-914,8343234,-24,-476,-55614964
20:50:09.823,0,0.0,0,0,0,0,0,-5,191,8343241,-16,415,-55614960
20:50:09.828,0,0.0,0,0,0,0,0,9,149,8343241,-9,-394,-55614964
20:50:09.833,0,0.0,0,0,0,0,0,6,-238,8343238,-10,417,-55614960
20:50:09.838,0,0.0,0,0,0,0,0,3,-964,8343233,-16,-2043,-55614972
20:50:09.843,0,0.0,0,0,0,0,0,0,-203,8343238,0,224,-55614960
20:50:09.848,0,0.0,0,0,0,0,0,6,385,8343242,29,873,-55614952
20:50:09.854,0,0.0,0,0,0,0,0,10,331,8343242,2,427,-55614960
20:50:09.859,0,0.0,0,0,0,0,0,12,349,8343242,-6,840,-55614952
20:50:09.864,0,0.0,0,0,0,0,0,-14,196,8343241,-12,833,-55614952
20:50:09.869,0,0.0,0,0,0,0,0,18,937,8343247,-21,390,-55614960
20:50:09.874,0,0.0,0,0,0,0,0,9,2247,8343254,1,408,-55614960
20:50:09.879,0,0.0,0,0,0,0,0,12,222,8343241,12,-1579,-55614968
20:50:09.884,0,0.0,0,0,0,0,0,0,189,8343241,12,313,-55614960
20:50:09.889,0,0.0,0,0,0,0,0,-8,-309,8343238,5,450,-55614960
20:50:09.894,0,0.0,0,0,0,0,0,39,-320,8343238,-6,328,-55614960
20:50:09.899,0,0.0,0,0,0,0,0,-57,-1069,8343233,-7,-300,-55614964
20:50:09.904,0,0.0,0,0,0,0,0,-40,-1728,8343229,17,-1462,-55614968
20:50:09.909,0,0.0,0,0,0,0,0,57,-534,8343238,-3,930,-55614952
20:50:09.914,0,0.0,0,0,0,0,0,3,-300,8343238,-3,-1479,-55614968
20:50:09.919,0,0.0,0,0,0,0,0,12,-1559,8343231,-16,341,-55614960
20:50:09.924,0,0.0,0,0,0,0,0,9,-345,8343238,12,348,-55614960
20:50:09.929,0,0.0,0,0,0,0,0,3,343,8343242,0,249,-55614960
20:50:09.935,0,0.0,0,0,0,0,0,-38,-471,8343238,2,-1060,-55614968
20:50:09.940,0,0.0,0,0,0,0,0,-2,175,8343241,-6,188,-55614960
20:50:09.945,0,0.0,0,0,0,0,0,-20,770,8343245,-19,212,-55614960
20:50:09.950,0,0.0,0,0,0,0,0,-9,1385,8343249,-10,-1483,-55614968
20:50:09.955,0,0.0,0,0,0,0,0,-2,1432,8343249,-16,892,-55614952
20:50:09.960,0,0.0,0,0,0,0,0,9,205,8343241,12,-940,-55614968
20:50:09.965,0,0.0,0,0,0,0,0,0,314,8343242,-16,426,-55614960
20:50:09.970,0,0.0,0,0,0,0,0,-5,178,8343241,2,295,-55614960
20:50:09.975,0,0.0,0,0,0,0,0,-5,338,8343242,18,-144,-55614960
20:50:09.980,0,0.0,0,0,0,0,0,-5,-881,8343234,24,249,-55614960
20:50:09.985,0,0.0,0,0,0,0,0,9,169,8343241,-24,835,-55614952
20:50:09.990,0,0.0,0,0,0,0,0,12,-265,8343238,-4,284,-55614960
20:50:09.995,0,0.0,0,0,0,0,0,-2,829,8343245,13,901,-55614952
20:50:10.000,0,0.0,0,0,0,0,0,3,830,8343245,-6,-1600,-55614968
20:50:10.006,0,0.0,0,0,0,0,0,18,355,8343242,4,-861,-55614968
20:50:10.011,0,0.0,0,0,0,0,0,-2,-895,8343234,-24,183,-55614960
20:50:10.016,0,0.0,0,0,0,0,0,-2,162,8343241,-8,213,-55614960
20:50:10.021,0,0.0,0,0,0,0,0,8,198,8343241,-13,-304,-55614960
20:50:10.026,0,0.0,0,0,0,0,0,3,319,8343242,1,-286,-55614960
20:50:10.031,0,0.0,0,0,0,0,0,-2,309,8343242,-3,-339,-55614964
20:50:10.036,0,0.0,0,0,0,0,0,-2,-367,8343238,4,218,-55614960
20:50:10.041,0,0.0,0,0,0,0,0,-20,396,8343242,-6,-248,-55614964
20:50:10.046,0,0.0,0,0,0,0,0,-8,408,8343242,-13,-1165,-55614968
20:50:10.051,0,0.0,0,0,0,0,0,6,-1055,8343233,7,-451,-55614968
20:50:10.056,0,0.0,0,0,0,0,0,-5,-903,8343234,18,634,-55614960
20:50:10.061,0,0.0,0,0,0,0,0,3,-1668,8343229,4,-94,-55614964
20:50:10.066,0,0.0,0,0,0,0,0,21,850,8343245,20,-117,-55614964
20:50:10.071,0,0.0,0,0,0,0,0,-11,765,8343245,26,567,-55614960
20:50:10.076,0,0.0,0,0,0,0,0,0,171,8343241,2,1265,-55614952
20:50:10.081,0,0.0,0,0,0,0,0,13,-493,8343238,-2,-1355,-55614968
20:50:10.086,0,0.0,0,0,0,0,0,6,379,8343242,-6,641,-55614960
20:50:10.091,0,0.0,0,0,0,0,0,9,-369,8343238,7,-1317,-55614968
20:50:10.097,0,0.0,0,0,0,0,0,0,316,8343242,4,-1400,-55614968
20:50:10.102,0,0.0,0,0,0,0,0,-41,167,8343241,-22,-185,-55614964
20:50:10.107,0,0.0,0,0,0,0,0,-2,197,8343241,10,-147,-55614960
20:50:10.112,0,0.0,0,0,0,0,0,67,-1558,8343231,7,-807,-55614968
20:50:10.117,0,0.0,0,0,0,0,0,-37,746,8343245,-19,-21,-55614960
20:50:10.122,0,0.0,0,0,0,0,0,-14,816,8343245,-4,602,-55614960
20:50:10.127,0,0.0,0,0,0,0,0,64,952,8343247,2,504,-55614960
20:50:10.132,0,0.0,0,0,0,0,0,-5,-371,8343238,2,388,-55614960
20:50:10.137,0,0.0,0,0,0,0,0,18,297,8343242,2,413,-55614960
20:50:10.142,0,0.0,0,0,0,0,0,12,35,8343241,2,573,-55614960
20:50:10.147,0,0.0,0,0,0,0,0,-23,-1093,8343233,12,-979,-55614968
20:50:10.152,0,0.0,0,0,0,0,0,-47,1597,8343250,-10,-862,-55614968
20:50:10.157,0,0.0,0,0,0,0,0,-5,168,8343242,0,-1854,-55614972
20:50:10.162,0,0.0,0,0,0,0,0,0,-1664,8343231,-6,554,-55614960
20:50:10.168,0,0.0,0,0,0,0,0,27,-313,8343238,1,110,-55614960
20:50:10.173,0,0.0,0,0,0,0,0,12,-1525,8343231,7,494,-55614960
20:50:10.178,0,0.0,0,0,0,0,0,24,377,8343242,23,-1263,-55614968
20:50:10.183,0,0.0,0,0,0,0,0,-32,967,8343247,13,464,-55614960
20:50:10.188,0,0.0,0,0,0,0,0,12,800,8343245,-21,618,-55614960
20:50:10.193,0,0.0,0,0,0,0,0,-8,317,8343242,7,362,-55614960
20:50:10.198,0,0.0,0,0,0,0,0,18,-343,8343238,-16,531,-55614960
20:50:10.204,0,0.0,0,0,0,0,0,12,796,8343245,13,780,-55614960
20:50:10.209,0,0.0,0,0,0,0,0,24,1613,8343250,-5,-983,-55614968
20:50:10.214,0,0.0,0,0,0,0,0,0,-1545,8343231,-2,-438,-55614968
20:50:10.219,0,0.0,0,0,0,0,0,4,809,8343245,10,1385,-55614952
20:50:10.224,0,0.0,0,0,0,0,0,9,342,8343242,10,-1088,-55614968
20:50:10.229,0,0.0,0,0,0,0,0,12,378,8343242,-6,1161,-55614952
20:50:10.234,0,0.0,0,0,0,0,0,3,136,8343241,-3,1226,-55614952
20:50:10.239,0,0.0,0,0,0,0,0,-8,1355,8343249,5,-503,-55614968
20:50:10.244,0,0.0,0,0,0,0,0,9,-341,8343238,-2,-1214,-55614968
20:50:10.250,0,0.0,0,0,0,0,0,36,896,8343247,1,-1148,-55614968
20:50:10.255,0,0.0,0,0,0,0,0,0,1466,8343249,-19,-504,-55614968
20:50:10.260,0,0.0,0,0,0,0,0,-5,402,8343242,10,1183,-55614952
20:50:10.265,0,0.0,0,0,0,0,0,12,396,8343242,-11,-52,-55614960
20:50:10.270,0,0.0,0,0,0,0,0,-14,-1038,8343233,4,399,-55614960
20:50:10.275,0,0.0,0,0,0,0,0,15,326,8343242,-18,-1423,-55614968
20:50:10.280,0,0.0,0,0,0,0,0,42,752,8343245,20,-761,-55614968
20:50:10.285,0,0.0,0,0,0,0,0,0,333,8343242,-11,631,-55614960
20:50:10.290,0,0.0,0,0,0,0,0,-2,259,8343241,16,487,-55614960
20:50:10.295,0,0.0,0,0,0,0,0,18,-2241,8343226,-2,-1837,-55614972
20:50:10.300,0,0.0,0,0,0,0,0,-14,165,8343241,-2,-1790,-55614972
20:50:10.305,0,0.0,0,0,0,0,0,3,124,8343241,1,-1065,-55614968
20:50:10.310,0,0.0,0,0,0,0,0,-26,285,8343242,-16,-55,-55614964
20:50:10.315,0,0.0,0,0,0,0,0,0,308,8343242,-14,-1258,-55614968
20:50:10.321,0,0.0,0,0,0,0,0,18,-351,8343238,2,-1783,-55614972
20:50:10.326,0,0.0,0,0,0,0,0,-14,695,8343245,10,-1203,-55614968
20:50:10.331,0,0.0,0,0,0,0,0,0,92,8343241,9,879,-55614960
20:50:10.336,0,0.0,0,0,0,0,0,6,-893,8343234,-19,-395,-55614968
20:50:10.341,0,0.0,0,0,0,0,0,-29,214,8343241,9,843,-55614960
20:50:10.346,0,0.0,0,0,0,0,0,0,-274,8343238,0,-1014,-55614968
20:50:10.351,0,0.0,0,0,0,0,0,-26,358,8343242,12,-481,-55614968
20:50:10.356,0,0.0,0,0,0,0,0,-47,-455,8343238,7,-319,-55614968
20:50:10.361,0,0.0,0,0,0,0,0,21,129,8343241,10,-876,-55614968
20:50:10.366,0,0.0,0,0,0,0,0,3,-323,8343238,14,911,-55614960
20:50:10.371,0,0.0,0,0,0,0,0,-27,747,8343245,-7,924,-55614960
20:50:10.376,0,0.0,0,0,0,0,0,-2,203,8343242,-31,479,-55614960
20:50:10.382,0,0.0,0,0,0,0,0,3,-485,8343238,10,275,-55614964
20:50:10.387,0,0.0,0,0,0,0,0,15,130,8343241,-25,171,-55614964
20:50:10.392,0,0.0,0,0,0,0,0,-35,-277,8343238,-16,-1095,-55614968
20:50:10.397,0,0.0,0,0,0,0,0,0,-319,8343238,-5,-384,-55614968
20:50:10.402,0,0.0,0,0,0,0,0,-14,353,8343242,12,1001,-55614960
20:50:10.407,0,0.0,0,0,0,0,0,-14,-1542,8343231,-23,-897,-55614968
20:50:10.412,0,0.0,0,0,0,0,0,-66,-1652,8343229,9,-1123,-55614968
20:50:10.417,0,0.0,0,0,0,0,0,-2,244,8343241,11,1289,-55614952
20:50:10.422,0,0.0,0,0,0,0,0,-15,727,8343245,2,209,-55614960
20:50:10.427,0,0.0,0,0,0,0,0,23,198,8343241,12,845,-55614960
20:50:10.432,0,0.0,0,0,0,0,0,0,1000,8343247,13,1410,-55614952
20:50:10.437,0,0.0,0,0,0,0,0,21,201,8343241,32,977,-55614960
20:50:10.442,0,0.0,0,0,0,0,0,12,1402,8343249,0,184,-55614964
20:50:10.447,0,0.0,0,0,0,0,0,57,267,8343241,16,-1037,-55614968
20:50:10.452,0,0.0,0,0,0,0,0,21,-370,8343238,9,-302,-55614968
20:50:10.457,0,0.0,0,0,0,0,0,-78,-1469,8343231,7,1486,-55614952
20:50:10.463,0,0.0,0,0,0,0,0,-2,1664,8343250,2,-848,-55614968
20:50:10.468,0,0.0,0,0,0,0,0,6,-270,8343238,-13,1436,-55614952
20:50:10.473,0,0.0,0,0,0,0,0,74,-916,8343234,42,927,-55614960
20:50:10.478,0,0.0,0,0,0,0,0,-8,-960,8343234,1,-438,-55614968
20:50:10.483,0,0.0,0,0,0,0,0,0,281,8343242,11,957,-55614960
20:50:10.488,0,0.0,0,0,0,0,0,-8,396,8343242,-2,-1555,-55614972
20:50:10.493,0,0.0,0,0,0,0,0,-11,238,8343241,-10,886,-55614960
20:50:10.498,0,0.0,0,0,0,0,0,6,-188,8343238,-6,-1453,-55614972
20:50:10.503,0,0.0,0,0,0,0,0,-11,384,8343242,14,873,-55614960
20:50:10.508,0,0.0,0,0,0,0,0,-8,422,8343242,-8,-884,-55614968
20:50:10.513,0,0.0,0,0,0,0,0,23,-1699,8343229,6,-1647,-55614972
20:50:10.518,0,0.0,0,0,0,0,0,0,170,8343241,1,-442,-55614968
20:50:10.523,0,0.0,0,0,0,0,0,-8,-422,8343238,-11,1321,-55614952
20:50:10.528,0,0.0,0,0,0,0,0,-8,2169,8343254,-11,-627,-55614968
20:50:10.533,0,0.0,0,0,0,0,0,0,77,8343241,-19,-1211,-55614968
20:50:10.538,0,0.0,0,0,0,0,0,-50,772,8343245,-9,95,-55614960
20:50:10.543,0,0.0,0,0,0,0,0,12,-355,8343238,-5,-1686,-55614972
20:50:10.549,0,0.0,0,0,0,0,0,6,90,8343241,12,255,-55614960
20:50:10.554,0,0.0,0,0,0,0,0,15,142,8343241,-11,-410,-55614968
20:50:10.559,0,0.0,0,0,0,0,0,-29,327,8343242,25,-1665,-55614972
20:50:10.564,0,0.0,0,0,0,0,0,-49,194,8343241,-21,-1176,-55614968
20:50:10.569,0,0.0,0,0,0,0,0,-27,365,8343242,34,692,-55614960
20:50:10.574,0,0.0,0,0,0,0,0,0,2270,8343254,-5,-1093,-55614968
20:50:10.579,0,0.0,0,0,0,0,0,-14,471,8343242,-18,-1527,-55614972
20:50:10.584,0,0.0,0,0,0,0,0,3,-1451,8343231,-16,879,-55614960
20:50:10.589,0,0.0,0,0,0,0,0,-2,212,8343241,18,66,-55614964
20:50:10.594,0,0.0,0,0,0,0,0,6,220,8343241,20,792,-55614960
20:50:10.599,0,0.0,0,0,0,0,0,12,363,8343242,48,90,-55614964
20:50:10.604,0,0.0,0,0,0,0,0,9,975,8343247,17,-1635,-55614972
20:50:10.609,0,0.0,0,0,0,0,0,-42,854,8343245,-19,1035,-55614960
20:50:10.614,0,0.0,0,0,0,0,0,3,-258,8343238,4,-1410,-55614972
20:50:10.619,0,0.0,0,0,0,0,0,-2,-403,8343238,6,886,-55614960
20:50:10.624,0,0.0,0,0,0,0,0,-2,455,8343242,1,996,-55614960
20:50:10.630,0,0.0,0,0,0,0,0,-5,858,8343245,-1,1092,-55614960
20:50:10.635,0,0.0,0,0,0,0,0,-17,1436,8343249,-3,928,-55614960
20:50:10.640,0,0.0,0,0,0,0,0,0,230,8343241,-11,1368,-55614952
20:50:10.645,0,0.0,0,0,0,0,0,3,-249,8343238,26,1243,-55614952
20:50:10.650,0,0.0,0,0,0,0,0,-11,158,8343241,8,-21,-55614964
20:50:10.655,0,0.0,0,0,0,0,0,-7,414,8343242,7,765,-55614960
20:50:10.660,0,0.0,0,0,0,0,0,18,379,8343242,-9,-58,-55614964
20:50:10.665,0,0.0,0,0,0,0,0,12,225,8343241,2,-1726,-55614972
20:50:10.670,0,0.0,0,0,0,0,0,-2,290,8343242,15,-473,-55614968
20:50:10.675,0,0.0,0,0,0,0,0,3,903,8343245,17,-508,-55614968
20:50:10.680,0,0.0,0,0,0,0,0,-5,1581,8343250,6,-1010,-55614968
20:50:10.686,0,0.0,0,0,0,0,0,-5,156,8343241,20,221,-55614960
20:50:10.691,0,0.0,0,0,0,0,0,-25,-1687,8343229,-11,-1120,-55614968
20:50:10.696,0,0.0,0,0,0,0,0,3,-969,8343233,12,903,-55614960
20:50:10.701,0,0.0,0,0,0,0,0,-5,459,8343242,-5,842,-55614960
20:50:10.706,0,0.0,0,0,0,0,0,2,873,8343245,-9,783,-55614960
20:50:10.711,0,0.0,0,0,0,0,0,55,-2131,8343226,12,28,-55614964
20:50:10.716,0,0.0,0,0,0,0,0,0,1007,8343247,43,-956,-55614968
20:50:10.721,0,0.0,0,0,0,0,0,9,-403,8343238,2,-1543,-55614972
20:50:10.726,0,0.0,0,0,0,0,0,3,170,8343241,7,1267,-55614952
20:50:10.731,0,0.0,0,0,0,0,0,-60,-1630,8343229,0,824,-55614960
20:50:10.737,0,0.0,0,0,0,0,0,2,856,8343245,1,1300,-55614952
20:50:10.742,0,0.0,0,0,0,0,0,9,-1057,8343233,-7,-1283,-55614968
20:50:10.747,0,0.0,0,0,0,0,0,0,1431,8343249,-3,182,-55614964
20:50:10.752,0,0.0,0,0,0,0,0,-11,157,8343241,-11,-1569,-55614972
20:50:10.757,0,0.0,0,0,0,0,0,3,747,8343245,10,-1616,-55614972
20:50:10.762,0,0.0,0,0,0,0,0,-44,190,8343241,5,-1035,-55614968
20:50:10.767,0,0.0,0,0,0,0,0,-38,-410,8343238,30,165,-55614960
20:50:10.772,0,0.0,0,0,0,0,0,-2,209,8343241,0,-470,-55614968
20:50:10.777,0,0.0,0,0,0,0,0,-23,302,8343242,2,690,-55614960
20:50:10.782,0,0.0,0,0,0,0,0,67,-1627,8343231,2,49,-55614964
20:50:10.787,0,0.0,0,0,0,0,0,15,-1126,8343233,3,1376,-55614952
20:50:10.792,0,0.0,0,0,0,0,0,9,707,8343245,9,-51,-55614964
20:50:10.797,0,0.0,0,0,0,0,0,0,-1116,8343233,4,-1379,-55614968
20:50:10.802,0,0.0,0,0,0,0,0,9,298,8343242,-6,1201,-55614952
20:50:10.807,0,0.0,0,0,0,0,0,8,-1612,8343231,22,781,-55614960
20:50:10.813,0,0.0,0,0,0,0,0,6,181,8343241,-3,16,-55614964
20:50:10.818,0,0.0,0,0,0,0,0,15,385,8343242,12,1202,-55614952
20:50:10.823,0,0.0,0,0,0,0,0,-5,187,8343241,-16,-629,-55614968
20:50:10.828,0,0.0,0,0,0,0,0,-8,-1040,8343233,-23,-1510,-55614972
20:50:10.833,0,0.0,0,0,0,0,0,-2,-936,8343234,-34,965,-55614960
20:50:10.838,0,0.0,0,0,0,0,0,18,1522,8343249,1,1459,-55614952
20:50:10.843,0,0.0,0,0,0,0,0,53,-924,8343234,-19,-830,-55614968
20:50:10.848,0,0.0,0,0,0,0,0,-26,407,8343242,0,823,-55614960
20:50:10.853,0,0.0,0,0,0,0,0,-5,839,8343245,7,-283,-55614968
20:50:10.858,0,0.0,0,0,0,0,0,73,275,8343241,4,-1565,-55614972
20:50:10.863,0,0.0,0,0,0,0,0,4,976,8343247,-11,-1182,-55614968
20:50:10.868,0,0.0,0,0,0,0,0,0,358,8343242,-10,-1034,-55614968
20:50:10.874,0,0.0,0,0,0,0,0,12,-1639,8343229,-2,-484,-55614968
20:50:10.879,0,0.0,0,0,0,0,0,0,-411,8343241,14,-464,-55614968
20:50:10.884,0,0.0,0,0,0,0,0,18,281,8343242,0,196,-55614964
20:50:10.889,0,0.0,0,0,0,0,0,15,-492,8343238,-13,-223,-55614968
20:50:10.894,0,0.0,0,0,0,0,0,3,-1729,8343229,-16,-1154,-55614968
20:50:10.899,0,0.0,0,0,0,0,0,-37,310,8343242,3,355,-55614960
20:50:10.904,0,0.0,0,0,0,0,0,-8,818,8343245,15,-266,-55614968
20:50:10.909,0,0.0,0,0,0,0,0,12,455,8343242,11,1470,-55614952
20:50:10.914,0,0.0,0,0,0,0,0,0,985,8343247,6,-1012,-55614968
20:50:10.919,0,0.0,0,0,0,0,0,9,117,8343241,6,996,-55614960
20:50:10.924,0,0.0,0,0,0,0,0,18,369,8343242,7,-1250,-55614968
20:50:10.930,0,0.0,0,0,0,0,0,-29,-401,8343238,-11,315,-55614960
20:50:10.935,0,0.0,0,0,0,0,0,-19,-249,8343238,48,730,-55614960
20:50:10.940,0,0.0,0,0,0,0,0,30,345,8343242,14,338,-55614960
20:50:10.945,0,0.0,0,0,0,0,0,-11,-276,8343238,-26,-915,-55614968
20:50:10.950,0,0.0,0,0,0,0,0,-2,-274,8343238,1,-1147,-55614952
20:50:10.955,0,0.0,0,0,0,0,0,-22,-1483,8343231,-14,132,-55614964
20:50:10.960,0,0.0,0,0,0,0,0,-16,424,8343242,0,-223,-55614968
20:50:10.965,0,0.0,0,0,0,0,0,15,210,8343241,-7,1444,-55614952
20:50:10.970,0,0.0,0,0,0,0,0,0,339,8343242,-13,-874,-55614968
20:50:10.975,0,0.0,0,0,0,0,0,9,274,8343242,-24,-1194,-55614968
20:50:10.980,0,0.0,0,0,0,0,0,3,1952,8343254,1,82,-55614964
20:50:10.985,0,0.0,0,0,0,0,0,-8,143,8343241,14,-981,-55614968
20:50:10.990,0,0.0,0,0,0,0,0,-38,-1053,8343233,0,790,-55614960
20:50:10.996,0,0.0,0,0,0,0,0,6,196,8343241,-19,1200,-55614952
20:50:11.001,0,0.0,0,0,0,0,0,6,-930,8343234,18,-1322,-55614968
20:50:11.006,0,0.0,0,0,0,0,0,24,269,8343242,10,-590,-55614968
20:50:11.011,0,0.0,0,0,0,0,0,-1,813,8343245,15,454,-55614960
20:50:11.016,0,0.0,0,0,0,0,0,0,-182,8343238,19,535,-55614960
20:50:11.021,0,0.0,0,0,0,0,0,3,2263,8343254,9,557,-55614960
20:50:11.026,0,0.0,0,0,0,0,0,15,-1079,8343233,-5,-1123,-55614968
20:50:11.031,0,0.0,0,0,0,0,0,12,776,8343245,-19,-436,-55614968
20:50:11.036,0,0.0,0,0,0,0,0,-8,322,8343242,-6,584,-55614968
20:50:11.041,0,0.0,0,0,0,0,0,23,299,8343242,17,575,-55614960
20:50:11.046,0,0.0,0,0,0,0,0,12,-320,8343238,-4,209,-55614960
20:50:11.051,0,0.0,0,0,0,0,0,27,360,8343242,6,738,-55614960
20:50:11.056,0,0.0,0,0,0,0,0,-26,728,8343245,10,79,-55614968
20:50:11.061,0,0.0,0,0,0,0,0,-20,250,8343242,31,-15,-55614964
20:50:11.066,0,0.0,0,0,0,0,0,20,938,8343247,10,-568,-55614968
20:50:11.071,0,0.0,0,0,0,0,0,-11,779,8343245,24,-1228,-55614968
20:50:11.077,0,0.0,0,0,0,0,0,15,926,8343247,4,-530,-55614968
20:50:11.082,0,0.0,0,0,0,0,0,-2,364,8343242,19,843,-55614960
20:50:11.087,0,0.0,0,0,0,0,0,6,-148,8343238,20,-475,-55614968
20:50:11.092,0,0.0,0,0,0,0,0,-8,146,8343241,-6,232,-55614960
20:50:11.097,0,0.0,0,0,0,0,0,-2,683,8343245,1,588,-55614960
20:50:11.102,0,0.0,0,0,0,0,0,36,810,8343245,17,735,-55614960
20:50:11.107,0,0.0,0,0,0,0,0,3,-331,8343238,2,-1301,-55614968
20:50:11.112,0,0.0,0,0,0,0,0,-26,429,8343242,1,-1668,-55614972
20:50:11.117,0,0.0,0,0,0,0,0,-58,-897,8343234,20,1269,-55614952
20:50:11.122,0,0.0,0,0,0,0,0,-2,330,8343242,-11,-1156,-55614968
20:50:11.127,0,0.0,0,0,0,0,0,-23,816,8343245,22,-1296,-55614968
20:50:11.132,0,0.0,0,0,0,0,0,-20,-515,8343238,17,-416,-55614968
20:50:11.137,0,0.0,0,0,0,0,0,-99,155,8343241,-13,781,-55614960
20:50:11.142,0,0.0,0,0,0,0,0,-39,734,8343245,0,-574,-55614968
20:50:11.148,0,0.0,0,0,0,0,0,9,349,8343242,-5,-1263,-55614968
20:50:11.153,0,0.0,0,0,0,0,0,9,-1017,8343233,14,65,-55614964
20:50:11.158,0,0.0,0,0,0,0,0,-8,871,8343245,1,-979,-55614968
20:50:11.163,0,0.0,0,0,0,0,0,21,-318,8343238,-3,1318,-55614952
20:50:11.168,0,0.0,0,0,0,0,0,12,-286,8343238,-6,-490,-55614968
20:50:11.173,0,0.0,0,0,0,0,0,0,-435,8343238,-2,917,-55614960
20:50:11.178,0,0.0,0,0,0,0,0,3,-1001,8343233,22,126,-55614964
20:50:11.183,0,0.0,0,0,0,0,0,3,420,8343242,-22,884,-55614960
20:50:11.188,0,0.0,0,0,0,0,0,6,257,8343242,-6,-642,-55614968
20:50:11.193,0,0.0,0,0,0,0,0,6,-352,8343238,-9,2361,-55614948
20:50:11.198,0,0.0,0,0,0,0,0,18,62,8343241,-13,612,-55614960
20:50:11.203,0,0.0,0,0,0,0,0,9,120,8343241,-6,-109,-55614964
20:50:11.208,0,0.0,0,0,0,0,0,-11,-359,8343238,-11,-1779,-55614972
20:50:11.214,0,0.0,0,0,0,0,0,-14,154,8343241,-3,-1788,-55614972
20:50:11.219,0,0.0,0,0,0,0,0,6,136,8343241,-2,-1634,-55614972
20:50:11.224,0,0.0,0,0,0,0,0,21,173,8343241,41,-1119,-55614968
20:50:11.229,0,0.0,0,0,0,0,0,9,137,8343241,-15,-132,-55614964
20:50:11.234,0,0.0,0,0,0,0,0,0,373,8343242,-5,708,-55614960
20:50:11.239,0,0.0,0,0,0,0,0,21,355,8343242,-13,580,-55614960
20:50:11.244,0,0.0,0,0,0,0,0,-23,352,8343242,30,-1400,-55614968
20:50:11.249,0,0.0,0,0,0,0,0,18,314,8343242,5,392,-55614960
20:50:11.254,0,0.0,0,0,0,0,0,6,830,8343245,-11,-1449,-55614952
20:50:11.259,0,0.0,0,0,0,0,0,3,330,8343242,8,1206,-55614952
20:50:11.264,0,0.0,0,0,0,0,0,-5,-331,8343238,0,1200,-55614952
20:50:11.269,0,0.0,0,0,0,0,0,-6,-1161,8343233,9,-1310,-55614968
20:50:11.274,0,0.0,0,0,0,0,0,12,-1548,8343231,-24,-538,-55614968
20:50:11.279,0,0.0,0,0,0,0,0,3,-1529,8343231,28,42,-55614960
20:50:11.285,0,0.0,0,0,0,0,0,-14,-1065,8343233,-22,491,-55614960
20:50:11.290,0,0.0,0,0,0,0,0,-2,188,8343241,22,738,-55614960
20:50:11.295,0,0.0,0,0,0,0,0,-5,500,8343242,0,12,-55614960
20:50:11.300,0,0.0,0,0,0,0,0,-5,253,8343241,16,617,-55614960
20:50:11.305,0,0.0,0,0,0,0,0,6,-299,8343250,-5,-749,-55614968
20:50:11.310,0,0.0,0,0,0,0,0,-31,-1472,8343231,17,524,-55614960
20:50:11.315,0,0.0,0,0,0,0,0,-6,317,8343242,-3,439,-55614960
20:50:11.320,0,0.0,0,0,0,0,0,-11,-944,8343234,23,537,-55614960
20:50:11.325,0,0.0,0,0,0,0,0,9,302,8343242,-1,971,-55614952
20:50:11.330,0,0.0,0,0,0,0,0,-14,967,8343247,6,-1498,-55614968
20:50:11.335,0,0.0,0,0,0,0,0,27,895,8343247,-34,478,-55614960
20:50:11.340,0,0.0,0,0,0,0,0,-2,-342,8343238,-2,-1301,-55614960
20:50:11.345,0,0.0,0,0,0,0,0,-29,-954,8343234,-15,488,-55614960
20:50:11.350,0,0.0,0,0,0,0,0,3,-971,8343234,0,832,-55614952
20:50:11.356,0,0.0,0,0,0,0,0,21,-1097,8343233,17,-733,-55614968
20:50:11.361,0,0.0,0,0,0,0,0,28,-1206,8343233,-27,477,-55614960
20:50:11.366,0,0.0,0,0,0,0,0,9,-387,8343238,-17,-258,-55614964
20:50:11.371,0,0.0,0,0,0,0,0,12,-555,8343238,14,1101,-55614952
20:50:11.376,0,0.0,0,0,0,0,0,-8,214,8343241,7,-1401,-55614968
20:50:11.381,0,0.0,0,0,0,0,0,0,-1497,8343231,16,901,-55614952
20:50:11.386,0,0.0,0,0,0,0,0,6,-443,8343241,-15,-1372,-55614968
20:50:11.391,0,0.0,0,0,0,0,0,0,946,8343247,-10,35,-55614960
20:50:11.396,0,0.0,0,0,0,0,0,0,-379,8343238,-19,573,-55614960
20:50:11.402,0,0.0,0,0,0,0,0,18,853,8343245,-1,673,-55614960
20:50:11.407,0,0.0,0,0,0,0,0,20,-1695,8343229,1,1153,-55614952
20:50:11.412,0,0.0,0,0,0,0,0,21,310,8343242,17,-852,-55614968
20:50:11.417,0,0.0,0,0,0,0,0,-8,-1698,8343229,-13,582,-55614960
20:50:11.422,0,0.0,0,0,0,0,0,12,-1001,8343233,2,-1483,-55614968
20:50:11.427,0,0.0,0,0,0,0,0,-11,-256,8343238,17,-859,-55614968
20:50:11.432,0,0.0,0,0,0,0,0,-42,344,8343242,-29,497,-55614960
20:50:11.437,0,0.0,0,0,0,0,0,-5,-944,8343234,-21,483,-55614960
20:50:11.442,0,0.0,0,0,0,0,0,3,811,8343245,-11,732,-55614952
20:50:11.447,0,0.0,0,0,0,0,0,3,273,8343241,12,-276,-55614964
20:50:11.452,0,0.0,0,0,0,0,0,6,225,8343241,-10,920,-55614952
20:50:11.457,0,0.0,0,0,0,0,0,-5,193,8343242,-13,941,-55614952
20:50:11.462,0,0.0,0,0,0,0,0,-23,300,8343242,9,-1447,-55614968
20:50:11.467,0,0.0,0,0,0,0,0,-7,819,8343245,-4,893,-55614952
20:50:11.473,0,0.0,0,0,0,0,0,0,-1042,8343233,-11,-1401,-55614968
20:50:11.478,0,0.0,0,0,0,0,0,3,408,8343242,7,-1039,-55614968
20:50:11.488,0,0.0,0,0,0,0,0,12,825,8343245,2,311,-55614960
20:50:11.493,0,0.0,0,0,0,0,0,3,-1088,8343233,-21,826,-55614952
20:50:11.498,0,0.0,0,0,0,0,0,30,836,8343245,-8,-311,-55614960
20:50:11.503,0,0.0,0,0,0,0,0,3,-2314,8343242,-11,925,-55614952
20:50:11.508,0,0.0,0,0,0,0,0,-17,295,8343242,-2,-886,-55614968
20:50:11.513,0,0.0,0,0,0,0,0,-8,-338,8343238,-6,847,-55614952
20:50:11.518,0,0.0,0,0,0,0,0,-2,-356,8343238,-9,359,-55614960
20:50:11.523,0,0.0,0,0,0,0,0,56,-1676,8343229,0,436,-55614960
20:50:11.528,0,0.0,0,0,0,0,0,-5,209,8343241,-17,342,-55614960
20:50:11.533,0,0.0,0,0,0,0,0,-23,-269,8343238,-18,-1142,-55614968
20:50:11.538,0,0.0,0,0,0,0,0,9,300,8343242,4,782,-55614952
20:50:11.543,0,0.0,0,0,0,0,0,-11,238,8343242,28,392,-55614960
20:50:11.548,0,0.0,0,0,0,0,0,-11,-2263,8343226,-8,302,-55614960
20:50:11.553,0,0.0,0,0,0,0,0,-17,-573,8343238,29,-423,-55614964
20:50:11.559,0,0.0,0,0,0,0,0,9,324,8343242,0,357,-55614960
20:50:11.564,0,0.0,0,0,0,0,0,3,64,8343241,26,-808,-55614968
20:50:11.569,0,0.0,0,0,0,0,0,15,289,8343242,-17,280,-55614960
20:50:11.574,0,0.0,0,0,0,0,0,51,-927,8343234,-3,276,-55614960
20:50:11.579,0,0.0,0,0,0,0,0,-8,-454,8343238,-3,336,-55614960
20:50:11.584,0,0.0,0,0,0,0,0,1,-1051,8343233,1,-1592,-55614968
20:50:11.589,0,0.0,0,0,0,0,0,-14,254,8343242,-8,341,-55614960
20:50:11.594,0,0.0,0,0,0,0,0,3,186,8343241,2,716,-55614952
20:50:11.599,0,0.0,0,0,0,0,0,3,233,8343241,-3,109,-55614960
20:50:11.604,0,0.0,0,0,0,0,0,3,1512,8343250,17,169,-55614960
20:50:11.609,0,0.0,0,0,0,0,0,0,342,8343242,12,325,-55614960
20:50:11.614,0,0.0,0,0,0,0,0,-19,-276,8343238,1,-277,-55614960
20:50:11.619,0,0.0,0,0,0,0,0,-26,297,8343242,10,-283,-55614960
20:50:11.624,0,0.0,0,0,0,0,0,23,330,8343242,11,283,-55614960
20:50:11.629,0,0.0,0,0,0,0,0,0,-1703,8343229,10,955,-55614952
20:50:11.634,0,0.0,0,0,0,0,0,0,-388,8343238,4,911,-55614952
20:50:11.640,0,0.0,0,0,0,0,0,-43,-294,8343238,7,-470,-55614964
20:50:11.645,0,0.0,0,0,0,0,0,0,296,8343242,18,276,-55614960
20:50:11.650,0,0.0,0,0,0,0,0,-5,-447,8343238,19,-308,-55614960
20:50:11.655,0,0.0,0,0,0,0,0,15,949,8343247,13,416,-55614960
20:50:11.660,0,0.0,0,0,0,0,0,3,-947,8343234,-19,900,-55614952
20:50:11.665,0,0.0,0,0,0,0,0,-29,-435,8343238,-11,-338,-55614964
20:50:11.670,0,0.0,0,0,0,0,0,-5,749,8343245,24,874,-55614952
20:50:11.675,0,0.0,0,0,0,0,0,-26,-941,8343234,23,521,-55614960
20:50:11.680,0,0.0,0,0,0,0,0,38,268,8343242,-6,-1374,-55614968
20:50:11.685,0,0.0,0,0,0,0,0,-2,-470,8343238,-23,491,-55614960
20:50:11.690,0,0.0,0,0,0,0,0,-30,1572,8343250,-8,-238,-55614964
20:50:11.695,0,0.0,0,0,0,0,0,12,-476,8343238,-3,525,-55614960
20:50:11.700,0,0.0,0,0,0,0,0,-8,1425,8343249,-23,-1359,-55614968
20:50:11.705,0,0.0,0,0,0,0,0,3,-453,8343238,-13,347,-55614960
20:50:11.710,0,0.0,0,0,0,0,0,0,180,8343241,-15,-350,-55614964
20:50:11.715,0,0.0,0,0,0,0,0,-14,137,8343241,-6,801,-55614952
20:50:11.721,0,0.0,0,0,0,0,0,-23,-310,8343238,-6,246,-55614960
20:50:11.726,0,0.0,0,0,0,0,0,-2,-447,8343238,13,937,-55614952
20:50:11.731,0,0.0,0,0,0,0,0,3,-2094,8343226,-16,-222,-55614960
20:50:11.736,0,0.0,0,0,0,0,0,15,335,8343242,-3,971,-55614952
20:50:11.741,0,0.0,0,0,0,0,0,-45,-1136,8343233,0,-1973,-55614972
20:50:11.746,0,0.0,0,0,0,0,0,42,-942,8343234,33,956,-55614952
20:50:11.751,0,0.0,0,0,0,0,0,-8,781,8343245,-12,409,-55614960
20:50:11.756,0,0.0,0,0,0,0,0,-9,174,8343241,2,-1509,-55614968
20:50:11.761,0,0.0,0,0,0,0,0,6,965,8343247,4,376,-55614960
20:50:11.766,0,0.0,0,0,0,0,0,1,-896,8343234,21,463,-55614960
20:50:11.771,0,0.0,0,0,0,0,0,-5,-391,8343238,25,1118,-55614952
20:50:11.776,0,0.0,0,0,0,0,0,-11,162,8343241,1,493,-55614960
20:50:11.781,0,0.0,0,0,0,0,0,-6,297,8343242,-20,299,-55614960
20:50:11.786,0,0.0,0,0,0,0,0,-5,-2163,8343226,-11,508,-55614960
20:50:11.791,0,0.0,0,0,0,0,0,3,-279,8343238,7,-152,-55614960
20:50:11.796,0,0.0,0,0,0,0,0,3,358,8343242,-26,-250,-55614964
20:50:11.801,0,0.0,0,0,0,0,0,0,242,8343241,-10,-1414,-55614968
20:50:11.807,0,0.0,0,0,0,0,0,0,-369,8343238,15,407,-55614960
20:50:11.812,0,0.0,0,0,0,0,0,3,826,8343245,-11,371,-55614960
20:50:11.817,0,0.0,0,0,0,0,0,-8,-245,8343238,-19,-2053,-55614972
20:50:11.822,0,0.0,0,0,0,0,0,6,2068,8343254,4,-361,-55614964
20:50:11.827,0,0.0,0,0,0,0,0,-5,287,8343242,4,-1596,-55614968
20:50:11.832,0,0.0,0,0,0,0,0,-2,-425,8343238,-6,980,-55614952
20:50:11.837,0,0.0,0,0,0,0,0,0,-1495,8343231,-17,611,-55614960
20:50:11.842,0,0.0,0,0,0,0,0,6,-370,8343238,23,737,-55614960
20:50:11.847,0,0.0,0,0,0,0,0,9,-454,8343238,7,-1346,-55614968
20:50:11.852,0,0.0,0,0,0,0,0,6,-288,8343238,15,18,-55614960
20:50:11.857,0,0.0,0,0,0,0,0,-37,-2080,8343226,9,426,-55614960
20:50:11.862,0,0.0,0,0,0,0,0,-23,379,8343242,4,-823,-55614968
20:50:11.867,0,0.0,0,0,0,0,0,-2,-245,8343238,-16,1109,-55614952
20:50:11.872,0,0.0,0,0,0,0,0,0,-389,8343238,-18,-855,-55614968
20:50:11.877,0,0.0,0,0,0,0,0,-11,-254,8343238,-3,588,-55614960
20:50:11.882,0,0.0,0,0,0,0,0,-17,761,8343245,15,1067,-55614952
20:50:11.888,0,0.0,0,0,0,0,0,-24,762,8343245,-14,584,-55614960
20:50:11.893,0,0.0,0,0,0,0,0,3,794,8343245,1,502,-55614960
20:50:11.898,0,0.0,0,0,0,0,0,0,-515,8343238,-13,1033,-55614952
20:50:11.903,0,0.0,0,0,0,0,0,66,-465,8343238,16,960,-55614952
20:50:11.908,0,0.0,0,0,0,0,0,9,-1077,8343233,2,-1246,-55614968
20:50:11.913,0,0.0,0,0,0,0,0,11,170,8343241,9,20,-55614960
20:50:11.918,0,0.0,0,0,0,0,0,12,402,8343242,-5,584,-55614960
20:50:11.923,0,0.0,0,0,0,0,0,-35,121,8343241,3,545,-55614960
20:50:11.928,0,0.0,0,0,0,0,0,29,-1492,8343231,-1,1246,-55614952
20:50:11.933,0,0.0,0,0,0,0,0,70,343,8343242,-33,1036,-55614952
20:50:11.938,0,0.0,0,0,0,0,0,-5,216,8343241,-16,72,-55614960
20:50:11.943,0,0.0,0,0,0,0,0,-20,466,8343242,5,-676,-55614968
20:50:11.948,0,0.0,0,0,0,0,0,18,828,8343245,-2,-296,-55614964
20:50:11.953,0,0.0,0,0,0,0,0,0,338,8343242,-9,526,-55614960
20:50:11.958,0,0.0,0,0,0,0,0,-25,127,8343241,-18,-1020,-55614968
20:50:11.964,0,0.0,0,0,0,0,0,15,364,8343242,18,-893,-55614968
20:50:11.969,0,0.0,0,0,0,0,0,-34,-1595,8343229,-8,495,-55614960
20:50:11.974,0,0.0,0,0,0,0,0,12,271,8343241,-7,452,-55614960
20:50:11.979,0,0.0,0,0,0,0,0,70,-1698,8343229,28,-1597,-55614968
20:50:11.984,0,0.0,0,0,0,0,0,12,313,8343242,14,-295,-55614964
20:50:11.989,0,0.0,0,0,0,0,0,12,198,8343241,-1,886,-55614952
20:50:11.994,0,0.0,0,0,0,0,0,-2,-1112,8343233,-9,2060,-55614948
20:50:11.999,0,0.0,0,0,0,0,0,-47,-992,8343233,0,-1898,-55614972
20:50:12.004,0,0.0,0,0,0,0,0,-2,770,8343245,12,-1323,-55614968
20:50:12.014,0,0.0,0,0,0,0,0,-2,293,8343241,-8,528,-55614960
20:50:12.019,0,0.0,0,0,0,0,0,15,-444,8343238,-5,186,-55614960
20:50:12.024,0,0.0,0,0,0,0,0,15,193,8343241,-10,-648,-55614968
20:50:12.029,0,0.0,0,0,0,0,0,6,-1544,8343231,2,141,-55614960
20:50:12.034,0,0.0,0,0,0,0,0,0,138,8343241,-3,-61,-55614964
20:50:12.040,0,0.0,0,0,0,0,0,24,392,8343242,15,501,-55614960
20:50:12.045,0,0.0,0,0,0,0,0,-2,-250,8343238,-29,-1317,-55614968
20:50:12.050,0,0.0,0,0,0,0,0,3,225,8343241,15,496,-55614960
20:50:12.055,0,0.0,0,0,0,0,0,3,-273,8343238,14,450,-55614960
20:50:12.060,0,0.0,0,0,0,0,0,0,-480,8343238,-7,1106,-55614952
20:50:12.065,0,0.0,0,0,0,0,0,-5,805,8343245,1,571,-55614960
20:50:12.070,0,0.0,0,0,0,0,0,24,974,8343247,25,30,-55614960
20:50:12.075,0,0.0,0,0,0,0,0,53,326,8343242,18,-60,-55614960
20:50:12.080,0,0.0,0,0,0,0,0,20,400,8343242,7,472,-55614960
20:50:12.085,0,0.0,0,0,0,0,0,0,261,8343241,21,1058,-55614952
20:50:12.090,0,0.0,0,0,0,0,0,-32,-845,8343234,10,585,-55614960
20:50:12.095,0,0.0,0,0,0,0,0,-2,423,8343242,10,-630,-55614968
20:50:12.100,0,0.0,0,0,0,0,0,15,461,8343242,-15,-203,-55614964
20:50:12.105,0,0.0,0,0,0,0,0,0,-398,8343238,0,-1415,-55614968
20:50:12.110,0,0.0,0,0,0,0,0,18,388,8343242,0,-1451,-55614968
20:50:12.115,0,0.0,0,0,0,0,0,21,225,8343241,-6,974,-55614952
20:50:12.121,0,0.0,0,0,0,0,0,-8,-398,8343238,11,-206,-55614964
20:50:12.126,0,0.0,0,0,0,0,0,0,-228,8343238,-8,523,-55614960
20:50:12.131,0,0.0,0,0,0,0,0,0,2035,8343254,-9,336,-55614960
20:50:12.136,0,0.0,0,0,0,0,0,26,-1505,8343231,-8,-642,-55614968
20:50:12.141,0,0.0,0,0,0,0,0,-2,202,8343241,-8,-805,-55614968
20:50:12.146,0,0.0,0,0,0,0,0,18,254,8343241,3,516,-55614960
20:50:12.151,0,0.0,0,0,0,0,0,-8,219,8343241,20,452,-55614960
20:50:12.156,0,0.0,0,0,0,0,0,9,340,8343242,6,-341,-55614964
20:50:12.156,0,0.0,0,0,0,0,0,0,-280,8343238,-5,460,-55614960
20:50:12.161,0,0.0,0,0,0,0,0,12,-2177,8343226,11,-339,-55614964
20:50:12.166,0,0.0,0,0,0,0,0,-20,133,8343241,7,979,-55614952
20:50:12.171,0,0.0,0,0,0,0,0,6,48,8343241,5,562,-55614960
20:50:12.176,0,0.0,0,0,0,0,0,44,-1526,8343231,-3,-611,-55614968
20:50:12.181,0,0.0,0,0,0,0,0,12,226,8343241,25,-168,-55614964
20:50:12.186,0,0.0,0,0,0,0,0,12,-238,8343238,-6,-748,-55614968
20:50:12.191,0,0.0,0,0,0,0,0,30,332,8343242,-21,-1331,-55614968
20:50:12.196,0,0.0,0,0,0,0,0,9,186,8343241,12,1140,-55614952
20:50:12.202,0,0.0,0,0,0,0,0,-11,2029,8343254,27,0,-55614960
20:50:12.207,0,0.0,0,0,0,0,0,-2,-368,8343238,-27,327,-55614960
20:50:12.212,0,0.0,0,0,0,0,0,0,-325,8343238,1,944,-55614952
20:50:12.217,0,0.0,0,0,0,0,0,39,-506,8343238,-1,917,-55614952
20:50:12.222,0,0.0,0,0,0,0,0,36,-345,8343238,-14,418,-55614960
20:50:12.227,0,0.0,0,0,0,0,0,43,696,8343245,7,-1330,-55614968
20:50:12.232,0,0.0,0,0,0,0,0,3,-944,8343234,-18,-633,-55614968
20:50:12.237,0,0.0,0,0,0,0,0,24,-337,8343238,17,921,-55614952
20:50:12.242,0,0.0,0,0,0,0,0,6,711,8343245,-15,260,-55614960
20:50:12.247,0,0.0,0,0,0,0,0,17,344,8343242,12,323,-55614960
20:50:12.252,0,0.0,0,0,0,0,0,15,-1480,8343231,7,-827,-55614968
20:50:12.257,0,0.0,0,0,0,0,0,-2,433,8343242,1,295,-55614960
20:50:12.262,0,0.0,0,0,0,0,0,-63,-1407,8343231,1,-1902,-55614972
20:50:12.267,0,0.0,0,0,0,0,0,-14,426,8343242,-11,693,-55614960
20:50:12.272,0,0.0,0,0,0,0,0,-8,357,8343242,14,1100,-55614952
20:50:12.277,0,0.0,0,0,0,0,0,-2,-2141,8343226,11,-1267,-55614968
20:50:12.282,0,0.0,0,0,0,0,0,-5,-1567,8343231,-12,975,-55614952
20:50:12.287,0,0.0,0,0,0,0,0,-8,154,8343241,22,-1289,-55614968
20:50:12.292,0,0.0,0,0,0,0,0,-55,-906,8343234,15,1182,-55614952
20:50:12.298,0,0.0,0,0,0,0,0,-35,-484,8343238,5,1099,-55614952
20:50:12.303,0,0.0,0,0,0,0,0,5,438,8343242,-13,403,-55614960
20:50:12.308,0,0.0,0,0,0,0,0,-17,186,8343241,-11,336,-55614960
20:50:12.313,0,0.0,0,0,0,0,0,-32,-831,8343234,-3,-693,-55614968
20:50:12.318,0,0.0,0,0,0,0,0,6,-821,8343234,-15,-1452,-55614968
20:50:12.323,0,0.0,0,0,0,0,0,-2,295,8343233,-6,-185,-55614964
20:50:12.328,0,0.0,0,0,0,0,0,18,327,8343242,20,-98,-55614960
20:50:12.333,0,0.0,0,0,0,0,0,0,-906,8343234,-9,-227,-55614960
20:50:12.338,0,0.0,0,0,0,0,0,37,1581,8343250,-2,-209,-55614960
20:50:12.343,0,0.0,0,0,0,0,0,0,409,8343242,4,-7,-55614960
20:50:12.348,0,0.0,0,0,0,0,0,6,360,8343242,9,-1274,-55614968
20:50:12.358,0,0.0,0,0,0,0,0,-38,-273,8343238,-10,-665,-55614968
20:50:12.363,0,0.0,0,0,0,0,0,3,145,8343241,-3,-456,-55614964
20:50:12.368,0,0.0,0,0,0,0,0,-2,312,8343242,0,360,-55614960
20:50:12.373,0,0.0,0,0,0,0,0,-22,-2389,8343226,-16,311,-55614960
20:50:12.378,0,0.0,0,0,0,0,0,-32,-483,8343238,0,176,-55614960
20:50:12.378,0,0.0,0,0,0,0,0,3,-1105,8343233,15,-2371,-55614972
20:50:12.383,0,0.0,0,0,0,0,0,9,196,8343241,28,30,-55614960
20:50:12.389,0,0.0,0,0,0,0,0,-2,193,8343241,29,773,-55614952
20:50:12.394,0,0.0,0,0,0,0,0,3,-1591,8343229,-15,228,-55614960
20:50:12.399,0,0.0,0,0,0,0,0,12,258,8343245,-16,37,-55614960
20:50:12.404,0,0.0,0,0,0,0,0,15,-920,8343234,-17,959,-55614952
20:50:12.409,0,0.0,0,0,0,0,0,6,191,8343241,-11,772,-55614952
20:50:12.414,0,0.0,0,0,0,0,0,-11,191,8343241,-8,-287,-55614960
20:50:12.419,0,0.0,0,0,0,0,0,-44,259,8343241,0,311,-55614960
20:50:12.424,0,0.0,0,0,0,0,0,0,434,8343242,17,-1529,-55614968
20:50:12.429,0,0.0,0,0,0,0,0,-23,-205,8343238,17,-338,-55614964
20:50:12.434,0,0.0,0,0,0,0,0,6,852,8343245,0,833,-55614952
20:50:12.439,0,0.0,0,0,0,0,0,3,-285,8343238,-6,871,-55614952
20:50:12.444,0,0.0,0,0,0,0,0,-27,245,8343241,-6,375,-55614960
20:50:12.449,0,0.0,0,0,0,0,0,-17,159,8343241,0,412,-55614960
20:50:12.454,0,0.0,0,0,0,0,0,54,298,8343242,0,321,-55614960
20:50:12.459,0,0.0,0,0,0,0,0,-8,268,8343242,-7,809,-55614952
20:50:12.464,0,0.0,0,0,0,0,0,15,-535,8343238,18,874,-55614952
20:50:12.469,0,0.0,0,0,0,0,0,3,-1572,8343231,-3,467,-55614960
20:50:12.474,0,0.0,0,0,0,0,0,-8,223,8343241,7,-2044,-55614972
20:50:12.480,0,0.0,0,0,0,0,0,-54,-1667,8343229,13,983,-55614952
20:50:12.485,0,0.0,0,0,0,0,0,-2,1059,8343247,7,280,-55614960
20:50:12.490,0,0.0,0,0,0,0,0,36,384,8343242,-6,-210,-55614964
20:50:12.495,0,0.0,0,0,0,0,0,-4,796,8343245,-15,-1428,-55614968
20:50:12.500,0,0.0,0,0,0,0,0,-8,210,8343241,12,-1441,-55614968
20:50:12.505,0,0.0,0,0,0,0,0,15,-378,8343238,3,469,-55614960
20:50:12.510,0,0.0,0,0,0,0,0,-20,325,8343242,10,335,-55614960
20:50:12.520,0,0.0,0,0,0,0,0,3,244,8343242,12,479,-55614960
20:50:12.525,0,0.0,0,0,0,0,0,-35,-501,8343238,19,983,-55614952
20:50:12.530,0,0.0,0,0,0,0,0,6,342,8343242,-16,659,-55614960
20:50:12.535,0,0.0,0,0,0,0,0,9,-873,8343234,4,1283,-55614952
20:50:12.540,0,0.0,0,0,0,0,0,0,338,8343242,7,1626,-55614952
20:50:12.540,0,0.0,0,0,0,0,0,9,971,8343247,-20,904,-55614960
20:50:12.545,0,0.0,0,0,0,0,0,12,311,8343242,-1,1142,-55614960
20:50:12.550,0,0.0,0,0,0,0,0,3,343,8343242,1,1431,-55614952
20:50:12.555,0,0.0,0,0,0,0,0,-20,373,8343242,1,-1187,-55614968
20:50:12.560,0,0.0,0,0,0,0,0,72,-887,8343234,5,-985,-55614968
20:50:12.565,0,0.0,0,0,0,0,0,-2,246,8343242,11,1417,-55614952
20:50:12.571,0,0.0,0,0,0,0,0,15,-291,8343238,16,789,-55614960
20:50:12.576,0,0.0,0,0,0,0,0,-23,329,8343242,30,752,-55614960
20:50:12.581,0,0.0,0,0,0,0,0,12,255,8343242,-23,-1799,-55614972
20:50:12.586,0,0.0,0,0,0,0,0,73,279,8343242,2,674,-55614960
20:50:12.591,0,0.0,0,0,0,0,0,-2,319,8343242,-20,551,-55614960
20:50:12.596,0,0.0,0,0,0,0,0,-2,-268,8343238,-5,-666,-55614968
20:50:12.601,0,0.0,0,0,0,0,0,-8,141,8343241,0,1261,-55614952
20:50:12.606,0,0.0,0,0,0,0,0,-8,160,8343241,-8,22,-55614964
20:50:12.611,0,0.0,0,0,0,0,0,-2,2786,8343259,-21,-1614,-55614972
20:50:12.616,0,0.0,0,0,0,0,0,3,764,8343245,-9,514,-55614960
20:50:12.621,0,0.0,0,0,0,0,0,18,191,8343241,7,-252,-55614964
20:50:12.626,0,0.0,0,0,0,0,0,-11,359,8343242,-7,-110,-55614960
20:50:12.631,0,0.0,0,0,0,0,0,12,-300,8343238,12,-161,-55614964
20:50:12.636,0,0.0,0,0,0,0,0,-20,-443,8343238,1,-26,-55614960
20:50:12.641,0,0.0,0,0,0,0,0,3,202,8343241,-2,-599,-55614968
20:50:12.646,0,0.0,0,0,0,0,0,12,-242,8343238,-1,1056,-55614952
20:50:12.651,0,0.0,0,0,0,0,0,-2,-261,8343238,0,10,-55614960
20:50:12.657,0,0.0,0,0,0,0,0,3,135,8343241,4,638,-55614960
20:50:12.662,0,0.0,0,0,0,0,0,-5,349,8343242,-3,-1368,-55614968
20:50:12.667,0,0.0,0,0,0,0,0,-75,822,8343245,-18,960,-55614952
20:50:12.672,0,0.0,0,0,0,0,0,-69,-997,8343233,25,-1294,-55614968
20:50:12.677,0,0.0,0,0,0,0,0,0,873,8343245,-6,506,-55614960
20:50:12.682,0,0.0,0,0,0,0,0,-2,357,8343242,-2,-1929,-55614972
20:50:12.687,0,0.0,0,0,0,0,0,6,-419,8343238,15,-799,-55614968
20:50:12.692,0,0.0,0,0,0,0,0,-20,400,8343242,17,-1179,-55614968
20:50:12.697,0,0.0,0,0,0,0,0,3,-298,8343238,7,-532,-55614968
20:50:12.702,0,0.0,0,0,0,0,0,33,1642,8343250,4,703,-55614960
20:50:12.707,0,0.0,0,0,0,0,0,0,1437,8343249,9,931,-55614960
20:50:12.712,0,0.0,0,0,0,0,0,9,117,8343241,-6,407,-55614960
20:50:12.717,0,0.0,0,0,0,0,0,-2,244,8343241,-11,-337,-55614968
20:50:12.727,0,0.0,0,0,0,0,0,12,-1481,8343231,12,-1006,-55614968
20:50:12.732,0,0.0,0,0,0,0,0,0,200,8343241,-11,434,-55614964
20:50:12.738,0,0.0,0,0,0,0,0,6,369,8343242,-21,-744,-55614968
20:50:12.743,0,0.0,0,0,0,0,0,12,334,8343242,8,526,-55614960
20:50:12.748,0,0.0,0,0,0,0,0,0,775,8343245,-23,-921,-55614968
20:50:12.748,0,0.0,0,0,0,0,0,23,915,8343245,-48,-1522,-55614972
20:50:12.753,0,0.0,0,0,0,0,0,6,-1539,8343231,-1,320,-55614960
20:50:12.758,0,0.0,0,0,0,0,0,0,-538,8343238,-13,284,-55614960
20:50:12.763,0,0.0,0,0,0,0,0,6,751,8343245,-10,919,-55614960
20:50:12.768,0,0.0,0,0,0,0,0,3,-2252,8343226,2,681,-55614960
20:50:12.773,0,0.0,0,0,0,0,0,3,-919,8343234,-29,-1205,-55614968
20:50:12.778,0,0.0,0,0,0,0,0,6,2036,8343238,-5,-583,-55614968
20:50:12.783,0,0.0,0,0,0,0,0,-8,712,8343245,-2,-517,-55614968
20:50:12.788,0,0.0,0,0,0,0,0,13,-492,8343238,12,-1763,-55614972
20:50:12.793,0,0.0,0,0,0,0,0,-5,176,8343241,-21,1275,-55614952
20:50:12.798,0,0.0,0,0,0,0,0,-8,388,8343242,1,1067,-55614960
20:50:12.803,0,0.0,0,0,0,0,0,12,-981,8343233,-3,-973,-55614968
20:50:12.808,0,0.0,0,0,0,0,0,-21,972,8343247,-8,1082,-55614960
20:50:12.814,0,0.0,0,0,0,0,0,-11,361,8343242,-22,797,-55614960
20:50:12.819,0,0.0,0,0,0,0,0,-29,108,8343241,12,-356,-55614968
20:50:12.824,0,0.0,0,0,0,0,0,3,344,8343242,0,-85,-55614968
20:50:12.829,0,0.0,0,0,0,0,0,-23,465,8343242,15,945,-55614960
20:50:12.834,0,0.0,0,0,0,0,0,-11,865,8343245,-8,-387,-55614968
20:50:12.839,0,0.0,0,0,0,0,0,-5,404,8343242,20,1304,-55614952
20:50:12.844,0,0.0,0,0,0,0,0,6,368,8343242,-5,-955,-55614968
20:50:12.849,0,0.0,0,0,0,0,0,-8,755,8343245,28,318,-55614960
20:50:12.854,0,0.0,0,0,0,0,0,-11,-510,8343238,-10,-540,-55614968
20:50:12.859,0,0.0,0,0,0,0,0,0,314,8343242,10,819,-55614960
20:50:12.864,0,0.0,0,0,0,0,0,9,-325,8343238,3,1056,-55614960
20:50:12.869,0,0.0,0,0,0,0,0,27,-936,8343234,-1,1560,-55614952
20:50:12.874,0,0.0,0,0,0,0,0,-5,332,8343242,-10,1023,-55614960
20:50:12.879,0,0.0,0,0,0,0,0,3,204,8343242,-2,123,-55614964
20:50:12.884,0,0.0,0,0,0,0,0,-8,153,8343241,1,-799,-55614968
20:50:12.889,0,0.0,0,0,0,0,0,-11,909,8343247,39,-674,-55614968
20:50:12.895,0,0.0,0,0,0,0,0,-20,118,8343241,-5,-1372,-55614972
20:50:12.900,0,0.0,0,0,0,0,0,-10,-1036,8343234,15,-295,-55614968
20:50:12.910,0,0.0,0,0,0,0,0,18,71,8343241,15,1004,-55614960
20:50:12.915,0,0.0,0,0,0,0,0,103,-4073,8343214,4,-1068,-55614968
20:50:12.920,0,0.0,0,0,0,0,0,6,283,8343242,7,206,-55614964
20:50:12.925,0,0.0,0,0,0,0,0,-5,325,8343242,-3,1537,-55614952
20:50:12.930,0,0.0,0,0,0,0,0,24,357,8343242,-3,-810,-55614968
20:50:12.930,0,0.0,0,0,0,0,0,30,-908,8343234,13,843,-55614960
20:50:12.935,0,0.0,0,0,0,0,0,-5,164,8343241,25,859,-55614960
20:50:12.940,0,0.0,0,0,0,0,0,12,377,8343242,-12,1106,-55614960
20:50:12.945,0,0.0,0,0,0,0,0,6,-976,8343233,20,-1386,-55614972
20:50:12.950,0,0.0,0,0,0,0,0,-2,-254,8343238,3,1087,-55614960
20:50:12.955,0,0.0,0,0,0,0,0,12,-1530,8343231,-13,1054,-55614960
20:50:12.960,0,0.0,0,0,0,0,0,-11,-265,8343238,-2,-1033,-55614968
20:50:12.965,0,0.0,0,0,0,0,0,-11,-1530,8343231,-8,999,-55614960
20:50:12.970,0,0.0,0,0,0,0,0,-29,2147,8343254,1,838,-55614960
20:50:12.975,0,0.0,0,0,0,0,0,24,822,8343245,20,-266,-55614968
20:50:12.981,0,0.0,0,0,0,0,0,-29,391,8343242,2,-446,-55614968
20:50:12.986,0,0.0,0,0,0,0,0,3,362,8343242,-10,-909,-55614968
20:50:12.991,0,0.0,0,0,0,0,0,6,401,8343242,-18,-214,-55614968
20:50:12.996,0,0.0,0,0,0,0,0,-38,256,8343241,-22,989,-55614960
20:50:13.001,0,0.0,0,0,0,0,0,-8,238,8343241,9,825,-55614960
20:50:13.006,0,0.0,0,0,0,0,0,-5,198,8343241,-6,-1496,-55614972
20:50:13.011,0,0.0,0,0,0,0,0,6,391,8343242,-10,-1457,-55614972
20:50:13.016,0,0.0,0,0,0,0,0,-43,-902,8343234,22,-1462,-55614972
20:50:13.021,0,0.0,0,0,0,0,0,-5,152,8343241,9,341,-55614960
20:50:13.026,0,0.0,0,0,0,0,0,-8,311,8343242,-13,1006,-55614960
20:50:13.031,0,0.0,0,0,0,0,0,42,-425,8343238,-21,-935,-55614968
20:50:13.036,0,0.0,0,0,0,0,0,9,1011,8343247,22,-923,-55614968
20:50:13.041,0,0.0,0,0,0,0,0,15,-889,8343234,0,1694,-55614952
20:50:13.046,0,0.0,0,0,0,0,0,-5,326,8343242,0,-736,-55614968
20:50:13.051,0,0.0,0,0,0,0,0,-23,-501,8343238,-16,-173,-55614968
20:50:13.057,0,0.0,0,0,0,0,0,-26,87,8343241,-29,-857,-55614968
20:50:13.062,0,0.0,0,0,0,0,0,0,168,8343241,9,-792,-55614968
20:50:13.067,0,0.0,0,0,0,0,0,-14,150,8343241,-1,499,-55614960
20:50:13.072,0,0.0,0,0,0,0,0,6,335,8343242,-10,-767,-55614968
20:50:13.077,0,0.0,0,0,0,0,0,-2,-1722,8343229,-8,1073,-55614960
20:50:13.082,0,0.0,0,0,0,0,0,3,-495,8343238,-1,975,-55614960
20:50:13.087,0,0.0,0,0,0,0,0,-2,174,8343241,-17,865,-55614960
20:50:13.092,0,0.0,0,0,0,0,0,3,818,8343245,-2,935,-55614960
20:50:13.097,0,0.0,0,0,0,0,0,-2,328,8343242,4,650,-55614960
20:50:13.102,0,0.0,0,0,0,0,0,-20,1434,8343249,-10,-869,-55614968
20:50:13.107,0,0.0,0,0,0,0,0,-11,1023,8343247,-22,1597,-55614952
20:50:13.112,0,0.0,0,0,0,0,0,0,195,8343241,-19,-479,-55614968
20:50:13.117,0,0.0,0,0,0,0,0,-11,-1078,8343233,22,-1748,-55614972
20:50:13.122,0,0.0,0,0,0,0,0,12,344,8343242,30,1220,-55614952
20:50:13.127,0,0.0,0,0,0,0,0,12,364,8343242,2,-1082,-55614968
20:50:13.132,0,0.0,0,0,0,0,0,3,2691,8343257,20,-1170,-55614968
20:50:13.138,0,0.0,0,0,0,0,0,-16,342,8343242,21,23,-55614964
20:50:13.143,0,0.0,0,0,0,0,0,0,339,8343242,25,-488,-55614968
20:50:13.148,0,0.0,0,0,0,0,0,0,-521,8343238,10,-1211,-55614968
20:50:13.153,0,0.0,0,0,0,0,0,-18,776,8343245,1,829,-55614960
20:50:13.158,0,0.0,0,0,0,0,0,-5,359,8343242,-2,-1086,-55614968
20:50:13.163,0,0.0,0,0,0,0,0,-2,-504,8343238,-2,-1216,-55614968
20:50:13.168,0,0.0,0,0,0,0,0,-2,138,8343241,9,-604,-55614968
20:50:13.173,0,0.0,0,0,0,0,0,-43,163,8343241,-7,747,-55614960
20:50:13.178,0,0.0,0,0,0,0,0,3,151,8343241,-21,568,-55614960
20:50:13.183,0,0.0,0,0,0,0,0,-43,143,8343241,-13,625,-55614960
20:50:13.188,0,0.0,0,0,0,0,0,33,196,8343241,10,-552,-55614968
20:50:13.193,0,0.0,0,0,0,0,0,6,2083,8343254,12,-1107,-55614968
20:50:13.198,0,0.0,0,0,0,0,0,23,412,8343242,28,807,-55614960
20:50:13.203,0,0.0,0,0,0,0,0,-4,-990,8343233,9,779,-55614960
20:50:13.208,0,0.0,0,0,0,0,0,18,1566,8343250,-14,21,-55614964
20:50:13.213,0,0.0,0,0,0,0,0,3,-243,8343238,-11,176,-55614960
20:50:13.218,0,0.0,0,0,0,0,0,6,316,8343241,16,137,-55614964
20:50:13.224,0,0.0,0,0,0,0,0,-17,270,8343241,-20,863,-55614960
20:50:13.229,0,0.0,0,0,0,0,0,3,369,8343242,23,792,-55614960
20:50:13.234,0,0.0,0,0,0,0,0,-2,-302,8343238,2,697,-55614960
20:50:13.239,0,0.0,0,0,0,0,0,0,729,8343226,-22,1301,-55614952
20:50:13.244,0,0.0,0,0,0,0,0,39,2011,8343254,-11,-531,-55614968
20:50:13.249,0,0.0,0,0,0,0,0,-47,283,8343242,-15,1113,-55614952
20:50:13.254,0,0.0,0,0,0,0,0,-5,-858,8343234,25,-129,-55614964
20:50:13.259,0,0.0,0,0,0,0,0,-49,-1707,8343229,10,-1221,-55614968
20:50:13.264,0,0.0,0,0,0,0,0,70,-2211,8343226,-9,1276,-55614952
20:50:13.269,0,0.0,0,0,0,0,0,0,145,8343241,19,99,-55614960
20:50:13.274,0,0.0,0,0,0,0,0,12,327,8343242,26,1095,-55614952
20:50:13.279,0,0.0,0,0,0,0,0,27,-895,8343234,7,-1489,-55614968
20:50:13.284,0,0.0,0,0,0,0,0,-5,379,8343242,-5,-605,-55614968
20:50:13.289,0,0.0,0,0,0,0,0,-2,803,8343245,6,-1361,-55614968
20:50:13.294,0,0.0,0,0,0,0,0,21,194,8343241,8,1547,-55614952
20:50:13.299,0,0.0,0,0,0,0,0,-2,308,8343242,4,922,-55614960
20:50:13.304,0,0.0,0,0,0,0,0,27,-335,8343238,15,1370,-55614952
20:50:13.309,0,0.0,0,0,0,0,0,-5,-484,8343238,4,-615,-55614968
20:50:13.315,0,0.0,0,0,0,0,0,-2,97,8343241,3,120,-55614960
20:50:13.320,0,0.0,0,0,0,0,0,15,852,8343247,7,546,-55614960
20:50:13.325,0,0.0,0,0,0,0,0,-14,157,8343241,6,33,-55614960
20:50:13.330,0,0.0,0,0,0,0,0,12,355,8343242,-36,-734,-55614968
20:50:13.335,0,0.0,0,0,0,0,0,39,794,8343245,-14,732,-55614960
20:50:13.340,0,0.0,0,0,0,0,0,-5,138,8343241,-5,-746,-55614968
20:50:13.345,0,0.0,0,0,0,0,0,9,315,8343242,14,-479,-55614968
20:50:13.350,0,0.0,0,0,0,0,0,-14,827,8343245,-4,1162,-55614952
20:50:13.355,0,0.0,0,0,0,0,0,38,-1730,8343229,12,688,-55614960
20:50:13.360,0,0.0,0,0,0,0,0,0,-309,8343238,12,1333,-55614952
20:50:13.365,0,0.0,0,0,0,0,0,18,-881,8343234,-14,745,-55614960
20:50:13.370,0,0.0,0,0,0,0,0,23,328,8343242,-8,780,-55614960
20:50:13.375,0,0.0,0,0,0,0,0,-5,171,8343241,-11,-47,-55614964
20:50:13.380,0,0.0,0,0,0,0,0,0,364,8343242,-3,785,-55614960
20:50:13.385,0,0.0,0,0,0,0,0,0,-227,8343238,-14,566,-55614960
20:50:13.390,0,0.0,0,0,0,0,0,-11,886,8343245,-35,-1138,-55614968
20:50:13.395,0,0.0,0,0,0,0,0,9,165,8343241,4,628,-55614960
20:50:13.400,0,0.0,0,0,0,0,0,8,363,8343242,0,876,-55614960
20:50:13.405,0,0.0,0,0,0,0,0,-23,-387,8343238,38,-1678,-55614972
20:50:13.411,0,0.0,0,0,0,0,0,-17,122,8343238,-18,-946,-55614968
20:50:13.421,0,0.0,0,0,0,0,0,-30,1456,8343249,-18,-1578,-55614972
20:50:13.421,0,0.0,0,0,0,0,0,21,-910,8343234,-3,-1088,-55614968
20:50:13.426,0,0.0,0,0,0,0,0,20,164,8343241,4,-550,-55614968
20:50:13.431,0,0.0,0,0,0,0,0,-8,116,8343241,-23,1143,-55614952
20:50:13.436,0,0.0,0,0,0,0,0,-8,1430,8343250,-6,-1978,-55614972
20:50:13.441,0,0.0,0,0,0,0,0,-63,255,8343242,-3,-291,-55614964
20:50:13.446,0,0.0,0,0,0,0,0,-5,279,8343242,16,997,-55614952
20:50:13.451,0,0.0,0,0,0,0,0,-19,-1521,8343231,4,-1333,-55614968
20:50:13.456,0,0.0,0,0,0,0,0,9,-340,8343238,18,-550,-55614968
20:50:13.461,0,0.0,0,0,0,0,0,6,-319,8343238,-28,598,-55614960
20:50:13.466,0,0.0,0,0,0,0,0,-2,195,8343241,23,-1165,-55614968
20:50:13.471,0,0.0,0,0,0,0,0,-14,2115,8343254,2,-511,-55614968
20:50:13.476,0,0.0,0,0,0,0,0,0,161,8343241,-5,698,-55614960
20:50:13.481,0,0.0,0,0,0,0,0,9,144,8343241,-24,-675,-55614968
20:50:13.486,0,0.0,0,0,0,0,0,-40,-1668,8343229,-11,61,-55614960
20:50:13.491,0,0.0,0,0,0,0,0,18,784,8343245,-11,-596,-55614968
20:50:13.496,0,0.0,0,0,0,0,0,-31,-1609,8343231,-2,-580,-55614968
20:50:13.501,0,0.0,0,0,0,0,0,18,-246,8343238,-12,602,-55614960
20:50:13.507,0,0.0,0,0,0,0,0,-2,-326,8343238,13,-248,-55614964
20:50:13.512,0,0.0,0,0,0,0,0,-2,137,8343241,12,467,-55614960
20:50:13.517,0,0.0,0,0,0,0,0,9,-1163,8343233,-6,616,-55614960
20:50:13.522,0,0.0,0,0,0,0,0,6,185,8343241,3,1050,-55614952
20:50:13.527,0,0.0,0,0,0,0,0,3,307,8343242,6,691,-55614960
20:50:13.532,0,0.0,0,0,0,0,0,0,93,8343241,-14,366,-55614960
20:50:13.537,0,0.0,0,0,0,0,0,-5,244,8343241,23,-1342,-55614968
20:50:13.542,0,0.0,0,0,0,0,0,24,295,8343242,-2,-546,-55614968
20:50:13.547,0,0.0,0,0,0,0,0,-8,-278,8343238,-8,1334,-55614952
20:50:13.552,0,0.0,0,0,0,0,0,3,149,8343241,-13,123,-55614960
20:50:13.557,0,0.0,0,0,0,0,0,6,220,8343241,0,508,-55614960
20:50:13.562,0,0.0,0,0,0,0,0,9,285,8343242,14,-750,-55614968
20:50:13.567,0,0.0,0,0,0,0,0,6,-328,8343238,15,-848,-55614968
20:50:13.572,0,0.0,0,0,0,0,0,20,1366,8343249,44,945,-55614952
20:50:13.577,0,0.0,0,0,0,0,0,9,-472,8343238,-26,-75,-55614960
20:50:13.582,0,0.0,0,0,0,0,0,6,451,8343242,-6,415,-55614960
20:50:13.587,0,0.0,0,0,0,0,0,0,364,8343242,-3,-212,-55614960
20:50:13.592,0,0.0,0,0,0,0,0,6,265,8343242,12,317,-55614960
20:50:13.598,0,0.0,0,0,0,0,0,0,-283,8343238,-6,-183,-55614960
20:50:13.603,0,0.0,0,0,0,0,0,0,300,8343242,18,-1040,-55614968
20:50:13.608,0,0.0,0,0,0,0,0,6,246,8343242,-24,902,-55614952
20:50:13.613,0,0.0,0,0,0,0,0,18,131,8343241,-19,947,-55614952
20:50:13.618,0,0.0,0,0,0,0,0,-2,-1022,8343234,25,386,-55614960
20:50:13.623,0,0.0,0,0,0,0,0,9,-288,8343238,-16,-191,-55614960
20:50:13.628,0,0.0,0,0,0,0,0,-4,-252,8343238,-10,298,-55614960
20:50:13.633,0,0.0,0,0,0,0,0,-38,156,8343241,2,-957,-55614968
20:50:13.638,0,0.0,0,0,0,0,0,0,322,8343242,-19,868,-55614952
20:50:13.643,0,0.0,0,0,0,0,0,9,-443,8343238,-23,296,-55614960
20:50:13.648,0,0.0,0,0,0,0,0,3,-889,8343234,-2,821,-55614952
20:50:13.653,0,0.0,0,0,0,0,0,0,959,8343247,8,426,-55614960
20:50:13.658,0,0.0,0,0,0,0,0,6,150,8343241,-9,418,-55614960
20:50:13.663,0,0.0,0,0,0,0,0,3,-995,8343234,9,342,-55614960
20:50:13.668,0,0.0,0,0,0,0,0,-8,385,8343242,10,409,-55614960
20:50:13.673,0,0.0,0,0,0,0,0,15,243,8343241,-26,-1417,-55614968
20:50:13.678,0,0.0,0,0,0,0,0,-35,-488,8343238,-6,518,-55614960
20:50:13.683,0,0.0,0,0,0,0,0,-5,-274,8343238,0,296,-55614960
20:50:13.689,0,0.0,0,0,0,0,0,-14,-236,8343238,-26,507,-55614960
20:50:13.694,0,0.0,0,0,0,0,0,58,-2163,8343226,7,421,-55614960
20:50:13.699,0,0.0,0,0,0,0,0,6,352,8343242,-6,-259,-55614960
20:50:13.704,0,0.0,0,0,0,0,0,62,-447,8343238,-27,-190,-55614960
20:50:13.709,0,0.0,0,0,0,0,0,23,-1511,8343231,-3,-234,-55614960
20:50:13.714,0,0.0,0,0,0,0,0,3,846,8343245,20,-733,-55614968
20:50:13.719,0,0.0,0,0,0,0,0,-11,160,8343241,21,345,-55614960
20:50:13.724,0,0.0,0,0,0,0,0,3,-340,8343238,21,-136,-55614960
20:50:13.729,0,0.0,0,0,0,0,0,-14,355,8343242,-5,266,-55614960
20:50:13.734,0,0.0,0,0,0,0,0,24,-900,8343234,10,-1301,-55614968
20:50:13.739,0,0.0,0,0,0,0,0,25,1433,8343249,-10,-1327,-55614968
20:50:13.744,0,0.0,0,0,0,0,0,12,-460,8343238,0,341,-55614960
20:50:13.749,0,0.0,0,0,0,0,0,-8,-905,8343234,-16,-111,-55614960
20:50:13.754,0,0.0,0,0,0,0,0,15,-269,8343238,-21,456,-55614960
20:50:13.759,0,0.0,0,0,0,0,0,-44,-356,8343238,0,-431,-55614964
20:50:13.764,0,0.0,0,0,0,0,0,-8,-1056,8343233,9,-2137,-55614972
20:50:13.769,0,0.0,0,0,0,0,0,-8,-1548,8343231,0,307,-55614960
20:50:13.775,0,0.0,0,0,0,0,0,15,270,8343241,9,-420,-55614964
20:50:13.780,0,0.0,0,0,0,0,0,15,248,8343241,1,-855,-55614968
20:50:13.785,0,0.0,0,0,0,0,0,-40,809,8343245,10,348,-55614960
20:50:13.790,0,0.0,0,0,0,0,0,15,-229,8343238,-3,-1561,-55614968
20:50:13.795,0,0.0,0,0,0,0,0,6,1474,8343249,5,370,-55614960
20:50:13.800,0,0.0,0,0,0,0,0,-67,-1553,8343231,-25,228,-55614960
20:50:13.805,0,0.0,0,0,0,0,0,-8,125,8343241,-20,440,-55614960
20:50:13.810,0,0.0,0,0,0,0,0,32,245,8343242,0,270,-55614960
20:50:13.815,0,0.0,0,0,0,0,0,-5,79,8343226,-9,406,-55614960
20:50:13.820,0,0.0,0,0,0,0,0,9,-2755,8343222,-11,1039,-55614952
20:50:13.825,0,0.0,0,0,0,0,0,0,178,8343241,-5,457,-55614960
20:50:13.830,0,0.0,0,0,0,0,0,-6,2051,8343254,16,-178,-55614960
20:50:13.835,0,0.0,0,0,0,0,0,-21,981,8343247,-7,903,-55614952
20:50:13.840,0,0.0,0,0,0,0,0,3,1014,8343247,7,-1484,-55614968
20:50:13.845,0,0.0,0,0,0,0,0,6,1440,8343249,17,-952,-55614968
20:50:13.850,0,0.0,0,0,0,0,0,-26,357,8343242,-12,284,-55614960
20:50:13.855,0,0.0,0,0,0,0,0,-5,366,8343242,-14,-490,-55614964
20:50:13.860,0,0.0,0,0,0,0,0,-9,955,8343247,20,-499,-55614964
20:50:13.866,0,0.0,0,0,0,0,0,6,364,8343242,-22,365,-55614960
20:50:13.871,0,0.0,0,0,0,0,0,28,85,8343241,12,225,-55614960
20:50:13.876,0,0.0,0,0,0,0,0,-8,116,8343241,-5,369,-55614960
20:50:13.881,0,0.0,0,0,0,0,0,-48,-884,8343234,23,-954,-55614968
20:50:13.886,0,0.0,0,0,0,0,0,0,448,8343242,18,-889,-55614968
20:50:13.891,0,0.0,0,0,0,0,0,-2,-2252,8343226,-25,320,-55614960
20:50:13.896,0,0.0,0,0,0,0,0,12,995,8343247,4,-1660,-55614968
20:50:13.901,0,0.0,0,0,0,0,0,3,159,8343241,-1,193,-55614960
20:50:13.906,0,0.0,0,0,0,0,0,3,344,8343242,-6,345,-55614960
20:50:13.911,0,0.0,0,0,0,0,0,6,328,8343242,15,447,-55614960
20:50:13.916,0,0.0,0,0,0,0,0,24,167,8343241,31,-1371,-55614968
20:50:13.921,0,0.0,0,0,0,0,0,9,213,8343241,5,491,-55614960
20:50:13.926,0,0.0,0,0,0,0,0,3,177,8343241,12,889,-55614952
20:50:13.931,0,0.0,0,0,0,0,0,-14,806,8343245,-11,-1611,-55614968
20:50:13.936,0,0.0,0,0,0,0,0,6,357,8343242,23,1135,-55614952
20:50:13.941,0,0.0,0,0,0,0,0,-2,187,8343241,5,358,-55614960
20:50:13.946,0,0.0,0,0,0,0,0,12,968,8343247,30,-981,-55614968
20:50:13.952,0,0.0,0,0,0,0,0,12,233,8343242,12,-1405,-55614968
20:50:13.957,0,0.0,0,0,0,0,0,-41,-349,8343238,7,-1452,-55614968
20:50:13.962,0,0.0,0,0,0,0,0,6,341,8343242,1,-1446,-55614968
20:50:13.967,0,0.0,0,0,0,0,0,-5,938,8343247,15,-1462,-55614968
20:50:13.972,0,0.0,0,0,0,0,0,0,299,8343242,4,934,-55614952
20:50:13.977,0,0.0,0,0,0,0,0,-30,321,8343242,6,-419,-55614964
20:50:13.982,0,0.0,0,0,0,0,0,-8,348,8343242,-14,891,-55614952
20:50:13.987,0,0.0,0,0,0,0,0,12,-215,8343231,31,-1747,-55614968
20:50:13.992,0,0.0,0,0,0,0,0,18,198,8343241,15,321,-55614960
20:50:13.997,0,0.0,0,0,0,0,0,-49,325,8343242,35,-951,-55614968
20:50:14.002,0,0.0,0,0,0,0,0,3,215,8343241,18,-1796,-55614968
20:50:14.007,0,0.0,0,0,0,0,0,-5,-427,8343238,0,770,-55614952
20:50:14.012,0,0.0,0,0,0,0,0,-11,944,8343247,-9,905,-55614952
20:50:14.017,0,0.0,0,0,0,0,0,-58,61,8343241,-2,918,-55614952
20:50:14.022,0,0.0,0,0,0,0,0,30,1440,8343249,32,497,-55614960
20:50:14.027,0,0.0,0,0,0,0,0,-8,-1447,8343231,0,844,-55614952
20:50:14.032,0,0.0,0,0,0,0,0,0,1424,8343249,20,434,-55614960
20:50:14.037,0,0.0,0,0,0,0,0,-34,163,8343241,-11,-693,-55614968
20:50:14.043,0,0.0,0,0,0,0,0,5,-1528,8343231,7,-191,-55614964
20:50:14.048,0,0.0,0,0,0,0,0,-2,215,8343241,-11,-308,-55614964
20:50:14.053,0,0.0,0,0,0,0,0,-5,-223,8343238,2,-945,-55614968
20:50:14.058,0,0.0,0,0,0,0,0,9,829,8343245,-3,-1445,-55614968
20:50:14.063,0,0.0,0,0,0,0,0,12,286,8343242,1,-925,-55614968
20:50:14.068,0,0.0,0,0,0,0,0,-23,110,8343241,9,325,-55614960
20:50:14.073,0,0.0,0,0,0,0,0,0,194,8343241,-18,603,-55614960
20:50:14.078,0,0.0,0,0,0,0,0,57,-473,8343238,0,1063,-55614952
20:50:14.083,0,0.0,0,0,0,0,0,15,-392,8343238,-13,-2018,-55614972
20:50:14.088,0,0.0,0,0,0,0,0,-5,220,8343241,0,-241,-55614964
20:50:14.093,0,0.0,0,0,0,0,0,6,400,8343242,-4,599,-55614960
20:50:14.098,0,0.0,0,0,0,0,0,-2,-903,8343234,-17,1011,-55614952
20:50:14.103,0,0.0,0,0,0,0,0,-5,-435,8343238,4,347,-55614960
20:50:14.108,0,0.0,0,0,0,0,0,-2,-203,8343238,5,308,-55614960
20:50:14.113,0,0.0,0,0,0,0,0,27,263,8343254,15,-1638,-55614968
20:50:14.118,0,0.0,0,0,0,0,0,-11,251,8343241,-5,269,-55614960
20:50:14.123,0,0.0,0,0,0,0,0,44,-360,8343238,12,863,-55614952
20:50:14.128,0,0.0,0,0,0,0,0,15,1050,8343247,1,821,-55614952
20:50:14.134,0,0.0,0,0,0,0,0,-49,273,8343241,-1,845,-55614952
20:50:14.139,0,0.0,0,0,0,0,0,3,-1103,8343233,-8,-349,-55614964
20:50:14.144,0,0.0,0,0,0,0,0,26,241,8343242,18,-1543,-55614968
20:50:14.149,0,0.0,0,0,0,0,0,-2,362,8343242,27,-884,-55614968
20:50:14.154,0,0.0,0,0,0,0,0,-40,-1580,8343231,4,-1615,-55614968
20:50:14.159,0,0.0,0,0,0,0,0,-2,246,8343242,-2,915,-55614952
20:50:14.164,0,0.0,0,0,0,0,0,-5,330,8343242,0,419,-55614960
20:50:14.169,0,0.0,0,0,0,0,0,3,-245,8343238,13,-1397,-55614968
20:50:14.174,0,0.0,0,0,0,0,0,-5,-901,8343234,0,1039,-55614952
20:50:14.179,0,0.0,0,0,0,0,0,-49,-1660,8343229,26,566,-55614960
20:50:14.184,0,0.0,0,0,0,0,0,-13,237,8343241,10,1153,-55614952
20:50:14.189,0,0.0,0,0,0,0,0,50,-1511,8343231,-8,1113,-55614952
20:50:14.194,0,0.0,0,0,0,0,0,-56,-866,8343234,-30,-1152,-55614968
20:50:14.199,0,0.0,0,0,0,0,0,15,1462,8343249,-14,693,-55614960
20:50:14.204,0,0.0,0,0,0,0,0,0,124,8343241,7,-646,-55614968
20:50:14.209,0,0.0,0,0,0,0,0,-23,318,8343242,2,77,-55614960
20:50:14.214,0,0.0,0,0,0,0,0,-26,-938,8343234,-20,85,-55614960
20:50:14.220,0,0.0,0,0,0,0,0,-31,-1015,8343234,-5,-626,-55614968
20:50:14.225,0,0.0,0,0,0,0,0,12,-1037,8343233,9,-889,-55614968
20:50:14.230,0,0.0,0,0,0,0,0,-8,297,8343242,-15,-1520,-55614968
20:50:14.235,0,0.0,0,0,0,0,0,-27,783,8343245,-13,-145,-55614964
20:50:14.240,0,0.0,0,0,0,0,0,-23,2065,8343254,2,661,-55614960
20:50:14.245,0,0.0,0,0,0,0,0,1,362,8343242,-3,1226,-55614952
20:50:14.250,0,0.0,0,0,0,0,0,-8,116,8343241,-5,664,-55614960
20:50:14.255,0,0.0,0,0,0,0,0,-14,328,8343242,30,643,-55614960
20:50:14.260,0,0.0,0,0,0,0,0,-35,957,8343247,-13,533,-55614960
20:50:14.265,0,0.0,0,0,0,0,0,12,341,8343242,-19,614,-55614960
20:50:14.270,0,0.0,0,0,0,0,0,3,-951,8343234,-20,1105,-55614952
20:50:14.275,0,0.0,0,0,0,0,0,9,357,8343242,-14,916,-55614952
20:50:14.280,0,0.0,0,0,0,0,0,13,-1107,8343233,26,801,-55614952
20:50:14.285,0,0.0,0,0,0,0,0,-2,101,8343241,-12,711,-55614952
20:50:14.290,0,0.0,0,0,0,0,0,-11,326,8343242,7,756,-55614952
20:50:14.295,0,0.0,0,0,0,0,0,18,-487,8343238,5,194,-55614960
20:50:14.300,0,0.0,0,0,0,0,0,15,261,8343242,24,188,-55614960
20:50:14.305,0,0.0,0,0,0,0,0,-8,154,8343241,-21,222,-55614960
20:50:14.311,0,0.0,0,0,0,0,0,6,196,8343241,2,-1558,-55614968
20:50:14.316,0,0.0,0,0,0,0,0,-2,217,8343241,3,92,-55614960
20:50:14.321,0,0.0,0,0,0,0,0,-8,410,8343242,-10,-403,-55614964
20:50:14.326,0,0.0,0,0,0,0,0,0,-226,8343238,3,207,-55614960
20:50:14.331,0,0.0,0,0,0,0,0,3,-869,8343234,-4,-414,-55614952
20:50:14.336,0,0.0,0,0,0,0,0,-62,352,8343242,-2,-1525,-55614968
20:50:14.341,0,0.0,0,0,0,0,0,12,-1492,8343231,10,-1604,-55614968
20:50:14.346,0,0.0,0,0,0,0,0,30,-276,8343238,0,326,-55614960
20:50:14.351,0,0.0,0,0,0,0,0,0,321,8343242,1,-1175,-55614968
20:50:14.356,0,0.0,0,0,0,0,0,-7,209,8343241,-4,134,-55614960
20:50:14.361,0,0.0,0,0,0,0,0,0,173,8343241,-8,722,-55614952
20:50:14.366,0,0.0,0,0,0,0,0,-14,-288,8343238,-11,51,-55614960
20:50:14.371,0,0.0,0,0,0,0,0,-1,1464,8343249,15,219,-55614960
20:50:14.376,0,0.0,0,0,0,0,0,15,126,8343241,21,207,-55614960
20:50:14.381,0,0.0,0,0,0,0,0,3,109,8343241,5,-1155,-55614968
20:50:14.386,0,0.0,0,0,0,0,0,15,175,8343241,-13,735,-55614952
20:50:14.391,0,0.0,0,0,0,0,0,3,388,8343242,1,-1125,-55614968
20:50:14.397,0,0.0,0,0,0,0,0,-28,-2340,8343226,8,243,-55614960
20:50:14.402,0,0.0,0,0,0,0,0,-14,190,8343241,-3,297,-55614960
20:50:14.407,0,0.0,0,0,0,0,0,-35,-369,8343238,-16,265,-55614960
20:50:14.412,0,0.0,0,0,0,0,0,0,-339,8343238,-8,969,-55614952
20:50:14.417,0,0.0,0,0,0,0,0,-32,771,8343245,31,-219,-55614960
20:50:14.422,0,0.0,0,0,0,0,0,12,211,8343241,-22,226,-55614960
20:50:14.427,0,0.0,0,0,0,0,0,-2,-175,8343238,10,426,-55614960
20:50:14.432,0,0.0,0,0,0,0,0,3,251,8343241,-21,547,-55614960
20:50:14.437,0,0.0,0,0,0,0,0,12,833,8343245,-2,1010,-55614952
20:50:14.443,0,0.0,0,0,0,0,0,-7,-987,8343234,10,-226,-55614964
20:50:14.448,0,0.0,0,0,0,0,0,29,-1714,8343229,5,373,-55614960
20:50:14.453,0,0.0,0,0,0,0,0,9,921,8343247,-41,505,-55614960
20:50:14.458,0,0.0,0,0,0,0,0,6,771,8343245,8,446,-55614960
20:50:14.463,0,0.0,0,0,0,0,0,-11,-311,8343238,7,-747,-55614968
20:50:14.468,0,0.0,0,0,0,0,0,0,-1070,8343233,9,-1414,-55614968
20:50:14.473,0,0.0,0,0,0,0,0,-2,339,8343242,-11,951,-55614952
20:50:14.478,0,0.0,0,0,0,0,0,21,391,8343242,-14,423,-55614960
20:50:14.484,0,0.0,0,0,0,0,0,-8,373,8343242,19,481,-55614960
20:50:14.489,0,0.0,0,0,0,0,0,-8,1409,8343249,-15,826,-55614952
20:50:14.494,0,0.0,0,0,0,0,0,12,2108,8343254,8,408,-55614960
20:50:14.499,0,0.0,0,0,0,0,0,9,381,8343242,-18,480,-55614960
20:50:14.504,0,0.0,0,0,0,0,0,48,-858,8343234,-9,838,-55614952
20:50:14.509,0,0.0,0,0,0,0,0,0,2064,8343254,20,291,-55614960
20:50:14.514,0,0.0,0,0,0,0,0,3,401,8343242,-11,268,-55614960
20:50:14.519,0,0.0,0,0,0,0,0,-33,863,8343247,-11,-980,-55614968
20:50:14.524,0,0.0,0,0,0,0,0,-2,101,8343241,-22,865,-55614952
20:50:14.529,0,0.0,0,0,0,0,0,9,314,8343242,-11,283,-55614960
20:50:14.534,0,0.0,0,0,0,0,0,3,986,8343247,6,215,-55614960
20:50:14.539,0,0.0,0,0,0,0,0,6,84,8343241,7,251,-55614960
20:50:14.544,0,0.0,0,0,0,0,0,0,334,8343242,2,300,-55614960
20:50:14.549,0,0.0,0,0,0,0,0,3,1396,8343249,10,-1486,-55614968
20:50:14.554,0,0.0,0,0,0,0,0,12,395,8343242,-15,-1006,-55614968
20:50:14.560,0,0.0,0,0,0,0,0,15,176,8343241,18,367,-55614960
20:50:14.565,0,0.0,0,0,0,0,0,50,316,8343241,-14,327,-55614960
20:50:14.570,0,0.0,0,0,0,0,0,9,878,8343245,-3,673,-55614952
20:50:14.575,0,0.0,0,0,0,0,0,-2,357,8343242,-1,167,-55614960
20:50:14.580,0,0.0,0,0,0,0,0,48,-363,8343238,30,851,-55614952
20:50:14.585,0,0.0,0,0,0,0,0,-31,279,8343241,8,838,-55614952
20:50:14.590,0,0.0,0,0,0,0,0,26,-1601,8343229,0,779,-55614952
20:50:14.595,0,0.0,0,0,0,0,0,3,411,8343242,-6,385,-55614960
20:50:14.600,0,0.0,0,0,0,0,0,-14,339,8343242,22,389,-55614960
20:50:14.605,0,0.0,0,0,0,0,0,0,-941,8343234,3,386,-55614960
20:50:14.610,0,0.0,0,0,0,0,0,-5,206,8343241,20,-1547,-55614968
20:50:14.615,0,0.0,0,0,0,0,0,-5,327,8343242,14,-139,-55614960
20:50:14.620,0,0.0,0,0,0,0,0,-2,293,8343242,-18,355,-55614960
20:50:14.625,0,0.0,0,0,0,0,0,12,239,8343242,16,850,-55614952
20:50:14.630,0,0.0,0,0,0,0,0,3,209,8343241,3,-1477,-55614960
20:50:14.635,0,0.0,0,0,0,0,0,-11,998,8343247,-29,-728,-55614968
20:50:14.640,0,0.0,0,0,0,0,0,6,819,8343241,22,412,-55614960
20:50:14.645,0,0.0,0,0,0,0,0,-29,794,8343245,0,348,-55614960
20:50:14.651,0,0.0,0,0,0,0,0,0,290,8343242,3,-1435,-55614968
20:50:14.656,0,0.0,0,0,0,0,0,21,310,8343242,-5,-1407,-55614968
20:50:14.661,0,0.0,0,0,0,0,0,-2,-393,8343238,-13,-182,-55614964
20:50:14.666,0,0.0,0,0,0,0,0,0,162,8343241,0,-728,-55614968
20:50:14.671,0,0.0,0,0,0,0,0,3,1366,8343249,28,1169,-55614952
20:50:14.676,0,0.0,0,0,0,0,0,-44,118,8343241,31,-1930,-55614972
20:50:14.681,0,0.0,0,0,0,0,0,12,311,8343242,-19,1184,-55614952
20:50:14.686,0,0.0,0,0,0,0,0,3,139,8343241,8,551,-55614960
20:50:14.692,0,0.0,0,0,0,0,0,12,1312,8343249,20,-125,-55614960
20:50:14.697,0,0.0,0,0,0,0,0,3,670,8343245,5,273,-55614960
20:50:14.702,0,0.0,0,0,0,0,0,15,298,8343242,1,1088,-55614952
20:50:14.707,0,0.0,0,0,0,0,0,0,-268,8343238,7,893,-55614952
20:50:14.712,0,0.0,0,0,0,0,0,54,-904,8343234,7,849,-55614952
20:50:14.717,0,0.0,0,0,0,0,0,0,-1521,8343231,20,-864,-55614968
20:50:14.722,0,0.0,0,0,0,0,0,15,94,8343241,-3,365,-55614960
20:50:14.727,0,0.0,0,0,0,0,0,12,95,8343241,12,406,-55614960
20:50:14.732,0,0.0,0,0,0,0,0,-2,336,8343242,-1,-301,-55614964
20:50:14.737,0,0.0,0,0,0,0,0,18,315,8343242,-6,-253,-55614964
20:50:14.742,0,0.0,0,0,0,0,0,3,405,8343242,1,959,-55614952
20:50:14.747,0,0.0,0,0,0,0,0,-8,220,8343241,9,-997,-55614968
20:50:14.752,0,0.0,0,0,0,0,0,-8,424,8343242,-10,912,-55614952
20:50:14.757,0,0.0,0,0,0,0,0,6,-1467,8343231,20,882,-55614952
20:50:14.763,0,0.0,0,0,0,0,0,6,-1448,8343231,-11,256,-55614960
20:50:14.768,0,0.0,0,0,0,0,0,3,856,8343245,5,-95,-55614960
20:50:14.773,0,0.0,0,0,0,0,0,17,-2195,8343226,-3,1035,-55614952
20:50:14.778,0,0.0,0,0,0,0,0,-26,-1009,8343233,12,-855,-55614968
20:50:14.783,0,0.0,0,0,0,0,0,-8,321,8343242,2,1040,-55614952
20:50:14.788,0,0.0,0,0,0,0,0,0,-921,8343234,27,543,-55614960
20:50:14.793,0,0.0,0,0,0,0,0,3,-332,8343238,7,511,-55614960
20:50:14.798,0,0.0,0,0,0,0,0,-17,778,8343245,12,670,-55614960
20:50:14.803,0,0.0,0,0,0,0,0,18,-314,8343238,14,-1890,-55614972
20:50:14.808,0,0.0,0,0,0,0,0,3,425,8343242,7,-258,-55614960
20:50:14.813,0,0.0,0,0,0,0,0,12,-428,8343238,7,-366,-55614964
20:50:14.818,0,0.0,0,0,0,0,0,-5,261,8343241,-14,-223,-55614960
20:50:14.823,0,0.0,0,0,0,0,0,3,280,8343241,-11,863,-55614952
20:50:14.828,0,0.0,0,0,0,0,0,3,298,8343242,-10,374,-55614960
20:50:14.833,0,0.0,0,0,0,0,0,12,97,8343241,13,864,-55614952
20:50:14.838,0,0.0,0,0,0,0,0,12,-466,8343238,0,1057,-55614952
20:50:14.844,0,0.0,0,0,0,0,0,3,-357,8343238,2,1085,-55614952
20:50:14.849,0,0.0,0,0,0,0,0,-17,721,8343245,-16,1111,-55614952
20:50:14.854,0,0.0,0,0,0,0,0,15,-321,8343238,17,-1220,-55614968
20:50:14.859,0,0.0,0,0,0,0,0,-41,337,8343242,31,1091,-55614952
20:50:14.864,0,0.0,0,0,0,0,0,3,284,8343242,-27,982,-55614952
20:50:14.869,0,0.0,0,0,0,0,0,-43,367,8343242,27,433,-55614960
20:50:14.874,0,0.0,0,0,0,0,0,67,-1512,8343231,10,-1174,-55614968
20:50:14.879,0,0.0,0,0,0,0,0,15,-550,8343238,7,478,-55614960
20:50:14.884,0,0.0,0,0,0,0,0,3,125,8343241,-31,-1283,-55614968
20:50:14.889,0,0.0,0,0,0,0,0,-32,2674,8343241,-12,135,-55614960
20:50:14.894,0,0.0,0,0,0,0,0,0,-490,8343238,-2,1130,-55614952
20:50:14.899,0,0.0,0,0,0,0,0,-23,312,8343242,1,1104,-55614952
20:50:14.904,0,0.0,0,0,0,0,0,47,-1667,8343229,15,527,-55614960
20:50:14.909,0,0.0,0,0,0,0,0,33,-865,8343234,-5,128,-55614960
20:50:14.914,0,0.0,0,0,0,0,0,-8,357,8343242,-5,-722,-55614968
20:50:14.919,0,0.0,0,0,0,0,0,-5,-373,8343238,18,-670,-55614968
20:50:14.924,0,0.0,0,0,0,0,0,-2,339,8343242,-10,696,-55614960
20:50:14.929,0,0.0,0,0,0,0,0,15,334,8343242,-13,634,-55614960
20:50:14.935,0,0.0,0,0,0,0,0,-29,357,8343242,1,55,-55614960
20:50:14.940,0,0.0,0,0,0,0,0,24,2218,8343254,8,714,-55614960
20:50:14.945,0,0.0,0,0,0,0,0,9,242,8343241,-34,-1520,-55614968
20:50:14.950,0,0.0,0,0,0,0,0,6,435,8343242,-6,532,-55614960
20:50:14.955,0,0.0,0,0,0,0,0,-2,814,8343245,-2,344,-55614960
20:50:14.960,0,0.0,0,0,0,0,0,-2,1596,8343250,3,1215,-55614952
20:50:14.965,0,0.0,0,0,0,0,0,-5,128,8343241,7,-1159,-55614968
20:50:14.970,0,0.0,0,0,0,0,0,12,-430,8343238,-9,833,-55614960
20:50:14.975,0,0.0,0,0,0,0,0,3,-922,8343234,-16,1198,-55614952
20:50:14.980,0,0.0,0,0,0,0,0,21,-989,8343234,-4,-18,-55614964
20:50:14.985,0,0.0,0,0,0,0,0,3,281,8343242,-3,844,-55614960
20:50:14.990,0,0.0,0,0,0,0,0,-17,-1697,8343229,12,1,-55614964
20:50:14.995,0,0.0,0,0,0,0,0,-46,-259,8343238,-16,-1732,-55614972
20:50:15.001,0,0.0,0,0,0,0,0,0,-295,8343238,17,-1131,-55614968
20:50:15.006,0,0.0,0,0,0,0,0,12,791,8343245,10,421,-55614960
20:50:15.011,0,0.0,0,0,0,0,0,3,-470,8343238,7,-719,-55614968
20:50:15.016,0,0.0,0,0,0,0,0,-2,199,8343241,2,1098,-55614952
20:50:15.021,0,0.0,0,0,0,0,0,-17,807,8343245,20,573,-55614960
20:50:15.026,0,0.0,0,0,0,0,0,0,146,8343241,-3,0,-55614960
20:50:15.031,0,0.0,0,0,0,0,0,-20,260,8343242,2,1135,-55614952
20:50:15.036,0,0.0,0,0,0,0,0,0,-451,8343238,-14,720,-55614960
20:50:15.041,0,0.0,0,0,0,0,0,-2,372,8343242,13,81,-55614960
20:50:15.046,0,0.0,0,0,0,0,0,-8,2797,8343259,-8,-497,-55614968
20:50:15.051,0,0.0,0,0,0,0,0,1,890,8343247,31,-1650,-55614972
20:50:15.056,0,0.0,0,0,0,0,0,-14,-501,8343238,2,135,-55614960
20:50:15.061,0,0.0,0,0,0,0,0,-6,1423,8343249,-11,782,-55614960
20:50:15.066,0,0.0,0,0,0,0,0,-25,301,8343242,-19,-455,-55614968
20:50:15.071,0,0.0,0,0,0,0,0,12,120,8343241,-21,619,-55614960
20:50:15.076,0,0.0,0,0,0,0,0,24,268,8343242,16,626,-55614960
20:50:15.081,0,0.0,0,0,0,0,0,-14,-1094,8343233,2,650,-55614960
20:50:15.087,0,0.0,0,0,0,0,0,11,786,8343245,11,1163,-55614952
20:50:15.092,0,0.0,0,0,0,0,0,27,745,8343245,-3,-758,-55614968
20:50:15.097,0,0.0,0,0,0,0,0,-44,-1013,8343233,-8,-729,-55614968
20:50:15.102,0,0.0,0,0,0,0,0,-8,345,8343242,-24,687,-55614960
20:50:15.107,0,0.0,0,0,0,0,0,9,230,8343241,-3,-13,-55614964
20:50:15.112,0,0.0,0,0,0,0,0,0,2719,8343257,-3,-620,-55614968
20:50:15.117,0,0.0,0,0,0,0,0,6,358,8343242,9,-403,-55614968
20:50:15.122,0,0.0,0,0,0,0,0,9,217,8343241,-18,873,-55614960
20:50:15.127,0,0.0,0,0,0,0,0,6,302,8343242,12,-1682,-55614972
20:50:15.132,0,0.0,0,0,0,0,0,-8,310,8343242,20,135,-55614960
20:50:15.137,0,0.0,0,0,0,0,0,-26,102,8343241,-19,-1267,-55614968
20:50:15.142,0,0.0,0,0,0,0,0,-2,907,8343247,-3,503,-55614960
20:50:15.147,0,0.0,0,0,0,0,0,-34,131,8343241,15,1375,-55614952
20:50:15.153,0,0.0,0,0,0,0,0,3,-1122,8343233,1,-20,-55614960
20:50:15.158,0,0.0,0,0,0,0,0,6,337,8343242,21,564,-55614960
20:50:15.163,0,0.0,0,0,0,0,0,-14,-903,8343234,9,692,-55614960
20:50:15.168,0,0.0,0,0,0,0,0,6,-299,8343238,-8,-49,-55614960
20:50:15.173,0,0.0,0,0,0,0,0,3,-1633,8343231,-24,-1496,-55614968
20:50:15.178,0,0.0,0,0,0,0,0,-5,1297,8343249,-16,1073,-55614952
20:50:15.183,0,0.0,0,0,0,0,0,-2,271,8343242,-2,921,-55614952
20:50:15.188,0,0.0,0,0,0,0,0,18,831,8343247,-13,-774,-55614968
20:50:15.193,0,0.0,0,0,0,0,0,6,244,8343242,-10,1004,-55614952
20:50:15.198,0,0.0,0,0,0,0,0,6,231,8343242,-5,445,-55614960
20:50:15.203,0,0.0,0,0,0,0,0,-9,770,8343245,1,601,-55614960
20:50:15.208,0,0.0,0,0,0,0,0,-37,-881,8343234,-11,-289,-55614952
20:50:15.213,0,0.0,0,0,0,0,0,-11,220,8343241,19,-61,-55614960
20:50:15.218,0,0.0,0,0,0,0,0,6,121,8343241,21,553,-55614960
20:50:15.223,0,0.0,0,0,0,0,0,27,257,8343242,-10,-1348,-55614968
20:50:15.228,0,0.0,0,0,0,0,0,3,222,8343241,-3,648,-55614960
20:50:15.233,0,0.0,0,0,0,0,0,15,1345,8343249,-14,-551,-55614968
20:50:15.238,0,0.0,0,0,0,0,0,-5,746,8343245,8,-87,-55614964
20:50:15.244,0,0.0,0,0,0,0,0,0,245,8343242,-13,-518,-55614968
20:50:15.249,0,0.0,0,0,0,0,0,-2,-452,8343238,-4,600,-55614960
20:50:15.254,0,0.0,0,0,0,0,0,40,2083,8343254,4,724,-55614960
20:50:15.259,0,0.0,0,0,0,0,0,-2,355,8343242,-19,646,-55614960
20:50:15.264,0,0.0,0,0,0,0,0,-2,-348,8343238,-3,-752,-55614968
20:50:15.269,0,0.0,0,0,0,0,0,-23,279,8343242,-19,672,-55614960
20:50:15.274,0,0.0,0,0,0,0,0,-2,-1009,8343233,1,1771,-55614952
20:50:15.279,0,0.0,0,0,0,0,0,-11,208,8343241,-18,1162,-55614952
20:50:15.284,0,0.0,0,0,0,0,0,-32,931,8343247,4,1118,-55614952
20:50:15.289,0,0.0,0,0,0,0,0,-2,-230,8343238,-6,1266,-55614952
20:50:15.294,0,0.0,0,0,0,0,0,-5,1512,8343249,9,-1049,-55614968
20:50:15.299,0,0.0,0,0,0,0,0,6,-223,8343238,17,54,-55614964
20:50:15.304,0,0.0,0,0,0,0,0,-8,-1061,8343233,-16,-483,-55614968
20:50:15.309,0,0.0,0,0,0,0,0,0,295,8343242,12,230,-55614960
20:50:15.314,0,0.0,0,0,0,0,0,12,333,8343242,7,-1017,-55614968
20:50:15.319,0,0.0,0,0,0,0,0,-2,324,8343242,28,-1021,-55614968
20:50:15.324,0,0.0,0,0,0,0,0,-32,1404,8343249,-11,-1032,-55614968
20:50:15.330,0,0.0,0,0,0,0,0,21,176,8343241,5,-822,-55614968
20:50:15.335,0,0.0,0,0,0,0,0,3,-310,8343238,31,896,-55614960
20:50:15.340,0,0.0,0,0,0,0,0,9,340,8343242,-1,1313,-55614952
20:50:15.345,0,0.0,0,0,0,0,0,-11,386,8343242,-3,628,-55614960
20:50:15.350,0,0.0,0,0,0,0,0,3,315,8343242,-10,-384,-55614968
20:50:15.355,0,0.0,0,0,0,0,0,9,167,8343241,7,111,-55614964
20:50:15.360,0,0.0,0,0,0,0,0,6,839,8343245,-3,-1661,-55614972
20:50:15.365,0,0.0,0,0,0,0,0,75,-188,8343238,7,647,-55614960
20:50:15.370,0,0.0,0,0,0,0,0,12,358,8343242,12,1214,-55614952
20:50:15.375,0,0.0,0,0,0,0,0,12,-431,8343238,-3,817,-55614960
20:50:15.380,0,0.0,0,0,0,0,0,9,143,8343241,7,1,-55614964
20:50:15.385,0,0.0,0,0,0,0,0,24,308,8343242,-15,-633,-55614968
20:50:15.390,0,0.0,0,0,0,0,0,-32,764,8343245,21,879,-55614960
20:50:15.395,0,0.0,0,0,0,0,0,-29,316,8343242,-13,-923,-55614968
20:50:15.400,0,0.0,0,0,0,0,0,9,166,8343241,-13,-1621,-55614972
20:50:15.405,0,0.0,0,0,0,0,0,12,-295,8343238,-11,-870,-55614968
20:50:15.410,0,0.0,0,0,0,0,0,-22,762,8343245,-18,234,-55614964
20:50:15.416,0,0.0,0,0,0,0,0,21,-1034,8343233,-12,879,-55614960
20:50:15.421,0,0.0,0,0,0,0,0,47,-422,8343238,-4,792,-55614960
20:50:15.426,0,0.0,0,0,0,0,0,3,-492,8343238,3,784,-55614960
20:50:15.431,0,0.0,0,0,0,0,0,-2,1448,8343249,-11,-1240,-55614968
20:50:15.436,0,0.0,0,0,0,0,0,15,233,8343241,-10,685,-55614960
20:50:15.441,0,0.0,0,0,0,0,0,-2,1408,8343249,19,1320,-55614952
20:50:15.446,0,0.0,0,0,0,0,0,-11,291,8343242,18,-644,-55614968
20:50:15.451,0,0.0,0,0,0,0,0,-26,221,8343241,10,-1672,-55614972
20:50:15.456,0,0.0,0,0,0,0,0,-23,274,8343242,-10,56,-55614964
20:50:15.461,0,0.0,0,0,0,0,0,9,-259,8343238,-14,-560,-55614968
20:50:15.466,0,0.0,0,0,0,0,0,6,1443,8343249,8,694,-55614960
20:50:15.471,0,0.0,0,0,0,0,0,-32,187,8343241,12,-1077,-55614968
20:50:15.476,0,0.0,0,0,0,0,0,-11,200,8343241,-5,-986,-55614968
20:50:15.481,0,0.0,0,0,0,0,0,-23,314,8343242,0,782,-55614960
20:50:15.486,0,0.0,0,0,0,0,0,3,328,8343242,-14,-659,-55614960
20:50:15.491,0,0.0,0,0,0,0,0,-17,-270,8343238,-11,-1220,-55614968
20:50:15.497,0,0.0,0,0,0,0,0,6,803,8343245,15,537,-55614960
20:50:15.502,0,0.0,0,0,0,0,0,0,259,8343242,-7,1141,-55614952
20:50:15.507,0,0.0,0,0,0,0,0,-20,134,8343241,-21,878,-55614960
20:50:15.512,0,0.0,0,0,0,0,0,-11,-1486,8343231,34,24,-55614964
20:50:15.517,0,0.0,0,0,0,0,0,-5,-405,8343238,-8,-1731,-55614972
20:50:15.522,0,0.0,0,0,0,0,0,9,164,8343241,-8,-64,-55614964
20:50:15.527,0,0.0,0,0,0,0,0,-8,355,8343242,-6,-1185,-55614968
20:50:15.532,0,0.0,0,0,0,0,0,-14,-423,8343238,-8,668,-55614960
20:50:15.537,0,0.0,0,0,0,0,0,39,194,8343241,-24,-1691,-55614972
20:50:15.542,0,0.0,0,0,0,0,0,15,-275,8343238,-4,637,-55614960
20:50:15.547,0,0.0,0,0,0,0,0,-17,1598,8343250,-10,-980,-55614968
20:50:15.552,0,0.0,0,0,0,0,0,0,146,8343241,-8,76,-55614964
20:50:15.557,0,0.0,0,0,0,0,0,9,338,8343242,9,-1087,-55614968
20:50:15.562,0,0.0,0,0,0,0,0,9,808,8343245,23,1096,-55614952
20:50:15.567,0,0.0,0,0,0,0,0,-2,381,8343242,16,1140,-55614952
20:50:15.572,0,0.0,0,0,0,0,0,57,-862,8343234,25,464,-55614960
20:50:15.577,0,0.0,0,0,0,0,0,-5,-478,8343242,43,-1083,-55614968
20:50:15.582,0,0.0,0,0,0,0,0,6,742,8343245,-2,1243,-55614952
20:50:15.588,0,0.0,0,0,0,0,0,-31,775,8343245,3,891,-55614960
20:50:15.593,0,0.0,0,0,0,0,0,-52,-459,8343238,16,1432,-55614952
20:50:15.598,0,0.0,0,0,0,0,0,9,-323,8343238,8,803,-55614960
20:50:15.603,0,0.0,0,0,0,0,0,18,-1130,8343233,12,-1195,-55614968
20:50:15.608,0,0.0,0,0,0,0,0,27,717,8343245,-3,1194,-55614952
20:50:15.613,0,0.0,0,0,0,0,0,-8,-369,8343238,4,-315,-55614968
20:50:15.618,0,0.0,0,0,0,0,0,0,308,8343242,0,676,-55614960
20:50:15.623,0,0.0,0,0,0,0,0,-8,-499,8343238,-10,-507,-55614968
20:50:15.628,0,0.0,0,0,0,0,0,-9,2045,8343254,1,-498,-55614968
20:50:15.633,0,0.0,0,0,0,0,0,-23,326,8343242,-6,-1075,-55614968
20:50:15.638,0,0.0,0,0,0,0,0,12,226,8343242,-4,605,-55614960
20:50:15.643,0,0.0,0,0,0,0,0,-11,1963,8343254,33,751,-55614960
20:50:15.648,0,0.0,0,0,0,0,0,-8,230,8343241,-13,682,-55614960
20:50:15.653,0,0.0,0,0,0,0,0,-20,-721,8343234,9,1298,-55614952
20:50:15.658,0,0.0,0,0,0,0,0,6,1492,8343249,-34,840,-55614960
20:50:15.663,0,0.0,0,0,0,0,0,-5,427,8343242,-14,550,-55614960
20:50:15.668,0,0.0,0,0,0,0,0,23,-139,8343238,-8,-1731,-55614972
20:50:15.674,0,0.0,0,0,0,0,0,-5,279,8343241,1,651,-55614960
20:50:15.679,0,0.0,0,0,0,0,0,-5,414,8343242,-5,137,-55614960
20:50:15.684,0,0.0,0,0,0,0,0,-5,-292,8343238,-24,-80,-55614964
20:50:15.689,0,0.0,0,0,0,0,0,-3,380,8343242,1,521,-55614960
20:50:15.694,0,0.0,0,0,0,0,0,15,87,8343241,17,-621,-55614968
20:50:15.699,0,0.0,0,0,0,0,0,6,-503,8343238,9,-455,-55614968
20:50:15.704,0,0.0,0,0,0,0,0,27,836,8343245,7,-602,-55614968
20:50:15.709,0,0.0,0,0,0,0,0,9,-3975,8343214,2,759,-55614960
20:50:15.714,0,0.0,0,0,0,0,0,-5,-331,8343238,2,1206,-55614952
20:50:15.719,0,0.0,0,0,0,0,0,0,229,8343241,-10,1171,-55614952
20:50:15.724,0,0.0,0,0,0,0,0,0,164,8343241,-13,638,-55614960
20:50:15.729,0,0.0,0,0,0,0,0,15,291,8343242,17,787,-55614960
20:50:15.734,0,0.0,0,0,0,0,0,3,208,8343242,2,-1753,-55614972
20:50:15.739,0,0.0,0,0,0,0,0,3,-546,8343238,18,-1698,-55614972
20:50:15.744,0,0.0,0,0,0,0,0,-2,-1109,8343233,10,773,-55614960
20:50:15.749,0,0.0,0,0,0,0,0,-23,287,8343242,7,737,-55614960
20:50:15.754,0,0.0,0,0,0,0,0,-5,307,8343242,-16,-756,-55614968
20:50:15.760,0,0.0,0,0,0,0,0,1,1576,8343250,-20,131,-55614960
20:50:15.765,0,0.0,0,0,0,0,0,-8,-161,8343238,26,1275,-55614952
20:50:15.770,0,0.0,0,0,0,0,0,-11,152,8343241,-9,89,-55614960
20:50:15.775,0,0.0,0,0,0,0,0,6,832,8343245,12,90,-55614960
20:50:15.780,0,0.0,0,0,0,0,0,-2,-240,8343238,-6,-31,-55614964
20:50:15.785,0,0.0,0,0,0,0,0,30,314,8343242,-19,-1184,-55614968
20:50:15.790,0,0.0,0,0,0,0,0,3,-440,8343238,-2,-900,-55614968
20:50:15.795,0,0.0,0,0,0,0,0,-2,127,8343241,-8,-227,-55614968
20:50:15.800,0,0.0,0,0,0,0,0,3,274,8343242,17,-455,-55614968
20:50:15.805,0,0.0,0,0,0,0,0,29,-310,8343238,1,-455,-55614968
20:50:15.810,0,0.0,0,0,0,0,0,33,263,8343242,0,175,-55614960
20:50:15.815,0,0.0,0,0,0,0,0,-32,268,8343242,-8,-624,-55614968
20:50:15.820,0,0.0,0,0,0,0,0,-18,863,8343247,17,-1442,-55614968
20:50:15.825,0,0.0,0,0,0,0,0,21,814,8343245,9,-81,-55614960
20:50:15.830,0,0.0,0,0,0,0,0,0,-345,8343238,4,-1465,-55614968
20:50:15.835,0,0.0,0,0,0,0,0,9,-1141,8343233,-21,-1910,-55614972
20:50:15.840,0,0.0,0,0,0,0,0,-5,372,8343242,1,-1433,-55614968
20:50:15.845,0,0.0,0,0,0,0,0,3,2137,8343254,-15,-693,-55614968
20:50:15.851,0,0.0,0,0,0,0,0,-17,-304,8343238,-16,304,-55614960
20:50:15.856,0,0.0,0,0,0,0,0,-5,746,8343245,-30,-5,-55614960
20:50:15.861,0,0.0,0,0,0,0,0,-26,201,8343241,1,479,-55614960
20:50:15.866,0,0.0,0,0,0,0,0,-26,248,8343241,-10,-1280,-55614968
20:50:15.871,0,0.0,0,0,0,0,0,15,-266,8343238,-11,626,-55614960
20:50:15.876,0,0.0,0,0,0,0,0,15,1628,8343250,-27,667,-55614960
20:50:15.881,0,0.0,0,0,0,0,0,-41,-457,8343238,-6,-629,-55614968
20:50:15.886,0,0.0,0,0,0,0,0,-5,-869,8343234,9,26,-55614960
20:50:15.891,0,0.0,0,0,0,0,0,-19,-1494,8343231,5,-672,-55614968
20:50:15.896,0,0.0,0,0,0,0,0,-5,141,8343241,-5,-1219,-55614968
20:50:15.901,0,0.0,0,0,0,0,0,-20,1420,8343249,4,1179,-55614952
20:50:15.906,0,0.0,0,0,0,0,0,56,-967,8343233,5,-1132,-55614968
20:50:15.911,0,0.0,0,0,0,0,0,-2,-2084,8343226,24,74,-55614960
20:50:15.916,0,0.0,0,0,0,0,0,6,373,8343242,-8,-1084,-55614968
20:50:15.921,0,0.0,0,0,0,0,0,-8,396,8343242,10,1223,-55614952
20:50:15.926,0,0.0,0,0,0,0,0,3,228,8343241,12,-1119,-55614968
20:50:15.931,0,0.0,0,0,0,0,0,33,1504,8343249,28,-1305,-55614968
20:50:15.937,0,0.0,0,0,0,0,0,6,-236,8343238,-10,1105,-55614952
20:50:15.942,0,0.0,0,0,0,0,0,0,215,8343241,10,-1284,-55614968
20:50:15.947,0,0.0,0,0,0,0,0,0,830,8343245,5,586,-55614960
20:50:15.952,0,0.0,0,0,0,0,0,0,299,8343241,-10,-603,-55614968
20:50:15.957,0,0.0,0,0,0,0,0,0,405,8343242,-11,658,-55614960
20:50:15.962,0,0.0,0,0,0,0,0,12,209,8343241,-10,516,-55614960
20:50:15.967,0,0.0,0,0,0,0,0,12,-892,8343234,-5,-1734,-55614972
20:50:15.972,0,0.0,0,0,0,0,0,-5,426,8343242,-6,748,-55614960
20:50:15.977,0,0.0,0,0,0,0,0,-20,1411,8343249,-39,699,-55614960
20:50:15.982,0,0.0,0,0,0,0,0,-32,-300,8343238,-5,-629,-55614968
20:50:15.987,0,0.0,0,0,0,0,0,-11,103,8343241,-8,-1716,-55614972
20:50:15.992,0,0.0,0,0,0,0,0,6,222,8343242,-27,565,-55614960
20:50:15.997,0,0.0,0,0,0,0,0,-5,281,8343242,28,82,-55614960
20:50:16.002,0,0.0,0,0,0,0,0,6,-870,8343234,1,633,-55614960
20:50:16.007,0,0.0,0,0,0,0,0,-2,347,8343242,18,510,-55614960
20:50:16.012,0,0.0,0,0,0,0,0,-26,418,8343242,17,-1227,-55614968
20:50:16.017,0,0.0,0,0,0,0,0,-8,397,8343242,19,648,-55614960
20:50:16.023,0,0.0,0,0,0,0,0,-8,388,8343242,-14,-1404,-55614968
20:50:16.028,0,0.0,0,0,0,0,0,-8,353,8343242,20,-47,-55614960
20:50:16.033,0,0.0,0,0,0,0,0,3,357,8343242,-3,636,-55614960
20:50:16.038,0,0.0,0,0,0,0,0,-2,-475,8343238,15,-1157,-55614968
20:50:16.043,0,0.0,0,0,0,0,0,12,-2157,8343226,-9,695,-55614960
20:50:16.048,0,0.0,0,0,0,0,0,-23,194,8343241,0,727,-55614960
20:50:16.053,0,0.0,0,0,0,0,0,30,185,8343241,-27,-502,-55614968
20:50:16.058,0,0.0,0,0,0,0,0,12,777,8343245,-37,-1323,-55614968
20:50:16.063,0,0.0,0,0,0,0,0,8,-1149,8343233,20,1360,-55614952
20:50:16.068,0,0.0,0,0,0,0,0,3,198,8343242,-7,654,-55614960
20:50:16.073,0,0.0,0,0,0,0,0,-17,797,8343245,-1,452,-55614960
20:50:16.078,0,0.0,0,0,0,0,0,-17,176,8343241,7,-1912,-55614972
20:50:16.083,0,0.0,0,0,0,0,0,3,170,8343241,3,-200,-55614964
20:50:16.088,0,0.0,0,0,0,0,0,-2,-1086,8343233,31,466,-55614960
20:50:16.093,0,0.0,0,0,0,0,0,-11,134,8343241,1,722,-55614960
20:50:16.099,0,0.0,0,0,0,0,0,-2,316,8343242,-9,638,-55614960
20:50:16.104,0,0.0,0,0,0,0,0,-5,374,8343242,-8,536,-55614960
20:50:16.109,0,0.0,0,0,0,0,0,-8,262,8343241,-11,-870,-55614968
20:50:16.114,0,0.0,0,0,0,0,0,-14,501,8343242,17,-627,-55614968
20:50:16.119,0,0.0,0,0,0,0,0,-14,-304,8343238,25,1049,-55614952
20:50:16.124,0,0.0,0,0,0,0,0,32,841,8343247,10,526,-55614960
20:50:16.129,0,0.0,0,0,0,0,0,12,78,8343241,28,314,-55614960
20:50:16.134,0,0.0,0,0,0,0,0,-14,772,8343245,-15,-1136,-55614968
20:50:16.139,0,0.0,0,0,0,0,0,24,181,8343241,-22,-408,-55614960
20:50:16.144,0,0.0,0,0,0,0,0,-2,267,8343242,6,638,-55614952
20:50:16.149,0,0.0,0,0,0,0,0,-57,-1537,8343231,-8,769,-55614952
20:50:16.154,0,0.0,0,0,0,0,0,0,149,8343241,31,1009,-55614952
20:50:16.159,0,0.0,0,0,0,0,0,60,124,8343241,-25,-1374,-55614968
20:50:16.164,0,0.0,0,0,0,0,0,-29,-986,8343234,10,380,-55614960
20:50:16.169,0,0.0,0,0,0,0,0,-14,-945,8343234,-11,-1045,-55614968
20:50:16.174,0,0.0,0,0,0,0,0,-2,131,8343241,12,970,-55614952
20:50:16.179,0,0.0,0,0,0,0,0,6,-919,8343234,-2,-435,-55614964
20:50:16.185,0,0.0,0,0,0,0,0,3,1012,8343247,-14,-311,-55614964
20:50:16.190,0,0.0,0,0,0,0,0,-14,349,8343242,-10,643,-55614960
20:50:16.195,0,0.0,0,0,0,0,0,12,-1690,8343229,-9,1059,-55614952
20:50:16.200,0,0.0,0,0,0,0,0,1,2259,8343254,15,410,-55614960
20:50:16.205,0,0.0,0,0,0,0,0,18,309,8343242,10,980,-55614952
20:50:16.210,0,0.0,0,0,0,0,0,-5,-1022,8343233,-3,-1948,-55614972
20:50:16.215,0,0.0,0,0,0,0,0,15,-303,8343238,1,-1584,-55614968
20:50:16.220,0,0.0,0,0,0,0,0,12,148,8343241,31,292,-55614960
20:50:16.225,0,0.0,0,0,0,0,0,6,766,8343245,-6,491,-55614960
20:50:16.230,0,0.0,0,0,0,0,0,6,-1049,8343233,22,-750,-55614968
20:50:16.235,0,0.0,0,0,0,0,0,33,942,8343247,-19,858,-55614952
20:50:16.240,0,0.0,0,0,0,0,0,9,266,8343242,10,891,-55614952
20:50:16.245,0,0.0,0,0,0,0,0,9,332,8343242,-19,-901,-55614968
20:50:16.250,0,0.0,0,0,0,0,0,-11,1577,8343250,5,427,-55614960
20:50:16.256,0,0.0,0,0,0,0,0,-17,256,8343242,25,292,-55614960
20:50:16.261,0,0.0,0,0,0,0,0,-32,-367,8343238,19,324,-55614960
20:50:16.266,0,0.0,0,0,0,0,0,12,227,8343242,-27,-1731,-55614968
20:50:16.271,0,0.0,0,0,0,0,0,58,-1709,8343229,1,-1577,-55614968
20:50:16.276,0,0.0,0,0,0,0,0,60,-474,8343238,10,299,-55614960
20:50:16.281,0,0.0,0,0,0,0,0,15,158,8343241,-12,96,-55614960
20:50:16.286,0,0.0,0,0,0,0,0,0,325,8343242,8,240,-55614960
20:50:16.291,0,0.0,0,0,0,0,0,0,891,8343247,-6,190,-55614960
20:50:16.296,0,0.0,0,0,0,0,0,48,348,8343242,-5,709,-55614952
20:50:16.301,0,0.0,0,0,0,0,0,-81,-1679,8343229,10,806,-55614952
20:50:16.306,0,0.0,0,0,0,0,0,12,-461,8343238,6,347,-55614960
20:50:16.311,0,0.0,0,0,0,0,0,24,318,8343242,-14,352,-55614960
20:50:16.317,0,0.0,0,0,0,0,0,-2,-817,8343234,7,315,-55614960
20:50:16.322,0,0.0,0,0,0,0,0,15,417,8343242,-4,240,-55614960
20:50:16.327,0,0.0,0,0,0,0,0,-8,454,8343242,-5,-2362,-55614972
20:50:16.332,0,0.0,0,0,0,0,0,0,988,8343247,15,-1146,-55614968
20:50:16.337,0,0.0,0,0,0,0,0,-8,360,8343242,-9,1440,-55614952
20:50:16.342,0,0.0,0,0,0,0,0,-20,320,8343242,-16,-308,-55614964
20:50:16.347,0,0.0,0,0,0,0,0,36,2102,8343254,11,306,-55614960
20:50:16.352,0,0.0,0,0,0,0,0,-5,151,8343241,-37,-1464,-55614968
20:50:16.357,0,0.0,0,0,0,0,0,-5,-1102,8343233,-5,837,-55614952
20:50:16.362,0,0.0,0,0,0,0,0,-8,-1600,8343231,-4,369,-55614960
20:50:16.367,0,0.0,0,0,0,0,0,2,1388,8343249,12,266,-55614960
20:50:16.372,0,0.0,0,0,0,0,0,0,129,8343241,0,351,-55614960
20:50:16.377,0,0.0,0,0,0,0,0,9,-471,8343238,-14,712,-55614952
20:50:16.382,0,0.0,0,0,0,0,0,0,160,8343241,-8,-519,-55614964
20:50:16.387,0,0.0,0,0,0,0,0,-5,-460,8343238,-18,-471,-55614964
20:50:16.392,0,0.0,0,0,0,0,0,-40,278,8343242,18,170,-55614960
20:50:16.397,0,0.0,0,0,0,0,0,9,-351,8343238,14,702,-55614952
20:50:16.403,0,0.0,0,0,0,0,0,-11,212,8343241,-15,716,-55614952
20:50:16.408,0,0.0,0,0,0,0,0,18,758,8343245,-9,216,-55614960
20:50:16.413,0,0.0,0,0,0,0,0,9,100,8343241,17,126,-55614960
20:50:16.418,0,0.0,0,0,0,0,0,6,-2152,8343226,-18,96,-55614960
20:50:16.423,0,0.0,0,0,0,0,0,-8,151,8343241,16,245,-55614960
20:50:16.428,0,0.0,0,0,0,0,0,-11,272,8343242,-2,687,-55614952
20:50:16.433,0,0.0,0,0,0,0,0,-43,-1621,8343231,12,327,-55614960
20:50:16.438,0,0.0,0,0,0,0,0,-8,-1743,8343229,-7,216,-55614960
20:50:16.443,0,0.0,0,0,0,0,0,12,-1725,8343229,-7,693,-55614952
20:50:16.448,0,0.0,0,0,0,0,0,-8,996,8343247,31,665,-55614952
20:50:16.453,0,0.0,0,0,0,0,0,-40,-310,8343238,2,207,-55614960
20:50:16.458,0,0.0,0,0,0,0,0,3,739,8343245,-7,191,-55614960
20:50:16.463,0,0.0,0,0,0,0,0,42,267,8343242,-24,-1090,-55614968
20:50:16.468,0,0.0,0,0,0,0,0,-5,148,8343241,-14,-432,-55614964
20:50:16.473,0,0.0,0,0,0,0,0,29,166,8343241,18,798,-55614952
20:50:16.478,0,0.0,0,0,0,0,0,36,738,8343245,-12,-1604,-55614968
20:50:16.483,0,0.0,0,0,0,0,0,-2,801,8343245,22,-959,-55614968
20:50:16.488,0,0.0,0,0,0,0,0,18,-1620,8343231,-5,134,-55614960
20:50:16.494,0,0.0,0,0,0,0,0,0,892,8343247,12,-1701,-55614968
20:50:16.499,0,0.0,0,0,0,0,0,3,225,8343242,9,893,-55614952
20:50:16.504,0,0.0,0,0,0,0,0,3,119,8343241,10,-1592,-55614968
20:50:16.509,0,0.0,0,0,0,0,0,9,-1179,8343233,-6,301,-55614960
20:50:16.514,0,0.0,0,0,0,0,0,9,-1669,8343229,-11,85,-55614960
20:50:16.519,0,0.0,0,0,0,0,0,12,-208,8343238,10,234,-55614960
20:50:16.524,0,0.0,0,0,0,0,0,9,377,8343242,9,633,-55614952
20:50:16.529,0,0.0,0,0,0,0,0,-5,332,8343242,-16,44,-55614960
20:50:16.534,0,0.0,0,0,0,0,0,18,820,8343245,-1,622,-55614952
20:50:16.539,0,0.0,0,0,0,0,0,12,378,8343242,-15,225,-55614960
20:50:16.544,0,0.0,0,0,0,0,0,-26,371,8343242,-18,764,-55614952
20:50:16.549,0,0.0,0,0,0,0,0,-20,-384,8343238,-16,718,-55614952
20:50:16.554,0,0.0,0,0,0,0,0,-8,319,8343242,25,188,-55614960
20:50:16.559,0,0.0,0,0,0,0,0,3,251,8343242,-4,208,-55614960
20:50:16.564,0,0.0,0,0,0,0,0,18,179,8343241,-9,291,-55614960
20:50:16.569,0,0.0,0,0,0,0,0,-8,-498,8343238,1,-405,-55614960
20:50:16.574,0,0.0,0,0,0,0,0,-2,229,8343242,-16,190,-55614960
20:50:16.579,0,0.0,0,0,0,0,0,6,-1595,8343231,12,7,-55614960
20:50:16.585,0,0.0,0,0,0,0,0,-2,130,8343241,29,711,-55614952
20:50:16.590,0,0.0,0,0,0,0,0,-8,-327,8343238,-17,635,-55614952
20:50:16.595,0,0.0,0,0,0,0,0,21,155,8343241,-3,-1805,-55614968
20:50:16.600,0,0.0,0,0,0,0,0,-56,63,8343241,9,-17,-55614960
20:50:16.605,0,0.0,0,0,0,0,0,-20,281,8343242,14,-642,-55614964
20:50:16.610,0,0.0,0,0,0,0,0,-44,-331,8343238,7,189,-55614960
20:50:16.615,0,0.0,0,0,0,0,0,0,235,8343241,-11,277,-55614960
20:50:16.620,0,0.0,0,0,0,0,0,-2,-443,8343238,-15,-1737,-55614968
20:50:16.625,0,0.0,0,0,0,0,0,-8,-2172,8343226,11,728,-55614952
20:50:16.630,0,0.0,0,0,0,0,0,-17,374,8343242,-3,239,-55614960
20:50:16.635,0,0.0,0,0,0,0,0,-49,-471,8343238,-16,-1606,-55614968
20:50:16.640,0,0.0,0,0,0,0,0,-2,347,8343242,26,-1215,-55614968
20:50:16.645,0,0.0,0,0,0,0,0,9,-473,8343238,2,-1041,-55614968
20:50:16.651,0,0.0,0,0,0,0,0,-5,284,8343242,-27,71,-55614960
20:50:16.656,0,0.0,0,0,0,0,0,12,730,8343245,5,-488,-55614964
20:50:16.661,0,0.0,0,0,0,0,0,-11,-1142,8343233,-18,810,-55614952
20:50:16.666,0,0.0,0,0,0,0,0,6,344,8343242,7,250,-55614960
20:50:16.671,0,0.0,0,0,0,0,0,0,91,8343241,1,-829,-55614968
20:50:16.676,0,0.0,0,0,0,0,0,-23,-400,8343238,-11,841,-55614952
20:50:16.681,0,0.0,0,0,0,0,0,0,213,8343242,2,-1437,-55614968
20:50:16.686,0,0.0,0,0,0,0,0,9,-519,8343238,5,452,-55614960
20:50:16.691,0,0.0,0,0,0,0,0,-2,253,8343242,15,945,-55614952
20:50:16.696,0,0.0,0,0,0,0,0,-60,-1125,8343233,-1,854,-55614952
20:50:16.702,0,0.0,0,0,0,0,0,-17,264,8343242,0,814,-55614952
20:50:16.707,0,0.0,0,0,0,0,0,-17,-469,8343238,7,-294,-55614960
20:50:16.712,0,0.0,0,0,0,0,0,-14,380,8343242,10,728,-55614952
20:50:16.717,0,0.0,0,0,0,0,0,-38,1087,8343247,-3,168,-55614960
20:50:16.722,0,0.0,0,0,0,0,0,9,-2925,8343221,-2,-1771,-55614968
20:50:16.727,0,0.0,0,0,0,0,0,-2,429,8343242,25,-1747,-55614968
20:50:16.732,0,0.0,0,0,0,0,0,-11,153,8343241,-11,-2308,-55614972
20:50:16.737,0,0.0,0,0,0,0,0,-14,1406,8343249,4,62,-55614960
20:50:16.742,0,0.0,0,0,0,0,0,-5,777,8343245,-1,659,-55614952
20:50:16.747,0,0.0,0,0,0,0,0,-77,-885,8343234,-8,-419,-55614960
20:50:16.752,0,0.0,0,0,0,0,0,3,156,8343241,22,853,-55614952
20:50:16.757,0,0.0,0,0,0,0,0,-23,175,8343241,-3,904,-55614952
20:50:16.762,0,0.0,0,0,0,0,0,18,303,8343242,10,826,-55614952
20:50:16.767,0,0.0,0,0,0,0,0,-14,184,8343241,16,369,-55614960
20:50:16.773,0,0.0,0,0,0,0,0,6,-235,8343238,9,415,-55614960
20:50:16.778,0,0.0,0,0,0,0,0,6,-972,8343233,25,-1692,-55614968
20:50:16.783,0,0.0,0,0,0,0,0,18,474,8343242,-21,-1500,-55614968
20:50:16.788,0,0.0,0,0,0,0,0,3,208,8343241,-4,330,-55614960
20:50:16.793,0,0.0,0,0,0,0,0,9,352,8343242,2,807,-55614952
20:50:16.798,0,0.0,0,0,0,0,0,0,777,8343245,-8,731,-55614952
20:50:16.803,0,0.0,0,0,0,0,0,-26,122,8343241,-12,-343,-55614960
20:50:16.808,0,0.0,0,0,0,0,0,15,765,8343245,2,328,-55614960
20:50:16.813,0,0.0,0,0,0,0,0,-8,-386,8343238,-5,-2220,-55614972
20:50:16.818,0,0.0,0,0,0,0,0,27,173,8343241,-19,706,-55614952
20:50:16.823,0,0.0,0,0,0,0,0,12,158,8343241,3,340,-55614960
20:50:16.828,0,0.0,0,0,0,0,0,0,2101,8343254,-3,785,-55614952
20:50:16.833,0,0.0,0,0,0,0,0,12,326,8343242,-35,337,-55614960
20:50:16.838,0,0.0,0,0,0,0,0,-7,-1055,8343233,-9,811,-55614952
20:50:16.843,0,0.0,0,0,0,0,0,-2,876,8343245,12,768,-55614952
20:50:16.848,0,0.0,0,0,0,0,0,-5,407,8343242,-28,371,-55614960
20:50:16.854,0,0.0,0,0,0,0,0,36,361,8343242,9,851,-55614952
20:50:16.859,0,0.0,0,0,0,0,0,-8,881,8343245,-22,362,-55614960
20:50:16.864,0,0.0,0,0,0,0,0,-14,166,8343241,0,368,-55614960
20:50:16.869,0,0.0,0,0,0,0,0,-26,298,8343242,7,-299,-55614960
20:50:16.874,0,0.0,0,0,0,0,0,9,-533,8343238,4,329,-55614960
20:50:16.879,0,0.0,0,0,0,0,0,-16,297,8343242,11,694,-55614952
20:50:16.884,0,0.0,0,0,0,0,0,6,761,8343245,2,207,-55614960
20:50:16.889,0,0.0,0,0,0,0,0,30,-267,8343238,-5,233,-55614960
20:50:16.894,0,0.0,0,0,0,0,0,9,-407,8343238,23,246,-55614960
20:50:16.899,0,0.0,0,0,0,0,0,18,1020,8343247,5,-385,-55614960
20:50:16.904,0,0.0,0,0,0,0,0,-29,1478,8343249,20,330,-55614960
20:50:16.909,0,0.0,0,0,0,0,0,-8,-475,8343238,-32,-896,-55614968
20:50:16.914,0,0.0,0,0,0,0,0,-8,285,8343242,16,1050,-55614952
20:50:16.919,0,0.0,0,0,0,0,0,3,77,8343241,3,873,-55614952
20:50:16.924,0,0.0,0,0,0,0,0,-14,224,8343242,34,879,-55614952
20:50:16.929,0,0.0,0,0,0,0,0,-5,171,8343241,-11,373,-55614960
20:50:16.934,0,0.0,0,0,0,0,0,-8,-1486,8343231,-9,-1540,-55614968
20:50:16.940,0,0.0,0,0,0,0,0,-23,237,8343241,-3,101,-55614960
20:50:16.945,0,0.0,0,0,0,0,0,-2,406,8343242,-16,-2207,-55614972
20:50:16.950,0,0.0,0,0,0,0,0,12,358,8343242,-2,-1470,-55614968
20:50:16.955,0,0.0,0,0,0,0,0,-49,217,8343241,-2,305,-55614960
20:50:16.960,0,0.0,0,0,0,0,0,-14,201,8343241,-8,-1655,-55614968
20:50:16.965,0,0.0,0,0,0,0,0,-8,1039,8343247,1,247,-55614960
20:50:16.970,0,0.0,0,0,0,0,0,-5,850,8343245,3,819,-55614952
20:50:16.975,0,0.0,0,0,0,0,0,10,-942,8343234,-3,107,-55614960
20:50:16.980,0,0.0,0,0,0,0,0,6,260,8343242,-8,282,-55614960
20:50:16.985,0,0.0,0,0,0,0,0,-6,737,8343245,7,789,-55614952
20:50:16.990,0,0.0,0,0,0,0,0,9,118,8343241,1,747,-55614952
20:50:16.995,0,0.0,0,0,0,0,0,18,-397,8343238,23,-267,-55614960
20:50:17.000,0,0.0,0,0,0,0,0,-2,-354,8343238,11,-376,-55614964
20:50:17.005,0,0.0,0,0,0,0,0,-26,1463,8343250,-14,841,-55614952
20:50:17.010,0,0.0,0,0,0,0,0,0,190,8343241,-21,-1579,-55614968
20:50:17.016,0,0.0,0,0,0,0,0,3,205,8343241,11,914,-55614952
20:50:17.021,0,0.0,0,0,0,0,0,-11,-375,8343238,7,-1038,-55614968
20:50:17.026,0,0.0,0,0,0,0,0,24,332,8343242,-10,300,-55614960
20:50:17.031,0,0.0,0,0,0,0,0,24,822,8343245,-4,-303,-55614960
20:50:17.036,0,0.0,0,0,0,0,0,-8,153,8343241,21,821,-55614952
20:50:17.041,0,0.0,0,0,0,0,0,6,850,8343245,0,780,-55614952
20:50:17.046,0,0.0,0,0,0,0,0,-11,-1075,8343233,28,246,-55614960
20:50:17.051,0,0.0,0,0,0,0,0,18,360,8343242,17,837,-55614952
20:50:17.056,0,0.0,0,0,0,0,0,3,335,8343242,10,-1692,-55614968
20:50:17.061,0,0.0,0,0,0,0,0,9,222,8343241,4,359,-55614960
20:50:17.066,0,0.0,0,0,0,0,0,6,-274,8343238,5,968,-55614952
20:50:17.071,0,0.0,0,0,0,0,0,35,-295,8343238,-24,948,-55614952
20:50:17.076,0,0.0,0,0,0,0,0,0,1421,8343249,23,219,-55614960
20:50:17.081,0,0.0,0,0,0,0,0,-11,180,8343241,-3,842,-55614952
20:50:17.086,0,0.0,0,0,0,0,0,-17,123,8343241,-11,-992,-55614968
20:50:17.091,0,0.0,0,0,0,0,0,0,-1015,8343233,-7,883,-55614952
20:50:17.096,0,0.0,0,0,0,0,0,-12,-1035,8343233,-17,408,-55614960
20:50:17.101,0,0.0,0,0,0,0,0,0,792,8343245,-17,912,-55614952
20:50:17.107,0,0.0,0,0,0,0,0,-53,-929,8343234,-13,427,-55614960
20:50:17.112,0,0.0,0,0,0,0,0,-8,-414,8343238,-31,473,-55614960
20:50:17.117,0,0.0,0,0,0,0,0,-5,274,8343241,41,1025,-55614952
20:50:17.122,0,0.0,0,0,0,0,0,18,1363,8343249,6,-178,-55614960
20:50:17.127,0,0.0,0,0,0,0,0,27,-2239,8343226,-26,486,-55614960
20:50:17.132,0,0.0,0,0,0,0,0,-11,-1615,8343231,-15,-992,-55614968
20:50:17.137,0,0.0,0,0,0,0,0,-2,301,8343242,5,399,-55614960
20:50:17.142,0,0.0,0,0,0,0,0,41,-229,8343238,-19,-242,-55614960
20:50:17.147,0,0.0,0,0,0,0,0,-34,-2120,8343226,-16,790,-55614952
20:50:17.152,0,0.0,0,0,0,0,0,-14,966,8343247,-23,297,-55614960
20:50:17.157,0,0.0,0,0,0,0,0,12,375,8343242,-6,426,-55614960
20:50:17.163,0,0.0,0,0,0,0,0,9,842,8343245,3,561,-55614960
20:50:17.168,0,0.0,0,0,0,0,0,23,250,8343241,-21,-1568,-55614968
20:50:17.173,0,0.0,0,0,0,0,0,-2,418,8343242,-10,-2032,-55614972
20:50:17.178,0,0.0,0,0,0,0,0,-46,-1517,8343231,-3,400,-55614960
20:50:17.183,0,0.0,0,0,0,0,0,3,150,8343241,29,515,-55614960
20:50:17.188,0,0.0,0,0,0,0,0,64,-2119,8343226,-18,-1350,-55614968
20:50:17.193,0,0.0,0,0,0,0,0,3,179,8343241,15,-205,-55614960
20:50:17.198,0,0.0,0,0,0,0,0,6,259,8343242,0,217,-55614960
20:50:17.203,0,0.0,0,0,0,0,0,0,161,8343241,16,-425,-55614964
20:50:17.208,0,0.0,0,0,0,0,0,12,1421,8343249,0,600,-55614960
20:50:17.213,0,0.0,0,0,0,0,0,-14,-1607,8343229,-7,1051,-55614952
20:50:17.218,0,0.0,0,0,0,0,0,-2,-923,8343234,-2,-1937,-55614972
20:50:17.223,0,0.0,0,0,0,0,0,0,406,8343242,0,-1504,-55614968
20:50:17.228,0,0.0,0,0,0,0,0,6,2018,8343254,-8,-305,-55614964
20:50:17.233,0,0.0,0,0,0,0,0,6,-303,8343238,14,-989,-55614968
20:50:17.238,0,0.0,0,0,0,0,0,9,326,8343242,-11,586,-55614960
20:50:17.243,0,0.0,0,0,0,0,0,15,-1145,8343233,10,1024,-55614952
20:50:17.249,0,0.0,0,0,0,0,0,-2,304,8343242,22,-1280,-55614968
20:50:17.254,0,0.0,0,0,0,0,0,24,-367,8343238,7,995,-55614952
20:50:17.259,0,0.0,0,0,0,0,0,0,105,8343241,-6,448,-55614960
20:50:17.264,0,0.0,0,0,0,0,0,6,295,8343242,23,474,-55614960
20:50:17.269,0,0.0,0,0,0,0,0,3,158,8343241,-5,1153,-55614952
20:50:17.274,0,0.0,0,0,0,0,0,6,-420,8343238,5,591,-55614960
20:50:17.279,0,0.0,0,0,0,0,0,-19,-1726,8343229,-1,595,-55614960
20:50:17.284,0,0.0,0,0,0,0,0,0,-309,8343238,0,552,-55614960
20:50:17.289,0,0.0,0,0,0,0,0,9,-976,8343233,19,728,-55614960
20:50:17.294,0,0.0,0,0,0,0,0,12,-986,8343233,5,633,-55614960
20:50:17.299,0,0.0,0,0,0,0,0,-2,222,8343241,1,535,-55614960
20:50:17.304,0,0.0,0,0,0,0,0,0,-289,8343238,10,-784,-55614968
20:50:17.309,0,0.0,0,0,0,0,0,6,-1027,8343242,15,758,-55614960
20:50:17.314,0,0.0,0,0,0,0,0,-29,-245,8343238,2,146,-55614960
20:50:17.319,0,0.0,0,0,0,0,0,18,331,8343242,32,1098,-55614952
20:50:17.324,0,0.0,0,0,0,0,0,0,858,8343245,26,590,-55614960
20:50:17.330,0,0.0,0,0,0,0,0,-2,204,8343241,0,-764,-55614968
20:50:17.335,0,0.0,0,0,0,0,0,33,1631,8343250,5,-143,-55614964
20:50:17.340,0,0.0,0,0,0,0,0,-20,312,8343242,25,-461,-55614968
20:50:17.345,0,0.0,0,0,0,0,0,-60,-1536,8343231,-25,799,-55614960
20:50:17.350,0,0.0,0,0,0,0,0,-11,382,8343242,15,-664,-55614968
20:50:17.355,0,0.0,0,0,0,0,0,3,997,8343247,26,818,-55614960
20:50:17.360,0,0.0,0,0,0,0,0,18,290,8343242,10,-1056,-55614968
20:50:17.365,0,0.0,0,0,0,0,0,12,76,8343241,-15,530,-55614960
20:50:17.370,0,0.0,0,0,0,0,0,0,-326,8343238,-12,708,-55614960
20:50:17.375,0,0.0,0,0,0,0,0,-8,842,8343245,3,81,-55614960
20:50:17.380,0,0.0,0,0,0,0,0,-14,391,8343242,-16,1170,-55614952
20:50:17.385,0,0.0,0,0,0,0,0,0,-974,8343234,-16,-1212,-55614968
20:50:17.390,0,0.0,0,0,0,0,0,23,-1687,8343229,-21,612,-55614960
20:50:17.395,0,0.0,0,0,0,0,0,6,757,8343245,-3,-1150,-55614968
20:50:17.400,0,0.0,0,0,0,0,0,6,-287,8343238,7,26,-55614960
20:50:17.405,0,0.0,0,0,0,0,0,-26,-406,8343238,17,-758,-55614968
20:50:17.410,0,0.0,0,0,0,0,0,6,-1570,8343231,-13,1135,-55614952
20:50:17.415,0,0.0,0,0,0,0,0,38,338,8343245,0,647,-55614960
20:50:17.421,0,0.0,0,0,0,0,0,-3,770,8343245,-21,49,-55614960
20:50:17.426,0,0.0,0,0,0,0,0,64,-1639,8343229,-26,-652,-55614968
20:50:17.431,0,0.0,0,0,0,0,0,12,993,8343247,-2,-1146,-55614968
20:50:17.436,0,0.0,0,0,0,0,0,6,385,8343242,0,746,-55614960
20:50:17.441,0,0.0,0,0,0,0,0,21,1407,8343249,-16,542,-55614960
20:50:17.446,0,0.0,0,0,0,0,0,-8,171,8343241,12,1150,-55614952
20:50:17.451,0,0.0,0,0,0,0,0,-32,179,8343241,2,63,-55614960
20:50:17.456,0,0.0,0,0,0,0,0,-11,-1601,8343231,10,-1170,-55614968
20:50:17.461,0,0.0,0,0,0,0,0,-34,-242,8343238,5,-1942,-55614972
20:50:17.466,0,0.0,0,0,0,0,0,9,2273,8343254,3,636,-55614960
20:50:17.471,0,0.0,0,0,0,0,0,0,-2170,8343226,3,1254,-55614952
20:50:17.476,0,0.0,0,0,0,0,0,6,307,8343242,-3,742,-55614960
20:50:17.481,0,0.0,0,0,0,0,0,-8,-1698,8343229,-14,785,-55614960
20:50:17.486,0,0.0,0,0,0,0,0,34,1650,8343250,0,895,-55614960
20:50:17.491,0,0.0,0,0,0,0,0,20,-1480,8343231,1,846,-55614960
20:50:17.496,0,0.0,0,0,0,0,0,15,-383,8343238,12,889,-55614960
20:50:17.501,0,0.0,0,0,0,0,0,-9,966,8343247,-31,53,-55614964
20:50:17.506,0,0.0,0,0,0,0,0,-11,185,8343241,-9,719,-55614960
20:50:17.512,0,0.0,0,0,0,0,0,-2,883,8343247,-12,1417,-55614952
20:50:17.517,0,0.0,0,0,0,0,0,-11,341,8343242,-16,883,-55614960
20:50:17.522,0,0.0,0,0,0,0,0,6,-1117,8343233,25,-272,-55614968
20:50:17.527,0,0.0,0,0,0,0,0,30,338,8343242,-2,1074,-55614960
20:50:17.532,0,0.0,0,0,0,0,0,0,399,8343242,-13,-1213,-55614968
20:50:17.537,0,0.0,0,0,0,0,0,21,-439,8343238,15,1006,-55614960
20:50:17.542,0,0.0,0,0,0,0,0,9,976,8343247,-23,-357,-55614968
20:50:17.547,0,0.0,0,0,0,0,0,-30,-475,8343238,-14,283,-55614964
20:50:17.552,0,0.0,0,0,0,0,0,-17,90,8343241,-21,-1400,-55614972
20:50:17.557,0,0.0,0,0,0,0,0,3,124,8343241,13,-925,-55614960
20:50:17.562,0,0.0,0,0,0,0,0,14,1593,8343250,2,425,-55614960
20:50:17.567,0,0.0,0,0,0,0,0,0,178,8343241,-34,-893,-55614968
20:50:17.572,0,0.0,0,0,0,0,0,35,216,8343241,1,-793,-55614968
20:50:17.577,0,0.0,0,0,0,0,0,-32,2017,8343254,7,1583,-55614952
20:50:17.582,0,0.0,0,0,0,0,0,6,169,8343241,-17,522,-55614960
20:50:17.587,0,0.0,0,0,0,0,0,-26,260,8343242,14,-745,-55614968
20:50:17.593,0,0.0,0,0,0,0,0,-43,-2094,8343226,17,-946,-55614968
20:50:17.598,0,0.0,0,0,0,0,0,-23,307,8343241,-6,-207,-55614968
20:50:17.603,0,0.0,0,0,0,0,0,15,-841,8343234,6,-880,-55614968
20:50:17.608,0,0.0,0,0,0,0,0,-35,399,8343242,24,335,-55614960
20:50:17.613,0,0.0,0,0,0,0,0,24,232,8343241,-15,-1446,-55614972
20:50:17.618,0,0.0,0,0,0,0,0,18,-1050,8343233,2,-1413,-55614972
20:50:17.623,0,0.0,0,0,0,0,0,12,320,8343242,-6,-620,-55614968
20:50:17.628,0,0.0,0,0,0,0,0,0,-988,8343234,12,-1223,-55614972
20:50:17.633,0,0.0,0,0,0,0,0,3,356,8343242,22,-123,-55614968
20:50:17.638,0,0.0,0,0,0,0,0,3,-876,8343234,15,-364,-55614968
20:50:17.643,0,0.0,0,0,0,0,0,21,157,8343241,-11,1565,-55614952
20:50:17.648,0,0.0,0,0,0,0,0,9,155,8343241,-12,1087,-55614960
20:50:17.653,0,0.0,0,0,0,0,0,-2,760,8343245,23,1047,-55614960
20:50:17.658,0,0.0,0,0,0,0,0,-8,-1580,8343231,0,1053,-55614960
20:50:17.663,0,0.0,0,0,0,0,0,10,860,8343247,-8,1073,-55614960
20:50:17.668,0,0.0,0,0,0,0,0,18,-317,8343238,17,-898,-55614968
20:50:17.673,0,0.0,0,0,0,0,0,15,791,8343245,-13,-368,-55614968
20:50:17.679,0,0.0,0,0,0,0,0,-24,900,8343247,22,-889,-55614968
20:50:17.684,0,0.0,0,0,0,0,0,-5,-419,8343238,-35,-803,-55614968
20:50:17.689,0,0.0,0,0,0,0,0,-2,762,8343245,20,1648,-55614952
20:50:17.694,0,0.0,0,0,0,0,0,-27,763,8343245,-5,246,-55614964
20:50:17.694,0,0.0,0,0,0,0,0,12,-863,8343234,1,-689,-55614968
20:50:17.699,0,0.0,0,0,0,0,0,50,-2412,8343226,17,-100,-55614968
20:50:17.704,0,0.0,0,0,0,0,0,-5,324,8343242,2,386,-55614964
20:50:17.709,0,0.0,0,0,0,0,0,-8,-903,8343234,-6,-793,-55614968
20:50:17.714,0,0.0,0,0,0,0,0,-2,-1468,8343238,-3,1143,-55614960
20:50:17.719,0,0.0,0,0,0,0,0,12,194,8343241,2,1106,-55614960
20:50:17.724,0,0.0,0,0,0,0,0,9,-277,8343238,-8,-976,-55614968
20:50:17.729,0,0.0,0,0,0,0,0,-14,-201,8343238,-32,301,-55614964
20:50:17.734,0,0.0,0,0,0,0,0,0,1698,8343250,-13,291,-55614960
20:50:17.744,0,0.0,0,0,0,0,0,20,-1560,8343231,42,1648,-55614952
20:50:17.749,0,0.0,0,0,0,0,0,3,-427,8343238,-3,240,-55614964
20:50:17.754,0,0.0,0,0,0,0,0,1,-447,8343238,12,-823,-55614968
20:50:17.754,0,0.0,0,0,0,0,0,0,225,8343241,-11,-878,-55614968
20:50:17.760,0,0.0,0,0,0,0,0,-38,-1061,8343233,5,1180,-55614960
20:50:17.765,0,0.0,0,0,0,0,0,0,148,8343241,26,1044,-55614960
20:50:17.770,0,0.0,0,0,0,0,0,-11,-460,8343238,-19,-877,-55614968
20:50:17.775,0,0.0,0,0,0,0,0,0,94,8343241,4,-1320,-55614972
20:50:17.780,0,0.0,0,0,0,0,0,6,750,8343238,22,-680,-55614968
20:50:17.785,0,0.0,0,0,0,0,0,41,-1675,8343229,8,672,-55614960
20:50:17.790,0,0.0,0,0,0,0,0,-3,858,8343245,-3,-611,-55614968
20:50:17.795,0,0.0,0,0,0,0,0,18,-1030,8343233,14,-665,-55614968
20:50:17.800,0,0.0,0,0,0,0,0,27,1497,8343249,4,1006,-55614960
20:50:17.805,0,0.0,0,0,0,0,0,3,346,8343241,15,415,-55614960
20:50:17.810,0,0.0,0,0,0,0,0,-26,189,8343241,-19,-857,-55614968
20:50:17.815,0,0.0,0,0,0,0,0,-26,134,8343241,-8,-1305,-55614972
20:50:17.820,0,0.0,0,0,0,0,0,-8,-296,8343238,-20,481,-55614964
20:50:17.825,0,0.0,0,0,0,0,0,-11,436,8343242,-19,-836,-55614968
20:50:17.830,0,0.0,0,0,0,0,0,6,-190,8343238,2,-1347,-55614972
20:50:17.835,0,0.0,0,0,0,0,0,-2,1097,8343247,-7,329,-55614964
20:50:17.841,0,0.0,0,0,0,0,0,3,-333,8343238,-11,-1292,-55614972
20:50:17.846,0,0.0,0,0,0,0,0,0,254,8343242,-23,-1280,-55614972
20:50:17.851,0,0.0,0,0,0,0,0,6,52,8343241,40,1236,-55614960
20:50:17.856,0,0.0,0,0,0,0,0,0,-536,8343238,-11,-785,-55614968
20:50:17.861,0,0.0,0,0,0,0,0,6,-491,8343238,-37,-881,-55614968
20:50:17.866,0,0.0,0,0,0,0,0,3,740,8343245,-19,-178,-55614968
20:50:17.871,0,0.0,0,0,0,0,0,24,202,8343242,-8,1579,-55614952
20:50:17.876,0,0.0,0,0,0,0,0,-48,1391,8343249,-8,1008,-55614960
20:50:17.881,0,0.0,0,0,0,0,0,15,102,8343241,2,-108,-55614968
20:50:17.886,0,0.0,0,0,0,0,0,1,234,8343257,-3,490,-55614960
20:50:17.891,0,0.0,0,0,0,0,0,3,132,8343238,-5,-927,-55614968
20:50:17.896,0,0.0,0,0,0,0,0,18,160,8343241,-16,1056,-55614960
20:50:17.901,0,0.0,0,0,0,0,0,-3,2061,8343254,-6,545,-55614960
20:50:17.906,0,0.0,0,0,0,0,0,14,121,8343241,10,-938,-55614968
20:50:17.911,0,0.0,0,0,0,0,0,-41,139,8343241,7,-830,-55614968
20:50:17.916,0,0.0,0,0,0,0,0,3,97,8343241,2,1109,-55614960
20:50:17.921,0,0.0,0,0,0,0,0,23,-1547,8343231,-4,522,-55614960
20:50:17.927,0,0.0,0,0,0,0,0,-17,1376,8343249,8,-808,-55614968
20:50:17.932,0,0.0,0,0,0,0,0,6,345,8343242,-9,414,-55614960
20:50:17.937,0,0.0,0,0,0,0,0,42,2256,8343254,-21,856,-55614960
20:50:17.942,0,0.0,0,0,0,0,0,0,407,8343242,5,-1057,-55614968
20:50:17.947,0,0.0,0,0,0,0,0,-2,400,8343242,-1,422,-55614960
20:50:17.952,0,0.0,0,0,0,0,0,-14,249,8343241,-8,-1058,-55614968
20:50:17.957,0,0.0,0,0,0,0,0,6,888,8343245,21,1425,-55614952
20:50:17.962,0,0.0,0,0,0,0,0,0,-166,8343238,0,961,-55614960
20:50:17.967,0,0.0,0,0,0,0,0,13,859,8343245,-18,-917,-55614968
20:50:17.972,0,0.0,0,0,0,0,0,3,-302,8343238,-26,-917,-55614968
20:50:17.977,0,0.0,0,0,0,0,0,6,121,8343241,-5,-262,-55614968
20:50:17.982,0,0.0,0,0,0,0,0,15,175,8343241,-2,304,-55614960
20:50:17.987,0,0.0,0,0,0,0,0,0,-393,8343238,23,782,-55614960
20:50:17.992,0,0.0,0,0,0,0,0,-8,-305,8343238,-3,1392,-55614952
20:50:17.998,0,0.0,0,0,0,0,0,-21,1384,8343250,-11,-776,-55614968
20:50:18.003,0,0.0,0,0,0,0,0,-2,947,8343247,20,-398,-55614968
20:50:18.008,0,0.0,0,0,0,0,0,15,166,8343241,-24,-1027,-55614968
20:50:18.013,0,0.0,0,0,0,0,0,6,312,8343242,-21,-935,-55614968
20:50:18.018,0,0.0,0,0,0,0,0,-14,879,8343247,9,-1066,-55614968
20:50:18.023,0,0.0,0,0,0,0,0,6,-378,8343238,6,-502,-55614968
20:50:18.028,0,0.0,0,0,0,0,0,-14,-461,8343238,-11,898,-55614960
20:50:18.033,0,0.0,0,0,0,0,0,-8,-379,8343238,-2,-1062,-55614968
20:50:18.038,0,0.0,0,0,0,0,0,18,440,8343242,2,-256,-55614968
20:50:18.043,0,0.0,0,0,0,0,0,-26,354,8343242,-6,-1431,-55614972
20:50:18.048,0,0.0,0,0,0,0,0,50,-1471,8343231,6,-908,-55614968
20:50:18.053,0,0.0,0,0,0,0,0,6,1549,8343249,-18,-1279,-55614968
20:50:18.058,0,0.0,0,0,0,0,0,-2,211,8343241,21,616,-55614960
20:50:18.063,0,0.0,0,0,0,0,0,-8,-2113,8343226,-1,797,-55614960
20:50:18.068,0,0.0,0,0,0,0,0,6,877,8343245,-4,1341,-55614952
20:50:18.073,0,0.0,0,0,0,0,0,9,286,8343241,-1,222,-55614964
20:50:18.078,0,0.0,0,0,0,0,0,6,827,8343245,-8,938,-55614960
20:50:18.084,0,0.0,0,0,0,0,0,-17,-362,8343238,-2,1360,-55614952
20:50:18.094,0,0.0,0,0,0,0,0,-25,-2664,8343222,-31,-581,-55614968
20:50:18.099,0,0.0,0,0,0,0,0,36,332,8343242,23,-576,-55614968
20:50:18.104,0,0.0,0,0,0,0,0,-5,204,8343241,0,-557,-55614968
20:50:18.104,0,0.0,0,0,0,0,0,0,-876,8343234,13,1938,-55614952
20:50:18.109,0,0.0,0,0,0,0,0,30,-399,8343238,4,-845,-55614968
20:50:18.114,0,0.0,0,0,0,0,0,9,210,8343241,17,-1542,-55614972
20:50:18.119,0,0.0,0,0,0,0,0,3,236,8343241,15,-328,-55614968
20:50:18.124,0,0.0,0,0,0,0,0,-17,221,8343241,16,862,-55614960
20:50:18.129,0,0.0,0,0,0,0,0,-5,-1092,8343233,5,-362,-55614968
20:50:18.134,0,0.0,0,0,0,0,0,6,-497,8343238,-6,8,-55614964
20:50:18.139,0,0.0,0,0,0,0,0,-11,-342,8343238,5,167,-55614960
20:50:18.144,0,0.0,0,0,0,0,0,6,317,8343242,-6,-1106,-55614968
20:50:18.149,0,0.0,0,0,0,0,0,-2,851,8343247,25,-1210,-55614968
20:50:18.154,0,0.0,0,0,0,0,0,-5,97,8343241,0,813,-55614960
20:50:18.159,0,0.0,0,0,0,0,0,15,142,8343241,-3,799,-55614960
20:50:18.165,0,0.0,0,0,0,0,0,27,272,8343242,-13,-529,-55614968
20:50:18.170,0,0.0,0,0,0,0,0,24,-375,8343238,-2,823,-55614960
20:50:18.175,0,0.0,0,0,0,0,0,-8,-933,8343234,-8,1265,-55614952
20:50:18.180,0,0.0,0,0,0,0,0,-23,781,8343245,12,1152,-55614952
20:50:18.185,0,0.0,0,0,0,0,0,12,190,8343241,-10,-113,-55614964
20:50:18.190,0,0.0,0,0,0,0,0,53,-266,8343238,2,718,-55614960
20:50:18.195,0,0.0,0,0,0,0,0,-8,207,8343241,1,-1325,-55614968
20:50:18.200,0,0.0,0,0,0,0,0,9,306,8343242,18,65,-55614964
20:50:18.205,0,0.0,0,0,0,0,0,0,759,8343245,13,823,-55614960
20:50:18.210,0,0.0,0,0,0,0,0,-2,-558,8343238,14,-662,-55614968
20:50:18.215,0,0.0,0,0,0,0,0,-5,-415,8343238,-42,-14,-55614964
20:50:18.220,0,0.0,0,0,0,0,0,0,-307,8343238,-11,-1092,-55614968
20:50:18.225,0,0.0,0,0,0,0,0,-14,200,8343241,10,-1167,-55614968
20:50:18.230,0,0.0,0,0,0,0,0,10,-448,8343245,4,869,-55614960
20:50:18.235,0,0.0,0,0,0,0,0,24,209,8343241,15,632,-55614960
20:50:18.246,0,0.0,0,0,0,0,0,-5,-1026,8343238,5,789,-55614960
20:50:18.246,0,0.0,0,0,0,0,0,-23,-884,8343234,15,666,-55614960
20:50:18.251,0,0.0,0,0,0,0,0,0,375,8343242,-11,1319,-55614952
20:50:18.261,0,0.0,0,0,0,0,0,79,-1623,8343229,-29,1296,-55614952
20:50:18.266,0,0.0,0,0,0,0,0,41,-1564,8343231,-5,825,-55614960
20:50:18.271,0,0.0,0,0,0,0,0,6,-200,8343238,4,-738,-55614968
20:50:18.276,0,0.0,0,0,0,0,0,6,-480,8343238,9,1109,-55614952
20:50:18.276,0,0.0,0,0,0,0,0,12,-896,8343234,9,-803,-55614968
20:50:18.281,0,0.0,0,0,0,0,0,12,129,8343241,-4,-32,-55614960
20:50:18.286,0,0.0,0,0,0,0,0,36,939,8343247,-11,-1445,-55614968
20:50:18.291,0,0.0,0,0,0,0,0,-5,-366,8343238,0,415,-55614960
20:50:18.296,0,0.0,0,0,0,0,0,-29,242,8343242,10,-1917,-55614972
20:50:18.302,0,0.0,0,0,0,0,0,6,-357,8343238,15,403,-55614960
20:50:18.307,0,0.0,0,0,0,0,0,15,296,8343242,-13,408,-55614960
20:50:18.312,0,0.0,0,0,0,0,0,-11,197,8343241,2,609,-55614960
20:50:18.317,0,0.0,0,0,0,0,0,-2,335,8343242,9,1004,-55614952
20:50:18.322,0,0.0,0,0,0,0,0,-8,-414,8343238,11,1091,-55614952
20:50:18.327,0,0.0,0,0,0,0,0,-23,994,8343247,-2,1120,-55614952
20:50:18.332,0,0.0,0,0,0,0,0,-8,-254,8343238,-5,1132,-55614952
20:50:18.337,0,0.0,0,0,0,0,0,-35,344,8343241,-13,578,-55614960
20:50:18.342,0,0.0,0,0,0,0,0,9,178,8343241,35,-799,-55614968
20:50:18.347,0,0.0,0,0,0,0,0,-23,-465,8343238,11,1106,-55614952
20:50:18.352,0,0.0,0,0,0,0,0,27,942,8343247,11,-1,-55614960
20:50:18.357,0,0.0,0,0,0,0,0,0,117,8343241,6,-1309,-55614968
20:50:18.363,0,0.0,0,0,0,0,0,17,2158,8343238,-8,-1850,-55614972
20:50:18.365,1,0.0,0,0,0,500,50000,,,,,,
20:50:18.368,0,0.0,0,0,0,500,50000,24,-482,8343238,-15,1177,-55614952
20:50:18.373,0,0.0,0,0,0,500,50000,-23,-1074,8343233,0,-1261,-55614968
20:50:18.378,0,0.0,0,0,0,500,50000,-8,-355,8343238,185,57897,-55614540
20:50:18.383,0,0.0,0,0,0,500,50000,3,-8666,8343170,1156,-11929,-55614624
20:50:18.388,0,0.0,0,0,0,500,50000,38,-10387,8343122,-1321,117210,-55613572
20:50:18.393,0,0.0,0,0,0,500,50000,1,-19881,8342970,656,31629,-55613936
20:50:18.398,0,-0.4,0,0,0,500,50000,14,-32088,8342777,404,23149,-55613628
20:50:18.403,0,-0.4,0,0,0,500,50000,26,-46668,8342474,-1140,111616,-55612816
20:50:18.408,0,-1.4,0,0,0,500,50000,-22,-59502,8342143,1192,6753,-55613340
20:50:18.413,0,-1.4,0,0,0,500,50000,-68,-70211,8341733,895,-7929,-55613040
20:50:18.418,0,-2.3,0,0,0,500,50000,1,-74419,8341322,-1203,121619,-55612092
20:50:18.423,0,-2.3,0,0,0,500,50000,-25,-86488,8340875,1160,-2036,-55612620
20:50:18.428,0,-2.5,0,0,0,500,50000,9,-88301,8340397,-604,64546,-55611836
20:50:18.433,0,-2.5,0,0,0,500,50000,2,-90547,8339955,-976,114441,-55611352
20:50:18.438,0,-2.0,0,0,0,500,50000,2,-90646,8339531,1358,-22663,-55611944
20:50:18.443,0,-2.0,0,0,0,500,50000,-23,-74091,8339177,-813,75693,-55610960
20:50:18.449,0,-1.2,0,0,0,500,50000,32,-67334,8338874,42,58137,-55611008
20:50:18.454,0,-1.2,0,0,0,500,50000,-1,-58733,8338585,1196,-14818,-55611104
20:50:18.459,0,-0.6,0,0,0,500,50000,6,-38851,8338471,-1236,115045,-55610040
20:50:18.464,0,-0.6,0,0,0,500,50000,-28,-31903,8338347,369,44871,-55610300
20:50:18.469,0,-0.3,0,0,0,500,50000,30,-17858,8338313,832,-471,-55610208
20:50:18.474,0,-0.3,0,0,0,500,50000,2,-12238,8338273,-1043,111037,-55609296
20:50:18.479,0,-0.3,0,0,0,500,50000,-48,-9973,8338217,89,56235,-55609392
20:50:18.484,0,-0.3,0,0,0,500,50000,39,-10643,8338178,460,18286,-55609280
20:50:18.489,0,-0.6,0,0,0,500,50000,41,-15428,8338073,-708,97429,-55608632
20:50:18.494,0,-0.6,0,0,0,500,50000,-48,-28573,8337881,1038,7755,-55608948
20:50:18.499,0,-1.1,0,0,0,500,50000,43,-44909,8337618,-598,80554,-55608140
20:50:18.504,0,-1.1,0,0,0,500,50000,40,-59551,8337226,-329,78355,-55607996
20:50:18.509,0,-1.6,0,0,0,500,50000,-5,-73419,8336814,1363,-5398,-55608268
20:50:18.514,0,-1.6,0,0,0,500,50000,14,-87823,8336281,-974,92851,-55607300
20:50:18.519,0,-1.8,0,0,0,500,50000,-19,-95185,8335801,-190,70474,-55607292
20:50:18.524,0,-1.8,0,0,0,500,50000,-95,-91991,8335318,570,11595,-55607336
20:50:18.529,0,-1.6,0,0,0,500,50000,-74,-85057,8334950,-831,88635,-55606564
20:50:18.535,0,-1.6,0,0,0,500,50000,-7,-67236,8334653,729,25208,-55606832
20:50:18.540,0,-1.1,0,0,0,500,50000,26,-50834,8334438,437,19937,-55606488
20:50:18.545,0,-1.1,0,0,0,500,50000,-7,-38353,8334317,-764,89715,-55605876
20:50:18.550,0,-0.5,0,0,0,500,50000,69,-28765,8334205,672,24924,-55606040
20:50:18.555,0,-0.5,0,0,0,500,50000,-13,-18666,8334165,-140,52100,-55605540
20:50:18.560,0,-0.1,0,0,0,500,50000,-32,-11892,8334121,-526,89601,-55605100
20:50:18.565,0,-0.1,0,0,0,500,50000,35,-14136,8334051,793,6515,-55605352
20:50:18.570,0,-0.2,0,0,0,500,50000,-1,-18361,8333946,-897,86385,-55604548
20:50:18.575,0,-0.2,0,0,0,500,50000,3,-28200,8333765,-39,61539,-55604548
20:50:18.580,0,-0.6,0,0,0,500,50000,26,-49622,8333422,375,22147,-55604456
20:50:18.585,0,-0.6,0,0,0,500,50000,1,-58281,8333114,-802,100824,-55603728
20:50:18.590,0,-1.4,0,0,0,500,50000,-10,-79970,8332578,1305,-4551,-55604224
20:50:18.595,0,-1.4,0,0,0,500,50000,-5,-90049,8332122,-51,45210,-55603528
20:50:18.600,0,-1.9,0,0,0,500,50000,13,-92648,8331673,-741,96622,-55603020
20:50:18.605,0,-1.9,0,0,0,500,50000,58,-90073,8331178,856,7548,-55603328
20:50:18.610,0,-1.9,0,0,0,500,50000,-5,-81875,8330825,-593,73056,-55602604
20:50:18.615,0,-1.9,0,0,0,500,50000,-27,-73130,8330449,-139,62225,-55602496
20:50:18.620,0,-1.4,0,0,0,500,50000,3,-66308,8330105,701,9896,-55602484
20:50:18.626,0,-1.4,0,0,0,500,50000,-3,-56268,8329881,-849,94441,-55601728
20:50:18.631,0,-0.7,0,0,0,500,50000,0,-49368,8329673,473,36046,-55601896
20:50:18.636,0,-0.7,0,0,0,500,50000,2,-39574,8329498,-364,60425,-55601396
20:50:18.641,0,-0.2,0,0,0,500,50000,2,-34276,8329365,-389,80480,-55601096
20:50:18.646,0,-0.2,0,0,0,500,50000,12,-27384,8329245,733,8531,-55601280
20:50:18.651,0,-0.1,0,0,0,500,50000,6,-23303,8329154,-634,84628,-55600480
20:50:18.656,0,-0.1,0,0,0,500,50000,-8,-25785,8328997,738,23212,-55600720
20:50:18.661,0,-0.2,0,0,0,500,50000,-7,-26587,8328870,136,35975,-55600284
20:50:18.666,0,-0.2,0,0,0,500,50000,-63,-26502,8328718,-172,72445,-55599892
20:50:18.671,0,-0.5,0,0,0,500,50000,10,-26328,8328571,774,16802,-55599980
20:50:18.676,0,-0.5,0,0,0,500,50000,40,-23029,8328490,53,42018,-55599480
20:50:18.681,0,-0.8,0,0,0,500,50000,9,-16862,8328425,-336,76616,-55599124
20:50:18.686,0,-0.8,0,0,0,500,50000,0,-24931,8328278,907,4555,-55599276
20:50:18.691,0,-1.2,0,0,0,500,50000,-203,-30797,8328105,-695,88781,-55598456
20:50:18.696,0,-1.2,0,0,0,500,50000,-100,-38924,8327886,213,50871,-55598520
20:50:18.701,0,-1.8,0,0,0,500,50000,11,-51991,8327562,413,18348,-55598412
20:50:18.706,0,-1.8,0,0,0,500,50000,0,-54864,8327262,-873,95693,-55597672
20:50:18.711,0,-2.6,0,0,0,500,50000,0,-65150,8326905,921,12205,-55598028
20:50:18.717,0,-2.6,0,0,0,500,50000,13,-80132,8326474,87,39950,-55597504
20:50:18.722,0,-3.2,0,0,0,500,50000,-7,-90087,8325929,-727,94429,-55596956
20:50:18.727,0,-3.2,0,0,0,500,50000,-12,-99990,8325414,957,3668,-55597316
20:50:18.732,0,-3.0,0,0,0,500,50000,8,-101072,8324845,-220,54332,-55596640
20:50:18.737,0,-3.0,0,0,0,500,50000,36,-96384,8324413,-661,95224,-55596200
20:50:18.742,0,-2.2,0,0,0,500,50000,7,-85226,8324063,1250,-15383,-55596664
20:50:18.747,0,-2.2,0,0,0,500,50000,-37,-65202,8323774,-472,53610,-55595856
20:50:18.752,0,-1.2,0,0,0,500,50000,-12,-46241,8323637,-60,70085,-55595712
20:50:18.757,0,-1.2,0,0,0,500,50000,12,-28844,8323550,1328,-15977,-55595912
20:50:18.762,0,-0.5,0,0,0,500,50000,12,-12319,8323555,-1066,105115,-55594848
20:50:18.767,0,-0.5,0,0,0,500,50000,16,-8042,8323513,15,61581,-55594952
20:50:18.772,0,-0.2,2,0,0,500,50000,7,-8336,8323478,1348,-22010,-55595164
20:50:18.777,0,-0.2,2,0,0,500,50000,30,-11157,8323422,-742,65466,-55594280
20:50:18.782,0,-0.4,2,0,0,500,50000,-1,-16095,8323305,-664,98314,-55593964
20:50:18.787,0,-0.4,2,0,0,500,50000,3,-36125,8323049,1213,-15905,-55594400
20:50:18.792,0,-1.0,2,0,0,500,50000,21,-52238,8322714,-740,71607,-55593512
20:50:18.797,0,-1.0,2,0,0,500,50000,-15,-66860,8322346,286,46432,-55593624
20:50:18.803,0,-1.5,2,0,0,500,50000,-12,-78164,8321949,250,25754,-55593360
20:50:18.808,0,-1.5,2,0,0,500,50000,-2,-83641,8321465,-1143,115304,-55592604
20:50:18.813,0,-1.9,2,0,0,500,50000,-65,-86126,8321050,1333,-17205,-55593232
20:50:18.818,0,-1.9,2,0,0,500,50000,-5,-79067,8320638,-1029,98237,-55592212
20:50:18.823,0,-1.8,2,0,0,500,50000,47,-69277,8320345,-102,67045,-55592240
20:50:18.828,0,-1.4,2,0,0,500,50000,-9,-55172,8320098,1160,-3623,-55592360
20:50:18.833,0,-1.4,2,0,0,500,50000,29,-38575,8319985,-993,103092,-55591388
20:50:18.838,0,-0.9,2,0,0,500,50000,-3,-34435,8319834,139,54278,-55591536
20:50:18.843,0,-0.9,2,0,0,500,50000,17,-25678,8319734,269,29428,-55591312
20:50:18.848,0,-0.7,2,0,0,500,50000,2,-24323,8319622,-803,101219,-55590648
20:50:18.853,0,-0.7,2,0,0,500,50000,-8,-29489,8319438,1300,-6732,-55591128
20:50:18.858,0,-0.9,2,0,0,500,50000,33,-37455,8319238,-212,53036,-55590392
20:50:18.863,0,-0.9,2,0,0,500,50000,11,-44842,8318954,-972,103678,-55589900
20:50:18.868,0,-1.1,2,0,0,500,50000,21,-58896,8318618,1175,-6395,-55590348
20:50:18.873,0,-1.1,2,0,0,500,50000,9,-68753,8318257,-841,75873,-55589472
20:50:18.878,0,-1.2,2,0,0,500,50000,0,-81864,8317754,459,38331,-55589648
20:50:18.883,0,-1.2,2,0,0,500,50000,21,-82325,8317373,1106,-3317,-55589544
20:50:18.888,0,-1.3,2,0,0,500,50000,26,-76454,8316961,-820,93763,-55588632
20:50:18.894,0,-1.3,2,0,0,500,50000,-26,-73067,8316623,855,19146,-55588960
20:50:18.899,0,-1.1,2,0,0,500,50000,-27,-57879,8316370,92,34519,-55588496
20:50:18.904,0,-1.1,2,0,0,500,50000,-10,-42803,8316234,-201,71816,-55588148
20:50:18.909,0,-0.8,2,0,0,500,50000,-22,-33462,8316090,766,7692,-55588232
20:50:18.914,0,-0.8,2,0,0,500,50000,0,-25653,8316009,-414,64093,-55587552
20:50:18.919,0,-0.5,2,0,0,500,50000,-19,-24454,8315881,255,48734,-55587532
20:50:18.924,0,-0.5,2,0,0,500,50000,14,-27764,8315750,768,7994,-55587456
20:50:18.929,0,-0.6,2,0,0,500,50000,6,-26040,8315621,-694,93690,-55586696
20:50:18.934,0,-0.6,2,0,0,500,50000,-38,-30393,8315433,855,20903,-55586916
20:50:18.939,0,-0.8,2,0,0,500,50000,-5,-35766,8315253,-559,64253,-55586320
20:50:18.944,0,-0.8,2,0,0,500,50000,-13,-38189,8315034,-256,74091,-55586096
20:50:18.949,0,-1.1,2,0,0,500,50000,-2,-49165,8314766,789,4175,-55586244
20:50:18.954,0,-1.1,2,0,0,500,50000,27,-54582,8314457,-856,83691,-55585444
20:50:18.959,0,-1.4,2,0,0,500,50000,21,-58158,8314105,615,30146,-55585664
20:50:18.964,0,-1.4,2,0,0,500,50000,13,-60292,8313809,465,19377,-55585372
20:50:18.969,0,-1.7,2,0,0,500,50000,1,-56870,8313543,-761,82963,-55584700
20:50:18.974,0,-1.7,2,0,0,500,50000,-5,-53788,8313247,706,26267,-55584912
20:50:18.980,0,-1.7,2,0,0,500,50000,41,-46841,8313007,152,31846,-55584512
20:50:18.985,0,-1.7,2,0,0,500,50000,-2,-37228,8312861,-660,91364,-55583900
20:50:18.990,0,-1.5,2,0,0,500,50000,-15,-35148,8312670,791,8005,-55584224
20:50:18.995,0,-1.5,2,0,0,500,50000,8,-36082,8312506,-151,51524,-55583612
20:50:19.000,0,-1.4,2,0,0,500,50000,37,-39837,8312299,-369,81973,-55583228
20:50:19.005,0,-1.4,2,0,0,500,50000,66,-58927,8311901,469,14759,-55583392
20:50:19.010,0,-1.6,2,0,0,500,50000,8,-66051,8311614,-487,85787,-55582740
20:50:19.015,0,-1.6,2,0,0,500,50000,0,-78799,8311130,580,23293,-55582892
20:50:19.020,0,-1.9,2,0,0,500,50000,-11,-82251,8310734,-487,72007,-55582296
20:50:19.025,0,-1.9,2,0,0,500,50000,-10,-83736,8310258,-25,58186,-55582192
20:50:19.030,0,-1.7,2,0,0,500,50000,-65,-76640,8309929,198,30442,-55582032
20:50:19.035,0,-1.7,2,0,0,500,50000,-10,-62095,8309643,-318,75901,-55581508
20:50:19.040,0,-1.0,2,0,0,500,50000,-22,-45681,8309501,263,27883,-55581576
20:50:19.045,0,-1.0,2,0,0,500,50000,16,-24963,8309442,-365,71979,-55581024
20:50:19.050,0,-0.4,2,0,0,500,50000,-9,-7359,8309461,335,35495,-55581024
20:50:19.055,0,-0.4,2,0,0,500,50000,41,911,8309505,-148,63133,-55580592
20:50:19.061,0,-0.2,2,0,0,500,50000,21,1571,8309515,246,41991,-55580504
20:50:19.066,0,-0.2,2,0,0,500,50000,22,-9046,8309429,121,42774,-55580188
20:50:19.071,0,-0.6,2,0,0,500,50000,15,-20427,8309275,-3,53806,-55579948
20:50:19.076,0,-0.6,2,0,0,500,50000,11,-33542,8309070,181,34679,-55579788
20:50:19.081,0,-1.7,2,0,0,500,50000,21,-49086,8308749,-104,61840,-55579352
20:50:19.086,0,-1.7,2,0,0,500,50000,9,-70923,8308282,249,36160,-55579312
20:50:19.091,0,-3.0,2,0,0,500,50000,-23,-83540,8307849,-127,60123,-55578864
20:50:19.096,0,-3.0,2,0,0,500,50000,-36,-87082,8307353,249,37601,-55578812
20:50:19.101,0,-3.5,2,0,0,500,50000,-2,-85550,8306954,-56,56505,-55578400
20:50:19.106,0,-3.5,2,0,0,500,50000,-22,-79913,8306602,61,46477,-55578232
20:50:19.111,0,-2.6,2,0,0,500,50000,11,-64961,8306302,-21,54290,-55577932
20:50:19.116,0,-2.6,2,0,0,500,50000,12,-48031,8306155,182,45365,-55577756
20:50:19.121,0,-1.1,2,0,0,500,50000,-27,-31847,8306043,-13,56550,-55577392
20:50:19.126,0,-1.1,2,0,0,500,50000,-26,-18236,8306013,178,43978,-55577228
20:50:19.131,0,-0.2,2,0,0,500,50000,97,-9751,8306009,-30,54693,-55576940
20:50:19.136,0,-0.2,2,0,0,500,50000,11,-6458,8305990,108,40607,-55576776
20:50:19.141,0,-0.1,2,0,0,500,50000,34,-9163,8305938,49,52497,-55576444
20:50:19.147,0,-0.1,2,0,0,500,50000,28,-20605,8305785,238,44040,-55576256
20:50:19.152,0,-0.9,2,0,0,500,50000,-9,-32893,8305577,48,50971,-55575992
20:50:19.157,0,-0.9,2,0,0,500,50000,7,-52645,8305209,183,45546,-55575788
20:50:19.162,0,-2.3,2,0,0,500,50000,-2,-80500,8304602,114,43862,-55575432
20:50:19.167,0,-2.3,2,0,0,500,50000,-46,-93520,8304030,-4,54972,-55575152
20:50:19.172,0,-3.6,2,0,0,500,50000,-2,-101142,8303515,80,44325,-55574944
20:50:19.177,0,-3.6,2,0,0,500,50000,1,-97437,8303077,-18,56680,-55574600
20:50:19.182,0,-3.5,2,0,0,500,50000,-18,-83099,8302679,125,42511,-55574464
20:50:19.187,0,-3.5,2,0,0,500,50000,-17,-65611,8302453,-45,53898,-55574132
20:50:19.192,0,-2.0,2,0,0,500,50000,-7,-47241,8302362,-16,55745,-55573928
20:50:19.197,0,-2.0,2,0,0,500,50000,-30,-19225,8302365,113,47629,-55573724
20:50:19.202,0,-0.4,2,0,0,500,50000,-9,-1125,8302437,-53,55027,-55573452
20:50:19.207,0,-0.4,2,0,0,500,50000,30,7430,8302514,252,43088,-55573276
20:50:19.212,0,0.2,2,0,0,500,50000,6,453,8302490,36,54441,-55572988
20:50:19.217,0,0.2,2,0,0,500,50000,-11,-8211,8302409,165,42783,-55572808
20:50:19.222,0,-0.1,2,0,0,500,50000,-76,-20687,8302250,116,45919,-55572528
20:50:19.227,0,-0.1,2,0,0,500,50000,0,-31630,8302057,155,48739,-55572320
20:50:19.233,0,-1.5,2,0,0,500,50000,-19,-47896,8301738,139,41016,-55572096
20:50:19.238,0,-1.5,2,0,0,500,50000,4,-67745,8301349,21,56740,-55571740
20:50:19.243,0,-3.2,2,0,0,500,50000,-36,-82772,8300841,110,45168,-55571580
20:50:19.248,0,-3.2,2,0,0,500,50000,-4,-94378,8300347,-53,57012,-55571244
20:50:19.253,0,-4.1,2,0,0,500,50000,-7,-97069,8299806,43,45277,-55571048
20:50:19.258,0,-3.6,2,0,0,500,50000,-45,-90884,8299405,30,51071,-55570812
20:50:19.263,0,-3.6,2,0,0,500,50000,89,-75917,8299038,-24,50697,-55570528
20:50:19.268,0,-2.1,2,0,0,500,50000,-70,-59480,8298826,62,52960,-55570252
20:50:19.273,0,-2.1,2,0,0,500,50000,36,-37011,8298739,-10,50845,-55570028
20:50:19.278,0,-0.6,2,0,0,500,50000,8,-15245,8298730,130,46135,-55569808
20:50:19.283,0,-0.6,2,0,0,500,50000,44,-7958,8298730,67,52031,-55569504
20:50:19.288,0,0.0,2,0,0,500,50000,87,-5479,8298714,137,44478,-55569300
20:50:19.293,0,0.0,2,0,0,500,50000,25,-10682,8298646,68,50870,-55569052
20:50:19.298,0,-0.6,2,0,0,500,50000,-32,-23009,8298474,134,45529,-55568800
20:50:19.303,0,-0.6,2,0,0,500,50000,124,-39320,8298201,149,46227,-55568580
20:50:19.308,0,-2.1,2,0,0,500,50000,-6,-51547,8297914,148,49850,-55568316
20:50:19.313,0,-2.1,2,0,0,500,50000,6,-71769,8297498,194,44032,-55568088
20:50:19.318,0,-3.6,2,0,0,500,50000,-20,-89052,8296941,-7,55304,-55567808
20:50:19.324,0,-3.6,2,0,0,500,50000,-19,-99564,8296435,129,45610,-55567584
20:50:19.329,0,-3.7,2,0,0,500,50000,7,-101051,8295953,-32,52060,-55567340
20:50:19.334,0,-3.7,2,0,0,500,50000,-10,-93694,8295470,36,48737,-55567068
20:50:19.339,0,-2.6,2,0,0,500,50000,26,-67995,8295195,33,52172,-55566800
20:50:19.344,0,-2.6,2,0,0,500,50000,-2,-44903,8295081,-57,54195,-55566540
20:50:19.349,0,-1.1,2,0,0,500,50000,14,-15372,8295110,102,49165,-55566320
20:50:19.354,0,-1.1,2,0,0,500,50000,-60,1558,8295191,-43,55583,-55566036
20:50:19.359,0,-0.1,2,0,0,500,50000,15,2269,8295210,144,46550,-55565848
20:50:19.364,0,-0.1,2,0,0,500,50000,3,-3007,8295177,102,45766,-55565576
20:50:19.369,0,-0.3,2,0,0,500,50000,2,-12597,8295074,83,49529,-55565368
20:50:19.374,0,-0.3,2,0,0,500,50000,-18,-23931,8294906,201,40847,-55565148
20:50:19.379,0,-1.7,2,0,0,500,50000,7,-36482,8294690,-22,54504,-55564808
20:50:19.384,0,-1.7,2,0,0,500,50000,9,-51547,8294362,306,40777,-55564696
20:50:19.389,0,-3.4,2,0,0,500,50000,-8,-72650,8293945,-50,56751,-55564320
20:50:19.394,0,-3.4,2,0,0,500,50000,9,-87410,8293410,197,44284,-55564148
20:50:19.399,0,-4.3,2,0,0,500,50000,-8,-99345,8292901,57,55191,-55563788
20:50:19.404,0,-4.3,2,0,0,500,50000,-41,-102857,8292421,147,44694,-55563648
20:50:19.409,0,-3.8,2,0,0,500,50000,-78,-90197,8291950,-22,58969,-55563292
20:50:19.415,0,-3.8,2,0,0,500,50000,-47,-77990,8291629,104,43184,-55563128
20:50:19.420,0,-2.2,2,0,0,500,50000,-36,-53162,8291421,-36,59870,-55562796
20:50:19.425,0,-2.2,2,0,0,500,50000,24,-32011,8291354,138,39236,-55562652
20:50:19.430,0,-0.6,2,0,0,500,50000,31,-12120,8291386,-52,58722,-55562268
20:50:19.435,0,-0.6,2,0,0,500,50000,60,-3655,8291390,188,39952,-55562128
20:50:19.440,0,0.0,2,0,0,500,50000,-17,-3912,8291369,20,54450,-55561828
20:50:19.445,0,0.0,2,0,0,500,50000,-22,-10513,8291290,122,38161,-55561680
20:50:19.450,0,-0.5,2,0,0,500,50000,14,-18467,8291178,-90,55940,-55561308
20:50:19.455,0,-0.5,2,0,0,500,50000,12,-31553,8290955,288,35328,-55561244
20:50:19.460,0,-1.8,2,0,0,500,50000,18,-49809,8290650,-35,55440,-55560840
20:50:19.465,0,-1.8,2,0,0,500,50000,5,-77921,8290117,103,45825,-55560652
20:50:19.470,0,-3.2,2,0,0,500,50000,-17,-88706,8289671,9,54445,-55560352
20:50:19.475,0,-3.2,2,0,0,500,50000,-148,-95960,8289121,153,45105,-55560160
20:50:19.480,0,-3.7,2,0,0,500,50000,-37,-91131,8288730,-36,54152,-55559808
20:50:19.485,0,-3.7,2,0,0,500,50000,-61,-69278,8288425,73,43983,-55559664
20:50:19.490,0,-2.6,2,0,0,500,50000,-35,-50589,8288266,14,54081,-55559324
20:50:19.495,0,-2.6,2,0,0,500,50000,0,-24502,8288233,110,45214,-55559160
20:50:19.501,0,-1.0,2,0,0,500,50000,10,-10791,8288234,32,51664,-55558864
20:50:19.506,0,-1.0,2,0,0,500,50000,-11,-6734,8288222,82,45582,-55558636
20:50:19.511,0,-0.4,2,0,0,500,50000,-11,-5070,8288206,67,50420,-55558352
20:50:19.516,0,-0.4,2,0,0,500,50000,15,-14506,8288089,159,45565,-55558176
20:50:19.521,0,-1.2,2,0,0,500,50000,51,-22827,8287945,135,47941,-55557916
20:50:19.526,0,-1.2,2,0,0,500,50000,23,-40995,8287677,203,44572,-55557692
20:50:19.531,0,-2.9,2,0,0,500,50000,-7,-54605,8287334,107,50846,-55557440
20:50:19.536,0,-2.9,2,0,0,500,50000,11,-71546,8286882,76,49606,-55557144
20:50:19.541,0,-4.4,2,0,0,500,50000,21,-88504,8286330,100,47929,-55556880
20:50:19.546,0,-4.4,2,0,0,500,50000,2,-94265,8285862,72,50801,-55556656
20:50:19.551,0,-4.8,2,0,0,500,50000,-8,-96149,8285482,-11,53097,-55556408
20:50:19.556,0,-4.8,2,0,0,500,50000,7,-86757,8285030,56,46986,-55556192
20:50:19.561,0,-3.7,2,0,0,500,50000,-54,-71091,8284762,-14,52463,-55555880
20:50:19.567,0,-3.7,2,0,0,500,50000,7,-49386,8284566,106,43996,-55555728
20:50:19.572,0,-1.8,2,0,0,500,50000,-9,-35252,8284461,-21,57460,-55555372
20:50:19.577,0,-1.8,2,0,0,500,50000,1,-20563,8284406,118,42880,-55555196
20:50:19.582,0,-0.6,2,0,0,500,50000,9,-16742,8284347,3,50698,-55554896
20:50:19.587,0,-0.6,2,0,0,500,50000,-15,-16352,8284275,147,47462,-55554704
20:50:19.592,0,-0.8,2,0,0,500,50000,-5,-21382,8284138,169,44261,-55554468
20:50:19.597,0,-0.8,2,0,0,500,50000,13,-30789,8283958,92,48677,-55554240
20:50:19.602,0,-1.9,2,0,0,500,50000,-28,-44338,8283669,187,47884,-55553980
20:50:19.607,0,-1.9,2,0,0,500,50000,-2,-53684,8283386,43,50087,-55553704
20:50:19.612,0,-3.3,2,0,0,500,50000,8,-72209,8282921,30,49356,-55553488
20:50:19.617,0,-3.3,2,0,0,500,50000,34,-81996,8282441,51,50508,-55553216
20:50:19.622,0,-4.0,2,0,0,500,50000,-102,-81210,8282078,-25,50546,-55552928
20:50:19.627,0,-4.0,2,0,0,500,50000,-1,-73023,8281698,77,46604,-55552744
20:50:19.632,0,-3.5,2,0,0,500,50000,0,-64372,8281442,5,52453,-55552424
20:50:19.637,0,-3.5,2,0,0,500,50000,35,-45999,8281253,90,46425,-55552204
20:50:19.643,0,-2.0,2,0,0,500,50000,-2,-32610,8281158,-4,53940,-55551932
20:50:19.648,0,-2.0,2,0,0,500,50000,7,-19427,8281106,111,45807,-55551728
20:50:19.653,0,-1.0,2,0,0,500,50000,-35,-17615,8281039,106,50613,-55551440
20:50:19.658,0,-1.0,2,0,0,500,50000,5,-22034,8280922,213,42601,-55551292
20:50:19.663,0,-1.2,2,0,0,500,50000,-3,-33847,8280697,108,49702,-55550992
20:50:19.668,0,-2.5,2,0,0,500,50000,7,-44277,8280442,141,47039,-55550756
20:50:19.673,0,-2.5,2,0,0,500,50000,-6,-53783,8280105,37,51425,-55550512
20:50:19.678,0,-3.8,2,0,0,500,50000,-4,-55874,8279830,138,48084,-55550288
20:50:19.683,0,-3.8,2,0,0,500,50000,4,-64925,8279438,45,50124,-55549992
20:50:19.688,0,-4.0,2,0,0,500,50000,-5,-70270,8278963,6,55930,-55549656
20:50:19.693,0,-4.0,2,0,0,500,50000,-7,-71693,8278618,65,45191,-55549448
20:50:19.698,0,-3.3,2,0,0,500,50000,-22,-70990,8278281,52,52916,-55549148
20:50:19.703,0,-3.3,2,0,0,500,50000,-10,-65870,8277933,66,48497,-55548948
20:50:19.708,0,-2.1,2,0,0,500,50000,-4,-55845,8277714,36,52292,-55548668
20:50:19.713,0,-2.1,2,0,0,500,50000,0,-44363,8277593,16,54574,-55548476
20:50:19.718,0,-1.2,2,0,0,500,50000,-5,-29991,8277510,114,41995,-55548296
20:50:19.724,0,-1.2,2,0,0,500,50000,1,-17171,8277465,27,52253,-55547960
20:50:19.729,0,-0.7,2,0,0,500,50000,-9,-16450,8277395,162,42380,-55547820
20:50:19.734,0,-0.7,2,0,0,500,50000,15,-20772,8277269,33,50790,-55547504
20:50:19.739,0,-1.3,2,0,0,500,50000,13,-31889,8277078,214,44194,-55547292
20:50:19.744,0,-1.3,2,0,0,500,50000,16,-42733,8276806,75,47884,-55547048
20:50:19.749,0,-2.7,2,0,0,500,50000,-3,-48825,8276519,111,47645,-55546800
20:50:19.754,0,-2.7,2,0,0,500,50000,-57,-52967,8276261,113,47270,-55546580
20:50:19.759,0,-3.8,2,0,0,500,50000,-9,-55014,8275962,50,52769,-55546280
20:50:19.764,0,-3.8,2,0,0,500,50000,-19,-57083,8275685,89,46596,-55546060
20:50:19.769,0,-3.9,2,0,0,500,50000,-26,-57177,8275373,56,52740,-55545800
20:50:19.774,0,-3.9,2,0,0,500,50000,10,-55416,8275125,-20,47223,-55545568
20:50:19.779,0,-3.3,2,0,0,500,50000,-34,-50437,8274870,82,50620,-55545292
20:50:19.784,0,-3.3,2,0,0,500,50000,28,-46951,8274662,51,53203,-55545052
20:50:19.789,0,-2.6,2,0,0,500,50000,8,-46365,8274406,101,48498,-55544828
20:50:19.794,0,-2.6,2,0,0,500,50000,-10,-43208,8274217,67,50007,-55544552
20:50:19.799,0,-2.1,2,0,0,500,50000,-5,-42429,8274022,88,49327,-55544300
20:50:19.805,0,-2.1,2,0,0,500,50000,-4,-36080,8273842,38,47885,-55544096
20:50:19.810,0,-2.0,2,0,0,500,50000,0,-34680,8273686,127,48011,-55543836
20:50:19.815,0,-2.0,2,0,0,500,50000,40,-36679,8273478,84,50593,-55543564
20:50:19.820,0,-2.2,2,0,0,500,50000,14,-42298,8273257,110,44467,-55543352
20:50:19.825,0,-2.2,2,0,0,500,50000,15,-46549,8272990,133,48989,-55543116
20:50:19.830,0,-2.9,2,0,0,500,50000,0,-47785,8272765,225,43281,-55542908
20:50:19.835,0,-2.9,2,0,0,500,50000,-17,-47796,8272537,106,49180,-55542612
20:50:19.840,0,-3.6,2,0,0,500,50000,42,-57784,8272181,135,47024,-55542380
20:50:19.845,0,-3.6,2,0,0,500,50000,60,-64198,8271853,26,50410,-55542140
20:50:19.850,0,-3.9,2,0,0,500,50000,-5,-67683,8271463,103,47234,-55541904
20:50:19.855,0,-3.9,2,0,0,500,50000,-18,-65069,8271174,79,50631,-55541616
20:50:19.860,0,-3.5,2,0,0,500,50000,-9,-56681,8270890,3,47327,-55541416
20:50:19.865,0,-3.5,2,0,0,500,50000,-15,-44727,8270725,60,51337,-55541120
20:50:19.870,0,-2.3,2,0,0,500,50000,-4,-31237,8270603,83,45397,-55540892
20:50:19.875,0,-2.3,2,0,0,500,50000,1,-23639,8270522,43,49884,-55540656
20:50:19.880,0,-1.4,2,0,0,500,50000,2,-23458,8270394,152,44884,-55540432
20:50:19.886,0,-1.4,2,0,0,500,50000,27,-22998,8270298,133,46814,-55540216
20:50:19.891,0,-1.8,2,0,0,500,50000,-6,-32255,8270089,192,46272,-55539964
20:50:19.896,0,-1.8,2,0,0,500,50000,41,-42235,8269834,193,45762,-55539724
20:50:19.901,0,-3.5,2,0,0,500,50000,-51,-54665,8269497,117,48643,-55539500
20:50:19.906,0,-3.5,2,0,0,500,50000,8,-58858,8269161,175,44981,-55539272
20:50:19.911,0,-5.1,2,0,0,500,50000,-31,-59832,8268886,113,49941,-55539024
20:50:19.916,0,-5.1,2,0,0,500,50000,26,-63629,8268537,96,50754,-55538756
20:50:19.921,0,-5.3,2,0,0,500,50000,-58,-66191,8268213,73,49639,-55538488
20:50:19.926,0,-5.3,2,0,0,500,50000,-4,-66924,8267835,199,48230,-55538248
20:50:19.931,0,-4.4,2,0,0,500,50000,-5,-63028,8267563,-15,53459,-55537992
20:50:19.936,0,-4.4,2,0,0,500,50000,1,-53962,8267293,100,44659,-55537788
20:50:19.941,0,-3.2,2,0,0,500,50000,1,-46252,8267113,0,53020,-55537464
20:50:19.946,0,-3.2,2,0,0,500,50000,7,-36778,8266982,151,43710,-55537280
20:50:19.951,0,-2.2,2,0,0,500,50000,-3,-32851,8266822,39,50100,-55537012
20:50:19.956,0,-2.2,2,0,0,500,50000,3,-32037,8266678,157,44711,-55536816
20:50:19.961,0,-2.0,2,0,0,500,50000,-3,-37566,8266454,155,44377,-55536556
20:50:19.967,0,-2.0,2,0,0,500,50000,15,-45497,8266207,144,50033,-55536332
20:50:19.972,0,-2.9,2,0,0,500,50000,-37,-57224,8265843,252,41775,-55536136
20:50:19.977,0,-2.9,2,0,0,500,50000,-20,-58159,8265566,48,50023,-55535824
20:50:19.982,0,-3.9,2,0,0,500,50000,-5,-59452,8265289,98,49212,-55535584
20:50:19.987,0,-3.9,2,0,0,500,50000,-62,-63304,8264930,94,45781,-55535388
20:50:19.992,0,-4.2,2,0,0,500,50000,-26,-65135,8264618,86,52105,-55535100
20:50:19.997,0,-4.2,2,0,0,500,50000,-12,-65346,8264254,113,46874,-55534860
20:50:20.002,0,-3.5,2,0,0,500,50000,-16,-59490,8264010,149,47389,-55534652
20:50:20.007,0,-3.5,2,0,0,500,50000,-27,-50159,8263782,27,51886,-55534344
20:50:20.012,0,-2.6,2,0,0,500,50000,7,-36488,8263674,36,47432,-55534116
20:50:20.018,0,-2.6,2,0,0,500,50000,-10,-26175,8263574,8,50089,-55533872
20:50:20.023,0,-1.9,2,0,0,500,50000,0,-22948,8263467,101,48984,-55533640
20:50:20.028,0,-1.9,2,0,0,500,50000,10,-19035,8263401,138,45940,-55533440
20:50:20.033,0,-1.9,2,0,0,500,50000,66,-29417,8263206,80,51370,-55533160
20:50:20.038,0,-1.9,2,0,0,500,50000,12,-39790,8262982,259,38919,-55532988
20:50:20.043,0,-2.9,2,0,0,500,50000,9,-47656,8262698,68,51737,-55532688
20:50:20.048,0,-4.5,2,0,0,500,50000,-99,-55749,8262361,44,51636,-55532396
20:50:20.053,0,-4.5,2,0,0,500,50000,-23,-62462,8261994,194,42540,-55532232
20:50:20.058,0,-5.2,2,0,0,500,50000,-10,-58824,8261738,-49,53950,-55531912
20:50:20.063,0,-5.2,2,0,0,500,50000,5,-56482,8261386,123,44417,-55531672
20:50:20.068,0,-4.5,2,0,0,500,50000,-10,-57047,8261161,-32,54721,-55531432
20:50:20.073,0,-4.5,2,0,0,500,50000,-3,-56462,8260893,95,41607,-55531312
20:50:20.078,0,-3.5,2,0,0,500,50000,-4,-54703,8260634,39,54201,-55530972
20:50:20.083,0,-3.5,2,0,0,500,50000,6,-50234,8260361,184,44752,-55530784
20:50:20.089,0,-2.8,2,0,0,500,50000,8,-50085,8260123,-42,53367,-55530456
20:50:20.094,0,-2.8,2,0,0,500,50000,-1,-47667,8259862,193,45864,-55530300
20:50:20.099,0,-2.3,2,0,0,500,50000,-14,-45565,8259657,81,48895,-55530008
20:50:20.104,0,-2.3,2,0,0,500,50000,-55,-39794,8259497,115,49388,-55529760
20:50:20.109,0,-2.0,2,0,0,500,50000,-35,-32825,8259338,150,44923,-55529520
20:50:20.114,0,-2.0,2,0,0,500,50000,153,-31360,8259198,80,50416,-55529296
20:50:20.119,0,-2.2,2,0,0,500,50000,25,-32483,8259019,171,42921,-55529080
20:50:20.124,0,-2.2,2,0,0,500,50000,67,-38408,8258814,101,51791,-55528776
20:50:20.129,0,-3.0,2,0,0,500,50000,6,-44745,8258533,265,41303,-55528636
20:50:20.134,0,-3.0,2,0,0,500,50000,19,-45425,8258315,35,52932,-55528300
20:50:20.139,0,-4.0,2,0,0,500,50000,12,-49689,8258059,222,43429,-55528120
20:50:20.144,0,-4.0,2,0,0,500,50000,4,-56581,8257721,111,48219,-55527868
20:50:20.149,0,-4.4,2,0,0,500,50000,-5,-60822,8257414,8,51537,-55527592
20:50:20.154,0,-4.4,2,0,0,500,50000,-16,-62938,8257057,205,44021,-55527384
20:50:20.159,0,-4.1,2,0,0,500,50000,-8,-62921,8256710,-45,52623,-55527116
20:50:20.164,0,-4.1,2,0,0,500,50000,-22,-62000,8256429,129,47653,-55526896
20:50:20.170,0,-3.3,2,0,0,500,50000,-1,-54152,8256170,48,50052,-55526600
20:50:20.175,0,-3.3,2,0,0,500,50000,20,-42780,8256011,101,47929,-55526412
20:50:20.180,0,-2.4,2,0,0,500,50000,-49,-31487,8255895,149,45552,-55526152
20:50:20.185,0,-2.4,2,0,0,500,50000,-14,-23827,8255822,143,47735,-55525944
20:50:20.190,0,-2.2,2,0,0,500,50000,14,-19529,8255737,231,42776,-55525708
20:50:20.195,0,-2.2,2,0,0,500,50000,-48,-27045,8255571,123,48614,-55525428
20:50:20.200,0,-3.1,2,0,0,500,50000,3,-39457,8255341,166,46451,-55525204
20:50:20.205,0,-3.1,2,0,0,500,50000,30,-55728,8254970,178,44162,-55525016
20:50:20.210,0,-5.0,2,0,0,500,50000,-6,-62074,8254593,132,50066,-55524672
20:50:20.215,0,-5.0,2,0,0,500,50000,-12,-64884,8254218,171,44992,-55524460
20:50:20.220,0,-6.1,2,0,0,500,50000,67,-69752,8253926,41,53975,-55524232
20:50:20.225,0,-6.1,2,0,0,500,50000,12,-77455,8253462,128,46820,-55523984
20:50:20.230,0,-5.4,2,0,0,500,50000,24,-82126,8253050,9,51951,-55523728
20:50:20.235,0,-5.4,2,0,0,500,50000,-21,-80559,8252686,110,45527,-55523520
20:50:20.240,0,-3.7,2,0,0,500,50000,-23,-72513,8252314,-15,55898,-55523228
20:50:20.245,0,-3.7,2,0,0,500,50000,-40,-56550,8252114,116,45456,-55523036
20:50:20.251,0,-2.2,2,0,0,500,50000,-60,-32487,8252025,25,50275,-55522744
20:50:20.256,0,-2.2,2,0,0,500,50000,7,-14165,8252039,228,44099,-55522588
20:50:20.261,0,-1.4,2,0,0,500,50000,67,-6185,8252037,144,49295,-55522296
20:50:20.266,0,-1.4,2,0,0,500,50000,32,-10827,8251953,193,45837,-55522088
20:50:20.271,0,-1.9,2,0,0,500,50000,-77,-23624,8251789,189,44824,-55521884
20:50:20.276,0,-1.9,2,0,0,500,50000,14,-47285,8251433,87,49532,-55521616
20:50:20.281,0,-3.8,1,0,0,500,50000,-16,-61610,8251079,170,42134,-55521416
20:50:20.286,0,-3.8,1,0,0,500,50000,-9,-63896,8250730,-44,52708,-55521116
20:50:20.291,0,-5.8,1,0,0,500,50000,-73,-64622,8250429,86,47695,-55520912
20:50:20.296,0,-5.8,1,0,0,500,50000,15,-72273,8250009,116,46464,-55520632
20:50:20.301,0,-5.9,1,0,0,500,50000,-152,-73823,8249657,111,48421,-55520424
20:50:20.306,0,-5.9,1,0,0,500,50000,61,-73544,8249262,53,48592,-55520136
20:50:20.311,0,-4.5,1,0,0,500,50000,27,-66855,8248986,141,47745,-55519948
20:50:20.317,0,-4.5,1,0,0,500,50000,-11,-55077,8248733,51,50620,-55519648
20:50:20.322,0,-2.9,1,0,0,500,50000,-20,-43585,8248570,93,47556,-55519420
20:50:20.327,0,-2.9,1,0,0,500,50000,-5,-29900,8248457,101,46446,-55519204
20:50:20.332,0,-2.1,1,0,0,500,50000,23,-20523,8248402,-6,52059,-55518924
20:50:20.337,0,-2.1,1,0,0,500,50000,16,-15501,8248339,253,42533,-55518736
20:50:20.342,0,-2.3,1,0,0,500,50000,28,-21430,8248218,62,48441,-55518464
20:50:20.347,0,-2.3,1,0,0,500,50000,23,-34083,8248006,222,44179,-55518300
20:50:20.352,0,-3.7,1,0,0,500,50000,13,-58064,8247594,101,44654,-55518040
20:50:20.357,0,-3.7,1,0,0,500,50000,-5,-67638,8247237,4,52098,-55517744
20:50:20.362,0,-5.4,1,0,0,500,50000,15,-70644,8246825,250,43451,-55517580
20:50:20.367,0,-5.4,1,0,0,500,50000,0,-71527,8246485,-18,53744,-55517264
20:50:20.372,0,-6.0,1,0,0,500,50000,-49,-71719,8246086,144,44585,-55517056
20:50:20.377,0,-6.0,1,0,0,500,50000,29,-67281,8245786,9,53969,-55516736
20:50:20.382,0,-4.8,1,0,0,500,50000,1,-64560,8245490,182,42643,-55516588
20:50:20.387,0,-4.8,1,0,0,500,50000,5,-58703,8245185,72,51205,-55516284
20:50:20.392,0,-2.9,1,0,0,500,50000,-26,-53400,8244949,107,46507,-55516052
20:50:20.397,0,-2.9,1,0,0,500,50000,-11,-43615,8244739,79,49857,-55515772
20:50:20.403,0,-1.8,1,0,0,500,50000,8,-34062,8244618,180,44929,-55515600
20:50:20.408,0,-1.8,1,0,0,500,50000,10,-26647,8244474,132,46096,-55515288
20:50:20.413,0,-1.4,1,0,0,500,50000,2,-23729,8244378,89,47034,-55515084
20:50:20.418,0,-1.4,1,0,0,500,50000,19,-25426,8244234,187,45750,-55514832
20:50:20.423,0,-1.9,1,0,0,500,50000,-1,-31576,8244066,149,46961,-55514576
20:50:20.428,0,-1.9,1,0,0,500,50000,3,-38456,8243835,185,47059,-55514368
20:50:20.433,0,-3.1,1,0,0,500,50000,15,-43236,8243614,171,43607,-55514144
20:50:20.438,0,-4.3,1,0,0,500,50000,22,-51165,8243353,20,54471,-55513864
20:50:20.443,0,-4.3,1,0,0,500,50000,-128,-55666,8243033,260,40330,-55513740
20:50:20.448,0,-4.9,1,0,0,500,50000,3,-59238,8242742,-25,55977,-55513360
20:50:20.453,0,-4.9,1,0,0,500,50000,-14,-58366,8242425,154,46234,-55513180
20:50:20.458,0,-4.6,1,0,0,500,50000,6,-55147,8242181,9,51530,-55512912
20:50:20.463,0,-4.6,1,0,0,500,50000,-22,-52211,8241897,73,50643,-55512672
20:50:20.468,0,-3.7,1,0,0,500,50000,28,-53166,8241643,44,44799,-55512432
20:50:20.473,0,-3.7,1,0,0,500,50000,28,-50782,8241370,109,49411,-55512208
20:50:20.478,0,-2.8,1,0,0,500,50000,2,-49846,8241142,165,43195,-55511980
20:50:20.483,0,-2.8,1,0,0,500,50000,-7,-40677,8240986,65,53819,-55511652
20:50:20.489,0,-2.3,1,0,0,500,50000,0,-34907,8240809,203,40232,-55511496
20:50:20.494,0,-2.3,1,0,0,500,50000,17,-32312,8240666,5,58226,-55511164
20:50:20.499,0,-2.3,1,0,0,500,50000,28,-35988,8240438,173,43082,-55511020
20:50:20.504,0,-2.3,1,0,0,500,50000,30,-44009,8240198,70,45233,-55510724
20:50:20.509,0,-2.9,1,0,0,500,50000,2,-42293,8239973,68,51590,-55510508
20:50:20.514,0,-2.9,1,0,0,500,50000,15,-48219,8239730,198,38669,-55510320
20:50:20.519,0,-3.6,1,0,0,500,50000,14,-49597,8239501,-51,57494,-55509952
20:50:20.524,0,-3.6,1,0,0,500,50000,25,-59596,8239131,221,38665,-55509820
20:50:20.529,0,-4.0,1,0,0,500,50000,-18,-60751,8238857,-42,58716,-55509472
20:50:20.534,0,-4.0,1,0,0,500,50000,3,-59685,8238509,108,43968,-55509304
20:50:20.539,0,-3.7,1,0,0,500,50000,-1,-55858,8238267,2,52860,-55508968
20:50:20.544,0,-3.7,1,0,0,500,50000,-18,-51610,8237994,214,40051,-55508860
20:50:20.549,0,-2.9,1,0,0,500,50000,8,-46829,8237801,-7,52614,-55508500
20:50:20.554,0,-2.9,1,0,0,500,50000,-14,-39084,8237614,116,49162,-55508280
20:50:20.559,0,-2.2,1,0,0,500,50000,-37,-33257,8237458,167,43564,-55508036
20:50:20.564,0,-2.2,1,0,0,500,50000,-10,-35241,8237289,50,49836,-55507796
20:50:20.569,0,-2.2,1,0,0,500,50000,-24,-40742,8237021,237,39830,-55507560
20:50:20.574,0,-2.2,1,0,0,500,50000,-13,-43087,8236850,85,51864,-55507328
20:50:20.580,0,-2.9,1,0,0,500,50000,18,-46747,8236585,243,40853,-55507132
20:50:20.585,0,-2.9,1,0,0,500,50000,-61,-49914,8236347,23,52721,-55506844
20:50:20.590,0,-3.7,1,0,0,500,50000,4,-55938,8236026,196,43987,-55506636
20:50:20.595,0,-3.7,1,0,0,500,50000,-2,-63419,8235701,2,53078,-55506312
20:50:20.600,0,-4.1,1,0,0,500,50000,-8,-69057,8235291,68,47667,-55506128
20:50:20.605,0,-4.1,1,0,0,500,50000,-10,-66174,8234989,29,51282,-55505836
20:50:20.610,0,-3.7,1,0,0,500,50000,-22,-59172,8234678,106,45232,-55505608
20:50:20.615,0,-3.7,1,0,0,500,50000,-14,-52571,8234457,112,48218,-55505332
20:50:20.620,0,-2.9,1,0,0,500,50000,6,-43432,8234243,147,46941,-55505144
20:50:20.625,0,-2.9,1,0,0,500,50000,0,-43213,8234041,18,51454,-55504848
20:50:20.630,0,-2.2,1,0,0,500,50000,9,-42741,8233849,123,48474,-55504608
20:50:20.635,0,-2.2,1,0,0,500,50000,103,-45807,8233586,74,51449,-55504376
20:50:20.640,0,-2.4,1,0,0,500,50000,-30,-54085,8233302,84,45755,-55504160
20:50:20.645,0,-2.4,1,0,0,500,50000,8,-54809,8232999,74,51159,-55503856
20:50:20.650,0,-3.1,1,0,0,500,50000,18,-55790,8232726,122,48405,-55503620
20:50:20.655,0,-3.1,1,0,0,500,50000,-8,-61158,8232370,23,52291,-55503376
20:50:20.660,0,-3.4,1,0,0,500,50000,0,-67248,8232029,127,46740,-55503152
20:50:20.665,0,-3.4,1,0,0,500,50000,-18,-68702,8231694,-8,54410,-55502832
20:50:20.670,0,-2.9,1,0,0,500,50000,-6,-66392,8231330,91,45691,-55502668
20:50:20.676,0,-2.9,1,0,0,500,50000,14,-59037,8231095,36,51718,-55502368
20:50:20.681,0,-2.1,1,0,0,500,50000,-5,-49117,8230862,103,46275,-55502140
20:50:20.686,0,-2.1,1,0,0,500,50000,-2,-39806,8230683,50,50311,-55501896
20:50:20.691,0,-1.4,1,0,0,500,50000,16,-31390,8230569,157,42806,-55501684
20:50:20.696,0,-1.4,1,0,0,500,50000,-18,-26660,8230443,66,50351,-55501376
20:50:20.701,0,-1.4,1,0,0,500,50000,4,-20187,8230377,160,42029,-55501224
20:50:20.706,0,-1.4,1,0,0,500,50000,-2,-20649,8230266,60,49966,-55500900
20:50:20.711,0,-2.1,1,0,0,500,50000,-13,-26028,8230105,194,45314,-55500692
20:50:20.716,0,-2.1,1,0,0,500,50000,-3,-38117,8229877,77,48424,-55500452
20:50:20.721,0,-3.4,1,0,0,500,50000,-19,-56444,8229502,31,53181,-55500172
20:50:20.726,0,-3.4,1,0,0,500,50000,-131,-63741,8229131,158,43848,-55499964
20:50:20.731,0,-4.7,1,0,0,500,50000,30,-62405,8228847,-6,51771,-55499640
20:50:20.736,0,-4.7,1,0,0,500,50000,-2,-68907,8228441,119,44515,-55499472
20:50:20.741,0,-4.7,1,0,0,500,50000,-10,-67050,8228137,10,54027,-55499200
20:50:20.746,0,-4.7,1,0,0,500,50000,-25,-61935,8227859,50,44925,-55498980
20:50:20.751,0,-3.5,1,0,0,500,50000,-8,-53494,8227638,95,52011,-55498680
20:50:20.756,0,-3.5,1,0,0,500,50000,-12,-46471,8227407,111,43400,-55498472
20:50:20.761,0,-2.2,1,0,0,500,50000,-24,-37141,8227274,-24,53320,-55498196
20:50:20.766,0,-2.2,1,0,0,500,50000,-1,-33337,8227106,205,42001,-55498008
20:50:20.772,0,-1.8,1,0,0,500,50000,26,-28405,8226999,47,56957,-55497664
20:50:20.777,0,-1.8,1,0,0,500,50000,-1,-29488,8226825,202,41751,-55497520
20:50:20.782,0,-2.3,1,0,0,500,50000,13,-35396,8226638,4,54115,-55497216
20:50:20.787,0,-2.3,1,0,0,500,50000,-14,-41923,8226419,140,48006,-55497020
20:50:20.792,0,-3.3,2,0,0,500,50000,-16,-54041,8226086,126,41036,-55496780
20:50:20.797,0,-3.3,2,0,0,500,50000,-8,-56855,8225802,24,54809,-55496508
20:50:20.802,0,-4.1,2,0,0,500,50000,9,-59334,8225459,63,45324,-55496272
20:50:20.807,0,-4.1,2,0,0,500,50000,0,-58012,8225193,-43,57962,-55495948
20:50:20.812,0,-4.1,2,0,0,500,50000,3,-59184,8224866,219,40160,-55495788
20:50:20.817,0,-4.1,2,0,0,500,50000,-7,-58546,8224602,9,59794,-55495452
20:50:20.822,0,-3.3,2,0,0,500,50000,-6,-57622,8224290,169,41791,-55495288
20:50:20.827,0,-3.3,2,0,0,500,50000,-11,-54555,8224054,-46,55776,-55494988
20:50:20.832,0,-2.4,2,0,0,500,50000,-15,-50622,8223791,136,43247,-55494804
20:50:20.837,0,-2.4,2,0,0,500,50000,-7,-43613,8223623,11,54495,-55494460
20:50:20.842,0,-1.9,2,0,0,500,50000,-23,-36696,8223449,189,39373,-55494352
20:50:20.847,0,-1.9,2,0,0,500,50000,-14,-33684,8223278,-21,55529,-55493980
20:50:20.852,0,-2.0,2,0,0,500,50000,-2,-34605,8223118,185,42869,-55493828
20:50:20.857,0,-2.0,2,0,0,500,50000,-38,-41309,8222875,-31,56667,-55493496
20:50:20.862,0,-2.6,2,0,0,500,50000,14,-45214,8222649,177,46657,-55493328
20:50:20.868,0,-2.6,2,0,0,500,50000,-7,-52678,8222338,123,44257,-55493052
20:50:20.873,0,-3.4,2,0,0,500,50000,-37,-51343,8222098,14,52000,-55492816
20:50:20.878,0,-3.4,2,0,0,500,50000,1,-52197,8221810,161,43954,-55492580
20:50:20.883,0,-3.9,2,0,0,500,50000,17,-47624,8221613,-55,58454,-55492248
20:50:20.888,0,-3.9,2,0,0,500,50000,8,-53618,8221338,164,39856,-55492132
20:50:20.893,0,-3.8,2,0,0,500,50000,0,-60406,8220982,-39,60385,-55491756
20:50:20.898,0,-3.6,2,0,0,500,50000,16,-68761,8220625,126,37327,-55491628
20:50:20.903,0,-3.6,2,0,0,500,50000,28,-68545,8220249,-23,62695,-55491200
20:50:20.908,0,-3.2,2,0,0,500,50000,-14,-70555,8219905,225,38116,-55491132
20:50:20.913,0,-3.2,2,0,0,500,50000,-14,-65811,8219555,-83,58421,-55490696
20:50:20.918,0,-2.4,2,0,0,500,50000,-2,-51741,8219306,216,40126,-55490608
20:50:20.923,0,-2.4,2,0,0,500,50000,-26,-36639,8219199,3,56605,-55490236
20:50:20.928,0,-1.7,2,0,0,500,50000,29,-23615,8219143,256,39659,-55490104
20:50:20.933,0,-1.7,2,0,0,500,50000,32,-17829,8219069,34,57858,-55489772
20:50:20.938,0,-1.8,2,0,0,500,50000,5,-20487,8218966,285,38315,-55489656
20:50:20.943,0,-1.8,2,0,0,500,50000,45,-27164,8218821,30,52595,-55489352
20:50:20.948,0,-3.0,2,0,0,500,50000,20,-37939,8218570,196,44722,-55489168
20:50:20.953,0,-3.0,2,0,0,500,50000,6,-52120,8218269,152,45169,-55488888
20:50:20.958,0,-4.7,2,0,0,500,50000,0,-63567,8217882,110,48996,-55488664
20:50:20.964,0,-4.7,2,0,0,500,50000,67,-81392,8217438,-6,47841,-55488392
20:50:20.969,0,-5.4,2,0,0,500,50000,-42,-91831,8216906,53,53210,-55488096
20:50:20.974,0,-5.4,2,0,0,500,50000,15,-88584,8216510,30,49405,-55487880
20:50:20.979,0,-4.5,2,0,0,500,50000,-28,-74623,8216158,16,52902,-55487600
20:50:20.984,0,-4.5,2,0,0,500,50000,-21,-55572,8215979,28,50775,-55487376
20:50:20.989,0,-2.5,2,0,0,500,50000,-92,-33454,8215874,86,46593,-55487152
20:50:20.994,0,-2.5,2,0,0,500,50000,29,-18608,8215853,104,46377,-55486884
20:50:20.999,0,-1.1,2,0,0,500,50000,38,-10186,8215834,127,47874,-55486672
20:50:21.004,0,-1.1,2,0,0,500,50000,27,-11743,8215777,136,45152,-55486428
20:50:21.009,0,-1.5,2,0,0,500,50000,28,-19090,8215658,82,48425,-55486156
20:50:21.014,0,-1.5,2,0,0,500,50000,40,-32975,8215425,101,47960,-55485964
20:50:21.019,0,-3.3,2,0,0,500,50000,12,-49655,8215122,117,47314,-55485708
20:50:21.024,0,-3.3,2,0,0,500,50000,1,-63208,8214714,70,52040,-55485424
20:50:21.029,0,-5.1,2,0,0,500,50000,9,-67589,8214378,104,49221,-55485184
20:50:21.034,0,-5.1,2,0,0,500,50000,45,-74058,8213942,71,53644,-55484932
20:50:21.039,0,-5.4,2,0,0,500,50000,5,-79393,8213542,179,47527,-55484708
20:50:21.044,0,-5.4,2,0,0,500,50000,-38,-80597,8213093,-9,53275,-55484392
20:50:21.050,0,-4.1,2,0,0,500,50000,-8,-74157,8212769,27,47675,-55484216
20:50:21.055,0,-4.1,2,0,0,500,50000,-11,-61309,8212531,-11,54320,-55483900
20:50:21.060,0,-2.3,2,0,0,500,50000,-21,-44066,8212353,110,46263,-55483692
20:50:21.065,0,-2.3,2,0,0,500,50000,31,-29176,8212282,13,54198,-55483372
20:50:21.070,0,-1.1,2,0,0,500,50000,6,-16052,8212235,183,45944,-55483168
20:50:21.075,0,-1.1,2,0,0,500,50000,29,-15445,8212170,87,47544,-55482892
20:50:21.080,0,-1.0,2,0,0,500,50000,37,-22068,8212046,123,47346,-55482704
20:50:21.085,0,-1.0,2,0,0,500,50000,16,-31112,8211873,102,47487,-55482472
20:50:21.090,0,-2.2,2,0,0,500,50000,8,-44628,8211610,48,51317,-55482204
20:50:21.095,0,-2.2,2,0,0,500,50000,-25,-56075,8211165,185,45397,-55481932
20:50:21.100,0,-3.7,2,0,0,500,50000,0,-58839,8210879,35,52320,-55481604
20:50:21.105,0,-3.7,2,0,0,500,50000,-1,-59614,8210657,94,42564,-55481508
20:50:21.110,0,-4.1,2,0,0,500,50000,9,-54591,8210385,13,53563,-55481224
20:50:21.115,0,-4.1,2,0,0,500,50000,-139,-51700,8210157,135,41579,-55481028
20:50:21.120,0,-3.4,2,0,0,500,50000,-8,-44498,8209942,-12,57359,-55480656
20:50:21.125,0,-3.4,2,0,0,500,50000,3,-43460,8209707,139,42124,-55480536
20:50:21.131,0,-2.6,2,0,0,500,50000,-22,-39536,8209546,3,53111,-55480200
20:50:21.136,0,-2.6,2,0,0,500,50000,27,-39356,8209339,149,43270,-55480016
20:50:21.141,0,-2.3,2,0,0,500,50000,-2,-40395,8209141,87,51010,-55479740
20:50:21.146,0,-2.3,2,0,0,500,50000,-14,-46402,8208859,93,43906,-55479532
20:50:21.151,0,-2.4,2,0,0,500,50000,-4,-44356,8208654,3,55069,-55479196
20:50:21.156,0,-2.4,2,0,0,500,50000,0,-46149,8208425,122,45024,-55479008
20:50:21.161,0,-2.7,2,0,0,500,50000,0,-39886,8208237,-29,54762,-55478720
20:50:21.166,0,-2.7,2,0,0,500,50000,2,-38654,8208057,142,42783,-55478552
20:50:21.171,0,-2.7,2,0,0,500,50000,0,-42263,8207806,-7,51849,-55478224
20:50:21.176,0,-2.7,2,0,0,500,50000,-10,-44715,8207578,163,44408,-55478068
20:50:21.181,0,-2.9,2,0,0,500,50000,-55,-40598,8207370,52,47197,-55477784
20:50:21.186,0,-2.9,2,0,0,500,50000,31,-41834,8207179,125,50728,-55477524
20:50:21.191,0,-3.2,2,0,0,500,50000,7,-45054,8206969,199,42608,-55477312
20:50:21.196,0,-3.2,2,0,0,500,50000,31,-55063,8206641,62,52389,-55477056
20:50:21.201,0,-3.5,2,0,0,500,50000,12,-64231,8206305,155,44589,-55476828
20:50:21.206,0,-3.5,2,0,0,500,50000,-24,-69054,8205897,25,54075,-55476500
20:50:21.211,0,-3.7,2,0,0,500,50000,-30,-68830,8205578,59,48091,-55476316
20:50:21.217,0,-3.7,2,0,0,500,50000,-13,-63943,8205297,78,49337,-55476052
20:50:21.222,0,-3.2,2,0,0,500,50000,-14,-52652,8205047,-20,51481,-55475748
20:50:21.227,0,-3.2,2,0,0,500,50000,-5,-38194,8204889,108,45435,-55475580
20:50:21.232,0,-2.0,2,0,0,500,50000,-3,-25647,8204826,61,51641,-55475264
20:50:21.237,0,-2.0,2,0,0,500,50000,19,-21720,8204730,234,41893,-55475080
20:50:21.242,0,-1.4,2,0,0,500,50000,42,-26876,8204590,99,52469,-55474800
20:50:21.247,0,-1.4,2,0,0,500,50000,0,-42431,8204302,160,44030,-55474592
20:50:21.252,0,-2.2,2,0,0,500,50000,25,-53512,8204010,100,48572,-55474352
20:50:21.257,0,-2.2,2,0,0,500,50000,24,-58569,8203670,130,46777,-55474112
20:50:21.262,0,-3.7,2,0,0,500,50000,-37,-59009,8203351,76,49627,-55473824
20:50:21.268,0,-3.7,2,0,0,500,50000,3,-62075,8203050,116,46164,-55473632
20:50:21.273,0,-4.3,2,0,0,500,50000,-25,-59879,8202726,32,50315,-55473340
20:50:21.278,0,-4.3,2,0,0,500,50000,-15,-56586,8202470,117,46374,-55473104
20:50:21.283,0,-3.6,2,0,0,500,50000,1,-47654,8202281,20,49728,-55472872
20:50:21.288,0,-2.7,2,0,0,500,50000,-2,-45834,8202039,35,47468,-55472632
20:50:21.293,0,-2.7,2,0,0,500,50000,10,-43441,8201850,81,52959,-55472336
20:50:21.298,0,-2.4,2,0,0,500,50000,3,-45117,8201589,110,43491,-55472136
20:50:21.303,0,-2.4,2,0,0,500,50000,5,-45743,8201375,0,52656,-55471868
20:50:21.308,0,-2.6,2,0,0,500,50000,12,-49694,8201086,94,46327,-55471632
20:50:21.313,0,-2.6,2,0,0,500,50000,22,-49434,8200854,47,51599,-55471356
20:50:21.318,0,-2.8,2,0,0,500,50000,-37,-53118,8200599,112,47512,-55471112
20:50:21.323,0,-2.8,2,0,0,500,50000,6,-48496,8200341,132,49604,-55470892
20:50:21.329,0,-2.9,2,0,0,500,50000,124,-44776,8200145,157,45623,-55470664
20:50:21.334,0,-2.9,2,0,0,500,50000,4,-42359,8199929,61,48371,-55470396
20:50:21.339,0,-2.9,2,0,0,500,50000,-31,-44487,8199707,185,44784,-55470216
20:50:21.344,0,-2.9,2,0,0,500,50000,5,-53481,8199383,27,48870,-55469928
20:50:21.349,0,-3.2,2,0,0,500,50000,0,-62485,8199053,96,50488,-55469668
20:50:21.354,0,-3.2,2,0,0,500,50000,-11,-65098,8198682,90,48321,-55469400
20:50:21.359,0,-3.3,2,0,0,500,50000,-11,-63303,8198395,84,49666,-55469184
20:50:21.364,0,-3.3,2,0,0,500,50000,5,-58989,8198090,51,50006,-55468912
20:50:21.369,0,-2.7,2,0,0,500,50000,1,-48458,8197906,53,47415,-55468704
20:50:21.374,0,-2.7,2,0,0,500,50000,14,-38921,8197734,105,49543,-55468424
20:50:21.379,0,-1.8,2,0,0,500,50000,28,-27493,8197661,146,42817,-55468204
20:50:21.384,0,-1.8,2,0,0,500,50000,4,-20964,8197563,79,50363,-55467952
20:50:21.389,0,-1.7,2,0,0,500,50000,26,-24455,8197433,204,40956,-55467740
20:50:21.394,0,-1.7,2,0,0,500,50000,-58,-33410,8197253,31,54625,-55467404
20:50:21.399,0,-2.9,2,0,0,500,50000,-14,-49514,8196921,269,36174,-55467328
20:50:21.404,0,-2.9,2,0,0,500,50000,-142,-57984,8196571,-8,52200,-55466940
20:50:21.409,0,-4.3,2,0,0,500,50000,-16,-54283,8196334,80,52819,-55466704
20:50:21.415,0,-4.3,2,0,0,500,50000,24,-48779,8196089,157,39655,-55466504
20:50:21.420,0,-4.4,2,0,0,500,50000,-1,-47644,8195865,-8,57251,-55466204
20:50:21.425,0,-4.4,2,0,0,500,50000,4,-54171,8195539,187,40489,-55466032
20:50:21.430,0,-3.5,2,0,0,500,50000,0,-55479,8195269,-42,59342,-55465708
20:50:21.435,0,-3.5,2,0,0,500,50000,-10,-60303,8194963,109,42360,-55465536
20:50:21.440,0,-2.8,2,0,0,500,50000,25,-60577,8194681,-81,59656,-55465180
20:50:21.445,0,-2.8,2,0,0,500,50000,-29,-58621,8194362,97,46712,-55464988
20:50:21.450,0,-2.3,2,0,0,500,50000,-249,-50779,8194157,-25,55301,-55464720
20:50:21.455,0,-2.3,2,0,0,500,50000,26,-39639,8193978,67,45006,-55464512
20:50:21.460,0,-1.7,2,0,0,500,50000,-1,-29342,8193882,0,53384,-55464196
20:50:21.465,0,-1.7,2,0,0,500,50000,38,-22975,8193782,204,41870,-55464064
20:50:21.470,0,-1.7,2,0,0,500,50000,-49,-26920,8193645,127,48833,-55463776
20:50:21.475,0,-1.7,2,0,0,500,50000,-4,-42536,8193354,198,45026,-55463548
20:50:21.480,0,-2.7,2,0,0,500,50000,11,-53311,8193062,49,50965,-55463244
20:50:21.485,0,-2.7,2,0,0,500,50000,12,-58078,8192766,132,43556,-55463096
20:50:21.490,0,-3.9,2,0,0,500,50000,-39,-56907,8192463,88,47891,-55462796
20:50:21.496,0,-3.9,2,0,0,500,50000,13,-56934,8192202,99,48001,-55462540
20:50:21.501,0,-3.8,2,0,0,500,50000,6,-56544,8191895,-3,47938,-55462312
20:50:21.506,0,-3.8,2,0,0,500,50000,-12,-53797,8191659,71,49726,-55462044
20:50:21.511,0,-2.7,2,0,0,500,50000,4,-50835,8191385,103,46519,-55461804
20:50:21.516,0,-2.7,2,0,0,500,50000,2,-46795,8191186,47,50624,-55461564
20:50:21.521,0,-1.9,2,0,0,500,50000,20,-42386,8190970,82,46378,-55461324
20:50:21.526,0,-1.9,2,0,0,500,50000,21,-38537,8190777,88,51203,-55461080
20:50:21.531,0,-1.7,2,0,0,500,50000,-2,-35190,8190634,91,46413,-55460840
20:50:21.536,0,-1.7,2,0,0,500,50000,-19,-32444,8190465,92,51283,-55460556
20:50:21.541,0,-2.1,2,0,0,500,50000,-2,-35379,8190289,115,45774,-55460376
20:50:21.546,0,-2.1,2,0,0,500,50000,38,-35678,8190098,46,51776,-55460080
20:50:21.551,0,-3.1,2,0,0,500,50000,-81,-45706,8189782,64,47301,-55459816
20:50:21.556,0,-3.1,2,0,0,500,50000,7,-56103,8189477,77,49630,-55459592
20:50:21.561,0,-4.4,2,0,0,500,50000,-9,-61861,8189162,117,50145,-55459340
20:50:21.566,0,-4.4,2,0,0,500,50000,-10,-61737,8188822,58,47353,-55459092
20:50:21.571,0,-5.0,2,0,0,500,50000,5,-64401,8188565,91,50146,-55458864
20:50:21.576,0,-5.0,2,0,0,500,50000,6,-65433,8188202,87,47868,-55458660
20:50:21.581,0,-4.3,2,0,0,500,50000,28,-66713,8187885,55,49073,-55458400
20:50:21.587,0,-4.3,2,0,0,500,50000,-1,-63305,8187598,83,48827,-55458140
20:50:21.592,0,-3.0,2,0,0,500,50000,24,-60489,8187274,86,48278,-55457932
20:50:21.597,0,-3.0,2,0,0,500,50000,-9,-55829,8187039,44,50918,-55457648
20:50:21.602,0,-2.1,2,0,0,500,50000,-15,-48580,8186799,62,48793,-55457396
20:50:21.607,0,-2.1,2,0,0,500,50000,-14,-39638,8186650,93,47038,-55457152
20:50:21.612,0,-1.7,2,0,0,500,50000,33,-30430,8186517,69,47204,-55456944
20:50:21.617,0,-1.7,2,0,0,500,50000,-2,-24556,8186426,88,44426,-55456700
20:50:21.622,0,-1.9,2,0,0,500,50000,5,-31302,8186235,84,50811,-55456404
20:50:21.627,0,-1.9,2,0,0,500,50000,17,-42103,8185994,277,41812,-55456268
20:50:21.633,0,-2.7,2,0,0,500,50000,4,-54379,8185695,15,50913,-55455940
20:50:21.638,0,-2.7,2,0,0,500,50000,-10,-56638,8185374,102,49304,-55455700
20:50:21.643,0,-4.0,2,0,0,500,50000,-10,-54859,8185129,13,48068,-55455484
20:50:21.648,0,-4.0,2,0,0,500,50000,-10,-54930,8184826,76,52457,-55455208
20:50:21.653,0,-4.4,2,0,0,500,50000,65,-61832,8184458,119,45114,-55454972
20:50:21.658,0,-3.6,2,0,0,500,50000,-58,-58813,8184201,66,50343,-55454736
20:50:21.663,0,-3.6,2,0,0,500,50000,34,-52384,8183946,142,42393,-55454520
20:50:21.668,0,-2.7,2,0,0,500,50000,15,-42872,8183794,79,52986,-55454244
20:50:21.673,0,-2.7,2,0,0,500,50000,16,-42190,8183566,194,43114,-55454040
20:50:21.678,0,-2.3,2,0,0,500,50000,20,-42482,8183339,41,53311,-55453712
20:50:21.683,0,-2.3,2,0,0,500,50000,-15,-42430,8183146,186,42257,-55453572
20:50:21.688,0,-2.6,2,0,0,500,50000,8,-40260,8182971,70,52262,-55453248
20:50:21.693,0,-2.6,2,0,0,500,50000,36,-41650,8182731,211,42560,-55453068
20:50:21.698,0,-3.3,2,0,0,500,50000,2,-41773,8182533,53,51396,-55452792
20:50:21.703,0,-3.3,2,0,0,500,50000,-5,-46391,8182254,97,47430,-55452576
20:50:21.708,0,-3.8,2,0,0,500,50000,15,-48808,8182014,148,43235,-55452336
20:50:21.714,0,-3.8,2,0,0,500,50000,17,-47592,8181757,-16,55491,-55452008
20:50:21.719,0,-4.1,2,0,0,500,50000,-60,-46762,8181545,213,40406,-55451896
20:50:21.724,0,-4.1,2,0,0,500,50000,24,-49351,8181306,62,52982,-55451560
20:50:21.729,0,-4.2,2,0,0,500,50000,15,-57892,8180954,94,47593,-55451344
20:50:21.734,0,-4.2,2,0,0,500,50000,-2,-64176,8180627,97,46744,-55451076
20:50:21.739,0,-4.0,2,0,0,500,50000,-55,-64883,8180261,89,50034,-55450864
20:50:21.744,0,-4.0,2,0,0,500,50000,6,-61089,8179987,34,50019,-55450588
20:50:21.749,0,-3.2,2,0,0,500,50000,-24,-54653,8179705,7,52998,-55450312
20:50:21.754,0,-3.2,2,0,0,500,50000,11,-46936,8179521,126,48981,-55450108
20:50:21.759,0,-2.0,2,0,0,500,50000,6,-36679,8179393,39,50764,-55449856
20:50:21.764,0,-2.0,2,0,0,500,50000,17,-29776,8179253,132,45045,-55449624
20:50:21.769,0,-1.7,1,0,0,500,50000,7,-22259,8179178,93,49687,-55449392
20:50:21.774,0,-1.7,1,0,0,500,50000,5,-29485,8178987,152,42852,-55449184
20:50:21.779,0,-2.5,1,0,0,500,50000,8,-38807,8178778,134,47012,-55448892
20:50:21.784,0,-2.5,1,0,0,500,50000,3,-48015,8178479,126,47819,-55448688
20:50:21.789,0,-3.9,1,0,0,500,50000,-16,-49147,8178249,223,43560,-55448456
20:50:21.794,0,-3.9,1,0,0,500,50000,-55,-39606,8178067,52,48243,-55448160
20:50:21.800,0,-4.5,1,0,0,500,50000,-8,-32430,8177946,186,43018,-55447996
20:50:21.805,0,-4.5,1,0,0,500,50000,-6,-31281,8177787,121,43981,-55447728
20:50:21.810,0,-4.4,1,0,0,500,50000,268,-37604,8177570,85,50891,-55447488
20:50:21.815,0,-4.4,1,0,0,500,50000,43,-55400,8177242,270,41424,-55447292
20:50:21.820,0,-4.9,1,0,0,500,50000,-80,-65084,8176857,-32,54147,-55446940
20:50:21.825,0,-4.9,1,0,0,500,50000,-16,-74172,8176471,246,44633,-55446816
20:50:21.830,0,-5.3,1,0,0,500,50000,-16,-77555,8176029,72,49770,-55446488
20:50:21.835,0,-5.3,1,0,0,500,50000,-24,-67230,8175753,-8,52553,-55446232
20:50:21.840,0,-4.0,1,0,0,500,50000,-19,-51147,8175578,110,45208,-55445988
20:50:21.845,0,-4.0,1,0,0,500,50000,-21,-30721,8175481,124,50406,-55445776
20:50:21.850,0,-2.2,1,0,0,500,50000,4,-21686,8175422,83,42075,-55445548
20:50:21.855,0,-2.2,1,0,0,500,50000,21,-18432,8175341,45,57756,-55445212
20:50:21.860,0,-2.1,1,0,0,500,50000,7,-26251,8175194,315,37889,-55445128
20:50:21.865,0,-2.1,1,0,0,500,50000,15,-42755,8174906,50,55766,-55444760
20:50:21.870,0,-3.6,1,0,0,500,50000,-10,-52936,8174617,190,43904,-55444608
20:50:21.875,0,-3.6,1,0,0,500,50000,47,-56041,8174342,68,45069,-55444308
20:50:21.881,0,-5.0,1,0,0,500,50000,7,-55756,8174025,115,47782,-55444120
20:50:21.886,0,-5.0,1,0,0,500,50000,76,-58893,8173738,97,46802,-55443828
20:50:21.891,0,-4.6,1,0,0,500,50000,-50,-54231,8173453,11,54206,-55443544
20:50:21.896,0,-4.6,1,0,0,500,50000,-46,-47193,8173214,137,37882,-55443380
20:50:21.901,0,-3.3,1,0,0,500,50000,12,-41131,8173046,-32,55172,-55443072
20:50:21.906,0,-3.3,1,0,0,500,50000,41,-42278,8172837,277,35945,-55442928
20:50:21.911,0,-2.6,1,0,0,500,50000,5,-46600,8172601,22,58350,-55442576
20:50:21.916,0,-2.6,1,0,0,500,50000,-28,-48017,8172326,225,40221,-55442428
20:50:21.921,0,-2.8,1,0,0,500,50000,141,-46177,8172086,60,53179,-55442072
20:50:21.926,0,-2.8,1,0,0,500,50000,-21,-39075,8171867,65,51756,-55441804
20:50:21.931,0,-3.2,1,0,0,500,50000,9,-38304,8171734,33,49314,-55441628
20:50:21.936,0,-3.2,1,0,0,500,50000,-3,-39707,8171545,55,53251,-55441372
20:50:21.942,0,-3.8,1,0,0,500,50000,6,-47296,8171259,200,39515,-55441236
20:50:21.947,0,-3.8,1,0,0,500,50000,-20,-48513,8171026,-19,57273,-55440880
20:50:21.952,0,-4.6,1,0,0,500,50000,-19,-54884,8170697,264,42161,-55440724
20:50:21.957,0,-4.6,1,0,0,500,50000,15,-63076,8170330,-32,54543,-55440412
20:50:21.962,0,-5.0,1,0,0,500,50000,-23,-63394,8170041,106,44367,-55440236
20:50:21.967,0,-5.0,1,0,0,500,50000,3,-56472,8169803,165,48009,-55439928
20:50:21.972,0,-4.4,1,0,0,500,50000,-14,-45213,8169582,138,46056,-55439756
20:50:21.977,0,-4.4,1,0,0,500,50000,22,-40632,8169413,195,45555,-55439480
20:50:21.982,0,-3.5,1,0,0,500,50000,10,-42702,8169173,80,50072,-55439216
20:50:21.987,0,-3.5,1,0,0,500,50000,21,-48695,8168922,133,42793,-55438996
20:50:21.992,0,-3.3,1,0,0,500,50000,-9,-55411,8168589,51,50718,-55438752
20:50:21.997,0,-3.3,1,0,0,500,50000,13,-60222,8168281,113,44937,-55438528
20:50:22.002,0,-3.8,1,0,0,500,50000,-23,-61069,8167995,69,51718,-55438224
20:50:22.007,0,-3.8,1,0,0,500,50000,14,-56665,8167694,120,47510,-55438028
20:50:22.012,0,-3.8,1,0,0,500,50000,9,-48277,8167498,56,50291,-55437760
20:50:22.017,0,-3.8,1,0,0,500,50000,-3,-40563,8167305,159,45945,-55437536
20:50:22.022,0,-3.1,1,0,0,500,50000,2,-38816,8167130,49,49961,-55437244
20:50:22.027,0,-3.1,1,0,0,500,50000,-45,-43088,8166870,186,44863,-55437076
20:50:22.033,0,-2.9,1,0,0,500,50000,-1,-58640,8166490,136,48779,-55436736
20:50:22.038,0,-2.9,1,0,0,500,50000,-11,-63194,8166170,108,47654,-55436536
20:50:22.043,0,-3.4,1,0,0,500,50000,-18,-59768,8165846,95,50738,-55436236
20:50:22.048,0,-3.4,1,0,0,500,50000,-16,-47729,8165674,54,51465,-55435976
20:50:22.053,0,-3.3,1,0,0,500,50000,10,-38101,8165539,71,49137,-55435820
20:50:22.058,0,-3.3,1,0,0,500,50000,-6,-30961,8165394,85,49546,-55435568
20:50:22.063,0,-2.5,1,0,0,500,50000,12,-33093,8165234,140,43984,-55435344
20:50:22.068,0,-2.6,1,0,0,500,50000,-10,-38712,8165003,113,51748,-55435084
20:50:22.073,0,-2.6,1,0,0,500,50000,10,-46182,8164757,201,45906,-55434860
20:50:22.078,0,-3.7,1,0,0,500,50000,5,-53594,8164442,61,53035,-55434540
20:50:22.083,0,-3.7,1,0,0,500,50000,-8,-59301,8164146,174,43467,-55434396
20:50:22.088,0,-4.3,1,0,0,500,50000,7,-57886,8163833,0,53884,-55434040
20:50:22.093,0,-4.3,1,0,0,500,50000,4,-44718,8163629,91,45405,-55433848
20:50:22.098,0,-3.7,1,0,0,500,50000,-13,-33752,8163526,9,50610,-55433592
20:50:22.103,0,-3.7,1,0,0,500,50000,-115,-29484,8163386,141,46042,-55433384
20:50:22.108,0,-3.2,1,0,0,500,50000,53,-33865,8163221,129,42264,-55433144
20:50:22.114,0,-3.2,1,0,0,500,50000,5,-44820,8162969,93,53352,-55432880
20:50:22.119,0,-3.7,1,0,0,500,50000,9,-64760,8162531,293,40040,-55432696
20:50:22.124,0,-3.7,1,0,0,500,50000,57,-72386,8162165,40,51506,-55432360
20:50:22.129,0,-4.2,1,0,0,500,50000,-31,-71222,8161769,130,44729,-55432140
20:50:22.134,0,-4.2,1,0,0,500,50000,-6,-65240,8161481,-17,54555,-55431872
20:50:22.139,0,-3.1,1,0,0,500,50000,-61,-50191,8161261,156,44523,-55431664
20:50:22.144,0,-3.1,1,0,0,500,50000,15,-32987,8161178,33,53955,-55431344
20:50:22.149,0,-1.9,1,0,0,500,50000,0,-20602,8161134,193,42842,-55431168
20:50:22.154,0,-1.9,1,0,0,500,50000,49,-14273,8161082,81,50159,-55430908
20:50:22.159,0,-2.2,1,0,0,500,50000,37,-21512,8160958,165,44565,-55430704
20:50:22.164,0,-2.2,1,0,0,500,50000,44,-41295,8160658,161,44694,-55430440
20:50:22.169,0,-4.0,1,0,0,500,50000,8,-60660,8160297,79,51603,-55430200
20:50:22.174,0,-4.0,1,0,0,500,50000,-4,-74085,8159838,114,44048,-55429984
20:50:22.179,0,-5.3,1,0,0,500,50000,-3,-78415,8159449,73,52457,-55429660
20:50:22.184,0,-5.3,1,0,0,500,50000,-13,-81443,8158985,85,48498,-55429468
20:50:22.190,0,-4.4,1,0,0,500,50000,-88,-78633,8158638,15,52849,-55429164
20:50:22.195,0,-4.4,1,0,0,500,50000,10,-67749,8158314,-3,48311,-55428968
20:50:22.200,0,-2.4,1,0,0,500,50000,-45,-53624,8158123,46,51814,-55428680
20:50:22.205,0,-2.4,1,0,0,500,50000,50,-36833,8157978,53,48694,-55428428
20:50:22.210,0,-1.0,1,0,0,500,50000,42,-26017,8157897,104,48093,-55428224
20:50:22.215,0,-1.0,1,0,0,500,50000,-49,-17990,8157834,44,47961,-55427952
20:50:22.220,0,-1.0,1,0,0,500,50000,-30,-14591,8157773,198,46899,-55427700
20:50:22.225,0,-1.0,1,0,0,500,50000,31,-16650,8157689,137,44608,-55427500
20:50:22.230,0,-2.4,1,0,0,500,50000,27,-31207,8157466,93,48526,-55427232
20:50:22.235,0,-2.4,1,0,0,500,50000,-4,-42948,8157226,128,45121,-55427008
20:50:22.240,0,-4.6,1,0,0,500,50000,24,-55049,8156890,130,47556,-55426772
20:50:22.246,0,-4.6,1,0,0,500,50000,35,-63689,8156550,89,48824,-55426524
20:50:22.251,0,-5.8,1,0,0,500,50000,5,-74396,8156091,39,49778,-55426248
20:50:22.256,0,-5.8,1,0,0,500,50000,3,-80654,8155686,-1,50912,-55425984
20:50:22.261,0,-5.3,1,0,0,500,50000,3,-85811,8155194,62,50569,-55425760
20:50:22.266,0,-5.3,1,0,0,500,50000,-35,-80839,8154849,29,52004,-55425484
20:50:22.271,0,-3.5,1,0,0,500,50000,36,-73737,8154474,46,49422,-55425224
20:50:22.276,0,-3.5,1,0,0,500,50000,64,-62681,8154225,40,51514,-55424960
20:50:22.281,0,-1.7,2,0,0,500,50000,-43,-52712,8154022,13,52793,-55424720
20:50:22.286,0,-1.7,2,0,0,500,50000,-81,-35792,8153881,66,46850,-55424504
20:50:22.292,0,-1.0,2,0,0,500,50000,-51,-20258,8153850,25,51300,-55424208
20:50:22.297,0,-1.0,2,0,0,500,50000,90,-11364,8153822,97,47163,-55424028
20:50:22.302,0,-1.4,2,0,0,500,50000,32,-13249,8153757,141,48620,-55423760
20:50:22.307,0,-1.4,2,0,0,500,50000,15,-19786,8153626,83,47429,-55423520
20:50:22.312,0,-3.0,2,0,0,500,50000,17,-34719,8153401,218,42750,-55423352
20:50:22.317,0,-3.0,2,0,0,500,50000,25,-51353,8153093,106,49846,-55423040
20:50:22.322,0,-5.2,2,0,0,500,50000,2,-71446,8152627,113,49586,-55422800
20:50:22.327,0,-5.2,2,0,0,500,50000,10,-85007,8152186,36,52579,-55422540
20:50:22.332,0,-6.0,2,0,0,500,50000,-37,-96932,8151609,123,50977,-55422312
20:50:22.337,0,-6.0,2,0,0,500,50000,-71,-95262,8151082,-63,55585,-55422032
20:50:22.342,0,-4.6,2,0,0,500,50000,-17,-89650,8150702,101,47406,-55421820
20:50:22.347,0,-4.6,2,0,0,500,50000,-25,-70193,8150390,-23,51766,-55421512
20:50:22.352,0,-2.2,2,0,0,500,50000,-21,-48269,8150250,80,49387,-55421304
20:50:22.357,0,-2.2,2,0,0,500,50000,5,-23881,8150209,65,46986,-55421048
20:50:22.362,0,-0.6,2,0,0,500,50000,50,-12591,8150202,91,49328,-55420780
20:50:22.368,0,-0.6,2,0,0,500,50000,-10,-12180,8150150,133,44107,-55420608
20:50:22.373,0,-1.0,2,0,0,500,50000,23,-20146,8150010,26,47331,-55420336
20:50:22.378,0,-1.0,2,0,0,500,50000,18,-37488,8149733,110,46279,-55420096
20:50:22.383,0,-2.9,2,0,0,500,50000,4,-47707,8149463,89,47698,-55419816
20:50:22.388,0,-2.9,2,0,0,500,50000,0,-52167,8149202,136,47845,-55419628
20:50:22.393,0,-4.5,2,0,0,500,50000,-3,-55222,8148882,168,44703,-55419372
20:50:22.398,0,-4.5,2,0,0,500,50000,32,-59681,8148587,71,54378,-55419072
20:50:22.403,0,-4.6,2,0,0,500,50000,14,-71028,8148202,111,42580,-55418876
20:50:22.408,0,-3.8,2,0,0,500,50000,18,-79315,8147366,93,42851,-55418376
20:50:22.413,0,-3.8,2,0,0,500,50000,-11,-72695,8146986,-16,59099,-55418012
20:50:22.418,0,-2.6,2,0,0,500,50000,-12,-62853,8146730,64,45568,-55417868
20:50:22.423,0,-2.6,2,0,0,500,50000,-26,-48840,8146506,-27,55189,-55417560
20:50:22.428,0,-1.2,2,0,0,500,50000,-4,-32455,8146425,147,40489,-55417376
20:50:22.433,0,-1.2,2,0,0,500,50000,64,-20548,8146381,-37,57389,-55417020
20:50:22.438,0,-0.7,2,0,0,500,50000,20,-17982,8146294,207,36835,-55416936
20:50:22.443,0,-0.7,2,0,0,500,50000,25,-20751,8146187,12,55797,-55416556
20:50:22.448,0,-1.4,2,0,0,500,50000,-4,-32567,8145961,196,41783,-55416440
20:50:22.453,0,-1.4,2,0,0,500,50000,1,-41110,8145737,13,55389,-55416080
20:50:22.458,0,-2.8,2,0,0,500,50000,-34,-43136,8145490,112,46324,-55415900
20:50:22.464,0,-2.8,2,0,0,500,50000,0,-40971,8145278,62,52790,-55415616
20:50:22.469,0,-3.6,2,0,0,500,50000,17,-36466,8145129,164,47365,-55415416
20:50:22.474,0,-3.6,2,0,0,500,50000,-44,-43488,8144875,141,42688,-55415156
20:50:22.479,0,-3.7,2,0,0,500,50000,-7,-50406,8144614,86,50947,-55414924
20:50:22.484,0,-3.7,2,0,0,500,50000,-7,-65908,8144202,155,41371,-55414704
20:50:22.489,0,-3.7,2,0,0,500,50000,-16,-70229,8143862,19,56296,-55414404
20:50:22.494,0,-3.7,2,0,0,500,50000,-69,-76117,8143426,160,39675,-55414236
20:50:22.499,0,-3.5,2,0,0,500,50000,-34,-68061,8143142,-104,59813,-55413832
20:50:22.504,0,-3.5,2,0,0,500,50000,-6,-56307,8142865,101,43008,-55413676
20:50:22.509,0,-2.4,2,0,0,500,50000,0,-40734,8142702,-65,56898,-55413304
20:50:22.514,0,-2.4,2,0,0,500,50000,-1,-28818,8142615,174,40305,-55413160
20:50:22.519,0,-1.4,2,0,0,500,50000,13,-22756,8142518,75,54867,-55412800
20:50:22.524,0,-1.4,2,0,0,500,50000,-20,-26450,8142387,250,41672,-55412688
20:50:22.529,0,-1.5,2,0,0,500,50000,44,-34003,8142205,65,52792,-55412408
20:50:22.534,0,-1.5,2,0,0,500,50000,-13,-43952,8141963,167,47753,-55412188
20:50:22.539,0,-2.6,2,0,0,500,50000,-26,-53407,8141634,56,48572,-55411916
20:50:22.544,0,-2.6,2,0,0,500,50000,99,-57494,8141353,110,48591,-55411708
20:50:22.549,0,-3.7,2,0,0,500,50000,30,-63416,8141033,101,50206,-55411440
20:50:22.555,0,-3.7,2,0,0,500,50000,23,-73377,8140586,69,49409,-55411180
20:50:22.560,0,-3.7,2,0,0,500,50000,-70,-77905,8140202,61,54176,-55410880
20:50:22.565,0,-3.7,2,0,0,500,50000,-12,-80272,8139742,119,47793,-55410704
20:50:22.570,0,-2.8,2,0,0,500,50000,-8,-74555,8139418,8,52087,-55410416
20:50:22.575,0,-2.8,2,0,0,500,50000,-13,-57640,8139162,34,50448,-55410144
20:50:22.580,0,-1.6,2,0,0,500,50000,-32,-43264,8139018,52,49156,-55409940
20:50:22.585,0,-1.6,2,0,0,500,50000,37,-29086,8138918,3,45582,-55409692
20:50:22.590,0,-0.7,2,0,0,500,50000,-23,-20661,8138843,27,48631,-55409468
20:50:22.595,0,-0.7,2,0,0,500,50000,-14,-20999,8138745,109,45747,-55409212
20:50:22.600,0,-0.8,2,0,0,500,50000,-13,-29746,8138554,61,50933,-55408928
20:50:22.605,0,-0.8,2,0,0,500,50000,2,-37689,8138354,193,44173,-55408764
20:50:22.610,0,-2.0,2,0,0,500,50000,-8,-46096,8138081,121,48810,-55408480
20:50:22.615,0,-2.0,2,0,0,500,50000,38,-57557,8137771,126,47718,-55408232
20:50:22.620,0,-3.4,2,0,0,500,50000,30,-72885,8137317,23,52153,-55407980
20:50:22.625,0,-3.4,2,0,0,500,50000,1,-82773,8136886,43,49460,-55407720
20:50:22.630,0,-4.0,2,0,0,500,50000,-17,-87006,8136383,-1,53338,-55407432
20:50:22.635,0,-4.0,2,0,0,500,50000,7,-84824,8136003,20,47205,-55407248
20:50:22.641,0,-3.3,2,0,0,500,50000,-24,-71866,8135642,97,50601,-55406964
20:50:22.646,0,-3.3,2,0,0,500,50000,-24,-58467,8135414,31,49114,-55406696
20:50:22.651,0,-1.8,2,0,0,500,50000,-38,-43022,8135225,73,49970,-55406424
20:50:22.656,0,-1.8,2,0,0,500,50000,-7,-32668,8135113,82,46683,-55406228
20:50:22.661,0,-0.6,2,0,0,500,50000,2,-27150,8135010,45,50622,-55405948
20:50:22.666,0,-0.6,2,0,0,500,50000,38,-27405,8134866,118,45090,-55405724
20:50:22.671,0,-0.7,2,0,0,500,50000,43,-29134,8134731,6,54077,-55405456
20:50:22.676,0,-0.7,2,0,0,500,50000,42,-35643,8134507,168,43607,-55405272
20:50:22.681,0,-1.8,2,0,0,500,50000,-20,-48814,8134225,78,48994,-55404976
20:50:22.686,0,-1.8,2,0,0,500,50000,105,-67286,8133790,35,50647,-55404716
20:50:22.691,0,-3.2,2,0,0,500,50000,6,-85972,8133307,81,52167,-55404476
20:50:22.696,0,-3.2,2,0,0,500,50000,-12,-94389,8132757,-39,50620,-55404216
20:50:22.701,0,-3.7,2,0,0,500,50000,-40,-91495,8132345,26,49228,-55403940
20:50:22.706,0,-3.7,2,0,0,500,50000,-36,-79458,8131954,-42,50257,-55403724
20:50:22.711,0,-2.8,2,0,0,500,50000,-3,-60923,8131751,1,49579,-55403452
20:50:22.716,0,-2.8,2,0,0,500,50000,95,-36259,8131646,-19,51717,-55403168
20:50:22.721,0,-1.1,2,0,0,500,50000,82,-18023,8131642,80,45816,-55402984
20:50:22.726,0,-1.1,2,0,0,500,50000,40,-4834,8131670,34,49951,-55402704
20:50:22.732,0,-0.1,2,0,0,500,50000,35,-6867,8131625,168,43542,-55402536
20:50:22.737,0,-0.1,2,0,0,500,50000,-11,-17503,8131506,77,51398,-55402220
20:50:22.742,0,-0.6,2,0,0,500,50000,-36,-35047,8131250,77,50272,-55401980
20:50:22.747,0,-0.6,2,0,0,500,50000,2,-47788,8130982,113,44931,-55401796
20:50:22.752,0,-2.4,2,0,0,500,50000,-3,-61401,8130586,50,51435,-55401504
20:50:22.757,0,-2.4,2,0,0,500,50000,-2,-77956,8130150,126,48130,-55401256
20:50:22.762,0,-3.9,2,0,0,500,50000,-12,-92567,8129577,28,56102,-55400972
20:50:22.767,0,-3.9,2,0,0,500,50000,0,-95210,8129113,19,51683,-55400732
20:50:22.772,0,-3.9,2,0,0,500,50000,-41,-91250,8128697,-38,52602,-55400448
20:50:22.777,0,-3.9,2,0,0,500,50000,-205,-80336,8128279,41,50042,-55400244
20:50:22.782,0,-2.4,2,0,0,500,50000,-20,-65701,8128026,32,53180,-55399948
20:50:22.787,0,-2.4,2,0,0,500,50000,-73,-43518,8127867,6,50038,-55399716
20:50:22.792,0,-0.7,2,0,0,500,50000,-8,-23967,8127834,-22,54310,-55399416
20:50:22.797,0,-0.7,2,0,0,500,50000,66,-8904,8127855,113,47145,-55399240
20:50:22.802,0,0.0,2,0,0,500,50000,14,-3982,8127862,74,50238,-55398976
20:50:22.807,0,0.0,2,0,0,500,50000,19,-12552,8127771,165,41747,-55398756
20:50:22.812,0,0.0,2,0,0,500,50000,25,-20738,8127627,12,56517,-55398416
20:50:22.818,0,0.0,2,0,0,500,50000,-10,-31210,8127434,146,41583,-55398292
20:50:22.823,0,-1.1,2,0,0,500,50000,27,-43197,8127149,-69,54959,-55397952
20:50:22.828,0,-1.1,2,0,0,500,50000,-2,-58343,8126811,159,42612,-55397784
20:50:22.833,0,-2.6,2,0,0,500,50000,13,-79849,8126299,49,57805,-55397448
20:50:22.838,0,-2.6,2,0,0,500,50000,-7,-89137,8125849,120,44496,-55397280
20:50:22.843,0,-3.5,2,0,0,500,50000,-36,-91781,8125339,-139,56149,-55396908
20:50:22.848,0,-2.9,2,0,0,500,50000,25,-80841,8124938,2,46581,-55396708
20:50:22.853,0,-2.9,2,0,0,500,50000,49,-66450,8124693,-59,60191,-55396384
20:50:22.858,0,-1.4,2,0,0,500,50000,-94,-43187,8124547,141,42781,-55396220
20:50:22.863,0,-1.4,2,0,0,500,50000,4,-21730,8124538,-35,54657,-55395936
20:50:22.868,0,-0.2,2,0,0,500,50000,13,-5773,8124570,201,40190,-55395764
20:50:22.873,0,-0.2,2,0,0,500,50000,23,-5774,8124542,13,54776,-55395456
20:50:22.878,0,-0.3,2,0,0,500,50000,35,-15203,8124426,199,41553,-55395280
20:50:22.883,0,-0.3,2,0,0,500,50000,51,-36205,8124113,173,43976,-55394912
20:50:22.888,0,-1.8,2,0,0,500,50000,7,-46929,8123918,142,47754,-55394776
20:50:22.893,0,-1.8,2,0,0,500,50000,-18,-62601,8123550,48,51347,-55394480
20:50:22.899,0,-3.5,2,0,0,500,50000,10,-78974,8123051,54,50158,-55394224
20:50:22.904,0,-3.5,2,0,0,500,50000,10,-92144,8122562,29,53784,-55393964
20:50:22.909,0,-3.9,2,0,0,500,50000,-5,-94476,8122026,131,49722,-55393720
20:50:22.914,0,-3.9,2,0,0,500,50000,4,-89540,8121621,-24,55176,-55393404
20:50:22.919,0,-2.6,2,0,0,500,50000,13,-82360,8121255,33,47875,-55393180
20:50:22.924,0,-2.6,2,0,0,500,50000,21,-65046,8120950,-41,52725,-55392932
20:50:22.929,0,-0.8,2,0,0,500,50000,37,-46329,8120810,12,47742,-55392688
20:50:22.934,0,-0.8,2,0,0,500,50000,48,-24433,8120758,30,50765,-55392416
20:50:22.939,0,0.0,2,0,0,500,50000,19,-9999,8120782,62,50868,-55392188
20:50:22.944,0,0.0,2,0,0,500,50000,36,-7637,8120761,113,47794,-55391952
20:50:22.949,0,0.0,2,0,0,500,50000,11,-16942,8120637,98,48674,-55391692
20:50:22.954,0,0.0,2,0,0,500,50000,33,-30960,8120441,117,48661,-55391440
20:50:22.959,0,-1.2,2,0,0,500,50000,8,-51145,8120090,24,51359,-55391204
20:50:22.964,0,-1.2,2,0,0,500,50000,4,-62588,8119754,32,49188,-55390960
20:50:22.969,0,-2.9,2,0,0,500,50000,-30,-73287,8119307,45,50005,-55390684
20:50:22.975,0,-2.9,2,0,0,500,50000,-15,-83545,8118883,-81,52224,-55390440
20:50:22.980,0,-3.5,2,0,0,500,50000,-89,-84607,8118433,104,49214,-55390184
20:50:22.985,0,-3.5,2,0,0,500,50000,-8,-81672,8118058,51,54668,-55389872
20:50:22.990,0,-2.4,2,0,0,500,50000,0,-67454,8117686,55,46807,-55389632
20:50:22.995,0,-2.4,2,0,0,500,50000,-3,-52741,8117497,23,50760,-55389392
20:50:23.000,0,-0.9,2,0,0,500,50000,16,-33427,8117385,48,47962,-55389120
20:50:23.005,0,-0.9,2,0,0,500,50000,22,-16914,8117378,134,45936,-55388944
20:50:23.010,0,-0.1,2,0,0,500,50000,0,-11801,8117354,63,52988,-55388668
20:50:23.015,0,-0.1,2,0,0,500,50000,32,-13740,8117290,159,44871,-55388480
20:50:23.020,0,-0.5,2,0,0,500,50000,46,-22591,8117157,71,48313,-55388176
20:50:23.025,0,-0.5,2,0,0,500,50000,21,-45408,8116830,94,47977,-55387980
20:50:23.031,0,-2.1,2,0,0,500,50000,8,-61995,8116478,35,48620,-55387696
20:50:23.036,0,-2.1,2,0,0,500,50000,13,-73215,8116029,0,53435,-55387420
20:50:23.041,0,-3.6,2,0,0,500,50000,30,-79284,8115642,-15,47260,-55387164
20:50:23.046,0,-3.6,2,0,0,500,50000,9,-87079,8115129,154,49089,-55386956
20:50:23.051,0,-3.4,2,0,0,500,50000,-60,-86654,8114722,-75,52620,-55386632
20:50:23.056,0,-3.4,2,0,0,500,50000,-13,-80378,8114370,15,50966,-55386396
20:50:23.061,0,-1.9,2,0,0,500,50000,4,-73626,8113978,-56,58998,-55386092
20:50:23.066,0,-1.9,2,0,0,500,50000,-14,-62742,8113729,56,46357,-55385912
20:50:23.071,0,-0.5,2,0,0,500,50000,-21,-40896,8113578,-81,58456,-55385552
20:50:23.076,0,-0.5,2,0,0,500,50000,-16,-22558,8113543,125,43899,-55385408
20:50:23.081,0,0.0,2,0,0,500,50000,16,-6359,8113573,3,55165,-55385096
20:50:23.086,0,0.0,2,0,0,500,50000,18,-6467,8113547,214,42544,-55384928
20:50:23.092,0,0.0,2,0,0,500,50000,5,-11313,8113477,-62,55226,-55384572
20:50:23.097,0,0.0,2,0,0,500,50000,8,-26558,8113273,332,38399,-55384492
20:50:23.102,0,-0.8,2,0,0,500,50000,-14,-46539,8112954,43,50922,-55384132
20:50:23.107,0,-0.8,2,0,0,500,50000,5,-55660,8112665,71,52202,-55383880
20:50:23.112,0,-2.4,2,0,0,500,50000,12,-59532,8112329,77,48356,-55383656
20:50:23.117,0,-2.4,2,0,0,500,50000,-4,-61067,8112042,22,52754,-55383388
20:50:23.122,0,-3.1,2,0,0,500,50000,-19,-66021,8111658,24,44183,-55383144
20:50:23.127,0,-3.1,2,0,0,500,50000,-19,-61698,8111394,46,54131,-55382872
20:50:23.132,0,-2.6,2,0,0,500,50000,-63,-55386,8111125,12,47598,-55382616
20:50:23.138,0,-2.6,2,0,0,500,50000,129,-45649,8110941,59,49573,-55382400
20:50:23.143,0,-1.5,2,0,0,500,50000,4,-40546,8110730,-26,51249,-55382092
20:50:23.148,0,-1.5,2,0,0,500,50000,26,-32847,8110602,83,48023,-55381864
20:50:23.153,0,-0.6,2,0,0,500,50000,17,-30083,8110446,-12,54619,-55381584
20:50:23.158,0,-0.6,2,0,0,500,50000,9,-28348,8110323,188,43644,-55381400
20:50:23.163,0,-0.5,2,0,0,500,50000,-3,-28700,8110190,21,52567,-55381064
20:50:23.168,0,-1.1,2,0,0,500,50000,-3,-32901,8109990,101,48224,-55380860
20:50:23.173,0,-1.1,2,0,0,500,50000,16,-40896,8109770,166,48315,-55380620
20:50:23.178,0,-1.9,2,0,0,500,50000,0,-48796,8109470,65,50771,-55380368
20:50:23.183,0,-1.9,2,0,0,500,50000,-4,-57221,8109165,120,48414,-55380096
20:50:23.188,0,-2.5,2,0,0,500,50000,7,-58528,8108834,114,49261,-55379888
20:50:23.193,0,-2.5,2,0,0,500,50000,7,-56911,8108587,90,47468,-55379616
20:50:23.198,0,-2.4,2,0,0,500,50000,-55,-56960,8108326,60,52939,-55379336
20:50:23.203,0,-2.4,2,0,0,500,50000,12,-57173,8108005,54,49736,-55379072
20:50:23.208,0,-1.7,2,0,0,500,50000,-65,-54642,8107757,46,50389,-55378864
20:50:23.213,0,-1.7,2,0,0,500,50000,-36,-52007,8107473,10,50127,-55378572
20:50:23.219,0,-0.9,2,0,0,500,50000,-6,-50686,8107243,30,50272,-55378324
20:50:23.224,0,-0.9,2,0,0,500,50000,-11,-45527,8107010,-52,53828,-55378064
20:50:23.229,0,-0.5,2,0,0,500,50000,-18,-42152,8106833,33,46808,-55377844
20:50:23.234,0,-0.5,2,0,0,500,50000,-19,-34063,8106681,-4,48383,-55377564
20:50:23.239,0,-0.4,2,0,0,500,50000,-12,-32154,8106542,52,46422,-55377368
20:50:23.244,0,-0.4,2,0,0,500,50000,9,-29507,8106399,145,49762,-55377080
20:50:23.249,0,-0.9,2,0,0,500,50000,52,-34682,8106213,98,48724,-55376832
20:50:23.254,0,-0.9,2,0,0,500,50000,4,-48046,8105901,114,49604,-55376604
20:50:23.259,0,-1.9,1,0,0,500,50000,-21,-53881,8105626,55,47239,-55376360
20:50:23.264,0,-1.9,1,0,0,500,50000,-4,-56102,8105311,7,50206,-55376120
20:50:23.269,0,-2.8,1,0,0,500,50000,-12,-58270,8104990,128,46491,-55375884
20:50:23.274,0,-2.8,1,0,0,500,50000,11,-61095,8104698,16,53762,-55375560
20:50:23.279,0,-2.8,1,0,0,500,50000,38,-59151,8104377,92,48317,-55375376
20:50:23.284,0,-2.8,1,0,0,500,50000,-6,-56727,8104118,18,55407,-55375048
20:50:23.289,0,-2.1,1,0,0,500,50000,-13,-50860,8103906,56,48374,-55374820
20:50:23.295,0,-2.1,1,0,0,500,50000,-3,-47220,8103653,-8,53149,-55374576
20:50:23.300,0,-1.4,1,0,0,500,50000,8,-46728,8103434,37,48784,-55374336
20:50:23.305,0,-1.4,1,0,0,500,50000,14,-42652,8103207,55,53024,-55374048
20:50:23.310,0,-1.1,1,0,0,500,50000,19,-43132,8103002,114,47063,-55373816
20:50:23.315,0,-1.1,1,0,0,500,50000,14,-41314,8102781,54,51831,-55373576
20:50:23.320,0,-1.3,1,0,0,500,50000,9,-46714,8102537,103,47022,-55373344
20:50:23.325,0,-1.3,1,0,0,500,50000,6,-53800,8102257,107,49544,-55373068
20:50:23.330,0,-1.8,1,0,0,500,50000,-44,-58075,8101914,52,50284,-55372804
20:50:23.335,0,-1.8,1,0,0,500,50000,-6,-58017,8101593,63,49938,-55372544
20:50:23.340,0,-2.2,1,0,0,500,50000,-20,-59294,8101309,41,50520,-55372320
20:50:23.345,0,-2.2,1,0,0,500,50000,5,-56838,8101045,3,51278,-55372048
20:50:23.350,0,-2.0,1,0,0,500,50000,-25,-57439,8100726,-4,49712,-55371784
20:50:23.355,0,-2.0,1,0,0,500,50000,7,-50468,8100523,35,50106,-55371572
20:50:23.360,0,-1.2,1,0,0,500,50000,-2,-42342,8100242,89,47701,-55371216
20:50:23.366,0,-1.2,1,0,0,500,50000,0,-38843,8099869,100,46686,-55370736
20:50:23.371,0,-0.7,1,0,0,500,50000,0,-40739,8099743,155,46302,-55370592
20:50:23.376,0,-0.7,1,0,0,500,50000,5,-43986,8099494,51,48263,-55370292
20:50:23.381,0,-0.9,1,0,0,500,50000,-2,-45129,8099281,159,48719,-55370088
20:50:23.386,0,-0.9,1,0,0,500,50000,-51,-42595,8099062,103,46135,-55369824
20:50:23.391,0,-1.5,1,0,0,500,50000,-16,-43376,8098857,89,49989,-55369596
20:50:23.396,0,-1.5,1,0,0,500,50000,9,-47254,8098589,107,43680,-55369360
20:50:23.401,0,-2.1,1,0,0,500,50000,9,-45371,8098349,-8,55554,-55369024
20:50:23.406,0,-2.1,1,0,0,500,50000,28,-45904,8098142,164,40936,-55368892
20:50:23.411,0,-2.5,1,0,0,500,50000,12,-42044,8097930,22,53874,-55368560
20:50:23.416,0,-2.5,1,0,0,500,50000,15,-52020,8097650,203,42680,-55368368
20:50:23.421,0,-2.7,1,0,0,500,50000,-2,-63170,8097266,-55,59370,-55368036
20:50:23.426,0,-2.7,1,0,0,500,50000,-8,-70653,8096901,135,43114,-55367868
20:50:23.431,0,-2.9,1,0,0,500,50000,-43,-69429,8096586,-107,59674,-55367476
20:50:23.436,0,-2.9,1,0,0,500,50000,-23,-63324,8096250,131,41714,-55367368
20:50:23.441,0,-2.6,1,0,0,500,50000,8,-54333,8096026,-82,61219,-55366984
20:50:23.447,0,-2.6,1,0,0,500,50000,-25,-42690,8095826,186,37737,-55366860
20:50:23.452,0,-1.6,1,0,0,500,50000,-27,-28689,8095754,-107,63475,-55366432
20:50:23.457,0,-1.6,1,0,0,500,50000,18,-21211,8095665,277,36256,-55366368
20:50:23.462,0,-0.5,1,0,0,500,50000,48,-21421,8095574,-63,59980,-55365984
20:50:23.467,0,-0.5,1,0,0,500,50000,18,-26258,8095437,286,41389,-55365872
20:50:23.472,0,-0.5,1,0,0,500,50000,-2,-43644,8095109,50,50845,-55365520
20:50:23.477,0,-0.5,1,0,0,500,50000,-51,-57622,8094775,80,55098,-55365260
20:50:23.482,0,-1.8,1,0,0,500,50000,-32,-61868,8094466,138,41486,-55365056
20:50:23.487,0,-1.8,1,0,0,500,50000,-7,-63228,8094105,26,55719,-55364776
20:50:23.492,0,-3.2,1,0,0,500,50000,-11,-68298,8093818,50,46979,-55364572
20:50:23.497,0,-3.2,1,0,0,500,50000,-16,-67827,8093438,-6,56484,-55364272
20:50:23.502,0,-3.2,1,0,0,500,50000,-16,-67875,8093066,104,39464,-55364080
20:50:23.507,0,-3.2,1,0,0,500,50000,-85,-62702,8092809,-80,58999,-55363760
20:50:23.512,0,-2.1,1,0,0,500,50000,22,-54243,8092553,177,33944,-55363620
20:50:23.517,0,-2.1,1,0,0,500,50000,-21,-42439,8092413,-151,64403,-55363168
20:50:23.522,0,-1.0,1,0,0,500,50000,-47,-32876,8092269,255,32471,-55363148
20:50:23.528,0,-1.0,1,0,0,500,50000,-19,-23478,8092187,-106,63088,-55362684
20:50:23.533,0,-0.4,1,0,0,500,50000,-31,-21155,8092103,319,33492,-55362668
20:50:23.538,0,-0.4,1,0,0,500,50000,-48,-20941,8091998,-42,58255,-55362240
20:50:23.543,0,-0.6,1,0,0,500,50000,3,-25598,8091858,266,42791,-55362108
20:50:23.548,0,-0.6,1,0,0,500,50000,8,-40199,8091593,-20,51399,-55361808
20:50:23.553,0,-1.8,1,0,0,500,50000,29,-52913,8091293,71,55437,-55361560
20:50:23.558,0,-1.8,1,0,0,500,50000,-13,-70203,8090838,172,36783,-55361384
20:50:23.563,0,-3.5,1,0,0,500,50000,0,-75636,8090463,-130,63865,-55360956
20:50:23.568,0,-4.4,1,0,0,500,50000,4,-83630,8089966,93,42861,-55360856
20:50:23.573,0,-4.4,1,0,0,500,50000,-28,-82839,8089578,-28,59370,-55360508
20:50:23.578,0,-3.7,1,0,0,500,50000,23,-82115,8089193,130,41294,-55360332
20:50:23.583,0,-3.7,1,0,0,500,50000,27,-71935,8088837,-94,59621,-55359960
20:50:23.588,0,-2.0,1,0,0,500,50000,18,-62820,8088574,82,45350,-55359808
20:50:23.593,0,-2.0,1,0,0,500,50000,-30,-44798,8088389,17,55749,-55359500
20:50:23.598,0,-0.6,1,0,0,500,50000,0,-25849,8088345,13,47279,-55359252
20:50:23.603,0,-0.6,1,0,0,500,50000,-14,-10349,8088361,94,45524,-55359080
20:50:23.608,0,0.0,1,0,0,500,50000,52,-8335,8088331,9,53458,-55358736
20:50:23.614,0,0.0,1,0,0,500,50000,-11,-12354,8088259,120,46364,-55358548
20:50:23.619,0,-0.5,1,0,0,500,50000,28,-23884,8088086,131,44196,-55358300
20:50:23.624,0,-0.5,1,0,0,500,50000,-10,-41163,8087818,113,52706,-55358048
20:50:23.629,0,-2.2,1,0,0,500,50000,-8,-64429,8087373,204,40926,-55357856
20:50:23.634,0,-2.2,1,0,0,500,50000,-4,-69207,8087033,28,57589,-55357480
20:50:23.639,0,-4.1,1,0,0,500,50000,-7,-79698,8086567,227,39929,-55357376
20:50:23.644,0,-4.1,1,0,0,500,50000,-20,-83062,8086174,17,62453,-55356960
20:50:23.649,0,-4.3,1,0,0,500,50000,-26,-83202,8085721,141,41652,-55356864
20:50:23.654,0,-4.3,1,0,0,500,50000,32,-79319,8085374,2,57041,-55356500
20:50:23.659,0,-2.7,1,0,0,500,50000,29,-71362,8085018,86,45411,-55356292
20:50:23.664,0,-2.7,1,0,0,500,50000,8,-53958,8084778,46,50152,-55356056
20:50:23.669,0,-1.1,1,0,0,500,50000,-22,-39437,8084654,-6,51618,-55355752
20:50:23.674,0,-1.1,1,0,0,500,50000,-10,-19164,8084654,106,48779,-55355512
20:50:23.679,0,-0.3,1,0,0,500,50000,-6,-9315,8084650,-4,49961,-55355280
20:50:23.684,0,-0.3,1,0,0,500,50000,2,-8242,8084622,92,46075,-55355064
20:50:23.689,0,-0.4,1,0,0,500,50000,42,-21187,8084461,135,44556,-55354816
20:50:23.695,0,-0.4,1,0,0,500,50000,3,-37751,8084219,33,53030,-55354560
20:50:23.700,0,-1.6,1,0,0,500,50000,6,-63765,8083767,155,44496,-55354348
20:50:23.705,0,-1.6,1,0,0,500,50000,18,-69367,8083417,46,58189,-55354000
20:50:23.710,0,-3.5,1,0,0,500,50000,-9,-74417,8083047,114,42526,-55353832
20:50:23.715,0,-3.5,1,0,0,500,50000,-14,-79812,8082578,-71,58679,-55353512
20:50:23.720,0,-4.1,2,0,0,500,50000,31,-78123,8082215,146,40883,-55353348
20:50:23.725,0,-4.1,2,0,0,500,50000,-51,-73113,8081814,-24,59244,-55352968
20:50:23.730,0,-2.7,2,0,0,500,50000,20,-71887,8081481,81,44961,-55352828
20:50:23.735,0,-2.7,2,0,0,500,50000,-5,-63823,8081218,18,53130,-55352528
20:50:23.740,0,-1.1,2,0,0,500,50000,-13,-50486,8080994,53,47995,-55352268
20:50:23.745,0,-1.1,2,0,0,500,50000,-26,-31800,8080922,-4,54137,-55351980
20:50:23.750,0,-0.3,2,0,0,500,50000,15,-12182,8080931,31,51292,-55351760
20:50:23.755,0,-0.3,2,0,0,500,50000,30,-4737,8080938,112,49912,-55351532
20:50:23.760,0,-0.2,2,0,0,500,50000,40,-8009,8080885,100,46202,-55351276
20:50:23.765,0,-0.2,2,0,0,500,50000,8,-21814,8080731,73,50619,-55351056
20:50:23.770,0,-0.8,2,0,0,500,50000,8,-43610,8080409,123,45561,-55350816
20:50:23.775,0,-0.8,2,0,0,500,50000,-90,-60495,8080065,43,53911,-55350500
20:50:23.781,0,-2.5,2,0,0,500,50000,-24,-67516,8079666,52,48061,-55350312
20:50:23.786,0,-2.5,2,0,0,500,50000,-45,-71691,8079326,21,51438,-55350024
20:50:23.791,0,-3.9,2,0,0,500,50000,-31,-72767,8078930,-8,50285,-55349800
20:50:23.796,0,-3.9,2,0,0,500,50000,-29,-66475,8078594,40,52525,-55349520
20:50:23.801,0,-3.3,2,0,0,500,50000,-20,-58391,8078361,8,50449,-55349248
20:50:23.806,0,-3.3,2,0,0,500,50000,7,-49928,8078166,96,48621,-55349052
20:50:23.811,0,-1.7,2,0,0,500,50000,-20,-40328,8077977,51,47186,-55348784
20:50:23.816,0,-1.7,2,0,0,500,50000,16,-35245,8077802,94,53668,-55348496
20:50:23.821,0,-0.7,2,0,0,500,50000,-36,-36427,8077630,135,44970,-55348272
20:50:23.826,0,-0.7,2,0,0,500,50000,2,-34557,8077486,0,51839,-55348032
20:50:23.831,0,-0.7,2,0,0,500,50000,13,-35752,8077287,104,47193,-55347792
20:50:23.836,0,-0.7,2,0,0,500,50000,-1,-38672,8077094,63,50101,-55347516
20:50:23.842,0,-1.3,2,0,0,500,50000,-24,-50773,8076695,133,49449,-55347216
20:50:23.847,0,-1.3,2,0,0,500,50000,4,-56568,8076406,11,50434,-55346940
20:50:23.852,0,-2.2,2,0,0,500,50000,-25,-56763,8076234,91,46846,-55346804
20:50:23.857,0,-2.2,2,0,0,500,50000,-7,-56243,8075918,74,51859,-55346560
20:50:23.862,0,-2.8,2,0,0,500,50000,-14,-58854,8075633,56,49786,-55346300
20:50:23.867,0,-2.8,2,0,0,500,50000,3,-60451,8075337,36,51505,-55346028
20:50:23.872,0,-2.6,2,0,0,500,50000,-9,-58769,8075009,54,48646,-55345776
20:50:23.877,0,-2.6,2,0,0,500,50000,-24,-57209,8074746,103,49216,-55345560
20:50:23.882,0,-1.9,2,0,0,500,50000,26,-55854,8074438,52,52273,-55345276
20:50:23.887,0,-1.9,2,0,0,500,50000,-8,-53516,8074198,102,45767,-55345056
20:50:23.892,0,-1.2,2,0,0,500,50000,-4,-49039,8073939,-4,53426,-55344736
20:50:23.898,0,-1.2,2,0,0,500,50000,-1,-41568,8073778,100,47013,-55344560
20:50:23.903,0,-0.8,2,0,0,500,50000,-6,-29229,8073665,94,49881,-55344272
20:50:23.908,0,-0.8,2,0,0,500,50000,-6,-28043,8073545,143,45482,-55344084
20:50:23.913,0,-0.8,2,0,0,500,50000,9,-33436,8073350,88,50983,-55343788
20:50:23.918,0,-0.8,2,0,0,500,50000,37,-45668,8073066,189,47056,-55343564
20:50:23.923,0,-1.3,2,0,0,500,50000,-3,-52445,8072795,35,51249,-55343320
20:50:23.928,0,-1.3,2,0,0,500,50000,-25,-57499,8072462,138,47336,-55343088
20:50:23.933,0,-2.5,2,0,0,500,50000,20,-62758,8072147,91,52972,-55342832
20:50:23.938,0,-3.3,2,0,0,500,50000,-10,-69038,8071754,105,47003,-55342604
20:50:23.943,0,-3.3,2,0,0,500,50000,-3,-67229,8071441,-26,52344,-55342288
20:50:23.948,0,-3.0,2,0,0,500,50000,11,-65737,8071078,105,46642,-55342112
20:50:23.953,0,-3.0,2,0,0,500,50000,0,-61658,8070750,51,49573,-55341772
20:50:23.958,0,-2.1,2,0,0,500,50000,-33,-58473,8070491,79,47376,-55341532
20:50:23.963,0,-2.1,2,0,0,500,50000,11,-45620,8070293,-42,53591,-55341272
20:50:23.968,0,-1.2,2,0,0,500,50000,118,-36388,8070158,51,48683,-55341028
20:50:23.973,0,-1.2,2,0,0,500,50000,-10,-29652,8070046,46,49214,-55340820
20:50:23.978,0,-0.9,2,0,0,500,50000,45,-28434,8069918,93,48643,-55340576
20:50:23.983,0,-0.9,2,0,0,500,50000,51,-36509,8069694,131,46770,-55340336
20:50:23.988,0,-1.5,2,0,0,500,50000,20,-47104,8069438,131,50224,-55340108
20:50:23.994,0,-1.5,2,0,0,500,50000,19,-55021,8069142,131,46557,-55339872
20:50:23.999,0,-2.7,2,0,0,500,50000,-12,-62337,8068762,46,48732,-55339592
20:50:24.004,0,-2.7,2,0,0,500,50000,17,-64598,8068450,83,47926,-55339348
20:50:24.009,0,-3.3,2,0,0,500,50000,4,-64593,8068086,59,52419,-55339088
20:50:24.014,0,-3.3,2,0,0,500,50000,-3,-65599,8067767,66,46030,-55338868
20:50:24.019,0,-2.7,2,0,0,500,50000,-28,-58007,8067465,-92,57536,-55338516
20:50:24.024,0,-2.7,2,0,0,500,50000,7,-56958,8067210,96,41115,-55338412
20:50:24.029,0,-1.7,2,0,0,500,50000,-55,-45004,8067026,6,56868,-55338040
20:50:24.034,0,-1.7,2,0,0,500,50000,3,-41783,8066842,176,44183,-55337872
20:50:24.039,0,-1.0,2,0,0,500,50000,34,-40133,8066638,14,57252,-55337544
20:50:24.044,0,-1.0,2,0,0,500,50000,-10,-34670,8066470,199,43896,-55337388
20:50:24.049,0,-1.0,2,0,0,500,50000,10,-32686,8066327,32,46845,-55337088
20:50:24.054,0,-1.0,2,0,0,500,50000,-3,-32985,8066150,64,49491,-55336872
20:50:24.059,0,-1.7,2,0,0,500,50000,3,-35578,8065978,202,40542,-55336652
20:50:24.064,0,-1.7,2,0,0,500,50000,-2,-42434,8065722,-31,55715,-55336360
20:50:24.069,0,-2.6,2,0,0,500,50000,8,-49030,8065451,264,38295,-55336200
20:50:24.074,0,-2.6,2,0,0,500,50000,-20,-47163,8065230,-19,55796,-55335820
20:50:24.079,0,-3.4,2,0,0,500,50000,23,-49387,8064950,222,41958,-55335708
20:50:24.085,0,-3.4,2,0,0,500,50000,34,-58843,8064634,84,51734,-55335360
20:50:24.090,0,-3.7,2,0,0,500,50000,5,-67022,8064282,135,51157,-55335124
20:50:24.095,0,-3.7,2,0,0,500,50000,-4,-71788,8063858,-65,54066,-55334860
20:50:24.100,0,-3.4,2,0,0,500,50000,7,-71192,8063529,64,48512,-55334656
20:50:24.105,0,-3.4,2,0,0,500,50000,-54,-66061,8063182,-8,51082,-55334336
20:50:24.110,0,-2.5,2,0,0,500,50000,-67,-55898,8062949,60,52352,-55334096
20:50:24.115,0,-2.5,2,0,0,500,50000,-33,-45302,8062777,13,55005,-55333824
20:50:24.120,0,-1.3,2,0,0,500,50000,77,-28783,8062681,128,47241,-55333644
20:50:24.125,0,-1.3,2,0,0,500,50000,-84,-21567,8062618,39,48685,-55333340
20:50:24.130,0,-0.6,2,0,0,500,50000,19,-18862,8062523,-6,55790,-55333072
20:50:24.135,0,-0.6,2,0,0,500,50000,-2,-27111,8062362,121,41208,-55332920
20:50:24.140,0,-1.2,2,0,0,500,50000,-10,-38697,8062105,-60,60430,-55332576
20:50:24.145,0,-1.2,2,0,0,500,50000,4,-50858,8061817,268,37926,-55332448
20:50:24.150,0,-2.7,2,0,0,500,50000,0,-55852,8061533,-7,58451,-55332100
20:50:24.155,0,-2.7,2,0,0,500,50000,-19,-64050,8061146,231,37400,-55331988
20:50:24.160,0,-3.9,2,0,0,500,50000,0,-71468,8060789,-61,58088,-55331560
20:50:24.165,0,-3.9,2,0,0,500,50000,-4,-76186,8060354,176,37865,-55331496
20:50:24.170,0,-3.8,2,0,0,500,50000,-2,-77072,8059929,-107,59588,-55331056
20:50:24.176,0,-3.8,2,0,0,500,50000,-2,-71278,8059626,103,48096,-55330888
20:50:24.181,0,-2.8,2,0,0,500,50000,-38,-57985,8059359,-130,57137,-55330572
20:50:24.186,0,-2.8,2,0,0,500,50000,-8,-41039,8059242,118,48437,-55330396
20:50:24.191,0,-1.5,2,0,0,500,50000,-70,-22443,8059194,-71,56413,-55330088
20:50:24.196,0,-1.5,2,0,0,500,50000,-31,-14404,8059163,136,45192,-55329924
20:50:24.201,0,-0.8,2,0,0,500,50000,-59,-17216,8059067,172,42722,-55329660
20:50:24.206,0,-0.8,2,0,0,500,50000,-32,-21442,8058949,60,51942,-55329416
20:50:24.211,0,-1.3,2,0,0,500,50000,-5,-37392,8058690,228,38667,-55329228
20:50:24.216,0,-1.3,2,0,0,500,50000,20,-47819,8058427,-53,58515,-55328840
20:50:24.221,0,-3.0,2,0,0,500,50000,-17,-61835,8058026,260,37431,-55328768
20:50:24.226,0,-3.0,2,0,0,500,50000,-6,-65765,8057707,-62,58384,-55328368
20:50:24.231,0,-4.4,2,0,0,500,50000,3,-71600,8057287,169,44431,-55328220
20:50:24.236,0,-4.4,2,0,0,500,50000,29,-76836,8056903,-61,57199,-55327836
20:50:24.241,0,-4.4,2,0,0,500,50000,0,-78053,8056458,149,39697,-55327756
20:50:24.246,0,-4.4,2,0,0,500,50000,3,-77060,8056102,-73,60543,-55327332
20:50:24.251,0,-3.3,2,0,0,500,50000,-59,-69822,8055806,199,41822,-55327216
20:50:24.256,0,-3.3,2,0,0,500,50000,-29,-54030,8055563,-89,58357,-55326876
20:50:24.261,0,-1.9,2,0,0,500,50000,-31,-38326,8055442,162,42674,-55326728
20:50:24.267,0,-1.9,2,0,0,500,50000,-23,-20637,8055402,12,50554,-55326396
20:50:24.272,0,-0.9,2,0,0,500,50000,45,-13810,8055366,160,44188,-55326204
20:50:24.277,0,-0.9,2,0,0,500,50000,54,-21585,8055226,90,52523,-55325932
20:50:24.282,0,-0.9,2,0,0,500,50000,15,-34445,8055009,2,52441,-55325636
20:50:24.287,0,-0.9,2,0,0,500,50000,3,-56788,8054615,74,44733,-55325464
20:50:24.292,0,-2.2,2,0,0,500,50000,-1,-63695,8054289,114,54485,-55325152
20:50:24.297,0,-2.2,2,0,0,500,50000,-10,-68932,8053898,101,48106,-55324956
20:50:24.302,0,-3.8,2,0,0,500,50000,-23,-69484,8053581,75,54889,-55324664
20:50:24.307,0,-3.8,2,0,0,500,50000,-10,-63987,8053259,83,49328,-55324460
20:50:24.312,0,-3.9,2,0,0,500,50000,0,-55982,8053042,56,53730,-55324180
20:50:24.317,0,-3.9,2,0,0,500,50000,-101,-47116,8052735,112,44977,-55323872
20:50:24.322,0,-2.6,2,0,0,500,50000,18,-46217,8052490,50,55301,-55323584
20:50:24.327,0,-2.6,2,0,0,500,50000,6,-45381,8052283,199,42028,-55323408
20:50:24.332,0,-1.7,2,0,0,500,50000,-33,-44998,8052122,49,52143,-55323184
20:50:24.337,0,-1.7,2,0,0,500,50000,-1,-42957,8051931,85,48652,-55322968
20:50:24.342,0,-1.7,2,0,0,500,50000,9,-42358,8051694,132,49233,-55322720
20:50:24.347,0,-1.7,2,0,0,500,50000,-2,-43739,8051482,90,50746,-55322480
20:50:24.352,0,-2.1,2,0,0,500,50000,20,-46766,8051241,41,49578,-55322240
20:50:24.358,0,-2.1,2,0,0,500,50000,9,-49495,8050950,20,49625,-55321956
20:50:24.363,0,-2.6,2,0,0,500,50000,59,-46849,8050738,66,49424,-55321712
20:50:24.368,0,-2.6,2,0,0,500,50000,-23,-42761,8050522,55,49337,-55321480
20:50:24.373,0,-2.8,2,0,0,500,50000,40,-44167,8050314,103,47551,-55321248
20:50:24.378,0,-2.8,2,0,0,500,50000,-10,-53969,8049978,107,45882,-55320984
20:50:24.383,0,-2.8,2,0,0,500,50000,-8,-61479,8049653,63,53363,-55320684
20:50:24.388,0,-2.8,2,0,0,500,50000,-253,-64213,8049338,56,48722,-55320480
20:50:24.393,0,-2.8,2,0,0,500,50000,4,-62418,8048986,73,52845,-55320200
20:50:24.398,0,-2.6,2,0,0,500,50000,-5,-62023,8048699,128,44257,-55319980
20:50:24.403,0,-2.6,2,0,0,500,50000,-27,-53025,8048441,52,51343,-55319740
20:50:24.408,0,-1.9,2,0,0,500,50000,14,-46927,8048245,94,44697,-55319500
20:50:24.413,0,-1.9,2,0,0,500,50000,0,-35712,8048121,-46,56048,-55319180
20:50:24.418,0,-1.2,2,0,0,500,50000,-48,-27858,8047998,203,41274,-55319008
20:50:24.423,0,-1.2,2,0,0,500,50000,5,-26407,8047879,32,54957,-55318716
20:50:24.428,0,-1.3,2,0,0,500,50000,8,-32730,8047674,311,38604,-55318560
20:50:24.433,0,-1.3,2,0,0,500,50000,13,-40317,8047427,-45,54883,-55318180
20:50:24.438,0,-2.3,2,0,0,500,50000,4,-46340,8047150,72,50224,-55317964
20:50:24.443,0,-2.3,2,0,0,500,50000,32,-51791,8046891,57,48481,-55317744
20:50:24.448,0,-3.3,2,0,0,500,50000,10,-52214,8046607,10,53902,-55317452
20:50:24.454,0,-3.3,2,0,0,500,50000,-32,-58904,8046302,82,48131,-55317264
20:50:24.459,0,-3.5,2,0,0,500,50000,14,-63008,8045985,72,53013,-55316976
20:50:24.464,0,-3.5,2,0,0,500,50000,-34,-64438,8045638,-31,52307,-55316736
20:50:24.469,0,-2.9,2,0,0,500,50000,3,-56830,8045405,22,52668,-55316476
20:50:24.474,0,-2.9,2,0,0,500,50000,-42,-46885,8045181,-16,51589,-55316240
20:50:24.479,0,-1.9,2,0,0,500,50000,-2,-40026,8045018,63,50123,-55315996
20:50:24.484,0,-1.9,2,0,0,500,50000,17,-33639,8044857,72,48277,-55315744
20:50:24.489,0,-1.2,2,0,0,500,50000,16,-33969,8044699,71,51148,-55315484
20:50:24.494,0,-1.2,2,0,0,500,50000,10,-35474,8044531,75,51093,-55315260
20:50:24.499,0,-1.3,2,0,0,500,50000,3,-37686,8044314,119,52890,-55315004
20:50:24.504,0,-1.3,2,0,0,500,50000,23,-43298,8044086,101,46573,-55314768
20:50:24.509,0,-2.1,2,0,0,500,50000,-5,-48596,8043802,36,54168,-55314464
20:50:24.514,0,-2.1,2,0,0,500,50000,14,-50322,8043562,120,45992,-55314296
20:50:24.519,0,-2.9,2,0,0,500,50000,4,-47991,8043310,84,51458,-55314000
20:50:24.524,0,-2.9,2,0,0,500,50000,-1,-50950,8043066,56,47462,-55313760
20:50:24.529,0,-2.9,2,0,0,500,50000,8,-56199,8042735,69,50743,-55313528
20:50:24.534,0,-2.9,2,0,0,500,50000,-3,-59285,8042441,47,50424,-55313256
20:50:24.539,0,-2.5,2,0,0,500,50000,-9,-56375,8042187,81,48663,-55313008
20:50:24.545,0,-2.5,2,0,0,500,50000,6,-53360,8041898,81,51863,-55312716
20:50:24.550,0,-1.9,2,0,0,500,50000,-24,-51225,8041666,125,45270,-55312544
20:50:24.555,0,-1.9,2,0,0,500,50000,-2,-41851,8041463,45,48707,-55312252
20:50:24.560,0,-1.2,2,0,0,500,50000,-2,-40055,8041281,71,46485,-55312016
20:50:24.565,0,-1.2,2,0,0,500,50000,10,-36888,8041099,111,45720,-55311804
20:50:24.570,0,-1.0,2,0,0,500,50000,6,-36402,8040938,71,48698,-55311524
20:50:24.575,0,-1.0,2,0,0,500,50000,18,-39586,8040710,105,46208,-55311280
20:50:24.580,0,-1.5,2,0,0,500,50000,34,-49500,8040442,81,49921,-55311040
20:50:24.585,0,-1.5,2,0,0,500,50000,-19,-58112,8040090,53,49237,-55310776
20:50:24.590,0,-2.6,2,0,0,500,50000,-21,-59668,8039758,49,49958,-55310556
20:50:24.595,0,-2.6,2,0,0,500,50000,9,-60190,8039482,59,51695,-55310272
20:50:24.600,0,-3.2,2,0,0,500,50000,-33,-63348,8039130,51,49801,-55310012
20:50:24.605,0,-3.2,2,0,0,500,50000,5,-62962,8038841,-3,53899,-55309752
20:50:24.610,0,-2.8,2,0,0,500,50000,9,-57349,8038546,20,48545,-55309512
20:50:24.615,0,-2.8,2,0,0,500,50000,-26,-51272,8038334,-49,53435,-55309212
20:50:24.620,0,-1.8,2,0,0,500,50000,1,-47578,8038126,77,48480,-55309024
20:50:24.625,0,-1.8,2,0,0,500,50000,-2,-43146,8037903,79,52711,-55308736
20:50:24.630,0,-1.0,2,0,0,500,50000,-10,-45742,8037679,150,44968,-55308524
20:50:24.635,0,-1.0,2,0,0,500,50000,-37,-48050,8037406,69,52090,-55308220
20:50:24.641,0,-0.9,2,0,0,500,50000,3,-53360,8037138,77,49715,-55308012
20:50:24.646,0,-0.9,2,0,0,500,50000,2,-58892,8036842,45,51761,-55307736
20:50:24.651,0,-1.6,2,0,0,500,50000,124,-61620,8036491,104,47781,-55307496
20:50:24.656,0,-1.6,2,0,0,500,50000,8,-57248,8036242,47,53079,-55307248
20:50:24.661,0,-2.1,2,0,0,500,50000,55,-53072,8035966,126,45810,-55307016
20:50:24.666,0,-2.1,2,0,0,500,50000,-3,-52210,8035731,42,53120,-55306716
20:50:24.671,0,-2.0,2,0,0,500,50000,3,-58429,8035382,44,46980,-55306480
20:50:24.676,0,-2.0,2,0,0,500,50000,-25,-57737,8035114,49,52556,-55306232
20:50:24.681,0,-1.6,2,0,0,500,50000,-1,-57119,8034846,45,50761,-55305952
20:50:24.686,0,-1.6,2,0,0,500,50000,-7,-52770,8034566,21,54198,-55305672
20:50:24.691,0,-1.2,2,0,0,500,50000,-7,-46594,8034333,36,49710,-55305460
20:50:24.696,0,-1.2,2,0,0,500,50000,-19,-44702,8034130,24,52135,-55305196
20:50:24.701,0,-0.7,2,0,0,500,50000,24,-39881,8033937,66,47652,-55304944
20:50:24.706,0,-0.7,2,0,0,500,50000,-15,-38197,8033739,64,51778,-55304664
20:50:24.711,0,-0.5,2,0,0,500,50000,-37,-35095,8033565,87,48075,-55304460
20:50:24.716,0,-0.5,2,0,0,500,50000,10,-38643,8033374,28,54145,-55304176
20:50:24.721,0,-0.9,2,0,0,500,50000,15,-48294,8033082,166,41554,-55303968
20:50:24.726,0,-0.9,2,0,0,500,50000,20,-50081,8032845,-40,58881,-55303648
20:50:24.732,0,-1.9,2,0,0,500,50000,16,-50345,8032570,228,39089,-55303504
20:50:24.737,0,-1.9,2,0,0,500,50000,24,-46263,8032378,-46,58263,-55303156
20:50:24.742,0,-2.7,2,0,0,500,50000,3,-49399,8032094,199,40073,-55303016
20:50:24.747,0,-2.7,2,0,0,500,50000,5,-56058,8031803,-64,56865,-55302616
20:50:24.752,0,-2.8,2,0,0,500,50000,0,-61924,8031433,83,47398,-55302444
20:50:24.757,0,-2.8,2,0,0,500,50000,4,-63610,8031134,-109,58206,-55302124
20:50:24.762,0,-2.5,2,0,0,500,50000,-3,-65346,8030822,151,46038,-55301960
20:50:24.767,0,-2.5,2,0,0,500,50000,10,-60431,8030517,-68,55795,-55301584
20:50:24.772,0,-2.0,2,0,0,500,50000,0,-54544,8030286,110,43416,-55301468
20:50:24.777,0,-2.0,2,0,0,500,50000,-7,-42311,8030105,-74,59685,-55301068
20:50:24.782,0,-1.1,2,0,0,500,50000,-36,-31835,8029993,162,44202,-55300928
20:50:24.787,0,-1.1,2,0,0,500,50000,18,-28937,8029834,86,45407,-55300584
20:50:24.792,0,-0.5,2,0,0,500,50000,19,-32618,8029638,48,54458,-55300284
20:50:24.797,0,-0.5,2,0,0,500,50000,-182,-43714,8029382,182,40716,-55300108
20:50:24.802,0,-0.7,2,0,0,500,50000,9,-45237,8029161,-10,58703,-55299784
20:50:24.807,0,-0.7,2,0,0,500,50000,18,-49446,8028870,166,40558,-55299628
20:50:24.812,0,-1.7,2,0,0,500,50000,42,-50582,8028669,45,50647,-55299424
20:50:24.817,0,-1.7,2,0,0,500,50000,7,-60489,8028355,7,44435,-55299164
20:50:24.823,0,-2.5,2,0,0,500,50000,3,-66488,8027966,27,55689,-55298848
20:50:24.828,0,-2.5,2,0,0,500,50000,-8,-68747,8027642,-54,52666,-55298616
20:50:24.833,0,-2.5,2,0,0,500,50000,-46,-69235,8027267,45,47736,-55298400
20:50:24.838,0,-2.5,2,0,0,500,50000,31,-63879,8026999,-45,57441,-55298088
20:50:24.843,0,-2.0,2,0,0,500,50000,-14,-52366,8026759,129,47818,-55297900
20:50:24.848,0,-2.0,2,0,0,500,50000,72,-36359,8026657,64,47757,-55297616
20:50:24.853,0,-1.1,2,0,0,500,50000,37,-22035,8026586,73,47684,-55297416
20:50:24.858,0,-1.1,2,0,0,500,50000,3,-16416,8026538,94,44807,-55297156
20:50:24.863,0,-0.5,2,0,0,500,50000,26,-18121,8026438,47,53019,-55296864
20:50:24.868,0,-0.9,2,0,0,500,50000,21,-30509,8026237,191,42234,-55296704
20:50:24.873,0,-0.9,2,0,0,500,50000,-4,-44030,8025985,19,52165,-55296388
20:50:24.878,0,-2.5,2,0,0,500,50000,-9,-61557,8025577,109,46531,-55296160
20:50:24.883,0,-2.5,2,0,0,500,50000,-2,-70021,8025210,19,55121,-55295884
20:50:24.888,0,-4.0,2,0,0,500,50000,-5,-74476,8024839,81,47291,-55295660
20:50:24.893,0,-4.0,2,0,0,500,50000,0,-79199,8024375,-4,55905,-55295336
20:50:24.898,0,-3.9,2,0,0,500,50000,47,-79132,8024002,58,47189,-55295160
20:50:24.903,0,-3.9,2,0,0,500,50000,-30,-75979,8023595,9,55852,-55294840
20:50:24.908,0,-2.4,2,0,0,500,50000,2,-66177,8023317,65,46343,-55294612
20:50:24.914,0,-2.4,2,0,0,500,50000,2,-47890,8023110,28,53339,-55294312
20:50:24.919,0,-0.9,2,0,0,500,50000,70,-27737,8023066,127,41728,-55294112
20:50:24.924,0,-0.9,2,0,0,500,50000,7,-11710,8023085,80,52251,-55293848
20:50:24.929,0,-0.2,2,0,0,500,50000,49,-14746,8023005,191,39362,-55293664
20:50:24.934,0,-0.2,2,0,0,500,50000,37,-22192,8022877,51,55433,-55293324
20:50:24.939,0,-0.8,2,0,0,500,50000,12,-40438,8022586,211,41153,-55293196
20:50:24.944,0,-0.8,2,0,0,500,50000,6,-54916,8022269,-6,56814,-55292844
20:50:24.949,0,-2.6,2,0,0,500,50000,-10,-67454,8021894,204,40841,-55292688
20:50:24.954,0,-2.6,2,0,0,500,50000,-9,-69976,8021491,-70,57057,-55292360
20:50:24.959,0,-3.8,2,0,0,500,50000,7,-73067,8021141,116,43367,-55292176
20:50:24.964,0,-3.8,2,0,0,500,50000,5,-74898,8020731,-81,55758,-55291820
20:50:24.969,0,-3.3,2,0,0,500,50000,2,-73294,8020335,2,45603,-55291648
20:50:24.974,0,-3.3,2,0,0,500,50000,-37,-63131,8020089,-34,54847,-55291328
20:50:24.979,0,-1.8,2,0,0,500,50000,-66,-52793,8019834,81,45787,-55291092
20:50:24.984,0,-1.8,2,0,0,500,50000,-31,-41997,8019681,46,51154,-55290864
20:50:24.989,0,-0.8,2,0,0,500,50000,-14,-32733,8019538,18,47003,-55290592
20:50:24.994,0,-0.8,2,0,0,500,50000,34,-23412,8019466,105,48653,-55290388
20:50:24.999,0,-0.5,2,0,0,500,50000,16,-26428,8019310,79,46055,-55290120
20:50:25.004,0,-0.5,2,0,0,500,50000,-1,-29232,8019157,-18,55171,-55289820
20:50:25.010,0,-1.1,2,0,0,500,50000,10,-41474,8018877,67,43695,-55289660
20:50:25.015,0,-1.1,2,0,0,500,50000,-4,-50743,8018597,-6,56442,-55289340
20:50:25.020,0,-2.4,2,0,0,500,50000,-15,-60349,8018218,141,42000,-55289156
20:50:25.025,0,-2.4,2,0,0,500,50000,-9,-58921,8017945,-25,59226,-55288784
20:50:25.030,0,-3.3,2,0,0,500,50000,-22,-56523,8017689,132,42651,-55288668
20:50:25.035,0,-3.3,2,0,0,500,50000,46,-58821,8017355,-13,55425,-55288336
20:50:25.040,0,-3.0,2,0,0,500,50000,36,-66143,8017015,187,43101,-55288144
20:50:25.045,0,-3.0,2,0,0,500,50000,14,-67273,8016633,-53,61262,-55287760
20:50:25.050,0,-2.2,2,0,0,500,50000,0,-71686,8016279,39,47284,-55287608
20:50:25.055,0,-2.2,2,0,0,500,50000,37,-69629,8015957,29,55701,-55287304
20:50:25.060,0,-1.7,2,0,0,500,50000,11,-60744,8015654,80,46705,-55287080
20:50:25.065,0,-1.7,2,0,0,500,50000,-13,-47185,8015482,19,56120,-55286772
20:50:25.070,0,-1.2,2,0,0,500,50000,9,-32834,8015354,71,45760,-55286612
20:50:25.075,0,-1.2,2,0,0,500,50000,9,-22476,8015298,69,52167,-55286324
20:50:25.080,0,-0.6,2,0,0,500,50000,38,-24404,8015163,85,46136,-55286092
20:50:25.085,0,-0.6,2,0,0,500,50000,19,-28943,8015014,69,51319,-55285856
20:50:25.090,0,-0.9,2,0,0,500,50000,-11,-41315,8014746,140,45529,-55285616
20:50:25.095,0,-0.9,2,0,0,500,50000,6,-47444,8014501,2,48182,-55285392
20:50:25.101,0,-2.3,2,0,0,500,50000,9,-53433,8014185,66,49521,-55285096
20:50:25.106,0,-2.3,2,0,0,500,50000,7,-56998,8013914,4,50263,-55284840
20:50:25.111,0,-3.3,2,0,0,500,50000,-9,-57869,8013590,25,51799,-55284588
20:50:25.116,0,-3.3,2,0,0,500,50000,-1,-59328,8013259,120,46334,-55284364
20:50:25.121,0,-3.2,2,0,0,500,50000,-8,-55498,8013017,-50,56473,-55284012
20:50:25.126,0,-3.2,2,0,0,500,50000,10,-46996,8012791,161,40892,-55283900
20:50:25.131,0,-2.1,2,0,0,500,50000,-7,-42948,8012570,23,51954,-55283492
20:50:25.136,0,-2.1,2,0,0,500,50000,-20,-40362,8012358,130,42220,-55283352
20:50:25.141,0,-1.1,2,0,0,500,50000,-37,-39521,8012178,117,51786,-55283024
20:50:25.146,0,-1.1,2,0,0,500,50000,4,-37223,8012010,149,45339,-55282816
20:50:25.151,0,-0.8,2,0,0,500,50000,1,-38106,8011794,-52,55140,-55282524
20:50:25.156,0,-0.8,2,0,0,500,50000,1,-39145,8011642,195,40572,-55282412
20:50:25.161,0,-1.3,2,0,0,500,50000,-23,-40180,8011414,-73,56550,-55282040
20:50:25.166,0,-1.3,2,0,0,500,50000,-3,-47141,8011158,147,42376,-55281884
20:50:25.171,0,-2.1,2,0,0,500,50000,16,-48348,8010922,8,53419,-55281532
20:50:25.176,0,-2.1,2,0,0,500,50000,53,-46773,8010661,164,43619,-55281392
20:50:25.181,0,-2.7,2,0,0,500,50000,11,-46604,8010445,-4,52499,-55281068
20:50:25.186,0,-2.7,2,0,0,500,50000,3,-49581,8010166,84,46370,-55280844
20:50:25.192,0,-2.8,2,0,0,500,50000,-43,-52078,8009914,84,52087,-55280596
20:50:25.197,0,-2.8,2,0,0,500,50000,-25,-56811,8009583,59,48769,-55280340
20:50:25.202,0,-2.6,2,0,0,500,50000,14,-55360,8009331,73,49945,-55280076
20:50:25.207,0,-2.6,2,0,0,500,50000,-14,-56673,8009066,96,48181,-55279820
20:50:25.212,0,-2.2,2,0,0,500,50000,3,-55926,8008761,10,52644,-55279576
20:50:25.217,0,-2.2,2,0,0,500,50000,-13,-53755,8008514,43,51267,-55279312
20:50:25.222,0,-1.7,2,0,0,500,50000,-2,-43768,8008315,57,50339,-55279052
20:50:25.227,0,-1.7,2,0,0,500,50000,18,-33349,8008206,-38,50854,-55278828
20:50:25.232,0,-1.2,2,0,0,500,50000,8,-26431,8008094,71,50508,-55278572
20:50:25.237,0,-1.2,2,0,0,500,50000,-56,-26750,8007945,159,46040,-55278384
20:50:25.242,0,-1.2,2,0,0,500,50000,9,-33193,8007766,109,49745,-55278112
20:50:25.247,0,-1.2,2,0,0,500,50000,11,-43521,8007497,121,46615,-55277864
20:50:25.252,0,-2.1,2,0,0,500,50000,-22,-47006,8007274,106,48799,-55277640
20:50:25.257,0,-2.1,2,0,0,500,50000,-3,-48041,8007015,163,45638,-55277404
20:50:25.262,0,-3.6,2,0,0,500,50000,-7,-49929,8006782,128,48226,-55277132
20:50:25.267,0,-3.6,2,0,0,500,50000,40,-63744,8006298,86,51452,-55276800
20:50:25.273,0,-4.5,2,0,0,500,50000,-12,-72963,8005913,57,51492,-55276576
20:50:25.278,0,-4.5,2,0,0,500,50000,-19,-75987,8005610,79,50169,-55276364
20:50:25.283,0,-4.6,2,0,0,500,50000,-19,-74477,8005130,30,51089,-55276048
20:50:25.288,0,-4.6,2,0,0,500,50000,-15,-64444,8004858,23,51257,-55275820
20:50:25.293,0,-3.8,2,0,0,500,50000,-20,-55871,8004683,-1,48547,-55275616
20:50:25.298,0,-3.8,2,0,0,500,50000,-18,-37709,8004543,10,52479,-55275372
20:50:25.303,0,-2.1,2,0,0,500,50000,3,-25570,8004474,168,47105,-55275140
20:50:25.308,0,-0.9,2,0,0,500,50000,28,-22040,8004394,109,44627,-55274912
20:50:25.313,0,-0.9,2,0,0,500,50000,-15,-28528,8004219,111,48726,-55274636
20:50:25.318,0,-1.3,2,0,0,500,50000,50,-42785,8003963,114,48334,-55274428
20:50:25.323,0,-1.3,2,0,0,500,50000,-3,-53408,8003623,77,48242,-55274172
20:50:25.328,0,-3.0,2,0,0,500,50000,-4,-60256,8003306,102,49681,-55273904
20:50:25.333,0,-3.0,2,0,0,500,50000,-45,-59419,8003029,48,46896,-55273652
20:50:25.338,0,-4.0,2,0,0,500,50000,-34,-58708,8002705,80,50693,-55273420
20:50:25.343,0,-4.0,2,0,0,500,50000,-10,-58954,8002430,43,50619,-55273148
20:50:25.349,0,-3.4,2,0,0,500,50000,-9,-53225,8002157,21,49676,-55272896
20:50:25.354,0,-3.4,2,0,0,500,50000,-15,-47964,8001953,91,49190,-55272680
20:50:25.359,0,-2.2,2,0,0,500,50000,-2,-41947,8001750,112,49110,-55272416
20:50:25.364,0,-2.2,2,0,0,500,50000,7,-41077,8001558,57,49032,-55272156
20:50:25.369,0,-1.6,2,0,0,500,50000,6,-44613,8001307,-9,49294,-55271932
20:50:25.374,0,-1.6,2,0,0,500,50000,-12,-43100,8001114,117,47019,-55271692
20:50:25.379,0,-1.8,2,0,0,500,50000,-75,-39023,8000918,57,51551,-55271440
20:50:25.384,0,-1.8,2,0,0,500,50000,9,-36531,8000731,202,43442,-55271240
20:50:25.389,0,-2.4,2,0,0,500,50000,3,-39874,8000538,90,47687,-55270956
20:50:25.394,0,-2.4,2,0,0,500,50000,-8,-49387,8000237,117,49512,-55270696
20:50:25.399,0,-3.1,2,0,0,500,50000,0,-54713,7999961,73,48185,-55270480
20:50:25.404,0,-3.1,2,0,0,500,50000,-26,-51316,7999690,60,53333,-55270192
20:50:25.409,0,-3.8,2,0,0,500,50000,-1,-49476,7999466,48,46438,-55270008
20:50:25.414,0,-3.8,2,0,0,500,50000,0,-45542,7999226,31,50695,-55269732
20:50:25.419,0,-3.7,2,0,0,500,50000,25,-46610,7998994,147,43407,-55269512
20:50:25.424,0,-3.7,2,0,0,500,50000,3,-46464,7998774,37,55055,-55269176
20:50:25.429,0,-3.1,2,0,0,500,50000,-6,-46274,7998523,241,41607,-55269056
20:50:25.435,0,-3.1,2,0,0,500,50000,-22,-44513,7998327,84,49918,-55268744
20:50:25.440,0,-2.8,2,0,0,500,50000,-4,-48955,7998041,188,49121,-55268512
20:50:25.445,0,-2.8,2,0,0,500,50000,-4,-56548,7997749,44,50467,-55268260
20:50:25.450,0,-3.0,2,0,0,500,50000,-9,-55407,7997437,94,51091,-55268016
20:50:25.455,0,-3.0,2,0,0,500,50000,-3,-51349,7997213,106,44249,-55267776
20:50:25.460,0,-2.9,2,0,0,500,50000,-44,-43566,7997043,7,54883,-55267456
20:50:25.465,0,-2.9,2,0,0,500,50000,-26,-42372,7996822,131,42940,-55267312
20:50:25.470,0,-2.4,2,0,0,500,50000,28,-37995,7996666,16,56032,-55266984
20:50:25.475,0,-2.4,2,0,0,500,50000,11,-40482,7996419,187,39949,-55266828
20:50:25.480,0,-2.2,2,0,0,500,50000,5,-42895,7996211,-61,55871,-55266508
20:50:25.485,0,-2.2,2,0,0,500,50000,-3,-39715,7996037,114,48179,-55266320
20:50:25.490,0,-2.8,2,0,0,500,50000,2,-41360,7995801,229,43273,-55266072
20:50:25.495,0,-2.8,2,0,0,500,50000,17,-47529,7995554,102,54307,-55265804
20:50:25.500,0,-3.6,2,0,0,500,50000,0,-58835,7995189,251,41203,-55265624
20:50:25.505,0,-3.6,2,0,0,500,50000,-5,-57250,7994930,25,55072,-55265260
20:50:25.510,0,-4.1,2,0,0,500,50000,-26,-52300,7994662,125,41501,-55265144
20:50:25.515,0,-4.1,2,0,0,500,50000,58,-43983,7994462,48,50263,-55264812
20:50:25.521,0,-3.8,2,0,0,500,50000,5,-41764,7994278,104,52128,-55264556
20:50:25.526,0,-3.8,2,0,0,500,50000,-9,-45179,7994026,83,46402,-55264368
20:50:25.531,0,-3.1,2,0,0,500,50000,15,-43342,7993835,92,53029,-55264080
20:50:25.536,0,-3.1,2,0,0,500,50000,-123,-47080,7993562,149,40578,-55263936
20:50:25.541,0,-3.1,2,0,0,500,50000,-17,-46801,7993346,91,56418,-55263580
20:50:25.546,0,-3.1,2,0,0,500,50000,-3,-51423,7993038,209,41408,-55263416
20:50:25.551,0,-3.6,2,0,0,500,50000,1,-50835,7992794,38,54434,-55263112
20:50:25.556,0,-3.6,2,0,0,500,50000,31,-45330,7992561,234,39255,-55262960
20:50:25.561,0,-3.8,2,0,0,500,50000,7,-39317,7992411,143,51289,-55262624
20:50:25.566,0,-3.8,2,0,0,500,50000,1,-43357,7992190,201,48371,-55262404
20:50:25.571,0,-3.8,2,0,0,500,50000,21,-55941,7991834,62,46729,-55262188
20:50:25.576,0,-3.8,2,0,0,500,50000,-9,-64750,7991491,55,54120,-55261904
20:50:25.581,0,-4.1,2,0,0,500,50000,2,-71182,7991062,171,43698,-55261696
20:50:25.586,0,-4.1,2,0,0,500,50000,21,-68790,7990750,60,54574,-55261364
20:50:25.591,0,-4.3,2,0,0,500,50000,7,-54765,7990489,72,45917,-55261196
20:50:25.596,0,-4.3,2,0,0,500,50000,-3,-42674,7990329,15,55177,-55260884
20:50:25.602,0,-3.3,2,0,0,500,50000,-8,-36151,7990189,162,43552,-55260696
20:50:25.607,0,-3.3,2,0,0,500,50000,0,-29061,7990053,0,54070,-55260428
20:50:25.612,0,-1.9,2,0,0,500,50000,4,-29082,7989914,163,44776,-55260228
20:50:25.617,0,-1.9,2,0,0,500,50000,22,-38582,7989641,146,42580,-55259944
20:50:25.622,0,-2.1,2,0,0,500,50000,15,-51246,7989355,89,50344,-55259696
20:50:25.627,0,-2.1,2,0,0,500,50000,0,-61437,7989021,223,45651,-55259472
20:50:25.632,0,-3.7,2,0,0,500,50000,-15,-62471,7988670,138,48762,-55259184
20:50:25.637,0,-3.7,2,0,0,500,50000,0,-59649,7988411,162,49107,-55259016
20:50:25.642,0,-4.8,2,0,0,500,50000,-12,-60043,7988138,13,48936,-55258752
20:50:25.647,0,-4.8,2,0,0,500,50000,-16,-59523,7987817,141,48975,-55258480
20:50:25.652,0,-4.3,2,0,0,500,50000,-12,-54874,7987586,21,49615,-55258252
20:50:25.657,0,-4.3,2,0,0,500,50000,56,-45834,7987369,80,47116,-55258008
20:50:25.662,0,-3.2,2,0,0,500,50000,20,-40179,7987206,134,46255,-55257760
20:50:25.667,0,-3.2,2,0,0,500,50000,25,-39548,7987002,55,48543,-55257524
20:50:25.673,0,-2.5,2,0,0,500,50000,35,-41021,7986782,105,45857,-55257292
20:50:25.678,0,-2.5,2,0,0,500,50000,26,-42166,7986587,72,49162,-55257052
20:50:25.683,0,-2.6,2,0,0,500,50000,-7,-44009,7986375,139,47906,-55256812
20:50:25.688,0,-2.6,2,0,0,500,50000,-24,-46825,7986105,169,44907,-55256572
20:50:25.693,0,-3.3,2,0,0,500,50000,26,-47513,7985881,148,48996,-55256296
20:50:25.698,0,-3.3,2,0,0,500,50000,10,-53541,7985557,147,49020,-55256088
20:50:25.703,0,-4.3,2,0,0,500,50000,7,-56735,7985275,199,46537,-55255848
20:50:25.708,0,-4.3,2,0,0,500,50000,-17,-54412,7984986,106,47773,-55255584
20:50:25.713,0,-4.8,2,0,0,500,50000,38,-56227,7984721,146,48770,-55255320
20:50:25.718,0,-4.5,2,0,0,500,50000,-17,-60833,7984413,110,49499,-55255104
20:50:25.723,0,-4.5,2,0,0,500,50000,109,-58459,7984089,66,48847,-55254844
20:50:25.728,0,-3.7,2,0,0,500,50000,116,-56341,7983833,84,48875,-55254580
20:50:25.733,0,-3.7,2,0,0,500,50000,14,-46904,7983602,119,45772,-55254352
20:50:25.738,0,-2.7,2,0,0,500,50000,-1,-44274,7983406,90,48862,-55254124
20:50:25.743,0,-2.7,2,0,0,500,50000,-12,-38811,7983246,138,46842,-55253884
20:50:25.748,0,-2.0,2,0,0,500,50000,-63,-38239,7983034,-13,51009,-55253592
20:50:25.753,0,-2.0,2,0,0,500,50000,0,-37647,7982857,164,46107,-55253420
20:50:25.759,0,-2.2,2,0,0,500,50000,-16,-36522,7982619,49,48072,-55253048
20:50:25.764,0,-2.2,2,0,0,500,50000,0,-32400,7982458,166,47313,-55252848
20:50:25.769,0,-2.9,2,0,0,500,50000,5,-28736,7982346,153,46476,-55252588
20:50:25.774,0,-2.9,2,0,0,500,50000,23,-36553,7982125,123,45629,-55252400
20:50:25.779,0,-3.9,2,0,0,500,50000,10,-43957,7981930,152,48214,-55252172
20:50:25.784,0,-3.9,2,0,0,500,50000,22,-53941,7981643,142,47299,-55251968
20:50:25.789,0,-5.0,2,0,0,500,50000,-22,-57703,7981309,45,52831,-55251676
20:50:25.794,0,-5.0,2,0,0,500,50000,47,-66077,7980967,129,44484,-55251508
20:50:25.799,0,-5.4,2,0,0,500,50000,-8,-66757,7980601,-24,56205,-55251168
20:50:25.804,0,-5.4,2,0,0,500,50000,-40,-60709,7980342,118,46416,-55250956
20:50:25.809,0,-4.2,2,0,0,500,50000,-76,-49514,7980122,39,52625,-55250704
20:50:25.814,0,-4.2,2,0,0,500,50000,16,-36353,7979982,134,44703,-55250496
20:50:25.819,0,-2.5,2,0,0,500,50000,20,-32496,7979849,105,50238,-55250204
20:50:25.824,0,-2.5,2,0,0,500,50000,27,-38265,7979649,163,45897,-55249992
20:50:25.829,0,-2.0,2,0,0,500,50000,9,-44035,7979390,84,50751,-55249736
20:50:25.834,0,-2.0,2,0,0,500,50000,-3,-50179,7979131,215,49664,-55249496
20:50:25.840,0,-3.0,2,0,0,500,50000,-9,-48015,7978877,176,44023,-55249264
20:50:25.845,0,-3.0,2,0,0,500,50000,6,-41578,7978710,-15,51761,-55249020
20:50:25.850,0,-3.7,2,0,0,500,50000,-11,-40646,7978521,190,39614,-55248824
20:50:25.855,0,-3.7,2,0,0,500,50000,-4,-42155,7978283,88,55008,-55248468
20:50:25.860,0,-3.6,2,0,0,500,50000,-41,-45526,7978059,199,42609,-55248300
20:50:25.865,0,-3.6,2,0,0,500,50000,-30,-45872,7977810,49,51444,-55248020
20:50:25.870,0,-3.6,2,0,0,500,50000,-57,-44852,7977605,157,45620,-55247816
20:50:25.875,0,-3.6,2,0,0,500,50000,54,-56192,7977251,122,46806,-55247536
20:50:25.880,0,-3.7,2,0,0,500,50000,11,-62128,7976934,8,53911,-55247236
20:50:25.885,0,-3.7,2,0,0,500,50000,87,-59610,7976662,58,49230,-55247032
20:50:25.890,0,-3.5,2,0,0,500,50000,1,-55289,7976363,77,49991,-55246784
20:50:25.895,0,-3.5,2,0,0,500,50000,-34,-52615,7976125,109,47717,-55246524
20:50:25.900,0,-2.6,2,0,0,500,50000,-2,-47820,7975918,71,50368,-55246296
20:50:25.905,0,-2.6,2,0,0,500,50000,-10,-44923,7975674,122,47672,-55246040
20:50:25.910,0,-1.7,2,0,0,500,50000,-5,-37470,7975501,76,50222,-55245820
20:50:25.915,0,-1.7,2,0,0,500,50000,1,-31992,7975382,60,45120,-55245580
20:50:25.921,0,-1.7,2,0,0,500,50000,26,-30297,7975226,47,52796,-55245280
20:50:25.926,0,-1.7,2,0,0,500,50000,13,-37979,7975021,229,42889,-55245132
20:50:25.931,0,-2.5,2,0,0,500,50000,-29,-43992,7974767,75,52003,-55244812
20:50:25.936,0,-2.5,2,0,0,500,50000,0,-49165,7974522,135,49046,-55244572
20:50:25.941,0,-3.7,2,0,0,500,50000,36,-49179,7974266,116,44970,-55244384
20:50:25.946,0,-3.7,2,0,0,500,50000,9,-52013,7973978,62,52530,-55244080
20:50:25.951,0,-4.7,2,0,0,500,50000,44,-59735,7973674,102,45113,-55243864
20:50:25.956,0,-4.7,2,0,0,500,50000,14,-67174,7973283,6,53627,-55243592
20:50:25.961,0,-4.8,2,0,0,500,50000,-11,-71985,7972922,107,46832,-55243376
20:50:25.966,0,-4.8,2,0,0,500,50000,2,-67538,7972629,66,50163,-55243080
20:50:25.971,0,-4.3,2,0,0,500,50000,-10,-60382,7972309,66,45834,-55242892
20:50:25.976,0,-4.3,2,0,0,500,50000,-8,-53113,7972090,57,52437,-55242588
20:50:25.981,0,-3.0,2,0,0,500,50000,-15,-43344,7971878,51,46132,-55242368
20:50:25.986,0,-3.0,2,0,0,500,50000,0,-35659,7971746,65,49625,-55242076
20:50:25.991,0,-1.9,2,0,0,500,50000,-19,-33637,7971570,155,46020,-55241904
20:50:25.997,0,-1.9,2,0,0,500,50000,45,-37372,7971382,92,45715,-55241644
20:50:26.002,0,-2.1,2,0,0,500,50000,1,-44274,7971146,115,47004,-55241384
20:50:26.007,0,-2.1,2,0,0,500,50000,43,-52079,7970827,115,44635,-55241152
20:50:26.012,0,-3.4,2,0,0,500,50000,-8,-54517,7970553,109,49395,-55240908
20:50:26.017,0,-3.4,2,0,0,500,50000,-21,-61534,7970182,89,51704,-55240636
20:50:26.022,0,-4.5,2,0,0,500,50000,4,-69569,7969821,91,48552,-55240380
20:50:26.027,0,-4.5,2,0,0,500,50000,-23,-74407,7969390,-68,54230,-55240136
20:50:26.032,0,-4.4,2,0,0,500,50000,-19,-70758,7969082,17,49412,-55239884
20:50:26.037,0,-4.4,2,0,0,500,50000,-7,-59417,7968798,-32,52008,-55239596
20:50:26.042,0,-3.2,2,0,0,500,50000,2,-48786,7968618,-58,48774,-55239388
20:50:26.047,0,-3.2,2,0,0,500,50000,9,-35647,7968474,49,50587,-55239120
20:50:26.052,0,-1.6,2,0,0,500,50000,9,-27850,7968378,123,46184,-55238924
20:50:26.057,0,-1.6,2,0,0,500,50000,-6,-25897,7968246,41,51311,-55238640
20:50:26.062,0,-1.0,2,0,0,500,50000,-12,-30686,7968062,124,47325,-55238412
20:50:26.067,0,-1.0,2,0,0,500,50000,-102,-39942,7967845,112,50167,-55238172
20:50:26.072,0,-2.0,2,0,0,500,50000,-8,-50782,7967530,102,48057,-55237936
20:50:26.077,0,-2.0,2,0,0,500,50000,-21,-56339,7967246,100,46907,-55237672
20:50:26.083,0,-3.7,2,0,0,500,50000,-16,-53805,7966957,66,52550,-55237424
20:50:26.088,0,-3.7,2,0,0,500,50000,33,-49063,7966745,132,47680,-55237192
20:50:26.093,0,-4.6,2,0,0,500,50000,33,-50483,7966454,10,50532,-55236912
20:50:26.098,0,-4.6,2,0,0,500,50000,0,-56820,7966114,87,49904,-55236640
20:50:26.103,0,-4.1,2,0,0,500,50000,-9,-53280,7965834,126,52257,-55236364
20:50:26.108,0,-4.1,2,0,0,500,50000,-19,-50252,7965609,7,49613,-55236108
20:50:26.113,0,-3.3,2,0,0,500,50000,0,-49480,7965378,56,49755,-55235868
20:50:26.118,0,-3.3,2,0,0,500,50000,21,-49416,7965147,183,48869,-55235700
20:50:26.123,0,-2.7,2,0,0,500,50000,13,-49847,7964905,65,47586,-55235432
20:50:26.128,0,-2.2,2,0,0,500,50000,-84,-46638,7964658,29,49500,-55235168
20:50:26.133,0,-2.2,2,0,0,500,50000,-4,-44619,7964458,99,47781,-55234912
20:50:26.138,0,-2.0,2,0,0,500,50000,-43,-45268,7964201,128,48619,-55234696
20:50:26.143,0,-2.0,2,0,0,500,50000,0,-49915,7963942,99,49321,-55234432
20:50:26.148,0,-2.4,2,0,0,500,50000,-18,-51375,7963691,66,49778,-55234168
20:50:26.153,0,-2.4,2,0,0,500,50000,52,-47806,7963434,95,47660,-55233964
20:50:26.159,0,-2.9,2,0,0,500,50000,0,-44094,7963246,102,51708,-55233688
20:50:26.164,0,-2.9,2,0,0,500,50000,24,-45520,7962990,178,42775,-55233480
20:50:26.169,0,-3.3,2,0,0,500,50000,13,-52673,7962714,-4,55595,-55233192
20:50:26.174,0,-3.3,2,0,0,500,50000,-17,-58940,7962370,183,44497,-55232992
20:50:26.179,0,-3.5,2,0,0,500,50000,-2,-58656,7962106,7,53058,-55232656
20:50:26.184,0,-3.5,2,0,0,500,50000,-7,-57492,7961799,125,45434,-55232492
20:50:26.189,0,-3.1,2,0,0,500,50000,8,-52842,7961578,34,50779,-55232188
20:50:26.194,0,-3.1,2,0,0,500,50000,5,-46040,7961354,45,50102,-55231932
20:50:26.199,0,-2.4,2,0,0,500,50000,20,-43344,7961126,90,49583,-55231708
20:50:26.204,0,-2.4,2,0,0,500,50000,-25,-41748,7960946,69,50475,-55231448
20:50:26.209,0,-2.0,2,0,0,500,50000,32,-43051,7960711,69,49480,-55231228
20:50:26.214,0,-2.0,2,0,0,500,50000,-13,-45020,7960497,62,50637,-55230976
20:50:26.219,0,-2.5,2,0,0,500,50000,18,-52327,7960189,165,46912,-55230720
20:50:26.224,0,-2.5,2,0,0,500,50000,-12,-55464,7959919,74,50743,-55230496
20:50:26.229,0,-3.2,2,0,0,500,50000,-13,-54191,7959625,163,45024,-55230260
20:50:26.234,0,-3.2,2,0,0,500,50000,-15,-52487,7959387,102,53661,-55229952
20:50:26.240,0,-3.5,2,0,0,500,50000,-20,-54620,7959022,64,46562,-55229692
20:50:26.245,0,-3.5,2,0,0,500,50000,-6,-56903,7958751,13,52194,-55229384
20:50:26.250,0,-3.3,2,0,0,500,50000,4,-57360,7958430,105,48533,-55229152
20:50:26.255,0,-3.3,2,0,0,500,50000,0,-55835,7958174,8,52008,-55228912
20:50:26.260,0,-3.0,2,0,0,500,50000,-42,-56455,7957945,78,48410,-55228708
20:50:26.265,0,-3.0,2,0,0,500,50000,19,-56775,7957677,104,45916,-55228520
20:50:26.270,0,-2.8,2,0,0,500,50000,1,-50995,7957410,42,53900,-55228204
20:50:26.275,0,-2.8,2,0,0,500,50000,45,-47519,7957193,127,47115,-55227984
20:50:26.280,0,-2.4,2,0,0,500,50000,-11,-40026,7956993,17,50232,-55227752
20:50:26.285,0,-2.4,2,0,0,500,50000,-25,-43289,7956774,105,46645,-55227508
20:50:26.290,0,-2.2,2,0,0,500,50000,29,-47901,7956494,9,51058,-55227220
20:50:26.295,0,-2.2,2,0,0,500,50000,-29,-51534,7956235,108,47622,-55227016
20:50:26.300,0,-2.6,2,0,0,500,50000,11,-53513,7955979,133,47198,-55226756
20:50:26.306,0,-2.6,2,0,0,500,50000,0,-54470,7955681,38,48767,-55226492
20:50:26.311,0,-3.2,2,0,0,500,50000,4,-64545,7955289,171,47291,-55226288
20:50:26.316,0,-3.2,2,0,0,500,50000,-118,-65145,7954986,54,52683,-55225980
20:50:26.321,0,-3.2,2,0,0,500,50000,-15,-59071,7954690,69,46919,-55225744
20:50:26.326,0,-3.2,2,0,0,500,50000,-106,-54076,7954467,22,51350,-55225500
20:50:26.331,0,-2.7,2,0,0,500,50000,-18,-46271,7954250,66,46384,-55225256
20:50:26.336,0,-2.7,2,0,0,500,50000,42,-41505,7954078,75,48184,-55225036
20:50:26.341,0,-2.2,2,0,0,500,50000,-8,-36925,7953898,111,47782,-55224768
20:50:26.346,0,-2.2,2,0,0,500,50000,19,-39252,7953705,95,48255,-55224512
20:50:26.351,0,-2.3,2,0,0,500,50000,11,-43491,7953451,152,50343,-55224276
20:50:26.356,0,-2.3,2,0,0,500,50000,6,-51403,7953129,103,47714,-55224044
20:50:26.361,0,-3.2,2,0,0,500,50000,0,-57658,7952829,59,50636,-55223752
20:50:26.367,0,-3.2,2,0,0,500,50000,-45,-59058,7952542,128,49247,-55223504
20:50:26.372,0,-4.0,2,0,0,500,50000,0,-53387,7952274,-4,52102,-55223264
20:50:26.377,0,-4.0,2,0,0,500,50000,-24,-54936,7952006,59,49653,-55223024
20:50:26.382,0,-3.7,2,0,0,500,50000,-58,-63134,7951678,95,49455,-55222748
20:50:26.387,0,-3.7,2,0,0,500,50000,3,-63786,7951322,42,49648,-55222540
20:50:26.392,0,-3.0,2,0,0,500,50000,-15,-58428,7951067,63,50608,-55222260
20:50:26.397,0,-3.0,2,0,0,500,50000,-35,-49366,7950818,80,51477,-55221996
20:50:26.402,0,-2.2,2,0,0,500,50000,-6,-41712,7950650,83,49198,-55221748
20:50:26.407,0,-2.2,2,0,0,500,50000,23,-32113,7950534,107,49074,-55221536
20:50:26.412,0,-1.7,2,0,0,500,50000,1,-29383,7950375,67,48133,-55221292
20:50:26.417,0,-1.7,2,0,0,500,50000,36,-32501,7950206,100,49187,-55221028
20:50:26.422,0,-1.9,2,0,0,500,50000,-66,-41482,7949942,119,49283,-55220768
20:50:26.427,0,-1.9,2,0,0,500,50000,14,-42790,7949739,84,50975,-55220544
20:50:26.433,0,-2.9,2,0,0,500,50000,5,-51298,7949422,190,46026,-55220312
20:50:26.438,0,-2.9,2,0,0,500,50000,-19,-54512,7949161,-45,51149,-55220060
20:50:26.443,0,-4.0,2,0,0,500,50000,0,-53855,7948875,64,47753,-55219820
20:50:26.448,0,-4.0,2,0,0,500,50000,20,-52100,7948651,92,48094,-55219540
20:50:26.453,0,-4.1,2,0,0,500,50000,10,-49180,7948402,118,48062,-55219336
20:50:26.458,0,-4.1,2,0,0,500,50000,-4,-52079,7948155,46,47620,-55219072
20:50:26.463,0,-3.6,2,0,0,500,50000,26,-57236,7947822,83,51643,-55218776
20:50:26.468,0,-3.6,2,0,0,500,50000,24,-53634,7947547,21,50828,-55218560
20:50:26.473,0,-3.0,2,0,0,500,50000,-30,-50468,7947323,57,49032,-55218304
20:50:26.478,0,-2.5,2,0,0,500,50000,-1,-43626,7947118,109,46590,-55218104
20:50:26.483,0,-2.5,2,0,0,500,50000,0,-37131,7946974,120,48635,-55217824
20:50:26.488,0,-2.1,2,0,0,500,50000,1,-36621,7946811,131,45133,-55217596
20:50:26.493,0,-2.1,2,0,0,500,50000,-3,-31768,7946662,70,47195,-55217324
20:50:26.498,0,-2.4,2,0,0,500,50000,-6,-34684,7946491,136,48733,-55217112
20:50:26.503,0,-2.4,2,0,0,500,50000,0,-37355,7946273,87,46267,-55216872
20:50:26.508,0,-3.6,2,0,0,500,50000,-13,-40134,7946079,84,50735,-55216588
20:50:26.513,0,-3.6,2,0,0,500,50000,28,-46595,7945837,211,45531,-55216416
20:50:26.519,0,-4.7,2,0,0,500,50000,0,-52765,7945522,126,49653,-55216124
20:50:26.524,0,-4.7,2,0,0,500,50000,-19,-54170,7945262,88,49960,-55215868
20:50:26.529,0,-5.0,2,0,0,500,50000,-27,-51383,7944986,132,47847,-55215624
20:50:26.534,0,-5.0,2,0,0,500,50000,1,-51958,7944746,112,50092,-55215400
20:50:26.539,0,-4.5,2,0,0,500,50000,-43,-53882,7944486,108,47712,-55215156
20:50:26.544,0,-4.5,2,0,0,500,50000,21,-56621,7944153,83,51070,-55214876
20:50:26.549,0,-3.7,2,0,0,500,50000,-13,-57305,7943882,141,47337,-55214636
20:50:26.554,0,-3.7,2,0,0,500,50000,-1,-58250,7943563,92,49679,-55214408
20:50:26.559,0,-2.8,2,0,0,500,50000,-7,-58890,7943286,95,47144,-55214164
20:50:26.564,0,-2.8,2,0,0,500,50000,-7,-52769,7943015,119,49737,-55213884
20:50:26.569,0,-2.2,2,0,0,500,50000,-17,-44217,7942843,126,48079,-55213668
20:50:26.574,0,-2.2,2,0,0,500,50000,5,-35136,7942687,137,43948,-55213444
20:50:26.579,0,-2.1,2,0,0,500,50000,-42,-29757,7942554,140,47275,-55213120
20:50:26.584,0,-2.1,2,0,0,500,50000,51,-34894,7942347,178,46026,-55212920
20:50:26.589,0,-3.0,2,0,0,500,50000,-44,-43228,7942086,187,43097,-55212680
20:50:26.594,0,-3.0,2,0,0,500,50000,18,-45868,7941865,36,47940,-55212440
20:50:26.599,0,-4.6,2,0,0,500,50000,-64,-48583,7941627,156,45480,-55212252
20:50:26.604,0,-4.6,2,0,0,500,50000,3,-51199,7941387,158,46847,-55211984
20:50:26.610,0,-5.7,2,0,0,500,50000,-7,-58172,7941049,110,49389,-55211760
20:50:26.615,0,-5.7,2,0,0,500,50000,-21,-68055,7940695,50,46730,-55211508
20:50:26.620,0,-5.7,2,0,0,500,50000,-11,-70330,7940285,45,51083,-55211216
20:50:26.625,0,-5.7,2,0,0,500,50000,-1,-72414,7939933,32,50621,-55210992
20:50:26.630,0,-4.6,2,0,0,500,50000,-6,-67539,7939569,118,50011,-55210736
20:50:26.635,0,-4.6,2,0,0,500,50000,1,-57894,7939334,23,48781,-55210476
20:50:26.640,0,-2.9,2,0,0,500,50000,-55,-47534,7939153,70,50063,-55210256
20:50:26.645,0,-2.9,2,0,0,500,50000,14,-35080,7939006,88,47453,-55210012
20:50:26.650,0,-1.7,2,0,0,500,50000,8,-29756,7938891,130,47883,-55209756
20:50:26.655,0,-1.7,2,0,0,500,50000,-8,-32598,7938701,140,47748,-55209512
20:50:26.660,0,-2.3,2,0,0,500,50000,49,-40021,7938486,214,45521,-55209324
20:50:26.665,0,-2.3,2,0,0,500,50000,12,-45112,7938253,98,48672,-55209044
20:50:26.670,0,-4.0,2,0,0,500,50000,-3,-45389,7937999,106,46847,-55208804
20:50:26.675,0,-4.0,2,0,0,500,50000,-38,-42418,7937775,211,45153,-55208576
20:50:26.680,0,-5.4,2,0,0,500,50000,0,-42557,7937575,168,46102,-55208368
20:50:26.685,0,-5.4,2,0,0,500,50000,-18,-51769,7937295,196,44163,-55208128
20:50:26.690,0,-5.7,2,0,0,500,50000,-21,-67190,7936874,154,49216,-55207832
20:50:26.696,0,-5.7,2,0,0,500,50000,0,-73759,7936497,81,51827,-55207552
20:50:26.701,0,-5.5,2,0,0,500,50000,-10,-79318,7936042,44,48553,-55207344
20:50:26.706,0,-5.5,2,0,0,500,50000,9,-70956,7935758,77,54241,-55207036
20:50:26.711,0,-4.3,2,0,0,500,50000,-27,-48851,7935571,46,49055,-55206844
20:50:26.716,0,-4.3,2,0,0,500,50000,-19,-25076,7935499,32,48005,-55206544
20:50:26.721,0,-2.3,2,0,0,500,50000,-4,-14551,7935466,212,46442,-55206300
20:50:26.726,0,-2.3,2,0,0,500,50000,52,-21065,7935346,219,45031,-55206064
20:50:26.731,0,-1.8,2,0,0,500,50000,21,-36610,7935103,133,46791,-55205840
20:50:26.736,0,-1.8,2,0,0,500,50000,20,-52608,7934793,185,48224,-55205580
20:50:26.741,0,-3.7,2,0,0,500,50000,-2,-61835,7934514,49,52563,-55205388
20:50:26.746,0,-3.7,2,0,0,500,50000,-34,-56090,7934222,117,46048,-55205164
20:50:26.751,0,-5.4,2,0,0,500,50000,5,-44151,7934066,80,50157,-55204868
20:50:26.756,0,-5.4,2,0,0,500,50000,-1,-29641,7933957,253,43310,-55204716
20:50:26.761,0,-5.1,2,0,0,500,50000,67,-24845,7933866,179,44411,-55204460
20:50:26.766,0,-5.1,2,0,0,500,50000,19,-30809,7933675,140,48842,-55204192
20:50:26.771,0,-4.7,2,0,0,500,50000,1,-46875,7933386,182,42273,-55204032
20:50:26.776,0,-4.7,2,0,0,500,50000,8,-63253,7932969,73,51897,-55203716
20:50:26.781,0,-5.7,2,0,0,500,50000,7,-74938,7932566,97,49445,-55203472
20:50:26.787,0,-5.7,2,0,0,500,50000,-23,-77716,7932186,108,50433,-55203228
20:50:26.792,0,-6.1,2,0,0,500,50000,-24,-64758,7931867,147,46051,-55203008
20:50:26.797,0,-6.1,2,0,0,500,50000,-16,-48773,7931699,42,52123,-55202688
20:50:26.802,0,-4.3,2,0,0,500,50000,-127,-27155,7931625,137,47816,-55202480
20:50:26.807,0,-4.3,2,0,0,500,50000,39,-22668,7931538,142,46073,-55202264
20:50:26.812,0,-2.4,2,0,0,500,50000,-15,-26665,7931403,85,52092,-55201992
20:50:26.817,0,-2.4,2,0,0,500,50000,38,-41094,7931126,330,38713,-55201832
20:50:26.822,0,-2.8,2,0,0,500,50000,11,-54438,7930818,80,52881,-55201472
20:50:26.827,0,-2.8,2,0,0,500,50000,-37,-60108,7930459,174,45042,-55201332
20:50:26.832,0,-4.4,2,0,0,500,50000,-3,-59476,7930185,116,43639,-55201064
20:50:26.837,0,-4.4,2,0,0,500,50000,1,-55129,7929898,61,54003,-55200760
20:50:26.842,0,-4.8,2,0,0,500,50000,-19,-47636,7929709,96,42814,-55200600
20:50:26.847,0,-4.8,2,0,0,500,50000,-4,-35703,7929558,13,54228,-55200276
20:50:26.852,0,-3.9,2,0,0,500,50000,-5,-33187,7929418,271,44397,-55200092
20:50:26.857,0,-3.9,2,0,0,500,50000,32,-32934,7929258,109,49211,-55199832
20:50:26.862,0,-3.5,2,0,0,500,50000,-3,-34726,7929087,128,51451,-55199580
20:50:26.867,0,-3.5,2,0,0,500,50000,28,-51098,7928745,237,38454,-55199448
20:50:26.873,0,-4.2,2,0,0,500,50000,18,-59377,7928393,-52,59447,-55199056
20:50:26.878,0,-4.2,2,0,0,500,50000,-60,-62064,7928090,156,44048,-55198896
20:50:26.883,0,-5.1,2,0,0,500,50000,-9,-55563,7927818,0,53055,-55198604
20:50:26.888,0,-5.1,2,0,0,500,50000,-13,-50198,7927613,172,45516,-55198404
20:50:26.893,0,-4.7,2,0,0,500,50000,-40,-45643,7927389,163,43603,-55198152
20:50:26.898,0,-4.7,2,0,0,500,50000,34,-40480,7927223,-17,51328,-55197900
20:50:26.903,0,-3.7,2,0,0,500,50000,17,-45987,7926941,195,44016,-55197692
20:50:26.908,0,-3.7,2,0,0,500,50000,3,-50479,7926690,13,51073,-55197392
20:50:26.913,0,-3.6,2,0,0,500,50000,-5,-59363,7926377,100,47860,-55197208
20:50:26.918,0,-4.1,2,0,0,500,50000,-24,-66128,7925981,67,52581,-55196912
20:50:26.923,0,-4.1,2,0,0,500,50000,34,-56474,7925753,129,48853,-55196668
20:50:26.928,0,-3.8,2,0,0,500,50000,-12,-38888,7925602,103,47427,-55196428
20:50:26.933,0,-3.8,2,0,0,500,50000,87,-28278,7925515,144,45694,-55196236
20:50:26.938,0,-3.2,2,0,0,500,50000,32,-26657,7925406,224,46181,-55195992
20:50:26.943,0,-3.2,2,0,0,500,50000,39,-39337,7925150,239,45750,-55195752
20:50:26.948,0,-3.9,2,0,0,500,50000,-20,-56363,7924823,188,48473,-55195532
20:50:26.954,0,-3.9,2,0,0,500,50000,-4,-69934,7924378,176,45217,-55195292
20:50:26.959,0,-5.4,2,0,0,500,50000,-13,-74443,7924006,23,53413,-55194972
20:50:26.964,0,-5.4,2,0,0,500,50000,-26,-74554,7923593,145,47022,-55194748
20:50:26.969,0,-5.0,2,0,0,500,50000,-33,-63998,7923333,33,52484,-55194496
20:50:26.974,0,-5.0,2,0,0,500,50000,-15,-46581,7923177,143,45184,-55194284
20:50:26.979,0,-3.2,2,0,0,500,50000,-2,-35317,7923034,135,50361,-55193988
20:50:26.984,0,-3.2,2,0,0,500,50000,18,-30330,7922918,235,44495,-55193820
20:50:26.989,0,-2.5,2,0,0,500,50000,4,-43986,7922638,76,46821,-55193540
20:50:26.994,0,-2.5,2,0,0,500,50000,-26,-56690,7922282,113,50221,-55193308
20:50:26.999,0,-3.3,2,0,0,500,50000,28,-64245,7921958,66,44662,-55193064
20:50:27.004,0,-3.3,2,0,0,500,50000,-3,-58347,7921653,24,51433,-55192768
20:50:27.009,0,-3.9,2,0,0,500,50000,-15,-51209,7921445,130,47015,-55192572
20:50:27.014,0,-3.9,2,0,0,500,50000,-45,-42853,7921242,67,48322,-55192308
20:50:27.019,0,-3.6,2,0,0,500,50000,-20,-36433,7921070,137,47232,-55192064
20:50:27.024,0,-3.6,2,0,0,500,50000,12,-34018,7920921,93,48715,-55191840
20:50:27.030,0,-3.4,2,0,0,500,50000,0,-38158,7920730,110,51501,-55191564
20:50:27.035,0,-3.4,2,0,0,500,50000,9,-46987,7920443,227,45386,-55191392
20:50:27.040,0,-4.2,2,0,0,500,50000,7,-55170,7920150,89,51766,-55191096
20:50:27.045,0,-4.2,2,0,0,500,50000,-1,-62839,7919770,106,49664,-55190848
20:50:27.050,0,-4.9,2,0,0,500,50000,-7,-59553,7919497,61,50314,-55190572
20:50:27.055,0,-4.9,2,0,0,500,50000,-12,-57522,7919237,102,47054,-55190384
20:50:27.060,0,-4.4,2,0,0,500,50000,47,-58262,7918875,97,48562,-55190060
20:50:27.065,0,-4.4,2,0,0,500,50000,-26,-57728,7918605,97,49099,-55189808
20:50:27.070,0,-3.3,2,0,0,500,50000,31,-57992,7918330,90,49047,-55189588
20:50:27.075,0,-3.3,2,0,0,500,50000,-3,-57169,7918006,43,50025,-55189320
20:50:27.080,0,-2.6,2,0,0,500,50000,6,-56501,7917734,47,50882,-55189040
20:50:27.085,0,-2.6,2,0,0,500,50000,-8,-49319,7917529,88,49074,-55188840
20:50:27.090,0,-2.3,2,0,0,500,50000,1,-36689,7917410,153,45763,-55188652
20:50:27.096,0,-2.3,2,0,0,500,50000,9,-22334,7917342,140,45938,-55188396
20:50:27.101,0,-2.2,2,0,0,500,50000,21,-17187,7917286,223,43125,-55188168
20:50:27.106,0,-2.2,2,0,0,500,50000,12,-19307,7917170,100,45377,-55187908
20:50:27.111,0,-3.1,2,0,0,500,50000,-9,-29630,7916986,160,47034,-55187704
20:50:27.116,0,-3.1,2,0,0,500,50000,-1,-46372,7916674,202,46088,-55187452
20:50:27.121,0,-4.9,2,0,0,500,50000,10,-57695,7916362,116,48510,-55187232
20:50:27.126,0,-4.9,2,0,0,500,50000,10,-64342,7915986,17,52208,-55186924
20:50:27.131,0,-6.0,2,0,0,500,50000,-136,-62699,7915702,38,48346,-55186688
20:50:27.136,0,-6.0,2,0,0,500,50000,46,-65171,7915346,-1,55495,-55186416
20:50:27.141,0,-5.1,2,0,0,500,50000,-2,-59310,7915050,157,50011,-55186188
20:50:27.146,0,-5.1,2,0,0,500,50000,-8,-54780,7914821,42,49437,-55185896
20:50:27.151,0,-3.4,2,0,0,500,50000,-47,-49732,7914570,124,47092,-55185720
20:50:27.156,0,-3.4,2,0,0,500,50000,19,-45240,7914383,73,46388,-55185432
20:50:27.161,0,-2.4,2,0,0,500,50000,-2,-40571,7914178,111,48569,-55185224
20:50:27.166,0,-2.4,2,0,0,500,50000,-9,-39995,7913994,147,41285,-55184992
20:50:27.171,0,-2.3,2,0,0,500,50000,-2,-37121,7913833,-35,57071,-55184640
20:50:27.176,0,-2.3,2,0,0,500,50000,-18,-39142,7913605,257,41980,-55184488
20:50:27.181,0,-2.7,2,0,0,500,50000,8,-32288,7913481,-74,56373,-55184160
20:50:27.187,0,-2.7,2,0,0,500,50000,14,-27761,7913339,158,45769,-55183996
20:50:27.192,0,-3.3,2,0,0,500,50000,16,-29773,7913193,196,40016,-55183760
20:50:27.197,0,-3.3,2,0,0,500,50000,-9,-34034,7913014,-14,56303,-55183472
20:50:27.202,0,-4.2,2,0,0,500,50000,0,-47696,7912654,230,37740,-55183296
20:50:27.207,0,-4.2,2,0,0,500,50000,-16,-58733,7912294,64,48499,-55182932
20:50:27.212,0,-5.1,2,0,0,500,50000,-13,-63453,7911981,15,54605,-55182668
20:50:27.217,0,-5.1,2,0,0,500,50000,-1,-74168,7911587,20,50612,-55182444
20:50:27.222,0,-5.1,2,0,0,500,50000,-43,-77726,7911198,57,48473,-55182260
20:50:27.227,0,-5.1,2,0,0,500,50000,3,-74904,7910858,86,47801,-55181976
20:50:27.232,0,-3.9,2,0,0,500,50000,-10,-66580,7910578,51,54165,-55181692
20:50:27.237,0,-3.9,2,0,0,500,50000,2,-57235,7910297,52,47643,-55181496
20:50:27.242,0,-2.3,2,0,0,500,50000,-14,-42659,7910154,76,51313,-55181232
20:50:27.247,0,-2.3,2,0,0,500,50000,-17,-32550,7910019,100,41020,-55181012
20:50:27.252,0,-1.3,2,0,0,500,50000,11,-22020,7909966,3,53996,-55180732
20:50:27.257,0,-1.3,2,0,0,500,50000,14,-16795,7909907,237,38628,-55180564
20:50:27.262,0,-1.6,2,0,0,500,50000,12,-15543,7909838,27,54126,-55180268
20:50:27.267,0,-1.6,2,0,0,500,50000,9,-28446,7909658,278,38919,-55180112
20:50:27.273,0,-3.2,2,0,0,500,50000,-45,-37357,7909418,56,48282,-55179780
20:50:27.278,0,-3.2,2,0,0,500,50000,-6,-46809,7909165,210,47362,-55179596
20:50:27.283,0,-4.9,2,0,0,500,50000,7,-53416,7908854,227,42486,-55179352
20:50:27.288,0,-4.9,2,0,0,500,50000,9,-61217,7908491,29,55837,-55179068
20:50:27.293,0,-5.9,2,0,0,500,50000,-1,-71018,7908121,139,44173,-55178864
20:50:27.298,0,-5.9,2,0,0,500,50000,5,-75706,7907682,-27,58161,-55178508
20:50:27.303,0,-5.6,2,0,0,500,50000,0,-76129,7907319,163,43786,-55178364
20:50:27.308,0,-5.6,2,0,0,500,50000,0,-69566,7907009,58,55784,-55178028
20:50:27.313,0,-4.1,2,0,0,500,50000,-12,-64497,7906665,216,42459,-55177852
20:50:27.318,0,-2.6,2,0,0,500,50000,-22,-53884,7906457,85,52085,-55177536
20:50:27.323,0,-2.6,2,0,0,500,50000,-6,-41334,7906277,111,45215,-55177368
20:50:27.328,0,-2.0,2,0,0,500,50000,0,-31560,7906166,41,55536,-55177036
20:50:27.333,0,-2.0,2,0,0,500,50000,0,-26807,7906054,226,46362,-55176836
20:50:27.338,0,-2.4,2,0,0,500,50000,28,-32920,7905854,35,51751,-55176588
20:50:27.343,0,-2.4,2,0,0,500,50000,-30,-40344,7905646,127,45307,-55176372
20:50:27.348,0,-3.4,2,0,0,500,50000,-49,-44615,7905385,54,49432,-55176076
20:50:27.353,0,-3.4,2,0,0,500,50000,-37,-45716,7905166,195,45251,-55175904
20:50:27.358,0,-4.3,2,0,0,500,50000,-12,-49030,7904922,112,48222,-55175624
20:50:27.364,0,-4.3,2,0,0,500,50000,3,-57627,7904579,90,51286,-55175360
20:50:27.369,0,-4.6,2,0,0,500,50000,22,-66419,7904234,153,45560,-55175132
20:50:27.374,0,-4.6,2,0,0,500,50000,0,-73938,7903785,47,54610,-55174860
20:50:27.379,0,-4.0,2,0,0,500,50000,4,-75217,7903430,94,48089,-55174620
20:50:27.384,0,-4.0,2,0,0,500,50000,-31,-68370,7903074,-67,53250,-55174332
20:50:27.389,0,-2.8,2,0,0,500,50000,5,-59389,7902841,103,46752,-55174132
20:50:27.394,0,-2.8,2,0,0,500,50000,-17,-41220,7902678,33,54652,-55173836
20:50:27.399,0,-1.7,2,0,0,500,50000,8,-26688,7902585,56,46019,-55173660
20:50:27.404,0,-1.7,2,0,0,500,50000,-13,-16573,7902554,44,53268,-55173368
20:50:27.409,0,-1.7,2,0,0,500,50000,0,-17898,7902466,264,41851,-55173180
20:50:27.414,0,-1.7,2,0,0,500,50000,102,-26593,7902317,43,53641,-55172884
20:50:27.419,0,-3.0,2,0,0,500,50000,14,-44434,7902018,226,45192,-55172700
20:50:27.424,0,-3.0,2,0,0,500,50000,-15,-53265,7901743,78,47624,-55172400
20:50:27.429,0,-4.5,2,0,0,500,50000,-39,-51202,7901466,104,47722,-55172208
20:50:27.434,0,-4.5,2,0,0,500,50000,-14,-49655,7901233,80,44776,-55171944
20:50:27.439,0,-4.8,2,0,0,500,50000,6,-49068,7900970,35,57336,-55171616
20:50:27.444,0,-4.8,2,0,0,500,50000,10,-55996,7900683,139,42538,-55171480
20:50:27.449,0,-4.2,2,0,0,500,50000,32,-59312,7900350,4,59320,-55171112
20:50:27.454,0,-4.2,2,0,0,500,50000,19,-60188,7900059,111,42795,-55170944
20:50:27.460,0,-3.6,2,0,0,500,50000,4,-62337,7899758,-45,58328,-55170572
20:50:27.465,0,-3.6,2,0,0,500,50000,17,-62387,7899405,108,43335,-55170444
20:50:27.470,0,-2.9,2,0,0,500,50000,6,-55676,7899165,-22,58675,-55170088
20:50:27.475,0,-2.9,2,0,0,500,50000,-1,-42988,7898971,204,37809,-55169960
20:50:27.480,0,-2.0,2,0,0,500,50000,-16,-25147,7898922,-53,58211,-55169616
20:50:27.485,0,-2.0,2,0,0,500,50000,9,-14042,7898885,259,38863,-55169488
20:50:27.490,0,-1.8,2,0,0,500,50000,1,-18737,7898782,50,52765,-55169132
20:50:27.495,0,-1.8,2,0,0,500,50000,43,-29589,7898594,98,50878,-55168924
20:50:27.500,0,-2.9,2,0,0,500,50000,16,-47687,7898267,103,44122,-55168728
20:50:27.505,0,-2.9,2,0,0,500,50000,11,-52554,7897999,37,57487,-55168408
20:50:27.510,0,-4.4,2,0,0,500,50000,-40,-57493,7897661,266,36981,-55168272
20:50:27.515,0,-4.4,2,0,0,500,50000,-5,-58335,7897387,33,57608,-55167928
20:50:27.520,0,-4.8,2,0,0,500,50000,-4,-60979,7897033,211,41533,-55167768
20:50:27.525,0,-4.8,2,0,0,500,50000,-3,-63660,7896727,-32,57487,-55167388
20:50:27.530,0,-3.9,2,0,0,500,50000,12,-61130,7896350,144,42732,-55167220
20:50:27.535,0,-3.9,2,0,0,500,50000,-13,-59386,7896138,51,56639,-55166900
20:50:27.540,0,-2.9,2,0,0,500,50000,4,-51538,7895835,137,43534,-55166724
20:50:27.545,0,-2.9,2,0,0,500,50000,-42,-46892,7895634,-31,51475,-55166396
20:50:27.551,0,-2.2,2,0,0,500,50000,3,-36337,7895478,181,44299,-55166232
20:50:27.556,0,-2.2,2,0,0,500,50000,-31,-30395,7895367,53,50582,-55165912
20:50:27.561,0,-1.9,2,0,0,500,50000,20,-25283,7895250,136,47488,-55165692
20:50:27.566,0,-1.9,2,0,0,500,50000,-44,-27596,7895113,122,47629,-55165468
20:50:27.571,0,-2.6,2,0,0,500,50000,-41,-31410,7894954,173,47251,-55165280
20:50:27.576,0,-2.6,2,0,0,500,50000,20,-44497,7894661,136,46063,-55165012
20:50:27.581,0,-4.0,2,0,0,500,50000,-15,-52940,7894379,83,53631,-55164720
20:50:27.586,0,-4.0,2,0,0,500,50000,-7,-59592,7894018,105,42088,-55164572
20:50:27.591,0,-5.1,2,0,0,500,50000,15,-66699,7893670,56,53695,-55164252
20:50:27.596,0,-5.1,2,0,0,500,50000,20,-75380,7893274,95,47875,-55164016
20:50:27.601,0,-5.0,2,0,0,500,50000,-1,-78568,7892825,-12,54794,-55163704
20:50:27.606,0,-5.0,2,0,0,500,50000,-38,-74326,7892487,62,47266,-55163520
20:50:27.611,0,-3.7,2,0,0,500,50000,8,-65433,7892158,-7,52321,-55163232
20:50:27.616,0,-3.7,2,0,0,500,50000,-9,-53620,7891953,72,46774,-55163000
20:50:27.621,0,-2.3,2,0,0,500,50000,32,-43404,7891795,21,52660,-55162704
20:50:27.626,0,-2.3,2,0,0,500,50000,21,-30900,7891674,60,46130,-55162512
20:50:27.631,0,-1.5,2,0,0,500,50000,41,-26729,7891571,76,49090,-55162252
20:50:27.636,0,-1.5,2,0,0,500,50000,12,-27096,7891425,118,45282,-55162016
20:50:27.641,0,-1.9,2,0,0,500,50000,36,-34717,7891226,102,46966,-55161808
20:50:27.647,0,-1.9,2,0,0,500,50000,22,-46844,7890958,100,45842,-55161548
20:50:27.652,0,-3.2,2,0,0,500,50000,-4,-55716,7890618,151,49215,-55161272
20:50:27.657,0,-3.2,2,0,0,500,50000,-15,-59117,7890330,126,46693,-55161068
20:50:27.662,0,-4.2,2,0,0,500,50000,15,-64509,7889957,34,51521,-55160772
20:50:27.667,0,-4.2,2,0,0,500,50000,-9,-71768,7889530,108,46735,-55160540
20:50:27.672,0,-4.1,2,0,0,500,50000,-11,-72397,7889193,76,52354,-55160284
20:50:27.677,0,-4.1,2,0,0,500,50000,-25,-67946,7888838,104,49509,-55160028
20:50:27.682,0,-3.4,2,0,0,500,50000,33,-58516,7888507,50,48350,-55159716
20:50:27.687,0,-3.4,2,0,0,500,50000,-1,-47247,7888335,90,48223,-55159504
20:50:27.692,0,-2.4,2,0,0,500,50000,17,-36280,7888174,61,50027,-55159220
20:50:27.697,0,-2.4,2,0,0,500,50000,-14,-30697,7888053,110,48018,-55159020
20:50:27.702,0,-2.0,2,0,0,500,50000,-28,-25210,7887986,59,52049,-55158776
20:50:27.707,0,-2.0,2,0,0,500,50000,19,-24139,7887857,184,46149,-55158560
20:50:27.712,0,-2.5,2,0,0,500,50000,24,-34124,7887659,120,48196,-55158288
20:50:27.717,0,-2.5,2,0,0,500,50000,13,-42667,7887426,141,47463,-55158088
20:50:27.722,0,-3.6,2,0,0,500,50000,7,-53370,7887086,57,48986,-55157816
20:50:27.728,0,-3.6,2,0,0,500,50000,-11,-58660,7886783,77,50978,-55157544
20:50:27.733,0,-4.5,2,0,0,500,50000,4,-66022,7886394,112,47287,-55157360
20:50:27.738,0,-4.5,2,0,0,500,50000,-21,-68692,7886061,62,51950,-55157072
20:50:27.743,0,-4.4,2,0,0,500,50000,-66,-72204,7885642,70,51312,-55156808
20:50:27.748,0,-4.4,2,0,0,500,50000,-26,-69602,7885318,56,50637,-55156540
20:50:27.753,0,-3.5,2,0,0,500,50000,-21,-62711,7885050,32,53065,-55156296
20:50:27.758,0,-3.5,2,0,0,500,50000,-31,-48928,7884826,69,49321,-55156064
20:50:27.763,0,-2.4,2,0,0,500,50000,-21,-37272,7884701,59,50458,-55155788
20:50:27.768,0,-2.4,2,0,0,500,50000,0,-26939,7884593,143,45357,-55155616
20:50:27.773,0,-1.8,2,0,0,500,50000,44,-27005,7884479,108,48925,-55155320
20:50:27.778,0,-2.0,2,0,0,500,50000,12,-26546,7884337,89,46121,-55155100
20:50:27.783,0,-2.0,2,0,0,500,50000,5,-32270,7884167,154,44557,-55154840
20:50:27.788,0,-3.0,2,0,0,500,50000,0,-38929,7883959,106,49631,-55154604
20:50:27.793,0,-3.0,2,0,0,500,50000,32,-52607,7883626,114,45880,-55154352
20:50:27.798,0,-3.8,2,0,0,500,50000,-14,-59022,7883282,-5,50993,-55154112
20:50:27.803,0,-3.8,2,0,0,500,50000,2,-62135,7882986,112,44594,-55153872
20:50:27.809,0,-3.9,2,0,0,500,50000,-49,-63001,7882645,59,49706,-55153584
20:50:27.814,0,-3.9,2,0,0,500,50000,245,-65561,7882338,99,49209,-55153360
20:50:27.819,0,-3.2,2,0,0,500,50000,-41,-61266,7882017,70,49747,-55153088
20:50:27.824,0,-3.2,2,0,0,500,50000,-22,-57807,7881770,54,46887,-55152828
20:50:27.829,0,-2.4,2,0,0,500,50000,9,-48476,7881546,76,48996,-55152604
20:50:27.834,0,-2.4,2,0,0,500,50000,-70,-41690,7881385,52,49115,-55152336
20:50:27.839,0,-1.9,2,0,0,500,50000,-12,-37524,7881194,124,46581,-55152140
20:50:27.844,0,-1.9,2,0,0,500,50000,17,-34401,7881050,29,51968,-55151840
20:50:27.849,0,-2.0,2,0,0,500,50000,23,-32333,7880873,153,47833,-55151616
20:50:27.854,0,-2.0,2,0,0,500,50000,8,-32887,7880714,35,51416,-55151320
20:50:27.859,0,-2.5,2,0,0,500,50000,1,-35580,7880537,150,47195,-55151152
20:50:27.864,0,-2.5,2,0,0,500,50000,8,-41916,7880290,89,49644,-55150856
20:50:27.869,0,-3.1,2,0,0,500,50000,9,-48646,7880025,71,51743,-55150608
20:50:27.874,0,-3.1,2,0,0,500,50000,-10,-54163,7879707,116,44356,-55150368
20:50:27.879,0,-3.5,2,0,0,500,50000,-70,-54879,7879451,76,51754,-55150128
20:50:27.885,0,-3.5,2,0,0,500,50000,-18,-54670,7879162,110,43893,-55149896
20:50:27.890,0,-3.3,2,0,0,500,50000,-20,-57094,7878890,-27,58580,-55149548
20:50:27.895,0,-3.3,2,0,0,500,50000,3,-58410,7878617,88,47013,-55149392
20:50:27.900,0,-2.8,2,0,0,500,50000,1,-56294,7878310,30,53322,-55149100
20:50:27.905,0,-2.8,2,0,0,500,50000,1,-57587,7878037,105,47195,-55148860
20:50:27.910,0,-2.3,2,0,0,500,50000,-3,-57958,7877722,-12,51400,-55148580
20:50:27.915,0,-2.3,2,0,0,500,50000,-4,-58119,7877445,51,45717,-55148388
20:50:27.920,0,-1.9,2,0,0,500,50000,80,-52586,7877182,-52,53480,-55148080
20:50:27.925,0,-1.9,2,0,0,500,50000,-18,-45814,7877010,85,45993,-55147892
20:50:27.930,0,-1.7,2,0,0,500,50000,20,-37516,7876842,-1,52624,-55147600
20:50:27.935,0,-1.7,2,0,0,500,50000,0,-39673,7876650,127,45690,-55147368
20:50:27.940,0,-1.9,2,0,0,500,50000,2,-39821,7876434,97,50747,-55147124
20:50:27.945,0,-1.9,2,0,0,500,50000,26,-43096,7876187,115,48128,-55146868
20:50:27.950,0,-2.5,2,0,0,500,50000,-16,-43120,7875993,99,50291,-55146600
20:50:27.955,0,-2.5,2,0,0,500,50000,15,-46682,7875726,98,49075,-55146380
20:50:27.961,0,-3.1,2,0,0,500,50000,-16,-54079,7875446,70,47620,-55146136
20:50:27.966,0,-3.1,2,0,0,500,50000,8,-62074,7875069,25,51284,-55145880
20:50:27.971,0,-3.3,2,0,0,500,50000,-1,-66929,7874731,76,46630,-55145636
20:50:27.976,0,-3.3,2,0,0,500,50000,24,-69544,7874330,63,52447,-55145336
20:50:27.981,0,-2.7,2,0,0,500,50000,3,-67294,7874018,4,48736,-55145132
20:50:27.986,0,-2.7,2,0,0,500,50000,29,-63588,7873734,19,48006,-55144880
20:50:27.991,0,-1.7,2,0,0,500,50000,-7,-50534,7873493,-11,51724,-55144584
20:50:27.996,0,-1.7,2,0,0,500,50000,-2,-43450,7873309,45,45920,-55144364
20:50:28.001,0,-1.1,2,0,0,500,50000,1,-36467,7873133,90,50059,-55144124
20:50:28.006,0,-1.1,2,0,0,500,50000,2,-36692,7872958,105,47675,-55143876
20:50:28.011,0,-1.3,2,0,0,500,50000,23,-38713,7872762,109,48368,-55143604
20:50:28.016,0,-1.3,2,0,0,500,50000,20,-40370,7872525,83,48386,-55143352
20:50:28.021,0,-2.0,2,0,0,500,50000,75,-43624,7872301,79,48128,-55143136
20:50:28.027,0,-2.0,2,0,0,500,50000,73,-48180,7872017,100,47452,-55142840
20:50:28.032,0,-2.7,2,0,0,500,50000,12,-58656,7871655,12,51532,-55142592
20:50:28.037,0,-2.7,2,0,0,500,50000,35,-70896,7871273,61,49404,-55142336
20:50:28.042,0,-2.9,2,0,0,500,50000,5,-74377,7870910,-33,50841,-55142056
20:50:28.047,0,-2.9,2,0,0,500,50000,-9,-76782,7870546,77,50711,-55141828
20:50:28.052,0,-2.4,2,0,0,500,50000,-89,-70501,7870185,99,49053,-55141624
20:50:28.057,0,-2.4,2,0,0,500,50000,-17,-58310,7869906,37,52540,-55141324
20:50:28.062,0,-1.3,2,0,0,500,50000,10,-45401,7869754,49,50236,-55141068
20:50:28.067,0,-1.3,2,0,0,500,50000,-45,-30124,7869658,0,50450,-55140844
20:50:28.072,0,-0.6,2,0,0,500,50000,-21,-20971,7869603,154,45450,-55140620
20:50:28.077,0,-0.6,2,0,0,500,50000,243,-21115,7869491,53,49196,-55140336
20:50:28.082,0,-1.0,2,0,0,500,50000,18,-28664,7869330,133,48553,-55140132
20:50:28.088,0,-1.0,2,0,0,500,50000,8,-44354,7869029,108,47911,-55139860
20:50:28.093,0,-2.4,2,0,0,500,50000,-13,-54335,7868699,59,52047,-55139576
20:50:28.098,0,-2.4,2,0,0,500,50000,14,-56412,7868429,109,46444,-55139400
20:50:28.103,0,-3.5,2,0,0,500,50000,23,-60551,7868125,63,53208,-55139084
20:50:28.108,0,-3.5,2,0,0,500,50000,-6,-67600,7867725,0,47478,-55138840
20:50:28.113,0,-3.2,2,0,0,500,50000,-4,-66697,7867422,-22,51388,-55138608
20:50:28.118,0,-3.2,2,0,0,500,50000,-16,-61280,7867103,1,47616,-55138348
20:50:28.123,0,-2.0,2,0,0,500,50000,-312,-56117,7866851,26,54367,-55138048
20:50:28.128,0,-2.0,2,0,0,500,50000,-19,-50066,7866590,-8,48207,-55137856
20:50:28.133,0,-0.9,2,0,0,500,50000,-17,-41593,7866429,105,50379,-55137592
20:50:28.138,0,-0.4,2,0,0,500,50000,-24,-33209,7866313,101,53101,-55137296
20:50:28.143,0,-0.4,2,0,0,500,50000,-15,-28580,7866171,96,47479,-55137080
20:50:28.148,0,-0.8,2,0,0,500,50000,-39,-28989,7866038,70,50110,-55136848
20:50:28.153,0,-0.8,2,0,0,500,50000,3,-40092,7865777,158,46901,-55136616
20:50:28.158,0,-2.0,2,0,0,500,50000,0,-52580,7865481,108,49429,-55136344
20:50:28.163,0,-2.0,2,0,0,500,50000,10,-58787,7865178,114,51142,-55136068
20:50:28.168,0,-3.0,2,0,0,500,50000,2,-63642,7864750,83,47648,-55135776
20:50:28.174,0,-3.0,2,0,0,500,50000,4,-65772,7864386,26,54774,-55135508
20:50:28.179,0,-2.7,2,0,0,500,50000,0,-64457,7864090,74,48313,-55135280
20:50:28.184,0,-2.7,2,0,0,500,50000,5,-61103,7863773,31,55501,-55135008
20:50:28.189,0,-1.6,2,0,0,500,50000,-17,-56682,7863577,93,49162,-55134804
20:50:28.194,0,-1.6,2,0,0,500,50000,-15,-54472,7863289,61,51943,-55134524
20:50:28.199,0,-0.7,2,0,0,500,50000,9,-50350,7863083,84,49978,-55134304
20:50:28.204,0,-0.7,2,0,0,500,50000,0,-40655,7862906,116,49435,-55134044
20:50:28.209,0,-0.5,2,0,0,500,50000,-14,-30205,7862811,40,48944,-55133832
20:50:28.214,0,-0.5,2,0,0,500,50000,25,-27631,7862673,83,47466,-55133576
20:50:28.219,0,-0.8,2,0,0,500,50000,-19,-26691,7862555,117,48825,-55133296
20:50:28.224,0,-0.8,2,0,0,500,50000,11,-35259,7862331,118,46761,-55133100
20:50:28.229,0,-1.9,2,0,0,500,50000,29,-45739,7862047,62,49433,-55132812
20:50:28.234,0,-1.9,2,0,0,500,50000,0,-56594,7861739,141,49573,-55132560
20:50:28.239,0,-3.2,2,0,0,500,50000,-4,-63052,7861418,13,49779,-55132328
20:50:28.244,0,-3.2,2,0,0,500,50000,-9,-67810,7861017,66,50015,-55132064
20:50:28.249,0,-3.4,2,0,0,500,50000,-11,-72831,7860658,44,52570,-55131776
20:50:28.255,0,-3.4,2,0,0,500,50000,19,-76395,7860218,3,49119,-55131580
20:50:28.260,0,-2.6,2,0,0,500,50000,-63,-76567,7859861,-52,52791,-55131280
20:50:28.265,0,-2.6,2,0,0,500,50000,26,-76374,7859433,82,48466,-55131024
20:50:28.270,0,-1.3,2,0,0,500,50000,-4,-69786,7859130,0,52355,-55130732
20:50:28.275,0,-1.3,2,0,0,500,50000,7,-60913,7858874,10,49379,-55130528
20:50:28.280,0,-0.4,2,0,0,500,50000,-14,-41110,7858717,37,47774,-55130288
20:50:28.285,0,-0.4,2,0,0,500,50000,4,-28225,7858638,1,51748,-55129976
20:50:28.290,0,-0.2,2,0,0,500,50000,24,-19511,7858570,93,45029,-55129772
20:50:28.295,0,-0.2,2,0,0,500,50000,11,-19378,7858487,69,49546,-55129532
20:50:28.300,0,-0.8,2,0,0,500,50000,45,-32315,7858291,198,43607,-55129320
20:50:28.305,0,-0.8,2,0,0,500,50000,8,-49182,7857965,95,49173,-55129020
20:50:28.310,0,-2.3,2,0,0,500,50000,-2,-61888,7857629,154,47210,-55128832
20:50:28.315,0,-2.3,2,0,0,500,50000,-12,-72274,7857210,33,50527,-55128524
20:50:28.320,0,-3.5,2,0,0,500,50000,28,-80918,7856807,72,51136,-55128264
20:50:28.325,0,-3.5,2,0,0,500,50000,-100,-78262,7856387,-65,53471,-55128004
20:50:28.330,0,-3.0,2,0,0,500,50000,-8,-79790,7855947,-42,50834,-55127760
20:50:28.336,0,-3.0,2,0,0,500,50000,-14,-73699,7855639,-7,49648,-55127484
20:50:28.341,0,-1.5,2,0,0,500,50000,-10,-65268,7855306,-39,52122,-55127248
20:50:28.346,0,-1.5,2,0,0,500,50000,-14,-50247,7855130,46,49472,-55126992
20:50:28.351,0,-0.5,2,0,0,500,50000,-3,-34137,7855029,54,50872,-55126756
20:50:28.356,0,-0.5,2,0,0,500,50000,28,-22328,7854943,81,49137,-55126508
20:50:28.361,0,-0.4,2,0,0,500,50000,26,-17646,7854878,72,48460,-55126244
20:50:28.366,0,-0.4,2,0,0,500,50000,5,-20752,7854761,134,50657,-55126016
20:50:28.371,0,-1.1,2,0,0,500,50000,18,-33237,7854558,118,45885,-55125784
20:50:28.376,0,-1.1,2,0,0,500,50000,18,-41564,7854326,101,48839,-55125508
20:50:28.381,0,-2.5,2,0,0,500,50000,10,-55298,7853962,95,49870,-55125240
20:50:28.386,0,-2.5,2,0,0,500,50000,18,-67376,7853594,115,49353,-55125032
20:50:28.391,0,-3.5,2,0,0,500,50000,-38,-83442,7853081,78,52983,-55124736
20:50:28.396,0,-3.5,2,0,0,500,50000,7,-88981,7852643,96,50577,-55124476
20:50:28.401,0,-3.0,2,0,0,500,50000,7,-92065,7852126,38,52439,-55124236
20:50:28.406,0,-3.0,2,0,0,500,50000,-49,-82541,7851770,-44,53844,-55123952
20:50:28.407,0,-3.0,2,0,0,500,50000,-9,-67704,7851497,-58,54916,-55123660
20:50:28.412,0,-1.6,2,0,0,500,50000,-10,-46823,7851306,46,47816,-55123436
20:50:28.417,0,-1.6,2,0,0,500,50000,-16,-31575,7851213,11,52181,-55123212
20:50:28.422,0,-0.3,2,0,0,500,50000,0,-15078,7851194,46,47824,-55122968
20:50:28.427,0,-0.3,2,0,0,500,50000,-34,-9295,7851175,91,51969,-55122700
20:50:28.432,0,0.0,2,0,0,500,50000,27,-10702,7851110,94,45427,-55122512
20:50:28.437,0,0.0,2,0,0,500,50000,11,-20227,7850966,47,49523,-55122240
20:50:28.442,0,-0.6,2,0,0,500,50000,2,-28471,7850798,167,44146,-55122012
20:50:28.447,0,-0.6,2,0,0,500,50000,6,-37956,7850558,75,51065,-55121756
20:50:28.452,0,-2.1,2,0,0,500,50000,42,-46560,7850309,165,47478,-55121516
20:50:28.457,0,-2.1,2,0,0,500,50000,8,-57154,7849966,16,47979,-55121244
20:50:28.462,0,-3.2,2,0,0,500,50000,14,-69360,7849598,91,49130,-55121024
20:50:28.467,0,-3.2,2,0,0,500,50000,8,-76072,7849162,24,51144,-55120728
20:50:28.472,0,-3.4,2,0,0,500,50000,16,-76870,7848797,53,52851,-55120448
20:50:28.477,0,-3.4,2,0,0,500,50000,33,-74338,7848389,36,49406,-55120240
20:50:28.482,0,-2.8,2,0,0,500,50000,1,-70188,7848074,18,51694,-55119960
20:50:28.487,0,-2.8,2,0,0,500,50000,-9,-52686,7847846,10,51493,-55119728
20:50:28.493,0,-1.7,2,0,0,500,50000,-1,-39739,7847706,19,50143,-55119464
20:50:28.498,0,-1.7,2,0,0,500,50000,3,-29588,7847611,85,48728,-55119208
20:50:28.503,0,-0.9,2,0,0,500,50000,-2,-21579,7847534,15,49533,-55118940
20:50:28.508,0,-0.9,2,0,0,500,50000,24,-18752,7847445,96,50857,-55118680
20:50:28.513,0,-0.7,2,0,0,500,50000,26,-26854,7847291,113,46781,-55118488
20:50:28.518,0,-0.7,2,0,0,500,50000,11,-33775,7847082,101,49428,-55118216
20:50:28.523,0,-1.5,2,0,0,500,50000,21,-39679,7846874,136,46428,-55117968
20:50:28.528,0,-1.5,2,0,0,500,50000,37,-44929,7846637,48,50881,-55117728
20:50:28.533,0,-2.6,2,0,0,500,50000,26,-57380,7846318,141,44407,-55117504
20:50:28.538,0,-2.6,2,0,0,500,50000,9,-70429,7845873,-17,58251,-55117148
20:50:28.543,0,-3.3,2,0,0,500,50000,9,-80392,7845453,52,46979,-55116988
20:50:28.548,0,-3.0,2,0,0,500,50000,-30,-84915,7844962,-6,56644,-55116664
20:50:28.553,0,-3.0,2,0,0,500,50000,-5,-83439,7844570,59,44722,-55116464
20:50:28.558,0,-2.0,2,0,0,500,50000,-57,-71672,7844218,26,55094,-55116184
20:50:28.563,0,-2.0,2,0,0,500,50000,-19,-55900,7844025,107,41449,-55115980
20:50:28.568,0,-0.9,2,0,0,500,50000,13,-37858,7843890,-14,57898,-55115628
20:50:28.573,0,-0.9,2,0,0,500,50000,-11,-22575,7843850,142,43650,-55115488
20:50:28.578,0,-0.1,2,0,0,500,50000,20,-10244,7843846,-14,56720,-55115160
20:50:28.584,0,-0.1,2,0,0,500,50000,27,-11340,7843787,240,38520,-55115004
20:50:28.589,0,-0.3,2,0,0,500,50000,66,-11481,7843738,100,56207,-55114684
20:50:28.594,0,-0.3,2,0,0,500,50000,-11,-17651,7843613,290,37592,-55114544
20:50:28.599,0,-1.7,2,0,0,500,50000,34,-26882,7843454,-29,55065,-55114156
20:50:28.604,0,-1.7,2,0,0,500,50000,3,-36065,7843221,231,40403,-55114056
20:50:28.609,0,-3.4,2,0,0,500,50000,-66,-48490,7842951,22,50971,-55113704
20:50:28.614,0,-3.4,2,0,0,500,50000,16,-65102,7842534,160,45580,-55113548
20:50:28.619,0,-4.4,2,0,0,500,50000,9,-80549,7842103,-31,52495,-55113200
20:50:28.624,0,-4.4,2,0,0,500,50000,-2,-88866,7841577,25,54704,-55112940
20:50:28.629,0,-4.1,2,0,0,500,50000,-5,-90190,7841150,-108,57797,-55112656
20:50:28.634,0,-4.1,2,0,0,500,50000,4,-82230,7840714,118,46076,-55112492
20:50:28.639,0,-2.7,2,0,0,500,50000,-4,-72089,7840418,-47,55585,-55112120
20:50:28.644,0,-2.7,2,0,0,500,50000,42,-55562,7840225,12,48982,-55111928
20:50:28.649,0,-1.1,2,0,0,500,50000,-48,-35418,7840059,-21,49064,-55111620
20:50:28.654,0,-1.1,2,0,0,500,50000,0,-18667,7840039,62,50809,-55111376
20:50:28.659,0,-0.2,2,0,0,500,50000,-14,-12811,7839994,197,42333,-55111152
20:50:28.664,0,-0.2,2,0,0,500,50000,-18,-15843,7839906,57,49586,-55110920
20:50:28.670,0,-0.5,2,0,0,500,50000,-15,-25036,7839750,138,42821,-55110688
20:50:28.675,0,-0.5,2,0,0,500,50000,-27,-36420,7839531,27,53791,-55110424
20:50:28.680,0,-2.0,2,0,0,500,50000,37,-52734,7839214,247,40999,-55110240
20:50:28.685,0,-2.0,2,0,0,500,50000,16,-73021,7838731,55,54236,-55109952
20:50:28.690,0,-3.7,2,0,0,500,50000,-14,-88895,7838251,66,47287,-55109700
20:50:28.695,0,-3.7,2,0,0,500,50000,-9,-96018,7837695,21,55753,-55109392
20:50:28.700,0,-3.9,2,0,0,500,50000,-11,-95369,7837261,8,49773,-55109180
20:50:28.705,0,-3.9,2,0,0,500,50000,20,-81143,7836870,20,53522,-55108912
20:50:28.710,0,-2.4,2,0,0,500,50000,-1,-63855,7836655,63,48908,-55108632
20:50:28.715,0,-2.4,2,0,0,500,50000,3,-40209,7836521,130,46025,-55108464
20:50:28.720,0,-0.7,2,0,0,500,50000,15,-18016,7836506,-81,54543,-55108108
20:50:28.725,0,-0.7,2,0,0,500,50000,3,-8521,7836509,220,44112,-55107936
20:50:28.730,0,0.0,2,0,0,500,50000,27,-8127,7836474,34,53725,-55107628
20:50:28.735,0,0.0,2,0,0,500,50000,-31,-14168,7836381,184,47461,-55107440
20:50:28.740,0,-0.6,2,0,0,500,50000,-80,-26323,7836197,71,51228,-55107176
20:50:28.745,0,-0.6,2,0,0,500,50000,-44,-35453,7835978,66,50456,-55106940
20:50:28.750,0,-2.3,2,0,0,500,50000,-13,-46686,7835719,214,38251,-55106748
20:50:28.755,0,-2.3,2,0,0,500,50000,1,-58569,7835397,-19,58875,-55106408
20:50:28.761,0,-4.0,2,0,0,500,50000,-1,-78717,7834875,192,40131,-55106252
20:50:28.766,0,-4.0,2,0,0,500,50000,0,-86992,7834426,-104,60539,-55105840
20:50:28.771,0,-4.4,2,0,0,500,50000,6,-93376,7833886,147,42520,-55105692
20:50:28.776,0,-4.4,2,0,0,500,50000,57,-88554,7833485,-94,61057,-55105340
20:50:28.781,0,-3.1,2,0,0,500,50000,49,-77898,7833163,122,41763,-55105180
20:50:28.786,0,-3.1,2,0,0,500,50000,-19,-59531,7832897,-4,59416,-55104796
20:50:28.791,0,-1.2,2,0,0,500,50000,140,-46936,7832730,185,41740,-55104648
20:50:28.796,0,-1.2,2,0,0,500,50000,13,-23405,7832685,-13,54652,-55104344
20:50:28.801,0,-0.1,2,0,0,500,50000,-26,-6550,7832725,173,37274,-55104192
20:50:28.806,0,-0.1,2,0,0,500,50000,-13,-4011,7832718,29,57058,-55103804
20:50:28.811,0,-0.1,2,0,0,500,50000,25,-11060,7832634,262,37960,-55103716
20:50:28.816,0,-0.1,2,0,0,500,50000,74,-21716,7832494,17,56317,-55103344
20:50:28.821,0,-1.1,2,0,0,500,50000,-2,-40753,7832203,270,40982,-55103196
20:50:28.826,0,-1.1,2,0,0,500,50000,2,-58218,7831870,60,49343,-55102860
20:50:28.832,0,-3.0,2,0,0,500,50000,-10,-77408,7831371,155,45942,-55102700
20:50:28.837,0,-3.0,2,0,0,500,50000,285,-87788,7830926,27,53601,-55102348
20:50:28.842,0,-3.9,2,0,0,500,50000,-59,-92206,7830409,80,47368,-55102140
20:50:28.847,0,-3.9,2,0,0,500,50000,-13,-90703,7829999,-110,58627,-55101816
20:50:28.852,0,-3.0,2,0,0,500,50000,-32,-71989,7829670,109,44681,-55101644
20:50:28.857,0,-3.0,2,0,0,500,50000,-9,-49625,7829482,-128,60169,-55101304
20:50:28.862,0,-1.2,2,0,0,500,50000,12,-26756,7829449,155,41331,-55101152
20:50:28.867,0,-1.2,2,0,0,500,50000,-4,-5751,7829498,-29,59843,-55100764
20:50:28.872,0,-0.1,2,0,0,500,50000,67,-2311,7829507,104,42018,-55100648
20:50:28.877,0,-0.1,2,0,0,500,50000,-22,-10824,7829421,26,52640,-55100336
20:50:28.882,0,-0.1,2,0,0,500,50000,38,-22514,7829270,222,41222,-55100140
20:50:28.887,0,-0.1,2,0,0,500,50000,15,-41529,7828969,6,53989,-55099856
20:50:28.892,0,-1.6,2,0,0,500,50000,-7,-59379,7828613,158,45023,-55099652
20:50:28.897,0,-1.6,2,0,0,500,50000,-2,-76498,7828186,65,51878,-55099336
20:50:28.902,0,-3.4,2,0,0,500,50000,8,-89688,7827639,32,47954,-55099148
20:50:28.907,0,-3.4,2,0,0,500,50000,-15,-94330,7827175,-67,56219,-55098812
20:50:28.912,0,-4.0,2,0,0,500,50000,-14,-92776,7826658,30,51163,-55098572
20:50:28.917,0,-4.0,2,0,0,500,50000,-111,-84312,7826294,-11,53139,-55098328
20:50:28.923,0,-2.6,2,0,0,500,50000,-107,-64120,7826010,78,49308,-55098068
20:50:28.928,0,-2.6,2,0,0,500,50000,6,-40328,7825919,58,48744,-55097816
20:50:28.933,0,-0.8,2,0,0,500,50000,1,-19996,7825915,33,49329,-55097544
20:50:28.938,0,-0.8,2,0,0,500,50000,0,-3803,7825962,48,51136,-55097320
20:50:28.943,0,0.0,2,0,0,500,50000,108,-7312,7825917,170,46832,-55097100
20:50:28.948,0,0.0,2,0,0,500,50000,4,-26523,7825705,108,46409,-55096840
20:50:28.953,0,-0.3,2,0,0,500,50000,18,-44420,7825426,71,53657,-55096540
20:50:28.958,0,-0.3,2,0,0,500,50000,0,-63506,7825001,142,46045,-55096372
20:50:28.963,0,-1.7,2,0,0,500,50000,-20,-68138,7824666,38,53358,-55096064
20:50:28.968,0,-3.1,2,0,0,500,50000,-18,-79965,7824189,60,48375,-55095804
20:50:28.973,0,-3.1,2,0,0,500,50000,-1,-82844,7823794,-60,48880,-55095600
20:50:28.978,0,-2.9,2,0,0,500,50000,-142,-77065,7823398,-40,51595,-55095292
20:50:28.983,0,-2.9,2,0,0,500,50000,-36,-70874,7823098,47,52563,-55095028
20:50:28.988,0,-1.6,2,0,0,500,50000,-32,-59412,7822818,-1,51352,-55094796
20:50:28.993,0,-1.6,2,0,0,500,50000,-10,-46516,7822655,100,48103,-55094548
20:50:28.998,0,-0.6,2,0,0,500,50000,-1,-27208,7822574,23,52466,-55094300
20:50:29.003,0,-0.6,2,0,0,500,50000,5,-16149,7822546,129,45622,-55094080
20:50:29.009,0,-0.4,2,0,0,500,50000,69,-9416,7822527,88,48018,-55093800
20:50:29.014,0,-0.4,2,0,0,500,50000,-74,-19962,7822394,181,44343,-55093576
20:50:29.019,0,-1.1,2,0,0,500,50000,-16,-39329,7822122,51,51866,-55093304
20:50:29.024,0,-1.1,2,0,0,500,50000,2,-55222,7821802,148,46803,-55093088
20:50:29.029,0,-2.7,2,0,0,500,50000,-11,-70921,7821397,-29,53391,-55092812
20:50:29.034,0,-2.7,2,0,0,500,50000,14,-79836,7820922,66,47493,-55092588
20:50:29.039,0,-3.7,2,0,0,500,50000,14,-81712,7820526,-54,55797,-55092248
20:50:29.044,0,-3.7,2,0,0,500,50000,-21,-86543,7820099,73,46401,-55092088
20:50:29.049,0,-2.9,2,0,0,500,50000,-32,-73503,7819349,-13,49923,-55091520
20:50:29.054,0,-2.9,2,0,0,500,50000,-27,-60196,7819065,32,54791,-55091220
20:50:29.059,0,-1.3,2,0,0,500,50000,-8,-42850,7818934,43,47160,-55091036
20:50:29.064,0,-1.3,2,0,0,500,50000,-11,-23107,7818874,59,51167,-55090760
20:50:29.069,0,-0.2,2,0,0,500,50000,-2,-7771,7818902,32,50099,-55090496
20:50:29.074,0,-0.2,2,0,0,500,50000,-41,-6532,7818878,135,47039,-55090276
20:50:29.079,0,0.0,2,0,0,500,50000,85,-12777,7818795,167,46095,-55090056
20:50:29.084,0,0.0,2,0,0,500,50000,10,-21890,7818657,56,51349,-55089784
20:50:29.089,0,-0.6,2,0,0,500,50000,0,-42295,7818350,269,41795,-55089584
20:50:29.095,0,-0.6,2,0,0,500,50000,6,-56750,7818026,-7,56333,-55089268
20:50:29.100,0,-2.2,2,0,0,500,50000,-15,-67304,7817618,166,43525,-55089084
20:50:29.105,0,-2.2,2,0,0,500,50000,12,-67439,7817306,-72,59147,-55088748
20:50:29.110,0,-3.5,2,0,0,500,50000,4,-71135,7816907,82,43697,-55088572
20:50:29.115,0,-3.5,2,0,0,500,50000,-35,-65822,7816574,-62,58419,-55088200
20:50:29.120,0,-3.2,2,0,0,500,50000,-3,-60657,7816323,80,44565,-55088060
20:50:29.125,0,-3.2,2,0,0,500,50000,9,-47064,7816117,40,53757,-55087740
20:50:29.130,0,-1.8,2,0,0,500,50000,15,-38628,7815966,101,45287,-55087512
20:50:29.135,0,-1.8,2,0,0,500,50000,-7,-30469,7815826,86,53332,-55087248
20:50:29.140,0,-0.8,2,0,0,500,50000,8,-29211,7815691,107,42784,-55087032
20:50:29.145,0,-0.8,2,0,0,500,50000,0,-29658,7815554,32,57484,-55086680
20:50:29.150,0,-0.6,2,0,0,500,50000,-9,-30415,7815386,182,40789,-55086568
20:50:29.155,0,-0.6,2,0,0,500,50000,-6,-35679,7815195,-18,57007,-55086208
20:50:29.160,0,-1.0,2,0,0,500,50000,52,-40507,7814955,257,42808,-55086044
20:50:29.165,0,-1.0,2,0,0,500,50000,-13,-46073,7814682,18,52975,-55085708
20:50:29.170,0,-1.8,2,0,0,500,50000,-37,-51944,7814410,115,48590,-55085488
20:50:29.175,0,-1.8,2,0,0,500,50000,8,-53377,7814153,54,47879,-55085216
20:50:29.180,0,-2.5,2,0,0,500,50000,47,-52098,7813914,35,50069,-55084992
20:50:29.186,0,-2.5,2,0,0,500,50000,15,-52455,7813627,57,50216,-55084760
20:50:29.191,0,-2.6,2,0,0,500,50000,2,-55307,7813357,88,47691,-55084528
20:50:29.196,0,-2.6,2,0,0,500,50000,-49,-62793,7812986,41,51728,-55084232
20:50:29.201,0,-2.3,2,0,0,500,50000,-2,-61309,7812709,66,50223,-55083976
20:50:29.206,0,-2.3,2,0,0,500,50000,9,-62464,7812409,51,51696,-55083756
20:50:29.211,0,-1.8,2,0,0,500,50000,-1,-62808,7812059,31,50609,-55083488
20:50:29.216,0,-1.8,2,0,0,500,50000,-9,-58479,7811798,40,48884,-55083240
20:50:29.221,0,-1.4,2,0,0,500,50000,-1,-47524,7811577,8,50688,-55082960
20:50:29.226,0,-1.4,2,0,0,500,50000,-21,-33937,7811481,113,46679,-55082776
20:50:29.231,0,-1.0,2,0,0,500,50000,33,-24634,7811385,-82,49826,-55082480
20:50:29.236,0,-1.0,2,0,0,500,50000,0,-24052,7811262,125,45896,-55082300
20:50:29.241,0,-0.8,2,0,0,500,50000,68,-28346,7811113,51,48597,-55082004
20:50:29.246,0,-0.8,2,0,0,500,50000,-30,-39028,7810854,58,50714,-55081740
20:50:29.251,0,-1.3,2,0,0,500,50000,-1,-47484,7810598,158,46207,-55081552
20:50:29.256,0,-1.3,2,0,0,500,50000,37,-53676,7810279,91,52715,-55081240
20:50:29.261,0,-2.6,2,0,0,500,50000,-17,-64464,7809939,142,46706,-55081024
20:50:29.267,0,-2.6,2,0,0,500,50000,0,-69376,7809545,28,54364,-55080748
20:50:29.272,0,-3.6,2,0,0,500,50000,-10,-72448,7809182,105,47304,-55080528
20:50:29.277,0,-3.6,2,0,0,500,50000,4,-73777,7808767,11,55513,-55080192
20:50:29.282,0,-3.5,2,0,0,500,50000,-12,-71422,7808441,73,45995,-55080028
20:50:29.287,0,-3.5,2,0,0,500,50000,-3,-66114,7808093,79,53329,-55079724
20:50:29.292,0,-2.6,2,0,0,500,50000,-7,-56312,7807867,-9,49142,-55079476
20:50:29.297,0,-2.6,2,0,0,500,50000,0,-44571,7807705,69,47382,-55079280
20:50:29.302,0,-1.4,2,0,0,500,50000,24,-35368,7807546,-14,52139,-55078964
20:50:29.307,0,-1.4,2,0,0,500,50000,23,-29668,7807434,133,44591,-55078768
20:50:29.312,0,-0.7,2,0,0,500,50000,-5,-32505,7807245,35,51738,-55078456
20:50:29.317,0,-0.7,2,0,0,500,50000,-21,-36148,7807066,160,43382,-55078300
20:50:29.322,0,-0.8,2,0,0,500,50000,-15,-40360,7806835,85,50255,-55078012
20:50:29.327,0,-0.8,2,0,0,500,50000,55,-50012,7806567,197,44193,-55077784
20:50:29.332,0,-1.7,2,0,0,500,50000,11,-58388,7806265,62,51290,-55077480
20:50:29.337,0,-1.7,2,0,0,500,50000,3,-74810,7805794,127,45416,-55077304
20:50:29.342,0,-2.9,2,0,0,500,50000,-10,-80288,7805391,7,55347,-55076968
20:50:29.347,0,-2.9,2,0,0,500,50000,-11,-80297,7804946,127,46638,-55076744
20:50:29.353,0,-3.4,2,0,0,500,50000,-12,-75387,7804617,75,53820,-55076492
20:50:29.358,0,-3.4,2,0,0,500,50000,14,-61681,7804330,38,47597,-55076240
20:50:29.363,0,-2.7,2,0,0,500,50000,73,-35225,7804237,-30,53517,-55075944
20:50:29.368,0,-2.7,2,0,0,500,50000,-24,-19168,7804219,117,43577,-55075776
20:50:29.373,0,-1.2,2,0,0,500,50000,-5,-10401,7804202,70,52823,-55075468
20:50:29.378,0,-1.2,2,0,0,500,50000,-6,-10298,7804149,289,41949,-55075288
20:50:29.383,0,-0.4,2,0,0,500,50000,159,-21756,7804002,69,49881,-55075020
20:50:29.388,0,-0.4,2,0,0,500,50000,-13,-35135,7803786,111,54521,-55074748
20:50:29.393,0,-1.0,2,0,0,500,50000,24,-54486,7803422,120,43624,-55074584
20:50:29.398,0,-3.0,2,0,0,500,50000,16,-63017,7803045,-18,58641,-55074240
20:50:29.403,0,-3.0,2,0,0,500,50000,-15,-71889,7802667,174,39875,-55074080
20:50:29.408,0,-4.6,2,0,0,500,50000,27,-79478,7802266,-33,61337,-55073724
20:50:29.413,0,-4.6,2,0,0,500,50000,-12,-79110,7801819,150,39519,-55073584
20:50:29.418,0,-4.3,2,0,0,500,50000,-1,-73194,7801493,-116,64532,-55073148
20:50:29.423,0,-4.3,2,0,0,500,50000,0,-64376,7801166,57,41398,-55073056
20:50:29.428,0,-2.6,2,0,0,500,50000,-40,-54509,7800954,-28,59441,-55072700
20:50:29.434,0,-2.6,2,0,0,500,50000,-27,-38659,7800831,155,40373,-55072528
20:50:29.439,0,-0.9,2,0,0,500,50000,24,-22610,7800763,-9,59130,-55072160
20:50:29.444,0,-0.9,2,0,0,500,50000,-13,-14697,7800729,157,39498,-55072060
20:50:29.449,0,-0.2,2,0,0,500,50000,25,-12258,7800682,0,58486,-55071692
20:50:29.454,0,-0.2,2,0,0,500,50000,0,-16388,7800586,249,39911,-55071564
20:50:29.459,0,-0.6,2,0,0,500,50000,14,-29135,7800377,13,51062,-55071268
20:50:29.464,0,-0.6,2,0,0,500,50000,-1,-44624,7800106,134,49118,-55071056
20:50:29.469,0,-2.2,2,0,0,500,50000,-44,-57232,7799787,178,43818,-55070812
20:50:29.474,0,-2.2,2,0,0,500,50000,2,-62415,7799417,-13,57411,-55070476
20:50:29.479,0,-4.0,2,0,0,500,50000,15,-68346,7799067,143,43852,-55070336
20:50:29.484,0,-4.0,2,0,0,500,50000,-16,-74761,7798634,-66,59515,-55069968
20:50:29.489,0,-4.5,2,0,0,500,50000,-19,-74449,7798285,205,41420,-55069820
20:50:29.494,0,-4.5,2,0,0,500,50000,-3,-67120,7797942,-11,58953,-55069484
20:50:29.499,0,-3.5,2,0,0,500,50000,45,-58563,7797658,121,43647,-55069292
20:50:29.504,0,-3.5,2,0,0,500,50000,0,-46452,7797499,-45,56903,-55068936
20:50:29.509,0,-1.9,2,0,0,500,50000,-24,-33581,7797371,48,46344,-55068780
20:50:29.514,0,-1.9,2,0,0,500,50000,27,-21884,7797322,56,50917,-55068496
20:50:29.520,0,-0.8,2,0,0,500,50000,16,-17477,7797245,107,41670,-55068340
20:50:29.525,0,-0.8,2,0,0,500,50000,20,-20165,7797129,93,51365,-55068020
20:50:29.530,0,-0.9,2,0,0,500,50000,-20,-25687,7796985,220,43917,-55067828
20:50:29.535,0,-0.9,2,0,0,500,50000,-35,-35967,7796754,97,49817,-55067568
20:50:29.540,0,-2.3,2,0,0,500,50000,-8,-45309,7796505,199,44952,-55067360
20:50:29.545,0,-2.3,2,0,0,500,50000,33,-61552,7796111,64,48060,-55067068
20:50:29.555,0,-4.2,2,0,0,500,50000,10,-71657,7795617,66,52585,-55066736
20:50:29.560,0,-5.2,2,0,0,500,50000,-5,-79679,7795211,63,50222,-55066476
20:50:29.565,0,-5.2,2,0,0,500,50000,8,-83386,7794729,23,51321,-55066252
20:50:29.570,0,-4.8,2,0,0,500,50000,-9,-76459,7794394,-9,48409,-55066000
20:50:29.575,0,-4.8,2,0,0,500,50000,7,-65907,7794126,37,51100,-55065704
20:50:29.575,0,-4.8,2,0,0,500,50000,-66,-55362,7793958,28,51082,-55065532
20:50:29.580,0,-3.1,2,0,0,500,50000,-9,-38435,7793849,67,48373,-55065276
20:50:29.585,0,-3.1,2,0,0,500,50000,8,-23800,7793769,117,47341,-55065072
20:50:29.590,0,-1.3,2,0,0,500,50000,9,-19362,7793697,105,46628,-55064832
20:50:29.595,0,-1.3,2,0,0,500,50000,138,-21554,7793578,101,48579,-55064572
20:50:29.600,0,-0.8,2,0,0,500,50000,23,-32752,7793378,151,48179,-55064312
20:50:29.606,0,-0.8,2,0,0,500,50000,24,-42260,7793110,135,48675,-55064108
20:50:29.611,0,-1.9,2,0,0,500,50000,-3,-53550,7792809,150,48124,-55063856
20:50:29.616,0,-1.9,2,0,0,500,50000,3,-62984,7792474,150,48844,-55063600
20:50:29.621,0,-3.7,1,0,0,500,50000,-18,-62907,7792122,111,50155,-55063376
20:50:29.626,0,-3.7,1,0,0,500,50000,19,-64404,7791814,131,49312,-55063112
20:50:29.631,0,-4.8,1,0,0,500,50000,10,-67240,7791442,19,50071,-55062836
20:50:29.636,0,-4.8,1,0,0,500,50000,-6,-59990,7791143,90,49221,-55062624
20:50:29.641,0,-4.4,1,0,0,500,50000,14,-51079,7790946,50,52317,-55062316
20:50:29.646,0,-4.4,1,0,0,500,50000,-15,-39313,7790778,73,48040,-55062092
20:50:29.651,0,-3.0,1,0,0,500,50000,-20,-33466,7790654,129,47863,-55061872
20:50:29.656,0,-3.0,1,0,0,500,50000,252,-33696,7790477,110,47336,-55061624
20:50:29.661,0,-2.1,1,0,0,500,50000,34,-41699,7790253,180,43650,-55061384
20:50:29.666,0,-2.1,1,0,0,500,50000,38,-51838,7789929,108,50654,-55061136
20:50:29.671,0,-2.5,1,0,0,500,50000,7,-58680,7789625,148,43938,-55060920
20:50:29.676,0,-2.5,1,0,0,500,50000,-16,-55421,7789322,51,51109,-55060652
20:50:29.681,0,-3.7,1,0,0,500,50000,-3,-52267,7789035,99,45644,-55060420
20:50:29.687,0,-3.7,1,0,0,500,50000,-10,-45456,7788846,9,49824,-55060128
20:50:29.692,0,-4.2,1,0,0,500,50000,-27,-40288,7788683,176,45721,-55059908
20:50:29.697,0,-4.2,1,0,0,500,50000,10,-39284,7788474,0,49280,-55059672
20:50:29.702,0,-3.8,1,0,0,500,50000,17,-46985,7788226,76,49630,-55059424
20:50:29.707,0,-3.8,1,0,0,500,50000,41,-62552,7787874,90,47150,-55059176
20:50:29.712,0,-3.7,1,0,0,500,50000,-3,-72051,7787437,44,53151,-55058924
20:50:29.717,0,-3.7,1,0,0,500,50000,-28,-68282,7787125,67,47293,-55058680
20:50:29.722,0,-4.4,1,0,0,500,50000,-26,-59718,7786829,23,55150,-55058368
20:50:29.727,0,-4.4,1,0,0,500,50000,-13,-45303,7786679,153,44950,-55058164
20:50:29.732,0,-4.1,1,0,0,500,50000,17,-34990,7786554,36,50432,-55057928
20:50:29.737,0,-4.1,1,0,0,500,50000,22,-31585,7786395,198,42983,-55057724
20:50:29.742,0,-2.5,1,0,0,500,50000,15,-35098,7786218,86,48243,-55057436
20:50:29.747,0,-2.5,1,0,0,500,50000,21,-43386,7785946,57,52459,-55057168
20:50:29.752,0,-1.8,1,0,0,500,50000,7,-48316,7785703,165,44723,-55056988
20:50:29.757,0,-1.8,1,0,0,500,50000,-4,-51306,7785402,81,51482,-55056692
20:50:29.762,0,-2.7,1,0,0,500,50000,-37,-49256,7785183,135,44554,-55056520
20:50:29.767,0,-2.7,1,0,0,500,50000,-63,-38982,7785027,99,50728,-55056216
20:50:29.773,0,-3.6,1,0,0,500,50000,-19,-27778,7784939,142,43803,-55056012
20:50:29.778,0,-3.6,1,0,0,500,50000,-22,-26753,7784806,60,48892,-55055756
20:50:29.783,0,-3.7,1,0,0,500,50000,35,-26492,7784694,164,49479,-55055516
20:50:29.788,0,-3.7,1,0,0,500,50000,10,-41820,7784410,301,38192,-55055336
20:50:29.793,0,-3.8,1,0,0,500,50000,-20,-58190,7784037,19,57986,-55054992
20:50:29.798,0,-3.8,1,0,0,500,50000,-15,-68398,7783674,235,41758,-55054860
20:50:29.803,0,-5.0,1,0,0,500,50000,-9,-70109,7783282,-57,56623,-55054452
20:50:29.808,0,-5.0,1,0,0,500,50000,3,-63684,7783005,192,41134,-55054360
20:50:29.813,0,-5.7,1,0,0,500,50000,-6,-55551,7782779,-20,52647,-55053984
20:50:29.818,0,-5.7,1,0,0,500,50000,-12,-42875,7782586,86,53352,-55053744
20:50:29.823,0,-4.6,1,0,0,500,50000,4,-33325,7782474,62,45662,-55053552
20:50:29.828,0,-2.7,1,0,0,500,50000,14,-22077,7782395,2,56043,-55053260
20:50:29.833,0,-2.7,1,0,0,500,50000,5,-26387,7782253,408,36636,-55053120
20:50:29.838,0,-2.0,1,0,0,500,50000,24,-30261,7782099,-6,57260,-55052776
20:50:29.843,0,-2.0,1,0,0,500,50000,27,-42208,7781817,241,41916,-55052640
20:50:29.848,0,-3.1,1,0,0,500,50000,24,-52421,7781530,155,46139,-55052320
20:50:29.853,0,-3.1,1,0,0,500,50000,-9,-52111,7781234,-40,56211,-55052024
20:50:29.858,0,-4.6,1,0,0,500,50000,2,-52751,7780990,180,41723,-55051880
20:50:29.864,0,-4.6,1,0,0,500,50000,54,-53656,7780694,-62,61638,-55051508
20:50:29.869,0,-5.0,1,0,0,500,50000,-1,-60212,7780375,302,37581,-55051412
20:50:29.874,0,-5.0,1,0,0,500,50000,12,-62525,7780074,-114,63109,-55051016
20:50:29.879,0,-4.4,1,0,0,500,50000,-29,-65678,7779687,219,38808,-55050924
20:50:29.884,0,-4.4,1,0,0,500,50000,3,-63103,7779406,-116,57334,-55050512
20:50:29.889,0,-3.6,1,0,0,500,50000,-25,-51077,7779158,141,47442,-55050328
20:50:29.894,0,-3.6,1,0,0,500,50000,-25,-38880,7779035,94,49116,-55050088
20:50:29.899,0,-2.5,1,0,0,500,50000,10,-26536,7778939,143,49226,-55049856
20:50:29.904,0,-2.5,1,0,0,500,50000,0,-22568,7778853,166,37910,-55049660
20:50:29.909,0,-1.8,1,0,0,500,50000,11,-26210,7778702,46,51651,-55049376
20:50:29.914,0,-1.8,1,0,0,500,50000,28,-37776,7778478,197,41184,-55049180
20:50:29.919,0,-2.5,1,0,0,500,50000,20,-50482,7778117,52,49886,-55048860
20:50:29.924,0,-2.5,1,0,0,500,50000,0,-56363,7777786,134,48338,-55048616
20:50:29.929,0,-4.2,1,0,0,500,50000,-20,-59616,7777497,60,51589,-55048368
20:50:29.934,0,-4.2,1,0,0,500,50000,-3,-62696,7777145,96,47253,-55048144
20:50:29.939,0,-5.0,1,0,0,500,50000,-16,-60955,7776926,5,51333,-55047876
20:50:29.944,0,-5.0,1,0,0,500,50000,83,-58323,7776610,79,50009,-55047644
20:50:29.949,0,-4.4,1,0,0,500,50000,-20,-59439,7776334,-7,52503,-55047388
20:50:29.955,0,-4.4,1,0,0,500,50000,-4,-55541,7776087,60,51077,-55047144
20:50:29.960,0,-3.3,1,0,0,500,50000,5,-51427,7775813,47,45164,-55046904
20:50:29.965,0,-3.3,1,0,0,500,50000,-15,-45003,7775622,19,50985,-55046672
20:50:29.970,0,-2.6,1,0,0,500,50000,5,-40927,7775407,112,43669,-55046448
20:50:29.975,0,-2.6,1,0,0,500,50000,-19,-38793,7775225,-12,53603,-55046140
20:50:29.980,0,-2.4,1,0,0,500,50000,35,-43890,7774962,201,44989,-55045924
20:50:29.985,0,-2.4,1,0,0,500,50000,-9,-47616,7774718,110,52169,-55045672
20:50:29.990,0,-2.8,1,0,0,500,50000,23,-56134,7774419,135,44135,-55045464
20:50:29.995,0,-2.8,1,0,0,500,50000,-67,-54944,7774121,6,56832,-55045112
20:50:30.000,0,-3.6,1,0,0,500,50000,-21,-56227,7773853,74,45948,-55044964
20:50:30.005,0,-3.6,1,0,0,500,50000,31,-60037,7773511,49,51653,-55044668
20:50:30.010,0,-3.8,1,0,0,500,50000,-8,-63871,7773198,22,52135,-55044400
20:50:30.015,0,-3.8,1,0,0,500,50000,-10,-57012,7772903,58,49787,-55044140
20:50:30.020,0,-3.3,1,0,0,500,50000,-6,-48759,7772698,47,48278,-55043936
20:50:30.025,0,-3.3,1,0,0,500,50000,-4,-42144,7772525,-6,50102,-55043660
20:50:30.030,0,-2.4,1,0,0,500,50000,17,-40581,7772313,115,48375,-55043408
20:50:30.035,0,-2.4,1,0,0,500,50000,-34,-44819,7772057,65,49937,-55043176
20:50:30.040,0,-1.8,1,0,0,500,50000,-21,-48181,7771817,167,47349,-55042936
20:50:30.046,0,-1.8,1,0,0,500,50000,-7,-51472,7771526,7,50812,-55042692
20:50:30.051,0,-2.0,1,0,0,500,50000,-31,-49189,7771314,50,49663,-55042444
20:50:30.056,0,-2.0,1,0,0,500,50000,-7,-47156,7771071,79,46286,-55042188
20:50:30.061,0,-2.5,1,0,0,500,50000,-2,-41870,7770862,114,50187,-55041948
20:50:30.066,0,-2.5,1,0,0,500,50000,31,-38444,7770699,135,45546,-55041712
20:50:30.071,0,-2.7,1,0,0,500,50000,18,-34669,7770521,43,50952,-55041416
20:50:30.076,0,-2.7,1,0,0,500,50000,40,-38113,7770274,160,47103,-55041140
20:50:30.081,0,-2.7,1,0,0,500,50000,64,-44661,7770046,124,46168,-55040920
20:50:30.086,0,-2.7,1,0,0,500,50000,-2,-56014,7769739,3,53366,-55040620
20:50:30.091,0,-3.2,1,0,0,500,50000,-5,-66759,7769322,77,46941,-55040432
20:50:30.096,0,-3.2,1,0,0,500,50000,-7,-69220,7769047,36,51637,-55040188
20:50:30.101,0,-3.9,1,0,0,500,50000,-12,-66056,7768746,66,48576,-55039916
20:50:30.106,0,-3.9,1,0,0,500,50000,-7,-61985,7768418,-9,51410,-55039688
20:50:30.111,0,-3.6,1,0,0,500,50000,3,-52208,7768219,-10,49750,-55039424
20:50:30.116,0,-3.6,1,0,0,500,50000,-7,-39959,7768045,15,48331,-55039180
20:50:30.121,0,-2.2,2,0,0,500,50000,-232,-33792,7767914,101,48274,-55038908
20:50:30.126,0,-2.2,2,0,0,500,50000,-141,-32786,7767770,130,48308,-55038716
20:50:30.131,0,-1.2,2,0,0,500,50000,43,-41790,7767514,120,46256,-55038456
20:50:30.137,0,-1.2,2,0,0,500,50000,36,-48598,7767253,20,53660,-55038156
20:50:30.142,0,-1.6,2,0,0,500,50000,-9,-52167,7766950,147,43759,-55037952
20:50:30.147,0,-1.6,2,0,0,500,50000,46,-45126,7766763,37,54162,-55037676
20:50:30.152,0,-2.8,2,0,0,500,50000,6,-44419,7766519,128,44743,-55037472
20:50:30.157,0,-2.8,2,0,0,500,50000,23,-44139,7766314,57,53729,-55037164
20:50:30.162,0,-3.3,2,0,0,500,50000,13,-52245,7765994,141,43791,-55037004
20:50:30.167,0,-3.3,2,0,0,500,50000,-1,-57852,7765706,38,54749,-55036672
20:50:30.172,0,-3.1,2,0,0,500,50000,-1,-60317,7765373,84,46900,-55036448
20:50:30.177,0,-3.1,2,0,0,500,50000,0,-62106,7765081,28,55196,-55036168
20:50:30.182,0,-2.8,2,0,0,500,50000,27,-56781,7764794,101,44544,-55035964
20:50:30.187,0,-2.8,2,0,0,500,50000,-22,-45014,7764634,11,55087,-55035624
20:50:30.192,0,-2.3,2,0,0,500,50000,10,-35306,7764475,100,43178,-55035488
20:50:30.197,0,-2.3,2,0,0,500,50000,21,-26935,7764361,40,55177,-55035136
20:50:30.202,0,-1.6,2,0,0,500,50000,2,-26917,7764233,245,40044,-55035028
20:50:30.207,0,-1.6,2,0,0,500,50000,-62,-36591,7764014,8,51806,-55034676
20:50:30.212,0,-1.5,2,0,0,500,50000,14,-42753,7763802,143,48602,-55034480
20:50:30.217,0,-1.5,2,0,0,500,50000,22,-53808,7763467,32,49642,-55034224
20:50:30.222,0,-2.7,2,0,0,500,50000,34,-55746,7763190,5,53775,-55033948
20:50:30.228,0,-2.7,2,0,0,500,50000,4,-59668,7762891,175,42734,-55033736
20:50:30.233,0,-4.1,2,0,0,500,50000,1,-60475,7762558,44,53479,-55033468
20:50:30.238,0,-4.1,2,0,0,500,50000,-8,-63341,7762250,100,43284,-55033256
20:50:30.243,0,-4.2,2,0,0,500,50000,-17,-64058,7761885,-79,58122,-55032896
20:50:30.248,0,-4.2,2,0,0,500,50000,-12,-64857,7761577,126,42818,-55032720
20:50:30.253,0,-3.3,2,0,0,500,50000,15,-62710,7761230,-37,57671,-55032412
20:50:30.258,0,-3.3,2,0,0,500,50000,-8,-56674,7760990,142,40670,-55032248
20:50:30.263,0,-2.3,2,0,0,500,50000,13,-43752,7760841,-5,56144,-55031888
20:50:30.268,0,-2.3,2,0,0,500,50000,-7,-33464,7760697,210,40960,-55031728
20:50:30.273,0,-1.5,2,0,0,500,50000,-14,-20616,7760654,54,53653,-55031432
20:50:30.278,0,-1.2,2,0,0,500,50000,31,-27186,7760475,261,40183,-55031276
20:50:30.283,0,-1.2,2,0,0,500,50000,18,-42881,7760219,71,52923,-55030920
20:50:30.288,0,-2.2,2,0,0,500,50000,-21,-59993,7759822,150,46036,-55030764
20:50:30.293,0,-2.2,2,0,0,500,50000,-1,-66507,7759482,36,54825,-55030428
20:50:30.298,0,-3.8,2,0,0,500,50000,1,-67004,7759114,89,46893,-55030216
20:50:30.303,0,-3.8,2,0,0,500,50000,-3,-72612,7758758,-54,54784,-55029936
20:50:30.308,0,-4.3,2,0,0,500,50000,2,-72340,7758362,-35,47663,-55029708
20:50:30.314,0,-4.3,2,0,0,500,50000,-2,-63787,7758098,-21,55929,-55029376
20:50:30.319,0,-3.1,2,0,0,500,50000,-159,-50553,7757866,14,47430,-55029192
20:50:30.324,0,-3.1,2,0,0,500,50000,-25,-36183,7757758,59,51718,-55028900
20:50:30.329,0,-1.5,2,0,0,500,50000,-40,-28555,7757635,40,48858,-55028688
20:50:30.334,0,-1.5,2,0,0,500,50000,27,-25846,7757514,66,51561,-55028424
20:50:30.339,0,-0.8,2,0,0,500,50000,-12,-32233,7757343,193,41229,-55028224
20:50:30.344,0,-0.8,2,0,0,500,50000,-3,-41260,7757085,41,54822,-55027928
20:50:30.349,0,-1.5,2,0,0,500,50000,-12,-52264,7756798,144,44675,-55027724
20:50:30.354,0,-1.5,2,0,0,500,50000,8,-59746,7756491,14,54284,-55027388
20:50:30.359,0,-3.1,2,0,0,500,50000,-12,-67385,7756074,140,45906,-55027228
20:50:30.364,0,-3.1,2,0,0,500,50000,-9,-60727,7755815,38,55580,-55026896
20:50:30.369,0,-3.9,2,0,0,500,50000,19,-52801,7755554,95,44049,-55026700
20:50:30.374,0,-3.9,2,0,0,500,50000,4,-51234,7755326,67,53689,-55026380
20:50:30.379,0,-3.4,2,0,0,500,50000,34,-52474,7755030,140,45181,-55026212
20:50:30.385,0,-3.4,2,0,0,500,50000,29,-51551,7754790,71,55177,-55025896
20:50:30.390,0,-2.4,2,0,0,500,50000,-43,-48607,7754571,138,46243,-55025688
20:50:30.395,0,-2.4,2,0,0,500,50000,1,-45000,7754338,36,53182,-55025376
20:50:30.400,0,-2.1,2,0,0,500,50000,-4,-48035,7754103,117,44232,-55025224
20:50:30.405,0,-2.1,2,0,0,500,50000,-22,-46131,7753863,66,51920,-55024908
20:50:30.410,0,-2.2,2,0,0,500,50000,0,-44118,7753662,102,49326,-55024668
20:50:30.415,0,-2.2,2,0,0,500,50000,-21,-44756,7753446,57,50163,-55024440
20:50:30.420,0,-2.3,2,0,0,500,50000,-19,-44227,7753194,104,48067,-55024200
20:50:30.425,0,-2.3,2,0,0,500,50000,2,-46608,7752929,96,48230,-55023920
20:50:30.430,0,-2.6,2,0,0,500,50000,-85,-49808,7752686,128,49404,-55023660
20:50:30.435,0,-2.6,2,0,0,500,50000,116,-53543,7752390,-12,51066,-55023416
20:50:30.440,0,-2.9,2,0,0,500,50000,-73,-50953,7752171,128,49316,-55023168
20:50:30.445,0,-2.9,2,0,0,500,50000,3,-46866,7751927,63,47580,-55022896
20:50:30.450,0,-3.0,2,0,0,500,50000,6,-46402,7751673,85,49284,-55022684
20:50:30.455,0,-3.0,2,0,0,500,50000,-10,-51193,7751417,84,47676,-55022408
20:50:30.461,0,-2.8,2,0,0,500,50000,-25,-48097,7751207,97,49157,-55022196
20:50:30.466,0,-2.8,2,0,0,500,50000,-23,-43744,7750985,55,46560,-55021920
20:50:30.471,0,-2.5,2,0,0,500,50000,-30,-36666,7750845,98,49243,-55021712
20:50:30.476,0,-2.5,2,0,0,500,50000,3,-36361,7750650,210,38845,-55021500
20:50:30.486,0,-2.3,2,0,0,500,50000,10,-51093,7750107,249,40384,-55021028
20:50:30.491,0,-2.6,2,0,0,500,50000,-25,-50938,7749867,-38,54566,-55020652
20:50:30.496,0,-2.6,2,0,0,500,50000,-16,-46433,7749618,124,46169,-55020468
20:50:30.501,0,-3.2,2,0,0,500,50000,3,-43301,7749434,84,52980,-55020192
20:50:30.506,0,-3.2,2,0,0,500,50000,7,-45102,7749177,119,48610,-55019968
20:50:30.511,0,-3.2,2,0,0,500,50000,43,-49674,7748930,152,46580,-55019704
20:50:30.517,0,-3.2,2,0,0,500,50000,-27,-46450,7748725,30,54610,-55019400
20:50:30.522,0,-2.9,2,0,0,500,50000,-46,-44797,7748483,120,46506,-55019232
20:50:30.527,0,-2.9,2,0,0,500,50000,25,-42260,7748297,81,50961,-55018956
20:50:30.532,0,-2.9,2,0,0,500,50000,-79,-53156,7747970,132,47384,-55018720
20:50:30.537,0,-2.9,2,0,0,500,50000,9,-64259,7747626,75,50809,-55018432
20:50:30.542,0,-3.1,2,0,0,500,50000,-31,-70275,7747211,51,47755,-55018236
20:50:30.547,0,-3.1,2,0,0,500,50000,9,-71300,7746875,-48,53041,-55017928
20:50:30.552,0,-3.2,2,0,0,500,50000,-24,-65542,7746582,38,48815,-55017688
20:50:30.557,0,-3.2,2,0,0,500,50000,-13,-52403,7746330,11,53265,-55017436
20:50:30.562,0,-2.7,2,0,0,500,50000,2,-39138,7746211,119,48949,-55017184
20:50:30.567,0,-2.7,2,0,0,500,50000,11,-22097,7746153,75,47520,-55016940
20:50:30.572,0,-1.6,2,0,0,500,50000,17,-17796,7746074,100,46458,-55016728
20:50:30.577,0,-1.6,2,0,0,500,50000,24,-26897,7745918,157,48963,-55016468
20:50:30.582,0,-1.1,2,0,0,500,50000,-17,-49446,7745566,187,45692,-55016224
20:50:30.587,0,-1.1,2,0,0,500,50000,-23,-67028,7745130,24,54235,-55015904
20:50:30.593,0,-2.5,2,0,0,500,50000,15,-67204,7744762,112,47958,-55015672
20:50:30.598,0,-2.5,2,0,0,500,50000,-30,-63769,7744483,18,53379,-55015420
20:50:30.603,0,-4.2,2,0,0,500,50000,-13,-63824,7744138,111,47988,-55015180
20:50:30.608,0,-4.2,2,0,0,500,50000,-16,-60027,7743865,49,52813,-55014932
20:50:30.613,0,-4.1,2,0,0,500,50000,-13,-59765,7743530,33,50076,-55014672
20:50:30.618,0,-4.1,2,0,0,500,50000,-2,-56774,7743329,57,50268,-55014448
20:50:30.623,0,-2.7,2,0,0,500,50000,3,-54440,7743033,21,48483,-55014200
20:50:30.628,0,-2.7,2,0,0,500,50000,-5,-53131,7742794,48,50471,-55013968
20:50:30.633,0,-1.8,2,0,0,500,50000,-24,-43710,7742589,73,48773,-55013720
20:50:30.638,0,-1.5,2,0,0,500,50000,20,-40147,7742414,17,51079,-55013436
20:50:30.643,0,-1.5,2,0,0,500,50000,26,-36048,7742265,58,47014,-55013200
20:50:30.648,0,-1.5,2,0,0,500,50000,-15,-39608,7742038,143,48302,-55012988
20:50:30.653,0,-1.5,2,0,0,500,50000,14,-44082,7741817,203,47941,-55012736
20:50:30.658,0,-2.0,2,0,0,500,50000,36,-53822,7741477,129,49839,-55012460
20:50:30.663,0,-2.0,2,0,0,500,50000,31,-60725,7741158,103,48474,-55012212
20:50:30.669,0,-3.1,2,0,0,500,50000,7,-69379,7740750,72,50744,-55011972
20:50:30.674,0,-3.1,2,0,0,500,50000,-26,-77563,7740350,86,49874,-55011716
20:50:30.679,0,-3.5,2,0,0,500,50000,11,-79071,7739970,49,50578,-55011432
20:50:30.684,0,-3.5,2,0,0,500,50000,-15,-72884,7739594,50,50340,-55011168
20:50:30.689,0,-2.7,2,0,0,500,50000,-19,-60616,7739371,-22,52896,-55010924
20:50:30.694,0,-2.7,2,0,0,500,50000,7,-44681,7739182,119,44540,-55010716
20:50:30.699,0,-1.4,2,0,0,500,50000,-6,-28171,7739094,39,53726,-55010428
20:50:30.704,0,-1.4,2,0,0,500,50000,-30,-20486,7739035,44,41453,-55010256
20:50:30.709,0,-0.6,2,0,0,500,50000,13,-19906,7738938,68,51965,-55009920
20:50:30.714,0,-0.6,2,0,0,500,50000,15,-22582,7738826,219,42985,-55009772
20:50:30.719,0,-1.2,2,0,0,500,50000,15,-29929,7738630,122,49708,-55009456
20:50:30.724,0,-1.2,2,0,0,500,50000,-139,-36362,7738402,152,50936,-55009212
20:50:30.729,0,-3.1,2,0,0,500,50000,-31,-44572,7738169,113,42090,-55009040
20:50:30.734,0,-3.1,2,0,0,500,50000,9,-49492,7737882,-1,57166,-55008692
20:50:30.739,0,-4.8,2,0,0,500,50000,-3,-57489,7737579,179,40125,-55008584
20:50:30.744,0,-4.8,2,0,0,500,50000,3,-61630,7737230,6,55588,-55008220
20:50:30.749,0,-5.4,2,0,0,500,50000,10,-70195,7736859,116,47397,-55008016
20:50:30.755,0,-5.4,2,0,0,500,50000,4,-76176,7736479,18,56622,-55007720
20:50:30.760,0,-4.7,2,0,0,500,50000,-20,-69628,7736107,101,47525,-55007512
20:50:30.765,0,-4.7,2,0,0,500,50000,-7,-62889,7735834,30,55622,-55007180
20:50:30.770,0,-3.2,2,0,0,500,50000,31,-53680,7735561,50,45864,-55006976
20:50:30.775,0,-3.2,2,0,0,500,50000,-3,-38312,7735445,59,55028,-55006700
20:50:30.780,0,-1.6,2,0,0,500,50000,-9,-26266,7735347,202,40970,-55006532
20:50:30.785,0,-1.6,2,0,0,500,50000,58,-24496,7735247,-30,54753,-55006192
20:50:30.790,0,-0.9,2,0,0,500,50000,5,-27108,7735105,261,43959,-55006028
20:50:30.795,0,-0.9,2,0,0,500,50000,25,-36799,7734874,36,51363,-55005744
20:50:30.800,0,-1.7,2,0,0,500,50000,123,-44611,7734634,73,53253,-55005504
20:50:30.805,0,-1.7,2,0,0,500,50000,-16,-54862,7734282,172,39559,-55005312
20:50:30.810,0,-3.3,2,0,0,500,50000,-33,-52239,7734045,35,57001,-55005004
20:50:30.815,0,-3.3,2,0,0,500,50000,19,-49947,7733774,222,37042,-55004824
20:50:30.820,0,-4.3,2,0,0,500,50000,9,-48387,7733551,-84,58044,-55004460
20:50:30.825,0,-4.3,2,0,0,500,50000,-11,-53476,7733278,164,45129,-55004304
20:50:30.830,0,-4.2,2,0,0,500,50000,8,-55177,7732971,-20,53958,-55003996
20:50:30.836,0,-4.2,2,0,0,500,50000,3,-54449,7732719,109,50299,-55003788
20:50:30.841,0,-3.7,2,0,0,500,50000,-3,-56585,7732405,9,48961,-55003548
20:50:30.846,0,-3.7,2,0,0,500,50000,-9,-53748,7732125,13,55976,-55003260
20:50:30.851,0,-3.2,2,0,0,500,50000,-28,-53491,7731878,147,37158,-55003100
20:50:30.856,0,-3.2,2,0,0,500,50000,3,-50394,7731614,-31,59706,-55002748
20:50:30.861,0,-2.6,2,0,0,500,50000,-17,-45892,7731421,206,37081,-55002620
20:50:30.866,0,-2.6,2,0,0,500,50000,-2,-35800,7731267,-33,57278,-55002216
20:50:30.871,0,-2.3,2,0,0,500,50000,4,-33645,7731121,300,37991,-55002144
20:50:30.876,0,-2.3,2,0,0,500,50000,2,-32120,7730953,22,50750,-55001788
20:50:30.881,0,-2.6,2,0,0,500,50000,6,-38955,7730734,91,51527,-55001544
20:50:30.886,0,-2.6,2,0,0,500,50000,-3,-48119,7730429,145,44817,-55001360
20:50:30.891,0,-3.6,2,0,0,500,50000,5,-46508,7730219,105,54358,-55001052
20:50:30.896,0,-3.6,2,0,0,500,50000,34,-44595,7729974,229,42684,-55000880
20:50:30.901,0,-4.6,2,0,0,500,50000,0,-52553,7729693,73,53097,-55000600
20:50:30.906,0,-4.6,2,0,0,500,50000,13,-62281,7729362,150,44468,-55000400
20:50:30.911,0,-5.0,2,0,0,500,50000,-27,-71296,7728937,-23,52326,-55000072
20:50:30.916,0,-5.0,2,0,0,500,50000,-21,-78951,7728534,16,50912,-54999824
20:50:30.921,0,-4.8,2,0,0,500,50000,-35,-82988,7728062,-20,54400,-54999560
20:50:30.926,0,-4.8,2,0,0,500,50000,-38,-71847,7727761,93,48235,-54999352
20:50:30.932,0,-3.9,2,0,0,500,50000,-5,-56051,7727565,23,52963,-54999036
20:50:30.937,0,-3.9,2,0,0,500,50000,-22,-35190,7727442,188,44304,-54998888
20:50:30.942,0,-2.4,2,0,0,500,50000,17,-22562,7727386,110,48599,-54998600
20:50:30.947,0,-2.4,2,0,0,500,50000,8,-18876,7727290,155,45571,-54998376
20:50:30.952,0,-1.6,2,0,0,500,50000,12,-24393,7727141,176,44555,-54998124
20:50:30.957,0,-1.6,2,0,0,500,50000,17,-34927,7726915,161,46474,-54997916
20:50:30.962,0,-2.5,2,0,0,500,50000,-7,-44916,7726661,220,42262,-54997688
20:50:30.967,0,-2.5,2,0,0,500,50000,-14,-52048,7726395,43,50562,-54997372
20:50:30.972,0,-4.4,2,0,0,500,50000,-73,-55402,7726070,229,43335,-54997220
20:50:30.977,0,-4.4,2,0,0,500,50000,-16,-63948,7725690,48,52626,-54996876
20:50:30.982,0,-5.6,2,0,0,500,50000,-4,-66947,7725258,31,54152,-54996576
20:50:30.987,0,-5.6,2,0,0,500,50000,-52,-71111,7724862,105,45025,-54996392
20:50:30.992,0,-5.3,2,0,0,500,50000,-5,-67943,7724566,-23,57198,-54996048
20:50:31.002,0,-4.3,2,0,0,500,50000,3,-48591,7724042,46,55613,-54995568
20:50:31.007,0,-4.3,2,0,0,500,50000,14,-35619,7723926,168,41290,-54995388
20:50:31.012,0,-3.1,2,0,0,500,50000,16,-24913,7723882,38,52374,-54995164
20:50:31.018,0,-3.1,2,0,0,500,50000,25,-24697,7723770,166,44028,-54994992
20:50:31.023,0,-2.3,2,0,0,500,50000,13,-34341,7723546,92,49921,-54994712
20:50:31.028,0,-2.3,2,0,0,500,50000,4,-46962,7723273,194,45438,-54994488
20:50:31.033,0,-2.7,2,0,0,500,50000,-15,-54202,7722945,84,49970,-54994200
20:50:31.038,0,-2.7,2,0,0,500,50000,2,-60403,7722638,79,46071,-54994024
20:50:31.043,0,-4.2,2,0,0,500,50000,-8,-69113,7722283,97,48995,-54993728
20:50:31.048,0,-4.2,2,0,0,500,50000,67,-68841,7721894,75,49149,-54993484
20:50:31.053,0,-4.9,2,0,0,500,50000,-66,-66165,7721594,22,49481,-54993200
20:50:31.058,0,-4.9,2,0,0,500,50000,12,-51663,7721363,127,45453,-54993020
20:50:31.063,0,-4.1,2,0,0,500,50000,-37,-43115,7721198,60,51324,-54992720
20:50:31.068,0,-2.7,2,0,0,500,50000,14,-36963,7721018,117,48058,-54992476
20:50:31.073,0,-2.7,2,0,0,500,50000,12,-35475,7720862,92,49925,-54992252
20:50:31.078,0,-1.9,2,0,0,500,50000,12,-38005,7720669,177,45772,-54992028
20:50:31.083,0,-1.9,2,0,0,500,50000,-8,-44352,7720398,114,48904,-54991744
20:50:31.088,0,-2.2,2,0,0,500,50000,1,-46681,7720170,109,46638,-54991504
20:50:31.094,0,-2.2,2,0,0,500,50000,-9,-50160,7719881,59,48927,-54991268
20:50:31.099,0,-2.9,2,0,0,500,50000,-34,-52237,7719630,78,49577,-54991004
20:50:31.104,0,-2.9,2,0,0,500,50000,-10,-51256,7719355,70,49249,-54990736
20:50:31.109,0,-3.1,2,0,0,500,50000,-63,-44371,7719138,136,45146,-54990552
20:50:31.114,0,-3.1,2,0,0,500,50000,32,-42685,7718951,88,48856,-54990256
20:50:31.119,0,-3.0,2,0,0,500,50000,-19,-40583,7718742,200,47968,-54990056
20:50:31.124,0,-3.0,2,0,0,500,50000,-19,-41241,7718521,62,48827,-54989776
20:50:31.129,0,-2.9,2,0,0,500,50000,28,-43415,7718309,75,50273,-54989512
20:50:31.134,0,-2.9,2,0,0,500,50000,-23,-42426,7718073,108,46208,-54989252
20:50:31.139,0,-3.2,2,0,0,500,50000,-21,-42117,7717882,75,51564,-54989020
20:50:31.144,0,-3.2,2,0,0,500,50000,42,-39910,7717677,105,44537,-54988788
20:50:31.149,0,-3.5,2,0,0,500,50000,-6,-40023,7717498,65,51139,-54988536
20:50:31.154,0,-3.5,2,0,0,500,50000,8,-42067,7717302,153,43681,-54988320
20:50:31.159,0,-3.7,2,0,0,500,50000,20,-46915,7717034,100,50903,-54988016
20:50:31.165,0,-3.7,2,0,0,500,50000,1,-50322,7716778,256,44295,-54987864
20:50:31.170,0,-3.8,2,0,0,500,50000,21,-62236,7716394,87,50323,-54987540
20:50:31.175,0,-3.8,2,0,0,500,50000,11,-63625,7716090,140,53057,-54987276
20:50:31.180,0,-3.8,2,0,0,500,50000,29,-65430,7715711,6,51363,-54987008
20:50:31.185,0,-3.8,2,0,0,500,50000,9,-59826,7715454,76,48292,-54986812
20:50:31.190,0,-3.3,2,0,0,500,50000,-3,-57463,7715201,-11,52039,-54986512
20:50:31.195,0,-3.3,2,0,0,500,50000,-19,-50267,7714951,54,49353,-54986280
20:50:31.200,0,-2.3,2,0,0,500,50000,1,-48510,7714730,23,48889,-54986000
20:50:31.205,0,-2.3,2,0,0,500,50000,15,-39927,7714537,76,46560,-54985824
20:50:31.210,0,-1.5,2,0,0,500,50000,9,-36804,7714378,22,51597,-54985496
20:50:31.215,0,-1.5,2,0,0,500,50000,-9,-28028,7714287,119,47217,-54985296
20:50:31.220,0,-1.3,2,0,0,500,50000,44,-22731,7714185,57,46656,-54985060
20:50:31.225,0,-1.3,2,0,0,500,50000,15,-23694,7714070,109,52551,-54984792
20:50:31.230,0,-1.9,2,0,0,500,50000,-4,-33916,7713847,297,35482,-54984648
20:50:31.235,0,-1.9,2,0,0,500,50000,29,-46438,7713583,-34,56011,-54984304
20:50:31.240,0,-3.2,2,0,0,500,50000,1,-59983,7713206,213,44121,-54984136
20:50:31.245,0,-3.2,2,0,0,500,50000,-16,-70402,7712843,64,49940,-54983792
20:50:31.250,0,-4.6,2,0,0,500,50000,-19,-66772,7712486,144,46864,-54983624
20:50:31.256,0,-4.6,2,0,0,500,50000,-20,-60379,7712234,-1,50934,-54983296
20:50:31.261,0,-4.6,2,0,0,500,50000,2,-45485,7712037,97,46689,-54983132
20:50:31.266,0,-4.6,2,0,0,500,50000,37,-40110,7711846,99,48752,-54982820
20:50:31.271,0,-3.2,2,0,0,500,50000,4,-39382,7711671,50,52354,-54982556
20:50:31.276,0,-3.2,2,0,0,500,50000,20,-45978,7711403,84,47406,-54982340
20:50:31.281,0,-2.2,2,0,0,500,50000,-14,-50374,7711146,45,53292,-54982060
20:50:31.286,0,-2.2,2,0,0,500,50000,17,-57140,7710802,83,48762,-54981852
20:50:31.291,0,-2.5,2,0,0,500,50000,7,-62246,7710490,57,53586,-54981568
20:50:31.296,0,-2.5,2,0,0,500,50000,-1,-63199,7710186,174,48185,-54981324
20:50:31.301,0,-2.8,2,0,0,500,50000,-3,-56838,7709891,9,53983,-54981032
20:50:31.306,0,-2.8,2,0,0,500,50000,53,-51633,7709669,97,48980,-54980840
20:50:31.311,0,-2.5,2,0,0,500,50000,-36,-41157,7709483,63,52885,-54980560
20:50:31.316,0,-2.5,2,0,0,500,50000,20,-37834,7709322,140,42321,-54980360
20:50:31.321,0,-2.0,2,0,0,500,50000,21,-37367,7709122,55,53874,-54980028
20:50:31.326,0,-2.0,2,0,0,500,50000,33,-39666,7708921,150,46048,-54979836
20:50:31.331,0,-2.0,2,0,0,500,50000,54,-45812,7708642,61,51178,-54979580
20:50:31.336,0,-2.0,2,0,0,500,50000,14,-51696,7708369,154,48550,-54979356
20:50:31.341,0,-2.7,2,0,0,500,50000,19,-63171,7708034,70,49020,-54979072
20:50:31.347,0,-2.7,2,0,0,500,50000,9,-73863,7707577,127,46559,-54978888
20:50:31.352,0,-3.3,2,0,0,500,50000,-6,-80601,7707165,20,56202,-54978544
20:50:31.357,0,-3.3,2,0,0,500,50000,-24,-72949,7706715,48,53041,-54978256
20:50:31.362,0,-3.0,2,0,0,500,50000,-4,-61580,7706482,3,53592,-54978008
20:50:31.367,0,-3.0,2,0,0,500,50000,-69,-44651,7706307,99,45511,-54977808
20:50:31.372,0,-1.7,2,0,0,500,50000,-9,-29347,7706242,52,53106,-54977528
20:50:31.377,0,-1.7,2,0,0,500,50000,14,-20333,7706189,175,41858,-54977396
20:50:31.382,0,-0.3,2,0,0,500,50000,44,-15900,7706121,89,51496,-54977076
20:50:31.387,0,-0.3,2,0,0,500,50000,33,-16081,7706046,108,48001,-54976856
20:50:31.392,0,-0.5,2,0,0,500,50000,32,-22374,7705902,93,46617,-54976632
20:50:31.397,0,-0.5,2,0,0,500,50000,33,-30617,7705729,94,50916,-54976356
20:50:31.402,0,-2.3,2,0,0,500,50000,26,-45364,7705433,167,43062,-54976188
20:50:31.407,0,-2.3,2,0,0,500,50000,-7,-53481,7705154,26,55006,-54975852
20:50:31.412,0,-4.2,2,0,0,500,50000,82,-62561,7704781,161,44100,-54975664
20:50:31.417,0,-4.2,2,0,0,500,50000,2,-65167,7704474,-8,54111,-54975376
20:50:31.422,0,-5.0,2,0,0,500,50000,0,-75197,7704010,123,45519,-54975164
20:50:31.427,0,-5.0,2,0,0,500,50000,9,-82073,7703602,-102,57912,-54974788
20:50:31.432,0,-4.4,2,0,0,500,50000,-35,-73470,7703225,43,45650,-54974652
20:50:31.438,0,-4.4,2,0,0,500,50000,24,-63090,7702971,-71,59271,-54974284
20:50:31.443,0,-2.9,2,0,0,500,50000,-17,-46586,7702810,165,41270,-54974144
20:50:31.448,0,-2.9,2,0,0,500,50000,-24,-26145,7702729,7,58488,-54973756
20:50:31.453,0,-1.1,2,0,0,500,50000,37,-22002,7702638,292,39778,-54973672
20:50:31.458,0,-1.1,2,0,0,500,50000,8,-22209,7702521,-33,54636,-54973316
20:50:31.463,0,-0.1,2,0,0,500,50000,18,-30273,7702346,149,46400,-54973132
20:50:31.468,0,-0.1,2,0,0,500,50000,-9,-43002,7702069,98,49530,-54972828
20:50:31.473,0,-0.9,2,0,0,500,50000,-9,-50251,7701803,87,49596,-54972640
20:50:31.478,0,-0.9,2,0,0,500,50000,-1,-59437,7701487,88,44920,-54972376
20:50:31.483,0,-2.7,2,0,0,500,50000,8,-56439,7701181,-1,55875,-54972064
20:50:31.488,0,-2.7,2,0,0,500,50000,-18,-55840,7700925,108,44760,-54971840
20:50:31.493,0,-3.6,2,0,0,500,50000,-9,-54799,7700622,11,54761,-54971576
20:50:31.498,0,-3.0,2,0,0,500,50000,-5,-58949,7700333,126,45145,-54971336
20:50:31.503,0,-3.0,2,0,0,500,50000,-68,-54496,7700009,-4,58857,-54970928
20:50:31.508,0,-2.0,2,0,0,500,50000,-4,-51033,7699749,46,41898,-54970816
20:50:31.513,0,-2.0,2,0,0,500,50000,10,-45981,7699562,-61,58896,-54970428
20:50:31.518,0,-1.2,2,0,0,500,50000,-4,-42725,7699338,161,41567,-54970288
20:50:31.523,0,-1.2,2,0,0,500,50000,9,-39746,7699178,-17,57413,-54969952
20:50:31.529,0,-0.8,2,0,0,500,50000,-7,-38743,7698970,262,41379,-54969808
20:50:31.534,0,-0.8,2,0,0,500,50000,8,-40684,7698814,-7,59249,-54969512
20:50:31.539,0,-1.1,2,0,0,500,50000,-102,-41655,7698590,257,40440,-54969380
20:50:31.544,0,-1.1,2,0,0,500,50000,-55,-44017,7698379,17,55188,-54969060
20:50:31.549,0,-2.0,2,0,0,500,50000,-3,-52589,7698055,174,44636,-54968892
20:50:31.554,0,-2.0,2,0,0,500,50000,0,-56580,7697777,53,52129,-54968544
20:50:31.559,0,-3.0,2,0,0,500,50000,21,-55679,7697521,94,52835,-54968300
20:50:31.564,0,-3.0,2,0,0,500,50000,5,-55405,7697225,78,49397,-54968080
20:50:31.569,0,-3.3,2,0,0,500,50000,-6,-56224,7696953,0,50657,-54967836
20:50:31.574,0,-3.3,2,0,0,500,50000,10,-62946,7696582,77,49118,-54967552
20:50:31.579,0,-2.8,2,0,0,500,50000,-40,-61577,7696298,28,50379,-54967336
20:50:31.584,0,-2.8,2,0,0,500,50000,-37,-55296,7696009,-40,49729,-54967048
20:50:31.589,0,-1.9,2,0,0,500,50000,-15,-50927,7695781,35,49937,-54966800
20:50:31.594,0,-1.9,2,0,0,500,50000,14,-50490,7695510,30,50080,-54966512
20:50:31.599,0,-1.1,2,0,0,500,50000,30,-44896,7695326,108,46169,-54966344
20:50:31.604,0,-1.1,2,0,0,500,50000,13,-45482,7695114,50,49992,-54966036
20:50:31.609,0,-0.7,2,0,0,500,50000,-1,-43280,7694874,116,49245,-54965804
20:50:31.614,0,-0.7,2,0,0,500,50000,12,-49607,7694618,58,49173,-54965516
20:50:31.620,0,-1.1,2,0,0,500,50000,0,-48622,7694346,136,47115,-54965336
20:50:31.625,0,-1.1,2,0,0,500,50000,-43,-48051,7694122,75,50100,-54965032
20:50:31.630,0,-1.7,2,0,0,500,50000,-7,-45717,7693914,85,49977,-54964780
20:50:31.635,0,-1.7,2,0,0,500,50000,6,-45924,7693675,79,49510,-54964556
20:50:31.640,0,-2.1,2,0,0,500,50000,6,-54298,7693358,158,49313,-54964296
20:50:31.645,0,-2.1,2,0,0,500,50000,10,-62949,7693038,-45,52566,-54963992
20:50:31.650,0,-2.5,2,0,0,500,50000,12,-69848,7692629,101,47999,-54963800
20:50:31.655,0,-2.5,2,0,0,500,50000,-36,-68668,7692319,0,53556,-54963476
20:50:31.660,0,-2.5,2,0,0,500,50000,39,-63429,7691993,60,50628,-54963272
20:50:31.665,0,-2.5,2,0,0,500,50000,-8,-52891,7691790,17,52609,-54962988
20:50:31.670,0,-1.5,2,0,0,500,50000,-22,-40181,7691617,74,49882,-54962728
20:50:31.675,0,-1.5,2,0,0,500,50000,-30,-32048,7691505,89,48279,-54962524
20:50:31.680,0,-0.5,2,0,0,500,50000,17,-30096,7691358,66,48767,-54962256
20:50:31.685,0,-0.5,2,0,0,500,50000,-8,-34620,7691182,127,47615,-54962004
20:50:31.690,0,-0.7,2,0,0,500,50000,-24,-48364,7690902,97,49789,-54961776
20:50:31.695,0,-0.7,2,0,0,500,50000,8,-58201,7690538,72,48272,-54961516
20:50:31.700,0,-2.1,2,0,0,500,50000,-2,-59379,7690254,-8,51658,-54961220
20:50:31.705,0,-2.1,2,0,0,500,50000,-21,-59847,7689921,40,49587,-54961016
20:50:31.710,0,-3.1,2,0,0,500,50000,6,-63367,7689611,-21,53290,-54960728
20:50:31.716,0,-3.1,2,0,0,500,50000,-32,-65737,7689227,7,51161,-54960456
20:50:31.721,0,-2.8,2,0,0,500,50000,-14,-63247,7688935,14,54175,-54960172
20:50:31.726,0,-2.8,2,0,0,500,50000,0,-58973,7688667,25,51803,-54959952
20:50:31.731,0,-1.8,2,0,0,500,50000,-24,-52187,7688393,45,50688,-54959692
20:50:31.736,0,-1.8,2,0,0,500,50000,21,-42565,7688230,59,49327,-54959424
20:50:31.741,0,-0.9,2,0,0,500,50000,-23,-31737,7688087,83,50411,-54959168
20:50:31.746,0,-0.9,2,0,0,500,50000,6,-30331,7687946,11,50769,-54958940
20:50:31.751,0,-0.4,2,0,0,500,50000,12,-33458,7687754,124,47739,-54958716
20:50:31.756,0,-0.4,2,0,0,500,50000,25,-38505,7687554,81,51000,-54958416
20:50:31.761,0,-0.7,2,0,0,500,50000,18,-48076,7687286,143,48775,-54958220
20:50:31.766,0,-0.7,2,0,0,500,50000,-27,-56979,7686941,104,52107,-54957912
20:50:31.771,0,-1.8,2,0,0,500,50000,-7,-54220,7686650,71,48143,-54957676
20:50:31.776,0,-1.8,2,0,0,500,50000,0,-50621,7686438,60,51395,-54957420
20:50:31.781,0,-2.6,2,0,0,500,50000,38,-48674,7686189,120,49380,-54957184
20:50:31.786,0,-2.6,2,0,0,500,50000,-8,-52592,7685937,83,52103,-54956928
20:50:31.791,0,-2.4,2,0,0,500,50000,33,-55414,7685627,158,46486,-54956708
20:50:31.796,0,-2.4,2,0,0,500,50000,-2,-56618,7685362,0,52417,-54956372
20:50:31.801,0,-2.2,2,0,0,500,50000,-23,-58300,7685035,122,44325,-54956224
20:50:31.807,0,-2.2,2,0,0,500,50000,-3,-57087,7684774,-37,54222,-54955868
20:50:31.812,0,-2.1,2,0,0,500,50000,-21,-52130,7684497,76,46684,-54955660
20:50:31.817,0,-2.1,2,0,0,500,50000,0,-46572,7684301,-47,54850,-54955368
20:50:31.822,0,-1.6,2,0,0,500,50000,-9,-36144,7684138,75,45881,-54955172
20:50:31.827,0,-1.6,2,0,0,500,50000,4,-30077,7684026,-42,52037,-54954844
20:50:31.832,0,-1.1,2,0,0,500,50000,2,-27768,7683907,118,44006,-54954696
20:50:31.837,0,-1.1,2,0,0,500,50000,-8,-34086,7683703,95,47589,-54954412
20:50:31.842,0,-1.1,2,0,0,500,50000,7,-43736,7683458,82,51221,-54954136
20:50:31.847,0,-1.1,2,0,0,500,50000,-15,-54585,7683113,108,45535,-54953904
20:50:31.852,0,-1.9,2,0,0,500,50000,-1,-60600,7682798,13,55118,-54953632
20:50:31.857,0,-1.9,2,0,0,500,50000,-21,-68985,7682442,47,47019,-54953408
20:50:31.862,0,-2.9,2,0,0,500,50000,30,-71945,7682027,9,55346,-54953088
20:50:31.867,0,-2.9,2,0,0,500,50000,-11,-75031,7681654,67,48965,-54952848
20:50:31.872,0,-2.8,2,0,0,500,50000,-14,-72563,7681258,17,53628,-54952552
20:50:31.877,0,-2.8,2,0,0,500,50000,-8,-66965,7680905,18,51465,-54952336
20:50:31.882,0,-1.9,2,0,0,500,50000,-13,-55157,7680702,49,48784,-54952084
20:50:31.887,0,-1.9,2,0,0,500,50000,-11,-35756,7680583,53,48841,-54951804
20:50:31.892,0,-0.8,2,0,0,500,50000,3,-18324,7680574,20,45884,-54951616
20:50:31.898,0,-0.8,2,0,0,500,50000,17,-10657,7680562,47,50430,-54951304
20:50:31.903,0,-0.2,2,0,0,500,50000,4,-11864,7680497,183,45325,-54951136
20:50:31.908,0,-0.2,2,0,0,500,50000,32,-27394,7680294,122,50515,-54950836
20:50:31.913,0,-0.7,2,0,0,500,50000,51,-46054,7680005,180,46089,-54950652
20:50:31.918,0,-0.7,2,0,0,500,50000,19,-64034,7679590,13,52928,-54950332
20:50:31.923,0,-2.4,2,0,0,500,50000,-19,-70041,7679241,117,48925,-54950092
20:50:31.928,0,-2.4,2,0,0,500,50000,24,-76052,7678810,7,53163,-54949840
20:50:31.933,0,-3.7,2,0,0,500,50000,21,-78974,7678430,106,49900,-54949584
20:50:31.938,0,-3.7,2,0,0,500,50000,44,-76507,7678013,-30,52910,-54949288
20:50:31.943,0,-3.3,2,0,0,500,50000,-7,-73991,7677670,21,51504,-54949068
20:50:31.948,0,-3.3,2,0,0,500,50000,-1,-66017,7677326,13,51555,-54948800
20:50:31.953,0,-2.0,2,0,0,500,50000,-6,-56241,7677097,86,46739,-54948556
20:50:31.958,0,-0.9,2,0,0,500,50000,0,-41962,7676953,45,46831,-54948352
20:50:31.963,0,-0.9,2,0,0,500,50000,25,-28681,7676846,122,50968,-54948052
20:50:31.968,0,-0.6,2,0,0,500,50000,27,-23453,7676759,104,47907,-54947820
20:50:31.973,0,-0.6,2,0,0,500,50000,-16,-24585,7676622,120,47587,-54947556
20:50:31.978,0,-1.1,2,0,0,500,50000,-23,-34548,7676419,135,47864,-54947360
20:50:31.983,0,-1.1,2,0,0,500,50000,-17,-49196,7676091,94,47429,-54947092
20:50:31.988,0,-2.5,2,0,0,500,50000,-14,-58970,7675779,77,51876,-54946808
20:50:31.994,0,-2.5,2,0,0,500,50000,16,-68446,7675417,97,50458,-54946544
20:50:31.999,0,-3.6,2,0,0,500,50000,-25,-80641,7674926,39,50467,-54946328
20:50:32.004,0,-3.6,2,0,0,500,50000,3,-85041,7674506,-18,54558,-54946012
20:50:32.009,0,-3.3,2,0,0,500,50000,-10,-81644,7674071,50,50157,-54945784
20:50:32.014,0,-3.3,2,0,0,500,50000,-21,-74101,7673770,-64,57151,-54945504
20:50:32.019,0,-1.9,2,0,0,500,50000,-19,-59382,7673498,107,46683,-54945296
20:50:32.024,0,-1.9,2,0,0,500,50000,-32,-36404,7673379,0,52939,-54944984
20:50:32.029,0,-0.6,2,0,0,500,50000,4,-18325,7673365,97,47515,-54944792
20:50:32.034,0,-0.6,2,0,0,500,50000,-8,-8629,7673349,62,46503,-54944500
20:50:32.039,0,-0.2,2,0,0,500,50000,53,-11431,7673290,76,48584,-54944272
20:50:32.044,0,-0.2,2,0,0,500,50000,0,-17811,7673178,196,45991,-54944036
20:50:32.049,0,-1.2,2,0,0,500,50000,37,-27467,7673018,98,47659,-54943808
20:50:32.054,0,-1.2,2,0,0,500,50000,55,-42131,7672766,136,49156,-54943604
20:50:32.059,0,-3.3,2,0,0,500,50000,42,-63614,7672337,152,47126,-54943344
20:50:32.064,0,-3.3,2,0,0,500,50000,-65,-74596,7671946,51,52828,-54943040
20:50:32.069,0,-4.9,2,0,0,500,50000,-12,-84202,7671513,121,45742,-54942860
20:50:32.074,0,-4.9,2,0,0,500,50000,-11,-89438,7671002,35,57330,-54942504
20:50:32.079,0,-4.7,2,0,0,500,50000,-23,-88874,7670585,78,46775,-54942300
20:50:32.084,0,-4.7,2,0,0,500,50000,-18,-81509,7670166,-27,54143,-54942036
20:50:32.090,0,-2.9,2,0,0,500,50000,-22,-72443,7669866,131,47836,-54941788
20:50:32.095,0,-2.9,2,0,0,500,50000,-11,-51739,7669651,73,54939,-54941488
20:50:32.100,0,-1.0,2,0,0,500,50000,-35,-30700,7669590,106,45186,-54941268
20:50:32.105,0,-1.0,2,0,0,500,50000,17,-12470,7669611,16,50741,-54941032
20:50:32.110,0,-0.1,2,0,0,500,50000,6,-5271,7669605,226,41648,-54940828
20:50:32.115,0,-0.1,2,0,0,500,50000,58,-9138,7669546,162,48048,-54940544
20:50:32.120,0,-0.4,2,0,0,500,50000,142,-14114,7669458,141,46603,-54940344
20:50:32.125,0,-0.4,2,0,0,500,50000,31,-27506,7669269,188,45744,-54940100
20:50:32.130,0,-2.1,2,0,0,500,50000,36,-52644,7668885,108,47307,-54939840
20:50:32.135,0,-2.1,2,0,0,500,50000,-1,-67627,7668502,62,49648,-54939568
20:50:32.140,0,-4.2,2,0,0,500,50000,-8,-79800,7668009,19,50261,-54939336
20:50:32.145,0,-4.2,2,0,0,500,50000,-8,-88518,7667563,87,50547,-54939076
20:50:32.150,0,-5.0,2,0,0,500,50000,-82,-84546,7667186,27,53145,-54938776
20:50:32.155,0,-5.0,2,0,0,500,50000,-58,-79216,7666778,-26,51115,-54938572
20:50:32.160,0,-3.6,2,0,0,500,50000,-2,-60457,7666522,34,50209,-54938292
20:50:32.165,0,-3.6,2,0,0,500,50000,15,-44605,7666378,37,46756,-54938044
20:50:32.170,0,-1.4,2,0,0,500,50000,26,-21841,7666347,25,49528,-54937808
20:50:32.175,0,-1.4,2,0,0,500,50000,55,-13030,7666331,96,44167,-54937584
20:50:32.180,0,-0.2,2,0,0,500,50000,-21,-8925,7666307,105,47543,-54937308
20:50:32.186,0,-0.2,2,0,0,500,50000,55,-16232,7666203,171,46048,-54937120
20:50:32.191,0,-0.7,2,0,0,500,50000,3,-29792,7665993,191,44992,-54936860
20:50:32.196,0,-0.7,2,0,0,500,50000,63,-40328,7665739,120,48999,-54936636
20:50:32.201,0,-2.7,2,0,0,500,50000,50,-50986,7665466,163,43319,-54936412
20:50:32.206,0,-2.7,2,0,0,500,50000,-17,-58893,7665115,90,48266,-54936112
20:50:32.211,0,-4.8,2,0,0,500,50000,-14,-65269,7664781,150,48157,-54935916
20:50:32.216,0,-4.8,2,0,0,500,50000,1,-67796,7664455,168,48738,-54935644
20:50:32.221,0,-5.7,2,0,0,500,50000,2,-75421,7664010,44,49516,-54935384
20:50:32.226,0,-5.7,2,0,0,500,50000,-24,-78620,7663626,96,50288,-54935108
20:50:32.231,0,-5.2,2,0,0,500,50000,-43,-72884,7663234,86,50529,-54934884
20:50:32.236,0,-5.2,2,0,0,500,50000,-62,-67785,7662938,32,49843,-54934616
20:50:32.241,0,-3.6,2,0,0,500,50000,-20,-57884,7662715,56,53172,-54934324
20:50:32.246,0,-3.6,2,0,0,500,50000,75,-42417,7662542,130,47801,-54934144
20:50:32.251,0,-1.8,2,0,0,500,50000,-65,-34558,7662382,64,50520,-54933832
20:50:32.256,0,-1.8,2,0,0,500,50000,118,-27771,7662282,242,40256,-54933688
20:50:32.262,0,-0.8,2,0,0,500,50000,41,-25903,7662167,112,51146,-54933364
20:50:32.267,0,-0.8,2,0,0,500,50000,-18,-30007,7662009,226,44446,-54933216
20:50:32.267,0,-0.8,2,0,0,500,50000,0,-45171,7661711,198,44453,-54932956
20:50:32.272,0,-1.5,2,0,0,500,50000,15,-58245,7661385,62,53511,-54932656
20:50:32.277,0,-1.5,2,0,0,500,50000,-7,-67753,7660970,209,43426,-54932460
20:50:32.282,0,-3.3,2,0,0,500,50000,0,-70778,7660634,-19,56263,-54932160
20:50:32.287,0,-3.3,2,0,0,500,50000,-17,-76826,7660187,213,44286,-54931972
20:50:32.292,0,-4.7,2,0,0,500,50000,-47,-70500,7659833,64,55706,-54931616
20:50:32.297,0,-4.7,2,0,0,500,50000,-30,-60851,7659593,52,44125,-54931468
20:50:32.302,0,-4.6,2,0,0,500,50000,32,-49984,7659374,2,54682,-54931128
20:50:32.307,0,-4.6,2,0,0,500,50000,-10,-41698,7659227,135,43206,-54930976
20:50:32.312,0,-3.1,2,0,0,500,50000,49,-32305,7659090,6,54683,-54930640
20:50:32.318,0,-3.1,2,0,0,500,50000,-1,-32445,7658938,223,42230,-54930460
20:50:32.323,0,-1.6,2,0,0,500,50000,-4,-34387,7658747,10,53880,-54930164
20:50:32.328,0,-1.6,2,0,0,500,50000,29,-40902,7658523,192,45258,-54929980
20:50:32.333,0,-1.4,2,0,0,500,50000,15,-54019,7658186,37,51538,-54929700
20:50:32.338,0,-1.4,2,0,0,500,50000,8,-60943,7657866,105,52009,-54929456
20:50:32.343,0,-2.4,2,0,0,500,50000,-4,-61044,7657517,126,44798,-54929216
20:50:32.348,0,-2.4,2,0,0,500,50000,-40,-52157,7657314,32,54842,-54928908
20:50:32.353,0,-3.5,2,0,0,500,50000,0,-46090,7657126,206,46604,-54928732
20:50:32.358,0,-3.5,2,0,0,500,50000,-4,-42463,7656906,-11,51392,-54928464
20:50:32.363,0,-3.6,2,0,0,500,50000,-14,-48257,7656653,276,43373,-54928256
20:50:32.368,0,-3.1,2,0,0,500,50000,20,-56357,7656315,128,52649,-54927980
20:50:32.373,0,-3.1,2,0,0,500,50000,-8,-62697,7655993,136,44598,-54927772
20:50:32.378,0,-3.0,2,0,0,500,50000,10,-67697,7655658,-28,54531,-54927440
20:50:32.383,0,-3.0,2,0,0,500,50000,-18,-68618,7655266,145,46798,-54927224
20:50:32.388,0,-3.1,2,0,0,500,50000,-9,-64108,7654986,-24,57913,-54926924
20:50:32.394,0,-3.1,2,0,0,500,50000,-27,-44819,7654807,139,40440,-54926784
20:50:32.399,0,-2.5,2,0,0,500,50000,-4,-27222,7654758,33,54019,-54926420
20:50:32.404,0,-2.5,2,0,0,500,50000,6,-14779,7654726,260,43104,-54926252
20:50:32.409,0,-1.2,2,0,0,500,50000,28,-16382,7654651,151,52902,-54925968
20:50:32.414,0,-1.2,2,0,0,500,50000,18,-26094,7654474,173,50101,-54925752
20:50:32.424,0,-1.0,2,0,0,500,50000,15,-45748,7654122,252,39056,-54925516
20:50:32.429,0,-2.5,2,0,0,500,50000,27,-57186,7653777,35,53179,-54925148
20:50:32.434,0,-2.5,2,0,0,500,50000,9,-59773,7653498,100,52323,-54924908
20:50:32.439,0,-4.1,2,0,0,500,50000,39,-60430,7653178,22,46976,-54924700
20:50:32.444,0,-4.1,2,0,0,500,50000,-2,-59967,7652906,36,54624,-54924408
20:50:32.444,0,-4.1,2,0,0,500,50000,-102,-52191,7652747,60,48620,-54924256
20:50:32.449,0,-4.2,2,0,0,500,50000,-6,-44733,7652529,47,51210,-54924036
20:50:32.454,0,-4.2,2,0,0,500,50000,-58,-41721,7652354,168,41770,-54923820
20:50:32.459,0,-3.2,2,0,0,500,50000,0,-40717,7652142,-47,58894,-54923452
20:50:32.464,0,-3.2,2,0,0,500,50000,-25,-47033,7651899,246,37195,-54923376
20:50:32.469,0,-2.6,2,0,0,500,50000,3,-49792,7651659,-41,59634,-54922952
20:50:32.475,0,-2.6,2,0,0,500,50000,-12,-51925,7651357,230,37698,-54922888
20:50:32.480,0,-2.8,2,0,0,500,50000,-2,-47042,7651161,5,55240,-54922500
20:50:32.485,0,-2.8,2,0,0,500,50000,8,-41486,7650954,119,47255,-54922312
20:50:32.490,0,-2.9,2,0,0,500,50000,26,-39666,7650779,103,48374,-54922012
20:50:32.495,0,-2.9,2,0,0,500,50000,-30,-37481,7650569,126,49575,-54921824
20:50:32.500,0,-2.5,2,0,0,500,50000,-15,-41293,7650366,223,43005,-54921584
20:50:32.505,0,-2.5,2,0,0,500,50000,49,-44553,7650122,34,55254,-54921256
20:50:32.510,0,-2.4,2,0,0,500,50000,-18,-52618,7649851,222,38163,-54921120
20:50:32.515,0,-2.4,2,0,0,500,50000,-8,-59552,7649542,31,58947,-54920752
20:50:32.520,0,-3.0,2,0,0,500,50000,-30,-70639,7649099,215,40917,-54920616
20:50:32.525,0,-3.0,2,0,0,500,50000,54,-67360,7648789,-38,56855,-54920224
20:50:32.530,0,-3.4,2,0,0,500,50000,-26,-61353,7648458,167,40656,-54920128
20:50:32.535,0,-3.4,2,0,0,500,50000,-6,-50428,7648265,-56,56749,-54919736
20:50:32.540,0,-3.0,2,0,0,500,50000,-15,-41067,7648106,136,43343,-54919576
20:50:32.545,0,-3.0,2,0,0,500,50000,2,-25593,7648023,47,50372,-54919244
20:50:32.550,0,-1.9,2,0,0,500,50000,-4,-22155,7647913,142,47861,-54919040
20:50:32.555,0,-1.9,2,0,0,500,50000,14,-24106,7647801,137,44966,-54918824
20:50:32.560,0,-1.1,2,0,0,500,50000,15,-31728,7647601,96,49244,-54918556
20:50:32.566,0,-1.1,2,0,0,500,50000,294,-46715,7647326,198,47557,-54918348
20:50:32.571,0,-1.8,2,0,0,500,50000,-22,-58990,7646949,51,51493,-54918060
20:50:32.576,0,-1.8,2,0,0,500,50000,4,-63232,7646641,32,47457,-54917872
20:50:32.581,0,-3.4,2,0,0,500,50000,26,-60477,7646329,-15,52559,-54917564
20:50:32.586,0,-3.4,2,0,0,500,50000,11,-60262,7646054,116,47609,-54917336
20:50:32.591,0,-4.3,2,0,0,500,50000,51,-61701,7645709,5,53501,-54917072
20:50:32.596,0,-4.3,2,0,0,500,50000,2,-57262,7645450,110,48945,-54916840
20:50:32.601,0,-3.7,2,0,0,500,50000,44,-52331,7645169,52,49730,-54916560
20:50:32.606,0,-3.7,2,0,0,500,50000,11,-46249,7644970,82,50360,-54916344
20:50:32.611,0,-2.7,2,0,0,500,50000,-6,-40626,7644761,76,48718,-54916076
20:50:32.616,0,-2.7,2,0,0,500,50000,11,-37474,7644598,68,50275,-54915824
20:50:32.621,0,-2.3,2,0,0,500,50000,-3,-37842,7644423,166,46433,-54915628
20:50:32.626,0,-2.3,2,0,0,500,50000,-18,-41783,7644169,124,50542,-54915360
20:50:32.631,0,-2.3,2,0,0,500,50000,-25,-49565,7643903,97,48409,-54915116
20:50:32.636,0,-2.3,2,0,0,500,50000,-7,-58443,7643545,64,51046,-54914824
20:50:32.641,0,-3.0,2,0,0,500,50000,-28,-62641,7643225,0,47900,-54914632
20:50:32.646,0,-3.0,2,0,0,500,50000,13,-63599,7642922,-9,52979,-54914332
20:50:32.651,0,-3.7,2,0,0,500,50000,-37,-58876,7642615,65,48989,-54914084
20:50:32.656,0,-3.7,2,0,0,500,50000,81,-52308,7642394,87,48890,-54913872
20:50:32.662,0,-3.6,2,0,0,500,50000,23,-53400,7642090,74,47991,-54913616
20:50:32.667,0,-3.6,2,0,0,500,50000,-13,-53519,7641841,69,50671,-54913344
20:50:32.672,0,-2.7,2,0,0,500,50000,0,-53083,7641543,69,49504,-54913084
20:50:32.677,0,-2.7,2,0,0,500,50000,17,-50417,7641319,71,50469,-54912860
20:50:32.682,0,-1.9,2,0,0,500,50000,10,-47431,7641066,158,45232,-54912640
20:50:32.687,0,-1.9,2,0,0,500,50000,-10,-42675,7640889,13,50585,-54912332
20:50:32.692,0,-1.8,2,0,0,500,50000,17,-36798,7640711,208,45879,-54912156
20:50:32.697,0,-1.8,2,0,0,500,50000,6,-31090,7640593,143,45514,-54911896
20:50:32.702,0,-2.0,2,0,0,500,50000,1,-27690,7640458,114,45904,-54911640
20:50:32.707,0,-2.0,2,0,0,500,50000,4,-31331,7640278,186,47529,-54911416
20:50:32.712,0,-2.4,2,0,0,500,50000,44,-41926,7640043,142,44959,-54911172
20:50:32.717,0,-2.4,2,0,0,500,50000,8,-55017,7639695,92,50745,-54910928
20:50:32.722,0,-3.3,2,0,0,500,50000,-13,-58301,7639414,89,48798,-54910668
20:50:32.727,0,-3.3,2,0,0,500,50000,-25,-60032,7639083,37,53770,-54910368
20:50:32.732,0,-4.5,2,0,0,500,50000,0,-59035,7638810,61,47303,-54910184
20:50:32.737,0,-4.5,2,0,0,500,50000,22,-61738,7638502,8,52366,-54909888
20:50:32.742,0,-4.7,2,0,0,500,50000,-2,-63260,7638146,69,46352,-54909644
20:50:32.747,0,-4.7,2,0,0,500,50000,-29,-55468,7637915,-20,55169,-54909376
20:50:32.753,0,-3.6,2,0,0,500,50000,-6,-53088,7637634,71,49907,-54909132
20:50:32.758,0,-3.6,2,0,0,500,50000,21,-47257,7637435,89,51046,-54908860
20:50:32.763,0,-2.4,2,0,0,500,50000,-32,-43184,7637205,112,45198,-54908636
20:50:32.768,0,-2.4,2,0,0,500,50000,20,-40661,7637023,-15,54005,-54908368
20:50:32.773,0,-1.8,2,0,0,500,50000,-14,-40566,7636834,217,42580,-54908188
20:50:32.778,0,-1.8,2,0,0,500,50000,-2,-34173,7636678,56,53169,-54907848
20:50:32.788,0,-1.7,2,0,0,500,50000,8,-35200,7636478,76,48721,-54907632
20:50:32.798,0,-2.1,2,0,0,500,50000,-18,-43793,7636007,22,55665,-54907072
20:50:32.803,0,-2.9,2,0,0,500,50000,-14,-45349,7635786,171,42361,-54906940
20:50:32.808,0,-2.9,2,0,0,500,50000,-14,-48205,7635514,-43,57042,-54906584
20:50:32.808,0,-2.9,2,0,0,500,50000,-14,-50586,7635310,137,43936,-54906448
20:50:32.813,0,-3.6,2,0,0,500,50000,3,-62521,7634917,1,58205,-54906092
20:50:32.818,0,-3.8,2,0,0,500,50000,-17,-67796,7634586,138,40081,-54905984
20:50:32.823,0,-3.8,2,0,0,500,50000,-39,-65305,7634230,-28,59400,-54905592
20:50:32.828,0,-3.5,2,0,0,500,50000,-11,-63803,7633934,80,46482,-54905396
20:50:32.833,0,-3.5,2,0,0,500,50000,11,-51818,7633694,42,53350,-54905132
20:50:32.838,0,-2.7,2,0,0,500,50000,-12,-43266,7633530,56,46944,-54904892
20:50:32.844,0,-2.7,2,0,0,500,50000,-2,-29374,7633419,101,49630,-54904668
20:50:32.849,0,-1.6,2,0,0,500,50000,32,-24228,7633309,163,45322,-54904428
20:50:32.854,0,-1.6,2,0,0,500,50000,-14,-25225,7633193,130,48629,-54904160
20:50:32.859,0,-1.2,2,0,0,500,50000,-5,-30254,7633018,182,42227,-54903992
20:50:32.864,0,-1.2,2,0,0,500,50000,24,-40429,7632794,79,50656,-54903664
20:50:32.869,0,-2.2,2,0,0,500,50000,-18,-51797,7632463,118,47970,-54903432
20:50:32.874,0,-2.2,2,0,0,500,50000,23,-57631,7632170,92,48432,-54903196
20:50:32.879,0,-3.8,2,0,0,500,50000,-18,-57030,7631849,95,50372,-54902936
20:50:32.884,0,-3.8,2,0,0,500,50000,9,-62539,7631534,83,46202,-54902676
20:50:32.889,0,-4.6,2,0,0,500,50000,20,-65900,7631213,129,51132,-54902448
20:50:32.894,0,-4.6,2,0,0,500,50000,-3,-68376,7630821,25,49627,-54902168
20:50:32.899,0,-4.0,2,0,0,500,50000,-22,-65352,7630518,68,48815,-54901920
20:50:32.904,0,-4.0,2,0,0,500,50000,-53,-59726,7630199,-51,51399,-54901612
20:50:32.909,0,-2.8,2,0,0,500,50000,-32,-50376,7629998,105,46803,-54901436
20:50:32.914,0,-2.8,2,0,0,500,50000,18,-42170,7629831,56,50379,-54901144
20:50:32.919,0,-1.7,2,0,0,500,50000,6,-39051,7629626,124,46032,-54900916
20:50:32.924,0,-1.7,2,0,0,500,50000,27,-35836,7629477,77,49418,-54900640
20:50:32.929,0,-1.3,2,0,0,500,50000,-26,-37735,7629262,185,47634,-54900448
20:50:32.935,0,-1.3,2,0,0,500,50000,39,-50299,7628973,94,50124,-54900172
20:50:32.950,0,-3.2,2,0,0,500,50000,-16,-65216,7628149,65,49191,-54899596
20:50:32.955,0,-3.2,2,0,0,500,50000,10,-65799,7627846,38,52476,-54899356
20:50:32.960,0,-3.9,2,0,0,500,50000,-6,-65702,7627491,110,46613,-54899112
20:50:32.965,0,-3.9,2,0,0,500,50000,-24,-59434,7627242,32,52540,-54898864
20:50:32.965,0,-3.9,2,0,0,500,50000,-5,-54000,7627067,66,50791,-54898644
20:50:32.970,0,-3.2,2,0,0,500,50000,-50,-40981,7626897,36,51085,-54898380
20:50:32.975,0,-3.2,2,0,0,500,50000,-48,-32999,7626750,65,48234,-54898172
20:50:32.980,0,-2.0,2,0,0,500,50000,8,-33477,7626594,79,50752,-54897900
20:50:32.985,0,-2.0,2,0,0,500,50000,3,-38781,7626371,140,47123,-54897712
20:50:32.990,0,-1.4,2,0,0,500,50000,-35,-45487,7626133,124,47672,-54897452
20:50:32.995,0,-1.4,2,0,0,500,50000,12,-58215,7625770,164,48563,-54897184
20:50:33.000,0,-2.1,2,0,0,500,50000,-14,-65395,7625443,113,48060,-54896972
20:50:33.005,0,-2.1,2,0,0,500,50000,-5,-69449,7625097,28,53926,-54896652
20:50:33.010,0,-3.4,2,0,0,500,50000,-24,-66953,7624731,72,50111,-54896412
20:50:33.015,0,-3.4,2,0,0,500,50000,-33,-59472,7624479,79,51188,-54896188
20:50:33.021,0,-3.8,2,0,0,500,50000,6,-53193,7624206,55,50784,-54895920
20:50:33.026,0,-3.8,2,0,0,500,50000,29,-52584,7623962,95,50912,-54895648
20:50:33.031,0,-3.1,2,0,0,500,50000,1,-53820,7623659,1,53078,-54895360
20:50:33.036,0,-3.1,2,0,0,500,50000,-14,-52173,7623414,-13,48389,-54895172
20:50:33.041,0,-2.3,2,0,0,500,50000,-25,-51015,7623179,-15,53221,-54894864
20:50:33.046,0,-2.3,2,0,0,500,50000,-91,-47967,7622927,36,49463,-54894620
20:50:33.051,0,-1.9,2,0,0,500,50000,4,-43403,7622741,60,48305,-54894416
20:50:33.056,0,-1.9,2,0,0,500,50000,11,-38663,7622545,71,51350,-54894128
20:50:33.061,0,-1.6,2,0,0,500,50000,6,-37271,7622373,102,46960,-54893896
20:50:33.066,0,-1.6,2,0,0,500,50000,3,-36732,7622166,127,47977,-54893632
20:50:33.071,0,-1.5,2,0,0,500,50000,18,-38584,7621977,114,48856,-54893372
20:50:33.076,0,-1.5,2,0,0,500,50000,-10,-45084,7621706,161,45930,-54893184
20:50:33.081,0,-1.9,2,0,0,500,50000,13,-48209,7621469,124,49800,-54892888
20:50:33.086,0,-1.9,2,0,0,500,50000,9,-51421,7621178,43,46386,-54892700
20:50:33.091,0,-2.8,2,0,0,500,50000,-28,-49514,7620963,83,52141,-54892400
20:50:33.096,0,-2.8,2,0,0,500,50000,-17,-53104,7620665,75,46109,-54892172
20:50:33.101,0,-3.4,2,0,0,500,50000,46,-54386,7620411,56,52572,-54891900
20:50:33.107,0,-3.4,2,0,0,500,50000,-37,-54755,7620110,182,43993,-54891684
20:50:33.112,0,-3.4,2,0,0,500,50000,4,-50844,7619849,-33,54397,-54891340
20:50:33.117,0,-3.4,2,0,0,500,50000,81,-49805,7619623,130,44057,-54891200
20:50:33.122,0,-3.0,2,0,0,500,50000,73,-46616,7619426,-4,55094,-54890840
20:50:33.127,0,-3.0,2,0,0,500,50000,7,-45792,7619178,153,45096,-54890652
20:50:33.132,0,-2.5,2,0,0,500,50000,22,-43362,7618987,-26,55206,-54890352
20:50:33.137,0,-2.5,2,0,0,500,50000,-8,-43753,7618733,158,44881,-54890168
20:50:33.142,0,-2.0,2,0,0,500,50000,15,-42528,7618538,27,52743,-54889880
20:50:33.147,0,-2.0,2,0,0,500,50000,-6,-38926,7618330,96,45584,-54889676
20:50:33.152,0,-2.0,2,0,0,500,50000,11,-41731,7618121,-6,53143,-54889344
20:50:33.157,0,-2.0,2,0,0,500,50000,-9,-43053,7617915,73,45135,-54889152
20:50:33.162,0,-2.2,2,0,0,500,50000,25,-42391,7617685,101,53538,-54888860
20:50:33.167,0,-2.2,2,0,0,500,50000,14,-44259,7617466,53,47628,-54888656
20:50:33.172,0,-2.6,2,0,0,500,50000,20,-47968,7617193,50,46279,-54888392
20:50:33.177,0,-2.6,2,0,0,500,50000,31,-57351,7616883,9,54539,-54888096
20:50:33.182,0,-3.0,2,0,0,500,50000,-2,-66198,7616539,74,48699,-54887904
20:50:33.187,0,-3.0,2,0,0,500,50000,9,-64676,7616182,18,53388,-54887612
20:50:33.193,0,-3.4,2,0,0,500,50000,-4,-62049,7615905,82,47099,-54887368
20:50:33.198,0,-3.4,2,0,0,500,50000,3,-57225,7615602,47,53509,-54887120
20:50:33.203,0,-3.3,2,0,0,500,50000,-2,-50427,7615399,60,48654,-54886880
20:50:33.208,0,-3.3,2,0,0,500,50000,-7,-37713,7615238,49,51037,-54886604
20:50:33.213,0,-2.4,2,0,0,500,50000,3,-33940,7615099,96,45475,-54886380
20:50:33.218,0,-2.4,2,0,0,500,50000,6,-26737,7614985,67,50096,-54886140
20:50:33.223,0,-1.4,2,0,0,500,50000,9,-30638,7614835,147,48564,-54885888
20:50:33.228,0,-1.4,2,0,0,500,50000,14,-42513,7614570,99,48742,-54885672
20:50:33.233,0,-1.4,2,0,0,500,50000,-46,-55155,7614267,75,50306,-54885396
20:50:33.238,0,-1.4,2,0,0,500,50000,-17,-59203,7613927,147,48374,-54885144
20:50:33.243,0,-2.4,2,0,0,500,50000,26,-60549,7613594,34,51696,-54884904
20:50:33.248,0,-3.6,2,0,0,500,50000,50,-65246,7613279,40,49091,-54884648
20:50:33.253,0,-3.6,2,0,0,500,50000,-45,-66853,7612909,104,49507,-54884380
20:50:33.258,0,-3.8,2,0,0,500,50000,9,-66993,7612594,56,51302,-54884144
20:50:33.263,0,-3.8,2,0,0,500,50000,-15,-63942,7612310,34,50939,-54883868
20:50:33.269,0,-3.2,2,0,0,500,50000,-10,-59283,7611998,41,51597,-54883644
20:50:33.274,0,-3.2,2,0,0,500,50000,6,-51514,7611781,72,48860,-54883380
20:50:33.279,0,-2.3,2,0,0,500,50000,12,-42681,7611578,70,50407,-54883116
20:50:33.284,0,-2.3,2,0,0,500,50000,39,-38000,7611415,136,47422,-54882880
20:50:33.289,0,-1.7,2,0,0,500,50000,-171,-36808,7611222,129,49693,-54882656
20:50:33.294,0,-1.7,2,0,0,500,50000,28,-38798,7611035,169,47454,-54882412
20:50:33.299,0,-1.6,2,0,0,500,50000,4,-44242,7610809,70,51107,-54882128
20:50:33.304,0,-1.6,2,0,0,500,50000,0,-49355,7610511,55,49433,-54881884
20:50:33.309,0,-2.2,2,0,0,500,50000,8,-49813,7610231,20,48593,-54881612
20:50:33.314,0,-2.2,2,0,0,500,50000,-17,-49755,7609994,57,51276,-54881348
20:50:33.319,0,-3.0,2,0,0,500,50000,18,-55769,7609710,88,48143,-54881136
20:50:33.324,0,-3.0,2,0,0,500,50000,-43,-65472,7609309,54,50174,-54880868
20:50:33.329,0,-3.3,2,0,0,500,50000,-11,-73925,7608922,56,53674,-54880616
20:50:33.334,0,-3.3,2,0,0,500,50000,-20,-74010,7608578,95,47070,-54880396
20:50:33.339,0,-3.1,2,0,0,500,50000,-11,-66407,7608242,46,52287,-54880076
20:50:33.344,0,-3.1,2,0,0,500,50000,-6,-53088,7608055,82,51162,-54879820
20:50:33.350,0,-2.5,2,0,0,500,50000,-6,-38733,7607902,73,50286,-54879596
20:50:33.355,0,-2.5,2,0,0,500,50000,12,-28783,7607785,85,47638,-54879368
20:50:33.360,0,-1.5,2,0,0,500,50000,20,-25171,7607690,153,48140,-54879144
20:50:33.365,0,-1.5,2,0,0,500,50000,21,-26784,7607543,147,48695,-54878880
20:50:33.370,0,-1.3,2,0,0,500,50000,30,-37909,7607322,108,47233,-54878628
20:50:33.375,0,-1.3,2,0,0,500,50000,-13,-50547,7606998,101,50872,-54878384
20:50:33.380,0,-2.4,2,0,0,500,50000,208,-57178,7606699,79,46550,-54878144
20:50:33.385,0,-2.4,2,0,0,500,50000,-4,-58393,7606366,18,53770,-54877868
20:50:33.390,0,-3.7,2,0,0,500,50000,43,-60469,7606066,98,45439,-54877644
20:50:33.395,0,-3.7,2,0,0,500,50000,0,-63389,7605702,5,53075,-54877324
20:50:33.400,0,-3.8,2,0,0,500,50000,-14,-61458,7605423,31,47669,-54877136
20:50:33.405,0,-3.8,2,0,0,500,50000,7,-50388,7605178,6,55653,-54876816
20:50:33.410,0,-2.8,2,0,0,500,50000,-17,-45152,7604989,71,45976,-54876608
20:50:33.415,0,-2.8,2,0,0,500,50000,-9,-40038,7604826,38,53597,-54876296
20:50:33.420,0,-1.6,2,0,0,500,50000,-8,-40454,7604603,110,43793,-54876144
20:50:33.426,0,-1.6,2,0,0,500,50000,27,-41360,7604405,60,54293,-54875816
20:50:33.431,0,-1.2,2,0,0,500,50000,2,-43735,7604158,141,42855,-54875628
20:50:33.436,0,-1.2,2,0,0,500,50000,-8,-40162,7603983,-37,55357,-54875340
20:50:33.441,0,-1.6,2,0,0,500,50000,-50,-41323,7603787,101,46101,-54875124
20:50:33.446,0,-1.6,2,0,0,500,50000,1,-44162,7603533,80,50666,-54874844
20:50:33.451,0,-2.3,2,0,0,500,50000,-51,-51663,7603267,47,48800,-54874584
20:50:33.456,0,-2.3,2,0,0,500,50000,-9,-50784,7603002,60,50668,-54874360
20:50:33.461,0,-2.7,2,0,0,500,50000,21,-50552,7602730,58,49223,-54874052
20:50:33.466,0,-2.7,2,0,0,500,50000,5,-54152,7602422,67,51496,-54873776
20:50:33.471,0,-2.9,2,0,0,500,50000,3,-62586,7602091,81,49370,-54873560
20:50:33.476,0,-2.9,2,0,0,500,50000,-11,-69726,7601737,-3,52674,-54873280
20:50:33.481,0,-2.9,2,0,0,500,50000,-12,-68984,7601366,97,48611,-54873020
20:50:33.486,0,-2.9,2,0,0,500,50000,-1,-66041,7601070,-32,49737,-54872848
20:50:33.491,0,-2.6,2,0,0,500,50000,-28,-57400,7600838,31,50357,-54872552
20:50:33.497,0,-2.6,2,0,0,500,50000,18,-41573,7600665,17,53875,-54872268
20:50:33.502,0,-1.9,2,0,0,500,50000,3,-30866,7600570,87,47542,-54872080
20:50:33.507,0,-1.9,2,0,0,500,50000,9,-23248,7600474,83,49995,-54871808
20:50:33.512,0,-1.0,2,0,0,500,50000,3,-20390,7600393,104,47621,-54871564
20:50:33.517,0,-1.0,2,0,0,500,50000,-2,-23841,7600257,88,49345,-54871340
20:50:33.522,0,-1.0,2,0,0,500,50000,27,-32719,7600075,60,50178,-54871076
20:50:33.527,0,-1.0,2,0,0,500,50000,47,-46781,7599770,111,47528,-54870876
20:50:33.532,0,-2.1,2,0,0,500,50000,59,-56268,7599467,72,50697,-54870592
20:50:33.537,0,-2.1,2,0,0,500,50000,-9,-63131,7599081,26,51299,-54870316
20:50:33.542,0,-3.6,2,0,0,500,50000,3,-71373,7598715,36,50939,-54870036
20:50:33.547,0,-3.6,2,0,0,500,50000,22,-78404,7598251,95,47594,-54869852
20:50:33.552,0,-4.1,2,0,0,500,50000,-18,-80765,7597867,35,53094,-54869544
20:50:33.557,0,-4.1,2,0,0,500,50000,20,-75528,7597529,73,48064,-54869304
20:50:33.562,0,-3.3,2,0,0,500,50000,-21,-69641,7597161,-44,55118,-54869040
20:50:33.567,0,-3.3,2,0,0,500,50000,46,-58322,7596939,-8,50345,-54868788
20:50:33.573,0,-2.0,2,0,0,500,50000,-10,-38074,7596797,38,50679,-54868528
20:50:33.578,0,-2.0,2,0,0,500,50000,10,-25489,7596730,103,47198,-54868284
20:50:33.583,0,-0.8,2,0,0,500,50000,29,-15437,7596683,150,46401,-54868092
20:50:33.588,0,-0.8,2,0,0,500,50000,27,-18561,7596585,116,47896,-54867816
20:50:33.593,0,-0.4,2,0,0,500,50000,7,-26922,7596430,120,48177,-54867568
20:50:33.598,0,-0.4,2,0,0,500,50000,32,-45049,7596122,73,48713,-54867348
20:50:33.603,0,-1.3,2,0,0,500,50000,0,-57105,7595807,47,50275,-54867076
20:50:33.608,0,-1.3,2,0,0,500,50000,3,-65042,7595418,13,49603,-54866812
20:50:33.613,0,-3.0,2,0,0,500,50000,-31,-70583,7595074,9,50656,-54866532
20:50:33.618,0,-3.0,2,0,0,500,50000,-2,-76394,7594651,-18,49199,-54866324
20:50:33.623,0,-3.9,2,0,0,500,50000,-24,-74734,7594249,69,53150,-54866028
20:50:33.628,0,-3.4,2,0,0,500,50000,-2,-70319,7593946,79,48942,-54865824
20:50:33.633,0,-3.4,2,0,0,500,50000,-17,-62350,7593634,54,53458,-54865524
20:50:33.638,0,-2.1,2,0,0,500,50000,-8,-50264,7593454,100,48344,-54865280
20:50:33.643,0,-2.1,2,0,0,500,50000,-10,-36708,7593303,91,49800,-54865056
20:50:33.648,0,-0.9,2,0,0,500,50000,51,-24968,7593238,180,43225,-54864828
20:50:33.654,0,-0.9,2,0,0,500,50000,30,-22652,7593126,71,50177,-54864528
20:50:33.659,0,-0.7,2,0,0,500,50000,15,-26084,7592993,170,43983,-54864360
20:50:33.664,0,-0.7,2,0,0,500,50000,27,-34992,7592774,85,50710,-54864048
20:50:33.669,0,-1.7,2,0,0,500,50000,17,-49222,7592487,154,46455,-54863868
20:50:33.674,0,-1.7,2,0,0,500,50000,9,-59640,7592158,88,49339,-54863580
20:50:33.679,0,-3.3,2,0,0,500,50000,15,-63394,7591777,74,50624,-54863316
20:50:33.684,0,-3.3,2,0,0,500,50000,21,-66471,7591450,39,51111,-54863036
20:50:33.689,0,-4.0,2,0,0,500,50000,-62,-72515,7591022,23,50213,-54862824
20:50:33.694,0,-4.0,2,0,0,500,50000,-9,-75067,7590649,14,51059,-54862544
20:50:33.699,0,-3.4,2,0,0,500,50000,15,-70656,7590330,40,52431,-54862272
20:50:33.704,0,-3.4,2,0,0,500,50000,32,-62398,7590010,76,49689,-54862016
20:50:33.709,0,-2.2,2,0,0,500,50000,29,-54929,7589787,52,48649,-54861808
20:50:33.714,0,-2.2,2,0,0,500,50000,-2,-39484,7589633,41,51479,-54861516
20:50:33.720,0,-1.0,2,0,0,500,50000,18,-26811,7589561,152,44205,-54861304
20:50:33.725,0,-1.0,2,0,0,500,50000,-14,-20918,7589467,134,48918,-54861016
20:50:33.730,0,-0.3,2,0,0,500,50000,18,-21394,7589370,128,46137,-54860828
20:50:33.735,0,-0.3,2,0,0,500,50000,7,-23517,7589258,126,49077,-54860552
20:50:33.740,0,-0.7,2,0,0,500,50000,2,-35175,7589018,126,47140,-54860308
20:50:33.745,0,-0.7,2,0,0,500,50000,-20,-45848,7588729,88,49646,-54860084
20:50:33.750,0,-2.0,2,0,0,500,50000,-10,-51370,7588473,54,48968,-54859820
20:50:33.755,0,-2.0,2,0,0,500,50000,-22,-51428,7588193,157,50598,-54859544
20:50:33.760,0,-3.2,2,0,0,500,50000,2,-53150,7587946,58,50032,-54859328
20:50:33.765,0,-3.2,2,0,0,500,50000,48,-55665,7587643,107,49287,-54859072
20:50:33.770,0,-3.4,2,0,0,500,50000,20,-59347,7587354,109,50475,-54858780
20:50:33.775,0,-3.4,2,0,0,500,50000,-46,-61600,7587005,112,49465,-54858572
20:50:33.781,0,-2.9,2,0,0,500,50000,-7,-60014,7586730,96,49152,-54858292
20:50:33.786,0,-2.9,2,0,0,500,50000,-9,-57711,7586418,71,51708,-54858052
20:50:33.791,0,-2.4,2,0,0,500,50000,-21,-54292,7586178,52,50280,-54857792
20:50:33.796,0,-2.4,2,0,0,500,50000,-22,-42735,7585991,44,50242,-54857512
20:50:33.801,0,-1.8,2,0,0,500,50000,9,-34506,7585870,101,45999,-54857324
20:50:33.806,0,-1.8,2,0,0,500,50000,-3,-21686,7585803,109,50531,-54857040
20:50:33.811,0,-1.3,2,0,0,500,50000,17,-18479,7585733,171,46103,-54856816
20:50:33.816,0,-1.3,2,0,0,500,50000,13,-23040,7585614,36,50360,-54856572
20:50:33.821,0,-1.5,2,0,0,500,50000,67,-30320,7585421,142,46039,-54856352
20:50:33.826,0,-1.5,2,0,0,500,50000,-18,-42419,7585169,50,48663,-54856068
20:50:33.831,0,-2.6,2,0,0,500,50000,15,-53717,7584831,67,49729,-54855808
20:50:33.837,0,-2.6,2,0,0,500,50000,-4,-59015,7584538,94,48434,-54855592
20:50:33.842,0,-3.7,2,0,0,500,50000,19,-63942,7584223,162,48015,-54855340
20:50:33.847,0,-3.7,2,0,0,500,50000,101,-74657,7583769,97,49294,-54855064
20:50:33.852,0,-3.9,2,0,0,500,50000,3,-76485,7583401,69,50207,-54854844
20:50:33.857,0,-3.9,2,0,0,500,50000,-15,-74509,7582858,65,49102,-54854472
20:50:33.862,0,-3.1,2,0,0,500,50000,-27,-67283,7582569,16,52616,-54854188
20:50:33.867,0,-3.1,2,0,0,500,50000,-9,-51428,7582345,46,51731,-54853968
20:50:33.872,0,-2.0,2,0,0,500,50000,2,-34662,7582254,62,49669,-54853716
20:50:33.877,0,-2.0,2,0,0,500,50000,6,-19669,7582250,73,49988,-54853540
20:50:33.882,0,-0.9,2,0,0,500,50000,21,-8486,7582250,93,43979,-54853320
20:50:33.887,0,-0.9,2,0,0,500,50000,7,-7537,7582222,22,49351,-54853084
20:50:33.892,0,-0.5,2,0,0,500,50000,50,-16374,7582105,86,48904,-54852832
20:50:33.897,0,-0.5,2,0,0,500,50000,30,-33497,7581882,121,47145,-54852588
20:50:33.902,0,-1.3,2,0,0,500,50000,2,-52634,7581530,124,49770,-54852348
20:50:33.907,0,-1.3,2,0,0,500,50000,-1,-59728,7581225,122,50982,-54852080
20:50:33.912,0,-3.1,2,0,0,500,50000,14,-61583,7580882,4,50314,-54851856
20:50:33.918,0,-3.1,2,0,0,500,50000,-1,-64506,7580521,125,50607,-54851596
20:50:33.923,0,-4.2,2,0,0,500,50000,25,-68682,7580187,93,48698,-54851324
20:50:33.928,0,-4.2,2,0,0,500,50000,-4,-69203,7579803,88,51862,-54851096
20:50:33.933,0,-3.7,2,0,0,500,50000,13,-66644,7579503,27,49636,-54850820
20:50:33.938,0,-3.7,2,0,0,500,50000,1,-62996,7579226,-7,53716,-54850540
20:50:33.943,0,-2.7,2,0,0,500,50000,-1,-56029,7578943,-24,50439,-54850324
20:50:33.948,0,-2.7,2,0,0,500,50000,-24,-47122,7578762,66,48542,-54850092
20:50:33.953,0,-1.8,2,0,0,500,50000,-4,-34376,7578601,45,49070,-54849808
20:50:33.958,0,-1.8,2,0,0,500,50000,21,-31574,7578473,79,52057,-54849548
20:50:33.963,0,-1.4,2,0,0,500,50000,35,-34609,7578298,54,48065,-54849344
20:50:33.968,0,-1.4,2,0,0,500,50000,41,-42412,7578035,134,52570,-54849068
20:50:33.973,0,-1.5,2,0,0,500,50000,-50,-50512,7577765,106,46705,-54848828
20:50:33.978,0,-2.2,2,0,0,500,50000,-40,-52901,7577466,77,51512,-54848596
20:50:33.983,0,-2.2,2,0,0,500,50000,-10,-56303,7577142,102,46218,-54848312
20:50:33.988,0,-2.8,2,0,0,500,50000,-4,-60774,7576839,68,52478,-54848060
20:50:33.993,0,-2.8,2,0,0,500,50000,-33,-69128,7576478,74,49006,-54847800
20:50:33.999,0,-2.7,2,0,0,500,50000,5,-74658,7576038,72,51606,-54847532
20:50:34.004,0,-2.7,2,0,0,500,50000,-19,-76636,7575674,12,52903,-54847288
20:50:34.009,0,-2.2,2,0,0,500,50000,0,-72618,7575290,31,50396,-54847036
20:50:34.014,0,-2.2,2,0,0,500,50000,-17,-60933,7575050,2,52595,-54846796
20:50:34.019,0,-1.5,2,0,0,500,50000,42,-45109,7574906,58,48150,-54846552
20:50:34.024,0,-1.5,2,0,0,500,50000,-26,-22535,7574873,59,47306,-54846292
20:50:34.029,0,-0.7,2,0,0,500,50000,49,-9529,7574875,167,46597,-54846088
20:50:34.034,0,-0.7,2,0,0,500,50000,29,-10259,7574829,106,48094,-54845808
20:50:34.039,0,-0.7,2,0,0,500,50000,21,-12149,7574763,171,45160,-54845628
20:50:34.044,0,-0.7,2,0,0,500,50000,-21,-24253,7574598,74,45715,-54845356
20:50:34.049,0,-1.8,2,0,0,500,50000,3,-42749,7574298,89,52715,-54845052
20:50:34.054,0,-1.8,2,0,0,500,50000,14,-54245,7573999,106,45457,-54844876
20:50:34.059,0,-3.6,2,0,0,500,50000,7,-58807,7573657,19,53488,-54844552
20:50:34.064,0,-3.6,2,0,0,500,50000,2,-60248,7573370,144,46843,-54844332
20:50:34.069,0,-4.4,2,0,0,500,50000,17,-66779,7572970,-33,56156,-54844044
20:50:34.074,0,-4.4,2,0,0,500,50000,4,-75076,7572578,94,48073,-54843840
20:50:34.079,0,-3.9,2,0,0,500,50000,-28,-75175,7572166,61,54104,-54843516
20:50:34.084,0,-3.9,2,0,0,500,50000,40,-79569,7571774,56,46380,-54843360
20:50:34.090,0,-2.9,2,0,0,500,50000,-19,-74850,7571434,-50,57281,-54843008
20:50:34.095,0,-2.9,2,0,0,500,50000,-2,-67405,7571082,58,47001,-54842800
20:50:34.100,0,-1.8,2,0,0,500,50000,-15,-52960,7570898,-4,51959,-54842504
20:50:34.105,0,-1.8,2,0,0,500,50000,-48,-37054,7570745,68,47076,-54842300
20:50:34.110,0,-1.0,2,0,0,500,50000,144,-25035,7570679,36,53116,-54842012
20:50:34.115,0,-1.0,2,0,0,500,50000,2,-16311,7570642,80,46363,-54841772
20:50:34.120,0,-0.6,2,0,0,500,50000,10,-9493,7570619,156,49503,-54841552
20:50:34.125,0,-0.6,2,0,0,500,50000,12,-14197,7570539,168,43153,-54841316
20:50:34.130,0,-1.0,2,0,0,500,50000,-113,-22437,7570393,72,54100,-54841008
20:50:34.135,0,-1.0,2,0,0,500,50000,-6,-36629,7570162,204,41005,-54840824
20:50:34.140,0,-2.6,2,0,0,500,50000,10,-54447,7569803,41,55945,-54840528
20:50:34.145,0,-2.6,2,0,0,500,50000,30,-72914,7569386,206,43086,-54840344
20:50:34.150,0,-4.2,2,0,0,500,50000,20,-87257,7568855,-52,59089,-54839956
20:50:34.155,0,-4.2,2,0,0,500,50000,-35,-92428,7568410,168,39526,-54839860
20:50:34.160,0,-4.4,2,0,0,500,50000,-50,-89679,7567930,-123,59946,-54839452
20:50:34.165,0,-4.4,2,0,0,500,50000,-25,-78698,7567606,218,39250,-54839328
20:50:34.170,0,-2.9,2,0,0,500,50000,-20,-55518,7567387,-108,58297,-54838964
20:50:34.175,0,-2.9,2,0,0,500,50000,-75,-29271,7567322,205,40978,-54838816
20:50:34.181,0,-1.1,2,0,0,500,50000,19,-12284,7567334,-33,59004,-54838480
20:50:34.186,0,-1.1,2,0,0,500,50000,18,-7593,7567310,126,44793,-54838264
20:50:34.191,0,-0.4,2,0,0,500,50000,-17,-9743,7567257,83,49841,-54838008
20:50:34.196,0,-0.4,2,0,0,500,50000,-11,-17657,7567150,82,49111,-54837768
20:50:34.201,0,-1.1,2,0,0,500,50000,0,-33377,7566919,105,46919,-54837556
20:50:34.206,0,-1.1,2,0,0,500,50000,46,-48452,7566635,51,54645,-54837264
20:50:34.211,0,-3.1,2,0,0,500,50000,-1,-63721,7566278,130,44986,-54837096
20:50:34.216,0,-3.1,2,0,0,500,50000,-2,-76243,7565866,-5,55142,-54836776
20:50:34.221,0,-4.7,2,0,0,500,50000,59,-90057,7565311,48,47363,-54836540
20:50:34.226,0,-4.7,2,0,0,500,50000,-25,-95492,7564843,-4,54704,-54836228
20:50:34.231,0,-4.4,2,0,0,500,50000,-42,-95285,7564305,-26,53212,-54836000
20:50:34.236,0,-4.4,2,0,0,500,50000,-3,-86573,7563850,61,50093,-54835712
20:50:34.241,0,-2.6,2,0,0,500,50000,-28,-67730,7563550,2,50681,-54835424
20:50:34.246,0,-2.6,2,0,0,500,50000,-40,-52435,7563422,85,46733,-54835292
20:50:34.251,0,-0.9,2,0,0,500,50000,-47,-36896,7563314,-66,57574,-54834940
20:50:34.256,0,-0.9,2,0,0,500,50000,0,-16050,7563305,107,44771,-54834752
20:50:34.261,0,-0.1,2,0,0,500,50000,37,-7872,7563307,21,53244,-54834444
20:50:34.267,0,-0.1,2,0,0,500,50000,-6,-12754,7563226,162,43134,-54834296
20:50:34.272,0,-0.2,2,0,0,500,50000,15,-23350,7563079,119,49595,-54834000
20:50:34.277,0,-0.2,2,0,0,500,50000,3,-39821,7562825,177,46661,-54833764
20:50:34.282,0,-1.3,2,0,0,500,50000,-3,-57307,7562455,121,50197,-54833520
20:50:34.287,0,-1.3,2,0,0,500,50000,23,-78483,7561945,66,48983,-54833260
20:50:34.292,0,-3.2,2,0,0,500,50000,-22,-89023,7561483,-18,55316,-54832936
20:50:34.297,0,-3.2,2,0,0,500,50000,-28,-95118,7560941,103,45275,-54832776
20:50:34.302,0,-3.9,2,0,0,500,50000,-23,-93297,7560519,-37,57497,-54832424
20:50:34.307,0,-3.9,2,0,0,500,50000,-35,-78879,7560123,55,45001,-54832264
20:50:34.312,0,-2.7,2,0,0,500,50000,-39,-63363,7559887,-26,56149,-54831932
20:50:34.317,0,-2.7,2,0,0,500,50000,-16,-42742,7559722,70,48242,-54831696
20:50:34.322,0,-1.0,2,0,0,500,50000,-1,-25043,7559675,46,50995,-54831464
20:50:34.327,0,-1.0,2,0,0,500,50000,3,-11337,7559682,31,50623,-54831172
20:50:34.332,0,-0.2,2,0,0,500,50000,13,-6548,7559666,126,48522,-54830944
20:50:34.337,0,-0.2,2,0,0,500,50000,23,-14342,7559573,147,47756,-54830728
20:50:34.342,0,-0.3,2,0,0,500,50000,17,-24347,7559405,141,50001,-54830468
20:50:34.347,0,-0.3,2,0,0,500,50000,35,-41087,7559142,141,46024,-54830240
20:50:34.352,0,-1.5,2,0,0,500,50000,73,-57935,7558806,74,50599,-54829944
20:50:34.358,0,-1.5,2,0,0,500,50000,12,-81694,7558275,137,48743,-54829740
20:50:34.363,0,-3.4,2,0,0,500,50000,7,-94197,7557774,-43,54383,-54829420
20:50:34.368,0,-3.4,2,0,0,500,50000,-33,-100626,7557194,72,52001,-54829160
20:50:34.373,0,-4.2,2,0,0,500,50000,-29,-94168,7556598,-36,53536,-54828824
20:50:34.378,0,-4.2,2,0,0,500,50000,-21,-82709,7556253,37,50751,-54828564
20:50:34.383,0,-2.9,2,0,0,500,50000,-7,-61627,7555994,57,50062,-54828360
20:50:34.388,0,-2.9,2,0,0,500,50000,-16,-39334,7555898,60,50390,-54828092
20:50:34.393,0,-1.0,2,0,0,500,50000,-5,-12233,7555929,64,50729,-54827816
20:50:34.398,0,-1.0,2,0,0,500,50000,20,1849,7555994,69,50316,-54827596
20:50:34.403,0,0.0,2,0,0,500,50000,19,706,7555994,135,44132,-54827428
20:50:34.408,0,0.0,2,0,0,500,50000,37,-6728,7555933,108,51332,-54827164
20:50:34.413,0,0.0,2,0,0,500,50000,2,-20044,7555775,171,44827,-54826956
20:50:34.418,0,-1.0,2,0,0,500,50000,-3,-35485,7555546,108,47442,-54826672
20:50:34.423,0,-1.0,2,0,0,500,50000,-35,-53493,7555186,42,52005,-54826432
20:50:34.428,0,-2.9,2,0,0,500,50000,3,-69371,7554799,40,49001,-54826176
20:50:34.434,0,-2.9,2,0,0,500,50000,5,-78897,7554330,-26,53206,-54825876
20:50:34.439,0,-3.8,2,0,0,500,50000,-24,-78664,7553962,89,47825,-54825676
20:50:34.444,0,-3.8,2,0,0,500,50000,-34,-75212,7553562,10,54420,-54825372
20:50:34.449,0,-2.8,2,0,0,500,50000,-25,-71370,7553238,65,48175,-54825124
20:50:34.454,0,-2.8,2,0,0,500,50000,-22,-57317,7552970,43,51338,-54824888
20:50:34.459,0,-1.1,2,0,0,500,50000,-25,-41501,7552839,94,49154,-54824616
20:50:34.464,0,-1.1,2,0,0,500,50000,2,-24531,7552795,87,50104,-54824404
20:50:34.469,0,-0.3,2,0,0,500,50000,15,-10020,7552795,81,49083,-54824136
20:50:34.474,0,-0.3,2,0,0,500,50000,11,-9711,7552749,130,48764,-54823888
20:50:34.479,0,-0.4,2,0,0,500,50000,14,-21775,7552585,108,49870,-54823616
20:50:34.484,0,-0.4,2,0,0,500,50000,5,-39122,7552331,45,51785,-54823392
20:50:34.489,0,-1.6,2,0,0,500,50000,-55,-54730,7552007,32,49921,-54823152
20:50:34.494,0,-1.6,2,0,0,500,50000,15,-69525,7551563,-31,51391,-54822856
20:50:34.499,0,-3.2,2,0,0,500,50000,2,-76907,7551178,81,48313,-54822656
20:50:34.504,0,-3.2,2,0,0,500,50000,30,-77689,7550738,55,54519,-54822352
20:50:34.509,0,-3.5,2,0,0,500,50000,-7,-75518,7550393,54,47936,-54822124
20:50:34.515,0,-3.5,2,0,0,500,50000,-6,-70474,7550009,26,52948,-54821816
20:50:34.520,0,-2.1,2,0,0,500,50000,-36,-65494,7549715,15,49026,-54821612
20:50:34.525,0,-2.1,2,0,0,500,50000,-17,-53010,7549466,44,52522,-54821340
20:50:34.530,0,-0.7,2,0,0,500,50000,-16,-36120,7549373,82,47584,-54821088
20:50:34.535,0,-0.7,2,0,0,500,50000,-11,-15740,7549365,84,51965,-54820812
20:50:34.540,0,-0.2,2,0,0,500,50000,15,-7689,7549366,79,48705,-54820604
20:50:34.545,0,-0.2,2,0,0,500,50000,-48,-6243,7549338,123,48098,-54820360
20:50:34.550,0,-0.4,2,0,0,500,50000,2,-19183,7549198,63,49722,-54820124
20:50:34.555,0,-0.4,2,0,0,500,50000,9,-38431,7548923,50,50670,-54819868
20:50:34.560,0,-1.6,2,0,0,500,50000,-37,-62372,7548494,156,47153,-54819616
20:50:34.565,0,-1.6,2,0,0,500,50000,-14,-72788,7548119,39,53030,-54819356
20:50:34.570,0,-3.5,2,0,0,500,50000,16,-83735,7547627,63,48572,-54819104
20:50:34.575,0,-3.5,2,0,0,500,50000,4,-88775,7547198,11,52224,-54818812
20:50:34.580,0,-4.1,2,0,0,500,50000,-6,-88380,7546710,32,52562,-54818572
20:50:34.585,0,-4.1,2,0,0,500,50000,-7,-85278,7546330,19,50413,-54818312
20:50:34.590,0,-2.7,2,0,0,500,50000,-21,-78781,7545982,4,50992,-54818088
20:50:34.595,0,-2.7,2,0,0,500,50000,86,-66233,7545658,60,52932,-54817792
20:50:34.600,0,-1.0,2,0,0,500,50000,-10,-49446,7545491,-80,52952,-54817520
20:50:34.605,0,-1.0,2,0,0,500,50000,-3,-32208,7545374,80,48762,-54817272
20:50:34.611,0,-0.2,2,0,0,500,50000,-71,-19529,7545339,13,53301,-54817036
20:50:34.616,0,-0.2,2,0,0,500,50000,41,-12261,7545307,129,47465,-54816800
20:50:34.621,0,0.0,2,0,0,500,50000,-2,-15340,7545227,125,49363,-54816536
20:50:34.626,0,0.0,2,0,0,500,50000,13,-24210,7545081,101,44155,-54816356
20:50:34.631,0,-0.7,2,0,0,500,50000,-15,-38816,7544815,100,50125,-54816060
20:50:34.636,0,-0.7,2,0,0,500,50000,14,-53341,7544505,86,48580,-54815824
20:50:34.641,0,-2.2,2,0,0,500,50000,-37,-74670,7544014,98,48801,-54815552
20:50:34.646,0,-2.2,2,0,0,500,50000,-18,-92453,7543503,78,52527,-54815312
20:50:34.651,0,-3.6,2,0,0,500,50000,-14,-97756,7542949,2,51658,-54815032
20:50:34.656,0,-3.6,2,0,0,500,50000,-4,-96846,7542506,73,49985,-54814772
20:50:34.661,0,-3.3,2,0,0,500,50000,-29,-88417,7542050,19,52421,-54814484
20:50:34.666,0,-3.3,2,0,0,500,50000,-36,-72151,7541786,68,50931,-54814268
20:50:34.671,0,-1.7,2,0,0,500,50000,-48,-48435,7541609,-9,50120,-54814008
20:50:34.676,0,-1.7,2,0,0,500,50000,44,-28142,7541565,52,51414,-54813724
20:50:34.681,0,-0.3,2,0,0,500,50000,35,-2543,7541646,9,50592,-54813504
20:50:34.686,0,-0.3,2,0,0,500,50000,-100,8552,7541742,92,50213,-54813232
20:50:34.691,0,0.0,2,0,0,500,50000,74,-155,7541710,155,41921,-54813076
20:50:34.697,0,0.0,2,0,0,500,50000,43,-16657,7541562,103,47375,-54812776
20:50:34.702,0,-0.4,2,0,0,500,50000,-7,-33353,7541337,55,50494,-54812500
20:50:34.707,0,-0.4,2,0,0,500,50000,-10,-49922,7541001,160,43434,-54812332
20:50:34.712,0,-2.0,2,0,0,500,50000,6,-63865,7540649,48,54489,-54811992
20:50:34.717,0,-2.0,2,0,0,500,50000,0,-79376,7540146,110,44452,-54811836
20:50:34.722,0,-3.7,2,0,0,500,50000,-1,-89548,7539671,-8,58803,-54811452
20:50:34.727,0,-3.7,2,0,0,500,50000,-1,-92319,7539226,138,42662,-54811284
20:50:34.732,0,-3.7,2,0,0,500,50000,-37,-90917,7538715,-57,60703,-54810892
20:50:34.737,0,-3.7,2,0,0,500,50000,8,-83256,7538343,95,44891,-54810764
20:50:34.742,0,-2.1,2,0,0,500,50000,-25,-62150,7538010,-91,60307,-54810348
20:50:34.747,0,-2.1,2,0,0,500,50000,-15,-43125,7537881,144,42099,-54810236
20:50:34.752,0,-0.6,2,0,0,500,50000,10,-19624,7537881,-13,53814,-54809904
20:50:34.757,0,-0.6,2,0,0,500,50000,33,228,7537958,-1,51777,-54809644
20:50:34.762,0,0.0,2,0,0,500,50000,32,5113,7538014,117,47153,-54809456
20:50:34.767,0,0.0,2,0,0,500,50000,26,-2387,7537977,81,48745,-54809192
20:50:34.772,0,0.0,2,0,0,500,50000,32,-18936,7537825,170,43349,-54809020
20:50:34.778,0,0.0,2,0,0,500,50000,16,-35155,7537574,107,50338,-54808712
20:50:34.783,0,-0.8,2,0,0,500,50000,13,-50395,7537275,172,45767,-54808488
20:50:34.788,0,-0.8,2,0,0,500,50000,-6,-68724,7536830,2,54825,-54808208
20:50:34.793,0,-2.5,2,0,0,500,50000,-2,-82929,7536386,30,47584,-54807988
20:50:34.798,0,-2.5,2,0,0,500,50000,-3,-88136,7535882,-77,56149,-54807640
20:50:34.803,0,-3.5,2,0,0,500,50000,-28,-88693,7535474,120,45509,-54807484
20:50:34.808,0,-3.5,2,0,0,500,50000,-8,-84147,7535034,-2,55058,-54807156
20:50:34.813,0,-2.7,2,0,0,500,50000,-13,-71047,7534762,38,45800,-54806924
20:50:34.818,0,-2.7,2,0,0,500,50000,-13,-51193,7534547,0,52634,-54806664
20:50:34.823,0,-1.1,2,0,0,500,50000,-109,-28177,7534473,0,47770,-54806412
20:50:34.828,0,-1.1,2,0,0,500,50000,-8,-6211,7534533,134,46164,-54806216
20:50:34.833,0,-0.2,2,0,0,500,50000,66,5565,7534619,39,50140,-54805912
20:50:34.838,0,-0.1,2,0,0,500,50000,55,322,7534601,137,45719,-54805692
20:50:34.843,0,-0.1,2,0,0,500,50000,11,-17696,7534438,150,46939,-54805472
20:50:34.848,0,-0.9,2,0,0,500,50000,0,-36078,7534198,97,50420,-54805192
20:50:34.853,0,-0.9,2,0,0,500,50000,-14,-56098,7533813,95,48405,-54804944
20:50:34.859,0,-2.8,2,0,0,500,50000,2,-68846,7533434,40,53610,-54804688
20:50:34.864,0,-2.8,2,0,0,500,50000,50,-83724,7532914,30,50621,-54804428
20:50:34.869,0,-4.0,2,0,0,500,50000,80,-92012,7532446,25,53963,-54804140
20:50:34.874,0,-4.0,2,0,0,500,50000,-15,-91260,7532022,-15,49090,-54803896
20:50:34.879,0,-3.0,2,0,0,500,50000,-46,-92534,7531498,-58,53182,-54803644
20:50:34.884,0,-3.0,2,0,0,500,50000,14,-83733,7531141,48,50955,-54803376
20:50:34.889,0,-1.3,2,0,0,500,50000,-28,-70116,7530794,40,50037,-54803120
20:50:34.894,0,-1.3,2,0,0,500,50000,-14,-55163,7530603,39,48773,-54802860
20:50:34.899,0,-0.3,2,0,0,500,50000,-7,-35617,7530514,25,49862,-54802636
20:50:34.904,0,-0.3,2,0,0,500,50000,-7,-9231,7530538,17,52275,-54802300
20:50:34.909,0,0.0,2,0,0,500,50000,29,4673,7530626,80,46026,-54802060
20:50:34.914,0,0.0,2,0,0,500,50000,41,-429,7530619,44,48316,-54801848
20:50:34.919,0,-0.1,2,0,0,500,50000,44,-14871,7530491,92,47118,-54801592
20:50:34.924,0,-0.1,2,0,0,500,50000,8,-32997,7530265,112,51065,-54801360
20:50:34.929,0,-1.1,2,0,0,500,50000,2,-47004,7529993,147,47826,-54801120
20:50:34.934,0,-1.1,2,0,0,500,50000,19,-65578,7529582,76,51839,-54800876
20:50:34.939,0,-2.7,2,0,0,500,50000,8,-80477,7529154,111,48320,-54800624
20:50:34.945,0,-2.7,2,0,0,500,50000,-1,-91240,7528618,-59,56821,-54800336
20:50:34.950,0,-3.4,2,0,0,500,50000,-102,-91073,7528203,107,45645,-54800124
20:50:34.955,0,-3.4,2,0,0,500,50000,20,-88612,7527735,6,55590,-54799788
20:50:34.960,0,-2.3,2,0,0,500,50000,-8,-76947,7527418,78,49405,-54799592
20:50:34.965,0,-2.3,2,0,0,500,50000,73,-59585,7527147,6,50011,-54799328
20:50:34.970,0,-0.8,2,0,0,500,50000,-10,-47830,7526961,24,51463,-54799088
20:50:34.975,0,-0.8,2,0,0,500,50000,-5,-29545,7526907,81,49029,-54798844
20:50:34.980,0,-0.2,2,0,0,500,50000,11,-9046,7526933,-52,55759,-54798512
20:50:34.985,0,-0.2,2,0,0,500,50000,23,-3970,7526938,130,43488,-54798368
20:50:34.990,0,-0.2,2,0,0,500,50000,6,-10821,7526866,18,54924,-54798032
20:50:34.995,0,-0.2,2,0,0,500,50000,13,-22629,7526710,170,44685,-54797884
20:50:35.000,0,-0.8,2,0,0,500,50000,19,-41520,7526442,-15,52483,-54797580
20:50:35.005,0,-0.8,2,0,0,500,50000,0,-64145,7526010,16,49772,-54797344
20:50:35.010,0,-2.4,2,0,0,500,50000,30,-82962,7525547,57,51174,-54797044
20:50:35.015,0,-2.4,2,0,0,500,50000,37,-97159,7524955,-4,49497,-54796840
20:50:35.020,0,-3.5,2,0,0,500,50000,-23,-102435,7524459,35,55893,-54796524
20:50:35.025,0,-3.5,2,0,0,500,50000,-19,-100534,7523911,90,50768,-54796300
20:50:35.030,0,-2.7,2,0,0,500,50000,-10,-89317,7523529,-19,52600,-54796000
20:50:35.036,0,-2.7,2,0,0,500,50000,-32,-75054,7523173,35,50674,-54795780
20:50:35.041,0,-0.9,2,0,0,500,50000,-39,-54592,7523010,62,49991,-54795516
20:50:35.046,0,-0.9,2,0,0,500,50000,-30,-29532,7522938,46,53931,-54795232
20:50:35.051,0,0.0,2,0,0,500,50000,12,-6931,7523002,53,49695,-54794984
20:50:35.056,0,0.0,2,0,0,500,50000,15,14595,7523161,70,51557,-54794752
20:50:35.061,0,0.1,2,0,0,500,50000,40,22683,7523306,111,46337,-54794520
20:50:35.066,0,0.1,2,0,0,500,50000,23,6288,7523291,151,50657,-54794248
20:50:35.071,0,-0.1,2,0,0,500,50000,26,-19230,7523098,229,45085,-54794064
20:50:35.076,0,-0.1,2,0,0,500,50000,-16,-44457,7522767,-27,52209,-54793760
20:50:35.081,0,-1.5,2,0,0,500,50000,-7,-63867,7522350,95,42873,-54793596
20:50:35.086,0,-1.5,2,0,0,500,50000,108,-73583,7521975,7,55791,-54793232
20:50:35.091,0,-3.4,2,0,0,500,50000,10,-75906,7521542,91,45519,-54793036
20:50:35.096,0,-3.4,2,0,0,500,50000,-22,-76242,7521178,-81,58804,-54792704
20:50:35.101,0,-3.4,2,0,0,500,50000,-15,-72037,7520794,95,43647,-54792536
20:50:35.106,0,-3.4,2,0,0,500,50000,-36,-61934,7520538,-93,58873,-54792208
20:50:35.111,0,-1.7,2,0,0,500,50000,6,-51667,7520330,106,46636,-54792012
20:50:35.116,0,-1.7,2,0,0,500,50000,1,-37333,7520170,8,53035,-54791692
20:50:35.121,0,-0.4,2,0,0,500,50000,4,-19856,7520149,76,47567,-54791512
20:50:35.127,0,-0.4,2,0,0,500,50000,0,-6162,7520174,70,51351,-54791228
20:50:35.132,0,-0.1,2,0,0,500,50000,50,-4051,7520167,87,44935,-54791008
20:50:35.137,0,-0.1,2,0,0,500,50000,46,-18712,7520011,83,46487,-54790748
20:50:35.142,0,-0.4,2,0,0,500,50000,23,-36368,7519769,164,46512,-54790540
20:50:35.147,0,-0.4,2,0,0,500,50000,-4,-55182,7519435,76,52130,-54790236
20:50:35.152,0,-1.7,2,0,0,500,50000,-31,-68414,7519002,82,48146,-54790000
20:50:35.157,0,-1.7,2,0,0,500,50000,31,-72551,7518650,58,52898,-54789696
20:50:35.162,0,-3.2,2,0,0,500,50000,6,-75036,7518217,83,49902,-54789492
20:50:35.167,0,-3.2,2,0,0,500,50000,-12,-76640,7517851,73,49755,-54789220
20:50:35.172,0,-3.0,2,0,0,500,50000,36,-75647,7517502,3,55644,-54788912
20:50:35.177,0,-3.0,2,0,0,500,50000,2,-72979,7517106,50,47179,-54788744
20:50:35.182,0,-1.4,2,0,0,500,50000,-15,-65728,7516826,22,52893,-54788448
20:50:35.187,0,-1.4,2,0,0,500,50000,16,-52331,7516591,88,48689,-54788192
20:50:35.192,0,-0.4,2,0,0,500,50000,-4,-40041,7516458,79,49894,-54787920
20:50:35.197,0,-0.4,2,0,0,500,50000,-25,-27375,7516362,-37,51380,-54787688
20:50:35.202,0,-0.1,2,0,0,500,50000,3,-8274,7516390,64,49922,-54787424
20:50:35.207,0,-0.1,2,0,0,500,50000,1,-2189,7516409,72,49181,-54787196
20:50:35.212,0,-0.1,2,0,0,500,50000,33,-8785,7516346,83,48812,-54786944
20:50:35.217,0,-0.1,2,0,0,500,50000,8,-22139,7516190,135,44147,-54786716
20:50:35.223,0,-0.5,2,0,0,500,50000,48,-40610,7515903,84,50809,-54786456
20:50:35.228,0,-0.5,2,0,0,500,50000,-30,-56625,7515529,156,44824,-54786236
20:50:35.233,0,-1.9,2,0,0,500,50000,-46,-67893,7515174,23,52499,-54785912
20:50:35.238,0,-1.9,2,0,0,500,50000,-69,-82502,7514666,79,47381,-54785724
20:50:35.243,0,-3.5,2,0,0,500,50000,-27,-86860,7514242,-61,58573,-54785372
20:50:35.248,0,-3.5,2,0,0,500,50000,-2,-86203,7513758,119,47479,-54785200
20:50:35.253,0,-3.6,2,0,0,500,50000,-13,-82081,7513387,51,51778,-54784904
20:50:35.258,0,-3.6,2,0,0,500,50000,-15,-74880,7513066,49,49852,-54784632
20:50:35.263,0,-2.2,2,0,0,500,50000,8,-61140,7512779,29,50605,-54784372
20:50:35.268,0,-2.2,2,0,0,500,50000,-10,-47029,7512618,20,52232,-54784088
20:50:35.273,0,-0.7,2,0,0,500,50000,-54,-30850,7512506,61,49590,-54783884
20:50:35.278,0,-0.7,2,0,0,500,50000,-4,-17805,7512474,42,51696,-54783596
20:50:35.283,0,-0.1,2,0,0,500,50000,25,-9781,7512458,116,44078,-54783384
20:50:35.288,0,-0.2,2,0,0,500,50000,10,-12366,7512395,74,48580,-54783152
20:50:35.303,0,-1.1,2,0,0,500,50000,16,-71664,7511374,123,49339,-54782332
20:50:35.309,0,-2.9,2,0,0,500,50000,-9,-94920,7510761,90,53748,-54782020
20:50:35.309,0,-2.9,2,0,0,500,50000,-1,-99715,7510442,41,50986,-54781864
20:50:35.314,0,-2.9,2,0,0,500,50000,6,-104660,7509841,12,51858,-54781584
20:50:35.319,0,-3.7,2,0,0,500,50000,-25,-99783,7509406,-112,52419,-54781352
20:50:35.324,0,-3.7,2,0,0,500,50000,-95,-83434,7509018,-21,50224,-54781088
20:50:35.329,0,-2.4,2,0,0,500,50000,-14,-66700,7508778,-65,51880,-54780792
20:50:35.334,0,-2.4,2,0,0,500,50000,-14,-39991,7508658,99,48427,-54780604
20:50:35.339,0,-0.7,2,0,0,500,50000,-19,-14139,7508697,-57,53736,-54780280
20:50:35.344,0,-0.7,2,0,0,500,50000,-36,6543,7508814,32,48199,-54780092
20:50:35.349,0,0.0,2,0,0,500,50000,38,13951,7508935,118,47611,-54779824
20:50:35.354,0,0.0,2,0,0,500,50000,43,65,7508879,159,49802,-54779560
20:50:35.359,0,0.0,2,0,0,500,50000,-19,-21604,7508683,101,49057,-54779340
20:50:35.364,0,0.0,2,0,0,500,50000,-38,-37127,7508446,46,53951,-54779056
20:50:35.369,0,-1.0,2,0,0,500,50000,21,-56989,7508057,106,45117,-54778888
20:50:35.374,0,-1.0,2,0,0,500,50000,28,-71446,7507658,25,60661,-54778520
20:50:35.379,0,-3.0,2,0,0,500,50000,-5,-90897,7507073,72,43408,-54778348
20:50:35.384,0,-3.0,2,0,0,500,50000,-15,-93254,7506623,-96,61954,-54777952
20:50:35.389,0,-4.1,2,0,0,500,50000,-8,-91305,7506123,85,42232,-54777840
20:50:35.395,0,-4.1,2,0,0,500,50000,-47,-81051,7505771,-22,63241,-54777452
20:50:35.400,0,-3.0,2,0,0,500,50000,66,-69560,7505494,171,35186,-54777336
20:50:35.405,0,-3.0,2,0,0,500,50000,98,-53487,7505263,-160,69718,-54776848
20:50:35.410,0,-1.1,2,0,0,500,50000,-14,-35206,7505174,191,34267,-54776840
20:50:35.415,0,-1.1,2,0,0,500,50000,6,-14234,7505165,-154,67336,-54776372
20:50:35.425,0,0.0,2,0,0,500,50000,-64,-2287,7505198,336,31391,-54776336
20:50:35.430,0,0.0,2,0,0,500,50000,18,-3942,7505186,-73,59840,-54775872
20:50:35.435,0,0.0,2,0,0,500,50000,26,-14910,7505055,209,42636,-54775760
20:50:35.440,0,-0.5,2,0,0,500,50000,10,-24608,7504902,42,53166,-54775452
20:50:35.440,0,-0.5,2,0,0,500,50000,20,-40961,7504638,127,50420,-54775240
20:50:35.445,0,-0.5,2,0,0,500,50000,-48,-60923,7504273,101,49390,-54775004
20:50:35.450,0,-1.9,2,0,0,500,50000,0,-84186,7503723,-50,56094,-54774716
20:50:35.455,0,-1.9,2,0,0,500,50000,-26,-98431,7503222,-23,44702,-54774488
20:50:35.460,0,-3.5,2,0,0,500,50000,-53,-102183,7502655,0,54598,-54774224
20:50:35.465,0,-3.5,2,0,0,500,50000,-31,-93849,7502266,5,47889,-54773948
20:50:35.470,0,-3.5,2,0,0,500,50000,-56,-76068,7501915,45,48933,-54773740
20:50:35.476,0,-3.5,2,0,0,500,50000,-39,-52739,7501717,-68,54067,-54773404
20:50:35.481,0,-1.9,2,0,0,500,50000,-11,-31510,7501661,106,50662,-54773180
20:50:35.486,0,-1.9,2,0,0,500,50000,36,-8392,7501705,-50,57102,-54772888
20:50:35.491,0,-0.3,2,0,0,500,50000,-6,-37,7501742,167,43015,-54772720
20:50:35.496,0,-0.3,2,0,0,500,50000,25,-3039,7501721,60,48380,-54772416
20:50:35.501,0,0.0,2,0,0,500,50000,27,-15517,7501593,157,45053,-54772236
20:50:35.506,0,0.0,2,0,0,500,50000,13,-35064,7501323,94,45257,-54771968
20:50:35.511,0,-0.6,2,0,0,500,50000,-16,-48104,7501034,7,55303,-54771648
20:50:35.516,0,-0.6,2,0,0,500,50000,-2,-67416,7500598,101,45252,-54771488
20:50:35.521,0,-2.3,2,0,0,500,50000,0,-82456,7500146,-63,56839,-54771152
20:50:35.526,0,-2.3,2,0,0,500,50000,-6,-96220,7499639,-37,49940,-54770912
20:50:35.531,0,-3.7,2,0,0,500,50000,156,-99732,7499067,-21,56042,-54770596
20:50:35.536,0,-3.7,2,0,0,500,50000,12,-93670,7498653,33,49792,-54770400
20:50:35.541,0,-3.5,2,0,0,500,50000,-23,-74381,7498297,-32,53497,-54770120
20:50:35.546,0,-3.5,2,0,0,500,50000,9,-53801,7498129,16,48333,-54769868
20:50:35.551,0,-2.0,2,0,0,500,50000,29,-30531,7498042,70,50002,-54769656
20:50:35.556,0,-2.0,2,0,0,500,50000,11,-16118,7498026,22,50904,-54769364
20:50:35.562,0,-0.4,2,0,0,500,50000,18,-9688,7498010,117,48524,-54769132
20:50:35.567,0,-0.4,2,0,0,500,50000,45,-12062,7497947,95,47732,-54768864
20:50:35.572,0,0.2,2,0,0,500,50000,17,-24374,7497786,144,47104,-54768676
20:50:35.577,0,0.2,2,0,0,500,50000,16,-39955,7497514,163,47608,-54768396
20:50:35.582,0,-0.4,2,0,0,500,50000,-3,-53950,7497206,143,51002,-54768132
20:50:35.587,0,-0.4,2,0,0,500,50000,9,-71193,7496766,85,50851,-54767896
20:50:35.592,0,-2.1,2,0,0,500,50000,-20,-86347,7496305,92,51810,-54767632
20:50:35.597,0,-2.1,2,0,0,500,50000,-84,-93753,7495769,-34,54647,-54767312
20:50:35.602,0,-3.6,2,0,0,500,50000,-19,-92165,7495351,57,46736,-54767148
20:50:35.607,0,-3.6,2,0,0,500,50000,-53,-78488,7494971,-78,56815,-54766792
20:50:35.612,0,-3.3,2,0,0,500,50000,-52,-56005,7494790,110,44198,-54766648
20:50:35.617,0,-3.3,2,0,0,500,50000,4,-29221,7494730,9,54337,-54766320
20:50:35.627,0,-1.8,2,0,0,500,50000,-2,-10622,7494746,141,45704,-54766104
20:50:35.627,0,-1.8,2,0,0,500,50000,116,-8969,7494713,88,50512,-54765804
20:50:35.632,0,-0.3,2,0,0,500,50000,19,-16325,7494615,136,47126,-54765620
20:50:35.637,0,-0.3,2,0,0,500,50000,21,-33064,7494375,140,47709,-54765356
20:50:35.642,0,-0.3,2,0,0,500,50000,7,-52665,7494042,76,50142,-54765132
20:50:35.647,0,-0.3,2,0,0,500,50000,3,-66283,7493674,0,50257,-54764856
20:50:35.653,0,-1.9,2,0,0,500,50000,-24,-75709,7493283,3,50101,-54764588
20:50:35.658,0,-1.9,2,0,0,500,50000,39,-84093,7492789,-29,51133,-54764364
20:50:35.663,0,-3.6,2,0,0,500,50000,-3,-83498,7492395,0,53534,-54764064
20:50:35.668,0,-3.6,2,0,0,500,50000,-31,-74827,7492006,-35,53419,-54763792
20:50:35.678,0,-3.7,2,0,0,500,50000,-7,-60219,7491717,-32,53215,-54763456
20:50:35.678,0,-3.7,2,0,0,500,50000,32,-46523,7491554,-19,53321,-54763280
20:50:35.683,0,-2.3,2,0,0,500,50000,-5,-32451,7491458,66,47535,-54763048
20:50:35.688,0,-2.3,2,0,0,500,50000,0,-21446,7491402,101,47357,-54762796
20:50:35.693,0,-0.6,2,0,0,500,50000,36,-16811,7491323,87,50282,-54762524
20:50:35.698,0,-0.6,2,0,0,500,50000,12,-24086,7491178,112,45620,-54762340
20:50:35.703,0,0.0,2,0,0,500,50000,9,-32330,7490974,183,48008,-54762076
20:50:35.708,0,0.0,2,0,0,500,50000,12,-46821,7490694,157,48226,-54761816
20:50:35.713,0,-0.8,2,0,0,500,50000,-17,-62184,7490298,74,51656,-54761576
20:50:35.718,0,-2.4,2,0,0,500,50000,-86,-67075,7489974,91,50145,-54761308
20:50:35.723,0,-2.4,2,0,0,500,50000,0,-64910,7489631,-39,53365,-54761008
20:50:35.728,0,-3.5,2,0,0,500,50000,10,-59849,7489322,91,49479,-54760792
20:50:35.733,0,-3.5,2,0,0,500,50000,9,-54885,7489086,66,53792,-54760492
20:50:35.739,0,-3.0,2,0,0,500,50000,8,-44334,7488890,47,48930,-54760300
20:50:35.744,0,-3.0,2,0,0,500,50000,-14,-32087,7488795,103,50423,-54760024
20:50:35.749,0,-1.8,2,0,0,500,50000,7,-25170,7488678,104,44392,-54759784
20:50:35.754,0,-1.8,2,0,0,500,50000,7,-24452,7488569,81,50955,-54759544
20:50:35.759,0,-1.2,2,0,0,500,50000,-10,-32639,7488374,219,39676,-54759356
20:50:35.764,0,-1.2,2,0,0,500,50000,46,-43951,7488131,5,56186,-54758980
20:50:35.769,0,-1.8,2,0,0,500,50000,-4,-59572,7487737,179,43522,-54758864
20:50:35.774,0,-1.8,2,0,0,500,50000,-11,-63949,7487418,69,54602,-54758508
20:50:35.779,0,-3.1,2,0,0,500,50000,-3,-63772,7487115,118,45928,-54758312
20:50:35.784,0,-3.1,2,0,0,500,50000,-6,-64437,7486750,42,55053,-54757960
20:50:35.789,0,-3.6,2,0,0,500,50000,11,-59273,7486491,111,43571,-54757828
20:50:35.794,0,-3.6,2,0,0,500,50000,-9,-50992,7486251,-55,53875,-54757488
20:50:35.799,0,-2.9,2,0,0,500,50000,-70,-44994,7486074,167,45094,-54757296
20:50:35.804,0,-2.9,2,0,0,500,50000,13,-44303,7485843,14,56523,-54756988
20:50:35.814,0,-2.0,2,0,0,500,50000,-10,-46603,7485529,33,52151,-54756664
20:50:35.819,0,-1.6,2,0,0,500,50000,13,-45196,7485319,47,49766,-54756448
20:50:35.825,0,-1.6,2,0,0,500,50000,-45,-43860,7485118,74,50321,-54756200
20:50:35.830,0,-1.7,2,0,0,500,50000,10,-44727,7484874,79,45290,-54755960
20:50:35.835,0,-1.7,2,0,0,500,50000,22,-51762,7484603,87,48953,-54755736
20:50:35.835,0,-1.7,2,0,0,500,50000,-1,-54540,7484385,86,49630,-54755500
20:50:35.840,0,-1.8,2,0,0,500,50000,6,-55810,7484070,109,49454,-54755256
20:50:35.845,0,-1.8,2,0,0,500,50000,-64,-50435,7483867,51,51055,-54755008
20:50:35.850,0,-2.0,2,0,0,500,50000,-2,-42645,7483658,97,49725,-54754764
20:50:35.855,0,-2.0,2,0,0,500,50000,17,-42213,7483466,61,51865,-54754520
20:50:35.860,0,-2.2,2,0,0,500,50000,-20,-46064,7483199,73,50562,-54754268
20:50:35.865,0,-2.2,2,0,0,500,50000,-27,-48062,7482970,74,45767,-54754028
20:50:35.870,0,-2.3,2,0,0,500,50000,14,-45498,7482733,99,50494,-54753784
20:50:35.875,0,-2.3,2,0,0,500,50000,55,-45513,7482490,150,46770,-54753540
20:50:35.880,0,-2.7,2,0,0,500,50000,-31,-48991,7482258,62,52976,-54753244
20:50:35.885,0,-2.7,2,0,0,500,50000,-8,-55667,7481934,113,47219,-54753060
20:50:35.890,0,-3.0,2,0,0,500,50000,-2,-59472,7481642,45,54034,-54752752
20:50:35.896,0,-3.0,2,0,0,500,50000,-30,-64442,7481267,91,47067,-54752572
20:50:35.901,0,-3.2,2,0,0,500,50000,22,-65984,7480959,-5,52714,-54752264
20:50:35.906,0,-3.2,2,0,0,500,50000,3,-66066,7480645,75,47811,-54752028
20:50:35.911,0,-3.1,2,0,0,500,50000,25,-58468,7480342,124,50529,-54751800
20:50:35.916,0,-3.1,2,0,0,500,50000,-4,-49552,7480139,59,50750,-54751528
20:50:35.921,0,-2.4,2,0,0,500,50000,0,-39842,7479953,52,49530,-54751276
20:50:35.926,0,-2.4,2,0,0,500,50000,2,-33131,7479827,69,46888,-54751024
20:50:35.931,0,-1.6,2,0,0,500,50000,-5,-32648,7479678,181,46984,-54750820
20:50:35.936,0,-1.6,2,0,0,500,50000,46,-37924,7479450,178,45024,-54750572
20:50:35.941,0,-1.5,2,0,0,500,50000,31,-47952,7479145,123,51774,-54750280
20:50:35.946,0,-1.5,2,0,0,500,50000,-10,-60352,7478818,154,45853,-54750052
20:50:35.951,0,-2.4,2,0,0,500,50000,-46,-71790,7478439,65,51770,-54749808
20:50:35.956,0,-2.4,2,0,0,500,50000,-36,-85136,7477914,99,50038,-54749552
20:50:35.961,0,-3.5,2,0,0,500,50000,-49,-83936,7477525,30,53795,-54749248
20:50:35.967,0,-3.5,2,0,0,500,50000,-38,-73278,7477174,12,47699,-54749024
20:50:35.972,0,-3.6,2,0,0,500,50000,-5,-60223,7476950,34,56154,-54748748
20:50:35.977,0,-3.6,2,0,0,500,50000,-14,-39715,7476810,73,46319,-54748528
20:50:35.982,0,-2.2,2,0,0,500,50000,-4,-21795,7476785,-34,53108,-54748212
20:50:35.987,0,-2.2,2,0,0,500,50000,30,-12538,7476761,152,38876,-54748096
20:50:35.992,0,-0.5,2,0,0,500,50000,23,-11665,7476717,66,53386,-54747736
20:50:35.997,0,-0.5,2,0,0,500,50000,-13,-19978,7476579,247,42178,-54747604
20:50:36.002,0,-0.2,2,0,0,500,50000,52,-32898,7476363,94,46601,-54747300
20:50:36.007,0,-0.2,2,0,0,500,50000,21,-45798,7476102,36,53802,-54747016
20:50:36.012,0,-1.6,2,0,0,500,50000,23,-62815,7475690,125,43106,-54746848
20:50:36.017,0,-1.6,2,0,0,500,50000,0,-64082,7475389,-7,59813,-54746476
20:50:36.022,0,-3.5,2,0,0,500,50000,-46,-70098,7474977,122,40866,-54746364
20:50:36.027,0,-3.5,2,0,0,500,50000,4,-73260,7474618,-47,61322,-54745972
20:50:36.032,0,-4.3,2,0,0,500,50000,1,-77460,7474166,181,40957,-54745824
20:50:36.037,0,-4.3,2,0,0,500,50000,-34,-68700,7473874,-70,63747,-54745452
20:50:36.042,0,-3.6,2,0,0,500,50000,-14,-63108,7473590,116,41900,-54745300
20:50:36.048,0,-3.6,2,0,0,500,50000,-26,-48882,7473369,-75,62696,-54744912
20:50:36.053,0,-2.2,2,0,0,500,50000,-15,-38100,7473234,219,37472,-54744796
20:50:36.058,0,-2.2,2,0,0,500,50000,-33,-21571,7473178,-40,58580,-54744444
20:50:36.063,0,-1.0,2,0,0,500,50000,-65,-17193,7473110,260,39417,-54744316
20:50:36.068,0,-1.0,2,0,0,500,50000,-2,-20096,7473006,-33,55539,-54743940
20:50:36.073,0,-0.4,2,0,0,500,50000,78,-27889,7472822,142,45540,-54743784
20:50:36.078,0,-0.4,2,0,0,500,50000,20,-42736,7472570,93,49448,-54743512
20:50:36.083,0,-1.0,2,0,0,500,50000,8,-58974,7472190,34,57647,-54743232
20:50:36.088,0,-1.0,2,0,0,500,50000,-3,-67747,7471834,152,39493,-54743056
20:50:36.093,0,-2.6,2,0,0,500,50000,-18,-69217,7471463,-20,61732,-54742720
20:50:36.098,0,-3.8,2,0,0,500,50000,-9,-68929,7471130,119,39662,-54742564
20:50:36.103,0,-3.8,2,0,0,500,50000,6,-64920,7470794,-39,60259,-54742172
20:50:36.108,0,-3.3,2,0,0,500,50000,6,-57046,7470566,119,42234,-54742060
20:50:36.114,0,-3.3,2,0,0,500,50000,24,-47862,7470338,-49,57772,-54741688
20:50:36.119,0,-2.0,2,0,0,500,50000,-6,-39220,7470202,198,40025,-54741536
20:50:36.124,0,-2.0,2,0,0,500,50000,-24,-30889,7470065,-73,57372,-54741148
20:50:36.129,0,-0.9,2,0,0,500,50000,0,-33756,7469899,232,38787,-54741052
20:50:36.134,0,-0.9,2,0,0,500,50000,-9,-32266,7469734,36,54638,-54740688
20:50:36.139,0,-0.9,2,0,0,500,50000,-31,-35030,7469527,208,42295,-54740560
20:50:36.144,0,-0.9,2,0,0,500,50000,-6,-39821,7469322,78,51952,-54740224
20:50:36.149,0,-1.8,2,0,0,500,50000,2,-43428,7469070,170,44878,-54740064
20:50:36.154,0,-1.8,2,0,0,500,50000,33,-48494,7468826,112,47082,-54739768
20:50:36.159,0,-2.8,2,0,0,500,50000,-17,-55573,7468490,39,53547,-54739480
20:50:36.164,0,-2.8,2,0,0,500,50000,5,-62453,7468169,143,46516,-54739296
20:50:36.169,0,-3.6,2,0,0,500,50000,-7,-62614,7467882,114,51961,-54739004
20:50:36.174,0,-3.6,2,0,0,500,50000,-13,-66347,7467498,25,49329,-54738740
20:50:36.179,0,-3.7,2,0,0,500,50000,45,-64854,7467139,49,50808,-54738480
20:50:36.184,0,-3.7,2,0,0,500,50000,35,-61788,7466862,37,51178,-54738196
20:50:36.190,0,-3.0,2,0,0,500,50000,4,-53678,7466594,46,50634,-54737940
20:50:36.195,0,-3.0,2,0,0,500,50000,31,-52055,7466361,11,51197,-54737708
20:50:36.200,0,-2.0,2,0,0,500,50000,19,-49485,7466142,79,46339,-54737528
20:50:36.205,0,-2.0,2,0,0,500,50000,-42,-50496,7465906,37,51753,-54737228
20:50:36.210,0,-1.3,2,0,0,500,50000,-4,-44798,7465673,105,46346,-54737008
20:50:36.215,0,-1.3,2,0,0,500,50000,37,-35422,7465550,75,50142,-54736712
20:50:36.220,0,-1.2,2,0,0,500,50000,78,-27440,7465459,141,45661,-54736540
20:50:36.225,0,-1.2,2,0,0,500,50000,-31,-29681,7465291,119,48349,-54736256
20:50:36.230,0,-1.6,2,0,0,500,50000,29,-36113,7465098,133,47966,-54736004
20:50:36.235,0,-1.6,2,0,0,500,50000,-1,-47541,7464790,112,45758,-54735768
20:50:36.240,0,-2.5,2,0,0,500,50000,-13,-52451,7464522,86,49849,-54735532
20:50:36.245,0,-2.5,2,0,0,500,50000,-3,-56289,7464201,96,48407,-54735264
20:50:36.250,0,-3.6,2,0,0,500,50000,-7,-64577,7463870,179,49123,-54735052
20:50:36.255,0,-3.6,2,0,0,500,50000,-4,-74248,7463434,86,51822,-54734752
20:50:36.260,0,-3.9,2,0,0,500,50000,-8,-75185,7463031,90,47697,-54734512
20:50:36.266,0,-3.9,2,0,0,500,50000,-24,-70320,7462735,13,56111,-54734224
20:50:36.271,0,-3.1,2,0,0,500,50000,14,-60920,7462439,114,45373,-54734016
20:50:36.276,0,-3.1,2,0,0,500,50000,-3,-47161,7462274,-7,52769,-54733704
20:50:36.281,0,-1.9,2,0,0,500,50000,-31,-33546,7462134,110,46030,-54733524
20:50:36.286,0,-1.9,2,0,0,500,50000,-12,-23999,7462059,46,54357,-54733216
20:50:36.291,0,-1.1,2,0,0,500,50000,2,-22908,7461959,186,44385,-54733056
20:50:36.296,0,-1.1,2,0,0,500,50000,29,-25553,7461819,61,52127,-54732752
20:50:36.301,0,-1.2,2,0,0,500,50000,35,-31749,7461643,185,45379,-54732544
20:50:36.306,0,-1.2,2,0,0,500,50000,14,-45806,7461339,38,49252,-54732252
20:50:36.311,0,-2.4,2,0,0,500,50000,0,-52189,7461065,57,46511,-54732068
20:50:36.316,0,-2.4,2,0,0,500,50000,-10,-59267,7460762,5,50942,-54731772
20:50:36.321,0,-3.8,2,0,0,500,50000,0,-65605,7460382,57,51070,-54731520
20:50:36.326,0,-3.8,2,0,0,500,50000,-88,-78843,7459953,101,50402,-54731288
20:50:36.331,0,-4.4,2,0,0,500,50000,-75,-88512,7459418,39,52017,-54731020
20:50:36.336,0,-4.4,2,0,0,500,50000,-37,-84817,7458963,-40,48688,-54730700
20:50:36.342,0,-3.8,2,0,0,500,50000,21,-72804,7458602,0,51079,-54730428
20:50:36.347,0,-3.8,2,0,0,500,50000,-8,-59335,7458378,8,51996,-54730176
20:50:36.352,0,-2.4,2,0,0,500,50000,-5,-32106,7458297,45,49440,-54729952
20:50:36.357,0,-2.4,2,0,0,500,50000,15,-17694,7458297,45,50699,-54729720
20:50:36.362,0,-0.8,2,0,0,500,50000,38,-8773,7458295,180,43781,-54729568
20:50:36.367,0,-0.8,2,0,0,500,50000,46,-14246,7458203,147,47952,-54729272
20:50:36.372,0,-0.1,2,0,0,500,50000,8,-22662,7458066,125,51466,-54729008
20:50:36.377,0,-0.1,2,0,0,500,50000,10,-37641,7457805,129,44252,-54728788
20:50:36.382,0,-1.1,2,0,0,500,50000,23,-48534,7457537,84,51036,-54728536
20:50:36.387,0,-1.1,2,0,0,500,50000,5,-58219,7457185,103,46533,-54728284
20:50:36.392,0,-3.1,2,0,0,500,50000,7,-60073,7456910,78,48620,-54728060
20:50:36.397,0,-3.1,2,0,0,500,50000,-19,-66810,7456526,39,53074,-54727756
20:50:36.402,0,-4.3,2,0,0,500,50000,-8,-67411,7456214,68,49704,-54727504
20:50:36.407,0,-4.3,2,0,0,500,50000,-37,-65962,7455867,39,52552,-54727244
20:50:36.412,0,-3.9,2,0,0,500,50000,-41,-52860,7455678,50,51595,-54726992
20:50:36.417,0,-3.9,2,0,0,500,50000,30,-42891,7455482,61,49543,-54726716
20:50:36.422,0,-2.6,2,0,0,500,50000,-9,-36453,7455338,62,50817,-54726496
20:50:36.428,0,-2.6,2,0,0,500,50000,-2,-35348,7455161,107,45925,-54726252
20:50:36.433,0,-1.3,2,0,0,500,50000,1,-35723,7454983,-2,51265,-54726012
20:50:36.438,0,-1.3,2,0,0,500,50000,1,-41498,7454725,156,40054,-54725824
20:50:36.443,0,-1.0,2,0,0,500,50000,-1,-45870,7454494,-12,53369,-54725472
20:50:36.448,0,-1.0,2,0,0,500,50000,4,-51251,7454234,188,45442,-54725268
20:50:36.453,0,-1.7,2,0,0,500,50000,-16,-56187,7453905,11,54785,-54724984
20:50:36.458,0,-1.7,2,0,0,500,50000,47,-53982,7453658,56,46966,-54724776
20:50:36.463,0,-2.5,2,0,0,500,50000,-1,-51108,7453386,64,49622,-54724472
20:50:36.468,0,-2.5,2,0,0,500,50000,26,-47499,7453178,81,48327,-54724240
20:50:36.473,0,-2.7,2,0,0,500,50000,-14,-51710,7452913,0,53279,-54723964
20:50:36.478,0,-2.7,2,0,0,500,50000,-16,-57499,7452574,132,46913,-54723752
20:50:36.483,0,-2.4,2,0,0,500,50000,0,-56357,7452318,10,53165,-54723420
20:50:36.488,0,-2.4,2,0,0,500,50000,3,-55454,7452013,109,46090,-54723216
20:50:36.493,0,-2.0,2,0,0,500,50000,2,-53358,7451773,0,55557,-54722928
20:50:36.498,0,-1.6,2,0,0,500,50000,-9,-46919,7451529,115,42889,-54722748
20:50:36.503,0,-1.6,2,0,0,500,50000,-12,-43313,7451337,78,49775,-54722432
20:50:36.508,0,-1.0,2,0,0,500,50000,-24,-36363,7451162,71,44897,-54722256
20:50:36.514,0,-1.0,2,0,0,500,50000,9,-33220,7451025,104,50673,-54721948
20:50:36.519,0,-0.7,2,0,0,500,50000,7,-38941,7450797,49,46441,-54721720
20:50:36.524,0,-0.7,2,0,0,500,50000,69,-43015,7450587,74,51426,-54721464
20:50:36.529,0,-1.2,2,0,0,500,50000,-24,-44921,7450329,111,47845,-54721232
20:50:36.534,0,-1.2,2,0,0,500,50000,-13,-42407,7450105,0,52271,-54720972
20:50:36.539,0,-2.1,2,0,0,500,50000,14,-40945,7449926,98,48236,-54720748
20:50:36.544,0,-2.1,2,0,0,500,50000,9,-44653,7449674,68,45641,-54720484
20:50:36.549,0,-2.8,2,0,0,500,50000,-12,-54085,7449385,102,49821,-54720252
20:50:36.554,0,-2.8,2,0,0,500,50000,-12,-65635,7448986,50,49513,-54719968
20:50:36.559,0,-3.2,2,0,0,500,50000,21,-71045,7448626,23,52632,-54719688
20:50:36.564,0,-3.2,2,0,0,500,50000,35,-71696,7448225,-11,53380,-54719440
20:50:36.569,0,-3.2,2,0,0,500,50000,-19,-69330,7447906,90,49942,-54719208
20:50:36.574,0,-3.2,2,0,0,500,50000,-20,-61258,7447595,-15,50971,-54718908
20:50:36.579,0,-2.3,2,0,0,500,50000,-24,-51025,7447391,159,46668,-54718736
20:50:36.584,0,-2.3,2,0,0,500,50000,6,-43111,7447225,77,53367,-54718416
20:50:36.589,0,-1.1,2,0,0,500,50000,101,-36551,7447050,143,48688,-54718192
20:50:36.594,0,-1.1,2,0,0,500,50000,-37,-36331,7446883,58,52475,-54717884
20:50:36.600,0,-0.7,2,0,0,500,50000,16,-36441,7446710,65,47897,-54717712
20:50:36.605,0,-0.7,2,0,0,500,50000,31,-38642,7446489,57,51012,-54717416
20:50:36.610,0,-1.2,2,0,0,500,50000,76,-44435,7446251,69,50535,-54717168
20:50:36.615,0,-1.2,2,0,0,500,50000,16,-58128,7445874,112,48419,-54716956
20:50:36.620,0,-2.3,2,0,0,500,50000,16,-65669,7445531,63,53132,-54716664
20:50:36.625,0,-2.3,2,0,0,500,50000,1,-72363,7445103,0,51466,-54716392
20:50:36.630,0,-2.9,2,0,0,500,50000,0,-71342,7444777,81,51666,-54716128
20:50:36.635,0,-2.9,2,0,0,500,50000,-15,-63973,7444459,-60,51174,-54715892
20:50:36.640,0,-2.5,2,0,0,500,50000,-3,-54996,7444238,97,48781,-54715648
20:50:36.645,0,-2.5,2,0,0,500,50000,5,-43184,7444054,30,49998,-54715364
20:50:36.650,0,-1.3,2,0,0,500,50000,25,-29800,7443973,105,48925,-54715164
20:50:36.655,0,-1.3,2,0,0,500,50000,28,-21178,7443893,99,47958,-54714892
20:50:36.660,0,-0.5,2,0,0,500,50000,43,-20833,7443786,202,45754,-54714700
20:50:36.665,0,-0.5,2,0,0,500,50000,66,-32064,7443598,72,50192,-54714400
20:50:36.670,0,-0.9,2,0,0,500,50000,38,-49327,7443266,120,49648,-54714152
20:50:36.675,0,-0.9,2,0,0,500,50000,16,-59433,7442954,-25,54827,-54713876
20:50:36.681,0,-2.3,2,0,0,500,50000,6,-61684,7442605,110,49220,-54713652
20:50:36.686,0,-2.3,2,0,0,500,50000,-14,-57940,7442346,31,49127,-54713364
20:50:36.691,0,-3.4,2,0,0,500,50000,10,-59111,7442013,84,49292,-54713160
20:50:36.696,0,-3.4,2,0,0,500,50000,8,-59938,7441738,70,48569,-54712880
20:50:36.701,0,-3.1,2,0,0,500,50000,18,-55051,7441449,58,55194,-54712592
20:50:36.706,0,-3.1,2,0,0,500,50000,-20,-54393,7441195,19,44912,-54712360
20:50:36.711,0,-2.2,2,0,0,500,50000,-4,-50442,7440923,116,53708,-54712108
20:50:36.716,0,-2.2,2,0,0,500,50000,-8,-52402,7440667,61,49889,-54711836
20:50:36.721,0,-1.6,2,0,0,500,50000,7,-47315,7440466,29,53667,-54711564
20:50:36.726,0,-1.6,2,0,0,500,50000,0,-41404,7440261,49,52513,-54711340
20:50:36.741,0,-1.0,2,0,0,500,50000,38,-42068,7439651,18,54963,-54710496
20:50:36.746,0,-1.0,2,0,0,500,50000,-28,-45975,7439499,66,50123,-54710348
20:50:36.752,0,-1.3,2,0,0,500,50000,-59,-49158,7439215,63,51173,-54710092
20:50:36.757,0,-1.3,2,0,0,500,50000,0,-49519,7438975,80,47212,-54709832
20:50:36.762,0,-2.0,2,0,0,500,50000,-25,-56707,7438649,39,49948,-54709620
20:50:36.767,0,-2.0,2,0,0,500,50000,1,-65440,7438311,83,50047,-54709328
20:50:36.772,0,-2.5,2,0,0,500,50000,0,-68425,7437922,97,50653,-54709068
20:50:36.777,0,-2.5,2,0,0,500,50000,-33,-68302,7437614,-54,55111,-54708788
20:50:36.782,0,-2.4,2,0,0,500,50000,-38,-61823,7437298,161,45517,-54708592
20:50:36.787,0,-2.4,2,0,0,500,50000,2,-52929,7437046,25,57340,-54708228
20:50:36.792,0,-1.8,2,0,0,500,50000,-3,-41470,7436903,161,40606,-54708116
20:50:36.797,0,-1.8,2,0,0,500,50000,38,-25342,7436829,-18,53322,-54707764
20:50:36.802,0,-1.0,2,0,0,500,50000,-19,-21530,7436745,206,42445,-54707628
20:50:36.807,0,-1.0,2,0,0,500,50000,-19,-23995,7436610,61,49196,-54707312
20:50:36.813,0,-0.8,2,0,0,500,50000,70,-28460,7436466,133,46350,-54707076
20:50:36.818,0,-0.8,2,0,0,500,50000,20,-39872,7436214,75,49103,-54706832
20:50:36.823,0,-1.6,2,0,0,500,50000,0,-54294,7435897,116,49230,-54706584
20:50:36.828,0,-1.6,2,0,0,500,50000,-4,-67719,7435466,43,49589,-54706300
20:50:36.833,0,-3.2,2,0,0,500,50000,-10,-73679,7435098,92,48637,-54706096
20:50:36.838,0,-3.2,2,0,0,500,50000,-165,-79520,7434637,62,54109,-54705768
20:50:36.843,0,-4.1,2,0,0,500,50000,-11,-77273,7434285,104,48357,-54705540
20:50:36.848,0,-4.1,2,0,0,500,50000,-22,-66701,7434010,-83,57511,-54705200
20:50:36.853,0,-3.4,2,0,0,500,50000,98,-57987,7433721,47,47103,-54705040
20:50:36.858,0,-3.4,2,0,0,500,50000,2,-42703,7433546,-84,56100,-54704668
20:50:36.863,0,-1.7,2,0,0,500,50000,2,-35893,7433406,121,44800,-54704520
20:50:36.868,0,-1.7,2,0,0,500,50000,135,-30345,7433255,85,50894,-54704224
20:50:36.873,0,-0.5,2,0,0,500,50000,-44,-34154,7433078,125,46233,-54703996
20:50:36.878,0,-0.4,2,0,0,500,50000,12,-36677,7432898,109,49014,-54703768
20:50:36.883,0,-0.4,2,0,0,500,50000,-60,-41931,7432682,148,46921,-54703516
20:50:36.888,0,-1.5,2,0,0,500,50000,11,-53734,7432346,49,51752,-54703272
20:50:36.894,0,-1.5,2,0,0,500,50000,-13,-60215,7432034,127,45943,-54703048
20:50:36.899,0,-2.7,2,0,0,500,50000,5,-59665,7431703,78,53483,-54702732
20:50:36.904,0,-2.7,2,0,0,500,50000,-6,-59303,7431435,40,49060,-54702524
20:50:36.909,0,-3.1,2,0,0,500,50000,-75,-62002,7431086,7,52212,-54702256
20:50:36.914,0,-3.1,2,0,0,500,50000,20,-64845,7430781,-27,48988,-54701980
20:50:36.919,0,-2.5,2,0,0,500,50000,-38,-59769,7430473,69,49087,-54701764
20:50:36.924,0,-2.5,2,0,0,500,50000,-36,-54393,7430198,28,52219,-54701456
20:50:36.929,0,-1.6,2,0,0,500,50000,-60,-49503,7429989,28,46878,-54701232
20:50:36.934,0,-1.6,2,0,0,500,50000,-6,-41455,7429802,-4,51482,-54700976
20:50:36.939,0,-0.9,2,0,0,500,50000,52,-35825,7429662,104,46277,-54700740
20:50:36.944,0,-0.9,2,0,0,500,50000,-16,-30952,7429518,61,52260,-54700488
20:50:36.949,0,-0.8,2,0,0,500,50000,-10,-34802,7429341,117,47644,-54700252
20:50:36.954,0,-0.8,2,0,0,500,50000,17,-41033,7429094,54,49401,-54699972
20:50:36.959,0,-1.6,2,0,0,500,50000,24,-51478,7428810,45,50153,-54699764
20:50:36.964,0,-1.6,2,0,0,500,50000,0,-60048,7428490,21,51375,-54699484
20:50:36.969,0,-2.9,2,0,0,500,50000,-20,-62398,7428131,5,52066,-54699208
20:50:36.975,0,-2.9,2,0,0,500,50000,36,-61655,7427847,113,51312,-54698944
20:50:36.980,0,-3.5,2,0,0,500,50000,-37,-67144,7427454,111,50633,-54698736
20:50:36.985,0,-3.5,2,0,0,500,50000,-29,-72368,7427099,5,51453,-54698440
20:50:36.990,0,-2.9,2,0,0,500,50000,-21,-73233,7426745,72,50683,-54698192
20:50:36.995,0,-2.9,2,0,0,500,50000,0,-72557,7426347,-12,54580,-54697936
20:50:37.000,0,-2.0,2,0,0,500,50000,-29,-64063,7426074,32,47898,-54697708
20:50:37.005,0,-2.0,2,0,0,500,50000,-12,-52264,7425818,20,52055,-54697408
20:50:37.010,0,-1.1,2,0,0,500,50000,-2,-40438,7425674,95,46659,-54697180
20:50:37.015,0,-1.1,2,0,0,500,50000,8,-27773,7425594,29,53245,-54696924
20:50:37.020,0,-0.4,2,0,0,500,50000,31,-14698,7425562,154,42944,-54696728
20:50:37.025,0,-0.4,2,0,0,500,50000,11,-13918,7425499,121,51841,-54696412
20:50:37.030,0,-0.5,2,0,0,500,50000,12,-23798,7425329,130,47119,-54696240
20:50:37.035,0,-0.5,2,0,0,500,50000,21,-39252,7425089,56,52134,-54695940
20:50:37.040,0,-1.8,2,0,0,500,50000,15,-54938,7424730,126,49471,-54695696
20:50:37.045,0,-1.8,2,0,0,500,50000,-4,-64555,7424397,-5,55433,-54695424
20:50:37.050,0,-3.5,2,0,0,500,50000,16,-75440,7423954,168,46744,-54695216
20:50:37.056,0,-3.5,2,0,0,500,50000,-8,-80657,7423498,-31,55973,-54694860
20:50:37.061,0,-4.0,2,0,0,500,50000,-39,-81527,7423122,96,46483,-54694696
20:50:37.066,0,-4.0,2,0,0,500,50000,-5,-70695,7422778,-59,57119,-54694344
20:50:37.071,0,-3.0,2,0,0,500,50000,-24,-59665,7422479,10,48146,-54694120
20:50:37.076,0,-3.0,2,0,0,500,50000,-18,-46493,7422314,-38,55643,-54693848
20:50:37.081,0,-1.3,2,0,0,500,50000,8,-32457,7422218,1,48885,-54693616
20:50:37.086,0,-1.3,2,0,0,500,50000,9,-18172,7422190,67,50493,-54693388
20:50:37.091,0,-0.1,2,0,0,500,50000,65,-11840,7422155,96,48646,-54693140
20:50:37.096,0,-0.1,2,0,0,500,50000,-20,-15414,7422074,78,47999,-54692888
20:50:37.101,0,-0.1,2,0,0,500,50000,24,-25810,7421902,86,46744,-54692684
20:50:37.106,0,-0.1,2,0,0,500,50000,12,-37247,7421683,70,49956,-54692416
20:50:37.111,0,-1.3,2,0,0,500,50000,19,-56300,7421338,72,50254,-54692140
20:50:37.116,0,-1.3,2,0,0,500,50000,-19,-66572,7420923,49,49192,-54691884
20:50:37.121,0,-3.0,2,0,0,500,50000,67,-71477,7420566,70,53964,-54691624
20:50:37.126,0,-3.0,2,0,0,500,50000,14,-78234,7420107,92,48201,-54691392
20:50:37.131,0,-3.8,2,0,0,500,50000,-13,-79770,7419723,-8,54066,-54691080
20:50:37.137,0,-3.8,2,0,0,500,50000,-17,-75611,7419322,57,48716,-54690840
20:50:37.142,0,-2.9,2,0,0,500,50000,-17,-72242,7418991,0,54041,-54690588
20:50:37.147,0,-2.9,2,0,0,500,50000,-14,-63824,7418726,94,46807,-54690356
20:50:37.152,0,-1.4,2,0,0,500,50000,-40,-47806,7418526,9,54299,-54690040
20:50:37.157,0,-1.4,2,0,0,500,50000,4,-24125,7418486,92,46919,-54689868
20:50:37.162,0,-0.3,2,0,0,500,50000,-23,-4723,7418549,3,54128,-54689564
20:50:37.167,0,-0.3,2,0,0,500,50000,18,-3283,7418547,210,43438,-54689360
20:50:37.172,0,0.0,2,0,0,500,50000,19,-11874,7418458,89,50017,-54689116
20:50:37.177,0,0.0,2,0,0,500,50000,17,-29526,7418239,181,44604,-54688884
20:50:37.182,0,-0.5,2,0,0,500,50000,8,-47687,7417947,125,50081,-54688596
20:50:37.187,0,-0.5,2,0,0,500,50000,6,-67848,7417498,95,47933,-54688380
20:50:37.192,0,-2.3,2,0,0,500,50000,-3,-72698,7417083,36,48815,-54688112
20:50:37.197,0,-2.3,2,0,0,500,50000,29,-78579,7416701,79,52074,-54687868
20:50:37.202,0,-3.7,2,0,0,500,50000,-45,-78751,7416270,69,49882,-54687604
20:50:37.207,0,-3.7,2,0,0,500,50000,-36,-75237,7415930,-17,52219,-54687308
20:50:37.212,0,-3.3,2,0,0,500,50000,-8,-69167,7415562,110,49192,-54687104
20:50:37.217,0,-3.3,2,0,0,500,50000,5,-63275,7415287,44,51394,-54686812
20:50:37.223,0,-1.8,2,0,0,500,50000,28,-54252,7415066,69,50747,-54686536
20:50:37.228,0,-1.8,2,0,0,500,50000,-9,-38613,7414907,31,50865,-54686320
20:50:37.233,0,-0.6,2,0,0,500,50000,13,-25545,7414837,106,54041,-54686024
20:50:37.238,0,-0.6,2,0,0,500,50000,-30,-15262,7414795,164,45061,-54685824
20:50:37.243,0,-0.2,2,0,0,500,50000,19,-21438,7414651,138,47146,-54685492
20:50:37.248,0,-0.2,2,0,0,500,50000,6,-35864,7414430,28,49813,-54685240
20:50:37.253,0,-0.6,2,0,0,500,50000,14,-59675,7414013,130,43881,-54685016
20:50:37.258,0,-0.6,2,0,0,500,50000,20,-69647,7413646,1,56112,-54684720
20:50:37.263,0,-1.9,2,0,0,500,50000,-54,-72614,7413225,94,44755,-54684512
20:50:37.268,0,-1.9,2,0,0,500,50000,-34,-73162,7412878,10,55206,-54684188
20:50:37.273,0,-3.2,2,0,0,500,50000,8,-75123,7412586,49,49359,-54684048
20:50:37.278,0,-3.2,2,0,0,500,50000,-10,-70954,7412263,45,52202,-54683776
20:50:37.283,0,-2.8,2,0,0,500,50000,93,-62328,7411951,70,50528,-54683552
20:50:37.288,0,-1.5,2,0,0,500,50000,-16,-57179,7411710,91,49441,-54683292
20:50:37.293,0,-1.5,2,0,0,500,50000,-19,-45045,7411519,-49,51168,-54683004
20:50:37.298,0,-0.5,2,0,0,500,50000,-26,-30185,7411447,65,47341,-54682808
20:50:37.303,0,-0.5,2,0,0,500,50000,-5,-19686,7411382,29,51009,-54682524
20:50:37.309,0,-0.3,2,0,0,500,50000,14,-20691,7411275,145,44335,-54682304
20:50:37.314,0,-0.3,2,0,0,500,50000,-4,-23092,7411161,-37,51939,-54682036
20:50:37.319,0,-0.8,2,0,0,500,50000,-21,-33885,7410935,112,44334,-54681816
20:50:37.324,0,-0.8,2,0,0,500,50000,21,-43176,7410699,31,53241,-54681552
20:50:37.329,0,-2.2,2,0,0,500,50000,44,-58117,7410329,186,44228,-54681352
20:50:37.334,0,-2.2,2,0,0,500,50000,-25,-61286,7409994,22,54259,-54681000
20:50:37.339,0,-3.3,2,0,0,500,50000,-7,-58372,7409739,187,41570,-54680880
20:50:37.344,0,-3.3,2,0,0,500,50000,1,-56194,7409443,18,55086,-54680508
20:50:37.349,0,-3.3,2,0,0,500,50000,-14,-57298,7409162,88,49854,-54680300
20:50:37.354,0,-3.3,2,0,0,500,50000,10,-58469,7408877,-26,55305,-54680012
20:50:37.359,0,-2.7,2,0,0,500,50000,3,-58973,7408546,123,51958,-54679804
20:50:37.364,0,-2.7,2,0,0,500,50000,10,-56380,7408299,85,47552,-54679524
20:50:37.369,0,-2.2,2,0,0,500,50000,3,-56500,7407978,2,56987,-54679228
20:50:37.374,0,-2.2,2,0,0,500,50000,20,-52004,7407754,0,50367,-54679016
20:50:37.379,0,-1.7,2,0,0,500,50000,-25,-40272,7407566,93,53712,-54678760
20:50:37.384,0,-1.7,2,0,0,500,50000,-76,-32112,7407449,50,44307,-54678520
20:50:37.389,0,-1.2,2,0,0,500,50000,8,-21521,7407386,-23,57920,-54678200
20:50:37.394,0,-1.2,2,0,0,500,50000,-2,-21627,7407274,128,40764,-54678080
20:50:37.400,0,-1.1,2,0,0,500,50000,37,-26816,7407130,-19,58632,-54677720
20:50:37.405,0,-1.1,2,0,0,500,50000,-15,-43104,7406825,279,39533,-54677600
20:50:37.410,0,-2.0,2,0,0,500,50000,27,-54614,7406522,-4,58255,-54677248
20:50:37.415,0,-2.0,2,0,0,500,50000,-49,-63115,7406186,230,43402,-54677104
20:50:37.420,0,-3.2,2,0,0,500,50000,7,-67957,7405795,32,50458,-54676764
20:50:37.425,0,-3.2,2,0,0,500,50000,0,-76122,7405403,43,53909,-54676508
20:50:37.430,0,-3.6,2,0,0,500,50000,-22,-76723,7404986,75,49078,-54676284
20:50:37.435,0,-3.6,2,0,0,500,50000,-41,-73066,7404665,6,56229,-54676000
20:50:37.440,0,-2.8,2,0,0,500,50000,-19,-66134,7404330,37,49680,-54675792
20:50:37.445,0,-2.8,2,0,0,500,50000,8,-52624,7404094,0,50172,-54675536
20:50:37.450,0,-1.6,2,0,0,500,50000,-36,-37558,7403991,54,49877,-54675248
20:50:37.455,0,-1.6,2,0,0,500,50000,-68,-18491,7403961,172,43943,-54675084
20:50:37.460,0,-0.8,2,0,0,500,50000,55,-11843,7403938,55,52199,-54674748
20:50:37.465,0,-0.8,2,0,0,500,50000,84,-11005,7403882,187,46695,-54674544
20:50:37.470,0,-0.8,2,0,0,500,50000,3,-19032,7403754,61,49555,-54674288
20:50:37.475,0,-0.8,2,0,0,500,50000,27,-29186,7403582,137,49629,-54674056
20:50:37.480,0,-2.0,2,0,0,500,50000,63,-43240,7403290,82,44134,-54673856
20:50:37.485,0,-2.0,2,0,0,500,50000,9,-60536,7402929,89,55631,-54673536
20:50:37.491,0,-3.8,2,0,0,500,50000,-5,-72610,7402538,270,42752,-54673352
20:50:37.496,0,-3.8,2,0,0,500,50000,2,-78783,7402090,102,55644,-54673000
20:50:37.501,0,-4.7,2,0,0,500,50000,-7,-85741,7401662,135,44650,-54672852
20:50:37.506,0,-4.7,2,0,0,500,50000,-67,-89050,7401154,12,57261,-54672512
20:50:37.511,0,-3.9,2,0,0,500,50000,30,-86272,7400762,112,44359,-54672320
20:50:37.516,0,-3.9,2,0,0,500,50000,-12,-73729,7400403,-4,54655,-54672044
20:50:37.521,0,-2.3,2,0,0,500,50000,8,-59967,7400175,44,47143,-54671808
20:50:37.526,0,-2.3,2,0,0,500,50000,-8,-37191,7400075,66,53373,-54671520
20:50:37.531,0,-1.0,2,0,0,500,50000,33,-15823,7400075,72,45295,-54671288
20:50:37.536,0,-1.0,2,0,0,500,50000,18,-7446,7400075,66,50060,-54671064
20:50:37.541,0,-0.5,2,0,0,500,50000,-6,-6915,7400033,131,46878,-54670816
20:50:37.546,0,-0.5,2,0,0,500,50000,32,-15111,7399931,108,53142,-54670540
20:50:37.551,0,-1.1,2,0,0,500,50000,27,-31184,7399723,211,42375,-54670348
20:50:37.556,0,-1.1,2,0,0,500,50000,2,-52382,7399353,96,53618,-54670076
20:50:37.561,0,-2.9,2,0,0,500,50000,-17,-69318,7398957,201,45731,-54669852
20:50:37.566,0,-2.9,2,0,0,500,50000,-14,-76505,7398521,-15,55314,-54669516
20:50:37.571,0,-4.4,2,0,0,500,50000,-4,-86798,7398002,51,44890,-54669368
20:50:37.576,0,-4.4,2,0,0,500,50000,-30,-85122,7397626,-17,58238,-54668996
20:50:37.582,0,-4.2,2,0,0,500,50000,-26,-79253,7397219,109,44873,-54668808
20:50:37.587,0,-4.2,2,0,0,500,50000,-35,-68168,7396955,47,54925,-54668528
20:50:37.592,0,-2.5,2,0,0,500,50000,3,-53478,7396718,118,45705,-54668300
20:50:37.597,0,-2.5,2,0,0,500,50000,-4,-31723,7396662,46,50847,-54668064
20:50:37.602,0,-1.0,2,0,0,500,50000,10,-14531,7396650,113,45095,-54667820
20:50:37.607,0,-1.0,2,0,0,500,50000,25,-8798,7396639,59,51698,-54667524
20:50:37.612,0,-0.5,2,0,0,500,50000,-8,-10198,7396582,157,44741,-54667312
20:50:37.617,0,-0.5,2,0,0,500,50000,1,-21372,7396426,181,47857,-54667036
20:50:37.622,0,-1.2,2,0,0,500,50000,24,-27994,7396270,86,46807,-54666844
20:50:37.627,0,-1.2,2,0,0,500,50000,1,-44181,7395974,182,43792,-54666616
20:50:37.632,0,-3.1,2,0,0,500,50000,11,-61237,7395613,122,51670,-54666304
20:50:37.637,0,-3.1,2,0,0,500,50000,-24,-76112,7395198,102,47413,-54666120
20:50:37.642,0,-5.0,2,0,0,500,50000,2,-83772,7394777,70,53484,-54665808
20:50:37.647,0,-5.0,2,0,0,500,50000,-16,-94016,7394285,7,47994,-54665616
20:50:37.652,0,-5.3,2,0,0,500,50000,-16,-96534,7393738,-17,53849,-54665312
20:50:37.657,0,-5.3,2,0,0,500,50000,19,-93512,7393321,46,47532,-54665064
20:50:37.663,0,-3.9,2,0,0,500,50000,-45,-83374,7392894,46,52166,-54664832
20:50:37.668,0,-3.9,2,0,0,500,50000,-26,-64572,7392663,19,48568,-54664568
20:50:37.673,0,-1.8,2,0,0,500,50000,-7,-39077,7392538,55,51499,-54664300
20:50:37.678,0,-1.8,2,0,0,500,50000,-3,-20011,7392529,44,51386,-54664028
20:50:37.683,0,-0.4,2,0,0,500,50000,2,-6976,7392557,68,47191,-54663832
20:50:37.688,0,-0.4,2,0,0,500,50000,12,-4861,7392542,73,49213,-54663560
20:50:37.693,0,0.0,2,0,0,500,50000,14,-7950,7392498,223,43635,-54663340
20:50:37.698,0,0.0,2,0,0,500,50000,8,-11798,7392426,44,52728,-54663068
20:50:37.703,0,-0.7,2,0,0,500,50000,32,-21145,7392286,220,44356,-54662860
20:50:37.708,0,-0.7,2,0,0,500,50000,1,-38947,7392011,8,52873,-54662540
20:50:37.713,0,-2.3,2,0,0,500,50000,-20,-50675,7391729,160,44711,-54662380
20:50:37.718,0,-2.3,2,0,0,500,50000,20,-61576,7391354,150,48637,-54662080
20:50:37.723,0,-4.2,2,0,0,500,50000,21,-71483,7390926,24,53138,-54661784
20:50:37.728,0,-4.2,2,0,0,500,50000,-19,-78142,7390539,78,47044,-54661596
20:50:37.733,0,-4.8,2,0,0,500,50000,-5,-74403,7390154,-30,54752,-54661276
20:50:37.738,0,-3.8,2,0,0,500,50000,-8,-70416,7389847,58,45692,-54661100
20:50:37.743,0,-3.8,2,0,0,500,50000,-10,-61121,7389546,-21,55285,-54660776
20:50:37.748,0,-2.2,2,0,0,500,50000,-9,-52064,7389337,63,44295,-54660568
20:50:37.754,0,-2.2,2,0,0,500,50000,-20,-41772,7389178,22,51370,-54660320
20:50:37.759,0,-1.0,2,0,0,500,50000,10,-29376,7389069,95,48311,-54660060
20:50:37.764,0,-1.0,2,0,0,500,50000,3,-20408,7389013,57,52095,-54659784
20:50:37.769,0,-0.8,2,0,0,500,50000,6,-20025,7388906,147,43740,-54659576
20:50:37.774,0,-0.8,2,0,0,500,50000,25,-27356,7388735,107,49650,-54659228
20:50:37.784,0,-1.5,2,0,0,500,50000,-10,-47898,7388218,110,49019,-54658760
20:50:37.789,0,-2.7,2,0,0,500,50000,-45,-49228,7387929,28,52309,-54658484
20:50:37.794,0,-2.7,2,0,0,500,50000,-24,-56199,7387675,7,53177,-54658296
20:50:37.799,0,-3.5,2,0,0,500,50000,37,-65351,7387331,119,49790,-54658072
20:50:37.804,0,-3.5,2,0,0,500,50000,8,-72093,7386902,24,49925,-54657772
20:50:37.809,0,-3.3,2,0,0,500,50000,2,-74337,7386538,91,47555,-54657588
20:50:37.814,0,-3.3,2,0,0,500,50000,-9,-74783,7386187,-12,55840,-54657244
20:50:37.819,0,-2.3,2,0,0,500,50000,-32,-69863,7385818,70,46919,-54657048
20:50:37.824,0,-2.3,2,0,0,500,50000,-23,-51403,7385611,-52,53385,-54656712
20:50:37.829,0,-1.1,2,0,0,500,50000,-18,-36458,7385497,148,44015,-54656576
20:50:37.834,0,-1.1,2,0,0,500,50000,-24,-18032,7385471,-2,56686,-54656200
20:50:37.839,0,-0.4,2,0,0,500,50000,19,-10976,7385446,209,41231,-54656096
20:50:37.844,0,-0.4,2,0,0,500,50000,25,-9718,7385401,2,52282,-54655756
20:50:37.850,0,-0.6,2,0,0,500,50000,-5,-19399,7385266,204,45445,-54655552
20:50:37.855,0,-0.6,2,0,0,500,50000,20,-30634,7385082,98,48083,-54655308
20:50:37.860,0,-1.9,2,0,0,500,50000,0,-46672,7384763,136,49106,-54655072
20:50:37.865,0,-1.9,2,0,0,500,50000,-25,-56847,7384462,106,49521,-54654772
20:50:37.870,0,-3.7,2,0,0,500,50000,42,-61158,7384113,145,44849,-54654604
20:50:37.875,0,-3.7,2,0,0,500,50000,36,-67488,7383778,47,53720,-54654260
20:50:37.880,0,-4.5,2,0,0,500,50000,52,-75022,7383326,131,48751,-54654028
20:50:37.885,0,-4.5,2,0,0,500,50000,1,-79248,7382939,-67,58396,-54653728
20:50:37.890,0,-3.9,2,0,0,500,50000,-19,-76800,7382510,124,45553,-54653552
20:50:37.895,0,-3.9,2,0,0,500,50000,-11,-70096,7382198,37,56782,-54653200
20:50:37.900,0,-2.6,2,0,0,500,50000,23,-57796,7381914,126,45562,-54653052
20:50:37.905,0,-2.6,2,0,0,500,50000,0,-46108,7381750,38,56352,-54652712
20:50:37.910,0,-1.3,2,0,0,500,50000,29,-33912,7381646,78,45952,-54652512
20:50:37.915,0,-1.3,2,0,0,500,50000,19,-24316,7381547,76,52637,-54652208
20:50:37.920,0,-0.7,2,0,0,500,50000,4,-26562,7381417,92,45837,-54652032
20:50:37.925,0,-0.7,2,0,0,500,50000,9,-28740,7381250,89,51545,-54651736
20:50:37.930,0,-1.2,2,0,0,500,50000,14,-38491,7381033,133,45097,-54651520
20:50:37.935,0,-1.2,2,0,0,500,50000,1,-46315,7380751,95,49330,-54651280
20:50:37.941,0,-2.5,2,0,0,500,50000,71,-57006,7380438,159,45810,-54651040
20:50:37.946,0,-2.5,2,0,0,500,50000,38,-71464,7380042,94,53830,-54650712
20:50:37.951,0,-3.7,2,0,0,500,50000,-2,-79784,7379558,92,47086,-54650500
20:50:37.956,0,-3.7,2,0,0,500,50000,-12,-80845,7379174,26,53187,-54650228
20:50:37.961,0,-3.7,2,0,0,500,50000,-7,-80893,7378735,62,48640,-54649984
20:50:37.966,0,-3.7,2,0,0,500,50000,35,-70623,7378449,-37,51366,-54649704
20:50:37.971,0,-2.4,2,0,0,500,50000,-42,-55028,7378202,59,52698,-54649460
20:50:37.976,0,-2.4,2,0,0,500,50000,-147,-39132,7378050,38,47504,-54649220
20:50:37.981,0,-1.0,2,0,0,500,50000,11,-21774,7378025,39,53894,-54648956
20:50:37.986,0,-1.0,2,0,0,500,50000,4,-9297,7378027,134,43149,-54648752
20:50:37.991,0,-0.4,2,0,0,500,50000,-1,-10576,7377978,83,50937,-54648444
20:50:37.996,0,-0.4,2,0,0,500,50000,-34,-18922,7377853,165,44434,-54648280
20:50:38.001,0,-0.9,2,0,0,500,50000,3,-36499,7377594,121,49696,-54647980
20:50:38.006,0,-0.9,2,0,0,500,50000,10,-44841,7377351,93,50505,-54647724
20:50:38.011,0,-2.5,2,0,0,500,50000,19,-52454,7377030,52,50642,-54647484
20:50:38.016,0,-2.5,2,0,0,500,50000,10,-61128,7376711,83,51953,-54647224
20:50:38.021,0,-3.9,2,0,0,500,50000,15,-69991,7376345,130,47854,-54646976
20:50:38.026,0,-3.9,2,0,0,500,50000,-7,-75937,7375898,69,53301,-54646728
20:50:38.032,0,-4.1,2,0,0,500,50000,-33,-78886,7375515,28,47715,-54646476
20:50:38.037,0,-4.1,2,0,0,500,50000,6,-76272,7375098,-4,55440,-54646176
20:50:38.042,0,-3.2,2,0,0,500,50000,-25,-69557,7374793,51,43389,-54645968
20:50:38.047,0,-3.2,2,0,0,500,50000,-25,-54988,7374583,-19,55236,-54645688
20:50:38.052,0,-2.0,2,0,0,500,50000,-37,-39952,7374411,67,46406,-54645452
20:50:38.057,0,-2.0,2,0,0,500,50000,2,-23740,7374362,11,53873,-54645148
20:50:38.062,0,-0.9,2,0,0,500,50000,-4,-13651,7374327,95,43425,-54644932
20:50:38.067,0,-0.9,2,0,0,500,50000,1,-11383,7374290,57,50507,-54644700
20:50:38.072,0,-0.6,2,0,0,500,50000,32,-19982,7374157,129,42188,-54644480
20:50:38.077,0,-0.6,2,0,0,500,50000,-7,-28365,7373997,69,52814,-54644168
20:50:38.082,0,-1.3,2,0,0,500,50000,12,-39287,7373771,244,41789,-54643980
20:50:38.087,0,-1.3,2,0,0,500,50000,41,-49052,7373458,73,53592,-54643696
20:50:38.092,0,-2.8,2,0,0,500,50000,-9,-62051,7373114,142,47084,-54643472
20:50:38.097,0,-2.8,2,0,0,500,50000,-7,-72279,7372682,33,54507,-54643196
20:50:38.102,0,-3.7,2,0,0,500,50000,-25,-75568,7372314,70,47208,-54642972
20:50:38.108,0,-3.6,2,0,0,500,50000,-19,-73843,7371914,7,56501,-54642632
20:50:38.113,0,-3.6,2,0,0,500,50000,63,-68112,7371559,24,45342,-54642472
20:50:38.118,0,-3.6,2,0,0,500,50000,-15,-59376,7371319,-10,53909,-54642156
20:50:38.123,0,-2.6,2,0,0,500,50000,-89,-48195,7371101,64,46592,-54641912
20:50:38.128,0,-2.6,2,0,0,500,50000,25,-28870,7371049,48,52039,-54641672
20:50:38.133,0,-1.5,2,0,0,500,50000,8,-13472,7371033,80,44229,-54641436
20:50:38.138,0,-1.5,2,0,0,500,50000,-47,-8533,7371010,27,54356,-54641128
20:50:38.143,0,-1.1,2,0,0,500,50000,72,-19136,7370875,127,43280,-54640964
20:50:38.148,0,-1.1,2,0,0,500,50000,44,-36884,7370639,64,55032,-54640652
20:50:38.153,0,-1.9,2,0,0,500,50000,-21,-58852,7370271,217,42466,-54640476
20:50:38.158,0,-1.9,2,0,0,500,50000,-12,-72645,7369817,62,56026,-54640172
20:50:38.163,0,-3.6,2,0,0,500,50000,-1,-82869,7369386,163,42824,-54640000
20:50:38.168,0,-4.6,2,0,0,500,50000,-26,-87127,7368962,61,58605,-54639612
20:50:38.173,0,-4.6,2,0,0,500,50000,19,-89860,7368283,107,52008,-54639296
20:50:38.178,0,-3.7,2,0,0,500,50000,20,-83394,7367918,-64,53838,-54639040
20:50:38.184,0,-3.7,2,0,0,500,50000,18,-76682,7367650,89,46189,-54638912
20:50:38.189,0,-2.1,2,0,0,500,50000,-16,-61266,7367417,15,52152,-54638624
20:50:38.194,0,-2.1,2,0,0,500,50000,-25,-41198,7367298,-8,53297,-54638380
20:50:38.199,0,-0.9,2,0,0,500,50000,34,-21157,7367259,115,46353,-54638164
20:50:38.199,0,-0.9,2,0,0,500,50000,115,-10779,7367258,73,51768,-54637868
20:50:38.204,0,-0.9,2,0,0,500,50000,16,-13510,7367177,190,44710,-54637656
20:50:38.209,0,-0.5,2,0,0,500,50000,-36,-20328,7367058,80,49164,-54637416
20:50:38.214,0,-0.5,2,0,0,500,50000,2,-38420,7366779,183,44018,-54637196
20:50:38.219,0,-1.4,2,0,0,500,50000,23,-56013,7366450,73,49591,-54636892
20:50:38.224,0,-1.4,2,0,0,500,50000,-13,-63232,7366079,111,48942,-54636688
20:50:38.229,0,-3.1,2,0,0,500,50000,-1,-74969,7365693,33,51911,-54636384
20:50:38.234,0,-3.1,2,0,0,500,50000,-14,-84491,7365211,97,49979,-54636124
20:50:38.239,0,-4.0,2,0,0,500,50000,-9,-90250,7364775,-20,54013,-54635868
20:50:38.244,0,-4.0,2,0,0,500,50000,-14,-84377,7364339,90,50683,-54635608
20:50:38.249,0,-3.4,2,0,0,500,50000,-33,-70100,7364010,-2,52224,-54635368
20:50:38.254,0,-3.4,2,0,0,500,50000,-9,-47813,7363873,64,48179,-54635116
20:50:38.259,0,-2.0,2,0,0,500,50000,-5,-28256,7363822,66,47364,-54634848
20:50:38.264,0,-2.0,2,0,0,500,50000,-30,-11173,7363834,35,50021,-54634616
20:50:38.269,0,-1.0,2,0,0,500,50000,3,-8928,7363801,150,44756,-54634380
20:50:38.275,0,-1.0,2,0,0,500,50000,26,-13169,7363714,12,53075,-54634076
20:50:38.285,0,-0.9,2,0,0,500,50000,35,-27321,7363510,280,43434,-54633888
20:50:38.285,0,-0.9,2,0,0,500,50000,8,-44638,7363262,107,51294,-54633632
20:50:38.295,0,-2.2,2,0,0,500,50000,-14,-70467,7362722,123,48210,-54633340
20:50:38.300,0,-4.1,2,0,0,500,50000,-3,-77203,7362330,8,52992,-54633084
20:50:38.305,0,-4.1,2,0,0,500,50000,-76,-83435,7361914,117,47071,-54632852
20:50:38.310,0,-4.8,2,0,0,500,50000,-31,-87393,7361410,-15,57487,-54632508
20:50:38.310,0,-4.8,2,0,0,500,50000,-9,-85496,7361014,73,47333,-54632344
20:50:38.315,0,-4.8,2,0,0,500,50000,-57,-79237,7360667,4,53007,-54632088
20:50:38.320,0,-3.6,2,0,0,500,50000,-55,-67844,7360394,77,45432,-54631856
20:50:38.325,0,-3.6,2,0,0,500,50000,-43,-48683,7360194,56,53613,-54631548
20:50:38.330,0,-1.8,2,0,0,500,50000,-11,-30549,7360127,39,50798,-54631288
20:50:38.335,0,-1.8,2,0,0,500,50000,4,-10578,7360138,131,46695,-54631104
20:50:38.340,0,-0.7,2,0,0,500,50000,22,-8602,7360106,119,49802,-54630816
20:50:38.345,0,-0.7,2,0,0,500,50000,31,-11481,7360043,61,46624,-54630588
20:50:38.350,0,-0.5,2,0,0,500,50000,28,-20819,7359901,156,48238,-54630364
20:50:38.355,0,-0.5,2,0,0,500,50000,20,-36497,7359679,102,50367,-54630096
20:50:38.360,0,-1.5,2,0,0,500,50000,31,-53557,7359318,24,46597,-54629852
20:50:38.366,0,-1.5,2,0,0,500,50000,5,-61740,7359001,72,52560,-54629600
20:50:38.371,0,-3.3,2,0,0,500,50000,-11,-64820,7358638,72,49957,-54629344
20:50:38.376,0,-3.3,2,0,0,500,50000,40,-67683,7358265,62,51071,-54629052
20:50:38.381,0,-4.4,2,0,0,500,50000,-20,-69527,7357934,89,49015,-54628844
20:50:38.386,0,-4.4,2,0,0,500,50000,-16,-68299,7357566,-15,52999,-54628540
20:50:38.391,0,-3.8,2,0,0,500,50000,-26,-63499,7357289,79,47859,-54628352
20:50:38.396,0,-3.8,2,0,0,500,50000,16,-59277,7356977,-2,55935,-54628028
20:50:38.401,0,-2.5,2,0,0,500,50000,11,-51004,7356774,22,47696,-54627800
20:50:38.406,0,-2.5,2,0,0,500,50000,-8,-43321,7356599,42,53045,-54627560
20:50:38.411,0,-1.6,2,0,0,500,50000,-1,-32187,7356457,129,46131,-54627328
20:50:38.416,0,-1.6,2,0,0,500,50000,-14,-24028,7356378,174,51491,-54627048
20:50:38.421,0,-1.3,2,0,0,500,50000,6,-21991,7356266,88,45743,-54626812
20:50:38.426,0,-1.3,2,0,0,500,50000,30,-26938,7356122,80,51735,-54626584
20:50:38.431,0,-1.4,2,0,0,500,50000,20,-35887,7355895,153,41535,-54626380
20:50:38.436,0,-1.4,2,0,0,500,50000,7,-45155,7355639,54,55272,-54626032
20:50:38.441,0,-2.2,2,0,0,500,50000,6,-51108,7355369,184,43560,-54625856
20:50:38.446,0,-2.2,2,0,0,500,50000,-56,-53253,7355062,15,54600,-54625564
20:50:38.452,0,-3.3,2,0,0,500,50000,42,-62014,7354731,146,44319,-54625376
20:50:38.457,0,-3.3,2,0,0,500,50000,-2,-69684,7354309,-42,56903,-54625004
20:50:38.462,0,-3.9,2,0,0,500,50000,-63,-72331,7353955,167,42424,-54624892
20:50:38.467,0,-3.9,2,0,0,500,50000,-10,-72112,7353558,-59,60478,-54624496
20:50:38.472,0,-3.5,2,0,0,500,50000,-4,-71599,7353223,163,42562,-54624344
20:50:38.477,0,-3.5,2,0,0,500,50000,-12,-62354,7352971,-18,56080,-54623980
20:50:38.482,0,-2.5,2,0,0,500,50000,-14,-49317,7352746,131,43398,-54623848
20:50:38.487,0,-2.5,2,0,0,500,50000,6,-35358,7352606,-25,54024,-54623512
20:50:38.492,0,-1.6,2,0,0,500,50000,-14,-28962,7352498,111,42946,-54623360
20:50:38.502,0,-1.2,2,0,0,500,50000,30,-27080,7352363,100,51660,-54622988
20:50:38.507,0,-1.2,2,0,0,500,50000,47,-28712,7352203,197,44420,-54622828
20:50:38.512,0,-1.5,2,0,0,500,50000,-12,-31345,7352051,95,48866,-54622528
20:50:38.512,0,-1.5,2,0,0,500,50000,160,-36927,7351858,131,48009,-54622336
20:50:38.517,0,-1.5,2,0,0,500,50000,31,-46076,7351578,181,45130,-54622088
20:50:38.522,0,-2.5,2,0,0,500,50000,72,-60927,7351206,53,51014,-54621836
20:50:38.527,0,-3.6,2,0,0,500,50000,15,-72654,7350826,104,48610,-54621584
20:50:38.532,0,-3.6,2,0,0,500,50000,-11,-83362,7350385,24,52814,-54621328
20:50:38.537,0,-4.2,2,0,0,500,50000,6,-91252,7349847,72,46517,-54621092
20:50:38.542,0,-4.2,2,0,0,500,50000,-55,-91841,7349414,65,52838,-54620784
20:50:38.548,0,-3.7,2,0,0,500,50000,-30,-83218,7348985,22,47372,-54620552
20:50:38.553,0,-3.7,2,0,0,500,50000,24,-67736,7348729,47,52191,-54620308
20:50:38.558,0,-2.4,2,0,0,500,50000,115,-52493,7348491,49,49470,-54620044
20:50:38.563,0,-2.4,2,0,0,500,50000,-20,-34430,7348402,56,48565,-54619788
20:50:38.568,0,-1.3,2,0,0,500,50000,54,-20114,7348367,40,50783,-54619552
20:50:38.573,0,-1.3,2,0,0,500,50000,25,-12247,7348333,148,44881,-54619336
20:50:38.578,0,-1.0,2,0,0,500,50000,-38,-11454,7348289,72,48769,-54619052
20:50:38.583,0,-1.0,2,0,0,500,50000,2,-20253,7348155,132,49542,-54618812
20:50:38.588,0,-1.7,2,0,0,500,50000,30,-31603,7347967,208,41026,-54618608
20:50:38.593,0,-1.7,2,0,0,500,50000,15,-45758,7347690,-8,54774,-54618312
20:50:38.598,0,-3.2,2,0,0,500,50000,51,-71664,7347195,174,43847,-54618108
20:50:38.603,0,-3.2,2,0,0,500,50000,23,-86098,7346734,7,56928,-54617756
20:50:38.608,0,-4.5,2,0,0,500,50000,-8,-97615,7346161,112,45980,-54617600
20:50:38.613,0,-4.5,2,0,0,500,50000,-33,-94201,7345649,6,55596,-54617280
20:50:38.618,0,-4.4,2,0,0,500,50000,-53,-83582,7345302,136,43860,-54617068
20:50:38.623,0,-4.4,2,0,0,500,50000,-24,-63893,7345022,-23,55097,-54616784
20:50:38.628,0,-2.8,2,0,0,500,50000,-19,-45691,7344891,80,44003,-54616560
20:50:38.634,0,-2.8,2,0,0,500,50000,44,-20498,7344878,47,54884,-54616284
20:50:38.639,0,-1.2,2,0,0,500,50000,-37,-8918,7344882,114,42865,-54616076
20:50:38.644,0,-1.2,2,0,0,500,50000,26,-4570,7344882,-2,55527,-54615740
20:50:38.649,0,-0.8,2,0,0,500,50000,-36,-13136,7344803,253,39668,-54615632
20:50:38.654,0,-0.8,2,0,0,500,50000,5,-20502,7344666,64,53152,-54615288
20:50:38.659,0,-1.6,2,0,0,500,50000,-30,-34314,7344426,169,49631,-54615072
20:50:38.664,0,-1.6,2,0,0,500,50000,-94,-49054,7344139,97,46248,-54614856
20:50:38.669,0,-3.3,2,0,0,500,50000,5,-72947,7343643,-28,57356,-54614532
20:50:38.674,0,-3.3,2,0,0,500,50000,4,-90574,7343149,128,42184,-54614364
20:50:38.679,0,-4.7,2,0,0,500,50000,-10,-96348,7342594,17,56465,-54614064
20:50:38.689,0,-4.6,2,0,0,500,50000,-4,-93963,7341981,102,45061,-54613756
20:50:38.699,0,-3.0,2,0,0,500,50000,-54,-62535,7341359,76,45292,-54613256
20:50:38.704,0,-3.0,2,0,0,500,50000,8,-42178,7341243,12,60006,-54612892
20:50:38.704,0,-3.0,2,0,0,500,50000,41,-25310,7341222,17,48453,-54612780
20:50:38.709,0,-1.3,2,0,0,500,50000,84,-9587,7341250,24,54749,-54612500
20:50:38.714,0,-1.3,2,0,0,500,50000,52,-4734,7341254,126,44407,-54612332
20:50:38.720,0,-0.5,2,0,0,500,50000,36,-7313,7341206,40,53344,-54612036
20:50:38.725,0,-0.5,2,0,0,500,50000,12,-13750,7341117,291,37238,-54611880
20:50:38.730,0,-0.9,2,0,0,500,50000,22,-26283,7340933,32,55015,-54611504
20:50:38.735,0,-0.9,2,0,0,500,50000,-8,-40796,7340681,319,40582,-54611408
20:50:38.740,0,-2.3,2,0,0,500,50000,4,-59623,7340330,49,48792,-54611064
20:50:38.745,0,-2.3,2,0,0,500,50000,14,-79468,7339822,89,57037,-54610780
20:50:38.750,0,-3.8,2,0,0,500,50000,-6,-87536,7339318,44,49049,-54610572
20:50:38.755,0,-3.8,2,0,0,500,50000,6,-88894,7338906,-15,55764,-54610284
20:50:38.760,0,-4.3,2,0,0,500,50000,-13,-85324,7338459,90,48429,-54610084
20:50:38.765,0,-4.3,2,0,0,500,50000,-32,-72429,7338179,-40,58604,-54609772
20:50:38.770,0,-3.4,2,0,0,500,50000,-27,-54644,7337946,114,39905,-54609600
20:50:38.775,0,-3.4,2,0,0,500,50000,10,-31311,7337867,3,58940,-54609276
20:50:38.780,0,-1.9,2,0,0,500,50000,-4,-17319,7337851,150,40664,-54609088
20:50:38.785,0,-1.9,2,0,0,500,50000,-82,-6424,7337862,-24,56144,-54608748
20:50:38.790,0,-0.9,2,0,0,500,50000,31,-12655,7337783,208,40501,-54608620
20:50:38.795,0,-0.9,2,0,0,500,50000,2,-22201,7337631,64,55259,-54608268
20:50:38.801,0,-1.0,2,0,0,500,50000,3,-33013,7337427,193,44064,-54608092
20:50:38.806,0,-1.0,2,0,0,500,50000,15,-46262,7337154,83,53462,-54607804
20:50:38.811,0,-2.4,2,0,0,500,50000,3,-61147,7336758,183,46759,-54607608
20:50:38.816,0,-2.4,2,0,0,500,50000,12,-81370,7336247,14,51727,-54607292
20:50:38.821,0,-3.9,2,0,0,500,50000,66,-93899,7335758,104,49549,-54607056
20:50:38.826,0,-3.9,2,0,0,500,50000,13,-101758,7335246,32,57103,-54606768
20:50:38.831,0,-4.4,2,0,0,500,50000,9,-100594,7334689,147,46244,-54606572
20:50:38.836,0,-4.4,2,0,0,500,50000,-35,-83480,7334374,35,53855,-54606244
20:50:38.841,0,-3.7,2,0,0,500,50000,-11,-61905,7334171,115,46275,-54606080
20:50:38.846,0,-3.7,2,0,0,500,50000,-101,-36817,7334055,4,55885,-54605752
20:50:38.851,0,-2.1,2,0,0,500,50000,3,-23332,7333995,117,44606,-54605556
20:50:38.856,0,-2.1,2,0,0,500,50000,-2,-11571,7333974,63,51529,-54605312
20:50:38.861,0,-0.8,2,0,0,500,50000,7,-11298,7333918,167,44122,-54605088
20:50:38.866,0,-0.8,2,0,0,500,50000,20,-15590,7333815,72,52725,-54604784
20:50:38.871,0,-0.7,2,0,0,500,50000,-1,-24863,7333657,203,44171,-54604592
20:50:38.877,0,-0.7,2,0,0,500,50000,6,-37458,7333435,55,50662,-54604336
20:50:38.882,0,-1.8,2,0,0,500,50000,16,-49937,7333123,162,48623,-54604092
20:50:38.887,0,-1.8,2,0,0,500,50000,30,-72098,7332659,136,50223,-54603808
20:50:38.892,0,-3.4,2,0,0,500,50000,20,-86484,7332198,166,49422,-54603600
20:50:38.897,0,-3.4,2,0,0,500,50000,-20,-97672,7331627,-10,52886,-54603292
20:50:38.902,0,-4.4,2,0,0,500,50000,-17,-97382,7331178,55,48982,-54603096
20:50:38.907,0,-4.4,2,0,0,500,50000,-38,-80041,7330793,69,51728,-54602800
20:50:38.912,0,-4.1,2,0,0,500,50000,-37,-59570,7330586,59,48118,-54602560
20:50:38.917,0,-4.1,2,0,0,500,50000,0,-46680,7330418,60,50669,-54602320
20:50:38.922,0,-2.7,2,0,0,500,50000,12,-28750,7330330,59,48863,-54602060
20:50:38.927,0,-2.7,2,0,0,500,50000,8,-21066,7330269,58,49238,-54601792
20:50:38.932,0,-1.3,2,0,0,500,50000,4,-14096,7330222,163,47140,-54601592
20:50:38.937,0,-1.0,2,0,0,500,50000,-2,-16483,7330134,147,45753,-54601344
20:50:38.942,0,-1.0,2,0,0,500,50000,45,-20389,7330026,130,48653,-54601072
20:50:38.947,0,-1.9,2,0,0,500,50000,11,-33823,7329786,106,46276,-54600876
20:50:38.952,0,-1.9,2,0,0,500,50000,14,-47085,7329514,9,49976,-54600588
20:50:38.958,0,-3.3,2,0,0,500,50000,-2,-66329,7329069,87,48661,-54600336
20:50:38.963,0,-3.3,2,0,0,500,50000,-25,-76909,7328666,68,51673,-54600044
20:50:38.968,0,-4.3,2,0,0,500,50000,-17,-84522,7328223,103,47611,-54599856
20:50:38.973,0,-4.3,2,0,0,500,50000,-29,-83979,7327753,93,50569,-54599564
20:50:38.978,0,-4.0,2,0,0,500,50000,-56,-79096,7327391,80,50004,-54599296
20:50:38.983,0,-4.0,2,0,0,500,50000,-32,-61215,7327114,65,48983,-54599080
20:50:38.988,0,-2.7,2,0,0,500,50000,-11,-40245,7327005,77,45824,-54598836
20:50:38.993,0,-2.7,2,0,0,500,50000,8,-21887,7326954,25,50962,-54598540
20:50:38.998,0,-1.3,2,0,0,500,50000,5,-11662,7326947,112,48195,-54598348
20:50:39.003,0,-1.3,2,0,0,500,50000,16,-10032,7326911,154,46441,-54598104
20:50:39.008,0,-1.0,2,0,0,500,50000,16,-17544,7326795,142,48260,-54597840
20:50:39.013,0,-1.0,2,0,0,500,50000,-3,-28583,7326602,162,46121,-54597600
20:50:39.018,0,-2.0,2,0,0,500,50000,9,-39381,7326378,111,49519,-54597360
20:50:39.023,0,-2.0,2,0,0,500,50000,37,-46354,7326106,81,48678,-54597104
20:50:39.028,0,-3.5,2,0,0,500,50000,-61,-53394,7325838,134,52031,-54596860
20:50:39.033,0,-3.5,2,0,0,500,50000,3,-60718,7325481,169,44092,-54596648
20:50:39.038,0,-4.4,2,0,0,500,50000,14,-66875,7325146,-36,56099,-54596284
20:50:39.044,0,-4.4,2,0,0,500,50000,3,-66493,7324726,154,46237,-54596092
20:50:39.049,0,-4.1,2,0,0,500,50000,5,-62628,7324446,18,53715,-54595760
20:50:39.054,0,-4.1,2,0,0,500,50000,18,-54269,7324174,134,44792,-54595608
20:50:39.059,0,-3.1,2,0,0,500,50000,-19,-46038,7323995,21,50719,-54595292
20:50:39.064,0,-3.1,2,0,0,500,50000,11,-34082,7323855,104,46233,-54595120
20:50:39.069,0,-2.1,2,0,0,500,50000,5,-26460,7323790,70,51228,-54594864
20:50:39.074,0,-2.1,2,0,0,500,50000,-13,-17458,7323722,132,49632,-54594624
20:50:39.079,0,-1.9,2,0,0,500,50000,11,-16925,7323643,134,44764,-54594392
20:50:39.084,0,-1.9,2,0,0,500,50000,9,-22015,7323522,82,49789,-54594112
20:50:39.089,0,-2.5,2,0,0,500,50000,22,-34676,7323291,180,44801,-54593936
20:50:39.094,0,-2.5,2,0,0,500,50000,19,-46650,7323025,185,49473,-54593636
20:50:39.099,0,-3.8,2,0,0,500,50000,7,-58283,7322666,50,50208,-54593388
20:50:39.104,0,-3.8,2,0,0,500,50000,-31,-57070,7322394,118,44237,-54593200
20:50:39.109,0,-5.1,2,0,0,500,50000,-20,-67269,7321982,87,53266,-54592888
20:50:39.114,0,-5.1,2,0,0,500,50000,-48,-73838,7321614,152,44165,-54592680
20:50:39.119,0,-5.1,2,0,0,500,50000,-12,-74874,7321250,18,57499,-54592316
20:50:39.125,0,-5.1,2,0,0,500,50000,-10,-74619,7320831,121,43180,-54592192
20:50:39.130,0,-3.8,2,0,0,500,50000,-1,-68370,7320537,0,55473,-54591848
20:50:39.135,0,-3.8,2,0,0,500,50000,-28,-56524,7320262,163,41194,-54591680
20:50:39.140,0,-2.4,2,0,0,500,50000,-7,-37544,7320174,-9,56095,-54591376
20:50:39.145,0,-2.4,2,0,0,500,50000,0,-19312,7320138,178,43281,-54591176
20:50:39.150,0,-1.4,2,0,0,500,50000,33,-8463,7320138,77,49995,-54590876
20:50:39.155,0,-1.4,2,0,0,500,50000,6,-9596,7320090,175,45168,-54590704
20:50:39.160,0,-1.2,2,0,0,500,50000,21,-16710,7319978,143,47545,-54590428
20:50:39.165,0,-1.2,2,0,0,500,50000,-51,-32324,7319763,132,48733,-54590168
20:50:39.170,0,-2.4,2,0,0,500,50000,6,-51245,7319418,220,46266,-54589976
20:50:39.175,0,-2.4,2,0,0,500,50000,6,-61188,7319099,50,51124,-54589680
20:50:39.180,0,-4.3,2,0,0,500,50000,44,-62168,7318762,117,48491,-54589480
20:50:39.185,0,-4.3,2,0,0,500,50000,53,-63659,7318429,82,50886,-54589200
20:50:39.190,0,-5.3,2,0,0,500,50000,-3,-61392,7318158,102,48031,-54588952
20:50:39.195,0,-5.3,2,0,0,500,50000,40,-62264,7317753,23,51360,-54588604
20:50:39.200,0,-4.6,2,0,0,500,50000,-11,-61247,7317466,73,51174,-54588380
20:50:39.206,0,-4.6,2,0,0,500,50000,-11,-56839,7317161,103,48485,-54588136
20:50:39.211,0,-3.4,2,0,0,500,50000,-1,-50442,7316951,18,50704,-54587860
20:50:39.216,0,-3.4,2,0,0,500,50000,24,-43175,7316730,132,48466,-54587668
20:50:39.221,0,-2.7,2,0,0,500,50000,4,-41177,7316546,101,49152,-54587404
20:50:39.226,0,-2.7,2,0,0,500,50000,2,-38570,7316409,83,49605,-54587188
20:50:39.231,0,-2.4,2,0,0,500,50000,19,-41331,7316175,234,46037,-54587000
20:50:39.236,0,-2.4,2,0,0,500,50000,-37,-45526,7315945,166,46445,-54586748
20:50:39.241,0,-2.6,2,0,0,500,50000,30,-52462,7315670,133,46034,-54586496
20:50:39.246,0,-2.6,2,0,0,500,50000,19,-52594,7315374,130,50255,-54586256
20:50:39.251,0,-3.3,2,0,0,500,50000,8,-51140,7315138,183,42643,-54586048
20:50:39.256,0,-3.3,2,0,0,500,50000,0,-47215,7314889,79,50030,-54585744
20:50:39.261,0,-3.9,2,0,0,500,50000,19,-54062,7314603,133,47078,-54585504
20:50:39.266,0,-3.9,2,0,0,500,50000,-28,-59046,7314314,92,48724,-54585268
20:50:39.271,0,-3.8,2,0,0,500,50000,7,-62445,7313953,80,49748,-54585008
20:50:39.276,0,-3.8,2,0,0,500,50000,-1,-64482,7313641,73,50796,-54584728
20:50:39.281,0,-3.4,2,0,0,500,50000,0,-66027,7313282,134,48182,-54584520
20:50:39.287,0,-3.4,2,0,0,500,50000,-3,-56934,7313014,46,47717,-54584256
20:50:39.292,0,-2.9,2,0,0,500,50000,11,-46577,7312843,9,51792,-54583964
20:50:39.297,0,-2.9,2,0,0,500,50000,27,-27865,7312762,117,44910,-54583788
20:50:39.302,0,-2.3,2,0,0,500,50000,-15,-22592,7312683,-21,53728,-54583476
20:50:39.307,0,-2.3,2,0,0,500,50000,4,-22046,7312567,232,42806,-54583328
20:50:39.312,0,-1.9,2,0,0,500,50000,8,-33416,7312345,85,50355,-54583024
20:50:39.317,0,-1.9,2,0,0,500,50000,-14,-40006,7312138,101,53600,-54582752
20:50:39.322,0,-2.6,2,0,0,500,50000,-13,-45809,7311867,152,46188,-54582576
20:50:39.327,0,-2.6,2,0,0,500,50000,-3,-46004,7311646,27,55231,-54582264
20:50:39.332,0,-4.0,2,0,0,500,50000,-10,-48413,7311367,214,44375,-54582072
20:50:39.337,0,-4.0,2,0,0,500,50000,72,-51583,7311110,19,54523,-54581780
20:50:39.342,0,-5.1,2,0,0,500,50000,-4,-58362,7310759,105,49930,-54581560
20:50:39.347,0,-5.1,2,0,0,500,50000,-4,-65371,7310423,41,49011,-54581280
20:50:39.352,0,-5.1,2,0,0,500,50000,71,-67294,7310097,143,47214,-54581104
20:50:39.357,0,-4.6,2,0,0,500,50000,58,-71084,7309691,-23,53560,-54580756
20:50:39.362,0,-4.6,2,0,0,500,50000,19,-72461,7309337,109,50199,-54580544
20:50:39.368,0,-3.5,2,0,0,500,50000,-13,-63525,7309022,48,49948,-54580252
20:50:39.373,0,-3.5,2,0,0,500,50000,2,-44197,7308890,150,47260,-54580076
20:50:39.378,0,-2.4,2,0,0,500,50000,-26,-24699,7308827,67,46080,-54579788
20:50:39.383,0,-2.4,2,0,0,500,50000,8,-12360,7308822,41,56934,-54579488
20:50:39.388,0,-1.6,2,0,0,500,50000,2,-10498,7308783,288,36829,-54579348
20:50:39.393,0,-1.6,2,0,0,500,50000,21,-15662,7308682,3,56891,-54579016
20:50:39.398,0,-2.1,2,0,0,500,50000,31,-32012,7308463,321,37419,-54578892
20:50:39.403,0,-2.1,2,0,0,500,50000,-81,-46460,7308158,70,51947,-54578528
20:50:39.408,0,-3.7,2,0,0,500,50000,21,-56932,7307851,262,43486,-54578400
20:50:39.413,0,-3.7,2,0,0,500,50000,-2,-70261,7307419,86,49540,-54578056
20:50:39.418,0,-5.0,2,0,0,500,50000,5,-80047,7307002,87,53077,-54577792
20:50:39.423,0,-5.0,2,0,0,500,50000,33,-85545,7306506,-1,51568,-54577552
20:50:39.428,0,-4.9,2,0,0,500,50000,-10,-85066,7306117,77,53137,-54577288
20:50:39.433,0,-4.9,2,0,0,500,50000,-43,-78244,7305723,53,42578,-54577068
20:50:39.438,0,-3.5,2,0,0,500,50000,-123,-61426,7305518,2,54597,-54576784
20:50:39.443,0,-3.5,2,0,0,500,50000,-90,-32020,7305455,183,40890,-54576592
20:50:39.448,0,-1.9,2,0,0,500,50000,-1,-13004,7305467,30,56861,-54576284
20:50:39.454,0,-1.9,2,0,0,500,50000,38,-7755,7305455,193,39247,-54576112
20:50:39.459,0,-1.2,2,0,0,500,50000,33,-7831,7305427,-33,59426,-54575724
20:50:39.464,0,-1.2,2,0,0,500,50000,35,-14698,7305337,311,35616,-54575668
20:50:39.469,0,-1.7,2,0,0,500,50000,19,-26666,7305153,11,52786,-54575296
20:50:39.474,0,-1.7,2,0,0,500,50000,13,-42551,7304885,171,49167,-54575088
20:50:39.479,0,-3.4,2,0,0,500,50000,-8,-63848,7304459,66,48853,-54574856
20:50:39.484,0,-3.4,2,0,0,500,50000,-13,-73316,7304079,24,52844,-54574588
20:50:39.489,0,-5.1,2,0,0,500,50000,-2,-86744,7303555,54,49892,-54574316
20:50:39.494,0,-5.1,2,0,0,500,50000,-54,-89882,7303114,6,55433,-54574028
20:50:39.499,0,-5.4,2,0,0,500,50000,18,-85410,7302650,-39,52098,-54573804
20:50:39.504,0,-5.4,2,0,0,500,50000,-3,-80830,7302278,51,50052,-54573576
20:50:39.509,0,-4.0,2,0,0,500,50000,-34,-69174,7302003,-9,54637,-54573244
20:50:39.514,0,-4.0,2,0,0,500,50000,-17,-44180,7301837,43,51427,-54573020
20:50:39.519,0,-2.2,2,0,0,500,50000,44,-23706,7301811,21,53267,-54572760
20:50:39.524,0,-2.2,2,0,0,500,50000,-44,-8932,7301814,125,45998,-54572568
20:50:39.529,0,-1.1,2,0,0,500,50000,5,-6887,7301790,66,49181,-54572272
20:50:39.535,0,-1.1,2,0,0,500,50000,91,-11957,7301714,269,43354,-54572128
20:50:39.540,0,-1.4,2,0,0,500,50000,27,-27988,7301511,124,43625,-54571856
20:50:39.545,0,-1.4,2,0,0,500,50000,6,-45804,7301225,125,51935,-54571564
20:50:39.550,0,-3.2,2,0,0,500,50000,-9,-69341,7300749,240,43776,-54571400
20:50:39.555,0,-3.2,2,0,0,500,50000,7,-78503,7300346,33,53766,-54571076
20:50:39.560,0,-5.1,2,0,0,500,50000,50,-89706,7299815,213,43700,-54570876
20:50:39.565,0,-5.1,2,0,0,500,50000,-13,-93297,7299290,-47,56812,-54570504
20:50:39.570,0,-5.5,2,0,0,500,50000,-122,-83306,7298866,147,43985,-54570372
20:50:39.575,0,-5.5,2,0,0,500,50000,-38,-67478,7298626,-64,58996,-54569996
20:50:39.580,0,-4.0,2,0,0,500,50000,1,-43262,7298475,193,41025,-54569848
20:50:39.585,0,-4.0,2,0,0,500,50000,-21,-26510,7298422,-2,54767,-54569536
20:50:39.590,0,-2.1,2,0,0,500,50000,28,-16886,7298389,198,42404,-54569360
20:50:39.600,0,-1.3,2,0,0,500,50000,18,-18119,7298247,191,41904,-54568892
20:50:39.605,0,-1.3,2,0,0,500,50000,0,-28527,7298075,89,47960,-54568584
20:50:39.611,0,-2.2,2,0,0,500,50000,28,-46180,7297758,143,46496,-54568408
20:50:39.616,0,-2.2,2,0,0,500,50000,14,-65231,7297373,167,44795,-54568152
20:50:39.621,0,-4.0,2,0,0,500,50000,46,-77864,7296949,108,53706,-54567832
20:50:39.626,0,-4.0,2,0,0,500,50000,-43,-80821,7296490,130,45883,-54567664
20:50:39.631,0,-5.2,2,0,0,500,50000,26,-79857,7296118,7,54690,-54567344
20:50:39.636,0,-5.2,2,0,0,500,50000,-297,-73792,7295726,64,47194,-54567112
20:50:39.641,0,-4.7,2,0,0,500,50000,-53,-61125,7295481,54,53590,-54566816
20:50:39.646,0,-4.7,2,0,0,500,50000,10,-52958,7295214,26,48595,-54566620
20:50:39.651,0,-3.0,2,0,0,500,50000,-3,-43609,7295046,37,51912,-54566348
20:50:39.656,0,-3.0,2,0,0,500,50000,8,-36087,7294906,129,43819,-54566136
20:50:39.661,0,-1.7,2,0,0,500,50000,-8,-31556,7294747,15,57827,-54565788
20:50:39.666,0,-1.7,2,0,0,500,50000,-6,-31680,7294598,177,41214,-54565676
20:50:39.671,0,-1.5,2,0,0,500,50000,9,-31391,7294426,-10,56418,-54565324
20:50:39.676,0,-1.5,2,0,0,500,50000,3,-35074,7294246,224,41712,-54565164
20:50:39.681,0,-1.9,2,0,0,500,50000,8,-43276,7293974,-9,56705,-54564840
20:50:39.686,0,-1.9,2,0,0,500,50000,-25,-48908,7293722,170,45831,-54564652
20:50:39.691,0,-2.7,2,0,0,500,50000,-53,-51103,7293435,84,47192,-54564364
20:50:39.697,0,-2.7,2,0,0,500,50000,31,-47923,7293226,131,51618,-54564132
20:50:39.702,0,-3.3,2,0,0,500,50000,57,-47650,7292965,120,45245,-54563888
20:50:39.707,0,-3.3,2,0,0,500,50000,20,-49666,7292678,18,55884,-54563616
20:50:39.712,0,-3.3,2,0,0,500,50000,-42,-55799,7292394,194,42095,-54563424
20:50:39.717,0,-3.3,2,0,0,500,50000,47,-51844,7292122,-21,55490,-54563068
20:50:39.722,0,-3.0,2,0,0,500,50000,-1,-49840,7291851,172,46399,-54562880
20:50:39.727,0,-3.0,2,0,0,500,50000,-9,-47898,7291639,89,45237,-54562592
20:50:39.732,0,-2.6,2,0,0,500,50000,0,-44674,7291397,65,52108,-54562368
20:50:39.737,0,-2.6,2,0,0,500,50000,6,-48872,7291147,194,40497,-54562152
20:50:39.742,0,-2.3,2,0,0,500,50000,-11,-45006,7290901,-119,62345,-54561760
20:50:39.747,0,-2.3,2,0,0,500,50000,-15,-42496,7290751,218,38028,-54561688
20:50:39.752,0,-2.3,2,0,0,500,50000,2,-37243,7290565,-45,60449,-54561292
20:50:39.757,0,-2.3,2,0,0,500,50000,10,-36304,7290398,146,38579,-54561204
20:50:39.762,0,-2.3,2,0,0,500,50000,2,-38373,7290218,-68,60972,-54560804
20:50:39.767,0,-2.4,2,0,0,500,50000,104,-40404,7289994,299,37438,-54560700
20:50:39.772,0,-2.4,2,0,0,500,50000,64,-39068,7289819,-35,55899,-54560304
20:50:39.777,0,-2.8,1,0,0,500,50000,23,-42244,7289566,276,39266,-54560216
20:50:39.783,0,-2.8,1,0,0,500,50000,-50,-54639,7289263,-23,56896,-54559824
20:50:39.788,0,-3.3,1,0,0,500,50000,-38,-65973,7288846,164,46104,-54559656
20:50:39.793,0,-3.3,1,0,0,500,50000,-53,-69511,7288503,-36,58869,-54559324
20:50:39.798,0,-3.5,1,0,0,500,50000,-42,-73753,7288138,158,44980,-54559172
20:50:39.803,0,-3.5,1,0,0,500,50000,-27,-70273,7287762,79,54502,-54558812
20:50:39.808,0,-2.9,1,0,0,500,50000,-11,-62539,7287499,117,49073,-54558608
20:50:39.813,0,-2.9,1,0,0,500,50000,-17,-46814,7287301,61,54269,-54558316
20:50:39.818,0,-1.7,1,0,0,500,50000,-26,-34068,7287178,198,43077,-54558148
20:50:39.823,0,-1.7,1,0,0,500,50000,12,-24575,7287098,31,54793,-54557840
20:50:39.828,0,-1.0,1,0,0,500,50000,16,-25510,7286966,177,42303,-54557672
20:50:39.833,0,-1.0,1,0,0,500,50000,-9,-27153,7286838,59,50160,-54557344
20:50:39.838,0,-1.5,1,0,0,500,50000,-20,-38285,7286586,142,45047,-54557180
20:50:39.843,0,-1.5,1,0,0,500,50000,41,-45765,7286346,63,49036,-54556876
20:50:39.848,0,-2.9,1,0,0,500,50000,2,-52293,7286034,29,52937,-54556608
20:50:39.853,0,-2.9,1,0,0,500,50000,-2,-63034,7285707,71,46673,-54556408
20:50:39.858,0,-3.9,1,0,0,500,50000,-5,-72114,7285274,37,54735,-54556112
20:50:39.863,0,-3.9,1,0,0,500,50000,-3,-82498,7284841,9,48407,-54555892
20:50:39.868,0,-3.9,1,0,0,500,50000,-12,-80494,7284389,-69,55786,-54555596
20:50:39.874,0,-3.9,1,0,0,500,50000,-10,-74921,7284058,-20,49210,-54555344
20:50:39.879,0,-2.9,1,0,0,500,50000,-22,-62525,7283809,15,51245,-54555088
20:50:39.884,0,-2.9,1,0,0,500,50000,11,-44987,7283625,-46,53461,-54554828
20:50:39.889,0,-1.4,1,0,0,500,50000,-74,-31710,7283531,112,47380,-54554624
20:50:39.894,0,-1.4,1,0,0,500,50000,-1,-23338,7283438,-3,51573,-54554320
20:50:39.899,0,-0.6,1,0,0,500,50000,22,-22486,7283338,88,47737,-54554104
20:50:39.904,0,-0.6,1,0,0,500,50000,43,-32334,7283126,78,49259,-54553860
20:50:39.909,0,-1.2,1,0,0,500,50000,62,-42932,7282883,87,52283,-54553596
20:50:39.914,0,-1.2,1,0,0,500,50000,-9,-51868,7282602,144,44678,-54553368
20:50:39.919,0,-2.6,1,0,0,500,50000,6,-60311,7282229,96,51818,-54553124
20:50:39.924,0,-2.6,1,0,0,500,50000,0,-67115,7281889,105,48975,-54552864
20:50:39.929,0,-3.5,1,0,0,500,50000,-45,-76055,7281439,49,53749,-54552572
20:50:39.934,0,-3.5,1,0,0,500,50000,-11,-74516,7281097,29,50835,-54552304
20:50:39.939,0,-3.1,1,0,0,500,50000,-1,-68373,7280743,52,48818,-54552108
20:50:39.944,0,-3.1,1,0,0,500,50000,6,-61616,7280442,39,53575,-54551784
20:50:39.949,0,-1.9,1,0,0,500,50000,-24,-48202,7280283,122,46145,-54551624
20:50:39.955,0,-1.9,1,0,0,500,50000,-107,-30934,7280178,-28,54801,-54551288
20:50:39.960,0,-0.7,1,0,0,500,50000,-4,-19297,7280134,129,43846,-54551100
20:50:39.965,0,-0.7,1,0,0,500,50000,6,-11297,7280102,31,52706,-54550824
20:50:39.970,0,-0.4,1,0,0,500,50000,1,-15228,7280015,285,42314,-54550648
20:50:39.975,0,-0.4,1,0,0,500,50000,13,-23285,7279862,208,44292,-54550368
20:50:39.980,0,-1.2,1,0,0,500,50000,30,-40036,7279578,143,49014,-54550140
20:50:39.985,0,-1.2,1,0,0,500,50000,-18,-59183,7279230,175,43710,-54549904
20:50:39.990,0,-3.1,1,0,0,500,50000,-21,-68754,7278818,76,53216,-54549628
20:50:39.995,0,-3.1,1,0,0,500,50000,-19,-70977,7278478,128,43040,-54549420
20:50:40.000,0,-4.5,1,0,0,500,50000,-1,-74764,7278105,-36,60017,-54549040
20:50:40.005,0,-4.5,1,0,0,500,50000,2,-79392,7277641,90,44134,-54548864
20:50:40.010,0,-4.1,1,0,0,500,50000,-10,-72431,7277331,-67,59047,-54548544
20:50:40.015,0,-4.1,1,0,0,500,50000,13,-67825,7276970,56,47205,-54548336
20:50:40.020,0,-2.4,1,0,0,500,50000,26,-60535,7276718,9,52856,-54548040
20:50:40.025,0,-2.4,1,0,0,500,50000,-41,-45999,7276518,6,50267,-54547820
20:50:40.030,0,-1.0,1,0,0,500,50000,12,-33044,7276414,91,47122,-54547592
20:50:40.035,0,-1.0,1,0,0,500,50000,29,-19667,7276379,8,48815,-54547296
20:50:40.041,0,-0.2,1,0,0,500,50000,30,-12336,7276334,64,51894,-54547040
20:50:40.046,0,-0.2,1,0,0,500,50000,71,-14295,7276262,112,45741,-54546848
20:50:40.051,0,-0.3,1,0,0,500,50000,19,-26725,7276073,71,50704,-54546572
20:50:40.056,0,-0.3,1,0,0,500,50000,-30,-42090,7275817,210,40195,-54546380
20:50:40.061,0,-1.4,1,0,0,500,50000,27,-54955,7275461,-6,56257,-54546012
20:50:40.066,0,-1.4,1,0,0,500,50000,7,-64675,7275111,210,40190,-54545912
20:50:40.071,0,-3.1,1,0,0,500,50000,-7,-71951,7274741,-78,58809,-54545508
20:50:40.076,0,-3.1,1,0,0,500,50000,1,-80842,7274270,67,45848,-54545340
20:50:40.081,0,-3.7,1,0,0,500,50000,-4,-81080,7273897,8,59660,-54545004
20:50:40.086,0,-3.7,1,0,0,500,50000,-9,-80068,7273466,180,40409,-54544856
20:50:40.091,0,-2.7,1,0,0,500,50000,-4,-69054,7273130,-136,62430,-54544428
20:50:40.096,0,-2.7,1,0,0,500,50000,-14,-59870,7272886,187,37617,-54544368
20:50:40.101,0,-1.3,1,0,0,500,50000,-31,-39662,7272742,-138,62562,-54543936
20:50:40.106,0,-1.3,1,0,0,500,50000,-14,-20358,7272727,144,39683,-54543852
20:50:40.111,0,-0.3,1,0,0,500,50000,-8,-5073,7272765,-55,58474,-54543460
20:50:40.116,0,-0.3,1,0,0,500,50000,3,-4116,7272746,226,42728,-54543276
20:50:40.121,0,0.0,1,0,0,500,50000,9,-17138,7272618,85,46991,-54542964
20:50:40.127,0,0.0,1,0,0,500,50000,-68,-35034,7272362,62,54275,-54542676
20:50:40.132,0,-0.7,1,0,0,500,50000,41,-56437,7272014,60,47072,-54542488
20:50:40.137,0,-0.7,1,0,0,500,50000,0,-66936,7271654,-38,54277,-54542192
20:50:40.142,0,-2.5,1,0,0,500,50000,9,-72654,7271351,-3,50833,-54542024
20:50:40.147,0,-2.5,1,0,0,500,50000,-21,-82716,7270915,-2,52789,-54541764
20:50:40.152,0,-4.0,1,0,0,500,50000,-9,-89815,7270386,-94,56517,-54541484
20:50:40.157,0,-4.0,1,0,0,500,50000,1,-92632,7269929,43,47753,-54541280
20:50:40.162,0,-3.6,1,0,0,500,50000,64,-92372,7269419,-31,58338,-54540924
20:50:40.167,0,-3.6,1,0,0,500,50000,-47,-82739,7269074,107,42136,-54540760
20:50:40.172,0,-2.1,1,0,0,500,50000,-20,-67194,7268813,3,56326,-54540476
20:50:40.177,0,-0.6,1,0,0,500,50000,31,-46838,7268634,69,46989,-54540236
20:50:40.183,0,-0.6,1,0,0,500,50000,-60,-27290,7268587,-3,55933,-54539916
20:50:40.188,0,0.0,1,0,0,500,50000,73,-6791,7268618,-44,49625,-54539716
20:50:40.193,0,0.0,1,0,0,500,50000,41,-1756,7268629,76,50299,-54539468
20:50:40.198,0,0.0,1,0,0,500,50000,20,-9859,7268554,137,47108,-54539212
20:50:40.204,0,0.0,1,0,0,500,50000,-7,-21111,7268413,135,50958,-54538944
