timestamp,target_flag,sensor_torque,sensor_rpm,act_target_torque,act_target_velocity,load_target_torque,load_target_velocity,act_torque,act_vel,act_pos,load_torque,load_vel,load_pos
21:01:12.339,0,0.0,0,0,0,0,0,-3,-1325,16924282,14,168,-64194368
21:01:12.344,0,0.0,0,0,0,0,0,-12,-439,16924286,4,-251,-64194368
21:01:12.349,0,0.0,0,0,0,0,0,7,-1060,16924282,-44,777,-64194360
21:01:12.354,0,0.0,0,0,0,0,0,-15,-697,16924286,54,-430,-64194368
21:01:12.359,0,0.0,0,0,0,0,0,27,-619,16924286,-23,-359,-64194368
21:01:12.364,0,0.0,0,0,0,0,0,-18,-1140,16924282,-28,907,-64194360
21:01:12.369,0,0.0,0,0,0,0,0,-2,1380,16924296,-50,-125,-64194368
21:01:12.374,0,0.0,0,0,0,0,0,5,1197,16924296,-18,504,-64194368
21:01:12.379,0,0.0,0,0,0,0,0,-7,1825,16924302,55,632,-64194368
21:01:12.385,0,0.0,0,0,0,0,0,-10,593,16924292,0,672,-64194368
21:01:12.390,0,0.0,0,0,0,0,0,9,1743,16924302,-74,530,-64194368
21:01:12.395,0,0.0,0,0,0,0,0,0,-496,16924286,7,3,-64194368
21:01:12.400,0,0.0,0,0,0,0,0,52,-1041,16924282,-4,-380,-64194372
21:01:12.405,0,0.0,0,0,0,0,0,-1,-566,16924286,15,-507,-64194372
21:01:12.410,0,0.0,0,0,0,0,0,11,49,16924288,-19,-399,-64194372
21:01:12.415,0,0.0,0,0,0,0,0,9,715,16924292,14,-1022,-64194372
21:01:12.420,0,0.0,0,0,0,0,0,-8,874,16924292,35,-1004,-64194372
21:01:12.425,0,0.0,0,0,0,0,0,-2,679,16924292,9,-1208,-64194376
21:01:12.430,0,0.0,0,0,0,0,0,11,-161,16924288,-20,482,-64194368
21:01:12.435,0,0.0,0,0,0,0,0,19,65,16924288,29,-1807,-64194384
21:01:12.440,0,0.0,0,0,0,0,0,8,814,16924292,-44,582,-64194368
21:01:12.445,0,0.0,0,0,0,0,0,66,-80,16924288,41,425,-64194368
21:01:12.450,0,0.0,0,0,0,0,0,24,-1086,16924282,-10,563,-64194368
21:01:12.455,0,0.0,0,0,0,0,0,-1,-1213,16924282,-1,-247,-64194368
21:01:12.460,0,0.0,0,0,0,0,0,4,-394,16924286,1,655,-64194368
21:01:12.465,0,0.0,0,0,0,0,0,13,892,16924292,25,560,-64194368
21:01:12.471,0,0.0,0,0,0,0,0,-11,763,16924292,16,-1366,-64194376
21:01:12.476,0,0.0,0,0,0,0,0,-8,-41,16924288,0,1104,-64194360
21:01:12.481,0,0.0,0,0,0,0,0,17,514,16924286,29,1125,-64194360
21:01:12.486,0,0.0,0,0,0,0,0,1,-613,16924286,-64,-1927,-64194384
21:01:12.491,0,0.0,0,0,0,0,0,-5,-1022,16924282,-43,678,-64194368
21:01:12.496,0,0.0,0,0,0,0,0,0,724,16924292,1,60,-64194368
21:01:12.501,0,0.0,0,0,0,0,0,22,1860,16924292,-3,643,-64194368
21:01:12.506,0,0.0,0,0,0,0,0,-12,-429,16924286,-9,574,-64194368
21:01:12.511,0,0.0,0,0,0,0,0,-2,-619,16924286,1,31,-64194372
21:01:12.516,0,0.0,0,0,0,0,0,-20,1,16924282,-26,414,-64194368
21:01:12.521,0,0.0,0,0,0,0,0,-25,888,16924292,-98,76,-64194368
21:01:12.526,0,0.0,0,0,0,0,0,-4,-1059,16924282,71,-703,-64194372
21:01:12.531,0,0.0,0,0,0,0,0,-7,849,16924292,52,9,-64194368
21:01:12.536,0,0.0,0,0,0,0,0,-9,-585,16924286,-29,517,-64194368
21:01:12.541,0,0.0,0,0,0,0,0,3,856,16924292,43,411,-64194368
21:01:12.546,0,0.0,0,0,0,0,0,-6,-1167,16924282,-36,-201,-64194368
21:01:12.551,0,0.0,0,0,0,0,0,16,-1124,16924282,5,-92,-64194368
21:01:12.556,0,0.0,0,0,0,0,0,-8,233,16924288,47,627,-64194368
21:01:12.562,0,0.0,0,0,0,0,0,-13,65,16924288,-24,693,-64194368
21:01:12.567,0,0.0,0,0,0,0,0,-10,721,16924292,-40,77,-64194368
21:01:12.572,0,0.0,0,0,0,0,0,-24,754,16924292,-18,209,-64194368
21:01:12.577,0,0.0,0,0,0,0,0,7,-1104,16924282,58,-1047,-64194372
21:01:12.582,0,0.0,0,0,0,0,0,12,-1095,16924282,-12,1357,-64194356
21:01:12.587,0,0.0,0,0,0,0,0,0,-1023,16924296,12,-550,-64194372
21:01:12.592,0,0.0,0,0,0,0,0,11,136,16924288,27,572,-64194368
21:01:12.598,0,0.0,0,0,0,0,0,-5,-5,16924288,35,-1277,-64194372
21:01:12.603,0,0.0,0,0,0,0,0,-2,115,16924288,-4,-785,-64194372
21:01:12.608,0,0.0,0,0,0,0,0,-10,-1039,16924282,-38,-1422,-64194372
21:01:12.613,0,0.0,0,0,0,0,0,3,896,16924292,4,-703,-64194372
21:01:12.618,0,0.0,0,0,0,0,0,-20,1491,16924296,-40,-44,-64194368
21:01:12.623,0,0.0,0,0,0,0,0,68,-1133,16924282,7,-51,-64194368
21:01:12.628,0,0.0,0,0,0,0,0,7,-1068,16924282,15,581,-64194368
21:01:12.633,0,0.0,0,0,0,0,0,42,-540,16924286,-7,-1078,-64194372
21:01:12.638,0,0.0,0,0,0,0,0,7,-505,16924286,-47,20,-64194368
21:01:12.643,0,0.0,0,0,0,0,0,21,-1593,16924278,-19,0,-64194368
21:01:12.648,0,0.0,0,0,0,0,0,1,986,16924292,-23,785,-64194368
21:01:12.653,0,0.0,0,0,0,0,0,1,1349,16924296,33,71,-64194368
21:01:12.658,0,0.0,0,0,0,0,0,-2,1199,16924296,27,1046,-64194368
21:01:12.663,0,0.0,0,0,0,0,0,-3,-47,16924288,-15,1119,-64194368
21:01:12.668,0,0.0,0,0,0,0,0,-4,-790,16924286,43,712,-64194368
21:01:12.673,0,0.0,0,0,0,0,0,-23,1380,16924296,-35,-1706,-64194384
21:01:12.678,0,0.0,0,0,0,0,0,4,1220,16924296,30,49,-64194368
21:01:12.684,0,0.0,0,0,0,0,0,29,-2769,16924268,13,54,-64194368
21:01:12.689,0,0.0,0,0,0,0,0,5,1311,16924296,42,812,-64194368
21:01:12.694,0,0.0,0,0,0,0,0,-10,618,16924292,-51,-1045,-64194372
21:01:12.699,0,0.0,0,0,0,0,0,-9,-689,16924286,19,-312,-64194372
21:01:12.704,0,0.0,0,0,0,0,0,9,-466,16924286,-1,-762,-64194372
21:01:12.709,0,0.0,0,0,0,0,0,-16,-592,16924286,-17,-393,-64194372
21:01:12.714,0,0.0,0,0,0,0,0,-14,-422,16924286,42,-973,-64194372
21:01:12.719,0,0.0,0,0,0,0,0,-10,790,16924292,6,-309,-64194372
21:01:12.724,0,0.0,0,0,0,0,0,4,-1732,16924278,50,1394,-64194360
21:01:12.729,0,0.0,0,0,0,0,0,-134,-638,16924286,21,1323,-64194360
21:01:12.734,0,0.0,0,0,0,0,0,4,-660,16924286,-37,-961,-64194376
21:01:12.739,0,0.0,0,0,0,0,0,-7,-1150,16924282,-8,-625,-64194372
21:01:12.744,0,0.0,0,0,0,0,0,2,1431,16924296,51,-40,-64194372
21:01:12.749,0,0.0,0,0,0,0,0,67,25,16924296,-6,-857,-64194376
21:01:12.754,0,0.0,0,0,0,0,0,7,358,16924288,-40,1176,-64194368
21:01:12.759,0,0.0,0,0,0,0,0,10,935,16924292,0,448,-64194368
21:01:12.764,0,0.0,0,0,0,0,0,39,-942,16924282,-13,-1057,-64194376
21:01:12.769,0,0.0,0,0,0,0,0,3,1917,16924302,-1,-1039,-64194372
21:01:12.775,0,0.0,0,0,0,0,0,-16,-49,16924288,-68,-570,-64194372
21:01:12.780,0,0.0,0,0,0,0,0,8,1402,16924296,3,116,-64194368
21:01:12.785,0,0.0,0,0,0,0,0,5,-493,16924286,-36,1042,-64194360
21:01:12.790,0,0.0,0,0,0,0,0,1,-110,16924288,-46,-603,-64194372
21:01:12.795,0,0.0,0,0,0,0,0,-10,-547,16924286,41,-1277,-64194376
21:01:12.800,0,0.0,0,0,0,0,0,1,1880,16924302,-11,-1387,-64194376
21:01:12.805,0,0.0,0,0,0,0,0,2,-1078,16924282,-11,-1208,-64194376
21:01:12.810,0,0.0,0,0,0,0,0,10,1333,16924296,2,759,-64194368
21:01:12.815,0,0.0,0,0,0,0,0,6,876,16924292,0,965,-64194368
21:01:12.820,0,0.0,0,0,0,0,0,12,-535,16924286,-7,-724,-64194372
21:01:12.825,0,0.0,0,0,0,0,0,13,-1131,16924282,-4,945,-64194368
21:01:12.830,0,0.0,0,0,0,0,0,11,207,16924288,12,925,-64194368
21:01:12.835,0,0.0,0,0,0,0,0,35,72,16924288,9,485,-64194368
21:01:12.840,0,0.0,0,0,0,0,0,-7,756,16924292,47,1569,-64194360
21:01:12.845,0,0.0,0,0,0,0,0,-10,-985,16924282,3,918,-64194368
21:01:12.850,0,0.0,0,0,0,0,0,-21,-307,16924286,35,-396,-64194372
21:01:12.855,0,0.0,0,0,0,0,0,-25,-548,16924286,49,897,-64194368
21:01:12.860,0,0.0,0,0,0,0,0,3,1281,16924296,-41,205,-64194368
21:01:12.866,0,0.0,0,0,0,0,0,25,-3166,16924268,-46,1288,-64194360
21:01:12.871,0,0.0,0,0,0,0,0,9,-405,16924286,-12,-1044,-64194372
21:01:12.876,0,0.0,0,0,0,0,0,-2,-556,16924286,-10,717,-64194368
21:01:12.881,0,0.0,0,0,0,0,0,-8,-564,16924286,7,773,-64194368
21:01:12.886,0,0.0,0,0,0,0,0,2,1318,16924296,-3,-568,-64194372
21:01:12.891,0,0.0,0,0,0,0,0,0,-521,16924286,-34,-524,-64194372
21:01:12.896,0,0.0,0,0,0,0,0,-4,1324,16924296,7,698,-64194368
21:01:12.901,0,0.0,0,0,0,0,0,-38,84,16924288,51,-1282,-64194376
21:01:12.906,0,0.0,0,0,0,0,0,-4,-518,16924286,7,653,-64194368
21:01:12.911,0,0.0,0,0,0,0,0,-15,-1076,16924282,58,-974,-64194376
21:01:12.916,0,0.0,0,0,0,0,0,27,660,16924292,-23,1528,-64194360
21:01:12.921,0,0.0,0,0,0,0,0,42,945,16924292,34,-397,-64194372
21:01:12.926,0,0.0,0,0,0,0,0,-9,654,16924292,-41,-1220,-64194376
21:01:12.931,0,0.0,0,0,0,0,0,-13,716,16924292,-31,666,-64194368
21:01:12.936,0,0.0,0,0,0,0,0,0,-572,16924286,30,-94,-64194368
21:01:12.941,0,0.0,0,0,0,0,0,12,173,16924288,9,472,-64194368
21:01:12.946,0,0.0,0,0,0,0,0,10,-437,16924286,40,526,-64194368
21:01:12.951,0,0.0,0,0,0,0,0,2,712,16924292,-27,509,-64194368
21:01:12.957,0,0.0,0,0,0,0,0,-5,602,16924292,-42,1240,-64194360
21:01:12.962,0,0.0,0,0,0,0,0,-32,-1029,16924282,-2,630,-64194368
21:01:12.967,0,0.0,0,0,0,0,0,-18,-1677,16924278,-9,1238,-64194360
21:01:12.972,0,0.0,0,0,0,0,0,-23,695,16924292,19,-1095,-64194372
21:01:12.977,0,0.0,0,0,0,0,0,-5,1325,16924296,76,-1079,-64194376
21:01:12.982,0,0.0,0,0,0,0,0,6,544,16924292,-29,-1549,-64194384
21:01:12.987,0,0.0,0,0,0,0,0,11,-1332,16924282,43,-360,-64194372
21:01:12.992,0,0.0,0,0,0,0,0,-37,1442,16924286,-17,-360,-64194372
21:01:12.997,0,0.0,0,0,0,0,0,3,-536,16924286,-3,-226,-64194372
21:01:13.002,0,0.0,0,0,0,0,0,-1,-1008,16924282,-28,-990,-64194376
21:01:13.007,0,0.0,0,0,0,0,0,-6,1515,16924296,4,305,-64194368
21:01:13.012,0,0.0,0,0,0,0,0,-2,-1000,16924282,8,526,-64194368
21:01:13.017,0,0.0,0,0,0,0,0,1,-895,16924282,28,945,-64194368
21:01:13.022,0,0.0,0,0,0,0,0,-9,-364,16924286,-49,1051,-64194368
21:01:13.027,0,0.0,0,0,0,0,0,48,-1622,16924278,-23,-498,-64194372
21:01:13.032,0,0.0,0,0,0,0,0,6,243,16924288,-4,908,-64194368
21:01:13.038,0,0.0,0,0,0,0,0,0,122,16924288,55,759,-64194368
21:01:13.043,0,0.0,0,0,0,0,0,-15,1285,16924296,15,474,-64194368
21:01:13.048,0,0.0,0,0,0,0,0,-12,1176,16924296,46,169,-64194368
21:01:13.053,0,0.0,0,0,0,0,0,-1,796,16924292,13,809,-64194360
21:01:13.058,0,0.0,0,0,0,0,0,2,1220,16924296,13,1005,-64194360
21:01:13.063,0,0.0,0,0,0,0,0,43,63,16924288,-57,47,-64194368
21:01:13.068,0,0.0,0,0,0,0,0,4,-534,16924286,-39,23,-64194368
21:01:13.073,0,0.0,0,0,0,0,0,-14,-455,16924286,-29,541,-64194368
21:01:13.078,0,0.0,0,0,0,0,0,-24,-606,16924286,-25,1267,-64194360
21:01:13.083,0,0.0,0,0,0,0,0,-1,-544,16924286,-45,-1165,-64194376
21:01:13.088,0,0.0,0,0,0,0,0,-1,223,16924288,-12,-976,-64194372
21:01:13.093,0,0.0,0,0,0,0,0,6,800,16924292,-6,-1061,-64194376
21:01:13.098,0,0.0,0,0,0,0,0,10,-1191,16924282,-1,373,-64194368
21:01:13.103,0,0.0,0,0,0,0,0,-16,-1116,16924282,-36,-329,-64194372
21:01:13.108,0,0.0,0,0,0,0,0,10,-1106,16924282,-10,769,-64194368
21:01:13.113,0,0.0,0,0,0,0,0,-53,1514,16924296,2,-428,-64194372
21:01:13.118,0,0.0,0,0,0,0,0,5,-541,16924286,24,1579,-64194356
21:01:13.123,0,0.0,0,0,0,0,0,-13,-592,16924286,7,-985,-64194372
21:01:13.129,0,0.0,0,0,0,0,0,-42,115,16924288,-12,880,-64194368
21:01:13.134,0,0.0,0,0,0,0,0,-17,200,16924288,13,-963,-64194372
21:01:13.139,0,0.0,0,0,0,0,0,16,821,16924292,-7,-1660,-64194384
21:01:13.144,0,0.0,0,0,0,0,0,4,-1230,16924288,-34,-923,-64194372
21:01:13.149,0,0.0,0,0,0,0,0,12,-339,16924286,-25,-949,-64194376
21:01:13.154,0,0.0,0,0,0,0,0,-4,1946,16924302,-40,1489,-64194360
21:01:13.159,0,0.0,0,0,0,0,0,5,-1068,16924282,-22,1076,-64194368
21:01:13.164,0,0.0,0,0,0,0,0,3,-1228,16924282,-6,993,-64194368
21:01:13.169,0,0.0,0,0,0,0,0,3,80,16924288,36,299,-64194368
21:01:13.174,0,0.0,0,0,0,0,0,-5,-519,16924286,-13,-795,-64194372
21:01:13.179,0,0.0,0,0,0,0,0,8,1411,16924296,13,-1042,-64194376
21:01:13.184,0,0.0,0,0,0,0,0,1,826,16924292,-4,-389,-64194372
21:01:13.189,0,0.0,0,0,0,0,0,3,60,16924288,15,-1057,-64194376
21:01:13.194,0,0.0,0,0,0,0,0,-57,-1160,16924282,-3,-1037,-64194376
21:01:13.199,0,0.0,0,0,0,0,0,-20,780,16924292,-2,-882,-64194372
21:01:13.204,0,0.0,0,0,0,0,0,47,-1198,16924282,7,-980,-64194372
21:01:13.209,0,0.0,0,0,0,0,0,-2,796,16924292,34,-942,-64194372
21:01:13.214,0,0.0,0,0,0,0,0,-13,-1168,16924282,-30,1427,-64194360
21:01:13.219,0,0.0,0,0,0,0,0,-3,686,16924292,-15,148,-64194368
21:01:13.225,0,0.0,0,0,0,0,0,-4,887,16924292,11,1024,-64194368
21:01:13.230,0,0.0,0,0,0,0,0,-15,-587,16924286,10,942,-64194368
21:01:13.235,0,0.0,0,0,0,0,0,5,1957,16924302,37,-237,-64194372
21:01:13.240,0,0.0,0,0,0,0,0,16,1316,16924296,-31,-1367,-64194384
21:01:13.245,0,0.0,0,0,0,0,0,-5,-584,16924286,0,1138,-64194368
21:01:13.250,0,0.0,0,0,0,0,0,-119,-1227,16924282,8,-291,-64194372
21:01:13.255,0,0.0,0,0,0,0,0,-3,1371,16924296,26,933,-64194368
21:01:13.260,0,0.0,0,0,0,0,0,-3,931,16924292,15,848,-64194368
21:01:13.265,0,0.0,0,0,0,0,0,-12,160,16924288,10,-751,-64194372
21:01:13.270,0,0.0,0,0,0,0,0,-1,-403,16924286,80,-977,-64194376
21:01:13.275,0,0.0,0,0,0,0,0,-20,670,16924292,-66,876,-64194368
21:01:13.280,0,0.0,0,0,0,0,0,-8,-543,16924286,43,-1115,-64194376
21:01:13.285,0,0.0,0,0,0,0,0,10,1414,16924296,-25,-1034,-64194372
21:01:13.290,0,0.0,0,0,0,0,0,12,-93,16924288,-1,154,-64194368
21:01:13.295,0,0.0,0,0,0,0,0,12,-1132,16924282,7,31,-64194372
21:01:13.300,0,0.0,0,0,0,0,0,2,160,16924288,4,-1350,-64194384
21:01:13.305,0,0.0,0,0,0,0,0,14,-2390,16924274,-11,-169,-64194372
21:01:13.310,0,0.0,0,0,0,0,0,-9,-1094,16924282,4,1012,-64194368
21:01:13.316,0,0.0,0,0,0,0,0,17,809,16924292,40,-762,-64194376
21:01:13.321,0,0.0,0,0,0,0,0,6,1456,16924296,5,-4,-64194372
21:01:13.326,0,0.0,0,0,0,0,0,14,1441,16924296,58,-738,-64194372
21:01:13.331,0,0.0,0,0,0,0,0,-7,-516,16924286,11,-885,-64194372
21:01:13.336,0,0.0,0,0,0,0,0,-2,1245,16924296,12,-168,-64194372
21:01:13.341,0,0.0,0,0,0,0,0,-8,-1121,16924282,52,-182,-64194372
21:01:13.346,0,0.0,0,0,0,0,0,18,-528,16924286,57,-601,-64194372
21:01:13.351,0,0.0,0,0,0,0,0,0,-319,16924286,51,-684,-64194376
21:01:13.356,0,0.0,0,0,0,0,0,-11,-922,16924282,53,1167,-64194368
21:01:13.361,0,0.0,0,0,0,0,0,12,252,16924288,-3,-809,-64194372
21:01:13.366,0,0.0,0,0,0,0,0,-3,-431,16924286,20,1409,-64194360
21:01:13.371,0,0.0,0,0,0,0,0,-22,1895,16924302,-1,731,-64194368
21:01:13.376,0,0.0,0,0,0,0,0,-24,177,16924288,-7,-379,-64194372
21:01:13.381,0,0.0,0,0,0,0,0,1,-1148,16924282,34,-1391,-64194384
21:01:13.386,0,0.0,0,0,0,0,0,-4,25,16924288,-2,-854,-64194376
21:01:13.391,0,0.0,0,0,0,0,0,3,1869,16924302,0,513,-64194368
21:01:13.396,0,0.0,0,0,0,0,0,7,-169,16924288,46,-243,-64194372
21:01:13.401,0,0.0,0,0,0,0,0,-7,-1170,16924282,-13,864,-64194368
21:01:13.407,0,0.0,0,0,0,0,0,2,-1601,16924278,68,-721,-64194372
21:01:13.412,0,0.0,0,0,0,0,0,0,-1173,16924282,37,-845,-64194376
21:01:13.417,0,0.0,0,0,0,0,0,-5,1229,16924296,-1,-763,-64194372
21:01:13.422,0,0.0,0,0,0,0,0,2,-1091,16924282,-3,-1458,-64194384
21:01:13.427,0,0.0,0,0,0,0,0,0,795,16924292,1,-354,-64194372
21:01:13.432,0,0.0,0,0,0,0,0,-2,21,16924288,-23,501,-64194368
21:01:13.437,0,0.0,0,0,0,0,0,-7,74,16924288,6,1633,-64194360
21:01:13.442,0,0.0,0,0,0,0,0,-2,1237,16924296,29,499,-64194368
21:01:13.447,0,0.0,0,0,0,0,0,-13,-1324,16924282,-14,1164,-64194368
21:01:13.452,0,0.0,0,0,0,0,0,-1,-1216,16924282,3,970,-64194368
21:01:13.457,0,0.0,0,0,0,0,0,32,-1116,16924282,-14,-952,-64194376
21:01:13.462,0,0.0,0,0,0,0,0,10,671,16924292,-11,867,-64194368
21:01:13.467,0,0.0,0,0,0,0,0,0,642,16924292,-11,69,-64194368
21:01:13.472,0,0.0,0,0,0,0,0,8,-1697,16924278,36,-1260,-64194372
21:01:13.477,0,0.0,0,0,0,0,0,-5,103,16924288,-17,-1127,-64194372
21:01:13.482,0,0.0,0,0,0,0,0,-9,-1283,16924282,40,-1037,-64194372
21:01:13.487,0,0.0,0,0,0,0,0,-8,740,16924292,-7,-349,-64194372
21:01:13.492,0,0.0,0,0,0,0,0,17,814,16924292,0,-873,-64194372
21:01:13.498,0,0.0,0,0,0,0,0,-9,1593,16924296,18,398,-64194368
21:01:13.503,0,0.0,0,0,0,0,0,-8,-479,16924286,-28,925,-64194368
21:01:13.508,0,0.0,0,0,0,0,0,16,205,16924288,20,683,-64194368
21:01:13.513,0,0.0,0,0,0,0,0,15,-1026,16924282,49,701,-64194368
21:01:13.518,0,0.0,0,0,0,0,0,-26,1375,16924296,-19,266,-64194368
21:01:13.523,0,0.0,0,0,0,0,0,-2,-974,16924282,79,686,-64194368
21:01:13.523,0,0.0,0,0,0,0,0,8,-1015,16924282,39,-1008,-64194372
21:01:13.528,0,0.0,0,0,0,0,0,-2,-983,16924282,30,231,-64194368
21:01:13.533,0,0.0,0,0,0,0,0,6,50,16924288,30,798,-64194368
21:01:13.538,0,0.0,0,0,0,0,0,6,-495,16924286,31,-322,-64194372
21:01:13.543,0,0.0,0,0,0,0,0,-10,56,16924288,-13,-428,-64194372
21:01:13.548,0,0.0,0,0,0,0,0,-5,-593,16924286,-28,-1062,-64194372
21:01:13.558,0,0.0,0,0,0,0,0,4,1423,16924296,-31,72,-64194368
21:01:13.558,0,0.0,0,0,0,0,0,-1,-1210,16924282,36,96,-64194368
21:01:13.563,0,0.0,0,0,0,0,0,-14,830,16924292,40,-412,-64194372
21:01:13.568,0,0.0,0,0,0,0,0,8,252,16924288,-22,-238,-64194372
21:01:13.574,0,0.0,0,0,0,0,0,-4,783,16924292,-9,-938,-64194372
21:01:13.579,0,0.0,0,0,0,0,0,6,768,16924292,-18,285,-64194368
21:01:13.584,0,0.0,0,0,0,0,0,-2,-1112,16924282,-22,400,-64194368
21:01:13.589,0,0.0,0,0,0,0,0,-10,-680,16924286,5,311,-64194368
21:01:13.594,0,0.0,0,0,0,0,0,45,-643,16924286,-26,-813,-64194376
21:01:13.599,0,0.0,0,0,0,0,0,-1,826,16924292,-39,-636,-64194376
21:01:13.604,0,0.0,0,0,0,0,0,-7,-682,16924286,0,1202,-64194368
21:01:13.609,0,0.0,0,0,0,0,0,0,-1228,16924282,-4,-534,-64194372
21:01:13.614,0,0.0,0,0,0,0,0,13,602,16924292,-42,250,-64194368
21:01:13.619,0,0.0,0,0,0,0,0,0,14,16924288,-23,-1418,-64194384
21:01:13.624,0,0.0,0,0,0,0,0,-3,96,16924288,4,1655,-64194356
21:01:13.629,0,0.0,0,0,0,0,0,-35,1305,16924296,-40,373,-64194368
21:01:13.634,0,0.0,0,0,0,0,0,-2,9,16924288,-21,1121,-64194368
21:01:13.639,0,0.0,0,0,0,0,0,-4,211,16924288,-2,-912,-64194376
21:01:13.644,0,0.0,0,0,0,0,0,-5,-1121,16924282,7,-947,-64194376
21:01:13.650,0,0.0,0,0,0,0,0,-5,-614,16924286,7,-964,-64194376
21:01:13.655,0,0.0,0,0,0,0,0,-2,-786,16924286,24,-88,-64194372
21:01:13.660,0,0.0,0,0,0,0,0,5,1431,16924296,5,1293,-64194368
21:01:13.665,0,0.0,0,0,0,0,0,-9,436,16924292,8,-789,-64194376
21:01:13.670,0,0.0,0,0,0,0,0,33,-1154,16924282,32,-868,-64194376
21:01:13.675,0,0.0,0,0,0,0,0,-11,736,16924292,31,1145,-64194368
21:01:13.680,0,0.0,0,0,0,0,0,-6,780,16924292,-9,-812,-64194376
21:01:13.685,0,0.0,0,0,0,0,0,27,-502,16924286,1,-718,-64194376
21:01:13.690,0,0.0,0,0,0,0,0,-10,-522,16924286,33,-1108,-64194384
21:01:13.695,0,0.0,0,0,0,0,0,10,828,16924292,4,190,-64194372
21:01:13.700,0,0.0,0,0,0,0,0,-3,33,16924288,0,-511,-64194372
21:01:13.705,0,0.0,0,0,0,0,0,-2,1382,16924296,2,607,-64194368
21:01:13.710,0,0.0,0,0,0,0,0,1,-1031,16924282,0,-784,-64194360
21:01:13.715,0,0.0,0,0,0,0,0,5,664,16924292,7,-121,-64194372
21:01:13.720,0,0.0,0,0,0,0,0,-9,1343,16924296,7,1755,-64194356
21:01:13.725,0,0.0,0,0,0,0,0,31,-1038,16924282,-29,-985,-64194376
21:01:13.731,0,0.0,0,0,0,0,0,13,653,16924292,-14,345,-64194368
21:01:13.736,0,0.0,0,0,0,0,0,17,-488,16924286,34,-189,-64194372
21:01:13.741,0,0.0,0,0,0,0,0,9,-1176,16924282,16,-815,-64194372
21:01:13.746,0,0.0,0,0,0,0,0,3,787,16924292,31,839,-64194368
21:01:13.751,0,0.0,0,0,0,0,0,106,-1320,16924282,12,772,-64194368
21:01:13.756,0,0.0,0,0,0,0,0,-15,-28,16924288,-8,-875,-64194376
21:01:13.761,0,0.0,0,0,0,0,0,13,638,16924292,-31,-773,-64194376
21:01:13.766,0,0.0,0,0,0,0,0,-8,24,16924288,10,-773,-64194376
21:01:13.771,0,0.0,0,0,0,0,0,-7,-400,16924286,0,1118,-64194368
21:01:13.776,0,0.0,0,0,0,0,0,15,1950,16924302,-11,-717,-64194372
21:01:13.781,0,0.0,0,0,0,0,0,23,-1237,16924282,8,379,-64194368
21:01:13.791,0,0.0,0,0,0,0,0,6,-623,16924286,12,568,-64194368
21:01:13.796,0,0.0,0,0,0,0,0,18,-1838,16924278,44,-351,-64194372
21:01:13.796,0,0.0,0,0,0,0,0,16,1282,16924296,24,-873,-64194372
21:01:13.801,0,0.0,0,0,0,0,0,-4,1210,16924296,-53,-789,-64194372
21:01:13.807,0,0.0,0,0,0,0,0,-5,-1151,16924282,-37,-904,-64194376
21:01:13.812,0,0.0,0,0,0,0,0,1,-1018,16924282,-1,-121,-64194372
21:01:13.817,0,0.0,0,0,0,0,0,10,-1706,16924278,-41,1235,-64194368
21:01:13.822,0,0.0,0,0,0,0,0,11,-1042,16924282,4,597,-64194368
21:01:13.827,0,0.0,0,0,0,0,0,-10,1270,16924296,-29,-1205,-64194384
21:01:13.832,0,0.0,0,0,0,0,0,-23,1150,16924296,34,-373,-64194372
21:01:13.837,0,0.0,0,0,0,0,0,4,-1046,16924282,-6,-266,-64194372
21:01:13.842,0,0.0,0,0,0,0,0,19,-994,16924282,-28,-453,-64194372
21:01:13.847,0,0.0,0,0,0,0,0,23,-1161,16924282,-25,1311,-64194368
21:01:13.852,0,0.0,0,0,0,0,0,-22,-1201,16924282,9,-488,-64194372
21:01:13.857,0,0.0,0,0,0,0,0,-7,1433,16924296,35,-491,-64194376
21:01:13.862,0,0.0,0,0,0,0,0,-11,855,16924292,9,656,-64194368
21:01:13.867,0,0.0,0,0,0,0,0,-1,-1243,16924282,48,23,-64194372
21:01:13.872,0,0.0,0,0,0,0,0,-3,1231,16924296,0,753,-64194368
21:01:13.878,0,0.0,0,0,0,0,0,-11,129,16924288,30,18,-64194372
21:01:13.883,0,0.0,0,0,0,0,0,1,180,16924288,-4,131,-64194372
21:01:13.888,0,0.0,0,0,0,0,0,25,633,16924292,41,-579,-64194372
21:01:13.893,0,0.0,0,0,0,0,0,-8,258,16924288,29,-680,-64194372
21:01:13.898,0,0.0,0,0,0,0,0,-9,-1245,16924282,-35,1629,-64194360
21:01:13.903,0,0.0,0,0,0,0,0,-18,1438,16924296,16,920,-64194368
21:01:13.908,0,0.0,0,0,0,0,0,8,1396,16924296,-17,-651,-64194372
21:01:13.913,0,0.0,0,0,0,0,0,0,115,16924288,68,1218,-64194368
21:01:13.918,0,0.0,0,0,0,0,0,-3,1368,16924296,-21,-798,-64194376
21:01:13.923,0,0.0,0,0,0,0,0,3,-1094,16924282,24,589,-64194368
21:01:13.928,0,0.0,0,0,0,0,0,-10,96,16924288,22,-1,-64194372
21:01:13.933,0,0.0,0,0,0,0,0,12,-443,16924286,14,-488,-64194372
21:01:13.938,0,0.0,0,0,0,0,0,-1,1329,16924296,48,-427,-64194372
21:01:13.943,0,0.0,0,0,0,0,0,3,698,16924292,15,-488,-64194372
21:01:13.948,0,0.0,0,0,0,0,0,-2,34,16924288,0,642,-64194368
21:01:13.953,0,0.0,0,0,0,0,0,36,46,16924282,2,414,-64194368
21:01:13.959,0,0.0,0,0,0,0,0,-5,-564,16924286,46,-636,-64194372
21:01:13.964,0,0.0,0,0,0,0,0,9,-511,16924286,5,-1252,-64194384
21:01:13.969,0,0.0,0,0,0,0,0,33,52,16924288,-35,1253,-64194368
21:01:13.974,0,0.0,0,0,0,0,0,12,732,16924292,3,-653,-64194372
21:01:13.979,0,0.0,0,0,0,0,0,-9,1351,16924296,-1,-848,-64194376
21:01:13.984,0,0.0,0,0,0,0,0,-2,1299,16924296,-18,-623,-64194372
21:01:13.989,0,0.0,0,0,0,0,0,-10,560,16924292,-18,-696,-64194376
21:01:13.994,0,0.0,0,0,0,0,0,18,1219,16924296,54,1384,-64194372
21:01:13.999,0,0.0,0,0,0,0,0,2,535,16924292,36,-480,-64194372
21:01:14.004,0,0.0,0,0,0,0,0,9,533,16924292,-18,630,-64194368
21:01:14.009,0,0.0,0,0,0,0,0,-39,1145,16924296,-3,-383,-64194372
21:01:14.014,0,0.0,0,0,0,0,0,-9,-1252,16924282,2,1341,-64194368
21:01:14.019,0,0.0,0,0,0,0,0,10,-1265,16924282,-4,544,-64194368
21:01:14.024,0,0.0,0,0,0,0,0,-2,-1756,16924278,-31,-9,-64194372
21:01:14.029,0,0.0,0,0,0,0,0,8,877,16924292,15,-644,-64194376
21:01:14.034,0,0.0,0,0,0,0,0,1,578,16924292,-14,-612,-64194376
21:01:14.039,0,0.0,0,0,0,0,0,48,-676,16924286,-1,-588,-64194376
21:01:14.045,0,0.0,0,0,0,0,0,0,-1145,16924282,-45,-595,-64194376
21:01:14.050,0,0.0,0,0,0,0,0,-17,835,16924292,58,1028,-64194368
21:01:14.055,0,0.0,0,0,0,0,0,11,-491,16924286,-7,-969,-64194372
21:01:14.060,0,0.0,0,0,0,0,0,-21,-499,16924286,-21,1339,-64194356
21:01:14.065,0,0.0,0,0,0,0,0,-4,278,16924288,19,1223,-64194360
21:01:14.070,0,0.0,0,0,0,0,0,-2,-1086,16924282,48,864,-64194368
21:01:14.075,0,0.0,0,0,0,0,0,0,0,16924288,-12,1443,-64194360
21:01:14.080,0,0.0,0,0,0,0,0,20,140,16924288,-23,829,-64194368
21:01:14.085,0,0.0,0,0,0,0,0,57,51,16924288,43,-845,-64194376
21:01:14.090,0,0.0,0,0,0,0,0,1,-781,16924286,2,-816,-64194372
21:01:14.095,0,0.0,0,0,0,0,0,-5,74,16924288,-6,476,-64194368
21:01:14.100,0,0.0,0,0,0,0,0,-11,-1177,16924288,-2,-858,-64194372
21:01:14.105,0,0.0,0,0,0,0,0,-3,151,16924288,-42,-714,-64194372
21:01:14.110,0,0.0,0,0,0,0,0,13,-1382,16924282,-14,-671,-64194372
21:01:14.115,0,0.0,0,0,0,0,0,-13,-1098,16924282,64,-1192,-64194384
21:01:14.121,0,0.0,0,0,0,0,0,1,813,16924292,-17,397,-64194368
21:01:14.126,0,0.0,0,0,0,0,0,-1,191,16924288,16,-818,-64194372
21:01:14.131,0,0.0,0,0,0,0,0,48,1250,16924296,15,-668,-64194372
21:01:14.136,0,0.0,0,0,0,0,0,4,-528,16924286,29,807,-64194368
21:01:14.141,0,0.0,0,0,0,0,0,37,760,16924292,25,347,-64194368
21:01:14.146,0,0.0,0,0,0,0,0,74,618,16924292,43,1773,-64194360
21:01:14.151,0,0.0,0,0,0,0,0,5,710,16924292,-15,597,-64194368
21:01:14.156,0,0.0,0,0,0,0,0,-10,-602,16924286,0,-649,-64194372
21:01:14.161,0,0.0,0,0,0,0,0,-2,742,16924292,-26,1074,-64194368
21:01:14.166,0,0.0,0,0,0,0,0,7,625,16924292,47,390,-64194368
21:01:14.171,0,0.0,0,0,0,0,0,-32,-775,16924286,-18,-652,-64194376
21:01:14.176,0,0.0,0,0,0,0,0,-11,622,16924292,-9,-1137,-64194384
21:01:14.181,0,0.0,0,0,0,0,0,-3,-653,16924286,14,-575,-64194376
21:01:14.186,0,0.0,0,0,0,0,0,20,-1058,16924282,15,1490,-64194368
21:01:14.191,0,0.0,0,0,0,0,0,1,1334,16924296,-32,838,-64194368
21:01:14.197,0,0.0,0,0,0,0,0,2,744,16924292,30,-423,-64194372
21:01:14.202,0,0.0,0,0,0,0,0,72,-1045,16924282,37,287,-64194372
21:01:14.207,0,0.0,0,0,0,0,0,0,237,16924288,-48,688,-64194368
21:01:14.212,0,0.0,0,0,0,0,0,7,-574,16924286,-28,1902,-64194360
21:01:14.217,0,0.0,0,0,0,0,0,-8,-1250,16924282,-37,680,-64194368
21:01:14.222,0,0.0,0,0,0,0,0,58,179,16924288,9,-747,-64194376
21:01:14.227,0,0.0,0,0,0,0,0,-14,1430,16924296,19,-731,-64194372
21:01:14.232,0,0.0,0,0,0,0,0,41,-1090,16924282,26,1125,-64194368
21:01:14.237,0,0.0,0,0,0,0,0,14,712,16924292,13,-825,-64194376
21:01:14.242,0,0.0,0,0,0,0,0,-19,831,16924292,-3,-113,-64194372
21:01:14.247,0,0.0,0,0,0,0,0,40,281,16924288,15,-812,-64194372
21:01:14.252,0,0.0,0,0,0,0,0,14,-988,16924282,40,409,-64194368
21:01:14.258,0,0.0,0,0,0,0,0,2,857,16924292,-42,400,-64194368
21:01:14.263,0,0.0,0,0,0,0,0,-236,-1093,16924282,28,461,-64194368
21:01:14.268,0,0.0,0,0,0,0,0,4,-1248,16924282,38,-52,-64194372
21:01:14.273,0,0.0,0,0,0,0,0,5,616,16924292,-26,-610,-64194376
21:01:14.278,0,0.0,0,0,0,0,0,0,1344,16924296,54,-645,-64194376
21:01:14.283,0,0.0,0,0,0,0,0,-5,-107,16924288,2,678,-64194368
21:01:14.288,0,0.0,0,0,0,0,0,-25,-632,16924286,-39,1415,-64194368
21:01:14.294,0,0.0,0,0,0,0,0,-4,5,16924288,2,-363,-64194376
21:01:14.299,0,0.0,0,0,0,0,0,-24,-1073,16924282,-45,2085,-64194360
21:01:14.304,0,0.0,0,0,0,0,0,-12,-1226,16924282,15,792,-64194368
21:01:14.309,0,0.0,0,0,0,0,0,-4,-561,16924286,-30,559,-64194368
21:01:14.314,0,0.0,0,0,0,0,0,-5,234,16924288,50,-632,-64194372
21:01:14.319,0,0.0,0,0,0,0,0,-5,234,16924288,-31,-227,-64194372
21:01:14.324,0,0.0,0,0,0,0,0,-3,-1152,16924282,22,1671,-64194360
21:01:14.329,0,0.0,0,0,0,0,0,18,205,16924288,-35,646,-64194368
21:01:14.334,0,0.0,0,0,0,0,0,-7,231,16924288,-10,1218,-64194368
21:01:14.339,0,0.0,0,0,0,0,0,0,-1039,16924282,-14,971,-64194368
21:01:14.345,0,0.0,0,0,0,0,0,-6,-415,16924286,2,-648,-64194372
21:01:14.350,0,0.0,0,0,0,0,0,24,-613,16924286,33,1286,-64194368
21:01:14.355,0,0.0,0,0,0,0,0,-2,-396,16924286,-9,-942,-64194376
21:01:14.360,0,0.0,0,0,0,0,0,43,-1702,16924278,10,-760,-64194372
21:01:14.365,0,0.0,0,0,0,0,0,-3,667,16924292,-26,-174,-64194372
21:01:14.370,0,0.0,0,0,0,0,0,-20,-488,16924286,-31,67,-64194372
21:01:14.375,0,0.0,0,0,0,0,0,-10,898,16924292,-14,-412,-64194372
21:01:14.380,0,0.0,0,0,0,0,0,-6,796,16924292,-29,-522,-64194372
21:01:14.385,0,0.0,0,0,0,0,0,-21,-1151,16924282,-23,-710,-64194376
21:01:14.390,0,0.0,0,0,0,0,0,-4,702,16924292,41,964,-64194368
21:01:14.395,0,0.0,0,0,0,0,0,-4,-84,16924288,-2,736,-64194368
21:01:14.400,0,0.0,0,0,0,0,0,-5,-665,16924286,2,-1138,-64194376
21:01:14.405,0,0.0,0,0,0,0,0,10,731,16924292,-9,722,-64194368
21:01:14.410,0,0.0,0,0,0,0,0,-22,-730,16924286,-15,1143,-64194360
21:01:14.415,0,0.0,0,0,0,0,0,-19,-1023,16924282,-4,462,-64194368
21:01:14.420,0,0.0,0,0,0,0,0,-1,157,16924288,-10,517,-64194368
21:01:14.426,0,0.0,0,0,0,0,0,-15,7,16924288,34,514,-64194368
21:01:14.431,0,0.0,0,0,0,0,0,7,-599,16924286,24,-595,-64194372
21:01:14.436,0,0.0,0,0,0,0,0,-3,140,16924288,64,122,-64194368
21:01:14.441,0,0.0,0,0,0,0,0,5,1289,16924296,-40,863,-64194368
21:01:14.446,0,0.0,0,0,0,0,0,2,-1244,16924282,58,1048,-64194368
21:01:14.451,0,0.0,0,0,0,0,0,-17,96,16924288,-13,957,-64194368
21:01:14.456,0,0.0,0,0,0,0,0,7,-960,16924282,13,-774,-64194376
21:01:14.461,0,0.0,0,0,0,0,0,4,31,16924288,52,131,-64194372
21:01:14.466,0,0.0,0,0,0,0,0,10,-1047,16924282,-3,-1203,-64194384
21:01:14.471,0,0.0,0,0,0,0,0,3,-1148,16924282,17,575,-64194368
21:01:14.477,0,0.0,0,0,0,0,0,1,1349,16924296,7,-1351,-64194384
21:01:14.482,0,0.0,0,0,0,0,0,-6,1253,16924296,14,499,-64194368
21:01:14.487,0,0.0,0,0,0,0,0,-35,1161,16924296,27,-722,-64194376
21:01:14.492,0,0.0,0,0,0,0,0,31,-1790,16924278,2,-115,-64194372
21:01:14.497,0,0.0,0,0,0,0,0,14,128,16924288,35,-715,-64194372
21:01:14.502,0,0.0,0,0,0,0,0,38,-521,16924286,10,-614,-64194372
21:01:14.507,0,0.0,0,0,0,0,0,-10,1159,16924296,41,-274,-64194372
21:01:14.512,0,0.0,0,0,0,0,0,-34,1322,16924296,-37,-34,-64194372
21:01:14.517,0,0.0,0,0,0,0,0,20,698,16924292,-30,1169,-64194368
21:01:14.522,0,0.0,0,0,0,0,0,-20,674,16924292,1,92,-64194372
21:01:14.527,0,0.0,0,0,0,0,0,-12,-1199,16924292,0,-675,-64194376
21:01:14.532,0,0.0,0,0,0,0,0,6,1237,16924296,-36,-421,-64194372
21:01:14.537,0,0.0,0,0,0,0,0,-10,-1184,16924282,-6,-580,-64194376
21:01:14.542,0,0.0,0,0,0,0,0,6,-548,16924286,15,-282,-64194372
21:01:14.547,0,0.0,0,0,0,0,0,-1,1288,16924296,-16,902,-64194368
21:01:14.552,0,0.0,0,0,0,0,0,45,-1175,16924282,-6,690,-64194368
21:01:14.557,0,0.0,0,0,0,0,0,-4,-336,16924286,-22,-571,-64194372
21:01:14.562,0,0.0,0,0,0,0,0,-35,1366,16924296,2,1192,-64194368
21:01:14.568,0,0.0,0,0,0,0,0,45,-2381,16924274,15,-578,-64194376
21:01:14.573,0,0.0,0,0,0,0,0,-30,1351,16924296,-15,1184,-64194368
21:01:14.578,0,0.0,0,0,0,0,0,-17,149,16924288,-28,-633,-64194376
21:01:14.583,0,0.0,0,0,0,0,0,-8,624,16924292,-34,1265,-64194368
21:01:14.588,0,0.0,0,0,0,0,0,-8,1238,16924296,52,-580,-64194372
21:01:14.593,0,0.0,0,0,0,0,0,-6,-976,16924282,-23,1731,-64194360
21:01:14.598,0,0.0,0,0,0,0,0,-1,2100,16924302,36,1799,-64194360
21:01:14.603,0,0.0,0,0,0,0,0,-13,-585,16924286,-4,-455,-64194372
21:01:14.608,0,0.0,0,0,0,0,0,1,1243,16924296,-52,-471,-64194376
21:01:14.613,0,0.0,0,0,0,0,0,6,1795,16924302,4,-133,-64194372
21:01:14.618,0,0.0,0,0,0,0,0,-10,-423,16924286,10,-17,-64194372
21:01:14.623,0,0.0,0,0,0,0,0,-6,1951,16924302,-7,-241,-64194376
21:01:14.628,0,0.0,0,0,0,0,0,16,-440,16924286,-14,-411,-64194376
21:01:14.634,0,0.0,0,0,0,0,0,50,-1008,16924282,-10,-268,-64194372
21:01:14.639,0,0.0,0,0,0,0,0,-3,738,16924292,-33,1493,-64194368
21:01:14.644,0,0.0,0,0,0,0,0,-1,-590,16924286,5,-465,-64194376
21:01:14.649,0,0.0,0,0,0,0,0,-9,1336,16924296,24,285,-64194372
21:01:14.654,0,0.0,0,0,0,0,0,0,1498,16924296,-34,146,-64194372
21:01:14.659,0,0.0,0,0,0,0,0,0,-412,16924286,45,248,-64194372
21:01:14.664,0,0.0,0,0,0,0,0,1,95,16924288,7,-292,-64194372
21:01:14.669,0,0.0,0,0,0,0,0,-4,1523,16924296,7,1363,-64194368
21:01:14.674,0,0.0,0,0,0,0,0,7,-2959,16924268,-14,50,-64194368
21:01:14.679,0,0.0,0,0,0,0,0,-1,672,16924292,50,1281,-64194368
21:01:14.684,0,0.0,0,0,0,0,0,-7,891,16924292,-19,75,-64194372
21:01:14.689,0,0.0,0,0,0,0,0,0,1441,16924296,-31,789,-64194368
21:01:14.694,0,0.0,0,0,0,0,0,48,-430,16924286,-9,-1022,-64194384
21:01:14.699,0,0.0,0,0,0,0,0,0,1347,16924296,-11,-343,-64194376
21:01:14.704,0,0.0,0,0,0,0,0,-20,151,16924288,-15,1389,-64194368
21:01:14.709,0,0.0,0,0,0,0,0,-10,1351,16924296,14,-468,-64194376
21:01:14.714,0,0.0,0,0,0,0,0,14,800,16924292,34,-801,-64194384
21:01:14.720,0,0.0,0,0,0,0,0,14,1184,16924296,-4,1464,-64194368
21:01:14.725,0,0.0,0,0,0,0,0,18,456,16924292,29,230,-64194372
21:01:14.730,0,0.0,0,0,0,0,0,-14,712,16924292,29,304,-64194372
21:01:14.735,0,0.0,0,0,0,0,0,-2,806,16924292,-56,977,-64194368
21:01:14.740,0,0.0,0,0,0,0,0,14,-1265,16924282,-1,780,-64194368
21:01:14.745,0,0.0,0,0,0,0,0,3,-1092,16924282,28,1071,-64194368
21:01:14.750,0,0.0,0,0,0,0,0,5,-1127,16924282,27,458,-64194368
21:01:14.755,0,0.0,0,0,0,0,0,-14,37,16924288,36,-625,-64194376
21:01:14.760,0,0.0,0,0,0,0,0,-2,547,16924292,-3,-1863,-64194388
21:01:14.765,0,0.0,0,0,0,0,0,-5,1441,16924296,-40,-600,-64194376
21:01:14.770,0,0.0,0,0,0,0,0,-30,-1198,16924282,-44,1792,-64194360
21:01:14.775,0,0.0,0,0,0,0,0,-14,8,16924288,-22,1353,-64194368
21:01:14.780,0,0.0,0,0,0,0,0,-4,102,16924288,-31,-684,-64194376
21:01:14.785,0,0.0,0,0,0,0,0,-7,1409,16924296,-32,1207,-64194368
21:01:14.790,0,0.0,0,0,0,0,0,11,-1192,16924282,-1,125,-64194372
21:01:14.795,0,0.0,0,0,0,0,0,0,703,16924292,37,-31,-64194372
21:01:14.800,0,0.0,0,0,0,0,0,5,596,16924292,30,-86,-64194372
21:01:14.806,0,0.0,0,0,0,0,0,-11,780,16924292,10,487,-64194368
21:01:14.811,0,0.0,0,0,0,0,0,-4,-1759,16924278,-8,651,-64194368
21:01:14.816,0,0.0,0,0,0,0,0,4,1980,16924302,29,-344,-64194372
21:01:14.821,0,0.0,0,0,0,0,0,-25,1287,16924296,-29,-74,-64194372
21:01:14.826,0,0.0,0,0,0,0,0,-7,739,16924292,29,-53,-64194372
21:01:14.831,0,0.0,0,0,0,0,0,15,28,16924288,-16,-676,-64194376
21:01:14.836,0,0.0,0,0,0,0,0,11,-1180,16924282,12,1345,-64194368
21:01:14.841,0,0.0,0,0,0,0,0,52,-1248,16924282,-18,1256,-64194368
21:01:14.846,0,0.0,0,0,0,0,0,-11,247,16924288,-17,-133,-64194372
21:01:14.851,0,0.0,0,0,0,0,0,-3,877,16924292,-29,-820,-64194376
21:01:14.856,0,0.0,0,0,0,0,0,-11,-1059,16924282,-5,-581,-64194372
21:01:14.861,0,0.0,0,0,0,0,0,9,-1141,16924282,16,710,-64194368
21:01:14.866,0,0.0,0,0,0,0,0,2,881,16924292,65,691,-64194368
21:01:14.871,0,0.0,0,0,0,0,0,0,-988,16924282,50,1466,-64194368
21:01:14.876,0,0.0,0,0,0,0,0,-78,229,16924288,3,1228,-64194368
21:01:14.881,0,0.0,0,0,0,0,0,-39,-598,16924286,28,-733,-64194376
21:01:14.886,0,0.0,0,0,0,0,0,-9,184,16924288,29,1211,-64194368
21:01:14.892,0,0.0,0,0,0,0,0,-2,1335,16924296,-28,-484,-64194376
21:01:14.897,0,0.0,0,0,0,0,0,-29,-419,16924286,32,818,-64194368
21:01:14.902,0,0.0,0,0,0,0,0,-2,-1052,16924282,-1,-447,-64194376
21:01:14.907,0,0.0,0,0,0,0,0,-26,786,16924292,-23,-277,-64194372
21:01:14.912,0,0.0,0,0,0,0,0,-5,-1151,16924282,-14,51,-64194372
21:01:14.917,0,0.0,0,0,0,0,0,52,-1083,16924282,-26,561,-64194368
21:01:14.922,0,0.0,0,0,0,0,0,-3,606,16924292,-26,-166,-64194372
21:01:14.927,0,0.0,0,0,0,0,0,-11,1451,16924296,-1,-643,-64194376
21:01:14.932,0,0.0,0,0,0,0,0,-8,79,16924288,6,695,-64194368
21:01:14.937,0,0.0,0,0,0,0,0,11,588,16924292,-36,19,-64194372
21:01:14.942,0,0.0,0,0,0,0,0,1,1340,16924296,28,-1270,-64194384
21:01:14.947,0,0.0,0,0,0,0,0,8,764,16924292,-6,-722,-64194376
21:01:14.952,0,0.0,0,0,0,0,0,-12,728,16924292,-59,-7,-64194372
21:01:14.957,0,0.0,0,0,0,0,0,-3,-589,16924286,-12,-488,-64194376
21:01:14.962,0,0.0,0,0,0,0,0,4,142,16924288,-24,-305,-64194372
21:01:14.967,0,0.0,0,0,0,0,0,-17,-401,16924286,14,-581,-64194376
21:01:14.972,0,0.0,0,0,0,0,0,1,-417,16924286,49,-900,-64194384
21:01:14.977,0,0.0,0,0,0,0,0,-7,875,16924292,-45,-191,-64194372
21:01:14.983,0,0.0,0,0,0,0,0,-11,1256,16924296,11,-911,-64194384
21:01:14.988,0,0.0,0,0,0,0,0,7,1268,16924296,-11,-328,-64194372
21:01:14.993,0,0.0,0,0,0,0,0,7,-636,16924286,-8,-740,-64194376
21:01:14.998,0,0.0,0,0,0,0,0,-30,275,16924288,-9,1177,-64194368
21:01:15.003,0,0.0,0,0,0,0,0,-8,1268,16924296,-24,1210,-64194368
21:01:15.008,0,0.0,0,0,0,0,0,-1,-368,16924286,1,1227,-64194368
21:01:15.013,0,0.0,0,0,0,0,0,6,671,16924292,-4,-23,-64194372
21:01:15.018,0,0.0,0,0,0,0,0,2,1904,16924302,-52,-133,-64194372
21:01:15.023,0,0.0,0,0,0,0,0,-23,868,16924292,-2,-631,-64194376
21:01:15.028,0,0.0,0,0,0,0,0,-18,1295,16924296,-18,-455,-64194372
21:01:15.033,0,0.0,0,0,0,0,0,-4,1384,16924296,-36,-326,-64194372
21:01:15.038,0,0.0,0,0,0,0,0,1,837,16924292,6,738,-64194368
21:01:15.043,0,0.0,0,0,0,0,0,1,-462,16924286,0,-439,-64194372
21:01:15.048,0,0.0,0,0,0,0,0,-1,1281,16924296,-2,-576,-64194372
21:01:15.053,0,0.0,0,0,0,0,0,61,-1766,16924278,-14,548,-64194368
21:01:15.058,0,0.0,0,0,0,0,0,-62,-1036,16924282,30,-703,-64194376
21:01:15.064,0,0.0,0,0,0,0,0,-3,860,16924292,-26,-167,-64194372
21:01:15.069,0,0.0,0,0,0,0,0,14,94,16924288,-22,779,-64194368
21:01:15.074,0,0.0,0,0,0,0,0,-3,671,16924292,-2,-405,-64194372
21:01:15.079,0,0.0,0,0,0,0,0,-13,1440,16924296,47,812,-64194368
21:01:15.084,0,0.0,0,0,0,0,0,-20,-413,16924286,35,0,-64194372
21:01:15.089,0,0.0,0,0,0,0,0,-11,-14,16924288,-6,722,-64194368
21:01:15.094,0,0.0,0,0,0,0,0,-23,873,16924292,-4,-577,-64194372
21:01:15.099,0,0.0,0,0,0,0,0,-7,1311,16924296,-14,-889,-64194376
21:01:15.104,0,0.0,0,0,0,0,0,5,-3,16924288,29,613,-64194368
21:01:15.109,0,0.0,0,0,0,0,0,-5,742,16924292,-4,-683,-64194372
21:01:15.114,0,0.0,0,0,0,0,0,12,716,16924292,-39,425,-64194368
21:01:15.119,0,0.0,0,0,0,0,0,82,81,16924288,6,535,-64194368
21:01:15.124,0,0.0,0,0,0,0,0,-5,71,16924288,70,-335,-64194372
21:01:15.129,0,0.0,0,0,0,0,0,7,-697,16924286,-41,-56,-64194372
21:01:15.134,0,0.0,0,0,0,0,0,-110,1196,16924296,-26,-1079,-64194384
21:01:15.139,0,0.0,0,0,0,0,0,-16,-535,16924286,-48,-421,-64194372
21:01:15.145,0,0.0,0,0,0,0,0,-9,-623,16924288,-18,565,-64194368
21:01:15.150,0,0.0,0,0,0,0,0,-14,-397,16924286,-1,705,-64194368
21:01:15.155,0,0.0,0,0,0,0,0,14,-603,16924286,14,-566,-64194372
21:01:15.160,0,0.0,0,0,0,0,0,3,1316,16924296,17,-1016,-64194384
21:01:15.165,0,0.0,0,0,0,0,0,7,-1237,16924282,52,-465,-64194372
21:01:15.170,0,0.0,0,0,0,0,0,-13,251,16924288,31,1361,-64194368
21:01:15.175,0,0.0,0,0,0,0,0,-26,-1100,16924282,-3,-106,-64194372
21:01:15.180,0,0.0,0,0,0,0,0,-10,732,16924292,-15,205,-64194372
21:01:15.185,0,0.0,0,0,0,0,0,3,306,16924288,-25,636,-64194368
21:01:15.190,0,0.0,0,0,0,0,0,14,-535,16924286,-1,1263,-64194368
21:01:15.195,0,0.0,0,0,0,0,0,-75,-360,16924286,-51,-667,-64194376
21:01:15.200,0,0.0,0,0,0,0,0,-2,1165,16924296,18,658,-64194368
21:01:15.205,0,0.0,0,0,0,0,0,-20,-496,16924286,7,-396,-64194372
21:01:15.210,0,0.0,0,0,0,0,0,-29,-1012,16924282,-17,-433,-64194376
21:01:15.215,0,0.0,0,0,0,0,0,-14,-1265,16924282,57,1654,-64194368
21:01:15.220,0,0.0,0,0,0,0,0,8,1504,16924296,0,-478,-64194376
21:01:15.226,0,0.0,0,0,0,0,0,-4,-1013,16924282,-3,-261,-64194372
21:01:15.231,0,0.0,0,0,0,0,0,0,51,16924288,57,1295,-64194368
21:01:15.236,0,0.0,0,0,0,0,0,2,-618,16924286,-8,-970,-64194384
21:01:15.241,0,0.0,0,0,0,0,0,-11,90,16924288,-4,-245,-64194372
21:01:15.246,0,0.0,0,0,0,0,0,57,742,16924292,-11,-945,-64194384
21:01:15.251,0,0.0,0,0,0,0,0,-24,76,16924288,34,279,-64194372
21:01:15.256,0,0.0,0,0,0,0,0,2,655,16924292,-4,2081,-64194360
21:01:15.261,0,0.0,0,0,0,0,0,7,-1118,16924282,-20,-238,-64194372
21:01:15.266,0,0.0,0,0,0,0,0,-2,1277,16924296,-42,878,-64194368
21:01:15.271,0,0.0,0,0,0,0,0,-152,-560,16924286,43,-469,-64194376
21:01:15.276,0,0.0,0,0,0,0,0,19,-706,16924286,-18,1399,-64194368
21:01:15.281,0,0.0,0,0,0,0,0,-5,769,16924292,0,-648,-64194376
21:01:15.286,0,0.0,0,0,0,0,0,-13,-531,16924286,-31,-732,-64194376
21:01:15.291,0,0.0,0,0,0,0,0,-4,620,16924292,-24,-509,-64194372
21:01:15.296,0,0.0,0,0,0,0,0,3,703,16924292,7,909,-64194368
21:01:15.301,0,0.0,0,0,0,0,0,4,-471,16924286,-2,-145,-64194372
21:01:15.307,0,0.0,0,0,0,0,0,0,-397,16924286,-63,-295,-64194376
21:01:15.312,0,0.0,0,0,0,0,0,-3,915,16924292,0,-194,-64194372
21:01:15.317,0,0.0,0,0,0,0,0,-57,-1040,16924282,-34,-819,-64194384
21:01:15.322,0,0.0,0,0,0,0,0,-8,1237,16924296,32,-244,-64194372
21:01:15.327,0,0.0,0,0,0,0,0,-13,1390,16924296,31,-458,-64194376
21:01:15.332,0,0.0,0,0,0,0,0,-18,1207,16924296,3,2210,-64194356
21:01:15.337,0,0.0,0,0,0,0,0,-4,1449,16924296,-36,1410,-64194368
21:01:15.342,0,0.0,0,0,0,0,0,-2,192,16924288,0,-501,-64194376
21:01:15.347,0,0.0,0,0,0,0,0,-1,1245,16924296,-15,258,-64194372
21:01:15.352,0,0.0,0,0,0,0,0,-10,618,16924292,40,-417,-64194376
21:01:15.357,0,0.0,0,0,0,0,0,1,1308,16924296,-15,-862,-64194384
21:01:15.362,0,0.0,0,0,0,0,0,-8,858,16924292,-12,855,-64194368
21:01:15.367,0,0.0,0,0,0,0,0,3,185,16924288,-45,1342,-64194368
21:01:15.372,0,0.0,0,0,0,0,0,0,42,16924288,-43,-1181,-64194384
21:01:15.377,0,0.0,0,0,0,0,0,-41,-1061,16924282,5,-345,-64194372
21:01:15.382,0,0.0,0,0,0,0,0,-5,21,16924288,-17,-860,-64194384
21:01:15.387,0,0.0,0,0,0,0,0,14,-584,16924286,-17,-326,-64194376
21:01:15.392,0,0.0,0,0,0,0,0,4,256,16924288,52,-276,-64194376
21:01:15.398,0,0.0,0,0,0,0,0,-15,1396,16924296,-12,859,-64194368
21:01:15.403,0,0.0,0,0,0,0,0,-29,1220,16924296,-73,-433,-64194376
21:01:15.408,0,0.0,0,0,0,0,0,-7,-1030,16924282,36,1542,-64194368
21:01:15.413,0,0.0,0,0,0,0,0,-20,-962,16924282,30,-330,-64194372
21:01:15.418,0,0.0,0,0,0,0,0,-29,1585,16924296,-51,-561,-64194372
21:01:15.423,0,0.0,0,0,0,0,0,-4,-489,16924286,28,-303,-64194372
21:01:15.428,0,0.0,0,0,0,0,0,-10,-323,16924286,32,147,-64194372
21:01:15.433,0,0.0,0,0,0,0,0,11,-1302,16924282,-8,-333,-64194372
21:01:15.438,0,0.0,0,0,0,0,0,6,641,16924292,7,866,-64194368
21:01:15.443,0,0.0,0,0,0,0,0,-1,719,16924292,2,910,-64194368
21:01:15.448,0,0.0,0,0,0,0,0,-17,1349,16924296,-11,-535,-64194376
21:01:15.453,0,0.0,0,0,0,0,0,-3,614,16924292,-6,-526,-64194376
21:01:15.458,0,0.0,0,0,0,0,0,11,-1159,16924282,4,-523,-64194376
21:01:15.463,0,0.0,0,0,0,0,0,-28,-1140,16924282,-13,735,-64194368
21:01:15.468,0,0.0,0,0,0,0,0,5,54,16924288,-29,-422,-64194376
21:01:15.473,0,0.0,0,0,0,0,0,-9,820,16924292,-4,820,-64194368
21:01:15.479,0,0.0,0,0,0,0,0,0,-650,16924286,43,-808,-64194384
21:01:15.484,0,0.0,0,0,0,0,0,-4,-668,16924286,38,-155,-64194372
21:01:15.489,0,0.0,0,0,0,0,0,-4,-426,16924286,12,-315,-64194376
21:01:15.494,0,0.0,0,0,0,0,0,3,672,16924292,-20,1182,-64194368
21:01:15.499,0,0.0,0,0,0,0,0,-7,-574,16924286,-22,-715,-64194384
21:01:15.504,0,0.0,0,0,0,0,0,6,-1045,16924282,9,-245,-64194376
21:01:15.509,0,0.0,0,0,0,0,0,-4,-421,16924286,10,-866,-64194384
21:01:15.514,0,0.0,0,0,0,0,0,-24,-646,16924286,-1,217,-64194372
21:01:15.519,0,0.0,0,0,0,0,0,-10,-488,16924286,-14,-526,-64194376
21:01:15.524,0,0.0,0,0,0,0,0,40,-447,16924286,49,748,-64194368
21:01:15.529,0,0.0,0,0,0,0,0,9,-500,16924286,30,689,-64194368
21:01:15.534,0,0.0,0,0,0,0,0,-13,807,16924292,2,-382,-64194372
21:01:15.539,0,0.0,0,0,0,0,0,-14,643,16924292,4,-331,-64194372
21:01:15.545,0,0.0,0,0,0,0,0,3,-661,16924286,-35,804,-64194368
21:01:15.550,0,0.0,0,0,0,0,0,-6,1284,16924296,-43,349,-64194372
21:01:15.555,0,0.0,0,0,0,0,0,8,-1310,16924282,38,149,-64194372
21:01:15.560,0,0.0,0,0,0,0,0,15,-1039,16924282,6,-255,-64194372
21:01:15.565,0,0.0,0,0,0,0,0,2,871,16924292,-5,286,-64194372
21:01:15.570,0,0.0,0,0,0,0,0,33,1325,16924296,15,1023,-64194368
21:01:15.575,0,0.0,0,0,0,0,0,-11,-479,16924286,-35,178,-64194372
21:01:15.580,0,0.0,0,0,0,0,0,-3,842,16924292,-24,-746,-64194384
21:01:15.585,0,0.0,0,0,0,0,0,-14,-1696,16924278,41,-191,-64194372
21:01:15.590,0,0.0,0,0,0,0,0,-20,-1104,16924282,-47,1532,-64194368
21:01:15.595,0,0.0,0,0,0,0,0,-2,-888,16924282,40,-810,-64194384
21:01:15.600,0,0.0,0,0,0,0,0,-2,-961,16924282,-3,369,-64194372
21:01:15.605,0,0.0,0,0,0,0,0,-1,726,16924292,-57,-502,-64194376
21:01:15.610,0,0.0,0,0,0,0,0,4,695,16924292,-9,1392,-64194368
21:01:15.615,0,0.0,0,0,0,0,0,59,1388,16924296,1,1399,-64194368
21:01:15.620,0,0.0,0,0,0,0,0,7,172,16924288,50,-494,-64194376
21:01:15.626,0,0.0,0,0,0,0,0,16,630,16924292,6,1494,-64194368
21:01:15.631,0,0.0,0,0,0,0,0,-2,-1130,16924282,66,-324,-64194372
21:01:15.636,0,0.0,0,0,0,0,0,4,-1070,16924282,-5,1625,-64194368
21:01:15.641,0,0.0,0,0,0,0,0,10,242,16924288,1,-882,-64194384
21:01:15.646,0,0.0,0,0,0,0,0,-9,660,16924292,-31,-1058,-64194384
21:01:15.651,0,0.0,0,0,0,0,0,43,-1075,16924282,41,-412,-64194376
21:01:15.656,0,0.0,0,0,0,0,0,-11,-6,16924288,-1,1076,-64194368
21:01:15.661,0,0.0,0,0,0,0,0,35,-1897,16924278,-46,2158,-64194360
21:01:15.666,0,0.0,0,0,0,0,0,3,-1105,16924282,-19,386,-64194372
21:01:15.671,0,0.0,0,0,0,0,0,7,631,16924292,52,-227,-64194376
21:01:15.676,0,0.0,0,0,0,0,0,5,757,16924292,-60,-94,-64194372
21:01:15.681,0,0.0,0,0,0,0,0,-1,1952,16924302,48,1028,-64194368
21:01:15.686,0,0.0,0,0,0,0,0,-7,205,16924288,63,305,-64194372
21:01:15.691,0,0.0,0,0,0,0,0,2,256,16924288,43,423,-64194372
21:01:15.696,0,0.0,0,0,0,0,0,9,864,16924292,1,-387,-64194376
21:01:15.702,0,0.0,0,0,0,0,0,-15,-1186,16924282,6,-529,-64194376
21:01:15.707,0,0.0,0,0,0,0,0,49,-2272,16924274,40,-353,-64194372
21:01:15.712,0,0.0,0,0,0,0,0,5,725,16924292,0,-1167,-64194384
21:01:15.717,0,0.0,0,0,0,0,0,17,602,16924292,-65,-432,-64194376
21:01:15.722,0,0.0,0,0,0,0,0,38,-1758,16924278,-32,-977,-64194384
21:01:15.727,0,0.0,0,0,0,0,0,58,-438,16924286,65,-275,-64194376
21:01:15.732,0,0.0,0,0,0,0,0,16,943,16924292,-1,-235,-64194376
21:01:15.737,0,0.0,0,0,0,0,0,9,1327,16924296,-20,-651,-64194384
21:01:15.742,0,0.0,0,0,0,0,0,-9,-1210,16924282,-33,-183,-64194376
21:01:15.747,0,0.0,0,0,0,0,0,4,1180,16924296,-20,324,-64194372
21:01:15.752,0,0.0,0,0,0,0,0,10,1455,16924296,-29,1697,-64194368
21:01:15.757,0,0.0,0,0,0,0,0,1,-1628,16924278,-22,-206,-64194372
21:01:15.762,0,0.0,0,0,0,0,0,-9,1271,16924296,4,-326,-64194372
21:01:15.767,0,0.0,0,0,0,0,0,5,-498,16924286,32,923,-64194368
21:01:15.772,0,0.0,0,0,0,0,0,10,1332,16924296,-49,-478,-64194376
21:01:15.778,0,0.0,0,0,0,0,0,-3,1416,16924296,5,-552,-64194376
21:01:15.783,0,0.0,0,0,0,0,0,19,-465,16924286,26,-476,-64194372
21:01:15.788,0,0.0,0,0,0,0,0,45,-648,16924286,14,-1436,-64194384
21:01:15.793,0,0.0,0,0,0,0,0,83,-377,16924286,37,1807,-64194360
21:01:15.798,0,0.0,0,0,0,0,0,26,2081,16924302,-11,-1105,-64194384
21:01:15.803,0,0.0,0,0,0,0,0,3,874,16924292,25,775,-64194368
21:01:15.808,0,0.0,0,0,0,0,0,3,631,16924292,40,77,-64194372
21:01:15.813,0,0.0,0,0,0,0,0,5,86,16924288,10,267,-64194372
21:01:15.818,0,0.0,0,0,0,0,0,-23,861,16924292,39,1421,-64194368
21:01:15.823,0,0.0,0,0,0,0,0,0,-441,16924286,26,706,-64194368
21:01:15.828,0,0.0,0,0,0,0,0,-3,86,16924288,-1,896,-64194368
21:01:15.833,0,0.0,0,0,0,0,0,-3,657,16924292,-7,-916,-64194384
21:01:15.838,0,0.0,0,0,0,0,0,0,1436,16924296,-10,-375,-64194376
21:01:15.843,0,0.0,0,0,0,0,0,41,-559,16924286,11,-354,-64194376
21:01:15.848,0,0.0,0,0,0,0,0,16,32,16924288,5,-91,-64194372
21:01:15.854,0,0.0,0,0,0,0,0,5,-632,16924286,-14,-122,-64194372
21:01:15.859,0,0.0,0,0,0,0,0,0,-33,16924288,14,-273,-64194372
21:01:15.864,0,0.0,0,0,0,0,0,3,-706,16924286,1,135,-64194372
21:01:15.869,0,0.0,0,0,0,0,0,-6,-67,16924288,1,-466,-64194372
21:01:15.874,0,0.0,0,0,0,0,0,-150,-408,16924286,-6,635,-64194368
21:01:15.879,0,0.0,0,0,0,0,0,-27,-1279,16924282,-11,-1157,-64194384
21:01:15.884,0,0.0,0,0,0,0,0,10,70,16924288,-43,-570,-64194376
21:01:15.889,0,0.0,0,0,0,0,0,-18,-520,16924286,14,-942,-64194384
21:01:15.894,0,0.0,0,0,0,0,0,3,569,16924292,-7,-267,-64194372
21:01:15.900,0,0.0,0,0,0,0,0,-3,-679,16924286,-19,-335,-64194376
21:01:15.905,0,0.0,0,0,0,0,0,7,1150,16924296,-25,-334,-64194372
21:01:15.910,0,0.0,0,0,0,0,0,18,-1352,16924282,1,-215,-64194376
21:01:15.915,0,0.0,0,0,0,0,0,13,-1072,16924282,-40,-768,-64194384
21:01:15.920,0,0.0,0,0,0,0,0,8,512,16924292,-2,-679,-64194384
21:01:15.925,0,0.0,0,0,0,0,0,19,-1202,16924282,-12,-739,-64194384
21:01:15.930,0,0.0,0,0,0,0,0,15,-644,16924286,28,-82,-64194376
21:01:15.935,0,0.0,0,0,0,0,0,10,-698,16924286,21,-91,-64194372
21:01:15.940,0,0.0,0,0,0,0,0,0,14,16924288,-4,-812,-64194384
21:01:15.945,0,0.0,0,0,0,0,0,36,-1257,16924282,-1,-968,-64194384
21:01:15.950,0,0.0,0,0,0,0,0,20,603,16924292,-67,-406,-64194376
21:01:15.955,0,0.0,0,0,0,0,0,-3,715,16924292,-8,949,-64194368
21:01:15.960,0,0.0,0,0,0,0,0,-1,137,16924288,28,-498,-64194376
21:01:15.966,0,0.0,0,0,0,0,0,-3,-1064,16924282,9,112,-64194372
21:01:15.971,0,0.0,0,0,0,0,0,-6,1331,16924296,56,-427,-64194376
21:01:15.976,0,0.0,0,0,0,0,0,-4,-464,16924286,20,-839,-64194384
21:01:15.981,0,0.0,0,0,0,0,0,-20,-1233,16924282,-3,-293,-64194372
21:01:15.986,0,0.0,0,0,0,0,0,8,586,16924292,-10,-88,-64194372
21:01:15.991,0,0.0,0,0,0,0,0,-25,237,16924288,22,-2614,-64194392
21:01:15.996,0,0.0,0,0,0,0,0,-29,1460,16924296,-45,20,-64194372
21:01:16.001,0,0.0,0,0,0,0,0,8,-1021,16924282,-17,-572,-64194384
21:01:16.006,0,0.0,0,0,0,0,0,-3,522,16924292,2,1682,-64194368
21:01:16.011,0,0.0,0,0,0,0,0,3,-653,16924286,-8,1043,-64194368
21:01:16.016,0,0.0,0,0,0,0,0,-3,741,16924292,51,-459,-64194376
21:01:16.021,0,0.0,0,0,0,0,0,-6,651,16924292,-32,209,-64194372
21:01:16.026,0,0.0,0,0,0,0,0,-14,1465,16924296,-41,351,-64194372
21:01:16.031,0,0.0,0,0,0,0,0,-11,636,16924292,-4,1607,-64194368
21:01:16.036,0,0.0,0,0,0,0,0,-2,1233,16924296,57,-508,-64194376
21:01:16.041,0,0.0,0,0,0,0,0,-7,126,16924288,6,694,-64194368
21:01:16.047,0,0.0,0,0,0,0,0,1,51,16924288,-4,-581,-64194376
21:01:16.052,0,0.0,0,0,0,0,0,12,-1280,16924282,49,-688,-64194376
21:01:16.057,0,0.0,0,0,0,0,0,-4,-1098,16924282,30,-684,-64194376
21:01:16.062,0,0.0,0,0,0,0,0,0,-462,16924286,-6,-639,-64194376
21:01:16.067,0,0.0,0,0,0,0,0,12,732,16924292,13,-658,-64194376
21:01:16.072,0,0.0,0,0,0,0,0,5,-1116,16924282,-20,-1005,-64194384
21:01:16.077,0,0.0,0,0,0,0,0,-8,1460,16924296,-6,202,-64194372
21:01:16.082,0,0.0,0,0,0,0,0,-4,-390,16924286,11,1061,-64194368
21:01:16.087,0,0.0,0,0,0,0,0,-5,-766,16924286,-32,428,-64194372
21:01:16.092,0,0.0,0,0,0,0,0,36,-561,16924286,-51,416,-64194372
21:01:16.097,0,0.0,0,0,0,0,0,1,773,16924292,-26,-114,-64194372
21:01:16.102,0,0.0,0,0,0,0,0,7,-635,16924286,49,1016,-64194368
21:01:16.107,0,0.0,0,0,0,0,0,21,-1070,16924282,15,1874,-64194360
21:01:16.112,0,0.0,0,0,0,0,0,42,-1210,16924282,13,-547,-64194372
21:01:16.117,0,0.0,0,0,0,0,0,-3,-931,16924282,-28,-401,-64194372
21:01:16.122,0,0.0,0,0,0,0,0,-18,107,16924288,14,-432,-64194372
21:01:16.127,0,0.0,0,0,0,0,0,0,-980,16924282,53,-597,-64194372
21:01:16.133,0,0.0,0,0,0,0,0,-3,345,16924288,-9,2320,-64194356
21:01:16.138,0,0.0,0,0,0,0,0,-5,928,16924292,59,1003,-64194368
21:01:16.143,0,0.0,0,0,0,0,0,33,-1692,16924278,-25,-719,-64194372
21:01:16.148,0,0.0,0,0,0,0,0,4,1486,16924296,-21,-172,-64194372
21:01:16.153,0,0.0,0,0,0,0,0,8,77,16924288,2,-601,-64194376
21:01:16.158,0,0.0,0,0,0,0,0,16,1270,16924296,6,-565,-64194372
21:01:16.163,0,0.0,0,0,0,0,0,12,1266,16924296,7,-626,-64194376
21:01:16.168,0,0.0,0,0,0,0,0,37,1268,16924296,48,1345,-64194368
21:01:16.173,0,0.0,0,0,0,0,0,-26,1287,16924296,-49,90,-64194372
21:01:16.178,0,0.0,0,0,0,0,0,-17,1827,16924302,38,-2089,-64194388
21:01:16.183,0,0.0,0,0,0,0,0,-5,-1059,16924282,49,-214,-64194372
21:01:16.188,0,0.0,0,0,0,0,0,-10,-552,16924286,-14,-490,-64194376
21:01:16.193,0,0.0,0,0,0,0,0,-29,-934,16924282,26,-447,-64194376
21:01:16.198,0,0.0,0,0,0,0,0,6,-1052,16924282,-31,-1053,-64194384
21:01:16.203,0,0.0,0,0,0,0,0,3,818,16924292,15,1414,-64194368
21:01:16.208,0,0.0,0,0,0,0,0,5,-1640,16924278,32,-301,-64194372
21:01:16.213,0,0.0,0,0,0,0,0,-1,0,16924288,-59,-917,-64194384
21:01:16.219,0,0.0,0,0,0,0,0,0,-1064,16924282,-20,1350,-64194368
21:01:16.224,0,0.0,0,0,0,0,0,2,840,16924292,45,-147,-64194372
21:01:16.229,0,0.0,0,0,0,0,0,70,-575,16924286,0,57,-64194372
21:01:16.234,0,0.0,0,0,0,0,0,-14,-1063,16924282,9,-567,-64194372
21:01:16.239,0,0.0,0,0,0,0,0,-20,-1127,16924282,-22,1093,-64194368
21:01:16.244,0,0.0,0,0,0,0,0,0,730,16924292,32,-1028,-64194384
21:01:16.249,0,0.0,0,0,0,0,0,11,1300,16924296,30,205,-64194372
21:01:16.254,0,0.0,0,0,0,0,0,0,3,16924288,29,-254,-64194376
21:01:16.259,0,0.0,0,0,0,0,0,-4,-85,16924288,9,1113,-64194368
21:01:16.264,0,0.0,0,0,0,0,0,5,-637,16924286,12,-819,-64194384
21:01:16.269,0,0.0,0,0,0,0,0,-25,758,16924292,12,884,-64194368
21:01:16.274,0,0.0,0,0,0,0,0,6,1918,16924302,-23,-151,-64194372
21:01:16.279,0,0.0,0,0,0,0,0,6,1433,16924296,58,-574,-64194372
21:01:16.284,0,0.0,0,0,0,0,0,-18,295,16924288,3,-144,-64194372
21:01:16.289,0,0.0,0,0,0,0,0,-1,813,16924292,1,1169,-64194368
21:01:16.294,0,0.0,0,0,0,0,0,6,0,16924288,57,-668,-64194376
21:01:16.300,0,0.0,0,0,0,0,0,4,174,16924288,-8,-629,-64194376
21:01:16.305,0,0.0,0,0,0,0,0,-1,690,16924292,-3,-951,-64194384
21:01:16.310,0,0.0,0,0,0,0,0,25,-1134,16924282,-13,-609,-64194376
21:01:16.315,0,0.0,0,0,0,0,0,-1,-957,16924282,-14,24,-64194372
21:01:16.320,0,0.0,0,0,0,0,0,0,1395,16924296,1,584,-64194368
21:01:16.325,0,0.0,0,0,0,0,0,1,-431,16924286,4,1052,-64194368
21:01:16.330,0,0.0,0,0,0,0,0,-10,-341,16924286,52,-282,-64194372
21:01:16.335,0,0.0,0,0,0,0,0,-9,-442,16924286,29,-90,-64194372
21:01:16.340,0,0.0,0,0,0,0,0,9,1337,16924296,-40,569,-64194368
21:01:16.345,0,0.0,0,0,0,0,0,-6,-465,16924286,-15,1305,-64194368
21:01:16.350,0,0.0,0,0,0,0,0,1,594,16924292,-3,1372,-64194368
21:01:16.355,0,0.0,0,0,0,0,0,49,-1061,16924282,-6,-263,-64194376
21:01:16.360,0,0.0,0,0,0,0,0,0,-1111,16924282,-1,576,-64194372
21:01:16.365,0,0.0,0,0,0,0,0,-20,736,16924292,-25,-252,-64194376
21:01:16.370,0,0.0,0,0,0,0,0,-2,-1079,16924282,-7,276,-64194372
21:01:16.375,0,0.0,0,0,0,0,0,-5,-1112,16924282,-9,-505,-64194372
21:01:16.381,0,0.0,0,0,0,0,0,5,-479,16924286,-14,660,-64194368
21:01:16.386,0,0.0,0,0,0,0,0,-3,-530,16924286,-25,127,-64194372
21:01:16.391,0,0.0,0,0,0,0,0,-9,1521,16924296,-47,-943,-64194384
21:01:16.396,0,0.0,0,0,0,0,0,-6,-1035,16924282,7,-393,-64194372
21:01:16.401,0,0.0,0,0,0,0,0,-14,-1095,16924282,-9,-947,-64194384
21:01:16.406,0,0.0,0,0,0,0,0,-8,68,16924288,25,106,-64194372
21:01:16.411,0,0.0,0,0,0,0,0,-5,-1097,16924282,8,1969,-64194360
21:01:16.416,0,0.0,0,0,0,0,0,10,190,16924288,-11,1283,-64194368
21:01:16.421,0,0.0,0,0,0,0,0,13,769,16924292,28,613,-64194368
21:01:16.426,0,0.0,0,0,0,0,0,19,797,16924292,49,-718,-64194376
21:01:16.431,0,0.0,0,0,0,0,0,-12,1476,16924296,-13,32,-64194372
21:01:16.436,0,0.0,0,0,0,0,0,-1,13,16924288,8,231,-64194372
21:01:16.441,0,0.0,0,0,0,0,0,9,-1205,16924282,4,858,-64194368
21:01:16.446,0,0.0,0,0,0,0,0,-7,-629,16924286,-50,725,-64194368
21:01:16.451,0,0.0,0,0,0,0,0,-31,-1153,16924282,-34,-140,-64194372
21:01:16.456,0,0.0,0,0,0,0,0,34,655,16924292,-55,1548,-64194368
21:01:16.461,0,0.0,0,0,0,0,0,-1,-1179,16924282,15,-230,-64194372
21:01:16.467,0,0.0,0,0,0,0,0,12,-919,16924282,4,-826,-64194384
21:01:16.472,0,0.0,0,0,0,0,0,-35,-533,16924286,-15,826,-64194368
21:01:16.477,0,0.0,0,0,0,0,0,-15,-445,16924286,-49,1581,-64194368
21:01:16.482,0,0.0,0,0,0,0,0,14,-698,16924286,54,-898,-64194384
21:01:16.487,0,0.0,0,0,0,0,0,6,1214,16924296,3,-436,-64194372
21:01:16.492,0,0.0,0,0,0,0,0,-3,-1124,16924282,11,563,-64194368
21:01:16.497,0,0.0,0,0,0,0,0,-5,800,16924292,7,-506,-64194372
21:01:16.502,0,0.0,0,0,0,0,0,-3,116,16924288,10,-693,-64194376
21:01:16.507,0,0.0,0,0,0,0,0,15,-1025,16924282,41,-1055,-64194384
21:01:16.512,0,0.0,0,0,0,0,0,7,-542,16924286,-12,-432,-64194376
21:01:16.517,0,0.0,0,0,0,0,0,-24,923,16924292,-1,-241,-64194372
21:01:16.522,0,0.0,0,0,0,0,0,-4,-311,16924286,-21,816,-64194368
21:01:16.527,0,0.0,0,0,0,0,0,6,1422,16924296,-25,1494,-64194368
21:01:16.532,0,0.0,0,0,0,0,0,-2,1485,16924296,-13,1003,-64194368
21:01:16.537,0,0.0,0,0,0,0,0,0,-414,16924286,0,1594,-64194368
21:01:16.542,0,0.0,0,0,0,0,0,1,-913,16924282,-1,1382,-64194368
21:01:16.547,0,0.0,0,0,0,0,0,3,-928,16924282,54,37,-64194372
21:01:16.552,0,0.0,0,0,0,0,0,-8,-287,16924286,-42,-1283,-64194384
21:01:16.558,0,0.0,0,0,0,0,0,-21,780,16924292,31,800,-64194368
21:01:16.563,0,0.0,0,0,0,0,0,-5,684,16924292,-11,584,-64194368
21:01:16.568,0,0.0,0,0,0,0,0,10,1319,16924296,24,1449,-64194368
21:01:16.573,0,0.0,0,0,0,0,0,5,104,16924288,14,54,-64194372
21:01:16.578,0,0.0,0,0,0,0,0,-17,1323,16924296,-16,-510,-64194372
21:01:16.583,0,0.0,0,0,0,0,0,11,-1213,16924282,-8,-639,-64194376
21:01:16.588,0,0.0,0,0,0,0,0,13,-1361,16924282,30,-1282,-64194384
21:01:16.593,0,0.0,0,0,0,0,0,45,-1705,16924278,-13,753,-64194368
21:01:16.598,0,0.0,0,0,0,0,0,-7,768,16924292,37,-170,-64194372
21:01:16.603,0,0.0,0,0,0,0,0,18,-602,16924286,0,-65,-64194372
21:01:16.608,0,0.0,0,0,0,0,0,-10,-542,16924286,39,-731,-64194384
21:01:16.613,0,0.0,0,0,0,0,0,1,-593,16924286,-29,-150,-64194372
21:01:16.618,0,0.0,0,0,0,0,0,8,1964,16924302,35,1032,-64194368
21:01:16.623,0,0.0,0,0,0,0,0,-1,859,16924292,8,1182,-64194368
21:01:16.628,0,0.0,0,0,0,0,0,-6,1345,16924296,2,-909,-64194384
21:01:16.633,0,0.0,0,0,0,0,0,12,-1035,16924282,7,-289,-64194376
21:01:16.638,0,0.0,0,0,0,0,0,6,1360,16924296,-45,264,-64194372
21:01:16.644,0,0.0,0,0,0,0,0,51,-451,16924286,-35,1442,-64194368
21:01:16.649,0,0.0,0,0,0,0,0,2,-650,16924286,-32,40,-64194372
21:01:16.654,0,0.0,0,0,0,0,0,11,43,16924288,-3,1179,-64194368
21:01:16.659,0,0.0,0,0,0,0,0,10,-622,16924286,-52,588,-64194368
21:01:16.664,0,0.0,0,0,0,0,0,-9,643,16924292,-29,575,-64194368
21:01:16.669,0,0.0,0,0,0,0,0,-12,-1053,16924282,65,564,-64194368
21:01:16.674,0,0.0,0,0,0,0,0,-7,269,16924288,-5,-31,-64194372
21:01:16.679,0,0.0,0,0,0,0,0,12,-1009,16924282,-40,64,-64194372
21:01:16.684,0,0.0,0,0,0,0,0,0,702,16924292,-8,609,-64194368
21:01:16.689,0,0.0,0,0,0,0,0,8,861,16924292,-18,820,-64194368
21:01:16.694,0,0.0,0,0,0,0,0,14,699,16924292,-34,-386,-64194372
21:01:16.699,0,0.0,0,0,0,0,0,9,-626,16924286,-5,801,-64194368
21:01:16.704,0,0.0,0,0,0,0,0,24,-1195,16924282,-5,-576,-64194376
21:01:16.709,0,0.0,0,0,0,0,0,-5,532,16924292,37,-434,-64194372
21:01:16.714,0,0.0,0,0,0,0,0,-2,-443,16924286,-1,-76,-64194372
21:01:16.719,0,0.0,0,0,0,0,0,3,1270,16924296,-31,385,-64194368
21:01:16.724,0,0.0,0,0,0,0,0,-4,-1298,16924282,-10,1187,-64194368
21:01:16.729,0,0.0,0,0,0,0,0,13,1434,16924296,7,-834,-64194372
21:01:16.735,0,0.0,0,0,0,0,0,-14,160,16924288,-35,1552,-64194360
21:01:16.740,0,0.0,0,0,0,0,0,-10,-1073,16924282,46,889,-64194368
21:01:16.745,0,0.0,0,0,0,0,0,7,893,16924292,-33,-512,-64194372
21:01:16.750,0,0.0,0,0,0,0,0,5,-659,16924286,72,-1171,-64194376
21:01:16.755,0,0.0,0,0,0,0,0,12,577,16924292,-6,339,-64194368
21:01:16.760,0,0.0,0,0,0,0,0,-12,163,16924288,-43,-707,-64194372
21:01:16.765,0,0.0,0,0,0,0,0,-14,-667,16924286,-20,-206,-64194372
21:01:16.770,0,0.0,0,0,0,0,0,5,-424,16924286,-20,-719,-64194376
21:01:16.775,0,0.0,0,0,0,0,0,6,-523,16924286,-32,-638,-64194376
21:01:16.780,0,0.0,0,0,0,0,0,18,768,16924292,3,849,-64194368
21:01:16.785,0,0.0,0,0,0,0,0,5,-1606,16924278,29,-482,-64194376
21:01:16.790,0,0.0,0,0,0,0,0,-12,3,16924288,13,1003,-64194388
21:01:16.795,0,0.0,0,0,0,0,0,23,1161,16924296,23,-498,-64194376
21:01:16.800,0,0.0,0,0,0,0,0,-2,1284,16924296,48,1357,-64194368
21:01:16.805,0,0.0,0,0,0,0,0,13,1167,16924296,-19,154,-64194372
21:01:16.810,0,0.0,0,0,0,0,0,-3,59,16924288,-7,360,-64194372
21:01:16.816,0,0.0,0,0,0,0,0,1,1129,16924296,-17,737,-64194368
21:01:16.821,0,0.0,0,0,0,0,0,-6,-1072,16924282,-43,-966,-64194384
21:01:16.826,0,0.0,0,0,0,0,0,-44,-387,16924286,-35,174,-64194372
21:01:16.831,0,0.0,0,0,0,0,0,-7,-1048,16924282,-6,-427,-64194372
21:01:16.836,0,0.0,0,0,0,0,0,-13,1245,16924296,39,-665,-64194376
21:01:16.841,0,0.0,0,0,0,0,0,-27,-642,16924286,-31,-763,-64194376
21:01:16.846,0,0.0,0,0,0,0,0,-17,-1138,16924282,7,571,-64194368
21:01:16.851,0,0.0,0,0,0,0,0,-3,831,16924292,-4,-771,-64194376
21:01:16.856,0,0.0,0,0,0,0,0,-2,196,16924288,3,-576,-64194372
21:01:16.861,0,0.0,0,0,0,0,0,10,755,16924292,-1,-593,-64194372
21:01:16.866,0,0.0,0,0,0,0,0,-3,-409,16924286,34,-569,-64194376
21:01:16.871,0,0.0,0,0,0,0,0,-2,-1083,16924282,-16,-402,-64194376
21:01:16.876,0,0.0,0,0,0,0,0,-3,155,16924288,35,-375,-64194376
21:01:16.881,0,0.0,0,0,0,0,0,71,849,16924292,-24,-495,-64194372
21:01:16.887,0,0.0,0,0,0,0,0,-1,1259,16924296,45,1076,-64194368
21:01:16.892,0,0.0,0,0,0,0,0,6,-1228,16924282,55,-1270,-64194384
21:01:16.897,0,0.0,0,0,0,0,0,-30,-1090,16924282,-4,-204,-64194372
21:01:16.902,0,0.0,0,0,0,0,0,15,-639,16924286,15,-2869,-64194388
21:01:16.907,0,0.0,0,0,0,0,0,-2,-1161,16924282,-10,-238,-64194372
21:01:16.912,0,0.0,0,0,0,0,0,3,-1047,16924282,18,-1313,-64194384
21:01:16.917,0,0.0,0,0,0,0,0,-13,890,16924292,32,1015,-64194368
21:01:16.922,0,0.0,0,0,0,0,0,-7,177,16924288,-1,42,-64194372
21:01:16.927,0,0.0,0,0,0,0,0,11,-503,16924286,12,-493,-64194376
21:01:16.932,0,0.0,0,0,0,0,0,9,920,16924292,-32,-144,-64194372
21:01:16.937,0,0.0,0,0,0,0,0,-2,689,16924292,-9,42,-64194372
21:01:16.942,0,0.0,0,0,0,0,0,-8,705,16924292,35,1160,-64194368
21:01:16.947,0,0.0,0,0,0,0,0,-3,781,16924292,15,-45,-64194376
21:01:16.953,0,0.0,0,0,0,0,0,3,-1084,16924282,58,54,-64194372
21:01:16.958,0,0.0,0,0,0,0,0,9,-1177,16924282,16,372,-64194372
21:01:16.963,0,0.0,0,0,0,0,0,-4,-1033,16924282,16,-181,-64194376
21:01:16.968,0,0.0,0,0,0,0,0,-6,-948,16924282,13,-954,-64194384
21:01:16.973,0,0.0,0,0,0,0,0,-6,-964,16924282,44,-550,-64194376
21:01:16.978,0,0.0,0,0,0,0,0,-13,-361,16924286,-52,-501,-64194372
21:01:16.983,0,0.0,0,0,0,0,0,5,820,16924282,-21,-579,-64194372
21:01:16.988,0,0.0,0,0,0,0,0,-4,-970,16924282,-23,763,-64194368
21:01:16.993,0,0.0,0,0,0,0,0,-11,819,16924292,13,9,-64194372
21:01:16.998,0,0.0,0,0,0,0,0,1,638,16924292,46,-472,-64194372
21:01:17.003,0,0.0,0,0,0,0,0,-8,-486,16924286,65,714,-64194368
21:01:17.008,0,0.0,0,0,0,0,0,-252,63,16924288,3,537,-64194368
21:01:17.013,0,0.0,0,0,0,0,0,0,67,16924288,42,-504,-64194376
21:01:17.018,0,0.0,0,0,0,0,0,-12,801,16924292,-6,-385,-64194376
21:01:17.023,0,0.0,0,0,0,0,0,-3,-1175,16924282,-67,-886,-64194384
21:01:17.028,0,0.0,0,0,0,0,0,-8,-503,16924286,2,-738,-64194384
21:01:17.033,0,0.0,0,0,0,0,0,5,112,16924288,-38,-541,-64194384
21:01:17.039,0,0.0,0,0,0,0,0,-11,766,16924292,31,122,-64194372
21:01:17.044,0,0.0,0,0,0,0,0,46,-26,16924288,-9,1695,-64194368
21:01:17.049,0,0.0,0,0,0,0,0,17,-537,16924286,-19,-72,-64194376
21:01:17.054,0,0.0,0,0,0,0,0,3,-17,16924288,31,-103,-64194376
21:01:17.059,0,0.0,0,0,0,0,0,15,-1162,16924282,-8,-613,-64194384
21:01:17.064,0,0.0,0,0,0,0,0,-11,-421,16924286,-47,-1425,-64194384
21:01:17.069,0,0.0,0,0,0,0,0,-11,1181,16924296,30,-995,-64194384
21:01:17.074,0,0.0,0,0,0,0,0,-4,-1044,16924282,-24,-599,-64194376
21:01:17.079,0,0.0,0,0,0,0,0,-11,1949,16924302,35,542,-64194368
21:01:17.084,0,0.0,0,0,0,0,0,-15,86,16924288,-37,656,-64194368
21:01:17.089,0,0.0,0,0,0,0,0,-28,-404,16924286,-18,-1115,-64194384
21:01:17.094,0,0.0,0,0,0,0,0,-15,1419,16924296,49,-570,-64194376
21:01:17.099,0,0.0,0,0,0,0,0,6,646,16924292,60,836,-64194368
21:01:17.104,0,0.0,0,0,0,0,0,8,-1139,16924282,7,-439,-64194376
21:01:17.109,0,0.0,0,0,0,0,0,-6,-526,16924286,40,-447,-64194376
21:01:17.114,0,0.0,0,0,0,0,0,5,216,16924288,-11,896,-64194368
21:01:17.120,0,0.0,0,0,0,0,0,0,-440,16924286,-11,-245,-64194372
21:01:17.125,0,0.0,0,0,0,0,0,-1,-1193,16924282,-18,782,-64194368
21:01:17.130,0,0.0,0,0,0,0,0,-18,1342,16924296,-29,-289,-64194372
21:01:17.135,0,0.0,0,0,0,0,0,54,-354,16924286,-44,-464,-64194376
21:01:17.140,0,0.0,0,0,0,0,0,-1,-994,16924282,-26,1028,-64194368
21:01:17.145,0,0.0,0,0,0,0,0,-2,1443,16924296,-9,-225,-64194372
21:01:17.150,0,0.0,0,0,0,0,0,-16,-1014,16924282,-39,-953,-64194384
21:01:17.155,0,0.0,0,0,0,0,0,8,1384,16924296,-18,-894,-64194384
21:01:17.160,0,0.0,0,0,0,0,0,-2,-1120,16924282,41,254,-64194372
21:01:17.166,0,0.0,0,0,0,0,0,-15,-1751,16924278,-3,-564,-64194376
21:01:17.171,0,0.0,0,0,0,0,0,-23,-564,16924286,-26,-517,-64194376
21:01:17.176,0,0.0,0,0,0,0,0,24,-484,16924286,-22,-1229,-64194384
21:01:17.181,0,0.0,0,0,0,0,0,-4,1371,16924296,8,822,-64194368
21:01:17.186,0,0.0,0,0,0,0,0,6,-272,16924286,-12,-530,-64194376
21:01:17.191,0,0.0,0,0,0,0,0,4,1446,16924296,56,-394,-64194376
21:01:17.196,0,0.0,0,0,0,0,0,53,-505,16924286,13,-477,-64194376
21:01:17.201,0,0.0,0,0,0,0,0,-20,760,16924292,45,-596,-64194376
21:01:17.206,0,0.0,0,0,0,0,0,17,579,16924292,-36,147,-64194372
21:01:17.211,0,0.0,0,0,0,0,0,-2,85,16924288,-7,-955,-64194384
21:01:17.216,0,0.0,0,0,0,0,0,-3,892,16924292,-39,-381,-64194376
21:01:17.221,0,0.0,0,0,0,0,0,0,-528,16924286,49,2200,-64194360
21:01:17.226,0,0.0,0,0,0,0,0,26,-1020,16924282,-4,-813,-64194384
21:01:17.231,0,0.0,0,0,0,0,0,10,1247,16924296,-36,-828,-64194384
21:01:17.236,0,0.0,0,0,0,0,0,-21,-363,16924286,10,1014,-64194368
21:01:17.241,0,0.0,0,0,0,0,0,-13,-1203,16924282,30,-484,-64194376
21:01:17.246,0,0.0,0,0,0,0,0,50,-634,16924286,69,-343,-64194372
21:01:17.251,0,0.0,0,0,0,0,0,3,87,16924288,-5,-321,-64194372
21:01:17.257,0,0.0,0,0,0,0,0,-6,-1023,16924282,2,-432,-64194376
21:01:17.262,0,0.0,0,0,0,0,0,-7,-268,16924286,-22,-534,-64194376
21:01:17.267,0,0.0,0,0,0,0,0,4,-1054,16924282,-7,-955,-64194384
21:01:17.272,0,0.0,0,0,0,0,0,10,-1243,16924282,-11,-550,-64194376
21:01:17.277,0,0.0,0,0,0,0,0,0,-48,16924288,10,1322,-64194368
21:01:17.282,0,0.0,0,0,0,0,0,-2,-1206,16924282,-30,304,-64194372
21:01:17.287,0,0.0,0,0,0,0,0,-21,-1640,16924278,50,-501,-64194376
21:01:17.292,0,0.0,0,0,0,0,0,-7,870,16924292,-23,-586,-64194376
21:01:17.297,0,0.0,0,0,0,0,0,-5,701,16924292,-26,-571,-64194376
21:01:17.302,0,0.0,0,0,0,0,0,-11,744,16924292,-33,359,-64194372
21:01:17.307,0,0.0,0,0,0,0,0,-26,1565,16924296,-59,-109,-64194372
21:01:17.312,0,0.0,0,0,0,0,0,-15,-957,16924282,21,-195,-64194376
21:01:17.317,0,0.0,0,0,0,0,0,-19,382,16924288,-39,1698,-64194368
21:01:17.322,0,0.0,0,0,0,0,0,0,-413,16924286,-4,-800,-64194384
21:01:17.327,0,0.0,0,0,0,0,0,-19,-1088,16924282,-2,1519,-64194368
21:01:17.332,0,0.0,0,0,0,0,0,-17,1602,16924296,6,-426,-64194376
21:01:17.337,0,0.0,0,0,0,0,0,2,-371,16924286,-18,-465,-64194376
21:01:17.343,0,0.0,0,0,0,0,0,3,1423,16924296,-8,-308,-64194372
21:01:17.348,0,0.0,0,0,0,0,0,15,78,16924288,-6,838,-64194368
21:01:17.353,0,0.0,0,0,0,0,0,-12,-513,16924286,-14,1928,-64194360
21:01:17.358,0,0.0,0,0,0,0,0,-7,-493,16924286,14,1283,-64194368
21:01:17.363,0,0.0,0,0,0,0,0,-6,-492,16924286,15,-488,-64194376
21:01:17.368,0,0.0,0,0,0,0,0,6,1519,16924296,-15,395,-64194372
21:01:17.373,0,0.0,0,0,0,0,0,-6,-1162,16924282,-18,1478,-64194368
21:01:17.378,0,0.0,0,0,0,0,0,22,-598,16924286,59,1125,-64194368
21:01:17.383,0,0.0,0,0,0,0,0,-8,28,16924288,31,-146,-64194372
21:01:17.388,0,0.0,0,0,0,0,0,1,1350,16924296,15,-669,-64194384
21:01:17.393,0,0.0,0,0,0,0,0,70,-1191,16924282,7,-108,-64194372
21:01:17.398,0,0.0,0,0,0,0,0,14,619,16924292,-11,325,-64194372
21:01:17.403,0,0.0,0,0,0,0,0,-5,-316,16924286,35,-866,-64194384
21:01:17.408,0,0.0,0,0,0,0,0,45,1358,16924296,8,1541,-64194368
21:01:17.413,0,0.0,0,0,0,0,0,69,-1045,16924282,7,-916,-64194384
21:01:17.418,0,0.0,0,0,0,0,0,-3,1299,16924296,2,237,-64194372
21:01:17.423,0,0.0,0,0,0,0,0,50,-364,16924286,-3,-1040,-64194384
21:01:17.429,0,0.0,0,0,0,0,0,-23,-320,16924286,32,-291,-64194372
21:01:17.434,0,0.0,0,0,0,0,0,-26,-496,16924286,21,1339,-64194368
21:01:17.439,0,0.0,0,0,0,0,0,-3,-438,16924286,2,1372,-64194368
21:01:17.444,0,0.0,0,0,0,0,0,5,-521,16924286,-19,-688,-64194376
21:01:17.449,0,0.0,0,0,0,0,0,9,-1697,16924278,7,1835,-64194360
21:01:17.454,0,0.0,0,0,0,0,0,32,-539,16924286,9,887,-64194368
21:01:17.459,0,0.0,0,0,0,0,0,10,-371,16924286,-42,507,-64194372
21:01:17.464,0,0.0,0,0,0,0,0,7,-1164,16924282,23,-647,-64194384
21:01:17.469,0,0.0,0,0,0,0,0,-34,697,16924292,15,-114,-64194376
21:01:17.474,0,0.0,0,0,0,0,0,13,-451,16924286,-64,-209,-64194376
21:01:17.479,0,0.0,0,0,0,0,0,6,772,16924292,-56,-131,-64194372
21:01:17.484,0,0.0,0,0,0,0,0,5,-1041,16924282,4,-189,-64194376
21:01:17.489,0,0.0,0,0,0,0,0,-148,194,16924288,43,-200,-64194372
21:01:17.494,0,0.0,0,0,0,0,0,-6,2465,16924306,-57,-394,-64194376
21:01:17.499,0,0.0,0,0,0,0,0,82,-534,16924286,-21,884,-64194368
21:01:17.504,0,0.0,0,0,0,0,0,6,-1391,16924282,69,-1179,-64194384
21:01:17.509,0,0.0,0,0,0,0,0,0,-730,16924286,17,491,-64194368
21:01:17.515,0,0.0,0,0,0,0,0,24,-1226,16924282,-49,-626,-64194372
21:01:17.520,0,0.0,0,0,0,0,0,19,-947,16924282,58,-761,-64194376
21:01:17.525,0,0.0,0,0,0,0,0,-32,1339,16924296,-45,-511,-64194372
21:01:17.530,0,0.0,0,0,0,0,0,-2,811,16924292,-7,-2,-64194372
21:01:17.535,0,0.0,0,0,0,0,0,-22,1485,16924296,-19,1423,-64194368
21:01:17.540,0,0.0,0,0,0,0,0,0,-5,16924288,-8,-526,-64194376
21:01:17.545,0,0.0,0,0,0,0,0,-1,-1051,16924282,-39,-286,-64194372
21:01:17.550,0,0.0,0,0,0,0,0,1,-368,16924286,80,-918,-64194384
21:01:17.555,0,0.0,0,0,0,0,0,0,-498,16924286,-6,-1530,-64194384
21:01:17.560,0,0.0,0,0,0,0,0,-20,1436,16924296,-19,-941,-64194384
21:01:17.565,0,0.0,0,0,0,0,0,-63,126,16924288,-6,276,-64194372
21:01:17.570,0,0.0,0,0,0,0,0,-5,838,16924292,4,-332,-64194376
21:01:17.575,0,0.0,0,0,0,0,0,1,849,16924292,-9,-393,-64194372
21:01:17.580,0,0.0,0,0,0,0,0,-3,177,16924288,-20,294,-64194372
21:01:17.585,0,0.0,0,0,0,0,0,-2,1500,16924296,69,-481,-64194376
21:01:17.590,0,0.0,0,0,0,0,0,12,-647,16924286,33,327,-64194372
21:01:17.595,0,0.0,0,0,0,0,0,1,613,16924292,-9,-421,-64194376
21:01:17.601,0,0.0,0,0,0,0,0,16,1262,16924296,0,378,-64194372
21:01:17.606,0,0.0,0,0,0,0,0,-2,732,16924292,-2,-380,-64194376
21:01:17.611,0,0.0,0,0,0,0,0,-8,834,16924292,-43,-389,-64194376
21:01:17.616,0,0.0,0,0,0,0,0,13,-973,16924282,-25,-355,-64194376
21:01:17.621,0,0.0,0,0,0,0,0,3,852,16924292,7,-841,-64194384
21:01:17.626,0,0.0,0,0,0,0,0,10,604,16924292,-22,-395,-64194376
21:01:17.631,0,0.0,0,0,0,0,0,15,539,16924292,6,853,-64194368
21:01:17.636,0,0.0,0,0,0,0,0,22,-84,16924288,-20,792,-64194368
21:01:17.641,0,0.0,0,0,0,0,0,0,1259,16924296,13,-381,-64194376
21:01:17.646,0,0.0,0,0,0,0,0,-4,-1159,16924282,-5,-900,-64194384
21:01:17.651,0,0.0,0,0,0,0,0,-9,-362,16924286,-15,-226,-64194376
21:01:17.656,0,0.0,0,0,0,0,0,-8,1294,16924296,37,-946,-64194384
21:01:17.661,0,0.0,0,0,0,0,0,-10,-1064,16924282,49,-338,-64194376
21:01:17.666,0,0.0,0,0,0,0,0,5,-1082,16924282,32,364,-64194372
21:01:17.671,0,0.0,0,0,0,0,0,-9,1946,16924302,9,-175,-64194372
21:01:17.676,0,0.0,0,0,0,0,0,9,-1094,16924282,33,1856,-64194368
21:01:17.681,0,0.0,0,0,0,0,0,1,-1049,16924282,-23,593,-64194372
21:01:17.686,0,0.0,0,0,0,0,0,9,-956,16924282,-59,-270,-64194376
21:01:17.692,0,0.0,0,0,0,0,0,7,1262,16924296,4,-297,-64194376
21:01:17.697,0,0.0,0,0,0,0,0,4,715,16924292,-2,-124,-64194372
21:01:17.702,0,0.0,0,0,0,0,0,14,-507,16924286,-28,-296,-64194376
21:01:17.707,0,0.0,0,0,0,0,0,3,767,16924292,48,427,-64194372
21:01:17.712,0,0.0,0,0,0,0,0,10,582,16924292,-16,-818,-64194384
21:01:17.717,0,0.0,0,0,0,0,0,8,0,16924288,-15,-361,-64194376
21:01:17.718,1,0.0,0,0,0,500,50000,,,,,,
21:01:17.722,0,0.0,0,0,0,500,50000,-3,-972,16924282,2,-152,-64194372
21:01:17.727,0,0.0,0,0,0,500,50000,11,-1197,16924282,-25,-272,-64194376
21:01:17.732,0,0.0,0,0,0,500,50000,-27,-596,16924286,4,-575,-64194384
21:01:17.737,0,0.0,0,0,0,500,50000,-12,1173,16924296,7,25,-64194372
21:01:17.742,0,-0.01,0,0,0,500,50000,37,-5275,16924250,-927,104589,-64193480
21:01:17.747,0,-0.05,0,0,0,500,50000,49,-27274,16924018,749,27606,-64193788
21:01:17.752,0,-0.11,0,0,0,500,50000,-2,-44675,16923752,80,37871,-64193372
21:01:17.757,0,-0.19,0,0,0,500,50000,-41,-53268,16923416,-1032,107791,-64192748
21:01:17.762,0,-0.23,0,0,0,500,50000,13,-70704,16923010,1292,-11613,-64193324
21:01:17.767,0,-0.25,0,0,0,500,50000,-21,-76584,16922694,-1072,87069,-64192380
21:01:17.767,0,-0.25,0,0,0,500,50000,-38,-80218,16922218,603,30267,-64192680
21:01:17.772,0,-0.22,0,0,0,500,50000,4,-82641,16921822,987,-7339,-64192524
21:01:17.778,0,-0.16,0,0,0,500,50000,-10,-72698,16921518,-1131,116453,-64191560
21:01:17.783,0,-0.11,0,0,0,500,50000,-33,-60707,16921226,1010,11445,-64191964
21:01:17.788,0,-0.06,0,0,0,500,50000,7,-42689,16921110,-482,64405,-64191260
21:01:17.793,0,-0.02,0,0,0,500,50000,-30,-23809,16921050,-559,95767,-64190904
21:01:17.798,0,-0.02,0,0,0,500,50000,-17,-20930,16920946,1296,-17122,-64191356
21:01:17.803,0,-0.02,0,0,0,500,50000,13,-21098,16920866,-500,74155,-64190432
21:01:17.808,0,-0.05,0,0,0,500,50000,17,-27280,16920680,310,46590,-64190544
21:01:17.813,0,-0.11,0,0,0,500,50000,45,-45905,16920396,1002,-5206,-64190488
21:01:17.818,0,-0.16,0,0,0,500,50000,-23,-51301,16920108,-1097,107094,-64189580
21:01:17.823,0,-0.22,0,0,0,500,50000,-42,-60074,16919738,677,22697,-64189896
21:01:17.828,0,-0.24,0,0,0,500,50000,-10,-71613,16919366,232,26801,-64189492
21:01:17.833,0,-0.25,0,0,0,500,50000,-5,-76932,16918918,-503,87607,-64188972
21:01:17.838,0,-0.24,0,0,0,500,50000,-19,-83261,16918490,1206,1266,-64189268
21:01:17.843,0,-0.19,0,0,0,500,50000,0,-79576,16918136,-843,82267,-64188424
21:01:17.848,0,-0.15,0,0,0,500,50000,-27,-66396,16917810,-302,81169,-64188276
21:01:17.853,0,-0.09,0,0,0,500,50000,-1,-60716,16917550,1220,-5537,-64188496
21:01:17.858,0,-0.04,0,0,0,500,50000,0,-39944,16917422,-923,101357,-64187548
21:01:17.863,0,-0.02,0,0,0,500,50000,-36,-24921,16917362,364,39942,-64187780
21:01:17.869,0,-0.01,0,0,0,500,50000,137,-20749,16917284,169,33102,-64187460
21:01:17.874,0,-0.02,0,0,0,500,50000,26,-18140,16917198,-1049,103028,-64186820
21:01:17.879,0,-0.05,0,0,0,500,50000,-44,-24515,16917046,775,28036,-64187136
21:01:17.884,0,-0.09,0,0,0,500,50000,35,-42108,16916766,144,29454,-64186764
21:01:17.889,0,-0.15,0,0,0,500,50000,36,-42389,16916570,-954,113734,-64186060
21:01:17.894,0,-0.21,0,0,0,500,50000,-26,-58022,16916180,1253,-9652,-64186632
21:01:17.899,0,-0.24,0,0,0,500,50000,21,-64406,16915872,-727,80868,-64185728
21:01:17.904,0,-0.27,0,0,0,500,50000,81,-72448,16915490,-467,86739,-64185552
21:01:17.909,0,-0.26,0,0,0,500,50000,-17,-84184,16914986,1193,-12128,-64185904
21:01:17.914,0,-0.22,0,0,0,500,50000,18,-87141,16914510,-669,77432,-64184980
21:01:17.919,0,-0.18,0,0,0,500,50000,-39,-84006,16914138,275,49483,-64185088
21:01:17.924,0,-0.12,0,0,0,500,50000,-26,-71545,16913794,1202,-6083,-64185052
21:01:17.929,0,-0.06,0,0,0,500,50000,36,-49125,16913662,-1244,108675,-64184080
21:01:17.934,0,-0.02,0,0,0,500,50000,-17,-26457,16913598,414,42718,-64184364
21:01:17.939,0,0.01,0,0,0,500,50000,-28,-12730,16913594,363,18053,-64184140
21:01:17.944,0,0.01,0,0,0,500,50000,49,-2777,16913638,-1290,114526,-64183324
21:01:17.949,0,0.01,0,0,0,500,50000,-6,-4178,16913602,1155,-14819,-64184024
21:01:17.955,0,0.0,0,0,0,500,50000,23,-11855,16913528,-29,31510,-64183316
21:01:17.960,0,-0.06,0,0,0,500,50000,29,-12990,16913440,-914,114220,-64182664
21:01:17.965,0,-0.12,0,0,0,500,50000,-30,-31595,16913216,1344,-26932,-64183304
21:01:17.970,0,-0.19,0,0,0,500,50000,22,-38903,16912996,-801,73505,-64182332
21:01:17.975,0,-0.27,0,0,0,500,50000,-32,-44004,16912734,491,41046,-64182536
21:01:17.980,0,-0.32,8,0,0,500,50000,12,-56770,16912422,1281,-16127,-64182536
21:01:17.985,0,-0.36,8,0,0,500,50000,51,-71558,16911994,-1049,90034,-64181532
21:01:17.990,0,-0.37,8,0,0,500,50000,-5,-85783,16911520,671,33165,-64181832
21:01:17.995,0,-0.34,8,0,0,500,50000,-13,-100321,16910994,1185,-16537,-64181772
21:01:18.000,0,-0.31,8,0,0,500,50000,-58,-99398,16910458,-1222,124320,-64180684
21:01:18.005,0,-0.24,8,0,0,500,50000,-15,-90303,16910056,832,15976,-64181156
21:01:18.010,0,-0.17,8,0,0,500,50000,-56,-71643,16909734,352,13647,-64180764
21:01:18.015,0,-0.1,8,0,0,500,50000,-5,-49134,16909590,-990,110042,-64180016
21:01:18.020,0,-0.03,8,0,0,500,50000,13,-23617,16909544,1034,1657,-64180508
21:01:18.025,0,0.01,8,0,0,500,50000,33,-12124,16909538,117,35025,-64179852
21:01:18.030,0,0.02,8,0,0,500,50000,-63,-1293,16909576,-588,94286,-64179372
21:01:18.035,0,0.02,8,0,0,500,50000,-6,-6432,16909514,1183,-18410,-64179776
21:01:18.040,0,0.0,8,0,0,500,50000,23,-8110,16909486,-1117,92315,-64178792
21:01:18.045,0,-0.03,8,0,0,500,50000,9,-8270,16909422,-15,69335,-64178860
21:01:18.051,0,-0.08,8,0,0,500,50000,-14,-23402,16909250,1272,-20409,-64179124
21:01:18.056,0,-0.16,8,0,0,500,50000,25,-29057,16909096,-829,102498,-64178080
21:01:18.061,0,-0.23,8,0,0,500,50000,28,-52279,16908706,888,15692,-64178496
21:01:18.066,0,-0.29,8,0,0,500,50000,16,-74112,16908276,277,21081,-64178100
21:01:18.071,0,-0.36,8,0,0,500,50000,-4,-90367,16907722,-601,90102,-64177528
21:01:18.076,0,-0.37,8,0,0,500,50000,-19,-104487,16907176,924,11173,-64177760
21:01:18.081,0,-0.35,8,0,0,500,50000,-31,-102141,16906646,-589,76142,-64177036
21:01:18.086,0,-0.28,8,0,0,500,50000,-38,-83887,16906250,-19,58313,-64176956
21:01:18.091,0,-0.19,8,0,0,500,50000,-110,-67865,16905998,335,24181,-64176832
21:01:18.096,0,-0.1,8,0,0,500,50000,40,-42275,16905854,-274,73507,-64176328
21:01:18.101,0,-0.02,8,0,0,500,50000,-16,-16974,16905854,310,34951,-64176268
21:01:18.106,0,0.02,8,0,0,500,50000,27,-8962,16905848,-170,63225,-64175840
21:01:18.111,0,0.04,8,0,0,500,50000,27,-3984,16905848,263,38572,-64175768
21:01:18.116,0,0.03,8,0,0,500,50000,-3,-9282,16905784,128,46972,-64175432
21:01:18.121,0,-0.01,8,0,0,500,50000,10,-15504,16905690,226,43522,-64175288
21:01:18.126,0,-0.08,8,0,0,500,50000,13,-28396,16905504,110,42199,-64175024
21:01:18.131,0,-0.17,8,0,0,500,50000,-3,-38196,16905258,47,53451,-64174724
21:01:18.136,0,-0.35,8,0,0,500,50000,7,-52191,16904958,249,40573,-64174592
21:01:18.142,0,-0.41,8,0,0,500,50000,-21,-69624,16904570,-6,54909,-64174256
21:01:18.147,0,-0.43,8,0,0,500,50000,0,-85821,16904032,144,47358,-64174052
21:01:18.152,0,-0.4,8,0,0,500,50000,-10,-91214,16903584,-9,53664,-64173732
21:01:18.157,0,-0.33,8,0,0,500,50000,-23,-88345,16903100,153,43701,-64173592
21:01:18.162,0,-0.23,8,0,0,500,50000,-36,-75427,16902792,-108,57149,-64173232
21:01:18.167,0,-0.12,8,0,0,500,50000,-87,-55899,16902606,161,41791,-64173080
21:01:18.172,0,-0.04,8,0,0,500,50000,60,-35516,16902480,-69,57932,-64172748
21:01:18.177,0,0.0,8,0,0,500,50000,-5,-23317,16902422,247,38895,-64172616
21:01:18.182,0,0.0,8,0,0,500,50000,27,-13235,16902386,82,52073,-64172280
21:01:18.187,0,-0.03,8,0,0,500,50000,23,-16000,16902298,280,42388,-64172140
21:01:18.192,0,-0.09,8,0,0,500,50000,29,-26487,16902116,103,46230,-64171852
21:01:18.197,0,-0.16,8,0,0,500,50000,2,-35218,16901914,67,49069,-64171592
21:01:18.202,0,-0.24,8,0,0,500,50000,-37,-47211,16901602,213,42351,-64171424
21:01:18.207,0,-0.3,8,0,0,500,50000,4,-52440,16901338,34,52962,-64171096
21:01:18.212,0,-0.33,8,0,0,500,50000,-43,-59337,16900988,233,40111,-64170976
21:01:18.217,0,-0.33,8,0,0,500,50000,-86,-59815,16900714,4,54383,-64170612
21:01:18.222,0,-0.3,8,0,0,500,50000,46,-59503,16900378,137,43640,-64170424
21:01:18.227,0,-0.26,8,0,0,500,50000,14,-56390,16900084,-10,53454,-64170140
21:01:18.232,0,-0.21,8,0,0,500,50000,14,-53361,16899850,155,45565,-64169924
21:01:18.238,0,-0.17,8,0,0,500,50000,11,-52289,16899562,108,48971,-64169644
21:01:18.243,0,-0.14,8,0,0,500,50000,1,-47539,16899354,129,46312,-64169452
21:01:18.248,0,-0.12,8,0,0,500,50000,0,-43145,16899134,124,50344,-64169184
21:01:18.253,0,-0.11,8,0,0,500,50000,10,-36002,16899002,211,43560,-64168968
21:01:18.258,0,-0.13,8,0,0,500,50000,26,-34893,16898840,107,51280,-64168668
21:01:18.263,0,-0.16,8,0,0,500,50000,0,-39790,16898570,132,48458,-64168440
21:01:18.268,0,-0.2,8,0,0,500,50000,-1,-47078,16898314,152,42578,-64168216
21:01:18.273,0,-0.24,8,0,0,500,50000,-1,-46101,16898058,85,53363,-64167900
21:01:18.278,0,-0.26,8,0,0,500,50000,-21,-46410,16897838,113,45614,-64167736
21:01:18.283,0,-0.27,8,0,0,500,50000,4,-46337,16897620,112,48557,-64167512
21:01:18.288,0,-0.26,8,0,0,500,50000,43,-49018,16897382,130,45717,-64167272
21:01:18.293,0,-0.24,8,0,0,500,50000,55,-45089,16897182,120,48702,-64167008
21:01:18.298,0,-0.22,8,0,0,500,50000,58,-38768,16896986,123,45077,-64166820
21:01:18.303,0,-0.2,8,0,0,500,50000,43,-36914,16896826,102,48374,-64166548
21:01:18.308,0,-0.2,8,0,0,500,50000,-7,-39692,16896598,125,44458,-64166336
21:01:18.313,0,-0.22,8,0,0,500,50000,-77,-49221,16896328,149,46759,-64166112
21:01:18.318,0,-0.24,8,0,0,500,50000,23,-58949,16896010,124,50814,-64165832
21:01:18.323,0,-0.27,8,0,0,500,50000,15,-65534,16895610,103,48223,-64165576
21:01:18.329,0,-0.28,8,0,0,500,50000,-2,-64485,16895304,103,49053,-64165356
21:01:18.334,0,-0.25,8,0,0,500,50000,6,-53994,16895050,41,51213,-64165088
21:01:18.339,0,-0.21,8,0,0,500,50000,-36,-42304,16894902,108,45710,-64164852
21:01:18.344,0,-0.16,8,0,0,500,50000,-2,-29175,16894794,55,49479,-64164628
21:01:18.349,0,-0.12,8,0,0,500,50000,-1,-16767,16894750,187,44676,-64164396
21:01:18.354,0,-0.12,8,0,0,500,50000,11,-17686,16894666,107,48903,-64164124
21:01:18.359,0,-0.16,8,0,0,500,50000,38,-24469,16894506,214,41636,-64163976
21:01:18.364,0,-0.23,8,0,0,500,50000,2,-35505,16894298,179,46429,-64163692
21:01:18.369,0,-0.31,8,0,0,500,50000,-128,-47941,16893994,67,49242,-64163412
21:01:18.374,0,-0.37,8,0,0,500,50000,-27,-59290,16893672,145,43677,-64163256
21:01:18.379,0,-0.4,8,0,0,500,50000,-42,-60963,16893338,29,52528,-64162924
21:01:18.384,0,-0.39,8,0,0,500,50000,-36,-55187,16893048,204,48389,-64162700
21:01:18.389,0,-0.34,8,0,0,500,50000,-4,-44855,16892886,-20,50094,-64162412
21:01:18.394,0,-0.27,8,0,0,500,50000,-16,-36393,16892712,201,45119,-64162256
21:01:18.399,0,-0.22,8,0,0,500,50000,-45,-34209,16892564,83,45716,-64161980
21:01:18.404,0,-0.19,8,0,0,500,50000,23,-33684,16892410,102,54708,-64161696
21:01:18.409,0,-0.2,8,0,0,500,50000,6,-41424,16892144,133,40099,-64161564
21:01:18.414,0,-0.24,8,0,0,500,50000,4,-45241,16891914,29,55937,-64161216
21:01:18.420,0,-0.28,8,0,0,500,50000,-18,-52684,16891586,258,42112,-64161060
21:01:18.425,0,-0.31,8,0,0,500,50000,4,-57105,16891306,0,51887,-64160728
21:01:18.430,0,-0.32,8,0,0,500,50000,-46,-52024,16891078,63,50122,-64160508
21:01:18.435,0,-0.3,8,0,0,500,50000,-51,-42868,16890868,99,46897,-64160300
21:01:18.440,0,-0.27,8,0,0,500,50000,-5,-38929,16890704,43,53661,-64160032
21:01:18.445,0,-0.24,1,0,0,500,50000,24,-40557,16890494,260,38380,-64159864
21:01:18.450,0,-0.22,1,0,0,500,50000,14,-45838,16890266,31,53930,-64159560
21:01:18.455,0,-0.23,1,0,0,500,50000,-27,-59927,16889926,253,39115,-64159404
21:01:18.460,0,-0.24,1,0,0,500,50000,18,-64098,16889554,-15,56538,-64159008
21:01:18.465,0,-0.25,1,0,0,500,50000,-19,-60667,16889274,190,40546,-64158904
21:01:18.470,0,-0.23,1,0,0,500,50000,-49,-45331,16889022,50,51832,-64158508
21:01:18.475,0,-0.19,1,0,0,500,50000,-58,-30998,16888934,190,41726,-64158380
21:01:18.480,0,-0.15,1,0,0,500,50000,1,-21655,16888874,49,46677,-64158080
21:01:18.485,0,-0.12,1,0,0,500,50000,21,-19347,16888778,177,47886,-64157888
21:01:18.490,0,-0.13,1,0,0,500,50000,17,-27273,16888636,157,44111,-64157692
21:01:18.495,0,-0.19,1,0,0,500,50000,15,-38191,16888394,56,53350,-64157392
21:01:18.500,0,-0.28,1,0,0,500,50000,-19,-54990,16888026,279,41063,-64157228
21:01:18.505,0,-0.37,1,0,0,500,50000,-33,-68290,16887658,50,59533,-64156876
21:01:18.511,0,-0.44,1,0,0,500,50000,-11,-74505,16887224,171,45026,-64156720
21:01:18.516,0,-0.45,1,0,0,500,50000,-159,-68218,16886942,25,51782,-64156400
21:01:18.521,0,-0.41,1,0,0,500,50000,19,-59504,16886646,199,44236,-64156252
21:01:18.526,0,-0.33,1,0,0,500,50000,22,-47380,16886474,2,47807,-64155956
21:01:18.531,0,-0.24,1,0,0,500,50000,-22,-36220,16886302,160,47968,-64155716
21:01:18.536,0,-0.17,1,0,0,500,50000,0,-31652,16886174,85,46451,-64155452
21:01:18.541,0,-0.14,1,0,0,500,50000,-31,-28153,16886030,89,49979,-64155244
21:01:18.546,0,-0.15,1,0,0,500,50000,16,-36685,16885822,163,42095,-64155028
21:01:18.551,0,-0.19,1,0,0,500,50000,10,-48346,16885514,46,54749,-64154704
21:01:18.556,0,-0.25,1,0,0,500,50000,-7,-58378,16885196,168,41761,-64154576
21:01:18.561,0,-0.3,1,0,0,500,50000,-22,-55220,16884950,15,52289,-64154248
21:01:18.566,0,-0.34,1,0,0,500,50000,-24,-45266,16884730,156,44771,-64154052
21:01:18.571,0,-0.34,1,0,0,500,50000,16,-41221,16884554,90,44718,-64153808
21:01:18.576,0,-0.33,1,0,0,500,50000,33,-41446,16884316,139,47715,-64153592
21:01:18.581,0,-0.31,1,0,0,500,50000,18,-50764,16884042,297,39727,-64153384
21:01:18.586,0,-0.32,1,0,0,500,50000,20,-57527,16883700,16,52941,-64153048
21:01:18.591,0,-0.34,1,0,0,500,50000,19,-64421,16883378,219,42120,-64152916
21:01:18.596,0,-0.35,1,0,0,500,50000,14,-67809,16883044,57,55055,-64152560
21:01:18.601,0,-0.32,1,0,0,500,50000,-33,-62922,16882712,142,45372,-64152372
21:01:18.607,0,-0.27,1,0,0,500,50000,4,-56309,16882478,59,51443,-64152100
21:01:18.612,0,-0.2,1,0,0,500,50000,-21,-46630,16882252,138,44599,-64151892
21:01:18.617,0,-0.15,1,0,0,500,50000,0,-38276,16882110,18,52173,-64151572
21:01:18.622,0,-0.12,1,0,0,500,50000,-3,-32290,16881954,164,42158,-64151428
21:01:18.627,0,-0.11,1,0,0,500,50000,29,-38815,16881770,47,50989,-64151104
21:01:18.632,0,-0.13,1,0,0,500,50000,1,-43365,16881514,78,48164,-64150872
21:01:18.637,0,-0.16,1,0,0,500,50000,10,-46920,16881290,92,48705,-64150640
21:01:18.642,0,-0.19,1,0,0,500,50000,-37,-43817,16881054,49,54147,-64150344
21:01:18.647,0,-0.21,1,0,0,500,50000,-27,-30624,16880938,172,41195,-64150204
21:01:18.652,0,-0.22,1,0,0,500,50000,55,-21658,16880840,29,48157,-64149812
21:01:18.657,0,-0.25,1,0,0,500,50000,3,-23910,16880704,105,48973,-64149588
21:01:18.662,0,-0.3,1,0,0,500,50000,-14,-34626,16880508,158,42282,-64149412
21:01:18.667,0,-0.37,1,0,0,500,50000,22,-46332,16880218,-21,56318,-64149080
21:01:18.672,0,-0.45,1,0,0,500,50000,37,-53816,16880020,215,38289,-64149040
21:01:18.677,0,-0.51,1,0,0,500,50000,9,-59412,16879678,-35,53427,-64148684
21:01:18.682,0,-0.53,1,0,0,500,50000,-24,-68558,16879320,157,47231,-64148536
21:01:18.688,0,-0.5,1,0,0,500,50000,0,-75155,16878874,38,49038,-64148236
21:01:18.693,0,-0.43,1,0,0,500,50000,-26,-71103,16878552,7,54047,-64147964
21:01:18.698,0,-0.33,1,0,0,500,50000,1,-63017,16878234,99,42909,-64147752
21:01:18.703,0,-0.23,1,0,0,500,50000,-226,-54978,16878006,83,50324,-64147512
21:01:18.708,0,-0.15,1,0,0,500,50000,15,-43304,16877814,63,47117,-64147248
21:01:18.713,0,-0.1,1,0,0,500,50000,-22,-34148,16877690,22,52490,-64146972
21:01:18.718,0,-0.07,1,0,0,500,50000,31,-30093,16877562,190,39298,-64146788
21:01:18.723,0,-0.08,1,0,0,500,50000,-21,-26746,16877428,35,54770,-64146500
21:01:18.728,0,-0.11,1,0,0,500,50000,3,-24949,16877316,248,36274,-64146356
21:01:18.733,0,-0.17,1,0,0,500,50000,-55,-36077,16877082,92,57707,-64146008
21:01:18.738,0,-0.23,1,0,0,500,50000,0,-43034,16876854,239,38955,-64145888
21:01:18.743,0,-0.3,1,0,0,500,50000,17,-45488,16876636,18,49313,-64145540
21:01:18.748,0,-0.35,1,0,0,500,50000,-40,-47652,16876366,108,45194,-64145384
21:01:18.753,0,-0.38,1,0,0,500,50000,-35,-52310,16876106,201,38413,-64145152
21:01:18.758,0,-0.39,1,0,0,500,50000,9,-59412,16875754,-22,56507,-64144796
21:01:18.764,0,-0.38,1,0,0,500,50000,-9,-71245,16875374,278,38105,-64144704
21:01:18.769,0,-0.35,1,0,0,500,50000,-5,-74693,16874958,-42,57860,-64144304
21:01:18.774,0,-0.31,1,0,0,500,50000,-39,-73100,16874622,151,44542,-64144124
21:01:18.779,0,-0.24,1,0,0,500,50000,-19,-59419,16874354,51,54576,-64143836
21:01:18.784,0,-0.17,1,0,0,500,50000,-42,-45914,16874148,73,46329,-64143616
21:01:18.789,0,-0.11,1,0,0,500,50000,10,-31551,16874042,-30,52669,-64143312
21:01:18.794,0,-0.07,1,0,0,500,50000,16,-20964,16873994,176,44438,-64143116
21:01:18.799,0,-0.07,1,0,0,500,50000,-14,-19283,16873902,164,49551,-64142876
21:01:18.804,0,-0.12,1,0,0,500,50000,-25,-25476,16873756,150,45036,-64142668
21:01:18.809,0,-0.2,1,0,0,500,50000,16,-40487,16873514,219,45918,-64142408
21:01:18.814,0,-0.29,1,0,0,500,50000,15,-54442,16873166,101,48995,-64142180
21:01:18.819,0,-0.38,1,0,0,500,50000,-12,-58060,16872872,163,47223,-64141940
21:01:18.824,0,-0.42,1,0,0,500,50000,-8,-48735,16872630,108,48978,-64141672
21:01:18.829,0,-0.42,1,0,0,500,50000,0,-44079,16872442,134,44893,-64141452
21:01:18.834,0,-0.39,1,0,0,500,50000,40,-51533,16872140,109,45573,-64141244
21:01:18.839,0,-0.36,1,0,0,500,50000,13,-62251,16871814,141,48616,-64140968
21:01:18.844,0,-0.34,1,0,0,500,50000,6,-77756,16871324,76,46789,-64140716
21:01:18.849,0,-0.33,1,0,0,500,50000,-51,-85055,16870896,40,51512,-64140480
21:01:18.855,0,-0.3,1,0,0,500,50000,-15,-81263,16870532,32,47809,-64140224
21:01:18.860,0,-0.25,1,0,0,500,50000,-7,-64492,16870230,67,50280,-64139944
21:01:18.865,0,-0.17,1,0,0,500,50000,-36,-46152,16870084,40,48079,-64139720
21:01:18.870,0,-0.09,1,0,0,500,50000,23,-24126,16870038,102,51276,-64139456
21:01:18.875,0,-0.04,1,0,0,500,50000,38,-16707,16870002,123,42458,-64139236
21:01:18.880,0,-0.04,1,0,0,500,50000,-76,-17266,16869930,52,51238,-64138992
21:01:18.885,0,-0.09,1,0,0,500,50000,0,-34289,16869688,213,40748,-64138808
21:01:18.890,0,-0.18,1,0,0,500,50000,62,-51072,16869386,69,50939,-64138476
21:01:18.895,0,-0.28,1,0,0,500,50000,-19,-64351,16868970,163,45599,-64138308
21:01:18.900,0,-0.36,1,0,0,500,50000,-20,-67905,16868640,59,51043,-64138000
21:01:18.905,0,-0.38,1,0,0,500,50000,255,-71675,16868244,53,50099,-64137752
21:01:18.910,0,-0.35,1,0,0,500,50000,8,-73885,16867898,37,50867,-64137520
21:01:18.915,0,-0.28,1,0,0,500,50000,-70,-66424,16867568,58,47146,-64137276
21:01:18.920,0,-0.19,1,0,0,500,50000,-8,-56045,16867306,-38,54301,-64137004
21:01:18.925,0,-0.12,1,0,0,500,50000,-16,-48127,16867112,119,44715,-64136808
21:01:18.930,0,-0.06,1,0,0,500,50000,-8,-40878,16866920,-25,51950,-64136496
21:01:18.936,0,-0.04,1,0,0,500,50000,17,-34844,16866790,151,43947,-64136296
21:01:18.941,0,-0.04,1,0,0,500,50000,30,-30052,16866650,47,51086,-64136036
21:01:18.946,0,-0.07,1,0,0,500,50000,-12,-28674,16866516,214,43607,-64135844
21:01:18.951,0,-0.11,1,0,0,500,50000,11,-31753,16866324,169,44873,-64135568
21:01:18.956,0,-0.17,1,0,0,500,50000,-21,-38007,16866122,148,50546,-64135292
21:01:18.961,0,-0.24,1,0,0,500,50000,8,-49945,16865850,108,44524,-64135116
21:01:18.966,0,-0.29,1,0,0,500,50000,3,-54909,16865510,71,52073,-64134820
21:01:18.971,0,-0.33,1,0,0,500,50000,-16,-59484,16865210,186,44309,-64134612
21:01:18.976,0,-0.34,1,0,0,500,50000,-48,-61345,16864862,114,51567,-64134300
21:01:18.981,0,-0.32,1,0,0,500,50000,-7,-67346,16864522,89,45903,-64134128
21:01:18.986,0,-0.28,1,0,0,500,50000,-2,-69719,16864186,2,55037,-64133800
21:01:18.991,0,-0.22,1,0,0,500,50000,-32,-66794,16863818,32,46234,-64133584
21:01:18.996,0,-0.17,1,0,0,500,50000,16,-61109,16863496,32,54478,-64133272
21:01:19.001,0,-0.11,1,0,0,500,50000,-20,-53835,16863276,31,45245,-64133104
21:01:19.006,0,-0.07,1,0,0,500,50000,0,-47267,16863082,19,55118,-64132776
21:01:19.011,0,-0.01,1,0,0,500,50000,-13,-39217,16862890,17,48213,-64132584
21:01:19.017,0,-0.01,1,0,0,500,50000,3,-31807,16862764,-21,49964,-64132328
21:01:19.022,0,-0.03,2,0,0,500,50000,8,-25581,16862674,67,48015,-64132112
21:01:19.027,0,-0.06,2,0,0,500,50000,2,-24545,16862540,97,49760,-64131852
21:01:19.032,0,-0.11,2,0,0,500,50000,12,-30867,16862350,127,47778,-64131552
21:01:19.037,0,-0.17,2,0,0,500,50000,22,-38832,16862134,81,52634,-64131340
21:01:19.042,0,-0.21,2,0,0,500,50000,3,-45076,16861898,119,44976,-64131128
21:01:19.047,0,-0.25,2,0,0,500,50000,13,-47074,16861630,78,50636,-64130880
21:01:19.052,0,-0.26,2,0,0,500,50000,-110,-49360,16861394,135,43914,-64130656
21:01:19.057,0,-0.26,2,0,0,500,50000,40,-53033,16861092,29,54233,-64130324
21:01:19.062,0,-0.24,2,0,0,500,50000,-82,-63969,16860710,112,45647,-64130176
21:01:19.067,0,-0.21,2,0,0,500,50000,34,-64164,16860420,-11,55157,-64129840
21:01:19.072,0,-0.17,2,0,0,500,50000,15,-60028,16860104,119,45910,-64129636
21:01:19.077,0,-0.13,2,0,0,500,50000,-7,-54923,16859866,-33,54173,-64129308
21:01:19.082,0,-0.09,2,0,0,500,50000,0,-51820,16859586,145,43842,-64129168
21:01:19.087,0,-0.06,2,0,0,500,50000,17,-44467,16859400,-7,53186,-64128840
21:01:19.092,0,-0.04,2,0,0,500,50000,-10,-42013,16859208,130,43918,-64128648
21:01:19.097,0,-0.04,2,0,0,500,50000,-5,-38087,16859014,-19,54016,-64128368
21:01:19.103,0,-0.05,2,0,0,500,50000,15,-37805,16858836,153,45105,-64128164
21:01:19.108,0,-0.08,2,0,0,500,50000,40,-39596,16858612,56,53108,-64127852
21:01:19.113,0,-0.1,2,0,0,500,50000,9,-43086,16858394,186,41856,-64127680
21:01:19.118,0,-0.13,2,0,0,500,50000,-8,-41188,16858178,69,52603,-64127388
21:01:19.123,0,-0.15,2,0,0,500,50000,-30,-40806,16857988,157,44226,-64127196
21:01:19.128,0,-0.16,2,0,0,500,50000,2,-44467,16857732,88,50424,-64126892
21:01:19.133,0,-0.17,2,0,0,500,50000,-15,-53316,16857448,96,45893,-64126708
21:01:19.138,0,-0.18,2,0,0,500,50000,5,-62724,16857112,27,51420,-64126412
21:01:19.143,0,-0.18,2,0,0,500,50000,-24,-72258,16856670,2,51527,-64126136
21:01:19.148,0,-0.17,2,0,0,500,50000,-9,-77576,16856282,90,49330,-64125928
21:01:19.153,0,-0.14,2,0,0,500,50000,-10,-77070,16855850,7,50122,-64125656
21:01:19.158,0,-0.09,2,0,0,500,50000,-27,-69422,16855556,20,52816,-64125368
21:01:19.163,0,-0.04,2,0,0,500,50000,-29,-54706,16855314,51,45516,-64125180
21:01:19.168,0,0.0,2,0,0,500,50000,10,-41090,16855182,-3,52997,-64124880
21:01:19.173,0,0.01,2,0,0,500,50000,-70,-24734,16855062,128,42928,-64124640
21:01:19.178,0,0.01,2,0,0,500,50000,-3,-19960,16854990,8,54005,-64124304
21:01:19.184,0,0.0,2,0,0,500,50000,43,-25985,16854824,208,41418,-64124172
21:01:19.189,0,-0.06,2,0,0,500,50000,12,-27663,16854702,-2,53004,-64123836
21:01:19.194,0,-0.12,2,0,0,500,50000,140,-32934,16854502,272,39646,-64123724
21:01:19.199,0,-0.19,2,0,0,500,50000,13,-36885,16854344,30,53131,-64123424
21:01:19.204,0,-0.25,2,0,0,500,50000,-37,-47246,16854092,171,43063,-64123244
21:01:19.209,0,-0.29,2,0,0,500,50000,75,-61124,16853718,-14,55229,-64122948
21:01:19.214,0,-0.3,2,0,0,500,50000,10,-76391,16853300,137,46583,-64122740
21:01:19.219,0,-0.29,2,0,0,500,50000,-4,-86693,16852792,-82,56068,-64122400
21:01:19.224,0,-0.26,2,0,0,500,50000,24,-87623,16852374,120,43678,-64122268
21:01:19.229,0,-0.2,2,0,0,500,50000,-3,-86086,16851898,-10,57356,-64121908
21:01:19.234,0,-0.13,2,0,0,500,50000,-8,-76587,16851572,69,45812,-64121712
21:01:19.239,0,-0.06,2,0,0,500,50000,14,-60106,16851306,0,53403,-64121396
21:01:19.244,0,-0.01,2,0,0,500,50000,0,-43163,16851174,89,45159,-64121232
21:01:19.249,0,0.01,2,0,0,500,50000,26,-30661,16851082,48,50885,-64120940
21:01:19.254,0,0.02,2,0,0,500,50000,14,-20303,16851012,116,47391,-64120704
21:01:19.260,0,0.0,2,0,0,500,50000,25,-18491,16850938,69,51612,-64120428
21:01:19.265,0,-0.03,2,0,0,500,50000,8,-23269,16850794,161,43544,-64120260
21:01:19.270,0,-0.09,2,0,0,500,50000,-18,-31197,16850616,89,53002,-64119960
21:01:19.275,0,-0.15,2,0,0,500,50000,18,-50484,16850266,250,43248,-64119756
21:01:19.280,0,-0.2,2,0,0,500,50000,25,-68044,16849880,0,55267,-64119456
21:01:19.285,0,-0.22,2,0,0,500,50000,-21,-81054,16849450,70,45554,-64119256
21:01:19.290,0,-0.21,2,0,0,500,50000,-25,-85541,16848970,-18,56335,-64118956
21:01:19.295,0,-0.17,2,0,0,500,50000,-15,-85160,16848514,108,45478,-64118752
21:01:19.300,0,-0.11,2,0,0,500,50000,-41,-74545,16848222,-58,58481,-64118396
21:01:19.305,0,-0.05,2,0,0,500,50000,-20,-59015,16847960,101,43578,-64118264
21:01:19.310,0,0.0,2,0,0,500,50000,-23,-41533,16847844,-58,57364,-64117916
21:01:19.315,0,0.03,2,0,0,500,50000,-20,-26725,16847760,134,40838,-64117744
21:01:19.320,0,0.04,2,0,0,500,50000,32,-15690,16847732,-26,57827,-64117432
21:01:19.325,0,0.03,2,0,0,500,50000,-42,-14125,16847658,177,39123,-64117276
21:01:19.330,0,0.0,2,0,0,500,50000,9,-15662,16847568,-26,59141,-64116892
21:01:19.335,0,-0.06,2,0,0,500,50000,15,-25007,16847418,222,37451,-64116828
21:01:19.341,0,-0.13,2,0,0,500,50000,38,-33828,16847210,-27,55446,-64116456
21:01:19.346,0,-0.2,2,0,0,500,50000,-30,-43680,16846968,195,46005,-64116288
21:01:19.351,0,-0.26,2,0,0,500,50000,22,-62079,16846570,84,44171,-64116012
21:01:19.356,0,-0.29,2,0,0,500,50000,-3,-78039,16846134,50,55986,-64115752
21:01:19.361,0,-0.3,2,0,0,500,50000,10,-90631,16845662,61,44073,-64115516
21:01:19.366,0,-0.27,2,0,0,500,50000,-12,-95143,16845114,-61,59700,-64115180
21:01:19.371,0,-0.2,2,0,0,500,50000,-2,-94464,16844670,99,39527,-64115012
21:01:19.376,0,-0.12,2,0,0,500,50000,25,-77411,16844294,-29,56312,-64114720
21:01:19.381,0,-0.04,2,0,0,500,50000,55,-66316,16844022,17,44506,-64114484
21:01:19.386,0,0.01,2,0,0,500,50000,-58,-47336,16843822,-62,57846,-64114164
21:01:19.391,0,0.05,2,0,0,500,50000,13,-26532,16843786,92,45867,-64113996
21:01:19.396,0,0.07,2,0,0,500,50000,18,-9462,16843802,42,54990,-64113708
21:01:19.401,0,0.07,2,0,0,500,50000,38,-4925,16843798,207,36188,-64113548
21:01:19.406,0,0.04,2,0,0,500,50000,3,-7325,16843752,12,57929,-64113216
21:01:19.411,0,0.0,2,0,0,500,50000,1,-17709,16843622,316,34389,-64113100
21:01:19.416,0,-0.16,2,0,0,500,50000,14,-28675,16843444,-55,57456,-64112676
21:01:19.422,0,-0.23,2,0,0,500,50000,13,-52064,16843070,338,33012,-64112652
21:01:19.427,0,-0.28,2,0,0,500,50000,4,-74742,16842634,-32,52034,-64112236
21:01:19.432,0,-0.29,2,0,0,500,50000,-72,-92189,16842066,90,48996,-64112028
21:01:19.437,0,-0.25,2,0,0,500,50000,-7,-100704,16841562,-65,57679,-64111712
21:01:19.442,0,-0.17,2,0,0,500,50000,-31,-101651,16841002,88,45586,-64111552
21:01:19.447,0,-0.08,2,0,0,500,50000,-17,-89922,16840634,-106,57826,-64111160
21:01:19.452,0,0.0,2,0,0,500,50000,-29,-72412,16840300,150,40501,-64111068
21:01:19.457,0,0.05,2,0,0,500,50000,-22,-48298,16840174,-128,60403,-64110656
21:01:19.462,0,0.09,2,0,0,500,50000,-50,-23365,16840130,171,41349,-64110512
21:01:19.467,0,0.09,2,0,0,500,50000,13,-6691,16840170,-27,54667,-64110212
21:01:19.472,0,0.07,2,0,0,500,50000,29,-5512,16840154,259,40838,-64110044
21:01:19.477,0,0.01,2,0,0,500,50000,4,-8105,16840114,51,50695,-64109724
21:01:19.482,0,-0.05,2,0,0,500,50000,8,-19437,16839978,250,43278,-64109528
21:01:19.487,0,-0.14,2,0,0,500,50000,-10,-36702,16839726,106,49527,-64109280
21:01:19.492,0,-0.23,2,0,0,500,50000,18,-54751,16839400,109,50314,-64109028
21:01:19.497,0,-0.28,2,0,0,500,50000,14,-85488,16838818,141,44435,-64108804
21:01:19.502,0,-0.3,2,0,0,500,50000,-15,-100365,16838290,-8,53651,-64108536
21:01:19.508,0,-0.26,2,0,0,500,50000,-32,-110525,16837630,50,50077,-64108280
21:01:19.513,0,-0.18,2,0,0,500,50000,-2,-106291,16837140,9,53319,-64107996
21:01:19.518,0,-0.08,2,0,0,500,50000,40,-93969,16836742,10,46254,-64107768
21:01:19.523,0,0.0,2,0,0,500,50000,-21,-75474,16836380,-2,53023,-64107516
21:01:19.528,0,0.07,2,0,0,500,50000,19,-52664,16836222,-26,48173,-64107256
21:01:19.533,0,0.11,2,0,0,500,50000,2,-22026,16836176,5,52473,-64106972
21:01:19.538,0,0.12,2,0,0,500,50000,16,-4559,16836232,94,44979,-64106732
21:01:19.543,0,0.11,2,0,0,500,50000,21,-405,16836258,64,49967,-64106508
21:01:19.548,0,0.06,2,0,0,500,50000,38,-7014,16836202,100,44975,-64106264
21:01:19.553,0,0.0,2,0,0,500,50000,16,-17038,16836074,33,51967,-64105984
21:01:19.558,0,-0.08,2,0,0,500,50000,25,-30739,16835896,160,46943,-64105792
21:01:19.563,0,-0.17,2,0,0,500,50000,-67,-53284,16835528,80,49857,-64105572
21:01:19.568,0,-0.23,2,0,0,500,50000,-53,-77046,16835014,81,47790,-64105308
21:01:19.574,0,-0.25,2,0,0,500,50000,-55,-89238,16834544,72,52406,-64105016
21:01:19.579,0,-0.23,2,0,0,500,50000,-20,-95847,16833998,-13,52185,-64104776
21:01:19.584,0,-0.17,2,0,0,500,50000,-71,-89898,16833594,-5,50240,-64104528
21:01:19.589,0,-0.08,2,0,0,500,50000,-16,-74711,16833306,4,53847,-64104268
21:01:19.594,0,0.0,2,0,0,500,50000,-5,-56871,16833048,35,49250,-64104032
21:01:19.599,0,0.05,2,0,0,500,50000,-3,-39393,16832928,-34,53851,-64103716
21:01:19.604,0,0.09,2,0,0,500,50000,4,-20834,16832882,240,43243,-64103540
21:01:19.609,0,0.09,2,0,0,500,50000,14,-11175,16832876,42,50811,-64103276
21:01:19.614,0,0.05,2,0,0,500,50000,26,-7449,16832854,142,41119,-64103084
21:01:19.620,0,0.0,2,0,0,500,50000,19,-13840,16832760,78,53064,-64102756
21:01:19.625,0,-0.08,2,0,0,500,50000,14,-28771,16832560,166,44804,-64102572
21:01:19.630,0,-0.16,2,0,0,500,50000,96,-45650,16832246,52,50321,-64102312
21:01:19.635,0,-0.23,2,0,0,500,50000,7,-71628,16831800,80,48585,-64102076
21:01:19.640,0,-0.27,2,0,0,500,50000,-79,-93477,16831204,60,48335,-64101796
21:01:19.645,0,-0.26,2,0,0,500,50000,-193,-99305,16830714,77,52246,-64101532
21:01:19.650,0,-0.2,2,0,0,500,50000,-37,-98634,16830158,16,51541,-64101292
21:01:19.655,0,-0.11,2,0,0,500,50000,-20,-89164,16829778,47,50833,-64101052
21:01:19.660,0,-0.02,2,0,0,500,50000,-8,-72862,16829438,-19,49867,-64100764
21:01:19.665,0,0.05,2,0,0,500,50000,-14,-51066,16829238,84,51368,-64100504
21:01:19.670,0,0.1,2,0,0,500,50000,-20,-28261,16829200,-61,54629,-64100240
21:01:19.675,0,0.12,2,0,0,500,50000,7,-6739,16829256,49,46761,-64100032
21:01:19.680,0,0.13,2,0,0,500,50000,27,4233,16829330,-8,51448,-64099764
21:01:19.685,0,0.11,2,0,0,500,50000,21,817,16829326,199,43489,-64099572
21:01:19.690,0,0.06,2,0,0,500,50000,-7,-9680,16829238,22,53958,-64099276
21:01:19.695,0,0.0,2,0,0,500,50000,-2,-25309,16829028,58,51571,-64099000
21:01:19.700,0,-0.08,2,0,0,500,50000,2,-37724,16828804,201,41244,-64098796
21:01:19.705,0,-0.16,2,0,0,500,50000,156,-52211,16828468,5,55514,-64098492
21:01:19.711,0,-0.22,2,0,0,500,50000,-72,-69622,16828030,182,41014,-64098320
21:01:19.716,0,-0.24,2,0,0,500,50000,-22,-76928,16827638,-83,58113,-64097984
21:01:19.721,0,-0.23,2,0,0,500,50000,-33,-80530,16827246,103,43025,-64097852
21:01:19.726,0,-0.18,2,0,0,500,50000,-19,-75911,16826906,-86,58349,-64097492
21:01:19.731,0,-0.11,2,0,0,500,50000,2,-67491,16826614,169,43564,-64097312
21:01:19.736,0,-0.04,2,0,0,500,50000,-17,-52096,16826376,-60,58243,-64097000
21:01:19.741,0,0.02,2,0,0,500,50000,0,-38380,16826258,-9,47358,-64096780
21:01:19.746,0,0.06,2,0,0,500,50000,3,-21502,16826202,-54,54566,-64096492
21:01:19.751,0,0.07,2,0,0,500,50000,16,-15729,16826146,113,43203,-64096288
21:01:19.756,0,0.05,2,0,0,500,50000,20,-17880,16826040,165,52711,-64096028
21:01:19.761,0,0.0,2,0,0,500,50000,42,-25720,16825894,124,43585,-64095812
21:01:19.766,0,-0.05,2,0,0,500,50000,10,-35936,16825690,38,56782,-64095484
21:01:19.771,0,-0.12,2,0,0,500,50000,15,-48666,16825370,175,40712,-64095320
21:01:19.776,0,-0.17,2,0,0,500,50000,36,-56873,16825070,-3,56566,-64095008
21:01:19.781,0,-0.2,2,0,0,500,50000,-9,-68192,16824650,111,41603,-64094840
21:01:19.786,0,-0.2,2,0,0,500,50000,8,-77461,16824242,-41,61099,-64094444
21:01:19.791,0,-0.17,2,0,0,500,50000,0,-80539,16823850,101,43421,-64094332
21:01:19.796,0,-0.05,2,0,0,500,50000,-25,-81542,16823390,-118,58104,-64093980
21:01:19.802,0,0.0,2,0,0,500,50000,-21,-75443,16823066,73,42240,-64093796
21:01:19.807,0,0.06,2,0,0,500,50000,-13,-59349,16822806,3,54102,-64093512
21:01:19.812,0,0.1,2,0,0,500,50000,-18,-38044,16822680,103,45411,-64093272
21:01:19.817,0,0.11,2,0,0,500,50000,-12,-21496,16822652,76,56342,-64092952
21:01:19.822,0,0.1,2,0,0,500,50000,17,-9625,16822648,92,47320,-64092776
21:01:19.827,0,0.07,2,0,0,500,50000,28,-10078,16822606,146,47942,-64092532
21:01:19.832,0,0.0,2,0,0,500,50000,47,-18832,16822480,92,46511,-64092280
21:01:19.837,0,-0.07,2,0,0,500,50000,-25,-30532,16822294,122,48465,-64092060
21:01:19.842,0,-0.16,2,0,0,500,50000,-35,-48990,16821958,105,46730,-64091800
21:01:19.847,0,-0.22,2,0,0,500,50000,43,-60367,16821586,94,48849,-64091580
21:01:19.852,0,-0.25,2,0,0,500,50000,-82,-66971,16821254,67,48560,-64091300
21:01:19.857,0,-0.24,2,0,0,500,50000,-20,-78541,16820774,6,53749,-64091004
21:01:19.862,0,-0.19,2,0,0,500,50000,-18,-85287,16820346,20,46220,-64090780
21:01:19.867,0,-0.13,2,0,0,500,50000,-12,-88067,16819848,-32,52772,-64090528
21:01:19.872,0,-0.05,2,0,0,500,50000,-35,-81751,16819484,10,50359,-64090268
21:01:19.877,0,0.0,2,0,0,500,50000,2,-70798,16819194,-38,52402,-64089980
21:01:19.882,0,0.06,2,0,0,500,50000,-18,-56068,16818930,43,50249,-64089772
21:01:19.888,0,0.09,2,0,0,500,50000,11,-35781,16818846,42,48057,-64089520
21:01:19.893,0,0.1,2,0,0,500,50000,6,-12932,16818858,31,46818,-64089268
21:01:19.898,0,0.09,2,0,0,500,50000,11,-6326,16818858,58,47246,-64089004
21:01:19.903,0,0.04,2,0,0,500,50000,13,-10862,16818776,120,45814,-64088764
21:01:19.908,0,-0.02,2,0,0,500,50000,23,-25066,16818602,118,45810,-64088508
21:01:19.913,0,-0.1,2,0,0,500,50000,34,-40891,16818346,128,49048,-64088240
21:01:19.918,0,-0.18,2,0,0,500,50000,26,-53778,16817998,188,44002,-64088060
21:01:19.923,0,-0.23,1,0,0,500,50000,30,-66102,16817642,86,50776,-64087756
21:01:19.928,0,-0.24,1,0,0,500,50000,-10,-79838,16817210,-21,50357,-64087548
21:01:19.933,0,-0.22,1,0,0,500,50000,-12,-88691,16816758,22,52774,-64087252
21:01:19.938,0,-0.16,1,0,0,500,50000,-11,-93270,16816230,81,49240,-64087044
21:01:19.943,0,-0.08,1,0,0,500,50000,-4,-90717,16815830,-32,54893,-64086732
21:01:19.948,0,-0.01,1,0,0,500,50000,-34,-74658,16815486,49,47114,-64086560
21:01:19.953,0,0.05,1,0,0,500,50000,6,-58419,16815282,6,55591,-64086240
21:01:19.958,0,0.1,1,0,0,500,50000,-20,-35504,16815178,18,50488,-64085980
21:01:19.963,0,0.12,1,0,0,500,50000,4,-14122,16815206,93,46821,-64085796
21:01:19.968,0,0.11,1,0,0,500,50000,89,-3207,16815238,0,52553,-64085480
21:01:19.974,0,0.08,1,0,0,500,50000,5,-4347,16815210,90,47041,-64085260
21:01:19.979,0,0.03,1,0,0,500,50000,87,-12092,16815114,92,48181,-64085032
21:01:19.984,0,-0.04,1,0,0,500,50000,-36,-24195,16814936,98,51491,-64084756
21:01:19.989,0,-0.12,1,0,0,500,50000,49,-37448,16814708,146,44613,-64084532
21:01:19.994,0,-0.18,1,0,0,500,50000,11,-48187,16814410,31,52701,-64084276
21:01:19.999,0,-0.23,1,0,0,500,50000,23,-53428,16814138,113,44396,-64084068
21:01:20.004,0,-0.24,1,0,0,500,50000,2,-66410,16813720,13,51233,-64083760
21:01:20.009,0,-0.22,1,0,0,500,50000,1,-75436,16813328,118,49879,-64083544
21:01:20.014,0,-0.18,1,0,0,500,50000,-5,-78804,16812876,-8,53560,-64083244
21:01:20.019,0,-0.13,1,0,0,500,50000,14,-79284,16812498,52,48474,-64083020
21:01:20.024,0,-0.06,1,0,0,500,50000,-85,-75215,16812164,-1,54616,-64082700
21:01:20.029,0,0.0,1,0,0,500,50000,9,-57299,16811912,60,46292,-64082540
21:01:20.034,0,0.05,1,0,0,500,50000,-15,-39523,16811800,-62,56972,-64082188
21:01:20.039,0,0.08,1,0,0,500,50000,15,-19577,16811768,118,44697,-64082012
21:01:20.044,0,0.09,1,0,0,500,50000,44,-11105,16811754,17,50756,-64081700
21:01:20.049,0,0.06,1,0,0,500,50000,2,-13938,16811688,153,44375,-64081548
21:01:20.054,0,0.01,1,0,0,500,50000,-32,-20420,16811544,104,49146,-64081252
21:01:20.060,0,-0.05,1,0,0,500,50000,52,-34047,16811306,104,48621,-64081020
21:01:20.065,0,-0.13,1,0,0,500,50000,-8,-48105,16811018,82,47921,-64080748
21:01:20.070,0,-0.19,1,0,0,500,50000,-1,-60032,16810588,120,52696,-64080464
21:01:20.075,0,-0.22,1,0,0,500,50000,6,-69690,16810276,74,48394,-64080256
21:01:20.080,0,-0.22,1,0,0,500,50000,0,-80222,16809862,69,52257,-64080016
21:01:20.085,0,-0.19,1,0,0,500,50000,-7,-84760,16809382,-5,48540,-64079756
21:01:20.090,0,-0.14,1,0,0,500,50000,-24,-85133,16808986,49,47285,-64079552
21:01:20.095,0,-0.07,1,0,0,500,50000,-20,-74539,16808486,-24,54114,-64079112
21:01:20.100,0,0.0,1,0,0,500,50000,-31,-58156,16808236,51,49040,-64078880
21:01:20.105,0,0.05,1,0,0,500,50000,-7,-42448,16808194,17,50547,-64078752
21:01:20.110,0,0.09,1,0,0,500,50000,-13,-18436,16808184,7,49744,-64078472
21:01:20.115,0,0.11,1,0,0,500,50000,-1,-10515,16808178,89,48712,-64078224
21:01:20.120,0,0.09,1,0,0,500,50000,20,-6746,16808166,98,49661,-64077988
21:01:20.125,0,0.04,1,0,0,500,50000,22,-15452,16808066,101,47905,-64077752
21:01:20.130,0,-0.03,1,0,0,500,50000,-43,-25822,16807890,112,48302,-64077504
21:01:20.135,0,-0.12,1,0,0,500,50000,-2,-43721,16807610,117,47232,-64077260
21:01:20.141,0,-0.26,1,0,0,500,50000,-6,-59310,16807224,-10,51754,-64077004
21:01:20.146,0,-0.28,1,0,0,500,50000,1,-65984,16806884,135,47776,-64076776
21:01:20.151,0,-0.28,1,0,0,500,50000,10,-75536,16806422,41,51795,-64076476
21:01:20.156,0,-0.2,1,0,0,500,50000,-24,-83905,16805984,64,46679,-64076304
21:01:20.161,0,-0.2,1,0,0,500,50000,30,-85725,16805574,10,53685,-64075980
21:01:20.166,0,-0.13,1,0,0,500,50000,-9,-79937,16805142,57,49504,-64075740
21:01:20.171,0,0.02,1,0,0,500,50000,2,-71560,16804838,-28,53738,-64075436
21:01:20.176,0,0.02,1,0,0,500,50000,-42,-54925,16804586,71,45809,-64075272
21:01:20.181,0,0.07,1,0,0,500,50000,-27,-32610,16804518,-38,54488,-64074956
21:01:20.186,0,0.1,1,0,0,500,50000,15,-17398,16804502,76,44110,-64074760
21:01:20.191,0,0.1,1,0,0,500,50000,68,-6931,16804506,-35,53566,-64074444
21:01:20.196,0,0.01,1,0,0,500,50000,-2,-12042,16804428,178,42564,-64074296
21:01:20.202,0,-0.07,1,0,0,500,50000,-17,-25812,16804246,60,54333,-64073976
21:01:20.207,0,-0.15,1,0,0,500,50000,-26,-45439,16803954,198,40441,-64073848
21:01:20.212,0,-0.22,1,0,0,500,50000,-17,-62780,16803490,39,53197,-64073452
21:01:20.217,0,-0.24,1,0,0,500,50000,-10,-66764,16803156,91,48504,-64073260
21:01:20.222,0,-0.21,1,0,0,500,50000,-27,-68970,16802844,-46,52511,-64073012
21:01:20.227,0,-0.16,1,0,0,500,50000,-8,-69077,16802526,31,46979,-64072784
21:01:20.232,0,-0.09,1,0,0,500,50000,-50,-66730,16802168,57,50097,-64072488
21:01:20.237,0,-0.02,1,0,0,500,50000,16,-61215,16801908,22,50227,-64072268
21:01:20.242,0,0.01,1,0,0,500,50000,-25,-54847,16801642,-20,53679,-64071972
21:01:20.247,0,0.04,1,0,0,500,50000,2,-48639,16801400,64,47957,-64071740
21:01:20.252,0,0.05,1,0,0,500,50000,-15,-41602,16801236,19,53665,-64071496
21:01:20.257,0,0.03,1,0,0,500,50000,5,-35307,16801068,138,49650,-64071240
21:01:20.262,0,0.0,1,0,0,500,50000,-28,-31665,16800938,54,47309,-64071000
21:01:20.267,0,-0.03,1,0,0,500,50000,9,-29160,16800790,93,48651,-64070780
21:01:20.272,0,-0.09,1,0,0,500,50000,16,-33563,16800616,162,45313,-64070556
21:01:20.277,0,-0.15,1,0,0,500,50000,11,-41655,16800388,58,51762,-64070252
21:01:20.282,0,-0.19,1,0,0,500,50000,-16,-56375,16800014,59,45585,-64070048
21:01:20.287,0,-0.21,1,0,0,500,50000,7,-59135,16799726,78,54237,-64069756
21:01:20.293,0,-0.21,1,0,0,500,50000,0,-58432,16799400,108,44644,-64069564
21:01:20.298,0,-0.17,1,0,0,500,50000,-14,-58817,16799126,3,51047,-64069252
21:01:20.303,0,-0.13,1,0,0,500,50000,9,-59608,16798794,77,45527,-64069044
21:01:20.308,0,-0.08,1,0,0,500,50000,20,-54327,16798558,60,51619,-64068780
21:01:20.313,0,-0.03,1,0,0,500,50000,-4,-55493,16798292,85,46020,-64068556
21:01:20.318,0,0.0,1,0,0,500,50000,9,-53841,16798012,37,55601,-64068220
21:01:20.323,0,0.01,1,0,0,500,50000,-126,-54361,16797760,88,47796,-64068056
21:01:20.328,0,0.02,1,0,0,500,50000,3,-50693,16797502,38,52460,-64067752
21:01:20.333,0,0.03,1,0,0,500,50000,-31,-48122,16797298,25,45109,-64067532
21:01:20.338,0,0.04,1,0,0,500,50000,-6,-36092,16797140,2,51479,-64067272
21:01:20.343,0,0.03,1,0,0,500,50000,12,-32571,16797006,72,46014,-64067036
21:01:20.348,0,0.01,1,0,0,500,50000,8,-29856,16796878,23,49051,-64066764
21:01:20.353,0,-0.01,1,0,0,500,50000,4,-35387,16796660,42,48219,-64066556
21:01:20.358,0,-0.05,1,0,0,500,50000,25,-40459,16796422,65,50929,-64066268
21:01:20.363,0,-0.09,1,0,0,500,50000,23,-44547,16796202,142,50375,-64066008
21:01:20.368,0,-0.12,1,0,0,500,50000,14,-44181,16795970,74,47913,-64065800
21:01:20.373,0,-0.14,1,0,0,500,50000,35,-46857,16795750,100,50325,-64065536
21:01:20.378,0,-0.14,1,0,0,500,50000,3,-52986,16795454,71,47945,-64065316
21:01:20.383,0,-0.13,1,0,0,500,50000,-14,-56096,16795186,30,52117,-64065036
21:01:20.389,0,-0.11,1,0,0,500,50000,-19,-53439,16794904,171,45906,-64064792
21:01:20.394,0,-0.09,1,0,0,500,50000,1,-47599,16794666,15,50994,-64064556
21:01:20.399,0,-0.06,1,0,0,500,50000,29,-44346,16794474,75,45855,-64064304
21:01:20.404,0,-0.04,1,0,0,500,50000,38,-46010,16794250,-22,55321,-64064004
21:01:20.409,0,-0.03,1,0,0,500,50000,6,-51346,16793954,120,44935,-64063784
21:01:20.414,0,-0.03,1,0,0,500,50000,-21,-50826,16793674,-75,57975,-64063448
21:01:20.419,0,-0.03,1,0,0,500,50000,-5,-46002,16793486,92,42051,-64063280
21:01:20.424,0,-0.03,1,0,0,500,50000,1,-37844,16793310,-8,53560,-64063004
21:01:20.429,0,-0.03,1,0,0,500,50000,16,-37796,16793128,219,40360,-64062832
21:01:20.434,0,-0.03,1,0,0,500,50000,13,-40288,16792938,27,53704,-64062536
21:01:20.439,0,-0.05,1,0,0,500,50000,-4,-42016,16792728,239,39792,-64062372
21:01:20.444,0,-0.08,1,0,0,500,50000,-28,-46457,16792462,8,53380,-64062028
21:01:20.449,0,-0.1,1,0,0,500,50000,-14,-50303,16792218,184,43757,-64061840
21:01:20.454,0,-0.12,1,0,0,500,50000,8,-58955,16791866,44,54377,-64061548
21:01:20.459,0,-0.12,1,0,0,500,50000,32,-64269,16791542,141,43584,-64061364
21:01:20.464,0,-0.1,1,0,0,500,50000,-20,-65132,16791174,40,55924,-64060996
21:01:20.469,0,-0.07,1,0,0,500,50000,-23,-68061,16790840,92,46771,-64060824
21:01:20.474,0,-0.03,1,0,0,500,50000,-26,-63261,16790570,9,53650,-64060520
21:01:20.480,0,0.01,1,0,0,500,50000,-21,-58838,16790254,42,47235,-64060324
21:01:20.485,0,0.04,1,0,0,500,50000,-59,-46238,16790048,64,53841,-64060032
21:01:20.490,0,0.06,1,0,0,500,50000,6,-32115,16789960,67,46481,-64059784
21:01:20.495,0,0.07,1,0,0,500,50000,30,-20535,16789898,79,48254,-64059576
21:01:20.500,0,0.04,1,0,0,500,50000,-3,-20864,16789802,127,43612,-64059332
21:01:20.505,0,0.0,1,0,0,500,50000,-70,-29857,16789610,78,50434,-64059048
21:01:20.510,0,-0.08,1,0,0,500,50000,21,-45929,16789338,173,39842,-64058900
21:01:20.515,0,-0.15,1,0,0,500,50000,-27,-54236,16789014,51,56077,-64058536
21:01:20.520,0,-0.21,1,0,0,500,50000,-25,-60068,16788660,139,42381,-64058364
21:01:20.525,0,-0.23,1,0,0,500,50000,-39,-63236,16788362,0,54630,-64058068
21:01:20.530,0,-0.21,1,0,0,500,50000,-25,-66566,16787978,83,41530,-64057892
21:01:20.535,0,-0.17,1,0,0,500,50000,-16,-65276,16787670,-49,57775,-64057524
21:01:20.540,0,-0.11,1,0,0,500,50000,15,-64872,16787304,60,46859,-64057304
21:01:20.545,0,-0.05,1,0,0,500,50000,20,-60748,16787038,2,53201,-64057060
21:01:20.550,0,0.0,1,0,0,500,50000,14,-56121,16786694,47,46642,-64056764
21:01:20.555,0,0.02,1,0,0,500,50000,-1,-49969,16786530,115,49060,-64056556
21:01:20.560,0,0.04,1,0,0,500,50000,2,-42294,16786334,-32,52856,-64056236
21:01:20.566,0,0.05,1,0,0,500,50000,18,-33146,16786186,104,48252,-64056028
21:01:20.571,0,0.01,1,0,0,500,50000,13,-29942,16786088,83,45185,-64055828
21:01:20.576,0,0.01,1,0,0,500,50000,29,-34616,16785886,55,50365,-64055564
21:01:20.581,0,-0.03,1,0,0,500,50000,1,-43962,16785640,110,46664,-64055364
21:01:20.586,0,-0.14,1,0,0,500,50000,25,-51020,16785374,75,51751,-64055080
21:01:20.591,0,-0.17,1,0,0,500,50000,0,-57010,16784936,141,48065,-64054744
21:01:20.596,0,-0.17,1,0,0,500,50000,-9,-62008,16784730,-80,49246,-64054612
21:01:20.601,0,-0.17,1,0,0,500,50000,-31,-64646,16784366,97,48377,-64054352
21:01:20.606,0,-0.1,1,0,0,500,50000,-22,-67932,16784026,15,54687,-64054044
21:01:20.611,0,-0.05,1,0,0,500,50000,-10,-68006,16783706,52,50282,-64053832
21:01:20.616,0,0.0,1,0,0,500,50000,-14,-64139,16783374,16,52953,-64053556
21:01:20.621,0,0.03,1,0,0,500,50000,-11,-57544,16783086,9,49409,-64053288
21:01:20.626,0,0.03,1,0,0,500,50000,-21,-49052,16782890,84,46743,-64053104
21:01:20.631,0,0.06,1,0,0,500,50000,-9,-35777,16782746,0,51231,-64052784
21:01:20.636,0,0.08,1,0,0,500,50000,-19,-22579,16782700,155,42909,-64052636
21:01:20.641,0,0.04,1,0,0,500,50000,-5,-12754,16782682,71,50999,-64052304
21:01:20.646,0,-0.01,1,0,0,500,50000,5,-10764,16782644,199,43956,-64052120
21:01:20.652,0,-0.01,1,0,0,500,50000,73,-22625,16782490,115,47123,-64051880
21:01:20.657,0,-0.2,1,0,0,500,50000,20,-41857,16782202,-12,51824,-64051612
21:01:20.662,0,-0.28,1,0,0,500,50000,19,-58793,16781862,263,44344,-64051408
21:01:20.667,0,-0.32,1,0,0,500,50000,-1,-67629,16781460,63,52801,-64051088
21:01:20.672,0,-0.31,1,0,0,500,50000,26,-73196,16781096,181,43625,-64050936
21:01:20.677,0,-0.25,1,0,0,500,50000,-2,-77323,16780664,-36,55193,-64050588
21:01:20.682,0,-0.16,1,0,0,500,50000,-2,-77698,16780294,116,45070,-64050400
21:01:20.687,0,-0.07,1,0,0,500,50000,-9,-75759,16779950,-94,59498,-64050028
21:01:20.692,0,0.0,1,0,0,500,50000,-34,-71840,16779564,89,43515,-64049916
21:01:20.698,0,0.05,1,0,0,500,50000,-7,-63805,16779298,-40,56251,-64049564
21:01:20.703,0,0.08,1,0,0,500,50000,12,-50057,16779070,92,42748,-64049380
21:01:20.708,0,0.1,1,0,0,500,50000,-42,-28974,16778986,-3,52597,-64049056
21:01:20.713,0,0.09,1,0,0,500,50000,8,-15382,16778966,145,41875,-64048860
21:01:20.718,0,0.06,1,0,0,500,50000,25,-10772,16778938,3,52677,-64048580
21:01:20.723,0,0.01,1,0,0,500,50000,-15,-15863,16778842,186,42112,-64048392
21:01:20.728,0,-0.06,1,0,0,500,50000,8,-26422,16778682,26,52365,-64048128
21:01:20.733,0,-0.15,1,0,0,500,50000,176,-41365,16778426,262,42790,-64047936
21:01:20.738,0,-0.22,1,0,0,500,50000,10,-52840,16778082,89,48645,-64047628
21:01:20.743,0,-0.25,1,0,0,500,50000,-4,-59503,16777770,29,51367,-64047404
21:01:20.748,0,-0.25,1,0,0,500,50000,-2,-70982,16777336,138,41419,-64047192
21:01:20.753,0,-0.21,1,0,0,500,50000,18,-75642,16776969,37,53649,-64046912
21:01:20.758,0,-0.15,1,0,0,500,50000,9,-79885,16776517,91,44966,-64046672
21:01:20.763,0,-0.08,1,0,0,500,50000,-31,-74715,16776197,-53,58472,-64046336
21:01:20.768,0,-0.01,1,0,0,500,50000,5,-66316,16775864,31,47398,-64046152
21:01:20.773,0,0.03,1,0,0,500,50000,66,-51384,16775641,75,49739,-64045892
21:01:20.778,0,0.06,1,0,0,500,50000,-2,-37313,16775534,8,49776,-64045596
21:01:20.784,0,0.07,1,0,0,500,50000,165,-19012,16775493,124,44705,-64045440
21:01:20.789,0,0.05,1,0,0,500,50000,-2,-12367,16775464,51,46371,-64045144
21:01:20.794,0,0.0,1,0,0,500,50000,-19,-11284,16775409,65,52320,-64044880
21:01:20.799,0,-0.07,1,0,0,500,50000,49,-21099,16775273,149,42387,-64044716
21:01:20.804,0,-0.16,1,0,0,500,50000,-101,-34623,16775036,28,53077,-64044416
21:01:20.809,0,-0.25,1,0,0,500,50000,-36,-49139,16774741,271,42169,-64044236
21:01:20.814,0,-0.31,1,0,0,500,50000,8,-67289,16774298,66,54226,-64043884
21:01:20.819,0,-0.33,1,0,0,500,50000,-5,-76021,16773900,117,43691,-64043760
21:01:20.824,0,-0.3,1,0,0,500,50000,-21,-86018,16773385,38,53751,-64043416
21:01:20.829,0,-0.24,1,0,0,500,50000,-69,-91590,16772933,154,44083,-64043240
21:01:20.835,0,-0.15,1,0,0,500,50000,-67,-87831,16772456,-21,53737,-64042888
21:01:20.835,0,-0.15,1,0,0,500,50000,-8,-80874,16772105,81,43253,-64042744
21:01:20.840,0,-0.06,1,0,0,500,50000,-13,-66520,16771848,-49,56139,-64042388
21:01:20.845,0,0.01,1,0,0,500,50000,-16,-46827,16771657,77,44370,-64042204
21:01:20.850,0,0.06,1,0,0,500,50000,-6,-21577,16771661,-41,57540,-64041900
21:01:20.855,0,0.09,1,0,0,500,50000,15,-8497,16771661,111,41206,-64041740
21:01:20.860,0,0.09,1,0,0,500,50000,17,-8583,16771624,81,51687,-64041420
21:01:20.865,0,0.06,1,0,0,500,50000,18,-18377,16771498,191,42698,-64041268
21:01:20.870,0,0.0,1,0,0,500,50000,18,-32760,16771289,53,52673,-64040956
21:01:20.875,0,-0.08,1,0,0,500,50000,15,-51120,16770972,234,42315,-64040764
21:01:20.880,0,-0.17,1,0,0,500,50000,0,-64364,16770562,45,55344,-64040464
21:01:20.885,0,-0.24,1,0,0,500,50000,-20,-70935,16770204,185,43179,-64040284
21:01:20.890,0,-0.27,2,0,0,500,50000,8,-77724,16769752,1,56902,-64039964
21:01:20.895,0,-0.26,2,0,0,500,50000,-5,-79129,16769305,144,42141,-64039796
21:01:20.900,0,-0.2,2,0,0,500,50000,-37,-72420,16768940,-5,54299,-64039436
21:01:20.905,0,-0.13,2,0,0,500,50000,-12,-62361,16768698,94,47656,-64039232
21:01:20.910,0,-0.06,2,0,0,500,50000,-37,-45186,16768517,-75,54424,-64038940
21:01:20.916,0,0.02,2,0,0,500,50000,33,-30506,16768437,148,44648,-64038756
21:01:20.921,0,0.02,2,0,0,500,50000,-8,-17539,16768396,-2,51764,-64038436
21:01:20.926,0,0.02,2,0,0,500,50000,27,-13451,16768353,212,39801,-64038320
21:01:20.931,0,-0.06,2,0,0,500,50000,32,-16314,16768264,37,51364,-64037984
21:01:20.936,0,-0.14,2,0,0,500,50000,121,-30804,16768032,173,44628,-64037788
21:01:20.941,0,-0.23,2,0,0,500,50000,21,-43566,16767768,81,46432,-64037560
21:01:20.946,0,-0.3,2,0,0,500,50000,0,-62007,16767398,110,53112,-64037280
21:01:20.951,0,-0.3,2,0,0,500,50000,-7,-76228,16766925,122,43891,-64037072
21:01:20.956,0,-0.33,2,0,0,500,50000,1,-76818,16766564,2,56412,-64036720
21:01:20.961,0,-0.27,2,0,0,500,50000,-19,-80123,16766104,95,45632,-64036572
21:01:20.966,0,-0.19,2,0,0,500,50000,-55,-77345,16765753,-12,55358,-64036252
21:01:20.971,0,-0.1,2,0,0,500,50000,-21,-66000,16765428,152,43605,-64036064
21:01:20.976,0,-0.1,2,0,0,500,50000,-15,-55229,16765209,-33,56347,-64035720
21:01:20.981,0,0.03,2,0,0,500,50000,89,-45069,16765032,146,42789,-64035584
21:01:20.986,0,0.06,2,0,0,500,50000,0,-35452,16764873,38,53724,-64035252
21:01:20.991,0,0.06,2,0,0,500,50000,0,-29480,16764760,187,41946,-64035064
21:01:20.996,0,0.04,2,0,0,500,50000,-11,-27470,16764617,35,52314,-64034796
21:01:21.001,0,0.04,2,0,0,500,50000,0,-28074,16764485,198,41445,-64034596
21:01:21.007,0,-0.06,2,0,0,500,50000,6,-26242,16764329,-30,54140,-64034256
21:01:21.012,0,-0.11,2,0,0,500,50000,15,-33363,16764157,217,44303,-64034112
21:01:21.017,0,-0.16,2,0,0,500,50000,11,-42910,16763889,58,50729,-64033788
21:01:21.022,0,-0.2,2,0,0,500,50000,-5,-48405,16763641,125,45373,-64033628
21:01:21.027,0,-0.22,2,0,0,500,50000,-23,-52907,16763336,70,47141,-64033328
21:01:21.032,0,-0.23,2,0,0,500,50000,-25,-52177,16763097,-9,56515,-64033016
21:01:21.037,0,-0.22,2,0,0,500,50000,-47,-56530,16762772,67,43692,-64032860
21:01:21.042,0,-0.2,2,0,0,500,50000,14,-59044,16762397,-64,58748,-64032452
21:01:21.047,0,-0.17,2,0,0,500,50000,-14,-55648,16762153,204,39627,-64032364
21:01:21.052,0,-0.14,2,0,0,500,50000,7,-51053,16761897,2,57837,-64031984
21:01:21.057,0,-0.1,2,0,0,500,50000,49,-42846,16761769,257,38099,-64031908
21:01:21.062,0,-0.07,2,0,0,500,50000,-7,-38175,16761537,-57,58181,-64031496
21:01:21.067,0,-0.05,2,0,0,500,50000,40,-39708,16761373,254,37911,-64031432
21:01:21.072,0,-0.05,2,0,0,500,50000,-6,-40919,16761181,-93,54049,-64031036
21:01:21.077,0,-0.06,2,0,0,500,50000,0,-42172,16760945,101,54256,-64030812
21:01:21.082,0,-0.09,2,0,0,500,50000,-1,-44932,16760650,160,37837,-64030576
21:01:21.087,0,-0.11,2,0,0,500,50000,18,-41766,16760501,11,50372,-64030364
21:01:21.092,0,-0.13,2,0,0,500,50000,0,-42473,16760297,111,42637,-64030124
21:01:21.098,0,-0.14,2,0,0,500,50000,20,-41945,16760056,-18,56613,-64029788
21:01:21.103,0,-0.15,2,0,0,500,50000,-4,-43506,16759849,201,37855,-64029692
21:01:21.108,0,-0.16,2,0,0,500,50000,4,-42679,16759658,-2,56015,-64029324
21:01:21.113,0,-0.17,2,0,0,500,50000,31,-46616,16759388,240,41900,-64029172
21:01:21.118,0,-0.18,2,0,0,500,50000,-26,-56772,16759092,24,50938,-64028832
21:01:21.123,0,-0.18,2,0,0,500,50000,-31,-67933,16758665,184,44514,-64028684
21:01:21.128,0,-0.17,2,0,0,500,50000,28,-71588,16758313,-33,52841,-64028332
21:01:21.133,0,-0.14,2,0,0,500,50000,-94,-71392,16757912,118,43588,-64028192
21:01:21.138,0,-0.09,2,0,0,500,50000,-12,-67399,16757612,-60,58710,-64027808
21:01:21.143,0,-0.03,2,0,0,500,50000,-10,-53842,16757372,84,43682,-64027644
21:01:21.148,0,0.01,2,0,0,500,50000,11,-36155,16757277,-19,57254,-64027324
21:01:21.153,0,0.05,2,0,0,500,50000,-8,-24288,16757193,178,42693,-64027156
21:01:21.158,0,0.06,2,0,0,500,50000,12,-16161,16757157,26,54578,-64026812
21:01:21.163,0,0.02,2,0,0,500,50000,18,-21414,16757021,223,42621,-64026692
21:01:21.168,0,-0.03,2,0,0,500,50000,32,-34042,16756792,57,51699,-64026364
21:01:21.173,0,-0.12,2,0,0,500,50000,0,-46488,16756524,110,48949,-64026136
21:01:21.178,0,-0.2,2,0,0,500,50000,-34,-52351,16756216,46,51285,-64025892
21:01:21.184,0,-0.26,2,0,0,500,50000,-125,-57730,16755928,66,49027,-64025648
21:01:21.189,0,-0.29,2,0,0,500,50000,-9,-64894,16755561,66,50647,-64025368
21:01:21.194,0,-0.28,2,0,0,500,50000,-8,-65272,16755261,66,49423,-64025164
21:01:21.199,0,-0.24,2,0,0,500,50000,-23,-65679,16754890,53,51401,-64024884
21:01:21.204,0,-0.18,2,0,0,500,50000,-6,-64101,16754597,178,47834,-64024644
21:01:21.209,0,-0.13,2,0,0,500,50000,-6,-60858,16754264,-12,53905,-64024332
21:01:21.214,0,-0.08,2,0,0,500,50000,-5,-53444,16754042,104,47212,-64024156
21:01:21.219,0,-0.03,2,0,0,500,50000,27,-46095,16753848,50,49762,-64023880
21:01:21.224,0,-0.01,2,0,0,500,50000,-10,-42550,16753625,14,50473,-64023616
21:01:21.229,0,0.0,2,0,0,500,50000,12,-40194,16753450,90,47774,-64023416
21:01:21.234,0,-0.01,2,0,0,500,50000,26,-44284,16753197,80,49010,-64023152
21:01:21.239,0,-0.04,2,0,0,500,50000,18,-45415,16752985,98,48219,-64022908
21:01:21.244,0,-0.08,2,0,0,500,50000,-107,-44801,16752736,35,47403,-64022636
21:01:21.249,0,-0.11,2,0,0,500,50000,-3,-44472,16752529,57,49261,-64022424
21:01:21.254,0,-0.14,2,0,0,500,50000,124,-42896,16752333,68,47297,-64022176
21:01:21.259,0,-0.15,2,0,0,500,50000,15,-46964,16752053,61,52455,-64021884
21:01:21.264,0,-0.16,2,0,0,500,50000,21,-58961,16751728,115,45695,-64021696
21:01:21.269,0,-0.15,2,0,0,500,50000,0,-59839,16751386,40,53163,-64021388
21:01:21.274,0,-0.14,2,0,0,500,50000,-8,-63819,16751065,96,46645,-64021152
21:01:21.280,0,-0.11,2,0,0,500,50000,-12,-57371,16750777,-5,51538,-64020904
21:01:21.285,0,-0.07,2,0,0,500,50000,-5,-50627,16750569,88,46352,-64020652
21:01:21.290,0,-0.03,2,0,0,500,50000,-78,-41780,16750377,21,53759,-64020396
21:01:21.295,0,0.0,2,0,0,500,50000,-3,-33881,16750232,104,44734,-64020176
21:01:21.300,0,0.01,2,0,0,500,50000,39,-30115,16750109,9,55040,-64019852
21:01:21.305,0,0.0,2,0,0,500,50000,-20,-31389,16749933,143,42691,-64019716
21:01:21.310,0,-0.03,2,0,0,500,50000,39,-34364,16749770,-8,53308,-64019384
21:01:21.315,0,-0.09,2,0,0,500,50000,-8,-43966,16749494,183,45042,-64019180
21:01:21.320,0,-0.15,2,0,0,500,50000,-71,-49926,16749233,29,55139,-64018884
21:01:21.325,0,-0.2,2,0,0,500,50000,8,-53458,16748922,139,45875,-64018700
21:01:21.330,0,-0.23,2,0,0,500,50000,-30,-50381,16748704,-20,49158,-64018380
21:01:21.335,0,-0.23,2,0,0,500,50000,-25,-49391,16748433,66,46755,-64018216
21:01:21.340,0,-0.22,2,0,0,500,50000,15,-53205,16748169,1,51518,-64017896
21:01:21.345,0,-0.2,2,0,0,500,50000,4,-55311,16747852,68,50905,-64017660
21:01:21.350,0,-0.18,2,0,0,500,50000,9,-56825,16747577,15,46848,-64017404
21:01:21.355,0,-0.16,2,0,0,500,50000,-13,-56753,16747265,47,49741,-64017200
21:01:21.360,0,-0.13,2,0,0,500,50000,-17,-57625,16746984,-8,50712,-64016888
21:01:21.365,0,-0.1,2,0,0,500,50000,-34,-55508,16746722,3,53527,-64016632
21:01:21.371,0,-0.06,2,0,0,500,50000,27,-49871,16746468,29,47574,-64016380
21:01:21.376,0,0.0,2,0,0,500,50000,-3,-39872,16746321,63,48153,-64016184
21:01:21.381,0,0.0,2,0,0,500,50000,94,-32849,16746173,-8,48998,-64015888
21:01:21.386,0,0.0,2,0,0,500,50000,-90,-30076,16746009,34,52086,-64015640
21:01:21.391,0,-0.01,2,0,0,500,50000,-18,-39330,16745790,7,43271,-64015404
21:01:21.396,0,-0.04,2,0,0,500,50000,-5,-40383,16745597,-8,54886,-64015144
21:01:21.401,0,-0.04,2,0,0,500,50000,0,-45149,16745336,189,39797,-64014952
21:01:21.406,0,-0.13,2,0,0,500,50000,-10,-44401,16745133,-43,54532,-64014668
21:01:21.411,0,-0.16,2,0,0,500,50000,-4,-52373,16744854,86,42276,-64014464
21:01:21.416,0,-0.17,2,0,0,500,50000,-2,-64024,16744449,-15,51302,-64014204
21:01:21.421,0,-0.17,2,0,0,500,50000,-22,-69680,16744108,85,46280,-64013944
21:01:21.426,0,-0.17,2,0,0,500,50000,-68,-71730,16743717,15,54286,-64013644
21:01:21.431,0,-0.09,2,0,0,500,50000,25,-67444,16743433,17,48350,-64013440
21:01:21.436,0,-0.03,2,0,0,500,50000,167,-56173,16743169,27,54108,-64013148
21:01:21.441,0,0.01,2,0,0,500,50000,175,-44651,16742976,141,45078,-64012912
21:01:21.446,0,0.04,2,0,0,500,50000,9,-27672,16742920,25,50592,-64012684
21:01:21.451,0,0.04,2,0,0,500,50000,3,-22966,16742817,105,46424,-64012428
21:01:21.457,0,0.0,2,0,0,500,50000,197,-22983,16742714,40,51812,-64012152
21:01:21.462,0,-0.05,2,0,0,500,50000,-53,-31362,16742521,224,39903,-64011972
21:01:21.467,0,-0.14,2,0,0,500,50000,-22,-43120,16742249,96,53182,-64011688
21:01:21.472,0,-0.22,2,0,0,500,50000,-10,-57292,16741913,118,42846,-64011500
21:01:21.477,0,-0.28,2,0,0,500,50000,47,-61424,16741605,-51,53378,-64011164
21:01:21.482,0,-0.3,2,0,0,500,50000,-2,-65075,16741224,156,46158,-64011000
21:01:21.487,0,-0.27,2,0,0,500,50000,6,-68016,16740888,-14,53665,-64010680
21:01:21.492,0,-0.22,2,0,0,500,50000,-5,-72011,16740473,78,47042,-64010460
21:01:21.497,0,-0.14,2,0,0,500,50000,-33,-69037,16740166,-26,51679,-64010164
21:01:21.502,0,-0.07,2,0,0,500,50000,2,-64473,16739826,59,48921,-64009960
21:01:21.507,0,0.0,2,0,0,500,50000,3,-54176,16739616,23,52263,-64009676
21:01:21.512,0,0.03,2,0,0,500,50000,-26,-44817,16739448,57,50029,-64009420
21:01:21.517,0,0.06,2,0,0,500,50000,-21,-37021,16739276,-35,50534,-64009168
21:01:21.522,0,0.06,2,0,0,500,50000,-3,-31903,16739152,64,48514,-64008956
21:01:21.527,0,0.02,2,0,0,500,50000,-12,-25056,16739033,73,44971,-64008732
21:01:21.532,0,-0.02,2,0,0,500,50000,14,-33621,16738814,76,47203,-64008460
21:01:21.538,0,-0.1,2,0,0,500,50000,25,-50965,16738477,97,48327,-64008200
21:01:21.543,0,-0.17,2,0,0,500,50000,-7,-62279,16738145,40,49875,-64007920
21:01:21.548,0,-0.23,2,0,0,500,50000,-4,-65256,16737833,51,51264,-64007684
21:01:21.553,0,-0.25,2,0,0,500,50000,-61,-60186,16737576,103,49881,-64007476
21:01:21.558,0,-0.23,2,0,0,500,50000,-32,-63347,16737221,20,51902,-64007192
21:01:21.563,0,-0.17,2,0,0,500,50000,-10,-63663,16736920,29,47187,-64007004
21:01:21.568,0,-0.11,2,0,0,500,50000,4,-59475,16736612,16,52662,-64006692
21:01:21.573,0,-0.04,2,0,0,500,50000,-25,-50615,16736417,77,46837,-64006456
21:01:21.578,0,0.0,2,0,0,500,50000,-2,-41730,16736233,45,54447,-64006188
21:01:21.583,0,0.01,2,0,0,500,50000,2,-37611,16736040,112,44983,-64005984
21:01:21.588,0,0.01,2,0,0,500,50000,18,-37989,16735865,11,51656,-64005668
21:01:21.593,0,-0.02,2,0,0,500,50000,-13,-40033,16735637,181,43511,-64005516
21:01:21.598,0,-0.07,2,0,0,500,50000,0,-45366,16735405,-8,53861,-64005188
21:01:21.603,0,-0.13,2,0,0,500,50000,8,-58209,16735040,184,43444,-64005000
21:01:21.608,0,-0.18,2,0,0,500,50000,3,-65260,16734709,13,55230,-64004700
21:01:21.613,0,-0.2,2,0,0,500,50000,-6,-64781,16734406,111,44137,-64004516
21:01:21.619,0,-0.19,2,0,0,500,50000,-9,-56759,16734120,-28,55201,-64004164
21:01:21.624,0,-0.16,2,0,0,500,50000,-28,-52395,16733898,153,43059,-64003996
21:01:21.629,0,-0.12,2,0,0,500,50000,1,-51593,16733621,-36,56316,-64003676
21:01:21.634,0,-0.08,2,0,0,500,50000,21,-54190,16733353,155,42382,-64003512
21:01:21.639,0,-0.05,2,0,0,500,50000,-7,-50476,16733085,57,53851,-64003164
21:01:21.644,0,-0.04,2,0,0,500,50000,-26,-46577,16732873,111,47348,-64002960
21:01:21.649,0,-0.03,2,0,0,500,50000,19,-43667,16732680,59,53259,-64002692
21:01:21.654,0,-0.02,2,0,0,500,50000,-54,-42627,16732458,168,42895,-64002512
21:01:21.659,0,-0.02,2,0,0,500,50000,33,-41085,16732277,97,48801,-64002200
21:01:21.664,0,-0.03,2,0,0,500,50000,-21,-46788,16731997,152,47872,-64002008
21:01:21.669,0,-0.05,2,0,0,500,50000,6,-50335,16731750,46,49476,-64001712
21:01:21.674,0,-0.08,2,0,0,500,50000,-8,-50863,16731466,74,51586,-64001436
21:01:21.679,0,-0.1,2,0,0,500,50000,-6,-49638,16731244,138,48909,-64001228
21:01:21.684,0,-0.11,2,0,0,500,50000,-14,-48098,16730990,29,50645,-64000956
21:01:21.690,0,-0.1,2,0,0,500,50000,-62,-43610,16730814,21,47848,-64000744
21:01:21.695,0,-0.1,2,0,0,500,50000,18,-35618,16730648,63,53265,-64000464
21:01:21.700,0,-0.09,2,0,0,500,50000,18,-36158,16730480,175,41012,-64000268
21:01:21.705,0,-0.1,2,0,0,500,50000,129,-39975,16730252,62,54254,-63999980
21:01:21.710,0,-0.12,2,0,0,500,50000,1,-54921,16729905,184,39885,-63999804
21:01:21.715,0,-0.15,2,0,0,500,50000,-13,-60533,16729608,2,56842,-63999424
21:01:21.720,0,-0.16,2,0,0,500,50000,13,-64116,16729245,170,42584,-63999300
21:01:21.725,0,-0.16,2,0,0,500,50000,19,-62280,16728969,-20,56814,-63998936
21:01:21.730,0,-0.13,2,0,0,500,50000,-12,-59557,16728649,88,46657,-63998732
21:01:21.735,0,-0.09,2,0,0,500,50000,1,-51796,16728437,-86,54748,-63998404
21:01:21.740,0,-0.04,2,0,0,500,50000,0,-43421,16728272,84,44555,-63998252
21:01:21.745,0,-0.01,2,0,0,500,50000,65,-32494,16728138,-33,53383,-63997932
21:01:21.750,0,0.0,2,0,0,500,50000,8,-27964,16728028,115,47381,-63997724
21:01:21.755,0,-0.01,2,0,0,500,50000,19,-28139,16727878,105,50224,-63997452
21:01:21.760,0,-0.06,2,0,0,500,50000,13,-36324,16727673,141,46122,-63997268
21:01:21.765,0,-0.11,2,0,0,500,50000,18,-48034,16727365,62,50580,-63996984
21:01:21.770,0,-0.17,2,0,0,500,50000,11,-52000,16727105,37,49994,-63996736
21:01:21.776,0,-0.23,2,0,0,500,50000,-7,-50782,16726877,139,47439,-63996536
21:01:21.781,0,-0.22,2,0,0,500,50000,0,-50566,16726605,83,48861,-63996272
21:01:21.786,0,-0.21,2,0,0,500,50000,-55,-56127,16726328,96,49744,-63996012
21:01:21.791,0,-0.18,2,0,0,500,50000,49,-55460,16726020,67,47921,-63995756
21:01:21.796,0,-0.16,2,0,0,500,50000,-26,-59110,16725721,61,49935,-63995528
21:01:21.801,0,-0.13,2,0,0,500,50000,2,-56506,16725469,88,49596,-63995252
21:01:21.806,0,-0.1,2,0,0,500,50000,14,-55987,16725153,93,46212,-63995064
21:01:21.811,0,-0.07,2,0,0,500,50000,-15,-55742,16724897,-78,54728,-63994732
21:01:21.816,0,-0.05,2,0,0,500,50000,-5,-49066,16724649,128,45687,-63994520
21:01:21.821,0,-0.04,2,0,0,500,50000,-10,-36874,16724486,30,51337,-63994264
21:01:21.826,0,-0.05,2,0,0,500,50000,6,-33397,16724346,113,42641,-63994056
21:01:21.831,0,-0.07,2,0,0,500,50000,9,-34041,16724169,86,47806,-63993776
21:01:21.836,0,-0.12,2,0,0,500,50000,-6,-41697,16723950,156,47200,-63993568
21:01:21.841,0,-0.18,2,0,0,500,50000,-37,-50628,16723642,113,47468,-63993308
21:01:21.846,0,-0.23,2,0,0,500,50000,-25,-54760,16723368,81,48838,-63993032
21:01:21.851,0,-0.27,2,0,0,500,50000,-19,-60709,16723022,115,48625,-63992828
21:01:21.856,0,-0.27,2,0,0,500,50000,-22,-65417,16722654,130,50200,-63992564
21:01:21.862,0,-0.25,2,0,0,500,50000,-7,-68188,16722321,40,48906,-63992308
21:01:21.867,0,-0.2,2,0,0,500,50000,31,-65552,16722021,143,50438,-63992080
21:01:21.872,0,-0.14,2,0,0,500,50000,-11,-61540,16721685,29,52336,-63991760
21:01:21.877,0,-0.09,2,0,0,500,50000,4,-53228,16721416,44,50059,-63991552
21:01:21.882,0,-0.04,2,0,0,500,50000,-20,-43272,16721248,76,49249,-63991296
21:01:21.887,0,-0.01,2,0,0,500,50000,-7,-33948,16721128,78,45960,-63991056
21:01:21.892,0,0.0,2,0,0,500,50000,-11,-31795,16720969,109,50465,-63990828
21:01:21.897,0,-0.03,2,0,0,500,50000,-4,-31831,16720824,191,43554,-63990620
21:01:21.902,0,-0.09,2,0,0,500,50000,8,-36670,16720637,102,46280,-63990360
21:01:21.907,0,-0.16,2,0,0,500,50000,20,-45935,16720349,156,46484,-63990160
21:01:21.912,0,-0.22,2,0,0,500,50000,-10,-56142,16720041,174,44434,-63989916
21:01:21.917,0,-0.26,2,0,0,500,50000,1,-62886,16719669,68,48541,-63989632
21:01:21.922,0,-0.27,2,0,0,500,50000,5,-63125,16719369,104,47534,-63989380
21:01:21.927,0,-0.25,2,0,0,500,50000,7,-64227,16719062,73,51543,-63989132
21:01:21.932,0,-0.2,2,0,0,500,50000,-24,-66151,16718684,96,45685,-63988912
21:01:21.937,0,-0.14,2,0,0,500,50000,-16,-60181,16718425,154,52099,-63988596
21:01:21.942,0,-0.08,2,0,0,500,50000,-18,-48505,16718200,116,50526,-63988384
21:01:21.947,0,-0.03,2,0,0,500,50000,0,-39141,16718057,90,49381,-63988128
21:01:21.953,0,-0.01,2,0,0,500,50000,0,-29497,16717934,101,45306,-63987936
21:01:21.958,0,-0.01,2,0,0,500,50000,10,-23447,16717824,18,52081,-63987628
21:01:21.963,0,-0.04,2,0,0,500,50000,12,-26979,16717685,209,44505,-63987420
21:01:21.968,0,-0.09,2,0,0,500,50000,9,-34349,16717456,72,50793,-63987164
21:01:21.973,0,-0.16,2,0,0,500,50000,-4,-43689,16717226,122,46860,-63986936
21:01:21.978,0,-0.22,2,0,0,500,50000,-8,-51237,16716920,138,47246,-63986672
21:01:21.983,0,-0.26,2,0,0,500,50000,-14,-57692,16716585,76,51683,-63986432
21:01:21.988,0,-0.27,2,0,0,500,50000,18,-60792,16716298,147,46168,-63986188
21:01:21.993,0,-0.25,2,0,0,500,50000,1,-53117,16716037,25,53435,-63985888
21:01:21.998,0,-0.21,2,0,0,500,50000,-6,-44432,16715865,126,44980,-63985728
21:01:22.003,0,-0.16,2,0,0,500,50000,4,-40757,16715656,32,54188,-63985420
21:01:22.008,0,-0.13,2,0,0,500,50000,13,-44198,16715432,65,43671,-63985228
21:01:22.013,0,-0.11,2,0,0,500,50000,-6,-48450,16715105,36,50671,-63984920
21:01:22.018,0,-0.11,2,0,0,500,50000,-58,-47379,16714877,48,51857,-63984660
21:01:22.023,0,-0.12,2,0,0,500,50000,10,-46211,16714656,62,44344,-63984436
21:01:22.028,0,-0.13,2,0,0,500,50000,67,-47229,16714397,50,52268,-63984136
21:01:22.033,0,-0.12,2,0,0,500,50000,28,-45788,16714217,140,43624,-63983984
21:01:22.038,0,-0.12,2,0,0,500,50000,-40,-45976,16713968,42,50212,-63983728
21:01:22.044,0,-0.11,2,0,0,500,50000,-7,-43072,16713777,183,43789,-63983520
21:01:22.049,0,-0.12,2,0,0,500,50000,164,-41538,16713593,69,49154,-63983224
21:01:22.054,0,-0.13,2,0,0,500,50000,-55,-39704,16713386,216,45564,-63983052
21:01:22.059,0,-0.16,2,0,0,500,50000,-19,-43189,16713176,140,46561,-63982780
21:01:22.064,0,-0.2,2,0,0,500,50000,8,-49910,16712873,-27,52483,-63982484
21:01:22.069,0,-0.23,2,0,0,500,50000,-19,-56287,16712585,149,45227,-63982312
21:01:22.074,0,-0.25,2,0,0,500,50000,-2,-52107,16712316,-2,52289,-63982012
21:01:22.079,0,-0.25,2,0,0,500,50000,20,-52783,16712069,66,47256,-63981772
21:01:22.084,0,-0.23,2,0,0,500,50000,-2,-50612,16711845,139,47587,-63981564
21:01:22.089,0,-0.19,2,0,0,500,50000,-8,-54063,16711537,80,48702,-63981276
21:01:22.094,0,-0.16,2,0,0,500,50000,-32,-52105,16711265,102,47817,-63981084
21:01:22.099,0,-0.13,2,0,0,500,50000,-1,-49841,16711052,58,51207,-63980784
21:01:22.104,0,-0.11,2,0,0,500,50000,35,-46787,16710814,62,51396,-63980524
21:01:22.109,0,-0.1,2,0,0,500,50000,26,-48541,16710590,74,48075,-63980316
21:01:22.114,0,-0.1,2,0,0,500,50000,20,-46741,16710348,76,51140,-63980044
21:01:22.119,0,-0.12,2,0,0,500,50000,-30,-43789,16710157,72,48225,-63979796
21:01:22.124,0,-0.13,2,0,0,500,50000,32,-40172,16709948,60,47919,-63979592
21:01:22.129,0,-0.15,2,0,0,500,50000,9,-34059,16709789,77,47850,-63979332
21:01:22.135,0,-0.18,2,0,0,500,50000,48,-31071,16709658,71,47563,-63979096
21:01:22.140,0,-0.22,2,0,0,500,50000,31,-39955,16709413,245,42272,-63978880
21:01:22.145,0,-0.28,2,0,0,500,50000,41,-50108,16709146,33,51553,-63978620
21:01:22.150,0,-0.35,2,0,0,500,50000,-3,-61686,16708761,171,43662,-63978404
21:01:22.155,0,-0.39,2,0,0,500,50000,21,-66956,16708433,81,53314,-63978080
21:01:22.160,0,-0.41,2,0,0,500,50000,-8,-72839,16708061,127,45298,-63977884
21:01:22.165,0,-0.37,2,0,0,500,50000,22,-75245,16707633,-13,54166,-63977596
21:01:22.170,0,-0.29,2,0,0,500,50000,-57,-70522,16707321,71,45894,-63977396
21:01:22.175,0,-0.2,2,0,0,500,50000,-41,-59801,16707025,-14,53830,-63977072
21:01:22.180,0,-0.1,2,0,0,500,50000,-37,-48449,16706845,122,43753,-63976924
21:01:22.185,0,-0.03,2,0,0,500,50000,14,-36686,16706696,55,52941,-63976604
21:01:22.190,0,0.0,2,0,0,500,50000,20,-30036,16706582,180,43309,-63976412
21:01:22.195,0,0.0,2,0,0,500,50000,9,-30629,16706429,4,52722,-63976088
21:01:22.200,0,-0.02,2,0,0,500,50000,-1,-35083,16706229,241,41729,-63975964
21:01:22.205,0,-0.08,2,0,0,500,50000,18,-35970,16706056,29,50218,-63975644
21:01:22.210,0,-0.15,2,0,0,500,50000,3,-41753,16705793,125,50794,-63975396
21:01:22.215,0,-0.22,2,0,0,500,50000,1,-47365,16705544,137,46830,-63975192
21:01:22.220,0,-0.28,2,0,0,500,50000,-15,-49423,16705257,36,54920,-63974892
21:01:22.226,0,-0.32,2,0,0,500,50000,-24,-52184,16704998,188,42665,-63974748
21:01:22.231,0,-0.34,2,0,0,500,50000,20,-52961,16704709,75,51017,-63974444
21:01:22.236,0,-0.32,2,0,0,500,50000,12,-62873,16704381,101,48698,-63974204
21:01:22.241,0,-0.28,2,0,0,500,50000,-2,-68263,16703993,114,51431,-63973960
21:01:22.246,0,-0.23,2,0,0,500,50000,-6,-68580,16703673,59,48187,-63973708
21:01:22.251,0,-0.16,2,0,0,500,50000,55,-61687,16703373,21,53324,-63973448
21:01:22.256,0,-0.1,2,0,0,500,50000,0,-49322,16703153,55,46169,-63973220
21:01:22.261,0,-0.04,2,0,0,500,50000,-31,-37979,16703024,91,51739,-63972924
21:01:22.266,0,-0.02,2,0,0,500,50000,0,-28015,16702916,205,43842,-63972716
21:01:22.271,0,-0.03,2,0,0,500,50000,-14,-24487,16702820,32,50021,-63972476
21:01:22.276,0,-0.09,2,0,0,500,50000,-13,-33382,16702617,193,43704,-63972264
21:01:22.281,0,-0.18,2,0,0,500,50000,63,-37459,16702432,146,47560,-63971988
21:01:22.286,0,-0.27,2,0,0,500,50000,16,-47154,16702170,124,46810,-63971784
21:01:22.291,0,-0.34,2,0,0,500,50000,9,-50689,16701869,123,49252,-63971516
21:01:22.296,0,-0.37,2,0,0,500,50000,-22,-46182,16701662,109,46775,-63971280
21:01:22.301,0,-0.37,2,0,0,500,50000,0,-38182,16701480,71,48026,-63971016
21:01:22.306,0,-0.37,2,0,0,500,50000,14,-36471,16701322,160,46555,-63970832
21:01:22.312,0,-0.37,2,0,0,500,50000,-18,-48899,16701014,168,45856,-63970588
21:01:22.317,0,-0.38,2,0,0,500,50000,39,-60461,16700676,132,49641,-63970312
21:01:22.322,0,-0.38,2,0,0,500,50000,-16,-76148,16700250,43,49777,-63970052
21:01:22.327,0,-0.35,2,0,0,500,50000,-51,-78604,16699802,14,52696,-63969804
21:01:22.332,0,-0.26,2,0,0,500,50000,-22,-70477,16699500,20,48213,-63969576
21:01:22.337,0,-0.15,2,0,0,500,50000,-23,-55299,16699249,37,50481,-63969272
21:01:22.342,0,-0.05,2,0,0,500,50000,-10,-38193,16699146,124,45583,-63969096
21:01:22.347,0,0.01,2,0,0,500,50000,18,-25051,16699085,19,48027,-63968804
21:01:22.352,0,0.02,2,0,0,500,50000,-9,-17936,16699013,90,49835,-63968552
21:01:22.357,0,-0.01,2,0,0,500,50000,11,-20583,16698889,196,42170,-63968384
21:01:22.362,0,-0.09,2,0,0,500,50000,8,-28168,16698729,73,54201,-63968056
21:01:22.367,0,-0.19,2,0,0,500,50000,-5,-41582,16698449,261,42025,-63967880
21:01:22.372,0,-0.29,2,0,0,500,50000,11,-50688,16698181,26,52326,-63967592
21:01:22.377,0,-0.34,2,0,0,500,50000,-9,-56308,16697897,92,49167,-63967364
21:01:22.382,0,-0.36,2,0,0,500,50000,-6,-52848,16697624,75,46254,-63967144
21:01:22.387,0,-0.33,2,0,0,500,50000,-39,-48284,16697384,67,52842,-63966860
21:01:22.392,0,-0.28,2,0,0,500,50000,19,-50274,16697148,163,42376,-63966672
21:01:22.398,0,-0.23,1,0,0,500,50000,-2,-50825,16696876,68,54574,-63966376
21:01:22.403,0,-0.19,1,0,0,500,50000,-60,-51356,16696634,153,44456,-63966188
21:01:22.408,0,-0.16,1,0,0,500,50000,-6,-50281,16696365,4,50117,-63965876
21:01:22.413,0,-0.14,1,0,0,500,50000,56,-47895,16696152,92,46010,-63965652
21:01:22.418,0,-0.12,1,0,0,500,50000,5,-45146,16695908,109,53735,-63965384
21:01:22.423,0,-0.1,1,0,0,500,50000,-1,-45720,16695688,94,46834,-63965172
21:01:22.428,0,-0.09,1,0,0,500,50000,-3,-39520,16695529,94,49685,-63964884
21:01:22.433,0,-0.09,1,0,0,500,50000,-3,-37190,16695325,182,47526,-63964700
21:01:22.438,0,-0.11,1,0,0,500,50000,34,-37832,16695148,126,47064,-63964444
21:01:22.443,0,-0.13,1,0,0,500,50000,-4,-40274,16694917,70,49894,-63964176
21:01:22.448,0,-0.17,1,0,0,500,50000,13,-48026,16694664,135,46246,-63963940
21:01:22.453,0,-0.2,1,0,0,500,50000,23,-50759,16694376,25,49853,-63963708
21:01:22.458,0,-0.23,1,0,0,500,50000,-55,-47632,16694165,125,45877,-63963476
21:01:22.463,0,-0.24,1,0,0,500,50000,22,-45273,16693957,10,47922,-63963208
21:01:22.469,0,-0.23,1,0,0,500,50000,54,-45992,16693698,127,46569,-63962968
21:01:22.474,0,-0.21,1,0,0,500,50000,20,-49296,16693452,88,48703,-63962736
21:01:22.479,0,-0.2,1,0,0,500,50000,-33,-52655,16693145,129,48618,-63962480
21:01:22.484,0,-0.18,1,0,0,500,50000,5,-53250,16692892,61,50003,-63962236
21:01:22.489,0,-0.17,1,0,0,500,50000,-11,-56837,16692568,137,48130,-63961996
21:01:22.494,0,-0.15,1,0,0,500,50000,-4,-57699,16692245,104,44522,-63961700
21:01:22.499,0,-0.13,1,0,0,500,50000,-14,-56951,16691977,3,52561,-63961436
21:01:22.504,0,-0.11,1,0,0,500,50000,10,-52324,16691705,133,45358,-63961208
21:01:22.509,0,-0.09,1,0,0,500,50000,15,-46172,16691520,45,51160,-63960952
21:01:22.514,0,-0.07,1,0,0,500,50000,0,-40434,16691329,93,44895,-63960724
21:01:22.519,0,-0.07,1,0,0,500,50000,-7,-32861,16691208,62,49120,-63960488
21:01:22.524,0,-0.09,1,0,0,500,50000,2,-35665,16691033,126,47305,-63960280
21:01:22.529,0,-0.13,1,0,0,500,50000,-118,-34272,16690857,17,52935,-63960000
21:01:22.534,0,-0.19,1,0,0,500,50000,-18,-34343,16690698,232,41609,-63959816
21:01:22.540,0,-0.26,1,0,0,500,50000,27,-39472,16690465,52,51576,-63959496
21:01:22.545,0,-0.33,1,0,0,500,50000,-2,-53750,16690120,184,42938,-63959364
21:01:22.550,0,-0.39,1,0,0,500,50000,11,-65140,16689780,50,51148,-63959032
21:01:22.555,0,-0.41,1,0,0,500,50000,-15,-71444,16689352,32,52109,-63958784
21:01:22.560,0,-0.4,1,0,0,500,50000,-9,-72782,16689001,68,51669,-63958544
21:01:22.565,0,-0.34,1,0,0,500,50000,-9,-70518,16688677,73,49845,-63958312
21:01:22.570,0,-0.25,1,0,0,500,50000,17,-66005,16688330,78,51965,-63958008
21:01:22.575,0,-0.16,1,0,0,500,50000,-6,-57666,16688088,102,51610,-63957764
21:01:22.580,0,-0.09,1,0,0,500,50000,3,-45252,16687880,25,50254,-63957540
21:01:22.585,0,-0.04,1,0,0,500,50000,-9,-38547,16687725,145,46643,-63957324
21:01:22.590,0,-0.03,1,0,0,500,50000,120,-31920,16687608,64,46435,-63957056
21:01:22.595,0,-0.05,1,0,0,500,50000,-198,-31071,16687436,60,51051,-63956792
21:01:22.600,0,-0.1,1,0,0,500,50000,13,-32690,16687282,177,42776,-63956628
21:01:22.605,0,-0.17,1,0,0,500,50000,-3,-37882,16687056,90,51336,-63956328
21:01:22.610,0,-0.24,1,0,0,500,50000,-66,-47561,16686793,236,41112,-63956140
21:01:22.615,0,-0.3,1,0,0,500,50000,11,-59446,16686425,59,53640,-63955844
21:01:22.621,0,-0.33,1,0,0,500,50000,-21,-69494,16686057,176,44534,-63955640
21:01:22.626,0,-0.29,1,0,0,500,50000,6,-73336,16685693,-45,57323,-63955324
21:01:22.631,0,-0.22,1,0,0,500,50000,-15,-69427,16685317,78,45010,-63955136
21:01:22.636,0,-0.22,1,0,0,500,50000,-7,-62442,16685001,-41,56458,-63954780
21:01:22.641,0,-0.05,1,0,0,500,50000,-44,-49104,16684824,150,42480,-63954652
21:01:22.646,0,0.0,1,0,0,500,50000,0,-34854,16684692,-62,55919,-63954280
21:01:22.651,0,0.0,1,0,0,500,50000,3,-24720,16684617,188,42416,-63954124
21:01:22.656,0,-0.02,1,0,0,500,50000,19,-19072,16684537,12,52564,-63953832
21:01:22.661,0,-0.09,1,0,0,500,50000,8,-19971,16684440,131,46477,-63953628
21:01:22.666,0,-0.19,1,0,0,500,50000,59,-30706,16684241,196,43875,-63953384
21:01:22.671,0,-0.28,1,0,0,500,50000,42,-40381,16683992,15,52357,-63953132
21:01:22.676,0,-0.36,1,0,0,500,50000,-2,-53908,16683689,190,44350,-63952924
21:01:22.681,0,-0.39,1,0,0,500,50000,-22,-55326,16683386,21,55482,-63952588
21:01:22.686,1,-0.39,1,500,50000,500,50000,,,,,,
21:01:22.687,0,-0.39,1,500,50000,500,50000,31,-52491,16683153,64,47188,-63952400
21:01:22.692,0,-0.35,1,500,50000,500,50000,-4,-51569,16682874,63,52378,-63952136
21:01:22.697,0,-0.29,1,500,50000,500,50000,0,-57819,16682572,88,51340,-63951900
21:01:22.702,0,-0.24,1,500,50000,500,50000,252,-45386,16682394,82,46475,-63951652
21:01:22.707,0,-0.24,1,500,50000,500,50000,383,48547,16682985,218,44290,-63951444
21:01:22.712,0,-0.35,1,500,50000,500,50000,403,133444,16683960,613,28498,-63951372
21:01:22.717,0,-0.69,1,500,50000,500,50000,736,157030,16684944,774,23225,-63951244
21:01:22.722,0,-1.29,1,500,50000,500,50000,694,87933,16685082,777,23181,-63951128
21:01:22.727,0,-2.06,1,500,50000,500,50000,478,-12535,16684636,745,30362,-63950984
21:01:22.732,0,-2.78,1,500,50000,500,50000,386,-67575,16684044,670,30247,-63950832
21:01:22.737,0,-3.22,1,500,50000,500,50000,396,-78914,16683621,583,31496,-63950624
21:01:22.742,0,-3.27,1,500,50000,500,50000,465,-41203,16683530,409,40006,-63950380
21:01:22.747,0,-3.06,1,500,50000,500,50000,554,-17062,16683549,615,33814,-63950280
21:01:22.752,0,-2.8,1,500,50000,500,50000,529,-8489,16683545,815,25582,-63950164
21:01:22.757,0,-2.67,1,500,50000,500,50000,484,-6411,16683521,858,23495,-63950028
21:01:22.762,0,-2.73,1,500,50000,500,50000,520,-9823,16683466,688,30286,-63949860
21:01:22.768,0,-2.92,1,500,50000,500,50000,520,-15775,16683361,661,29033,-63949736
21:01:22.773,0,-3.13,1,500,50000,500,50000,493,-21360,16683242,853,25436,-63949632
21:01:22.778,0,-3.29,1,500,50000,500,50000,590,-31737,16683053,808,21821,-63949524
21:01:22.783,0,-3.38,1,500,50000,500,50000,505,-42871,16682777,558,33258,-63949292
21:01:22.788,0,-3.38,1,500,50000,500,50000,419,-45736,16682545,484,37368,-63949116
21:01:22.793,0,-3.31,1,500,50000,500,50000,456,-33184,16682394,735,29208,-63949040
21:01:22.798,0,-3.21,1,500,50000,500,50000,492,-20037,16682348,837,23411,-63948900
21:01:22.803,0,-3.13,1,500,50000,500,50000,529,-11423,16682325,658,30308,-63948732
21:01:22.809,0,-3.11,1,500,50000,500,50000,527,-11885,16682268,764,27695,-63948620
21:01:22.814,0,-3.17,1,500,50000,500,50000,505,-20354,16682137,829,26761,-63948488
21:01:22.819,0,-3.27,1,500,50000,500,50000,492,-35002,16681881,755,25607,-63948368
21:01:22.824,0,-3.37,1,500,50000,500,50000,490,-47395,16681620,531,33695,-63948160
21:01:22.829,0,-3.4,1,500,50000,500,50000,459,-42805,16681397,492,36527,-63947980
21:01:22.834,0,-3.35,1,500,50000,500,50000,467,-32247,16681281,635,30615,-63947848
21:01:22.839,0,-3.25,1,500,50000,500,50000,214,-16782,16681248,803,23839,-63947756
21:01:22.844,0,-3.17,1,500,50000,500,50000,542,-9088,16681240,684,27761,-63947576
21:01:22.849,0,-3.15,1,500,50000,500,50000,462,-14130,16681150,712,29937,-63947456
21:01:22.854,0,-3.21,1,500,50000,500,50000,517,-28570,16680936,764,29607,-63947308
21:01:22.859,0,-3.32,1,500,50000,500,50000,471,-38318,16680709,783,24942,-63947212
21:01:22.864,0,-3.41,1,500,50000,500,50000,461,-42637,16680489,595,32467,-63946996
21:01:22.869,0,-3.44,1,500,50000,500,50000,529,-36232,16680308,549,36734,-63946812
21:01:22.874,0,-3.39,1,500,50000,500,50000,463,-25445,16680228,667,28280,-63946716
21:01:22.880,0,-3.32,1,500,50000,500,50000,477,-16197,16680173,879,21122,-63946636
21:01:22.885,0,-3.27,1,500,50000,500,50000,481,-16758,16680096,754,25939,-63946464
21:01:22.890,0,-3.28,1,500,50000,500,50000,603,-20044,16679992,726,30334,-63946300
21:01:22.895,0,-3.35,1,500,50000,500,50000,489,-26690,16679826,710,29281,-63946176
21:01:22.900,0,-3.45,1,500,50000,500,50000,486,-37523,16679608,901,23541,-63946096
21:01:22.905,0,-3.52,1,500,50000,500,50000,482,-48137,16679301,723,27191,-63945916
21:01:22.910,0,-3.52,1,500,50000,500,50000,486,-50484,16679048,542,33030,-63945720
21:01:22.915,0,-3.44,1,500,50000,500,50000,479,-39732,16678901,657,29745,-63945616
21:01:22.920,0,-3.3,1,500,50000,500,50000,497,-20331,16678866,792,24269,-63945496
21:01:22.925,0,-3.16,1,500,50000,500,50000,522,-12923,16678825,807,23947,-63945356
21:01:22.930,0,-3.09,1,500,50000,500,50000,515,-17471,16678728,752,26741,-63945200
21:01:22.935,0,-3.11,1,500,50000,500,50000,493,-27064,16678549,792,27844,-63945088
21:01:22.940,0,-3.19,1,500,50000,500,50000,491,-38103,16678328,875,25688,-63944956
21:01:22.945,0,-3.28,1,500,50000,500,50000,489,-43234,16678072,699,27789,-63944776
21:01:22.950,0,-3.33,1,500,50000,500,50000,428,-36811,16677925,590,32925,-63944624
21:01:22.956,0,-3.3,1,500,50000,500,50000,468,-18730,16677893,752,27106,-63944512
21:01:22.961,0,-3.21,1,500,50000,500,50000,514,-12143,16677861,848,23678,-63944380
21:01:22.966,0,-3.24,1,500,50000,500,50000,538,-13550,16677801,755,27613,-63944212
21:01:22.971,0,-3.33,1,500,50000,500,50000,505,-25369,16677624,697,28857,-63944100
21:01:22.976,0,-3.43,1,500,50000,500,50000,650,-34875,16677398,658,30575,-63943912
21:01:22.981,0,-3.48,1,500,50000,500,50000,516,-38783,16677161,686,29347,-63943768
21:01:22.986,0,-3.47,1,500,50000,500,50000,490,-31340,16677045,715,28138,-63943644
21:01:22.991,0,-3.41,1,500,50000,500,50000,503,-20743,16676970,705,27633,-63943492
21:01:22.996,0,-3.36,1,500,50000,500,50000,479,-15342,16676920,709,27464,-63943356
21:01:23.001,0,-3.36,1,500,50000,500,50000,459,-19070,16676825,729,28381,-63943228
21:01:23.006,0,-3.41,1,500,50000,500,50000,560,-25853,16676664,831,25378,-63943132
21:01:23.011,0,-3.48,1,500,50000,500,50000,498,-36916,16676453,698,30882,-63942944
21:01:23.016,0,-3.52,1,500,50000,500,50000,465,-41603,16676233,724,27399,-63942848
21:01:23.021,0,-3.48,1,500,50000,500,50000,471,-42215,16675984,746,29230,-63942668
21:01:23.026,0,-3.39,1,500,50000,500,50000,483,-33740,16675857,687,29517,-63942500
21:01:23.032,0,-3.29,1,500,50000,500,50000,520,-22539,16675797,764,26449,-63942404
21:01:23.037,0,-3.22,1,500,50000,500,50000,523,-16400,16675732,786,24183,-63942272
21:01:23.042,0,-3.22,1,500,50000,500,50000,526,-18480,16675641,780,26418,-63942140
21:01:23.047,0,-3.27,1,500,50000,500,50000,520,-27187,16675461,728,28124,-63941996
21:01:23.052,0,-3.34,1,500,50000,500,50000,495,-37345,16675241,743,26440,-63941864
21:01:23.057,0,-3.37,1,500,50000,500,50000,480,-48195,16674970,737,27438,-63941736
21:01:23.062,0,-3.33,1,500,50000,500,50000,440,-40932,16674757,741,26761,-63941580
21:01:23.067,0,-3.24,1,500,50000,500,50000,506,-25674,16674697,651,29649,-63941432
21:01:23.072,0,-3.16,1,500,50000,500,50000,516,-10933,16674696,748,27909,-63941304
21:01:23.077,0,-3.14,1,500,50000,500,50000,480,-8977,16674661,836,24982,-63941192
21:01:23.082,0,-3.21,1,500,50000,500,50000,534,-15734,16674561,963,20730,-63941116
21:01:23.087,0,-3.34,1,500,50000,500,50000,527,-27712,16674365,747,27251,-63940936
21:01:23.092,0,-3.46,1,500,50000,500,50000,491,-37614,16674152,657,31734,-63940764
21:01:23.097,0,-3.52,1,500,50000,500,50000,387,-45983,16673869,776,27492,-63940660
21:01:23.102,0,-3.5,1,500,50000,500,50000,498,-37926,16673726,751,27708,-63940492
21:01:23.108,0,-3.42,1,500,50000,500,50000,494,-26397,16673644,776,28100,-63940336
21:01:23.113,0,-3.35,1,500,50000,500,50000,561,-15798,16673605,723,30272,-63940204
21:01:23.118,0,-3.32,1,500,50000,500,50000,518,-10717,16673577,908,26410,-63940096
21:01:23.123,0,-3.37,1,500,50000,500,50000,401,-18126,16673452,890,22957,-63939980
21:01:23.128,0,-3.46,1,500,50000,500,50000,506,-26130,16673300,711,26688,-63939804
21:01:23.133,0,-3.55,1,500,50000,500,50000,508,-41839,16673009,609,35708,-63939628
21:01:23.138,0,-3.59,1,500,50000,500,50000,429,-48697,16672740,706,29618,-63939516
21:01:23.143,0,-3.53,1,500,50000,500,50000,479,-44837,16672538,783,24409,-63939372
21:01:23.148,0,-3.4,1,500,50000,500,50000,505,-21124,16672512,611,31457,-63939200
21:01:23.153,0,-3.28,1,500,50000,500,50000,539,-11140,16672505,783,28006,-63939088
21:01:23.158,0,-3.22,1,500,50000,500,50000,515,-7931,16672480,924,24966,-63938972
21:01:23.163,0,-3.27,1,500,50000,500,50000,509,-18518,16672344,930,21822,-63938844
21:01:23.168,0,-3.38,1,500,50000,500,50000,526,-26014,16672202,676,28447,-63938676
21:01:23.173,0,-3.5,1,500,50000,500,50000,477,-41887,16671914,678,30567,-63938524
21:01:23.179,0,-3.55,1,500,50000,500,50000,475,-49976,16671606,692,30265,-63938360
21:01:23.184,0,-3.5,1,500,50000,500,50000,478,-47601,16671392,693,28580,-63938208
21:01:23.189,0,-3.37,1,500,50000,500,50000,483,-25344,16671336,618,28868,-63938060
21:01:23.194,0,-3.22,1,500,50000,500,50000,544,-13605,16671320,721,28359,-63937932
21:01:23.194,0,-3.22,1,500,50000,500,50000,584,-8996,16671289,873,25001,-63937816
21:01:23.199,0,-3.12,1,500,50000,500,50000,523,-14250,16671201,928,24216,-63937692
21:01:23.204,0,-3.12,1,500,50000,500,50000,518,-29366,16670989,824,24600,-63937576
21:01:23.209,0,-3.2,1,500,50000,500,50000,513,-45142,16670685,744,29521,-63937408
21:01:23.214,0,-3.29,1,500,50000,500,50000,436,-45463,16670465,697,29501,-63937244
21:01:23.219,0,-3.34,1,500,50000,500,50000,458,-28502,16670364,691,30278,-63937100
21:01:23.224,0,-3.31,1,500,50000,500,50000,416,-16282,16670345,754,30170,-63936960
21:01:23.229,0,-3.22,1,500,50000,500,50000,571,-7991,16670341,916,26726,-63936840
21:01:23.235,0,-3.15,1,500,50000,500,50000,512,-14276,16670248,902,23181,-63936740
21:01:23.240,0,-3.15,1,500,50000,500,50000,513,-26535,16670064,686,30363,-63936556
21:01:23.245,0,-3.24,1,500,50000,500,50000,475,-36684,16669854,570,35217,-63936384
21:01:23.250,0,-3.36,1,500,50000,500,50000,477,-40234,16669612,816,27279,-63936300
21:01:23.255,0,-3.45,1,500,50000,500,50000,476,-39259,16669432,787,25732,-63936144
21:01:23.260,0,-3.46,1,500,50000,500,50000,436,-26598,16669342,676,27475,-63935956
21:01:23.265,0,-3.4,1,500,50000,500,50000,531,-15314,16669321,582,33614,-63935804
21:01:23.270,0,-3.32,1,500,50000,500,50000,516,-12581,16669272,630,30614,-63935676
21:01:23.275,0,-3.27,1,500,50000,500,50000,493,-16983,16669161,796,28170,-63935548
21:01:23.280,0,-3.29,1,500,50000,500,50000,502,-22932,16669029,837,21252,-63935468
21:01:23.285,0,-3.36,1,500,50000,500,50000,499,-29001,16668857,678,30230,-63935256
21:01:23.290,0,-3.47,1,500,50000,500,50000,501,-29869,16668717,731,29741,-63935116
21:01:23.296,0,-3.55,1,500,50000,500,50000,488,-31924,16668556,712,30524,-63934988
21:01:23.301,0,-3.59,1,500,50000,500,50000,516,-34206,16668354,830,25332,-63934872
21:01:23.306,0,-3.53,1,500,50000,500,50000,595,-35486,16668186,710,27743,-63934716
21:01:23.311,0,-3.46,1,500,50000,500,50000,514,-30333,16668037,490,37407,-63934492
21:01:23.316,0,-3.38,1,500,50000,500,50000,469,-25833,16667929,596,34901,-63934352
21:01:23.321,0,-3.32,1,500,50000,500,50000,588,-27007,16667773,692,29448,-63934224
21:01:23.326,0,-3.28,1,500,50000,500,50000,471,-26839,16667646,732,27705,-63934092
21:01:23.331,0,-3.26,1,500,50000,500,50000,503,-31519,16667482,631,31496,-63933896
21:01:23.336,0,-3.26,1,500,50000,500,50000,489,-35465,16667269,542,39174,-63933724
21:01:23.341,0,-3.26,1,500,50000,500,50000,439,-37066,16667086,714,28778,-63933628
21:01:23.346,0,-3.23,1,500,50000,500,50000,484,-35897,16666921,827,26309,-63933472
21:01:23.351,0,-3.19,1,500,50000,500,50000,491,-27377,16666812,864,26702,-63933292
21:01:23.356,0,-3.14,1,500,50000,500,50000,492,-20796,16666742,616,32943,-63933124
21:01:23.361,0,-3.11,1,500,50000,500,50000,502,-21176,16666620,645,32024,-63932988
21:01:23.366,0,-3.12,1,500,50000,500,50000,437,-27566,16666468,782,27786,-63932864
21:01:23.371,0,-3.16,1,500,50000,500,50000,513,-27075,16666345,826,23485,-63932732
21:01:23.377,0,-3.22,1,500,50000,500,50000,516,-26603,16666201,569,33831,-63932544
21:01:23.382,0,-3.28,1,500,50000,500,50000,501,-19882,16666136,647,31289,-63932416
21:01:23.387,0,-3.33,1,500,50000,500,50000,495,-16787,16666053,811,22569,-63932336
21:01:23.392,0,-3.38,1,500,50000,500,50000,553,-20467,16665945,829,23413,-63932208
21:01:23.397,0,-3.44,1,500,50000,500,50000,527,-24064,16665821,725,30310,-63932028
21:01:23.402,0,-3.5,1,500,50000,500,50000,516,-29620,16665642,761,29019,-63931908
21:01:23.407,0,-3.56,1,500,50000,500,50000,467,-29087,16665489,900,25555,-63931788
21:01:23.412,0,-3.59,1,500,50000,500,50000,505,-27142,16665369,831,23905,-63931668
21:01:23.417,0,-3.59,1,500,50000,500,50000,500,-27260,16665225,741,28182,-63931500
21:01:23.422,0,-3.57,1,500,50000,500,50000,476,-21243,16665157,671,31833,-63931340
21:01:23.427,0,-3.55,1,500,50000,500,50000,489,-16790,16665082,942,23622,-63931292
21:01:23.432,0,-3.55,1,500,50000,500,50000,506,-18283,16664992,975,21979,-63931164
21:01:23.438,0,-3.58,1,500,50000,500,50000,563,-19849,16664869,901,22835,-63931020
21:01:23.443,0,-3.63,1,500,50000,500,50000,553,-24401,16664728,788,28012,-63930848
21:01:23.448,0,-3.69,1,500,50000,500,50000,560,-29831,16664565,653,31966,-63930716
21:01:23.453,0,-3.74,1,500,50000,500,50000,510,-42561,16664281,804,26829,-63930608
21:01:23.458,0,-3.74,1,500,50000,500,50000,463,-48248,16663989,777,26280,-63930420
21:01:23.463,0,-3.67,1,500,50000,500,50000,515,-41206,16663788,697,29156,-63930272
21:01:23.468,0,-3.55,1,500,50000,500,50000,485,-25969,16663728,621,32423,-63930088
21:01:23.473,0,-3.4,1,500,50000,500,50000,533,-17037,16663676,764,29329,-63929992
21:01:23.478,0,-3.28,1,500,50000,500,50000,557,-15981,16663624,878,24106,-63929900
21:01:23.484,0,-3.24,1,500,50000,500,50000,532,-27358,16663445,586,30606,-63929712
21:01:23.489,0,-3.28,1,500,50000,500,50000,518,-42039,16663188,545,33490,-63929532
21:01:23.494,0,-3.35,1,500,50000,500,50000,470,-52753,16662837,731,30902,-63929420
21:01:23.499,0,-3.38,1,500,50000,500,50000,431,-40694,16662680,792,24296,-63929284
21:01:23.504,0,-3.34,1,500,50000,500,50000,518,-20191,16662673,774,24814,-63929116
21:01:23.509,0,-3.25,1,500,50000,500,50000,530,-9338,16662664,830,25857,-63929000
21:01:23.514,0,-3.16,1,500,50000,500,50000,522,-9531,16662620,825,25060,-63928872
21:01:23.519,0,-3.16,1,500,50000,500,50000,509,-17745,16662496,876,23864,-63928748
21:01:23.524,0,-3.26,1,500,50000,500,50000,509,-28078,16662329,841,25326,-63928620
21:01:23.529,0,-3.41,1,500,50000,500,50000,473,-35861,16662133,734,29299,-63928464
21:01:23.535,0,-3.55,1,500,50000,500,50000,482,-39859,16661897,754,26830,-63928356
21:01:23.540,0,-3.61,1,500,50000,500,50000,486,-30316,16661788,788,27340,-63928204
21:01:23.545,0,-3.59,1,500,50000,500,50000,516,-17715,16661741,766,25416,-63928072
21:01:23.550,0,-3.54,1,500,50000,500,50000,504,-11801,16661716,822,25332,-63927960
21:01:23.555,0,-3.5,1,500,50000,500,50000,508,-14924,16661640,929,23608,-63927836
21:01:23.560,0,-3.53,1,500,50000,500,50000,454,-23194,16661485,929,21933,-63927708
21:01:23.565,0,-3.61,1,500,50000,500,50000,485,-30594,16661313,762,28724,-63927548
21:01:23.570,0,-3.71,1,500,50000,500,50000,479,-36025,16661096,758,28205,-63927408
21:01:23.575,0,-3.79,1,500,50000,500,50000,466,-41319,16660880,821,26166,-63927276
21:01:23.580,0,-3.79,1,500,50000,500,50000,517,-42544,16660637,775,26828,-63927140
21:01:23.585,0,-3.72,1,500,50000,500,50000,489,-34649,16660508,625,31956,-63926956
21:01:23.590,0,-3.6,1,500,50000,500,50000,555,-20658,16660469,786,28190,-63926840
21:01:23.595,0,-3.48,1,500,50000,500,50000,500,-17852,16660385,838,24993,-63926732
21:01:23.600,0,-3.4,1,500,50000,500,50000,516,-18819,16660297,667,30653,-63926548
21:01:23.606,0,-3.39,1,500,50000,500,50000,502,-31464,16660073,673,31933,-63926400
21:01:23.611,0,-3.43,1,500,50000,500,50000,463,-44221,16659812,787,29414,-63926268
21:01:23.616,0,-3.51,1,500,50000,500,50000,484,-51794,16659537,699,29384,-63926132
21:01:23.621,0,-3.46,1,500,50000,500,50000,472,-37485,16659376,569,33318,-63925944
21:01:23.626,0,-3.36,1,500,50000,500,50000,507,-21833,16659333,610,30978,-63925796
21:01:23.631,0,-3.26,1,500,50000,500,50000,514,-12823,16659300,785,25521,-63925692
21:01:23.636,0,-3.23,1,500,50000,500,50000,508,-12833,16659241,906,22565,-63925596
21:01:23.641,0,-3.29,1,500,50000,500,50000,513,-23135,16659081,801,24788,-63925444
21:01:23.646,0,-3.39,1,500,50000,500,50000,487,-31116,16658905,785,27975,-63925296
21:01:23.651,0,-3.48,1,500,50000,500,50000,451,-36432,16658677,906,23628,-63925208
21:01:23.656,0,-3.52,1,500,50000,500,50000,489,-35323,16658512,917,22025,-63925076
21:01:23.661,0,-3.49,1,500,50000,500,50000,654,-21380,16658445,858,23120,-63924940
21:01:23.666,0,-3.43,1,500,50000,500,50000,521,-11601,16658424,911,23069,-63924812
21:01:23.671,0,-3.41,1,500,50000,500,50000,528,-9499,16658396,933,21232,-63924736
21:01:23.676,0,-3.46,1,500,50000,500,50000,531,-15804,16658293,925,23556,-63924604
21:01:23.681,0,-3.56,1,500,50000,500,50000,513,-22078,16658165,862,25251,-63924472
21:01:23.686,0,-3.68,1,500,50000,500,50000,479,-30098,16657968,975,20205,-63924408
21:01:23.691,0,-3.75,1,500,50000,500,50000,493,-33922,16657797,851,22858,-63924252
21:01:23.696,0,-3.77,1,500,50000,500,50000,455,-36561,16657585,715,29123,-63924068
21:01:23.702,0,-3.71,1,500,50000,500,50000,506,-32335,16657452,746,27546,-63923940
21:01:23.707,0,-3.64,1,500,50000,500,50000,497,-17729,16657413,941,22855,-63923868
21:01:23.712,0,-3.57,1,500,50000,500,50000,507,-12601,16657366,989,22027,-63923736
21:01:23.717,0,-3.55,1,500,50000,500,50000,543,-14851,16657293,978,21455,-63923616
21:01:23.722,0,-3.6,1,500,50000,500,50000,581,-20553,16657161,715,29839,-63923448
21:01:23.727,0,-3.68,1,500,50000,500,50000,503,-24653,16657032,818,27210,-63923336
21:01:23.732,0,-3.76,1,500,50000,500,50000,563,-31190,16656834,763,27354,-63923192
21:01:23.737,0,-3.81,1,500,50000,500,50000,460,-33775,16656657,839,26821,-63923084
21:01:23.742,0,-3.79,1,500,50000,500,50000,482,-38151,16656460,754,23311,-63922960
21:01:23.747,0,-3.72,1,500,50000,500,50000,507,-29844,16656329,671,29766,-63922764
21:01:23.752,0,-3.62,1,500,50000,500,50000,502,-27489,16656210,737,29877,-63922652
21:01:23.757,0,-3.54,1,500,50000,500,50000,488,-20040,16656129,939,24129,-63922544
21:01:23.762,0,-3.5,1,500,50000,500,50000,524,-19376,16656040,758,24881,-63922408
21:01:23.767,0,-3.5,1,500,50000,500,50000,586,-23363,16655908,654,32219,-63922220
21:01:23.772,0,-3.53,1,500,50000,500,50000,496,-33254,16655689,734,30506,-63922088
21:01:23.777,0,-3.56,1,500,50000,500,50000,448,-43173,16655450,833,25920,-63921996
21:01:23.783,0,-3.55,1,500,50000,500,50000,508,-42731,16655213,800,25101,-63921836
21:01:23.788,0,-3.49,1,500,50000,500,50000,465,-33465,16655093,623,29847,-63921644
21:01:23.793,0,-3.4,1,500,50000,500,50000,509,-20743,16655050,736,30194,-63921528
21:01:23.798,0,-3.31,1,500,50000,500,50000,505,-13431,16655004,906,24411,-63921416
21:01:23.803,0,-3.27,1,500,50000,500,50000,566,-16935,16654901,924,23133,-63921288
21:01:23.808,0,-3.31,1,500,50000,500,50000,520,-25899,16654744,850,28436,-63921140
21:01:23.813,0,-3.38,1,500,50000,500,50000,458,-32075,16654565,799,29733,-63920988
21:01:23.818,0,-3.45,1,500,50000,500,50000,474,-36122,16654374,835,23841,-63920904
21:01:23.823,0,-3.48,1,500,50000,500,50000,502,-28521,16654240,736,27844,-63920728
21:01:23.828,0,-3.46,1,500,50000,500,50000,525,-17664,16654206,701,31175,-63920576
21:01:23.833,0,-3.43,1,500,50000,500,50000,551,-9703,16654169,851,22249,-63920448
21:01:23.838,0,-3.43,1,500,50000,500,50000,550,-12559,16654116,934,24203,-63920380
21:01:23.844,0,-3.49,1,500,50000,500,50000,535,-23068,16653969,996,20765,-63920268
21:01:23.849,0,-3.59,1,500,50000,500,50000,505,-30973,16653769,855,22845,-63920112
21:01:23.854,0,-3.68,1,500,50000,500,50000,433,-35926,16653577,597,31554,-63919904
21:01:23.859,0,-3.72,1,500,50000,500,50000,458,-36584,16653368,738,30880,-63919792
21:01:23.864,0,-3.7,1,500,50000,500,50000,445,-29925,16653252,757,28036,-63919652
21:01:23.869,0,-3.63,1,500,50000,500,50000,504,-14710,16653248,903,22110,-63919552
21:01:23.874,0,-3.57,1,500,50000,500,50000,534,-8754,16653228,732,29456,-63919388
21:01:23.879,0,-3.55,1,500,50000,500,50000,518,-8874,16653190,841,25022,-63919292
21:01:23.884,0,-3.62,1,500,50000,500,50000,504,-15620,16653081,755,33637,-63919120
21:01:23.889,0,-3.74,1,500,50000,500,50000,477,-21900,16652957,829,25270,-63919036
21:01:23.894,0,-3.87,1,500,50000,500,50000,506,-26675,16652809,947,22793,-63918940
21:01:23.899,0,-3.97,1,500,50000,500,50000,523,-32827,16652604,822,25865,-63918776
21:01:23.904,0,-4.01,1,500,50000,500,50000,499,-39040,16652376,666,30648,-63918600
21:01:23.909,0,-3.98,1,500,50000,500,50000,467,-42937,16652166,652,31344,-63918456
21:01:23.914,0,-3.89,1,500,50000,500,50000,502,-40586,16651946,806,26320,-63918364
21:01:23.919,0,-3.77,1,500,50000,500,50000,428,-32302,16651832,793,26774,-63918208
21:01:23.924,0,-3.63,1,500,50000,500,50000,524,-17495,16651793,757,27291,-63918048
21:01:23.930,0,-3.52,1,500,50000,500,50000,548,-12944,16651753,780,28954,-63917932
21:01:23.935,0,-3.47,1,500,50000,500,50000,461,-20269,16651606,760,28703,-63917772
21:01:23.940,0,-3.49,1,500,50000,500,50000,501,-30605,16651406,807,30306,-63917624
21:01:23.945,0,-3.55,1,500,50000,500,50000,493,-44527,16651145,837,24728,-63917508
21:01:23.950,0,-3.62,1,500,50000,500,50000,420,-52167,16650821,714,29676,-63917344
21:01:23.955,0,-3.61,1,500,50000,500,50000,495,-39414,16650689,593,34425,-63917156
21:01:23.960,0,-3.53,1,500,50000,500,50000,507,-22926,16650648,897,25489,-63917096
21:01:23.965,0,-3.4,1,500,50000,500,50000,572,-12040,16650642,846,21349,-63917000
21:01:23.970,0,-3.29,1,500,50000,500,50000,544,-12164,16650586,920,23503,-63916848
21:01:23.975,0,-3.26,1,500,50000,500,50000,519,-15292,16650506,780,27383,-63916700
21:01:23.980,0,-3.31,1,500,50000,500,50000,476,-25822,16650321,908,24374,-63916616
21:01:23.985,0,-3.42,1,500,50000,500,50000,480,-34173,16650120,899,22097,-63916484
21:01:23.990,0,-3.52,1,500,50000,500,50000,483,-38855,16649882,795,25586,-63916312
21:01:23.995,0,-3.57,1,500,50000,500,50000,485,-32586,16649753,677,31876,-63916156
21:01:24.000,0,-3.54,1,500,50000,500,50000,490,-18694,16649717,760,28766,-63916032
21:01:24.005,0,-3.49,1,500,50000,500,50000,511,-9997,16649684,995,22979,-63915952
21:01:24.010,0,-3.45,1,500,50000,500,50000,502,-13042,16649608,885,22013,-63915812
21:01:24.015,0,-3.47,1,500,50000,500,50000,537,-19990,16649477,733,29227,-63915628
21:01:24.021,0,-3.55,1,500,50000,500,50000,502,-26801,16649318,809,27218,-63915532
21:01:24.026,0,-3.66,1,500,50000,500,50000,472,-28856,16649137,801,27287,-63915384
21:01:24.031,0,-3.81,1,500,50000,500,50000,476,-23497,16649041,879,23742,-63915264
21:01:24.036,0,-3.84,1,500,50000,500,50000,505,-18885,16648973,734,29205,-63915116
21:01:24.041,0,-3.85,1,500,50000,500,50000,519,-20581,16648861,724,30864,-63914968
21:01:24.046,0,-3.88,1,500,50000,500,50000,525,-26002,16648713,869,25293,-63914872
21:01:24.051,0,-3.9,1,500,50000,500,50000,460,-37073,16648457,846,25065,-63914744
21:01:24.056,0,-3.9,1,500,50000,500,50000,487,-40727,16648246,708,30989,-63914548
21:01:24.061,0,-3.86,1,500,50000,500,50000,485,-38433,16648072,671,31104,-63914428
21:01:24.066,0,-3.78,1,500,50000,500,50000,500,-35781,16647872,866,28153,-63914284
21:01:24.071,0,-3.68,1,500,50000,500,50000,491,-39185,16647669,904,25771,-63914136
21:01:24.076,0,-3.58,1,500,50000,500,50000,515,-38939,16647448,703,28235,-63913964
21:01:24.081,0,-3.49,1,500,50000,500,50000,450,-33421,16647316,577,33199,-63913808
21:01:24.086,0,-3.43,1,500,50000,500,50000,495,-26552,16647217,863,26854,-63913696
21:01:24.091,0,-3.4,1,500,50000,500,50000,491,-23313,16647105,966,23422,-63913552
21:01:24.096,0,-3.4,1,500,50000,500,50000,513,-28301,16646953,631,30979,-63913372
21:01:24.101,0,-3.43,1,500,50000,500,50000,503,-36646,16646728,653,33600,-63913212
21:01:24.106,0,-3.45,1,500,50000,500,50000,493,-42717,16646505,691,30831,-63913076
21:01:24.112,0,-3.44,1,500,50000,500,50000,502,-47137,16646266,807,24706,-63912964
21:01:24.117,0,-3.37,1,500,50000,500,50000,480,-40514,16646061,705,30833,-63912796
21:01:24.122,0,-3.28,1,500,50000,500,50000,501,-27341,16645992,667,30136,-63912656
21:01:24.127,0,-3.19,1,500,50000,500,50000,522,-14735,16645960,828,29464,-63912524
21:01:24.132,0,-3.16,1,500,50000,500,50000,528,-13101,16645900,1049,21702,-63912432
21:01:24.137,0,-3.22,1,500,50000,500,50000,515,-20613,16645782,800,26167,-63912284
21:01:24.142,0,-3.32,1,500,50000,500,50000,486,-32997,16645560,766,30817,-63912120
21:01:24.147,0,-3.42,1,500,50000,500,50000,472,-40948,16645330,740,30225,-63911976
21:01:24.152,0,-3.47,1,500,50000,500,50000,421,-37096,16645132,807,25283,-63911888
21:01:24.157,0,-3.47,1,500,50000,500,50000,479,-23145,16645076,745,25699,-63911724
21:01:24.162,0,-3.43,1,500,50000,500,50000,611,-12460,16645056,730,31443,-63911544
21:01:24.167,0,-3.42,1,500,50000,500,50000,491,-9863,16645020,801,28440,-63911436
21:01:24.172,0,-3.48,1,500,50000,500,50000,524,-13709,16644944,993,21269,-63911372
21:01:24.177,0,-3.6,1,500,50000,500,50000,529,-20220,16644809,888,22808,-63911228
21:01:24.182,0,-3.75,1,500,50000,500,50000,516,-27754,16644652,714,30536,-63911044
21:01:24.187,0,-3.86,1,500,50000,500,50000,491,-34095,16644440,867,29641,-63910924
21:01:24.192,0,-3.91,1,500,50000,500,50000,513,-35571,16644272,911,21370,-63910856
21:01:24.197,0,-3.91,1,500,50000,500,50000,518,-30709,16644124,752,28401,-63910664
21:01:24.203,0,-3.86,1,500,50000,500,50000,488,-27475,16644017,740,29415,-63910516
21:01:24.208,0,-3.81,1,500,50000,500,50000,483,-24734,16643896,823,27640,-63910420
21:01:24.213,0,-3.77,1,500,50000,500,50000,529,-29345,16643737,886,24992,-63910292
21:01:24.218,0,-3.75,1,500,50000,500,50000,461,-40295,16643485,877,24026,-63910140
21:01:24.223,0,-3.73,1,500,50000,500,50000,502,-48288,16643224,552,36281,-63909936
21:01:24.228,0,-3.67,1,500,50000,500,50000,485,-51786,16642916,691,33827,-63909788
21:01:24.233,0,-3.57,1,500,50000,500,50000,462,-44720,16642729,870,27248,-63909660
21:01:24.238,0,-3.43,1,500,50000,500,50000,506,-35315,16642594,691,28548,-63909504
21:01:24.243,0,-3.28,1,500,50000,500,50000,506,-29581,16642457,641,31726,-63909320
21:01:24.249,0,-3.18,1,500,50000,500,50000,483,-27238,16642349,801,28444,-63909228
21:01:24.254,0,-3.13,1,500,50000,500,50000,588,-29078,16642185,908,24382,-63909100
21:01:24.259,0,-3.13,1,500,50000,500,50000,566,-33297,16642012,855,24600,-63908944
21:01:24.264,0,-3.15,1,500,50000,500,50000,469,-31406,16641873,676,29911,-63908780
21:01:24.269,0,-3.17,1,500,50000,500,50000,493,-21488,16641784,696,29512,-63908648
21:01:24.274,0,-3.19,1,500,50000,500,50000,464,-16217,16641713,860,24259,-63908540
21:01:24.279,0,-3.22,1,500,50000,500,50000,586,-19002,16641617,929,21546,-63908440
21:01:24.284,0,-3.27,1,500,50000,500,50000,504,-26283,16641476,792,27319,-63908260
21:01:24.290,0,-3.35,1,500,50000,500,50000,520,-34741,16641257,658,32869,-63908072
21:01:24.295,0,-3.42,1,500,50000,500,50000,475,-41901,16641021,765,29380,-63907980
21:01:24.300,0,-3.46,1,500,50000,500,50000,444,-33190,16640900,838,27727,-63907808
21:01:24.305,0,-3.45,1,500,50000,500,50000,478,-13202,16640900,763,28357,-63907680
21:01:24.310,0,-3.44,1,500,50000,500,50000,407,-7207,16640889,785,29706,-63907532
21:01:24.315,0,-3.46,1,500,50000,500,50000,549,-9097,16640821,824,26764,-63907364
21:01:24.320,0,-3.54,1,500,50000,500,50000,465,-9445,16640789,942,20531,-63907352
21:01:24.325,0,-3.67,1,500,50000,500,50000,534,-14380,16640704,862,26917,-63907180
21:01:24.330,0,-3.84,1,500,50000,500,50000,516,-19142,16640584,746,29867,-63907028
21:01:24.335,0,-3.98,1,500,50000,500,50000,445,-26742,16640433,918,26932,-63906924
21:01:24.340,0,-4.09,1,500,50000,500,50000,514,-40133,16640166,917,20509,-63906844
21:01:24.345,0,-4.12,1,500,50000,500,50000,502,-58003,16639821,733,30777,-63906632
21:01:24.350,0,-4.07,1,500,50000,500,50000,462,-58400,16639545,667,30832,-63906476
21:01:24.355,0,-3.94,1,500,50000,500,50000,460,-46013,16639337,710,31514,-63906308
21:01:24.360,0,-3.74,1,500,50000,500,50000,468,-32503,16639209,788,28462,-63906204
21:01:24.365,0,-3.52,1,500,50000,500,50000,494,-25361,16639124,716,28670,-63906040
21:01:24.370,0,-3.35,1,500,50000,500,50000,524,-27512,16638974,686,33724,-63905852
21:01:24.376,0,-3.26,1,500,50000,500,50000,512,-34467,16638793,829,28690,-63905760
21:01:24.381,0,-3.24,1,500,50000,500,50000,463,-39708,16638557,796,27646,-63905596
21:01:24.386,0,-3.25,1,500,50000,500,50000,449,-33814,16638425,750,28253,-63905440
21:01:24.391,0,-3.23,1,500,50000,500,50000,500,-27387,16638296,742,29225,-63905276
21:01:24.396,0,-3.2,1,500,50000,500,50000,474,-20017,16638233,831,27705,-63905180
21:01:24.401,0,-3.19,1,500,50000,500,50000,469,-17999,16638140,895,25274,-63905052
21:01:24.406,0,-3.22,1,500,50000,500,50000,521,-21689,16638005,964,23712,-63904924
21:01:24.411,0,-3.25,1,500,50000,500,50000,516,-30739,16637824,873,25463,-63904772
21:01:24.416,0,-3.28,1,500,50000,500,50000,455,-37261,16637592,725,32879,-63904604
21:01:24.421,0,-3.28,1,500,50000,500,50000,499,-30745,16637441,694,31024,-63904436
21:01:24.426,0,-3.25,1,500,50000,500,50000,642,-17802,16637380,860,26608,-63904316
21:01:24.431,0,-3.24,1,500,50000,500,50000,508,-16078,16637314,890,24707,-63904200
21:01:24.436,0,-3.26,1,500,50000,500,50000,518,-15257,16637241,766,27828,-63904044
21:01:24.441,0,-3.33,1,500,50000,500,50000,494,-17938,16637161,839,26791,-63903936
21:01:24.446,0,-3.42,1,500,50000,500,50000,465,-28477,16636961,739,27123,-63903800
21:01:24.451,0,-3.51,1,500,50000,500,50000,435,-25795,16636854,675,29746,-63903632
21:01:24.456,0,-3.58,1,500,50000,500,50000,503,-16411,16636798,638,32149,-63903468
21:01:24.461,0,-3.63,1,500,50000,500,50000,503,-10723,16636769,946,24358,-63903392
21:01:24.467,0,-3.71,1,500,50000,500,50000,501,-11716,16636714,951,20646,-63903272
21:01:24.472,0,-3.81,1,500,50000,500,50000,525,-14954,16636634,885,21316,-63903132
21:01:24.477,0,-3.93,1,500,50000,500,50000,526,-20309,16636524,768,28845,-63902972
21:01:24.482,0,-4.04,1,500,50000,500,50000,536,-23025,16636401,670,30943,-63902820
21:01:24.487,0,-4.11,1,500,50000,500,50000,496,-29714,16636201,808,26163,-63902744
21:01:24.492,0,-4.12,1,500,50000,500,50000,491,-33667,16636029,937,23299,-63902616
21:01:24.497,0,-4.08,1,500,50000,500,50000,504,-37513,16635812,876,21512,-63902476
21:01:24.502,0,-4.0,1,500,50000,500,50000,523,-44673,16635577,560,37740,-63902236
21:01:24.507,0,-3.89,1,500,50000,500,50000,503,-52860,16635297,499,42056,-63902040
21:01:24.512,0,-3.74,1,500,50000,500,50000,470,-54369,16634980,687,34968,-63901916
21:01:24.517,0,-3.56,1,500,50000,500,50000,539,-45220,16634801,796,25027,-63901824
21:01:24.522,0,-3.37,1,500,50000,500,50000,483,-34007,16634650,654,31145,-63901600
21:01:24.527,0,-3.21,1,500,50000,500,50000,485,-25896,16634565,506,37089,-63901384
21:01:24.532,0,-3.13,1,500,50000,500,50000,438,-19021,16634492,766,33592,-63901288
21:01:24.537,0,-3.12,1,500,50000,500,50000,538,-20518,16634393,977,24973,-63901180
21:01:24.542,0,-3.17,1,500,50000,500,50000,519,-26904,16634249,916,20656,-63901044
21:01:24.547,0,-3.25,1,500,50000,500,50000,524,-37985,16633997,589,33503,-63900828
21:01:24.552,0,-3.29,1,500,50000,500,50000,456,-44001,16633761,559,38908,-63900636
21:01:24.558,0,-3.27,1,500,50000,500,50000,469,-42438,16633526,807,29453,-63900540
21:01:24.563,0,-3.21,1,500,50000,500,50000,475,-31754,16633416,784,26323,-63900376
21:01:24.568,0,-3.14,1,500,50000,500,50000,518,-20107,16633368,621,33557,-63900188
21:01:24.573,0,-3.1,1,500,50000,500,50000,525,-12270,16633333,695,31217,-63900056
21:01:24.578,0,-3.13,1,500,50000,500,50000,504,-16208,16633244,855,27088,-63899932
21:01:24.583,0,-3.22,1,500,50000,500,50000,510,-26563,16633065,776,26736,-63899800
21:01:24.588,0,-3.33,1,500,50000,500,50000,496,-33138,16632889,667,35350,-63899592
21:01:24.593,0,-3.42,1,500,50000,500,50000,471,-25979,16632768,691,33956,-63899456
21:01:24.598,0,-3.48,1,500,50000,500,50000,475,-16521,16632729,855,27336,-63899336
21:01:24.603,0,-3.51,1,500,50000,500,50000,508,-8651,16632712,715,26683,-63899208
21:01:24.608,0,-3.58,1,500,50000,500,50000,532,-7983,16632681,729,29322,-63899052
21:01:24.613,0,-3.69,1,500,50000,500,50000,467,-11936,16632600,700,32984,-63898888
21:01:24.618,0,-3.83,1,500,50000,500,50000,451,-21977,16632441,940,25961,-63898828
21:01:24.623,0,-3.96,1,500,50000,500,50000,501,-28528,16632280,974,23851,-63898696
21:01:24.628,0,-4.05,1,500,50000,500,50000,478,-32785,16632089,932,23309,-63898552
21:01:24.633,0,-4.07,1,500,50000,500,50000,531,-34043,16631929,782,25752,-63898388
21:01:24.638,0,-4.02,1,500,50000,500,50000,502,-35146,16631737,734,30975,-63898248
21:01:24.643,0,-3.93,1,500,50000,500,50000,479,-41156,16631494,919,25128,-63898136
21:01:24.649,0,-3.81,1,500,50000,500,50000,577,-50574,16631225,763,29675,-63897932
21:01:24.654,0,-3.67,1,500,50000,500,50000,492,-53192,16630928,530,37165,-63897708
21:01:24.659,0,-3.51,1,500,50000,500,50000,459,-43521,16630764,633,35884,-63897584
21:01:24.664,0,-3.34,1,500,50000,500,50000,492,-27083,16630668,798,26910,-63897468
21:01:24.669,0,-3.2,1,500,50000,500,50000,496,-20227,16630601,781,29306,-63897304
21:01:24.674,0,-3.12,1,500,50000,500,50000,501,-18285,16630528,681,36017,-63897112
21:01:24.679,0,-3.13,1,500,50000,500,50000,516,-23592,16630377,685,31184,-63896988
21:01:24.684,0,-3.19,1,500,50000,500,50000,477,-34196,16630172,845,25216,-63896892
21:01:24.689,0,-3.27,1,500,50000,500,50000,473,-41436,16629913,770,27017,-63896720
21:01:24.694,0,-3.31,1,500,50000,500,50000,494,-35826,16629761,596,33776,-63896512
21:01:24.699,0,-3.31,1,500,50000,500,50000,491,-26483,16629673,724,32844,-63896392
21:01:24.704,0,-3.29,1,500,50000,500,50000,502,-19645,16629589,867,25930,-63896288
21:01:24.709,0,-3.27,1,500,50000,500,50000,531,-21232,16629484,927,23967,-63896140
21:01:24.715,0,-3.3,1,500,50000,500,50000,397,-32917,16629260,712,31364,-63895960
21:01:24.720,0,-3.35,1,500,50000,500,50000,431,-43991,16628997,593,36757,-63895772
21:01:24.725,0,-3.39,1,500,50000,500,50000,441,-38302,16628820,822,29146,-63895676
21:01:24.730,0,-3.39,1,500,50000,500,50000,496,-17958,16628797,806,25003,-63895532
21:01:24.735,0,-3.37,1,500,50000,500,50000,544,-9747,16628789,746,28217,-63895348
21:01:24.740,0,-3.39,1,500,50000,500,50000,491,-6880,16628765,798,28411,-63895236
21:01:24.745,0,-3.47,1,500,50000,500,50000,517,-8771,16628720,838,27129,-63895108
21:01:24.750,0,-3.62,1,500,50000,500,50000,477,-14159,16628633,1024,20984,-63895040
21:01:24.755,0,-3.8,1,500,50000,500,50000,495,-18522,16628504,928,23570,-63894876
21:01:24.760,0,-3.97,1,500,50000,500,50000,543,-28698,16628330,747,28318,-63894696
21:01:24.765,0,-4.08,1,500,50000,500,50000,502,-46901,16628009,590,37478,-63894488
21:01:24.770,0,-4.1,1,500,50000,500,50000,490,-60541,16627665,814,27934,-63894428
21:01:24.775,0,-4.02,1,500,50000,500,50000,467,-66293,16627268,707,27711,-63894240
21:01:24.780,0,-3.83,1,500,50000,500,50000,465,-61958,16626994,524,37769,-63893980
21:01:24.785,0,-3.57,1,500,50000,500,50000,503,-48891,16626812,482,41154,-63893820
21:01:24.790,0,-3.29,1,500,50000,500,50000,478,-29578,16626713,745,28436,-63893708
21:01:24.795,0,-3.06,1,500,50000,500,50000,519,-19356,16626634,738,27758,-63893468
21:01:24.800,0,-2.93,1,500,50000,500,50000,527,-23222,16626504,749,29342,-63893308
21:01:24.806,0,-2.93,1,500,50000,500,50000,500,-22869,16626441,702,33108,-63893196
21:01:24.811,0,-3.02,1,500,50000,500,50000,466,-31658,16626236,811,26230,-63893068
21:01:24.816,0,-3.13,1,500,50000,500,50000,523,-38491,16626036,813,26366,-63892904
21:01:24.821,0,-3.27,1,500,50000,500,50000,468,-38426,16625829,544,36485,-63892700
21:01:24.826,0,-3.27,1,500,50000,500,50000,489,-30417,16625721,623,34529,-63892552
21:01:24.831,0,-3.27,1,500,50000,500,50000,474,-17760,16625674,816,27602,-63892440
21:01:24.836,0,-3.31,1,500,50000,500,50000,519,-12348,16625640,859,24837,-63892336
21:01:24.841,0,-3.39,1,500,50000,500,50000,575,-14197,16625562,753,28905,-63892172
21:01:24.846,0,-3.51,1,500,50000,500,50000,488,-19736,16625433,791,29093,-63892044
21:01:24.851,0,-3.62,1,500,50000,500,50000,345,-27521,16625272,903,27938,-63891912
21:01:24.856,0,-3.68,1,500,50000,500,50000,464,-42686,16624985,868,24813,-63891804
21:01:24.861,0,-3.68,1,500,50000,500,50000,462,-43541,16624777,701,32569,-63891596
21:01:24.866,0,-3.63,1,500,50000,500,50000,432,-23361,16624720,700,32383,-63891436
21:01:24.871,0,-3.57,1,500,50000,500,50000,509,-10962,16624721,856,26773,-63891352
21:01:24.876,0,-3.58,1,500,50000,500,50000,504,-7151,16624697,929,21472,-63891244
21:01:24.881,0,-3.66,1,500,50000,500,50000,516,-10685,16624633,862,25623,-63891088
21:01:24.886,0,-3.8,1,500,50000,500,50000,519,-17759,16624524,796,29757,-63890928
21:01:24.892,0,-3.94,1,500,50000,500,50000,541,-25430,16624353,1000,22266,-63890872
21:01:24.897,0,-4.04,1,500,50000,500,50000,493,-34151,16624156,924,21979,-63890724
21:01:24.902,0,-4.05,1,500,50000,500,50000,503,-49317,16623830,759,28401,-63890528
21:01:24.907,0,-3.96,1,500,50000,500,50000,482,-64485,16623417,564,37013,-63890304
21:01:24.912,0,-3.79,1,500,50000,500,50000,461,-60567,16623141,609,38111,-63890156
21:01:24.917,0,-3.55,1,500,50000,500,50000,463,-45058,16622936,749,32894,-63890012
21:01:24.922,0,-3.31,1,500,50000,500,50000,488,-30023,16622856,830,26005,-63889868
21:01:24.927,0,-3.13,1,500,50000,500,50000,541,-19918,16622809,549,34908,-63889656
21:01:24.932,0,-3.06,1,500,50000,500,50000,514,-20374,16622713,621,37151,-63889512
21:01:24.937,0,-3.08,1,500,50000,500,50000,484,-27776,16622553,723,32959,-63889372
21:01:24.942,0,-3.15,1,500,50000,500,50000,471,-36615,16622317,855,26259,-63889224
21:01:24.947,0,-3.22,1,500,50000,500,50000,501,-41160,16622105,538,34473,-63889024
21:01:24.952,0,-3.24,1,500,50000,500,50000,495,-37597,16621944,473,37751,-63888832
21:01:24.957,0,-3.21,1,500,50000,500,50000,442,-30040,16621802,744,30896,-63888744
21:01:24.962,0,-3.16,1,500,50000,500,50000,445,-26728,16621688,844,25807,-63888596
21:01:24.967,0,-3.13,1,500,50000,500,50000,484,-22000,16621580,756,27503,-63888412
21:01:24.972,0,-3.14,1,500,50000,500,50000,490,-22001,16621476,641,33934,-63888244
21:01:24.977,0,-3.19,1,500,50000,500,50000,457,-23951,16621352,726,31683,-63888108
21:01:24.983,0,-3.25,1,500,50000,500,50000,492,-31415,16621148,855,26313,-63887984
21:01:24.988,0,-3.29,1,500,50000,500,50000,570,-33497,16620982,725,26933,-63887836
21:01:24.993,0,-3.31,1,500,50000,500,50000,469,-35440,16620768,550,34719,-63887612
21:01:24.998,0,-3.3,1,500,50000,500,50000,480,-25705,16620681,566,38074,-63887428
21:01:25.003,0,-3.28,1,500,50000,500,50000,495,-17084,16620629,753,31552,-63887308
21:01:25.008,0,-3.3,1,500,50000,500,50000,527,-12049,16620590,846,23021,-63887232
21:01:25.013,0,-3.37,1,500,50000,500,50000,522,-13784,16620530,778,26746,-63887048
21:01:25.018,0,-3.5,1,500,50000,500,50000,521,-19379,16620409,668,33821,-63886860
21:01:25.023,0,-3.63,1,500,50000,500,50000,519,-28253,16620241,755,31426,-63886732
21:01:25.028,0,-3.74,1,500,50000,500,50000,487,-36903,16620033,882,24649,-63886644
21:01:25.033,0,-3.78,1,500,50000,500,50000,476,-39945,16619801,837,28059,-63886468
21:01:25.038,0,-3.74,1,500,50000,500,50000,479,-44178,16619573,753,25294,-63886324
21:01:25.043,0,-3.63,1,500,50000,500,50000,527,-45612,16619321,545,35517,-63886076
21:01:25.048,0,-3.48,1,500,50000,500,50000,436,-42078,16619100,578,38557,-63885928
21:01:25.053,0,-3.32,1,500,50000,500,50000,465,-32305,16618989,763,29698,-63885800
21:01:25.058,0,-3.2,1,500,50000,500,50000,475,-20661,16618922,860,25391,-63885648
21:01:25.063,0,-3.14,1,500,50000,500,50000,533,-15316,16618876,645,33330,-63885452
21:01:25.069,0,-3.16,1,500,50000,500,50000,499,-18985,16618761,662,34483,-63885296
21:01:25.074,0,-3.23,1,500,50000,500,50000,525,-27053,16618605,751,32901,-63885164
21:01:25.079,0,-3.32,1,500,50000,500,50000,456,-40997,16618324,892,27181,-63885036
21:01:25.084,0,-3.36,1,500,50000,500,50000,487,-44596,16618108,642,33294,-63884844
21:01:25.089,0,-3.35,1,500,50000,500,50000,497,-33388,16617962,520,37302,-63884644
21:01:25.094,0,-3.3,1,500,50000,500,50000,425,-20201,16617900,580,35191,-63884508
21:01:25.099,0,-3.26,1,500,50000,500,50000,560,-14040,16617865,861,27365,-63884404
21:01:25.104,0,-3.27,1,500,50000,500,50000,509,-17059,16617768,919,21665,-63884312
21:01:25.109,0,-3.34,1,500,50000,500,50000,529,-24837,16617625,763,30185,-63884104
21:01:25.109,0,-3.34,1,500,50000,500,50000,495,-44638,16617306,676,34432,-63883956
21:01:25.114,0,-3.43,1,500,50000,500,50000,454,-55903,16616985,844,30655,-63883824
21:01:25.119,0,-3.5,1,500,50000,500,50000,445,-56020,16616709,761,27357,-63883652
21:01:25.124,0,-3.47,1,500,50000,500,50000,505,-25983,16616677,537,34990,-63883448
21:01:25.129,0,-3.37,1,500,50000,500,50000,526,-12086,16616677,587,36521,-63883280
21:01:25.134,0,-3.24,1,500,50000,500,50000,516,-7794,16616653,797,29061,-63883172
21:01:25.139,0,-3.16,1,500,50000,500,50000,501,-13245,16616572,983,22194,-63883096
21:01:25.145,0,-3.19,1,500,50000,500,50000,509,-19053,16616464,853,25281,-63882928
21:01:25.150,0,-3.32,1,500,50000,500,50000,502,-31818,16616244,690,33298,-63882760
21:01:25.155,0,-3.5,1,500,50000,500,50000,543,-46541,16615965,761,31547,-63882616
21:01:25.160,0,-3.64,1,500,50000,500,50000,570,-56670,16615610,789,28054,-63882460
21:01:25.165,0,-3.7,1,500,50000,500,50000,454,-49884,16615393,493,35275,-63882244
21:01:25.170,0,-3.64,1,500,50000,500,50000,489,-34589,16615289,451,42728,-63882032
21:01:25.175,0,-3.5,1,500,50000,500,50000,471,-19945,16615225,717,32554,-63881920
21:01:25.180,0,-3.33,1,500,50000,500,50000,516,-16695,16615160,835,24688,-63881812
21:01:25.185,0,-3.21,1,500,50000,500,50000,489,-28829,16614968,635,31091,-63881600
21:01:25.190,0,-3.18,1,500,50000,500,50000,535,-42051,16614721,429,41474,-63881360
21:01:25.195,0,-3.23,1,500,50000,500,50000,469,-48420,16614464,609,38000,-63881240
21:01:25.200,0,-3.32,1,500,50000,500,50000,444,-41749,16614254,821,25553,-63881136
21:01:25.206,0,-3.37,1,500,50000,500,50000,494,-32738,16614137,827,22762,-63880956
21:01:25.211,0,-3.35,1,500,50000,500,50000,551,-28010,16614009,592,34185,-63880700
21:01:25.216,0,-3.24,1,500,50000,500,50000,509,-27774,16613881,588,40160,-63880556
21:01:25.221,0,-3.22,1,500,50000,500,50000,479,-37591,16613657,783,30775,-63880444
21:01:25.226,0,-3.22,1,500,50000,500,50000,493,-41897,16613396,819,25173,-63880296
21:01:25.231,0,-3.23,1,500,50000,500,50000,492,-41533,16613205,536,36856,-63880076
21:01:25.236,0,-3.21,1,500,50000,500,50000,482,-32219,16613065,582,39499,-63879888
21:01:25.241,0,-3.17,1,500,50000,500,50000,494,-30798,16612906,698,32303,-63879776
21:01:25.246,0,-3.13,1,500,50000,500,50000,512,-29952,16612773,810,26432,-63879644
21:01:25.251,0,-3.1,1,500,50000,500,50000,495,-32700,16612585,728,30838,-63879432
21:01:25.256,0,-3.1,1,500,50000,500,50000,478,-27587,16612476,592,36819,-63879260
21:01:25.261,0,-3.13,1,500,50000,500,50000,487,-17134,16612420,822,30161,-63879144
21:01:25.266,0,-3.19,1,500,50000,500,50000,507,-13559,16612377,980,22739,-63879036
21:01:25.271,0,-3.27,1,500,50000,500,50000,550,-16527,16612265,937,22381,-63878864
21:01:25.276,0,-3.4,1,500,50000,500,50000,524,-31797,16612040,743,31088,-63878656
21:01:25.281,0,-3.53,1,500,50000,500,50000,483,-41484,16611868,792,27609,-63878584
21:01:25.287,0,-3.64,1,500,50000,500,50000,471,-58185,16611529,806,29516,-63878396
21:01:25.292,0,-3.66,1,500,50000,500,50000,469,-57338,16611213,455,41174,-63878164
21:01:25.297,0,-3.58,1,500,50000,500,50000,441,-39737,16611053,580,38493,-63878008
21:01:25.302,0,-3.42,1,500,50000,500,50000,566,-23831,16611008,806,27436,-63877896
21:01:25.307,0,-3.25,1,500,50000,500,50000,549,-18148,16610952,699,30708,-63877728
21:01:25.312,0,-3.16,1,500,50000,500,50000,510,-23907,16610810,585,33626,-63877548
21:01:25.317,0,-3.16,1,500,50000,500,50000,506,-36577,16610586,697,32926,-63877392
21:01:25.322,0,-3.23,1,500,50000,500,50000,478,-47240,16610312,742,30391,-63877260
21:01:25.327,0,-3.3,1,500,50000,500,50000,491,-49361,16610028,716,29030,-63877080
21:01:25.332,0,-3.3,1,500,50000,500,50000,506,-38163,16609893,549,36453,-63876892
21:01:25.337,0,-3.22,1,500,50000,500,50000,508,-30914,16609745,674,33110,-63876748
21:01:25.342,0,-3.12,1,500,50000,500,50000,514,-30511,16609604,844,26623,-63876624
21:01:25.347,0,-3.02,1,500,50000,500,50000,483,-32877,16609445,680,33102,-63876428
21:01:25.352,0,-2.98,1,500,50000,500,50000,572,-31770,16609265,582,38030,-63876236
21:01:25.357,0,-2.98,1,500,50000,500,50000,562,-29119,16609133,705,33504,-63876092
21:01:25.363,0,-3.01,1,500,50000,500,50000,497,-21199,16609040,882,25027,-63876012
21:01:25.368,0,-3.06,1,500,50000,500,50000,530,-23663,16608900,864,23378,-63875832
21:01:25.373,0,-3.11,1,500,50000,500,50000,528,-25783,16608792,644,35588,-63875628
21:01:25.378,0,-3.17,1,500,50000,500,50000,494,-37094,16608537,756,30163,-63875532
21:01:25.383,0,-3.23,1,500,50000,500,50000,493,-37325,16608328,789,28995,-63875332
21:01:25.388,0,-3.26,1,500,50000,500,50000,628,-27746,16608216,622,33719,-63875152
21:01:25.393,0,-3.28,1,500,50000,500,50000,544,-23921,16608124,605,36687,-63874968
21:01:25.398,0,-3.29,1,500,50000,500,50000,503,-23517,16608016,868,28359,-63874892
21:01:25.403,0,-3.32,1,500,50000,500,50000,525,-28040,16607865,936,24406,-63874748
21:01:25.408,0,-3.36,1,500,50000,500,50000,509,-34893,16607676,644,35657,-63874540
21:01:25.413,0,-3.41,1,500,50000,500,50000,485,-46748,16607373,635,34168,-63874392
21:01:25.418,0,-3.44,1,500,50000,500,50000,438,-47150,16607145,696,28577,-63874244
21:01:25.423,0,-3.4,1,500,50000,500,50000,480,-41427,16606968,721,28671,-63874056
21:01:25.428,0,-3.31,1,500,50000,500,50000,524,-24142,16606905,556,38770,-63873848
21:01:25.433,0,-3.21,1,500,50000,500,50000,525,-14268,16606881,744,31044,-63873736
21:01:25.439,0,-3.13,1,500,50000,500,50000,516,-19350,16606761,871,25039,-63873612
21:01:25.444,0,-3.13,1,500,50000,500,50000,536,-30182,16606588,676,30033,-63873448
21:01:25.449,0,-3.19,1,500,50000,500,50000,517,-49714,16606248,533,37682,-63873240
21:01:25.454,0,-3.26,1,500,50000,500,50000,451,-59108,16605932,567,38066,-63873068
21:01:25.460,0,-3.27,1,500,50000,500,50000,338,-45809,16605717,769,30241,-63872924
21:01:25.465,0,-3.19,1,500,50000,500,50000,502,-22865,16605712,623,32912,-63872748
21:01:25.470,0,-3.05,1,500,50000,500,50000,475,-13221,16605689,661,33093,-63872584
21:01:25.475,0,-2.93,1,500,50000,500,50000,552,-13400,16605624,695,32235,-63872440
21:01:25.480,0,-2.9,1,500,50000,500,50000,476,-26311,16605448,920,24846,-63872376
21:01:25.485,0,-2.97,1,500,50000,500,50000,415,-45596,16605132,841,25931,-63872200
21:01:25.490,0,-3.08,1,500,50000,500,50000,526,-47272,16604908,529,36665,-63871948
21:01:25.495,0,-3.16,1,500,50000,500,50000,487,-37878,16604734,474,40517,-63871748
21:01:25.500,0,-3.15,1,500,50000,500,50000,544,-20376,16604712,851,28096,-63871688
21:01:25.505,0,-3.09,1,500,50000,500,50000,529,-10879,16604688,778,26991,-63871520
21:01:25.510,0,-3.03,1,500,50000,500,50000,556,-12902,16604609,832,27707,-63871352
21:01:25.515,0,-3.04,1,500,50000,500,50000,543,-19005,16604488,682,34516,-63871180
21:01:25.520,0,-3.12,1,500,50000,500,50000,499,-20393,16604384,677,33940,-63871020
21:01:25.525,0,-3.27,1,500,50000,500,50000,542,-26563,16604216,875,27179,-63870904
21:01:25.530,0,-3.41,1,500,50000,500,50000,546,-36834,16604008,723,26357,-63870760
21:01:25.535,0,-3.51,1,500,50000,500,50000,508,-45862,16603722,549,36294,-63870528
21:01:25.541,0,-3.56,1,500,50000,500,50000,488,-43993,16603517,531,37887,-63870380
21:01:25.546,0,-3.53,1,500,50000,500,50000,469,-33926,16603393,732,32273,-63870236
21:01:25.551,0,-3.35,1,500,50000,500,50000,485,-22486,16603312,885,24950,-63870108
21:01:25.556,0,-3.27,1,500,50000,500,50000,516,-21313,16603225,643,31903,-63869908
21:01:25.561,0,-3.24,1,500,50000,500,50000,525,-25725,16603077,519,41084,-63869692
21:01:25.566,0,-3.26,1,500,50000,500,50000,505,-37816,16602848,629,37579,-63869544
21:01:25.571,0,-3.29,1,500,50000,500,50000,457,-51232,16602544,832,28155,-63869452
21:01:25.576,0,-3.28,1,500,50000,500,50000,499,-50311,16602264,637,28835,-63869248
21:01:25.581,0,-3.2,1,500,50000,500,50000,506,-37255,16602142,395,40896,-63868972
21:01:25.586,0,-3.08,1,500,50000,500,50000,482,-23183,16602065,513,40635,-63868836
21:01:25.591,0,-2.98,1,500,50000,500,50000,503,-20370,16601977,873,29611,-63868732
21:01:25.596,0,-2.94,1,500,50000,500,50000,519,-27485,16601821,889,20028,-63868620
21:01:25.601,0,-2.97,1,500,50000,500,50000,554,-35540,16601602,538,32776,-63868352
21:01:25.606,0,-3.04,1,500,50000,500,50000,524,-37111,16601429,344,45824,-63868092
21:01:25.611,0,-3.09,1,500,50000,500,50000,509,-31054,16601272,476,42491,-63867948
21:01:25.616,0,-3.12,1,500,50000,500,50000,452,-27240,16601160,937,28383,-63867904
21:01:25.622,0,-3.13,1,500,50000,500,50000,521,-24996,16601057,838,23697,-63867740
21:01:25.627,0,-3.14,1,500,50000,500,50000,510,-27428,16600904,739,30744,-63867532
21:01:25.632,0,-3.17,1,500,50000,500,50000,523,-31452,16600736,610,37239,-63867328
21:01:25.637,0,-3.21,1,500,50000,500,50000,485,-39525,16600481,658,31849,-63867224
21:01:25.642,0,-3.22,1,500,50000,500,50000,466,-33137,16600344,788,28273,-63867068
21:01:25.647,0,-3.21,1,500,50000,500,50000,515,-23014,16600285,738,28288,-63866896
21:01:25.652,0,-3.2,1,500,50000,500,50000,525,-12573,16600265,649,34963,-63866728
21:01:25.657,0,-3.22,1,500,50000,500,50000,527,-15926,16600181,811,29030,-63866616
21:01:25.662,0,-3.29,1,500,50000,500,50000,505,-28509,16599985,909,23926,-63866488
21:01:25.667,0,-3.39,1,500,50000,500,50000,492,-43641,16599692,801,28708,-63866284
21:01:25.672,0,-3.46,1,500,50000,500,50000,471,-49486,16599436,469,39920,-63866068
21:01:25.677,0,-3.46,1,500,50000,500,50000,457,-41052,16599237,648,36193,-63865928
21:01:25.682,0,-3.38,1,500,50000,500,50000,468,-30831,16599133,830,29031,-63865788
21:01:25.687,0,-3.26,1,500,50000,500,50000,654,-24478,16599028,803,28119,-63865612
21:01:25.692,0,-3.17,1,500,50000,500,50000,510,-26178,16598905,568,39015,-63865408
21:01:25.697,0,-3.13,1,500,50000,500,50000,504,-35524,16598681,646,35886,-63865256
21:01:25.702,0,-3.14,1,500,50000,500,50000,449,-45059,16598433,827,28958,-63865116
21:01:25.708,0,-3.15,1,500,50000,500,50000,491,-48047,16598160,594,33269,-63864924
21:01:25.713,0,-3.12,1,500,50000,500,50000,496,-32695,16598040,490,39764,-63864700
21:01:25.718,0,-3.06,1,500,50000,500,50000,513,-18676,16598009,731,34322,-63864572
21:01:25.723,0,-3.01,1,500,50000,500,50000,564,-19360,16597902,883,29602,-63864444
21:01:25.728,0,-3.0,1,500,50000,500,50000,508,-26231,16597753,880,26961,-63864316
21:01:25.733,0,-3.04,1,500,50000,500,50000,509,-38401,16597521,580,35315,-63864092
21:01:25.738,0,-3.1,1,500,50000,500,50000,484,-45066,16597233,696,36296,-63863952
21:01:25.743,0,-3.14,1,500,50000,500,50000,467,-33046,16597112,842,27840,-63863836
21:01:25.748,0,-3.13,1,500,50000,500,50000,503,-20437,16597065,840,24633,-63863676
21:01:25.753,0,-3.1,1,500,50000,500,50000,524,-11814,16597017,888,23475,-63863504
21:01:25.758,0,-3.1,1,500,50000,500,50000,538,-15012,16596937,678,31417,-63863296
21:01:25.763,0,-3.17,1,500,50000,500,50000,537,-27594,16596765,904,24896,-63863268
21:01:25.768,0,-3.29,1,500,50000,500,50000,500,-45688,16596477,766,27232,-63863084
21:01:25.774,0,-3.4,1,500,50000,500,50000,519,-53686,16596184,469,38007,-63862832
21:01:25.779,0,-3.44,1,500,50000,500,50000,467,-43982,16595956,602,36648,-63862704
21:01:25.784,0,-3.39,1,500,50000,500,50000,493,-31438,16595857,792,27873,-63862572
21:01:25.789,0,-3.29,1,500,50000,500,50000,481,-18960,16595806,812,25939,-63862408
21:01:25.794,0,-3.21,1,500,50000,500,50000,634,-16191,16595737,608,36577,-63862204
21:01:25.799,0,-3.2,1,500,50000,500,50000,547,-29921,16595545,647,36161,-63862036
21:01:25.804,0,-3.25,1,500,50000,500,50000,490,-51941,16595176,846,27633,-63861944
21:01:25.809,0,-3.32,1,500,50000,500,50000,445,-63157,16594833,612,33196,-63861712
21:01:25.814,0,-3.33,1,500,50000,500,50000,500,-47304,16594621,394,43156,-63861456
21:01:25.819,0,-3.24,1,500,50000,500,50000,515,-29145,16594552,611,37513,-63861324
21:01:25.824,0,-3.09,1,500,50000,500,50000,509,-21502,16594488,858,26220,-63861240
21:01:25.829,0,-2.97,1,500,50000,500,50000,552,-18340,16594412,729,30838,-63861028
21:01:25.834,0,-2.93,1,500,50000,500,50000,532,-30838,16594217,576,38568,-63860820
21:01:25.839,0,-2.99,1,500,50000,500,50000,486,-43498,16593922,648,34188,-63860680
21:01:25.844,0,-3.07,1,500,50000,500,50000,476,-45329,16593689,723,30252,-63860560
21:01:25.850,0,-3.12,1,500,50000,500,50000,483,-31200,16593573,640,30638,-63860376
21:01:25.855,0,-3.12,1,500,50000,500,50000,517,-19665,16593529,643,34561,-63860188
21:01:25.860,0,-3.08,1,500,50000,500,50000,516,-15291,16593464,775,33064,-63860040
21:01:25.865,0,-3.08,1,500,50000,500,50000,489,-22960,16593317,828,27655,-63859916
21:01:25.870,0,-3.14,1,500,50000,500,50000,499,-37612,16593061,818,26856,-63859748
21:01:25.875,0,-3.24,1,500,50000,500,50000,489,-45109,16592825,645,35899,-63859556
21:01:25.880,0,-3.33,1,500,50000,500,50000,476,-38869,16592633,797,29933,-63859440
21:01:25.885,0,-3.36,1,500,50000,500,50000,474,-28365,16592553,794,27760,-63859312
21:01:25.890,0,-3.33,1,500,50000,500,50000,478,-16127,16592537,723,28739,-63859148
21:01:25.895,0,-3.28,1,500,50000,500,50000,516,-14889,16592474,775,31974,-63858984
21:01:25.900,0,-3.27,1,500,50000,500,50000,509,-20303,16592361,927,24817,-63858908
21:01:25.905,0,-3.33,1,500,50000,500,50000,474,-35884,16592114,804,27918,-63858724
21:01:25.910,0,-3.42,1,500,50000,500,50000,509,-47663,16591849,561,36551,-63858512
21:01:25.916,0,-3.5,1,500,50000,500,50000,336,-54368,16591521,636,36246,-63858348
21:01:25.921,0,-3.49,1,500,50000,500,50000,488,-45587,16591344,796,27578,-63858248
21:01:25.926,0,-3.39,1,500,50000,500,50000,506,-28018,16591257,672,33027,-63858028
21:01:25.931,0,-3.11,1,500,50000,500,50000,514,-18704,16591208,682,36726,-63857836
21:01:25.936,0,-3.06,1,500,50000,500,50000,520,-19407,16591100,797,29929,-63857744
21:01:25.941,0,-3.08,1,500,50000,500,50000,494,-28374,16590929,863,27068,-63857592
21:01:25.946,0,-3.15,1,500,50000,500,50000,500,-38541,16590708,667,34235,-63857392
21:01:25.951,0,-3.2,1,500,50000,500,50000,491,-39032,16590480,481,40348,-63857176
21:01:25.956,0,-3.21,1,500,50000,500,50000,482,-32709,16590345,655,34555,-63857040
21:01:25.961,0,-3.17,1,500,50000,500,50000,492,-26148,16590221,790,28796,-63856908
21:01:25.966,0,-3.14,1,500,50000,500,50000,522,-25428,16590109,626,33418,-63856704
21:01:25.971,0,-3.14,1,500,50000,500,50000,518,-32459,16589913,524,38777,-63856496
21:01:25.976,0,-3.16,1,500,50000,500,50000,506,-35319,16589734,774,33457,-63856388
21:01:25.981,0,-3.19,1,500,50000,500,50000,488,-36045,16589557,839,26960,-63856244
21:01:25.986,0,-3.2,1,500,50000,500,50000,360,-31091,16589400,745,27834,-63856052
21:01:25.991,0,-3.19,1,500,50000,500,50000,444,-23528,16589320,537,37435,-63855844
21:01:25.996,0,-3.19,1,500,50000,500,50000,538,-21654,16589205,634,35733,-63855696
21:01:26.002,0,-3.2,1,500,50000,500,50000,428,-20758,16589109,791,29763,-63855564
21:01:26.007,0,-3.25,1,500,50000,500,50000,479,-28538,16588946,770,28807,-63855432
21:01:26.012,0,-3.3,1,500,50000,500,50000,504,-40846,16588673,612,35293,-63855212
21:01:26.017,0,-3.31,1,500,50000,500,50000,493,-41208,16588472,597,37686,-63855040
21:01:26.022,0,-3.29,1,500,50000,500,50000,469,-33548,16588305,790,28208,-63854952
21:01:26.027,0,-3.22,1,500,50000,500,50000,510,-27105,16588201,768,27158,-63854784
21:01:26.032,0,-3.15,1,500,50000,500,50000,516,-25476,16588089,638,34299,-63854560
21:01:26.037,0,-3.12,1,500,50000,500,50000,509,-27279,16587932,496,40116,-63854352
21:01:26.042,0,-3.11,1,500,50000,500,50000,487,-36598,16587712,745,30843,-63854268
21:01:26.047,0,-3.13,1,500,50000,500,50000,500,-42307,16587448,743,29283,-63854092
21:01:26.052,0,-3.13,1,500,50000,500,50000,511,-35734,16587304,606,33425,-63853876
21:01:26.057,0,-3.1,1,500,50000,500,50000,488,-26470,16587224,619,33505,-63853752
21:01:26.062,0,-3.08,1,500,50000,500,50000,511,-17497,16587168,875,30759,-63853592
21:01:26.067,0,-3.09,1,500,50000,500,50000,512,-22483,16587050,879,25949,-63853448
21:01:26.072,0,-3.15,1,500,50000,500,50000,493,-31469,16586856,766,27825,-63853260
21:01:26.077,0,-3.23,1,500,50000,500,50000,495,-40195,16586640,509,40785,-63853036
21:01:26.083,0,-3.29,1,500,50000,500,50000,457,-40335,16586421,613,36221,-63852896
21:01:26.088,0,-3.31,1,500,50000,500,50000,485,-30192,16586290,895,26432,-63852776
21:01:26.093,0,-3.29,1,500,50000,500,50000,530,-19894,16586245,671,31726,-63852584
21:01:26.098,0,-3.27,1,500,50000,500,50000,406,-15121,16586188,581,38947,-63852380
21:01:26.103,0,-3.3,1,500,50000,500,50000,550,-17429,16586100,666,34969,-63852248
21:01:26.108,0,-3.39,1,500,50000,500,50000,571,-25995,16585924,837,32278,-63852116
21:01:26.113,0,-3.5,1,500,50000,500,50000,480,-41394,16585672,954,23636,-63852044
21:01:26.118,0,-3.57,1,500,50000,500,50000,635,-53819,16585332,691,31292,-63851820
21:01:26.123,0,-3.55,1,500,50000,500,50000,456,-48360,16585130,435,39219,-63851592
21:01:26.128,0,-3.46,1,500,50000,500,50000,459,-27150,16585048,810,32938,-63851500
21:01:26.133,0,-3.34,1,500,50000,500,50000,531,-11722,16585044,907,23516,-63851392
21:01:26.138,0,-3.26,1,500,50000,500,50000,525,-10786,16585001,851,23992,-63851224
21:01:26.143,0,-3.27,1,500,50000,500,50000,545,-17895,16584888,685,36519,-63851016
21:01:26.148,0,-3.37,1,500,50000,500,50000,560,-33839,16584664,738,35230,-63850868
21:01:26.153,0,-3.49,1,500,50000,500,50000,463,-56204,16584309,726,33517,-63850708
21:01:26.159,0,-3.55,1,500,50000,500,50000,465,-67976,16583881,723,29785,-63850572
21:01:26.164,0,-3.49,1,500,50000,500,50000,461,-55016,16583668,480,40373,-63850304
21:01:26.169,0,-3.32,1,500,50000,500,50000,507,-29365,16583597,483,40794,-63850108
21:01:26.174,0,-3.13,1,500,50000,500,50000,523,-13218,16583606,776,29665,-63850036
21:01:26.179,0,-2.99,1,500,50000,500,50000,529,-12122,16583556,866,26728,-63849880
21:01:26.184,0,-2.98,1,500,50000,500,50000,546,-21066,16583416,755,28626,-63849692
21:01:26.189,0,-3.08,1,500,50000,500,50000,531,-35142,16583192,505,39769,-63849484
21:01:26.194,0,-3.21,1,500,50000,500,50000,480,-45560,16582926,699,35139,-63849336
21:01:26.199,0,-3.3,1,500,50000,500,50000,467,-41328,16582697,803,27774,-63849224
21:01:26.204,0,-3.31,1,500,50000,500,50000,535,-31772,16582560,638,34339,-63848988
21:01:26.210,0,-3.26,1,500,50000,500,50000,437,-23004,16582493,569,39425,-63848784
21:01:26.215,0,-3.2,1,500,50000,500,50000,507,-18334,16582425,781,32251,-63848668
21:01:26.220,0,-3.2,1,500,50000,500,50000,486,-23517,16582284,852,25850,-63848564
21:01:26.225,0,-3.25,1,500,50000,500,50000,528,-31600,16582106,781,30221,-63848384
21:01:26.230,0,-3.33,1,500,50000,500,50000,448,-42538,16581753,736,30666,-63848156
21:01:26.235,0,-3.4,1,500,50000,500,50000,494,-36457,16581609,680,36136,-63848000
21:01:26.240,0,-3.42,1,500,50000,500,50000,465,-30466,16581486,868,28070,-63847888
21:01:26.245,0,-3.4,1,500,50000,500,50000,488,-26770,16581397,660,34152,-63847736
21:01:26.250,0,-3.37,1,500,50000,500,50000,522,-26681,16581269,596,34206,-63847572
21:01:26.255,0,-3.37,1,500,50000,500,50000,448,-31287,16581097,842,27758,-63847492
21:01:26.260,0,-3.39,1,500,50000,500,50000,502,-40606,16580840,823,23387,-63847360
21:01:26.266,0,-3.42,1,500,50000,500,50000,502,-43877,16580621,687,32527,-63847124
21:01:26.271,0,-3.43,1,500,50000,500,50000,492,-42726,16580393,499,40979,-63846904
21:01:26.276,0,-3.39,1,500,50000,500,50000,464,-41226,16580214,799,29174,-63846844
21:01:26.281,0,-3.25,1,500,50000,500,50000,537,-38158,16580025,745,28662,-63846656
21:01:26.286,0,-3.19,1,500,50000,500,50000,519,-35031,16579880,551,36933,-63846412
21:01:26.291,0,-3.15,1,500,50000,500,50000,516,-31750,16579725,624,37416,-63846284
21:01:26.296,0,-3.14,1,500,50000,500,50000,502,-28420,16579577,810,29294,-63846156
21:01:26.301,0,-3.16,1,500,50000,500,50000,495,-26746,16579464,833,26844,-63846000
21:01:26.306,0,-3.2,1,500,50000,500,50000,568,-22706,16579352,649,35685,-63845776
21:01:26.311,0,-3.24,1,500,50000,500,50000,553,-28259,16579198,662,37544,-63845632
21:01:26.316,0,-3.29,1,500,50000,500,50000,530,-35139,16578981,799,28890,-63845520
21:01:26.321,0,-3.31,1,500,50000,500,50000,503,-38178,16578793,864,26715,-63845352
21:01:26.326,0,-3.32,1,500,50000,500,50000,515,-33937,16578616,624,33878,-63845128
21:01:26.331,0,-3.31,1,500,50000,500,50000,504,-25054,16578513,653,35564,-63844984
21:01:26.336,0,-3.31,1,500,50000,500,50000,485,-23612,16578410,921,27637,-63844868
21:01:26.342,0,-3.34,1,500,50000,500,50000,511,-26063,16578264,888,26390,-63844700
21:01:26.347,0,-3.39,1,500,50000,500,50000,539,-34801,16578042,872,27979,-63844516
21:01:26.352,0,-3.44,1,500,50000,500,50000,506,-41785,16577818,661,37385,-63844328
21:01:26.357,0,-3.47,1,500,50000,500,50000,472,-41537,16577590,658,32934,-63844196
21:01:26.362,0,-3.44,1,500,50000,500,50000,483,-34897,16577452,892,24642,-63844084
21:01:26.367,0,-3.4,1,500,50000,500,50000,505,-25866,16577368,749,30388,-63843912
21:01:26.372,0,-3.36,1,500,50000,500,50000,520,-18509,16577306,786,31500,-63843784
21:01:26.377,0,-3.36,1,500,50000,500,50000,512,-22641,16577177,883,27079,-63843656
21:01:26.382,0,-3.41,1,500,50000,500,50000,516,-29843,16576985,857,27011,-63843508
21:01:26.387,0,-3.46,1,500,50000,500,50000,518,-40080,16576752,760,32069,-63843336
21:01:26.392,0,-3.47,1,500,50000,500,50000,494,-45655,16576514,693,36421,-63843152
21:01:26.397,0,-3.44,1,500,50000,500,50000,489,-40388,16576297,903,26772,-63843076
21:01:26.402,0,-3.37,1,500,50000,500,50000,510,-31536,16576188,728,31066,-63842872
21:01:26.407,0,-3.3,1,500,50000,500,50000,555,-22082,16576105,632,34758,-63842684
21:01:26.412,0,-3.27,1,500,50000,500,50000,552,-21413,16576004,842,29193,-63842580
21:01:26.418,0,-3.29,1,500,50000,500,50000,498,-31316,16575817,806,27581,-63842412
21:01:26.423,0,-3.33,1,500,50000,500,50000,520,-46514,16575508,656,34479,-63842188
21:01:26.428,0,-3.36,1,500,50000,500,50000,458,-49286,16575257,598,40457,-63842012
21:01:26.433,0,-3.33,1,500,50000,500,50000,476,-35584,16575097,775,30898,-63841884
21:01:26.438,0,-3.27,1,500,50000,500,50000,518,-25359,16575018,809,26506,-63841724
21:01:26.443,0,-3.23,1,500,50000,500,50000,536,-18609,16574969,638,31385,-63841516
21:01:26.448,0,-3.23,1,500,50000,500,50000,518,-23696,16574824,623,39368,-63841340
21:01:26.453,0,-3.29,1,500,50000,500,50000,495,-40870,16574561,892,29220,-63841228
21:01:26.458,0,-3.35,1,500,50000,500,50000,462,-50647,16574240,804,23684,-63841064
21:01:26.463,0,-3.37,1,500,50000,500,50000,483,-43740,16574064,495,35102,-63840800
21:01:26.468,0,-3.34,1,500,50000,500,50000,500,-22734,16574013,579,39551,-63840640
21:01:26.468,0,-3.34,1,500,50000,500,50000,517,-13805,16573984,866,31807,-63840524
21:01:26.473,0,-3.28,1,500,50000,500,50000,511,-13853,16573913,984,23700,-63840408
21:01:26.479,0,-3.27,1,500,50000,500,50000,505,-22422,16573772,996,23994,-63840252
21:01:26.484,0,-3.33,1,500,50000,500,50000,510,-37833,16573513,730,32935,-63840064
21:01:26.489,0,-3.44,1,500,50000,500,50000,472,-48292,16573240,697,34591,-63839904
21:01:26.494,0,-3.52,1,500,50000,500,50000,500,-44656,16573001,853,29136,-63839776
21:01:26.499,0,-3.52,1,500,50000,500,50000,479,-30566,16572889,773,28849,-63839628
21:01:26.504,0,-3.45,1,500,50000,500,50000,538,-17947,16572865,686,32561,-63839444
21:01:26.509,0,-3.34,1,500,50000,500,50000,578,-14076,16572809,802,30794,-63839316
21:01:26.514,0,-3.27,1,500,50000,500,50000,514,-19603,16572700,946,27262,-63839200
21:01:26.519,0,-3.27,1,500,50000,500,50000,532,-36660,16572445,856,26027,-63839068
21:01:26.524,0,-3.34,1,500,50000,500,50000,521,-53210,16572133,527,36967,-63838828
21:01:26.529,0,-3.42,1,500,50000,500,50000,454,-55719,16571808,446,44098,-63838604
21:01:26.534,0,-3.43,1,500,50000,500,50000,455,-43502,16571640,667,32613,-63838528
21:01:26.539,0,-3.36,1,500,50000,500,50000,483,-24128,16571576,839,26693,-63838360
21:01:26.544,0,-3.22,1,500,50000,500,50000,512,-15870,16571544,707,28686,-63838156
21:01:26.549,0,-3.09,1,500,50000,500,50000,494,-12113,16571509,576,39204,-63837952
21:01:26.554,0,-3.04,1,500,50000,500,50000,500,-22961,16571341,668,40304,-63837764
21:01:26.559,0,-3.09,1,500,50000,500,50000,504,-35621,16571122,741,35111,-63837624
21:01:26.565,0,-3.22,1,500,50000,500,50000,504,-40752,16570866,929,22724,-63837544
21:01:26.570,0,-3.34,1,500,50000,500,50000,482,-37965,16570696,748,28138,-63837324
21:01:26.575,0,-3.41,1,500,50000,500,50000,520,-23368,16570648,486,41307,-63837096
21:01:26.580,0,-3.41,1,500,50000,500,50000,522,-15971,16570592,584,40155,-63836932
21:01:26.585,0,-3.38,1,500,50000,500,50000,506,-18640,16570498,883,28664,-63836840
21:01:26.590,0,-3.37,1,500,50000,500,50000,476,-29759,16570298,842,21809,-63836724
21:01:26.595,0,-3.41,1,500,50000,500,50000,531,-44916,16570037,542,34322,-63836460
21:01:26.600,0,-3.49,1,500,50000,500,50000,511,-52456,16569748,160,52446,-63836160
21:01:26.605,0,-3.55,1,500,50000,500,50000,448,-51343,16569450,637,42561,-63836104
21:01:26.610,0,-3.54,1,500,50000,500,50000,403,-45507,16569200,1193,8847,-63836104
21:01:26.615,0,-3.44,1,500,50000,500,50000,485,-39337,16569049,788,15889,-63835824
21:01:26.620,0,-3.29,1,500,50000,500,50000,546,-28531,16568969,-81,71719,-63835324
21:01:26.625,0,-3.13,1,500,50000,500,50000,421,-23602,16568841,656,43384,-63835356
21:01:26.630,0,-3.04,1,500,50000,500,50000,454,-29283,16568677,1502,-4234,-63835452
21:01:26.635,0,-3.01,1,500,50000,500,50000,563,-34404,16568489,577,21406,-63835040
21:01:26.640,0,-3.05,1,500,50000,500,50000,561,-29486,16568377,-6,72637,-63834636
21:01:26.645,0,-3.12,1,500,50000,500,50000,417,-39827,16568133,1395,4695,-63834876
21:01:26.651,0,-3.19,1,500,50000,500,50000,530,-48549,16567844,803,12797,-63834560
21:01:26.656,0,-3.23,1,500,50000,500,50000,542,-39534,16567706,-161,77917,-63834004
21:01:26.661,0,-3.23,1,500,50000,500,50000,472,-26368,16567586,965,33674,-63834128
21:01:26.666,0,-3.17,1,500,50000,500,50000,479,-25122,16567465,1340,-4203,-63834136
21:01:26.671,0,-3.15,1,500,50000,500,50000,551,-25643,16567345,352,38142,-63833644
21:01:26.676,0,-3.17,1,500,50000,500,50000,524,-19204,16567288,263,59551,-63833440
21:01:26.681,0,-3.22,1,500,50000,500,50000,423,-23628,16567125,1313,-751,-63833664
21:01:26.686,0,-3.3,1,500,50000,500,50000,498,-29535,16566972,988,11822,-63833352
21:01:26.691,0,-3.38,1,500,50000,500,50000,569,-32745,16566793,29,59491,-63832864
21:01:26.696,0,-3.45,1,500,50000,500,50000,422,-29803,16566653,829,30376,-63832992
21:01:26.706,0,-3.49,1,500,50000,500,50000,454,-38908,16566160,1516,-5526,-63832784
21:01:26.711,0,-3.48,1,500,50000,500,50000,583,-48821,16565917,31,60290,-63832156
21:01:26.716,0,-3.45,1,500,50000,500,50000,431,-50426,16565629,115,65435,-63832012
21:01:26.716,0,-3.45,1,500,50000,500,50000,534,-58150,16565417,894,11238,-63832172
21:01:26.721,0,-3.39,1,500,50000,500,50000,562,-40029,16565289,30,66111,-63831628
21:01:26.726,0,-3.3,1,500,50000,500,50000,436,-22399,16565244,1160,24572,-63831820
21:01:26.731,0,-3.2,1,500,50000,500,50000,486,-27329,16565098,1358,-4854,-63831768
21:01:26.737,0,-3.11,1,500,50000,500,50000,597,-25929,16564985,311,44188,-63831244
21:01:26.742,0,-3.06,8,500,50000,500,50000,448,-25751,16564857,287,55870,-63831100
21:01:26.747,0,-3.09,8,500,50000,500,50000,440,-33855,16564617,1143,20269,-63831116
21:01:26.752,0,-3.16,8,500,50000,500,50000,513,-39571,16564409,613,26239,-63830888
21:01:26.757,0,-3.24,8,500,50000,500,50000,533,-33448,16564249,318,49670,-63830556
21:01:26.762,0,-3.32,8,500,50000,500,50000,537,-26955,16564144,455,47561,-63830404
21:01:26.767,0,-3.35,8,500,50000,500,50000,489,-29436,16563993,958,23733,-63830400
21:01:26.772,0,-3.36,8,500,50000,500,50000,512,-37153,16563769,798,25843,-63830188
21:01:26.777,0,-3.37,8,500,50000,500,50000,520,-46063,16563525,507,37006,-63829924
21:01:26.782,0,-3.4,8,500,50000,500,50000,518,-45725,16563272,496,44322,-63829740
21:01:26.787,0,-3.41,8,500,50000,500,50000,487,-34498,16563145,793,32476,-63829628
21:01:26.792,0,-3.4,8,500,50000,500,50000,525,-27202,16563048,922,24644,-63829476
21:01:26.797,0,-3.36,8,500,50000,500,50000,519,-19395,16562968,508,38813,-63829228
21:01:26.802,0,-3.31,8,500,50000,500,50000,281,-28949,16562790,434,46161,-63829008
21:01:26.807,0,-3.28,8,500,50000,500,50000,468,-43956,16562489,658,38523,-63828888
21:01:26.818,0,-3.36,8,500,50000,500,50000,387,-47327,16562201,951,25401,-63828780
21:01:26.823,0,-3.4,8,500,50000,500,50000,484,-41289,16562036,865,22844,-63828592
21:01:26.828,0,-3.39,8,500,50000,500,50000,594,-28571,16561961,376,49161,-63828260
21:01:26.833,0,-3.35,8,500,50000,500,50000,445,-21583,16561860,484,45276,-63828124
21:01:26.833,0,-3.35,8,500,50000,500,50000,461,-22927,16561733,732,35860,-63828016
21:01:26.838,0,-3.31,8,500,50000,500,50000,501,-32291,16561546,973,22408,-63827948
21:01:26.843,0,-3.31,8,500,50000,500,50000,509,-38055,16561344,770,29686,-63827740
21:01:26.848,0,-3.37,8,500,50000,500,50000,500,-36046,16561141,743,33672,-63827588
21:01:26.853,0,-3.43,8,500,50000,500,50000,482,-32021,16561001,817,26499,-63827476
21:01:26.858,0,-3.48,8,500,50000,500,50000,503,-23244,16560904,946,27511,-63827308
21:01:26.863,0,-3.48,8,500,50000,500,50000,531,-20331,16560824,826,29754,-63827136
21:01:26.869,0,-3.46,8,500,50000,500,50000,510,-23530,16560685,909,29783,-63827012
21:01:26.874,0,-3.44,8,500,50000,500,50000,509,-30644,16560521,914,25832,-63826884
21:01:26.879,0,-3.47,8,500,50000,500,50000,484,-44438,16560233,788,27663,-63826712
21:01:26.884,0,-3.52,8,500,50000,500,50000,366,-48971,16559944,565,39137,-63826508
21:01:26.889,0,-3.57,8,500,50000,500,50000,452,-44395,16559753,717,32012,-63826376
21:01:26.894,0,-3.59,8,500,50000,500,50000,457,-31960,16559622,803,30850,-63826204
21:01:26.899,0,-3.54,8,500,50000,500,50000,589,-24008,16559545,709,33403,-63826004
21:01:26.904,0,-3.45,8,500,50000,500,50000,487,-17987,16559478,694,34746,-63825868
21:01:26.909,0,-3.36,8,500,50000,500,50000,499,-19301,16559381,874,29466,-63825732
21:01:26.914,0,-3.31,8,500,50000,500,50000,506,-29627,16559176,869,25663,-63825596
21:01:26.919,0,-3.34,8,500,50000,500,50000,492,-34604,16558965,625,35203,-63825396
21:01:26.924,0,-3.41,8,500,50000,500,50000,449,-31747,16558821,678,36002,-63825220
21:01:26.929,0,-3.5,8,500,50000,500,50000,492,-29413,16558662,786,29199,-63825096
21:01:26.934,0,-3.56,8,500,50000,500,50000,500,-27602,16558546,783,28592,-63824948
21:01:26.939,0,-3.57,8,500,50000,500,50000,518,-28475,16558410,686,34543,-63824744
21:01:26.944,0,-3.56,8,500,50000,500,50000,476,-35632,16558180,733,34155,-63824588
21:01:26.950,0,-3.54,8,500,50000,500,50000,483,-40584,16557965,881,27609,-63824496
21:01:26.955,0,-3.54,8,500,50000,500,50000,487,-40482,16557737,810,28050,-63824312
21:01:26.960,0,-3.53,8,500,50000,500,50000,501,-34148,16557601,623,36530,-63824120
21:01:26.965,0,-3.5,8,500,50000,500,50000,500,-27295,16557497,686,35159,-63823960
21:01:26.970,0,-3.45,8,500,50000,500,50000,544,-27458,16557336,874,29428,-63823828
21:01:26.975,0,-3.38,8,500,50000,500,50000,503,-32872,16557161,792,29919,-63823672
21:01:26.980,0,-3.32,8,500,50000,500,50000,583,-35892,16556952,585,38454,-63823448
21:01:26.985,0,-3.3,8,500,50000,500,50000,511,-35682,16556777,520,40090,-63823264
21:01:26.990,0,-3.3,8,500,50000,500,50000,479,-33898,16556617,855,29312,-63823196
21:01:26.995,0,-3.31,8,500,50000,500,50000,485,-29231,16556472,926,26419,-63823036
21:01:27.000,0,-3.32,8,500,50000,500,50000,526,-28378,16556346,771,25941,-63822852
21:01:27.005,0,-3.31,8,500,50000,500,50000,471,-28917,16556189,594,38500,-63822632
21:01:27.010,0,-3.29,8,500,50000,500,50000,519,-35055,16555989,651,36485,-63822476
21:01:27.015,0,-3.29,8,500,50000,500,50000,488,-37642,16555801,759,30613,-63822336
21:01:27.020,0,-3.31,8,500,50000,500,50000,504,-33390,16555633,692,33280,-63822168
21:01:27.025,0,-3.34,8,500,50000,500,50000,474,-25820,16555541,567,38225,-63821960
21:01:27.030,0,-3.35,8,500,50000,500,50000,534,-22769,16555448,732,32353,-63821864
21:01:27.035,0,-3.35,8,500,50000,500,50000,453,-24070,16555305,809,27666,-63821716
21:01:27.041,0,-3.34,8,500,50000,500,50000,490,-32792,16555121,801,28543,-63821532
21:01:27.046,0,-3.34,8,500,50000,500,50000,498,-40343,16554869,529,38321,-63821288
21:01:27.051,0,-3.36,8,500,50000,500,50000,487,-40821,16554669,583,37713,-63821156
21:01:27.056,0,-3.42,8,500,50000,500,50000,470,-35124,16554513,775,28674,-63821032
21:01:27.061,0,-3.4,8,500,50000,500,50000,524,-27438,16554393,779,28993,-63820840
21:01:27.066,0,-3.34,8,500,50000,500,50000,530,-24143,16554301,569,35918,-63820604
21:01:27.071,0,-3.29,8,500,50000,500,50000,515,-28155,16554140,628,37347,-63820472
21:01:27.076,0,-3.26,8,500,50000,500,50000,494,-37321,16553929,752,31468,-63820336
21:01:27.081,0,-3.27,8,500,50000,500,50000,507,-47696,16553625,788,29702,-63820152
21:01:27.086,0,-3.3,8,500,50000,500,50000,485,-41655,16553416,648,33003,-63819932
21:01:27.091,0,-3.31,8,500,50000,500,50000,373,-23535,16553382,575,39533,-63819756
21:01:27.096,0,-3.27,8,500,50000,500,50000,429,-13157,16553354,841,32758,-63819628
21:01:27.101,0,-3.22,8,500,50000,500,50000,556,-14349,16553290,967,24443,-63819516
21:01:27.106,0,-3.21,8,500,50000,500,50000,591,-23370,16553141,753,30248,-63819336
21:01:27.111,0,-3.26,8,500,50000,500,50000,521,-34596,16552937,639,36738,-63819140
21:01:27.116,0,-3.38,8,500,50000,500,50000,702,-48134,16552620,761,32690,-63819000
21:01:27.122,0,-3.5,8,500,50000,500,50000,456,-45471,16552413,837,26592,-63818888
21:01:27.127,0,-3.56,8,500,50000,500,50000,508,-28353,16552320,706,30763,-63818684
21:01:27.132,0,-3.53,8,500,50000,500,50000,542,-13178,16552313,700,33954,-63818492
21:01:27.137,0,-3.45,8,500,50000,500,50000,595,-11275,16552274,817,30081,-63818400
21:01:27.142,0,-3.39,8,500,50000,500,50000,486,-21490,16552125,975,27958,-63818252
21:01:27.147,0,-3.4,8,500,50000,500,50000,540,-38669,16551884,838,29286,-63818080
21:01:27.152,0,-3.49,8,500,50000,500,50000,497,-61879,16551492,654,37297,-63817892
21:01:27.157,0,-3.59,8,500,50000,500,50000,435,-65656,16551096,679,34280,-63817728
21:01:27.162,0,-3.64,8,500,50000,500,50000,450,-51387,16550905,778,29191,-63817560
21:01:27.167,0,-3.57,8,500,50000,500,50000,510,-23896,16550885,572,37981,-63817340
21:01:27.172,0,-3.4,8,500,50000,500,50000,550,-11473,16550885,631,38795,-63817156
21:01:27.182,0,-3.08,8,500,50000,500,50000,511,-22772,16550713,618,38920,-63816952
21:01:27.187,0,-3.08,8,500,50000,500,50000,489,-40806,16550421,748,33685,-63816816
21:01:27.192,0,-3.18,8,500,50000,500,50000,477,-52343,16550125,761,29621,-63816668
21:01:27.197,0,-3.29,8,500,50000,500,50000,480,-46369,16549925,497,40345,-63816400
21:01:27.202,0,-3.34,8,500,50000,500,50000,475,-32880,16549792,449,45402,-63816180
21:01:27.202,0,-3.34,8,500,50000,500,50000,503,-25413,16549757,892,26029,-63816188
21:01:27.207,0,-3.31,8,500,50000,500,50000,505,-18534,16549692,631,34495,-63815980
21:01:27.213,0,-3.24,8,500,50000,500,50000,513,-20887,16549592,658,39265,-63815788
21:01:27.218,0,-3.22,8,500,50000,500,50000,540,-37852,16549320,616,38196,-63815628
21:01:27.223,0,-3.28,8,500,50000,500,50000,494,-46482,16549065,917,25205,-63815572
21:01:27.228,0,-3.37,8,500,50000,500,50000,483,-42894,16548877,859,26504,-63815384
21:01:27.233,0,-3.46,8,500,50000,500,50000,480,-31517,16548744,684,35065,-63815152
21:01:27.238,0,-3.49,8,500,50000,500,50000,518,-26868,16548634,684,39126,-63814956
21:01:27.243,0,-3.46,8,500,50000,500,50000,501,-34388,16548413,788,30973,-63814876
21:01:27.248,0,-3.41,8,500,50000,500,50000,512,-44081,16548169,812,27068,-63814724
21:01:27.253,0,-3.38,8,500,50000,500,50000,498,-49777,16547912,566,35585,-63814484
21:01:27.258,0,-3.37,8,500,50000,500,50000,471,-49186,16547644,514,39709,-63814280
21:01:27.264,0,-3.35,8,500,50000,500,50000,479,-36575,16547497,756,30821,-63814184
21:01:27.269,0,-3.3,8,500,50000,500,50000,511,-28013,16547404,683,33410,-63813980
21:01:27.274,0,-3.21,8,500,50000,500,50000,501,-23500,16547302,682,33555,-63813800
21:01:27.279,0,-3.12,8,500,50000,500,50000,461,-23332,16547197,739,32439,-63813668
21:01:27.284,0,-3.08,8,500,50000,500,50000,501,-26459,16547045,824,29210,-63813520
21:01:27.289,0,-3.12,8,500,50000,500,50000,533,-32260,16546873,795,31005,-63813336
21:01:27.294,0,-3.2,8,500,50000,500,50000,427,-34658,16546677,660,36116,-63813140
21:01:27.299,0,-3.31,8,500,50000,500,50000,471,-37767,16546456,692,36284,-63812964
21:01:27.304,0,-3.4,8,500,50000,500,50000,446,-40944,16546258,815,28663,-63812840
21:01:27.309,0,-3.45,8,500,50000,500,50000,490,-40045,16546045,684,34208,-63812656
21:01:27.315,0,-3.45,8,500,50000,500,50000,508,-32807,16545928,648,37425,-63812460
21:01:27.320,0,-3.42,8,500,50000,500,50000,470,-24582,16545816,745,32385,-63812336
21:01:27.325,0,-3.37,8,500,50000,500,50000,595,-27193,16545689,873,27176,-63812228
21:01:27.330,0,-3.34,8,500,50000,500,50000,542,-29683,16545528,891,28274,-63812060
21:01:27.335,0,-3.33,8,500,50000,500,50000,506,-37430,16545321,711,36810,-63811872
21:01:27.340,0,-3.36,8,500,50000,500,50000,468,-43064,16545048,784,33719,-63811724
21:01:27.345,0,-3.41,8,500,50000,500,50000,476,-47343,16544797,896,27146,-63811580
21:01:27.350,0,-3.45,8,500,50000,500,50000,534,-43171,16544617,617,36738,-63811368
21:01:27.355,0,-3.44,8,500,50000,500,50000,512,-35473,16544450,631,38661,-63811184
21:01:27.360,0,-3.39,8,500,50000,500,50000,490,-34750,16544284,861,29216,-63811096
21:01:27.365,0,-3.31,8,500,50000,500,50000,501,-39646,16544086,861,30377,-63810908
21:01:27.370,0,-3.23,8,500,50000,500,50000,505,-43256,16543836,645,35103,-63810684
21:01:27.375,0,-3.18,8,500,50000,500,50000,468,-40206,16543658,534,40427,-63810464
21:01:27.380,0,-3.16,8,500,50000,500,50000,539,-33115,16543490,794,31864,-63810372
21:01:27.385,0,-3.14,8,500,50000,500,50000,486,-25294,16543404,846,25238,-63810236
21:01:27.391,0,-3.13,8,500,50000,500,50000,543,-24053,16543301,621,35512,-63810028
21:01:27.396,0,-3.11,8,500,50000,500,50000,523,-27253,16543145,633,38041,-63809840
21:01:27.401,0,-3.11,8,500,50000,500,50000,459,-31052,16542980,732,36417,-63809700
21:01:27.406,0,-3.2,1,500,50000,500,50000,494,-34702,16542764,866,28216,-63809580
21:01:27.411,0,-3.27,1,500,50000,500,50000,479,-35856,16542588,730,32487,-63809368
21:01:27.416,0,-3.32,1,500,50000,500,50000,487,-29891,16542470,616,36918,-63809176
21:01:27.421,0,-3.35,1,500,50000,500,50000,465,-22484,16542372,850,31036,-63809056
21:01:27.426,0,-3.35,1,500,50000,500,50000,503,-23569,16542265,807,27195,-63808936
21:01:27.431,0,-3.37,1,500,50000,500,50000,519,-30595,16542078,617,35418,-63808720
21:01:27.436,0,-3.41,1,500,50000,500,50000,509,-47975,16541781,632,38895,-63808520
21:01:27.441,0,-3.46,1,500,50000,500,50000,464,-54994,16541484,761,30831,-63808428
21:01:27.446,0,-3.48,1,500,50000,500,50000,460,-43882,16541273,761,27799,-63808256
21:01:27.451,0,-3.44,1,500,50000,500,50000,513,-25907,16541232,658,33661,-63808036
21:01:27.456,0,-3.35,1,500,50000,500,50000,540,-11873,16541225,663,34708,-63807872
21:01:27.461,0,-3.25,1,500,50000,500,50000,526,-14658,16541150,879,26587,-63807796
21:01:27.467,0,-3.21,1,500,50000,500,50000,531,-27521,16540953,874,25833,-63807644
21:01:27.472,0,-3.26,1,500,50000,500,50000,500,-49028,16540608,738,32430,-63807436
21:01:27.477,0,-3.37,1,500,50000,500,50000,453,-58450,16540293,525,38913,-63807212
21:01:27.482,0,-3.44,1,500,50000,500,50000,454,-50184,16540046,737,35898,-63807084
21:01:27.487,0,-3.43,1,500,50000,500,50000,450,-33220,16539960,821,29350,-63806940
21:01:27.492,0,-3.32,1,500,50000,500,50000,503,-17670,16539925,834,28356,-63806772
21:01:27.497,0,-3.18,1,500,50000,500,50000,562,-14050,16539881,797,29090,-63806652
21:01:27.502,0,-3.07,1,500,50000,500,50000,542,-20537,16539758,867,27165,-63806508
21:01:27.507,0,-3.06,1,500,50000,500,50000,500,-36649,16539529,806,32125,-63806308
21:01:27.513,0,-3.13,1,500,50000,500,50000,538,-50837,16539193,655,35685,-63806112
21:01:27.518,0,-3.22,1,500,50000,500,50000,495,-41017,16538989,707,35236,-63805964
21:01:27.523,0,-3.27,1,500,50000,500,50000,419,-26131,16538929,717,33276,-63805788
21:01:27.528,0,-3.24,1,500,50000,500,50000,531,-13829,16538921,868,28406,-63805648
21:01:27.533,0,-3.17,1,500,50000,500,50000,560,-14816,16538849,683,32896,-63805468
21:01:27.538,0,-3.14,1,500,50000,500,50000,585,-28866,16538665,723,35051,-63805296
21:01:27.543,0,-3.18,1,500,50000,500,50000,515,-45340,16538352,733,32122,-63805132
21:01:27.548,0,-3.28,1,500,50000,500,50000,484,-52835,16538064,631,35100,-63804948
21:01:27.553,0,-3.38,1,500,50000,500,50000,462,-39170,16537928,472,40003,-63804724
21:01:27.558,0,-3.4,1,500,50000,500,50000,507,-19338,16537889,847,31817,-63804640
21:01:27.563,0,-3.35,1,500,50000,500,50000,501,-11075,16537874,859,24654,-63804500
21:01:27.569,0,-3.26,1,500,50000,500,50000,524,-16958,16537773,773,29267,-63804304
21:01:27.574,0,-3.22,1,500,50000,500,50000,527,-26435,16537609,752,35447,-63804140
21:01:27.579,0,-3.27,1,500,50000,500,50000,501,-41034,16537357,772,33523,-63803980
21:01:27.584,0,-3.39,1,500,50000,500,50000,490,-58700,16536961,819,28218,-63803832
21:01:27.589,0,-3.49,1,500,50000,500,50000,476,-56704,16536705,501,39086,-63803600
21:01:27.594,0,-3.51,1,500,50000,500,50000,401,-44368,16536538,352,48059,-63803340
21:01:27.599,0,-3.42,1,500,50000,500,50000,480,-24916,16536454,630,38958,-63803212
21:01:27.604,0,-3.25,1,500,50000,500,50000,532,-17869,16536400,841,27958,-63803124
21:01:27.609,0,-3.08,1,500,50000,500,50000,548,-19771,16536301,795,31125,-63802928
21:01:27.614,0,-2.99,1,500,50000,500,50000,375,-35720,16536072,626,36082,-63802724
21:01:27.619,0,-3.0,1,500,50000,500,50000,468,-48746,16535785,617,37807,-63802576
21:01:27.624,0,-3.08,1,500,50000,500,50000,436,-45682,16535533,765,34132,-63802412
21:01:27.630,0,-3.14,1,500,50000,500,50000,444,-40163,16535368,775,32151,-63802224
21:01:27.635,0,-3.15,1,500,50000,500,50000,500,-26471,16535272,540,38304,-63802024
21:01:27.640,0,-3.09,1,500,50000,500,50000,511,-21419,16535190,451,42517,-63801812
21:01:27.645,0,-3.01,1,500,50000,500,50000,514,-22343,16535077,670,38068,-63801660
21:01:27.650,0,-2.98,1,500,50000,500,50000,519,-27833,16534904,821,30256,-63801532
21:01:27.655,0,-3.01,1,500,50000,500,50000,514,-30764,16534745,675,32560,-63801360
21:01:27.660,0,-3.11,1,500,50000,500,50000,515,-33022,16534553,614,38925,-63801140
21:01:27.665,0,-3.21,1,500,50000,500,50000,482,-32327,16534348,564,39818,-63800924
21:01:27.670,0,-3.29,1,500,50000,500,50000,495,-28276,16534205,805,33166,-63800788
21:01:27.675,0,-3.33,1,500,50000,500,50000,488,-28747,16534073,879,27367,-63800636
21:01:27.680,0,-3.33,1,500,50000,500,50000,517,-27836,16533933,626,36638,-63800428
21:01:27.685,0,-3.34,1,500,50000,500,50000,513,-28400,16533826,726,36367,-63800300
21:01:27.691,0,-3.35,1,500,50000,500,50000,520,-31762,16533668,895,26518,-63800216
21:01:27.696,0,-3.39,1,500,50000,500,50000,494,-35755,16533468,739,31213,-63800004
21:01:27.701,0,-3.43,1,500,50000,500,50000,513,-39531,16533273,576,37214,-63799800
21:01:27.706,0,-3.46,1,500,50000,500,50000,463,-44832,16533001,674,38235,-63799628
21:01:27.711,0,-3.42,1,500,50000,500,50000,536,-49881,16532745,852,27485,-63799536
21:01:27.716,0,-3.34,1,500,50000,500,50000,447,-41494,16532553,646,32418,-63799312
21:01:27.721,0,-3.23,1,500,50000,500,50000,510,-27717,16532457,589,40249,-63799088
21:01:27.726,0,-3.13,1,500,50000,500,50000,482,-24001,16532362,812,31750,-63799000
21:01:27.731,0,-3.08,1,500,50000,500,50000,513,-31382,16532185,928,25942,-63798864
21:01:27.736,0,-3.08,1,500,50000,500,50000,491,-43931,16531897,772,31980,-63798640
21:01:27.741,0,-3.11,1,500,50000,500,50000,486,-47161,16531658,563,40789,-63798424
21:01:27.746,0,-3.15,1,500,50000,500,50000,460,-39221,16531496,625,37976,-63798264
21:01:27.751,0,-3.15,1,500,50000,500,50000,475,-25766,16531404,856,27802,-63798172
21:01:27.756,0,-3.13,1,500,50000,500,50000,529,-18808,16531353,754,29429,-63797976
21:01:27.761,0,-3.12,1,500,50000,500,50000,514,-20960,16531241,712,34740,-63797772
21:01:27.766,0,-3.16,1,500,50000,500,50000,485,-32303,16531045,784,32620,-63797656
21:01:27.772,0,-3.24,1,500,50000,500,50000,434,-44482,16530745,857,30393,-63797488
21:01:27.777,0,-3.34,1,500,50000,500,50000,480,-44525,16530536,802,31751,-63797296
21:01:27.782,0,-3.39,1,500,50000,500,50000,495,-29939,16530452,647,36814,-63797120
21:01:27.787,0,-3.39,1,500,50000,500,50000,493,-16070,16530412,799,31595,-63796988
21:01:27.792,0,-3.36,1,500,50000,500,50000,521,-15584,16530341,936,27178,-63796856
21:01:27.797,0,-3.36,1,500,50000,500,50000,536,-23470,16530186,919,26144,-63796728
21:01:27.802,0,-3.42,1,500,50000,500,50000,575,-38775,16529945,699,33773,-63796516
21:01:27.807,0,-3.51,1,500,50000,500,50000,474,-63153,16529544,758,37240,-63796348
21:01:27.812,0,-3.57,1,500,50000,500,50000,397,-69179,16529121,709,33203,-63796180
21:01:27.817,0,-3.53,1,500,50000,500,50000,479,-56010,16528905,543,36880,-63795944
21:01:27.822,0,-3.38,1,500,50000,500,50000,565,-33388,16528841,543,42098,-63795756
21:01:27.827,0,-3.16,1,500,50000,500,50000,524,-18142,16528793,701,33157,-63795628
21:01:27.832,0,-2.96,1,500,50000,500,50000,559,-19568,16528697,830,28810,-63795472
21:01:27.837,0,-2.88,1,500,50000,500,50000,537,-34680,16528460,759,30524,-63795284
21:01:27.842,0,-2.92,1,500,50000,500,50000,496,-42613,16528229,654,37425,-63795100
21:01:27.847,0,-3.03,1,500,50000,500,50000,467,-39379,16528017,657,35231,-63794940
21:01:27.853,0,-3.13,1,500,50000,500,50000,458,-31625,16527896,765,29630,-63794808
21:01:27.858,0,-3.17,1,500,50000,500,50000,505,-21886,16527817,833,27976,-63794652
21:01:27.863,0,-3.16,1,500,50000,500,50000,537,-22301,16527717,788,30389,-63794504
21:01:27.868,0,-3.16,1,500,50000,500,50000,540,-28133,16527549,730,34585,-63794320
21:01:27.873,0,-3.18,1,500,50000,500,50000,478,-36924,16527336,813,32943,-63794164
21:01:27.878,0,-3.24,1,500,50000,500,50000,510,-40240,16527097,863,28562,-63794016
21:01:27.883,0,-3.29,1,500,50000,500,50000,508,-30772,16526968,661,34163,-63793836
21:01:27.888,0,-3.31,1,500,50000,500,50000,538,-23305,16526889,739,35348,-63793664
21:01:27.893,0,-3.3,1,500,50000,500,50000,544,-20631,16526793,906,29046,-63793548
21:01:27.898,0,-3.28,1,500,50000,500,50000,416,-26751,16526649,803,30298,-63793388
21:01:27.903,0,-3.29,1,500,50000,500,50000,519,-39535,16526393,632,37569,-63793176
21:01:27.908,0,-3.34,1,500,50000,500,50000,473,-47104,16526142,602,39721,-63792992
21:01:27.913,0,-3.38,1,500,50000,500,50000,477,-44951,16525896,722,31773,-63792860
21:01:27.918,0,-3.37,1,500,50000,500,50000,455,-35042,16525776,666,33823,-63792676
21:01:27.923,0,-3.32,1,500,50000,500,50000,528,-25673,16525673,632,38411,-63792472
21:01:27.928,0,-3.23,1,500,50000,500,50000,489,-21594,16525589,669,34894,-63792320
21:01:27.934,0,-3.17,1,500,50000,500,50000,503,-29396,16525420,814,27555,-63792216
21:01:27.939,0,-3.15,1,500,50000,500,50000,519,-38340,16525177,812,29119,-63792028
21:01:27.944,0,-3.19,1,500,50000,500,50000,501,-42353,16524953,699,35812,-63791840
21:01:27.949,0,-3.23,1,500,50000,500,50000,484,-38522,16524749,688,37354,-63791656
21:01:27.954,0,-3.23,1,500,50000,500,50000,485,-31608,16524629,688,32134,-63791516
21:01:27.959,0,-3.19,1,500,50000,500,50000,527,-27989,16524520,862,29279,-63791376
21:01:27.964,0,-3.13,1,500,50000,500,50000,515,-31555,16524342,678,35531,-63791168
21:01:27.969,0,-3.09,1,500,50000,500,50000,558,-36584,16524149,682,36160,-63790988
21:01:27.974,0,-3.08,1,500,50000,500,50000,470,-37458,16523928,823,28712,-63790888
21:01:27.979,0,-3.09,1,500,50000,500,50000,509,-31487,16523800,819,28244,-63790704
21:01:27.984,0,-3.1,1,500,50000,500,50000,508,-24298,16523718,731,32572,-63790504
21:01:27.989,0,-3.11,1,500,50000,500,50000,521,-26679,16523561,715,36403,-63790348
21:01:27.994,0,-3.11,1,500,50000,500,50000,462,-32105,16523393,885,29916,-63790220
21:01:27.999,0,-3.13,1,500,50000,500,50000,498,-40660,16523133,649,36697,-63790012
21:01:28.004,0,-3.16,1,500,50000,500,50000,520,-42239,16522928,520,39665,-63789796
21:01:28.009,0,-3.18,1,500,50000,500,50000,505,-35757,16522786,605,41068,-63789604
21:01:28.015,0,-3.18,1,500,50000,500,50000,500,-27250,16522665,810,30254,-63789516
21:01:28.020,0,-3.16,1,500,50000,500,50000,519,-28489,16522530,692,32738,-63789304
21:01:28.025,0,-3.13,1,500,50000,500,50000,494,-36396,16522281,628,35630,-63789064
21:01:28.030,0,-3.12,1,500,50000,500,50000,475,-42167,16522092,545,43983,-63788860
21:01:28.035,0,-3.13,1,500,50000,500,50000,464,-40876,16521861,773,30561,-63788796
21:01:28.040,0,-3.15,1,500,50000,500,50000,485,-34014,16521733,767,30447,-63788596
21:01:28.045,0,-3.14,1,500,50000,500,50000,523,-19708,16521706,653,34303,-63788388
21:01:28.050,0,-3.12,1,500,50000,500,50000,533,-16052,16521633,649,34177,-63788224
21:01:28.055,0,-3.1,1,500,50000,500,50000,519,-23283,16521501,710,37315,-63788072
21:01:28.060,0,-3.13,1,500,50000,500,50000,484,-36439,16521256,790,30986,-63787944
21:01:28.065,0,-3.2,1,500,50000,500,50000,470,-50214,16520965,771,28724,-63787764
21:01:28.070,0,-3.28,1,500,50000,500,50000,511,-52832,16520666,589,35517,-63787516
21:01:28.075,0,-3.32,1,500,50000,500,50000,664,-32544,16520557,515,40816,-63787344
21:01:28.080,0,-3.29,1,500,50000,500,50000,480,-19411,16520524,720,32896,-63787204
21:01:28.085,0,-3.21,1,500,50000,500,50000,543,-12153,16520489,958,24043,-63787092
21:01:28.090,0,-3.13,1,500,50000,500,50000,530,-21458,16520360,705,35974,-63786880
21:01:28.095,0,-3.12,1,500,50000,500,50000,504,-38121,16520098,611,38313,-63786696
21:01:28.101,0,-3.19,1,500,50000,500,50000,502,-51940,16519800,671,40231,-63786508
21:01:28.106,0,-3.3,1,500,50000,500,50000,420,-51304,16519510,774,31869,-63786376
21:01:28.111,0,-3.37,1,500,50000,500,50000,461,-34269,16519389,774,30718,-63786216
21:01:28.116,0,-3.28,1,500,50000,500,50000,495,-19084,16519368,658,35785,-63786008
21:01:28.121,0,-3.19,1,500,50000,500,50000,553,-14801,16519320,739,33771,-63785864
21:01:28.126,0,-3.16,1,500,50000,500,50000,463,-25086,16519149,911,27650,-63785776
21:01:28.131,0,-3.2,1,500,50000,500,50000,494,-43464,16518873,775,30770,-63785576
21:01:28.136,0,-3.27,1,500,50000,500,50000,498,-58782,16518486,622,38416,-63785372
21:01:28.141,0,-3.3,1,500,50000,500,50000,468,-50219,16518276,576,38185,-63785180
21:01:28.146,0,-3.24,1,500,50000,500,50000,464,-32562,16518189,702,34223,-63785012
21:01:28.151,0,-3.13,1,500,50000,500,50000,539,-11193,16518178,800,32158,-63784812
21:01:28.156,0,-3.02,1,500,50000,500,50000,531,-14055,16518101,907,30172,-63784652
21:01:28.161,0,-2.99,1,500,50000,500,50000,538,-26550,16517929,712,35020,-63784476
21:01:28.166,0,-3.06,1,500,50000,500,50000,460,-47348,16517586,587,40202,-63784260
21:01:28.171,0,-3.17,1,500,50000,500,50000,494,-56100,16517369,701,33318,-63784176
21:01:28.177,0,-3.25,1,500,50000,500,50000,490,-52675,16517082,508,39156,-63783924
21:01:28.182,0,-3.24,1,500,50000,500,50000,454,-32644,16517013,551,40383,-63783768
21:01:28.187,0,-3.15,1,500,50000,500,50000,519,-14782,16516996,792,31002,-63783636
21:01:28.192,0,-3.05,1,500,50000,500,50000,312,-12715,16516945,869,28087,-63783468
21:01:28.197,0,-3.04,1,500,50000,500,50000,617,-22534,16516800,669,39515,-63783244
21:01:28.202,0,-3.12,1,500,50000,500,50000,553,-44352,16516477,618,38010,-63783080
21:01:28.207,0,-3.26,1,500,50000,500,50000,458,-55282,16516169,750,31971,-63782932
21:01:28.212,0,-3.36,1,500,50000,500,50000,443,-49691,16515909,720,33281,-63782760
21:01:28.217,0,-3.37,1,500,50000,500,50000,384,-33373,16515820,586,40342,-63782536
21:01:28.222,0,-3.3,1,500,50000,500,50000,519,-23654,16515750,711,35239,-63782396
21:01:28.227,0,-3.22,1,500,50000,500,50000,486,-21601,16515640,933,29400,-63782272
21:01:28.232,0,-3.18,1,500,50000,500,50000,529,-31839,16515457,822,31050,-63782108
21:01:28.237,0,-3.22,1,500,50000,500,50000,518,-48664,16515133,597,38895,-63781884
21:01:28.242,0,-3.28,1,500,50000,500,50000,463,-54240,16514860,549,43998,-63781676
21:01:28.247,0,-3.32,1,500,50000,500,50000,460,-51908,16514581,775,34397,-63781548
21:01:28.253,0,-3.28,1,500,50000,500,50000,478,-48237,16514377,667,35068,-63781364
21:01:28.258,0,-3.17,1,500,50000,500,50000,514,-26992,16514312,495,43981,-63781120
21:01:28.263,0,-3.04,1,500,50000,500,50000,469,-18038,16514264,695,36431,-63780992
21:01:28.268,0,-2.95,1,500,50000,500,50000,528,-19838,16514153,941,27368,-63780868
21:01:28.273,0,-2.95,1,500,50000,500,50000,559,-24955,16514017,772,33012,-63780688
21:01:28.278,0,-3.04,1,500,50000,500,50000,520,-35317,16513785,642,37114,-63780488
21:01:28.283,0,-3.15,1,500,50000,500,50000,479,-41703,16513525,665,37850,-63780308
21:01:28.288,0,-3.24,1,500,50000,500,50000,523,-45134,16513297,780,32711,-63780152
21:01:28.293,0,-3.27,1,500,50000,500,50000,447,-36200,16513129,706,36363,-63779964
21:01:28.298,0,-3.24,1,500,50000,500,50000,511,-26432,16513048,671,35817,-63779784
21:01:28.303,0,-3.19,1,500,50000,500,50000,515,-19085,16512968,699,37228,-63779612
21:01:28.308,0,-3.15,1,500,50000,500,50000,488,-20845,16512857,967,27567,-63779536
21:01:28.313,0,-3.17,1,500,50000,500,50000,554,-31223,16512648,814,29435,-63779340
21:01:28.319,0,-3.24,1,500,50000,500,50000,510,-39649,16512424,753,35807,-63779164
21:01:28.324,0,-3.32,1,500,50000,500,50000,472,-45900,16512130,719,34370,-63779000
21:01:28.329,0,-3.37,1,500,50000,500,50000,478,-42462,16511941,790,31792,-63778836
21:01:28.334,0,-3.35,1,500,50000,500,50000,489,-32007,16511833,836,29460,-63778704
21:01:28.339,0,-3.3,1,500,50000,500,50000,542,-20212,16511764,780,32145,-63778520
21:01:28.344,0,-3.24,1,500,50000,500,50000,525,-22916,16511649,689,36165,-63778332
21:01:28.349,0,-3.22,1,500,50000,500,50000,490,-34739,16511421,906,27695,-63778252
21:01:28.354,0,-3.26,1,500,50000,500,50000,515,-50181,16511129,693,32803,-63778044
21:01:28.359,0,-3.32,1,500,50000,500,50000,425,-59129,16510812,588,39620,-63777804
21:01:28.364,0,-3.34,1,500,50000,500,50000,466,-51545,16510550,669,35389,-63777672
21:01:28.369,0,-3.3,1,500,50000,500,50000,487,-36566,16510445,704,33433,-63777488
21:01:28.374,0,-3.19,1,500,50000,500,50000,512,-22597,16510377,581,38023,-63777296
21:01:28.380,0,-3.06,1,500,50000,500,50000,539,-22755,16510270,683,38401,-63777112
21:01:28.385,0,-2.99,1,500,50000,500,50000,456,-35706,16510057,772,33316,-63776960
21:01:28.390,0,-2.99,1,500,50000,500,50000,500,-45957,16509769,633,36125,-63776768
21:01:28.395,0,-3.05,1,500,50000,500,50000,485,-37193,16509629,532,42254,-63776540
21:01:28.400,0,-3.11,1,500,50000,500,50000,554,-19838,16509577,699,34597,-63776412
21:01:28.405,0,-3.15,1,500,50000,500,50000,448,-12010,16509548,882,27991,-63776288
21:01:28.410,0,-3.17,1,500,50000,500,50000,530,-16438,16509445,780,30110,-63776124
21:01:28.415,0,-3.21,1,500,50000,500,50000,539,-30790,16509245,682,35925,-63775920
21:01:28.420,0,-3.3,1,500,50000,500,50000,490,-46583,16508968,675,37953,-63775736
21:01:28.425,0,-3.42,1,500,50000,500,50000,472,-52762,16508641,775,31579,-63775624
21:01:28.430,0,-3.49,1,500,50000,500,50000,462,-44646,16508457,775,30805,-63775436
21:01:28.435,0,-3.48,1,500,50000,500,50000,510,-27868,16508369,661,34533,-63775228
21:01:28.440,0,-3.39,1,500,50000,500,50000,506,-19387,16508318,757,34397,-63775064
21:01:28.445,0,-3.28,1,500,50000,500,50000,511,-21441,16508201,979,26817,-63774984
21:01:28.450,0,-3.21,1,500,50000,500,50000,551,-36055,16507961,907,27477,-63774784
21:01:28.455,0,-3.22,1,500,50000,500,50000,486,-49372,16507685,651,36329,-63774576
21:01:28.460,0,-3.27,1,500,50000,500,50000,439,-48154,16507414,628,36818,-63774392
21:01:28.466,0,-3.32,1,500,50000,500,50000,470,-38598,16507269,868,28175,-63774300
21:01:28.471,0,-3.3,1,500,50000,500,50000,482,-22689,16507200,844,27699,-63774128
21:01:28.476,0,-3.15,1,500,50000,500,50000,508,-13310,16507168,784,32799,-63773928
21:01:28.481,0,-3.13,1,500,50000,500,50000,512,-15754,16507093,707,34751,-63773760
21:01:28.486,0,-3.18,1,500,50000,500,50000,466,-30760,16506873,937,29786,-63773660
21:01:28.491,0,-3.27,1,500,50000,500,50000,509,-50981,16506557,825,28901,-63773480
21:01:28.496,0,-3.34,1,500,50000,500,50000,441,-54709,16506293,593,39259,-63773216
21:01:28.501,0,-3.33,1,500,50000,500,50000,466,-42276,16506092,544,40729,-63773056
21:01:28.506,0,-3.24,1,500,50000,500,50000,464,-21519,16506040,613,38398,-63772844
21:01:28.511,0,-3.13,1,500,50000,500,50000,519,-11913,16506008,793,31894,-63772700
21:01:28.517,0,-3.07,1,500,50000,500,50000,577,-14969,16505928,776,28050,-63772572
21:01:28.522,0,-3.1,1,500,50000,500,50000,575,-25683,16505769,658,34571,-63772344
21:01:28.527,0,-3.2,1,500,50000,500,50000,497,-40031,16505513,583,43872,-63772140
21:01:28.532,0,-3.31,1,500,50000,500,50000,448,-48398,16505242,806,30012,-63772068
21:01:28.537,0,-3.36,1,500,50000,500,50000,468,-34133,16505096,773,28266,-63771880
21:01:28.542,0,-3.34,1,500,50000,500,50000,520,-22022,16505048,554,39937,-63771648
21:01:28.547,0,-3.29,1,500,50000,500,50000,526,-11799,16505037,618,40915,-63771464
21:01:28.552,0,-3.28,1,500,50000,500,50000,553,-16911,16504921,718,35775,-63771324
21:01:28.557,0,-3.33,1,500,50000,500,50000,488,-30846,16504721,993,26078,-63771240
21:01:28.562,0,-3.43,1,500,50000,500,50000,438,-51138,16504366,845,26114,-63771056
21:01:28.567,0,-3.52,1,500,50000,500,50000,494,-57109,16504068,658,32989,-63770812
21:01:28.572,0,-3.52,1,500,50000,500,50000,464,-53304,16503833,426,45737,-63770572
21:01:28.577,0,-3.42,1,500,50000,500,50000,509,-37718,16503673,591,41731,-63770408
21:01:28.582,0,-3.27,1,500,50000,500,50000,461,-24300,16503612,897,27307,-63770344
21:01:28.587,0,-3.14,1,500,50000,500,50000,484,-17695,16503544,864,27188,-63770160
21:01:28.592,0,-3.09,1,500,50000,500,50000,545,-22154,16503430,767,33707,-63769944
21:01:28.597,0,-3.14,1,500,50000,500,50000,554,-26036,16503288,743,36163,-63769796
21:01:28.603,0,-3.24,1,500,50000,500,50000,505,-35011,16503048,983,28246,-63769692
21:01:28.608,0,-3.34,1,500,50000,500,50000,501,-41420,16502825,876,27763,-63769504
21:01:28.613,0,-3.39,1,500,50000,500,50000,491,-44827,16502569,668,34458,-63769256
21:01:28.618,0,-3.38,1,500,50000,500,50000,497,-47776,16502332,514,44981,-63769028
21:01:28.623,0,-3.32,1,500,50000,500,50000,502,-40414,16502168,614,41831,-63768860
21:01:28.628,0,-3.23,1,500,50000,500,50000,484,-27698,16502053,807,31186,-63768732
21:01:28.633,0,-3.15,1,500,50000,500,50000,514,-19990,16501994,909,27645,-63768556
21:01:28.638,0,-3.12,1,500,50000,500,50000,526,-18807,16501901,520,40327,-63768316
21:01:28.643,0,-3.15,1,500,50000,500,50000,524,-24985,16501757,545,43151,-63768128
21:01:28.648,0,-3.23,1,500,50000,500,50000,486,-36085,16501516,636,39146,-63767976
21:01:28.653,0,-3.33,1,500,50000,500,50000,449,-41784,16501225,667,37829,-63767756
21:01:28.658,0,-3.4,1,500,50000,500,50000,478,-38794,16501017,848,31100,-63767608
21:01:28.663,0,-3.41,1,500,50000,500,50000,427,-29931,16500916,638,35773,-63767420
21:01:28.668,0,-3.37,1,500,50000,500,50000,578,-19382,16500853,592,38366,-63767232
21:01:28.673,0,-3.32,1,500,50000,500,50000,494,-17858,16500773,721,35078,-63767084
21:01:28.679,0,-3.3,1,500,50000,500,50000,494,-24650,16500648,860,29301,-63767008
21:01:28.684,0,-3.34,1,500,50000,500,50000,515,-41544,16500360,609,38269,-63766768
21:01:28.689,0,-3.41,1,500,50000,500,50000,462,-54679,16500057,483,40942,-63766564
21:01:28.694,0,-3.44,1,500,50000,500,50000,472,-51256,16499788,811,31841,-63766476
21:01:28.699,0,-3.41,1,500,50000,500,50000,450,-35602,16499693,851,29024,-63766300
21:01:28.704,0,-3.32,1,500,50000,500,50000,476,-20216,16499637,681,36282,-63766104
21:01:28.709,0,-3.22,1,500,50000,500,50000,550,-17740,16499572,811,33312,-63765956
21:01:28.714,0,-3.17,1,500,50000,500,50000,525,-24361,16499432,847,30777,-63765804
21:01:28.719,0,-3.19,1,500,50000,500,50000,509,-40121,16499148,780,33151,-63765648
21:01:28.724,0,-3.27,1,500,50000,500,50000,486,-50785,16498858,636,35854,-63765444
21:01:28.729,0,-3.33,1,500,50000,500,50000,469,-41418,16498649,661,36912,-63765240
21:01:28.734,0,-3.33,1,500,50000,500,50000,496,-24436,16498598,681,35400,-63765092
21:01:28.739,0,-3.28,1,500,50000,500,50000,510,-16447,16498552,890,29076,-63764948
21:01:28.744,0,-3.23,1,500,50000,500,50000,550,-17107,16498465,800,30580,-63764756
21:01:28.749,0,-3.25,1,500,50000,500,50000,523,-27248,16498297,719,36231,-63764588
21:01:28.754,0,-3.34,1,500,50000,500,50000,491,-46920,16497957,782,31782,-63764444
21:01:28.760,0,-3.46,1,500,50000,500,50000,494,-53522,16497674,722,33822,-63764272
21:01:28.765,0,-3.53,1,500,50000,500,50000,516,-46688,16497480,597,39488,-63764044
21:01:28.770,0,-3.52,1,500,50000,500,50000,491,-34109,16497340,634,39209,-63763860
21:01:28.775,0,-3.43,1,500,50000,500,50000,501,-30077,16497222,832,29357,-63763768
21:01:28.780,0,-3.32,1,500,50000,500,50000,536,-33543,16497033,723,33689,-63763548
21:01:28.785,0,-3.25,1,500,50000,500,50000,488,-37827,16496837,605,40078,-63763324
21:01:28.790,0,-3.23,1,500,50000,500,50000,434,-41395,16496621,768,33059,-63763224
21:01:28.795,0,-3.24,1,500,50000,500,50000,511,-37518,16496424,791,29916,-63763048
21:01:28.800,0,-3.25,1,500,50000,500,50000,501,-32245,16496297,676,35437,-63762824
21:01:28.805,0,-3.24,1,500,50000,500,50000,503,-33952,16496105,591,39264,-63762612
21:01:28.810,0,-3.22,1,500,50000,500,50000,470,-40549,16495881,710,37161,-63762480
21:01:28.815,0,-3.21,1,500,50000,500,50000,480,-44296,16495649,879,30834,-63762328
21:01:28.820,0,-3.2,1,500,50000,500,50000,476,-39104,16495448,749,29262,-63762136
21:01:28.825,0,-3.19,1,500,50000,500,50000,520,-25877,16495382,734,35539,-63761908
21:01:28.830,0,-3.17,1,500,50000,500,50000,524,-19687,16495296,692,35532,-63761772
21:01:28.835,0,-3.17,1,500,50000,500,50000,510,-23105,16495177,827,30608,-63761632
21:01:28.841,0,-3.21,1,500,50000,500,50000,496,-32704,16494977,873,30370,-63761460
21:01:28.846,0,-3.29,1,500,50000,500,50000,501,-46110,16494680,725,33499,-63761256
21:01:28.851,0,-3.38,1,500,50000,500,50000,442,-48684,16494441,654,37965,-63761084
21:01:28.856,0,-3.43,1,500,50000,500,50000,504,-33245,16494312,799,34784,-63760920
21:01:28.861,0,-3.36,1,500,50000,500,50000,501,-21375,16494265,894,29317,-63760780
21:01:28.866,0,-3.3,1,500,50000,500,50000,566,-13536,16494229,762,34982,-63760600
21:01:28.871,0,-3.32,1,500,50000,500,50000,499,-17295,16494136,847,34391,-63760448
21:01:28.876,0,-3.4,1,500,50000,500,50000,468,-30258,16493929,956,28972,-63760316
21:01:28.881,0,-3.5,1,500,50000,500,50000,569,-45301,16493658,939,26939,-63760140
21:01:28.886,0,-3.56,1,500,50000,500,50000,523,-57929,16493288,414,45665,-63759868
21:01:28.891,0,-3.52,1,500,50000,500,50000,448,-48324,16493097,526,42978,-63759688
21:01:28.896,0,-3.4,1,500,50000,500,50000,480,-32718,16492965,786,32792,-63759556
21:01:28.901,0,-3.27,1,500,50000,500,50000,562,-22514,16492905,685,33499,-63759372
21:01:28.906,0,-3.19,1,500,50000,500,50000,535,-18896,16492825,580,40670,-63759144
21:01:28.911,0,-3.21,1,500,50000,500,50000,503,-24917,16492685,746,32879,-63759052
21:01:28.917,0,-3.3,1,500,50000,500,50000,509,-34024,16492484,905,29449,-63758892
21:01:28.922,0,-3.41,1,500,50000,500,50000,494,-42978,16492204,823,27972,-63758716
21:01:28.927,0,-3.47,1,500,50000,500,50000,518,-41837,16492013,615,37799,-63758492
21:01:28.932,0,-3.47,1,500,50000,500,50000,477,-37284,16491817,555,41391,-63758288
21:01:28.937,0,-3.42,1,500,50000,500,50000,503,-37248,16491637,618,38929,-63758120
21:01:28.942,0,-3.35,1,500,50000,500,50000,475,-37590,16491458,889,27858,-63758028
21:01:28.947,0,-3.3,1,500,50000,500,50000,552,-33929,16491284,770,30529,-63757820
21:01:28.952,0,-3.27,1,500,50000,500,50000,529,-27843,16491177,635,38477,-63757600
21:01:28.957,0,-3.27,1,500,50000,500,50000,514,-25534,16491040,783,33380,-63757484
21:01:28.962,0,-3.29,1,500,50000,500,50000,555,-29905,16490901,847,29511,-63757320
21:01:28.967,0,-3.33,1,500,50000,500,50000,503,-36534,16490694,674,36695,-63757116
21:01:28.972,0,-3.36,1,500,50000,500,50000,519,-44378,16490417,571,42006,-63756892
21:01:28.977,0,-3.36,1,500,50000,500,50000,474,-43607,16490210,678,38619,-63756728
21:01:28.982,0,-3.33,1,500,50000,500,50000,431,-33208,16490056,837,30704,-63756588
21:01:28.987,0,-3.27,1,500,50000,500,50000,537,-23684,16489981,629,35045,-63756384
21:01:28.992,0,-3.22,1,500,50000,500,50000,499,-20190,16489900,591,40282,-63756168
21:01:28.998,0,-3.22,1,500,50000,500,50000,490,-24267,16489745,606,41419,-63755980
21:01:29.003,0,-3.27,1,500,50000,500,50000,492,-38952,16489501,703,36295,-63755832
21:01:29.008,0,-3.33,1,500,50000,500,50000,481,-49950,16489180,796,29130,-63755716
21:01:29.013,0,-3.36,1,500,50000,500,50000,478,-48684,16488905,788,30800,-63755468
21:01:29.018,0,-3.33,1,500,50000,500,50000,516,-35733,16488798,388,46724,-63755196
21:01:29.023,0,-3.25,1,500,50000,500,50000,526,-20242,16488746,517,44056,-63755032
21:01:29.028,0,-3.18,1,500,50000,500,50000,475,-17494,16488677,815,32970,-63754920
21:01:29.033,0,-3.17,1,500,50000,500,50000,517,-25134,16488521,901,26929,-63754804
21:01:29.038,0,-3.23,1,500,50000,500,50000,539,-36521,16488313,719,33860,-63754584
21:01:29.043,0,-3.32,1,500,50000,500,50000,485,-46236,16488057,632,37308,-63754428
21:01:29.048,0,-3.38,1,500,50000,500,50000,479,-42811,16487824,756,35124,-63754268
21:01:29.053,0,-3.39,1,500,50000,500,50000,544,-31494,16487721,898,29994,-63754120
21:01:29.058,0,-3.33,1,500,50000,500,50000,522,-21989,16487645,864,27681,-63753960
21:01:29.063,0,-3.28,1,500,50000,500,50000,545,-21168,16487561,674,38003,-63753748
21:01:29.068,0,-3.27,1,500,50000,500,50000,496,-26797,16487400,834,32257,-63753624
21:01:29.073,0,-3.32,1,500,50000,500,50000,502,-37409,16487177,862,30626,-63753464
21:01:29.079,0,-3.39,1,500,50000,500,50000,473,-44292,16486904,690,33709,-63753292
21:01:29.084,0,-3.42,1,500,50000,500,50000,401,-35234,16486748,478,43935,-63753032
21:01:29.089,0,-3.42,1,500,50000,500,50000,431,-24195,16486680,658,38092,-63752888
21:01:29.094,0,-3.39,1,500,50000,500,50000,553,-20940,16486585,812,31400,-63752776
21:01:29.099,0,-3.38,1,500,50000,500,50000,523,-27395,16486437,740,34240,-63752572
21:01:29.104,0,-3.41,1,500,50000,500,50000,510,-43847,16486141,649,36797,-63752380
21:01:29.109,0,-3.47,1,500,50000,500,50000,486,-55157,16485830,616,38395,-63752216
21:01:29.114,0,-3.49,1,500,50000,500,50000,499,-51639,16485597,844,32459,-63752064
21:01:29.119,0,-3.46,1,500,50000,500,50000,490,-34464,16485473,700,33138,-63751884
21:01:29.124,0,-3.37,1,500,50000,500,50000,526,-22022,16485429,536,41876,-63751636
21:01:29.129,0,-3.28,1,500,50000,500,50000,541,-18955,16485345,599,41951,-63751452
21:01:29.134,0,-3.27,1,500,50000,500,50000,518,-26996,16485186,881,29918,-63751388
21:01:29.139,0,-3.33,1,500,50000,500,50000,492,-46447,16484889,925,27096,-63751212
21:01:29.144,0,-3.42,1,500,50000,500,50000,461,-56521,16484536,694,33436,-63750968
21:01:29.149,0,-3.48,1,500,50000,500,50000,503,-50125,16484325,468,44981,-63750740
21:01:29.154,0,-3.46,1,500,50000,500,50000,433,-40122,16484173,684,38549,-63750588
21:01:29.159,0,-3.37,1,500,50000,500,50000,498,-24987,16484089,897,30655,-63750440
21:01:29.164,0,-3.28,1,500,50000,500,50000,631,-24971,16483977,750,30472,-63750288
21:01:29.170,0,-3.23,1,500,50000,500,50000,512,-30636,16483768,780,29985,-63750076
21:01:29.175,0,-3.26,1,500,50000,500,50000,452,-36500,16483569,609,39460,-63749840
21:01:29.180,0,-3.33,1,500,50000,500,50000,459,-36287,16483357,639,38660,-63749672
21:01:29.185,0,-3.4,1,500,50000,500,50000,523,-30668,16483234,862,29342,-63749584
21:01:29.190,0,-3.44,1,500,50000,500,50000,504,-28501,16483132,640,37559,-63749380
21:01:29.195,0,-3.45,1,500,50000,500,50000,504,-31412,16482950,713,36367,-63749224
21:01:29.200,0,-3.46,1,500,50000,500,50000,485,-41046,16482717,897,29049,-63749116
21:01:29.205,0,-3.46,1,500,50000,500,50000,488,-46082,16482440,673,34300,-63748892
21:01:29.210,0,-3.46,1,500,50000,500,50000,485,-44354,16482237,545,42982,-63748652
21:01:29.215,0,-3.43,1,500,50000,500,50000,477,-35165,16482073,753,36652,-63748508
21:01:29.220,0,-3.37,1,500,50000,500,50000,474,-30215,16481957,844,31321,-63748380
21:01:29.225,0,-3.31,1,500,50000,500,50000,519,-30697,16481796,658,35027,-63748168
21:01:29.230,0,-3.27,1,500,50000,500,50000,506,-34299,16481624,633,37615,-63747980
21:01:29.235,0,-3.27,1,500,50000,500,50000,513,-41259,16481374,792,30368,-63747884
21:01:29.240,0,-3.29,1,500,50000,500,50000,484,-38394,16481212,729,32371,-63747680
21:01:29.245,0,-3.31,1,500,50000,500,50000,501,-33320,16481049,622,40530,-63747436
21:01:29.251,0,-3.31,1,500,50000,500,50000,493,-28849,16480937,695,37161,-63747272
21:01:29.256,0,-3.31,1,500,50000,500,50000,506,-31413,16480756,819,32740,-63747144
21:01:29.261,0,-3.31,1,500,50000,500,50000,482,-36383,16480537,735,34015,-63746956
21:01:29.266,0,-3.33,1,500,50000,500,50000,473,-34874,16480385,699,35855,-63746768
21:01:29.271,0,-3.39,1,500,50000,500,50000,495,-30965,16480225,804,32049,-63746636
21:01:29.276,0,-3.42,1,500,50000,500,50000,524,-28141,16480108,751,31466,-63746460
21:01:29.281,0,-3.45,1,500,50000,500,50000,555,-23790,16479993,810,32702,-63746284
21:01:29.286,0,-3.51,1,500,50000,500,50000,503,-25894,16479861,841,28314,-63746188
21:01:29.291,0,-3.57,1,500,50000,500,50000,528,-34483,16479642,985,26213,-63746028
21:01:29.296,0,-3.63,1,500,50000,500,50000,512,-38765,16479437,754,32337,-63745820
21:01:29.301,0,-3.65,1,500,50000,500,50000,474,-39693,16479241,692,34677,-63745672
21:01:29.306,0,-3.63,1,500,50000,500,50000,482,-34122,16479064,916,29923,-63745528
21:01:29.311,0,-3.59,1,500,50000,500,50000,514,-31545,16478920,813,31105,-63745372
21:01:29.316,0,-3.55,1,500,50000,500,50000,501,-33151,16478728,681,36191,-63745164
21:01:29.321,0,-3.52,1,500,50000,500,50000,469,-42843,16478488,671,35429,-63744988
21:01:29.326,0,-3.5,1,500,50000,500,50000,451,-48135,16478234,780,34411,-63744844
21:01:29.331,0,-3.46,1,500,50000,500,50000,444,-48116,16477952,747,33392,-63744652
21:01:29.337,0,-3.39,1,500,50000,500,50000,602,-42852,16477768,704,34116,-63744456
21:01:29.342,0,-3.3,1,500,50000,500,50000,482,-31613,16477638,559,41240,-63744248
21:01:29.347,0,-3.23,1,500,50000,500,50000,521,-27395,16477526,670,39294,-63744072
21:01:29.352,0,-3.21,1,500,50000,500,50000,466,-28795,16477388,828,30294,-63743968
21:01:29.357,0,-3.24,1,500,50000,500,50000,667,-32982,16477192,688,34625,-63743748
21:01:29.362,0,-3.3,1,500,50000,500,50000,504,-35057,16477024,589,42786,-63743512
21:01:29.367,0,-3.37,1,500,50000,500,50000,487,-30691,16476869,816,34436,-63743392
21:01:29.372,0,-3.42,1,500,50000,500,50000,508,-30180,16476736,758,31510,-63743244
21:01:29.377,0,-3.47,1,500,50000,500,50000,520,-29889,16476604,624,35631,-63743040
21:01:29.382,0,-3.51,1,500,50000,500,50000,515,-35170,16476393,603,41399,-63742832
21:01:29.387,0,-3.54,1,500,50000,500,50000,484,-35772,16476212,844,31752,-63742720
21:01:29.392,0,-3.56,1,500,50000,500,50000,489,-32969,16476037,1023,25971,-63742612
21:01:29.397,0,-3.56,1,500,50000,500,50000,498,-25869,16475944,861,28834,-63742428
21:01:29.402,0,-3.56,1,500,50000,500,50000,506,-19031,16475888,783,34272,-63742236
21:01:29.407,0,-3.58,1,500,50000,500,50000,513,-17487,16475802,810,31545,-63742104
21:01:29.412,0,-3.64,1,500,50000,500,50000,473,-25356,16475653,930,26302,-63742012
21:01:29.417,0,-3.72,1,500,50000,500,50000,507,-38362,16475405,894,29081,-63741828
21:01:29.423,0,-3.78,1,500,50000,500,50000,472,-57760,16475057,707,33245,-63741628
21:01:29.428,0,-3.75,1,500,50000,500,50000,524,-67391,16474644,604,41683,-63741436
21:01:29.433,0,-3.63,1,500,50000,500,50000,432,-53256,16474396,792,34177,-63741292
21:01:29.438,0,-3.42,1,500,50000,500,50000,513,-34355,16474317,765,29954,-63741108
21:01:29.443,0,-3.21,1,500,50000,500,50000,556,-17603,16474293,690,33186,-63740896
21:01:29.448,0,-3.08,1,500,50000,500,50000,549,-12386,16474265,637,40821,-63740700
21:01:29.453,0,-3.07,1,500,50000,500,50000,537,-23177,16474106,859,31902,-63740580
21:01:29.458,0,-3.17,1,500,50000,500,50000,520,-35178,16473893,926,27949,-63740428
21:01:29.463,0,-3.31,1,500,50000,500,50000,481,-41136,16473645,616,38573,-63740196
21:01:29.468,0,-3.41,1,500,50000,500,50000,508,-32472,16473497,590,41193,-63740000
21:01:29.473,0,-3.45,1,500,50000,500,50000,454,-26871,16473393,766,35111,-63739852
21:01:29.479,0,-3.46,1,500,50000,500,50000,481,-22816,16473309,813,28527,-63739740
21:01:29.484,0,-3.47,1,500,50000,500,50000,500,-25311,16473169,718,32713,-63739524
21:01:29.489,0,-3.51,1,500,50000,500,50000,500,-35291,16472964,643,37079,-63739320
21:01:29.494,0,-3.56,1,500,50000,500,50000,473,-47610,16472649,666,37008,-63739184
21:01:29.499,0,-3.59,1,500,50000,500,50000,445,-44983,16472442,895,30591,-63739036
21:01:29.504,0,-3.56,1,500,50000,500,50000,512,-32829,16472336,819,29713,-63738844
21:01:29.509,0,-3.5,1,500,50000,500,50000,518,-20956,16472270,513,42456,-63738604
21:01:29.514,0,-3.45,1,500,50000,500,50000,497,-17539,16472200,688,40490,-63738440
21:01:29.519,0,-3.45,1,500,50000,500,50000,508,-22479,16472072,1005,25461,-63738388
21:01:29.524,0,-3.51,1,500,50000,500,50000,520,-39878,16471792,904,25512,-63738208
21:01:29.529,0,-3.59,1,500,50000,500,50000,520,-58415,16471401,621,35044,-63737952
21:01:29.534,0,-3.62,1,500,50000,500,50000,470,-60807,16471105,422,47148,-63737672
21:01:29.539,0,-3.57,1,500,50000,500,50000,462,-51953,16470892,755,36890,-63737580
21:01:29.544,0,-3.43,1,500,50000,500,50000,444,-37492,16470737,793,30594,-63737408
21:01:29.549,0,-3.26,1,500,50000,500,50000,488,-27310,16470657,531,41810,-63737164
21:01:29.554,0,-3.13,1,500,50000,500,50000,567,-18764,16470610,608,40444,-63736988
21:01:29.560,0,-3.08,1,500,50000,500,50000,616,-26377,16470441,798,32629,-63736860
21:01:29.565,0,-3.13,1,500,50000,500,50000,554,-30884,16470276,742,31340,-63736704
21:01:29.570,0,-3.21,1,500,50000,500,50000,481,-40879,16469945,744,31277,-63736448
21:01:29.575,0,-3.3,1,500,50000,500,50000,467,-41131,16469816,527,43592,-63736256
21:01:29.580,0,-3.33,1,500,50000,500,50000,471,-38486,16469637,752,35140,-63736116
21:01:29.585,0,-3.32,1,500,50000,500,50000,495,-28210,16469513,727,30571,-63735980
21:01:29.590,0,-3.28,1,500,50000,500,50000,532,-22145,16469437,698,37477,-63735752
21:01:29.595,0,-3.26,1,500,50000,500,50000,518,-21540,16469340,627,39127,-63735572
21:01:29.600,0,-3.28,1,500,50000,500,50000,508,-25096,16469192,884,28299,-63735496
21:01:29.605,0,-3.35,1,500,50000,500,50000,525,-32602,16469013,833,30423,-63735296
21:01:29.610,0,-3.43,1,500,50000,500,50000,501,-41140,16468757,565,41315,-63735040
21:01:29.615,0,-3.5,1,500,50000,500,50000,469,-50269,16468449,610,41848,-63734860
21:01:29.620,0,-3.51,1,500,50000,500,50000,462,-46033,16468253,907,27769,-63734792
21:01:29.625,0,-3.46,1,500,50000,500,50000,483,-31817,16468141,668,32663,-63734560
21:01:29.630,0,-3.38,1,500,50000,500,50000,545,-23031,16468073,487,43326,-63734308
21:01:29.636,0,-3.32,1,500,50000,500,50000,478,-24316,16467936,617,42192,-63734152
21:01:29.641,0,-3.35,1,500,50000,500,50000,502,-33928,16467737,1038,26239,-63734108
21:01:29.646,0,-3.41,1,500,50000,500,50000,522,-45612,16467448,845,29062,-63733896
21:01:29.651,0,-3.43,1,500,50000,500,50000,530,-49743,16467192,645,37102,-63733664
21:01:29.656,0,-3.4,1,500,50000,500,50000,460,-40273,16466997,641,40032,-63733500
21:01:29.661,0,-3.33,1,500,50000,500,50000,543,-30228,16466897,847,31761,-63733372
21:01:29.666,0,-3.27,1,500,50000,500,50000,508,-25343,16466777,956,25968,-63733232
21:01:29.671,0,-3.27,1,500,50000,500,50000,501,-26754,16466657,627,39566,-63732992
21:01:29.676,0,-3.31,1,500,50000,500,50000,494,-37259,16466409,754,36696,-63732832
21:01:29.681,0,-3.37,1,500,50000,500,50000,500,-40891,16466198,844,30816,-63732716
21:01:29.686,0,-3.4,1,500,50000,500,50000,494,-40929,16465965,731,35136,-63732460
21:01:29.691,0,-3.4,1,500,50000,500,50000,508,-31205,16465830,672,35042,-63732308
21:01:29.697,0,-3.39,1,500,50000,500,50000,515,-28369,16465705,781,32303,-63732140
21:01:29.702,0,-3.4,1,500,50000,500,50000,529,-30279,16465564,771,35057,-63731932
21:01:29.707,0,-3.43,1,500,50000,500,50000,510,-40447,16465341,683,36393,-63731772
21:01:29.712,0,-3.45,1,500,50000,500,50000,471,-46573,16465094,809,30953,-63731656
21:01:29.717,0,-3.45,1,500,50000,500,50000,498,-43613,16464856,674,35918,-63731424
21:01:29.722,0,-3.42,1,500,50000,500,50000,523,-33222,16464744,547,38814,-63731204
21:01:29.727,0,-3.38,1,500,50000,500,50000,519,-24421,16464641,821,31726,-63731112
21:01:29.732,0,-3.37,1,500,50000,500,50000,472,-29844,16464485,834,28408,-63730932
21:01:29.737,0,-3.39,1,500,50000,500,50000,338,-42481,16464241,675,38343,-63730680
21:01:29.742,0,-3.41,1,500,50000,500,50000,452,-50987,16463920,673,37422,-63730548
21:01:29.747,0,-3.41,1,500,50000,500,50000,474,-44817,16463733,885,31129,-63730400
21:01:29.752,0,-3.36,1,500,50000,500,50000,507,-29373,16463626,868,27885,-63730236
21:01:29.757,0,-3.32,1,500,50000,500,50000,514,-21366,16463565,713,36396,-63730036
21:01:29.762,0,-3.31,1,500,50000,500,50000,477,-22588,16463458,808,34087,-63729888
21:01:29.767,0,-3.36,1,500,50000,500,50000,504,-37968,16463193,949,29049,-63729752
21:01:29.772,0,-3.43,1,500,50000,500,50000,493,-49163,16462918,854,30108,-63729564
21:01:29.777,0,-3.48,1,500,50000,500,50000,489,-43670,16462694,645,38593,-63729364
21:01:29.783,0,-3.48,1,500,50000,500,50000,498,-28894,16462614,795,33561,-63729228
21:01:29.788,0,-3.45,1,500,50000,500,50000,507,-18800,16462550,1035,26685,-63729100
21:01:29.793,0,-3.45,1,500,50000,500,50000,531,-19028,16462470,821,28060,-63728912
21:01:29.798,0,-3.51,1,500,50000,500,50000,522,-25322,16462317,702,37440,-63728716
21:01:29.803,0,-3.61,1,500,50000,500,50000,511,-36235,16462104,751,34049,-63728576
21:01:29.808,0,-3.7,1,500,50000,500,50000,493,-57016,16461710,835,30989,-63728412
21:01:29.813,0,-3.72,1,500,50000,500,50000,473,-54103,16461473,683,35779,-63728236
21:01:29.818,0,-3.65,1,500,50000,500,50000,378,-34449,16461353,660,35681,-63728056
21:01:29.823,0,-3.55,1,500,50000,500,50000,522,-16145,16461338,747,34350,-63727884
21:01:29.828,0,-3.48,1,500,50000,500,50000,548,-11582,16461301,868,31250,-63727740
21:01:29.833,0,-3.5,1,500,50000,500,50000,517,-20672,16461156,1001,27855,-63727624
21:01:29.838,0,-3.59,1,500,50000,500,50000,538,-37354,16460920,873,31213,-63727444
21:01:29.844,0,-3.68,1,500,50000,500,50000,475,-53763,16460556,763,35907,-63727252
21:01:29.849,0,-3.7,1,500,50000,500,50000,424,-59213,16460249,791,32758,-63727120
21:01:29.854,0,-3.6,1,500,50000,500,50000,493,-51653,16459992,547,37720,-63726880
21:01:29.859,0,-3.43,1,500,50000,500,50000,473,-37884,16459868,563,40822,-63726660
21:01:29.864,0,-3.24,1,500,50000,500,50000,504,-26413,16459792,727,32191,-63726564
21:01:29.869,0,-3.13,1,500,50000,500,50000,504,-21897,16459700,803,31530,-63726380
21:01:29.874,0,-3.11,1,500,50000,500,50000,539,-25982,16459564,739,34396,-63726192
21:01:29.879,0,-3.18,1,500,50000,500,50000,495,-33777,16459353,779,35760,-63726044
21:01:29.884,0,-3.27,1,500,50000,500,50000,491,-39638,16459145,775,34809,-63725872
21:01:29.889,0,-3.34,1,500,50000,500,50000,492,-42586,16458938,824,35335,-63725676
21:01:29.894,0,-3.35,1,500,50000,500,50000,449,-39314,16458733,761,32243,-63725500
21:01:29.899,0,-3.32,1,500,50000,500,50000,511,-29444,16458598,634,39753,-63725296
21:01:29.904,0,-3.29,1,500,50000,500,50000,504,-22485,16458521,696,37141,-63725132
21:01:29.909,0,-3.28,1,500,50000,500,50000,472,-22365,16458421,923,28179,-63725036
21:01:29.914,0,-3.32,1,500,50000,500,50000,471,-28502,16458265,862,29773,-63724848
21:01:29.919,0,-3.39,1,500,50000,500,50000,530,-36457,16458044,609,40308,-63724628
21:01:29.925,0,-3.46,1,500,50000,500,50000,561,-41277,16457829,711,36569,-63724472
21:01:29.930,0,-3.5,1,500,50000,500,50000,434,-40885,16457592,837,31351,-63724316
21:01:29.935,0,-3.49,1,500,50000,500,50000,409,-32656,16457466,765,33545,-63724140
21:01:29.940,0,-3.46,1,500,50000,500,50000,521,-23603,16457393,740,36718,-63723944
21:01:29.945,0,-3.42,1,500,50000,500,50000,512,-20759,16457289,665,39370,-63723756
21:01:29.950,0,-3.43,1,500,50000,500,50000,500,-27551,16457134,960,25618,-63723708
21:01:29.955,0,-3.48,1,500,50000,500,50000,525,-44030,16456841,827,29934,-63723488
21:01:29.960,0,-3.53,1,500,50000,500,50000,501,-61163,16456489,588,42609,-63723212
21:01:29.965,0,-3.52,1,500,50000,500,50000,476,-64582,16456166,370,50549,-63722956
21:01:29.965,0,-3.52,1,500,50000,500,50000,455,-48173,16455944,816,32463,-63722912
21:01:29.970,0,-3.43,1,500,50000,500,50000,488,-26125,16455881,859,31436,-63722700
21:01:29.975,0,-3.26,1,500,50000,500,50000,561,-18481,16455832,578,37941,-63722444
21:01:29.980,0,-3.09,1,500,50000,500,50000,554,-20663,16455722,411,46681,-63722200
21:01:29.985,0,-3.0,1,500,50000,500,50000,482,-31465,16455529,730,35752,-63722128
21:01:29.990,0,-3.02,1,500,50000,500,50000,496,-47067,16455212,952,26620,-63721976
21:01:29.995,0,-3.11,1,500,50000,500,50000,457,-44595,16455017,772,30294,-63721740
21:01:30.001,0,-3.22,1,500,50000,500,50000,548,-32513,16454889,466,44169,-63721496
21:01:30.006,0,-3.28,1,500,50000,500,50000,523,-21150,16454842,753,36142,-63721364
21:01:30.011,0,-3.29,1,500,50000,500,50000,538,-19569,16454749,932,29010,-63721236
21:01:30.016,0,-3.27,1,500,50000,500,50000,561,-25552,16454597,994,26797,-63721084
21:01:30.021,0,-3.37,1,500,50000,500,50000,531,-35973,16454396,788,34091,-63720896
21:01:30.026,0,-3.46,1,500,50000,500,50000,503,-47197,16454089,635,40223,-63720680
21:01:30.031,0,-3.52,1,500,50000,500,50000,400,-45185,16453886,780,37251,-63720524
21:01:30.036,0,-3.51,1,500,50000,500,50000,396,-33575,16453737,811,29447,-63720408
21:01:30.041,0,-3.45,1,500,50000,500,50000,529,-26439,16453641,651,36042,-63720172
21:01:30.046,0,-3.38,1,500,50000,500,50000,500,-23132,16453546,631,41687,-63719964
21:01:30.051,0,-3.35,1,500,50000,500,50000,521,-32269,16453328,823,30606,-63719888
21:01:30.056,0,-3.37,1,500,50000,500,50000,507,-44608,16453066,907,29020,-63719704
21:01:30.061,0,-3.41,1,500,50000,500,50000,467,-46005,16452721,731,30012,-63719468
21:01:30.066,0,-3.43,1,500,50000,500,50000,509,-37439,16452582,662,36595,-63719228
21:01:30.071,0,-3.4,1,500,50000,500,50000,564,-31107,16452461,616,40244,-63719020
21:01:30.076,0,-3.35,1,500,50000,500,50000,499,-34061,16452261,765,33669,-63718908
21:01:30.081,0,-3.29,1,500,50000,500,50000,586,-45065,16452005,770,32916,-63718700
21:01:30.087,0,-3.26,1,500,50000,500,50000,454,-47478,16451769,443,44862,-63718456
21:01:30.092,0,-3.24,1,500,50000,500,50000,463,-44116,16451609,814,31740,-63718416
21:01:30.097,0,-3.22,1,500,50000,500,50000,463,-35056,16451482,753,32402,-63718208
21:01:30.102,0,-3.18,1,500,50000,500,50000,688,-24671,16451385,578,40967,-63717956
21:01:30.107,0,-3.15,1,500,50000,500,50000,565,-24042,16451277,742,36980,-63717840
21:01:30.112,0,-3.16,1,500,50000,500,50000,522,-36936,16451030,884,32698,-63717672
21:01:30.117,0,-3.22,1,500,50000,500,50000,470,-47105,16450765,804,31786,-63717488
21:01:30.122,0,-3.29,1,500,50000,500,50000,436,-47120,16450541,582,39996,-63717280
21:01:30.127,0,-3.34,1,500,50000,500,50000,458,-38072,16450364,670,39083,-63717100
21:01:30.132,0,-3.34,1,500,50000,500,50000,474,-29705,16450262,839,31744,-63716968
21:01:30.137,0,-3.32,1,500,50000,500,50000,511,-30705,16450089,820,28335,-63716796
21:01:30.142,0,-3.31,1,500,50000,500,50000,525,-33954,16449921,566,42109,-63716552
21:01:30.147,0,-3.33,1,500,50000,500,50000,512,-40394,16449702,628,40922,-63716384
21:01:30.152,0,-3.37,1,500,50000,500,50000,462,-41592,16449457,859,29998,-63716264
21:01:30.157,0,-3.4,1,500,50000,500,50000,481,-32226,16449349,832,31603,-63716056
21:01:30.162,0,-3.42,1,500,50000,500,50000,627,-20608,16449281,629,38458,-63715868
21:01:30.167,0,-3.43,1,500,50000,500,50000,681,-17823,16449205,780,32524,-63715736
21:01:30.173,0,-3.47,1,500,50000,500,50000,553,-27688,16449017,912,27757,-63715592
21:01:30.178,0,-3.54,1,500,50000,500,50000,505,-45556,16448705,681,37867,-63715384
21:01:30.183,0,-3.63,1,500,50000,500,50000,500,-56927,16448397,616,40790,-63715192
21:01:30.188,0,-3.68,1,500,50000,500,50000,433,-58690,16448069,744,33348,-63715048
21:01:30.193,0,-3.64,1,500,50000,500,50000,462,-54127,16447840,775,33133,-63714840
21:01:30.198,0,-3.51,1,500,50000,500,50000,507,-43055,16447657,536,44925,-63714596
21:01:30.203,0,-3.34,1,500,50000,500,50000,458,-26853,16447580,633,38682,-63714448
21:01:30.208,0,-3.18,1,500,50000,500,50000,562,-22571,16447500,837,27652,-63714336
21:01:30.213,0,-3.11,1,500,50000,500,50000,488,-26536,16447354,939,26493,-63714156
21:01:30.218,0,-3.13,1,500,50000,500,50000,522,-32952,16447186,641,37153,-63713944
21:01:30.223,0,-3.22,1,500,50000,500,50000,484,-37389,16446985,678,39420,-63713760
21:01:30.228,0,-3.33,1,500,50000,500,50000,485,-42569,16446713,716,36189,-63713596
21:01:30.233,0,-3.4,1,500,50000,500,50000,495,-37450,16446552,899,29279,-63713484
21:01:30.239,0,-3.42,1,500,50000,500,50000,509,-27903,16446433,749,30185,-63713292
21:01:30.244,0,-3.41,1,500,50000,500,50000,530,-25256,16446329,756,36757,-63713112
21:01:30.249,0,-3.39,1,500,50000,500,50000,512,-26119,16446208,877,30303,-63712984
21:01:30.254,0,-3.42,1,500,50000,500,50000,530,-34686,16445993,895,29131,-63712812
21:01:30.259,0,-3.48,1,500,50000,500,50000,494,-47651,16445722,617,38108,-63712600
21:01:30.264,0,-3.54,1,500,50000,500,50000,430,-58931,16445346,564,42266,-63712380
21:01:30.269,0,-3.57,1,500,50000,500,50000,476,-47642,16445160,707,38598,-63712208
21:01:30.274,0,-3.53,1,500,50000,500,50000,501,-28383,16445101,847,30157,-63712096
21:01:30.279,0,-3.44,1,500,50000,500,50000,494,-17404,16445052,843,28993,-63711916
21:01:30.284,0,-3.35,1,500,50000,500,50000,532,-18715,16444964,699,37603,-63711728
21:01:30.289,0,-3.31,1,500,50000,500,50000,495,-35778,16444730,714,38116,-63711544
21:01:30.294,0,-3.35,1,500,50000,500,50000,621,-59638,16444312,803,32343,-63711388
21:01:30.299,0,-3.43,1,500,50000,500,50000,585,-65640,16443966,645,37707,-63711164
21:01:30.304,0,-3.46,1,500,50000,500,50000,473,-50642,16443729,370,46398,-63710888
21:01:30.309,0,-3.4,1,500,50000,500,50000,477,-28711,16443681,535,45146,-63710700
21:01:30.314,0,-3.25,1,500,50000,500,50000,502,-17371,16443649,838,31787,-63710596
21:01:30.320,0,-3.1,1,500,50000,500,50000,529,-19561,16443546,788,30015,-63710440
21:01:30.325,0,-3.04,1,500,50000,500,50000,573,-29947,16443365,594,40664,-63710180
21:01:30.330,0,-3.09,1,500,50000,500,50000,491,-41023,16443085,516,45086,-63709964
21:01:30.335,0,-3.21,1,500,50000,500,50000,456,-39020,16442897,975,30374,-63709920
21:01:30.340,0,-3.34,1,500,50000,500,50000,472,-32663,16442745,970,27615,-63709740
21:01:30.345,0,-3.41,1,500,50000,500,50000,484,-25345,16442662,846,31190,-63709548
21:01:30.350,0,-3.42,1,500,50000,500,50000,475,-24058,16442536,753,35345,-63709348
21:01:30.355,0,-3.42,1,500,50000,500,50000,547,-34940,16442328,828,35885,-63709212
21:01:30.360,0,-3.43,1,500,50000,500,50000,518,-48165,16442016,968,32252,-63709052
21:01:30.365,0,-3.46,1,500,50000,500,50000,506,-52085,16441716,880,31682,-63708856
21:01:30.370,0,-3.47,1,500,50000,500,50000,459,-43041,16441557,656,35537,-63708632
21:01:30.375,0,-3.44,1,500,50000,500,50000,460,-26630,16441465,614,41834,-63708452
21:01:30.380,0,-3.36,1,500,50000,500,50000,465,-17257,16441424,800,31109,-63708340
21:01:30.385,0,-3.27,1,500,50000,500,50000,520,-17121,16441340,900,27693,-63708188
21:01:30.390,0,-3.24,1,500,50000,500,50000,585,-26022,16441193,704,38018,-63707980
21:01:30.395,0,-3.28,1,500,50000,500,50000,538,-40992,16440918,642,38502,-63707796
21:01:30.401,0,-3.38,1,500,50000,500,50000,511,-48337,16440621,714,36608,-63707628
21:01:30.406,0,-3.48,1,500,50000,500,50000,494,-43294,16440441,777,30934,-63707472
21:01:30.411,0,-3.52,1,500,50000,500,50000,513,-34643,16440318,611,39258,-63707244
21:01:30.416,0,-3.49,1,500,50000,500,50000,485,-25070,16440213,554,42938,-63707032
21:01:30.421,0,-3.35,1,500,50000,500,50000,497,-22966,16440104,865,32461,-63706944
21:01:30.426,0,-3.34,1,500,50000,500,50000,521,-28390,16439952,879,28645,-63706768
21:01:30.431,0,-3.38,1,500,50000,500,50000,520,-36849,16439717,767,31558,-63706548
21:01:30.436,0,-3.44,1,500,50000,500,50000,514,-38147,16439502,401,42565,-63706280
21:01:30.441,0,-3.48,1,500,50000,500,50000,506,-35964,16439304,346,50360,-63706040
21:01:30.446,0,-3.49,1,500,50000,500,50000,484,-40241,16439092,992,30723,-63706004
21:01:30.451,0,-3.47,1,500,50000,500,50000,534,-46930,16438849,990,23842,-63705832
21:01:30.456,0,-3.41,1,500,50000,500,50000,507,-49510,16438566,486,42458,-63705528
21:01:30.461,0,-3.35,1,500,50000,500,50000,499,-42111,16438436,487,47114,-63705348
21:01:30.466,0,-3.27,1,500,50000,500,50000,458,-35935,16438249,828,33799,-63705224
21:01:30.471,0,-3.2,1,500,50000,500,50000,480,-31380,16438122,832,28097,-63705056
21:01:30.476,0,-3.15,1,500,50000,500,50000,583,-29536,16437992,600,39759,-63704808
21:01:30.482,0,-3.15,1,500,50000,500,50000,513,-32022,16437810,555,43622,-63704592
21:01:30.487,0,-3.18,1,500,50000,500,50000,487,-35579,16437624,732,39205,-63704428
21:01:30.492,0,-3.22,1,500,50000,500,50000,489,-36228,16437416,808,30607,-63704324
21:01:30.497,0,-3.26,1,500,50000,500,50000,435,-29607,16437305,644,37575,-63704072
21:01:30.502,0,-3.28,1,500,50000,500,50000,509,-20985,16437240,477,43995,-63703840
21:01:30.507,0,-3.31,1,500,50000,500,50000,538,-22970,16437098,521,45754,-63703640
21:01:30.512,0,-3.36,1,500,50000,500,50000,495,-30263,16436921,857,30551,-63703580
21:01:30.517,0,-3.43,1,500,50000,500,50000,497,-39273,16436664,927,29633,-63703384
21:01:30.522,0,-3.49,1,500,50000,500,50000,504,-40212,16436469,697,36537,-63703148
21:01:30.527,0,-3.53,1,500,50000,500,50000,518,-35461,16436293,594,41308,-63702928
21:01:30.532,0,-3.53,1,500,50000,500,50000,531,-27818,16436198,818,32586,-63702836
21:01:30.537,0,-3.5,1,500,50000,500,50000,500,-29670,16436030,889,29728,-63702668
21:01:30.542,0,-3.47,1,500,50000,500,50000,504,-32544,16435873,779,32372,-63702460
21:01:30.547,0,-3.47,1,500,50000,500,50000,508,-37494,16435653,571,43164,-63702240
21:01:30.552,0,-3.47,1,500,50000,500,50000,478,-36580,16435481,750,36553,-63702104
21:01:30.557,0,-3.47,1,500,50000,500,50000,476,-37592,16435272,933,28328,-63701960
21:01:30.563,0,-3.46,1,500,50000,500,50000,553,-38339,16435100,807,29171,-63701756
21:01:30.568,0,-3.42,1,500,50000,500,50000,519,-40802,16434876,591,42456,-63701532
21:01:30.573,0,-3.38,1,500,50000,500,50000,562,-43741,16434620,769,35220,-63701384
21:01:30.578,0,-3.33,1,500,50000,500,50000,432,-42202,16434422,872,29145,-63701220
21:01:30.583,0,-3.28,1,500,50000,500,50000,501,-32926,16434276,611,38382,-63701004
21:01:30.588,0,-3.23,1,500,50000,500,50000,550,-22152,16434218,683,38677,-63700824
21:01:30.593,0,-3.21,1,500,50000,500,50000,516,-20047,16434106,694,34944,-63700640
21:01:30.598,0,-3.24,1,500,50000,500,50000,517,-29340,16433929,747,33746,-63700468
21:01:30.603,0,-3.32,1,500,50000,500,50000,489,-45655,16433609,815,33881,-63700320
21:01:30.608,0,-3.41,1,500,50000,500,50000,475,-50241,16433346,692,37873,-63700092
21:01:30.613,0,-3.47,1,500,50000,500,50000,459,-36664,16433225,601,39332,-63699912
21:01:30.618,0,-3.47,1,500,50000,500,50000,505,-19377,16433209,813,34072,-63699804
21:01:30.623,0,-3.43,1,500,50000,500,50000,529,-11015,16433197,1015,26217,-63699672
21:01:30.628,0,-3.42,1,500,50000,500,50000,547,-11104,16433152,750,34921,-63699468
21:01:30.633,0,-3.48,1,500,50000,500,50000,576,-23225,16432981,701,37108,-63699284
21:01:30.638,0,-3.62,1,500,50000,500,50000,554,-41780,16432708,921,33842,-63699164
21:01:30.644,0,-3.76,1,500,50000,500,50000,471,-65558,16432248,878,29635,-63698992
21:01:30.649,0,-3.85,1,500,50000,500,50000,498,-66458,16431925,645,36850,-63698724
21:01:30.654,0,-3.8,1,500,50000,500,50000,441,-47661,16431729,461,46883,-63698492
21:01:30.659,0,-3.63,1,500,50000,500,50000,541,-31795,16431641,664,35337,-63698364
21:01:30.664,0,-3.41,1,500,50000,500,50000,531,-26092,16431544,831,32231,-63698176
21:01:30.669,0,-3.24,1,500,50000,500,50000,533,-29996,16431368,554,41700,-63697940
21:01:30.674,0,-3.16,1,500,50000,500,50000,530,-39042,16431144,557,41336,-63697756
21:01:30.679,0,-3.19,1,500,50000,500,50000,394,-46651,16430888,787,35251,-63697604
21:01:30.684,0,-3.25,1,500,50000,500,50000,416,-46638,16430634,763,30357,-63697468
21:01:30.689,0,-3.29,1,500,50000,500,50000,450,-43210,16430453,609,38650,-63697212
21:01:30.694,0,-3.29,1,500,50000,500,50000,509,-34784,16430290,586,38965,-63697036
21:01:30.699,0,-3.26,1,500,50000,500,50000,492,-29692,16430169,653,37820,-63696860
21:01:30.704,0,-3.23,1,500,50000,500,50000,507,-27156,16430052,907,30337,-63696760
21:01:30.709,0,-3.23,1,500,50000,500,50000,529,-30371,16429876,858,29494,-63696592
21:01:30.714,0,-3.27,1,500,50000,500,50000,529,-33411,16429721,721,38557,-63696348
21:01:30.719,0,-3.33,1,500,50000,500,50000,479,-39604,16429481,613,41560,-63696148
21:01:30.724,0,-3.39,1,500,50000,500,50000,498,-39153,16429269,857,30495,-63696056
21:01:30.729,0,-3.42,1,500,50000,500,50000,495,-34333,16429129,759,32366,-63695836
21:01:30.735,0,-3.43,1,500,50000,500,50000,531,-26482,16429018,558,40687,-63695600
21:01:30.740,0,-3.42,1,500,50000,500,50000,481,-21389,16428940,664,38995,-63695436
21:01:30.745,0,-3.43,1,500,50000,500,50000,568,-24312,16428793,911,29706,-63695348
21:01:30.750,0,-3.47,1,500,50000,500,50000,447,-30021,16428632,861,27948,-63695180
21:01:30.755,0,-3.53,1,500,50000,500,50000,514,-37666,16428408,671,38051,-63694936
21:01:30.760,0,-3.6,1,500,50000,500,50000,462,-43938,16428153,855,33916,-63694828
21:01:30.765,0,-3.65,1,500,50000,500,50000,491,-51696,16427885,860,30954,-63694652
21:01:30.770,0,-3.64,1,500,50000,500,50000,500,-50654,16427625,592,37798,-63694396
21:01:30.775,0,-3.58,1,500,50000,500,50000,475,-40945,16427476,452,43762,-63694168
21:01:30.780,0,-3.47,1,500,50000,500,50000,484,-33301,16427349,868,34398,-63694076
21:01:30.785,0,-3.35,1,500,50000,500,50000,472,-33961,16427165,871,29942,-63693876
21:01:30.790,0,-3.26,1,500,50000,500,50000,518,-34755,16427005,548,44609,-63693612
21:01:30.795,0,-3.21,1,500,50000,500,50000,517,-41200,16426745,476,45427,-63693408
21:01:30.800,0,-3.2,1,500,50000,500,50000,479,-40324,16426557,656,39080,-63693256
21:01:30.805,0,-3.21,1,500,50000,500,50000,488,-31500,16426448,888,30990,-63693148
21:01:30.810,0,-3.21,1,500,50000,500,50000,489,-26052,16426329,795,33180,-63692940
21:01:30.816,0,-3.22,1,500,50000,500,50000,527,-28402,16426189,678,36940,-63692732
21:01:30.821,0,-3.23,1,500,50000,500,50000,496,-33790,16425976,732,36403,-63692584
21:01:30.826,0,-3.28,1,500,50000,500,50000,489,-40015,16425753,838,34276,-63692404
21:01:30.831,0,-3.33,1,500,50000,500,50000,514,-40391,16425560,787,31181,-63692252
21:01:30.836,0,-3.38,1,500,50000,500,50000,460,-28390,16425448,629,39212,-63692008
21:01:30.841,0,-3.41,1,500,50000,500,50000,522,-18243,16425401,618,42645,-63691800
21:01:30.846,0,-3.44,1,500,50000,500,50000,557,-15900,16425324,995,29395,-63691736
21:01:30.851,0,-3.51,1,500,50000,500,50000,453,-20747,16425208,944,26734,-63691560
21:01:30.856,0,-3.63,1,500,50000,500,50000,537,-35529,16424984,738,31581,-63691340
21:01:30.861,0,-3.74,1,500,50000,500,50000,512,-49854,16424649,570,45644,-63691108
21:01:30.866,0,-3.79,1,500,50000,500,50000,466,-53238,16424377,693,41543,-63690944
21:01:30.871,0,-3.75,1,500,50000,500,50000,466,-53442,16424074,807,33935,-63690780
21:01:30.876,0,-3.6,1,500,50000,500,50000,461,-49374,16423865,739,32786,-63690572
21:01:30.881,0,-3.41,1,500,50000,500,50000,522,-39290,16423717,459,46159,-63690312
21:01:30.886,0,-3.22,1,500,50000,500,50000,508,-32019,16423557,520,44001,-63690124
21:01:30.891,0,-3.1,1,500,50000,500,50000,505,-27877,16423436,751,38680,-63689960
21:01:30.897,0,-3.05,1,500,50000,500,50000,520,-28832,16423281,778,33257,-63689816
21:01:30.902,0,-3.06,1,500,50000,500,50000,522,-33214,16423116,563,41038,-63689568
21:01:30.907,0,-3.11,1,500,50000,500,50000,498,-43517,16422841,587,42429,-63689364
21:01:30.912,0,-3.15,1,500,50000,500,50000,443,-49147,16422588,747,37120,-63689196
21:01:30.917,0,-3.16,1,500,50000,500,50000,392,-38944,16422405,735,32094,-63689048
21:01:30.922,0,-3.13,1,500,50000,500,50000,543,-21365,16422377,711,35177,-63688840
21:01:30.927,0,-3.1,1,500,50000,500,50000,522,-11408,16422365,691,38115,-63688648
21:01:30.932,0,-3.13,1,500,50000,500,50000,516,-14364,16422280,905,32599,-63688520
21:01:30.937,0,-3.23,1,500,50000,500,50000,504,-25862,16422112,910,27181,-63688408
21:01:30.942,0,-3.39,1,500,50000,500,50000,501,-43276,16421816,650,38448,-63688156
21:01:30.947,0,-3.53,1,500,50000,500,50000,449,-54620,16421512,503,44907,-63687932
21:01:30.952,0,-3.6,1,500,50000,500,50000,426,-45057,16421288,823,32445,-63687852
21:01:30.957,0,-3.57,1,500,50000,500,50000,481,-23545,16421269,885,29557,-63687680
21:01:30.962,0,-3.5,1,500,50000,500,50000,545,-11596,16421257,733,34290,-63687460
21:01:30.967,0,-3.45,1,500,50000,500,50000,551,-13381,16421180,726,38111,-63687272
21:01:30.972,0,-3.5,1,500,50000,500,50000,524,-27157,16421004,980,28580,-63687188
21:01:30.977,0,-3.62,1,500,50000,500,50000,496,-53568,16420613,809,29739,-63686992
21:01:30.983,0,-3.73,1,500,50000,500,50000,477,-71804,16420201,494,43730,-63686732
21:01:30.988,0,-3.74,1,500,50000,500,50000,442,-61787,16419940,459,45520,-63686516
21:01:30.993,0,-3.62,1,500,50000,500,50000,465,-40531,16419788,810,32907,-63686420
21:01:30.998,0,-3.41,1,500,50000,500,50000,524,-24159,16419749,713,33098,-63686208
21:01:31.003,0,-3.22,1,500,50000,500,50000,569,-19136,16419689,593,40485,-63685956
21:01:31.008,0,-3.12,1,500,50000,500,50000,536,-34832,16419446,735,37804,-63685832
21:01:31.013,0,-3.15,1,500,50000,500,50000,542,-50491,16419134,841,31072,-63685668
21:01:31.018,0,-3.23,1,500,50000,500,50000,521,-56269,16418841,707,32719,-63685428
21:01:31.023,0,-3.28,1,500,50000,500,50000,483,-49791,16418581,400,49311,-63685148
21:01:31.028,0,-3.25,1,500,50000,500,50000,397,-41872,16418408,610,41268,-63685000
21:01:31.033,0,-3.16,1,500,50000,500,50000,463,-33364,16418284,796,31162,-63684848
21:01:31.038,0,-3.07,1,500,50000,500,50000,485,-28817,16418150,663,35272,-63684644
21:01:31.044,0,-3.04,1,500,50000,500,50000,532,-26132,16418041,640,38100,-63684456
21:01:31.049,0,-3.08,1,500,50000,500,50000,503,-27746,16417881,750,37047,-63684280
21:01:31.054,0,-3.17,1,500,50000,500,50000,479,-31570,16417718,909,29550,-63684168
21:01:31.059,0,-3.27,1,500,50000,500,50000,519,-37353,16417485,653,38555,-63683916
21:01:31.064,0,-3.36,1,500,50000,500,50000,467,-45933,16417225,528,42195,-63683700
21:01:31.069,0,-3.41,1,500,50000,500,50000,481,-40498,16417052,786,34120,-63683596
21:01:31.074,0,-3.41,1,500,50000,500,50000,487,-31462,16416904,776,31775,-63683404
21:01:31.079,0,-3.38,1,500,50000,500,50000,537,-23654,16416829,723,36940,-63683180
21:01:31.084,0,-3.37,1,500,50000,500,50000,530,-23331,16416709,710,36677,-63683004
21:01:31.089,0,-3.39,1,500,50000,500,50000,524,-32551,16416525,804,33809,-63682872
21:01:31.094,0,-3.45,1,500,50000,500,50000,509,-48984,16416201,765,34296,-63682684
21:01:31.099,0,-3.52,1,500,50000,500,50000,537,-63127,16415849,670,35497,-63682480
21:01:31.104,0,-3.53,1,500,50000,500,50000,484,-58023,16415544,580,40224,-63682236
21:01:31.109,0,-3.45,1,500,50000,500,50000,478,-43761,16415402,620,39353,-63682072
21:01:31.114,0,-3.3,1,500,50000,500,50000,541,-29655,16415296,682,38319,-63681868
21:01:31.119,0,-3.15,1,500,50000,500,50000,494,-22413,16415208,778,35426,-63681664
21:01:31.124,0,-3.05,1,500,50000,500,50000,581,-31751,16415001,740,35538,-63681500
21:01:31.130,0,-3.06,1,500,50000,500,50000,516,-44079,16414745,569,40268,-63681276
21:01:31.135,0,-3.13,1,500,50000,500,50000,471,-47676,16414456,764,35656,-63681144
21:01:31.140,0,-3.2,1,500,50000,500,50000,477,-42713,16414274,760,34249,-63680980
21:01:31.145,0,-3.23,1,500,50000,500,50000,452,-30574,16414188,614,39675,-63680748
21:01:31.150,0,-3.21,1,500,50000,500,50000,501,-20239,16414138,649,40410,-63680560
21:01:31.155,0,-3.2,1,500,50000,500,50000,508,-21438,16414008,1038,27842,-63680492
21:01:31.160,0,-3.23,1,500,50000,500,50000,528,-31700,16413822,901,27581,-63680308
21:01:31.165,0,-3.33,1,500,50000,500,50000,559,-38503,16413605,601,39679,-63680096
21:01:31.170,0,-3.45,1,500,50000,500,50000,480,-45123,16413328,643,38432,-63679912
21:01:31.175,0,-3.54,1,500,50000,500,50000,473,-47517,16413090,832,33991,-63679744
21:01:31.180,0,-3.56,1,500,50000,500,50000,467,-44016,16412857,669,39397,-63679532
21:01:31.185,0,-3.51,1,500,50000,500,50000,495,-36809,16412718,518,43195,-63679312
21:01:31.190,0,-3.43,1,500,50000,500,50000,488,-29507,16412617,713,38158,-63679148
21:01:31.195,0,-3.37,1,500,50000,500,50000,452,-29359,16412457,866,29887,-63679052
21:01:31.200,0,-3.34,1,500,50000,500,50000,555,-32805,16412294,734,36425,-63678812
21:01:31.205,0,-3.37,1,500,50000,500,50000,523,-46504,16411993,614,39890,-63678600
21:01:31.210,0,-3.4,1,500,50000,500,50000,395,-55017,16411702,625,40304,-63678432
21:01:31.216,0,-3.42,1,500,50000,500,50000,471,-55820,16411429,690,37103,-63678236
21:01:31.221,0,-3.38,1,500,50000,500,50000,348,-39502,16411278,645,37047,-63678024
21:01:31.226,0,-3.29,1,500,50000,500,50000,538,-24953,16411224,646,39185,-63677848
21:01:31.231,0,-3.18,1,500,50000,500,50000,538,-20828,16411129,629,39195,-63677660
21:01:31.236,0,-3.12,1,500,50000,500,50000,507,-34794,16410905,783,35045,-63677500
21:01:31.241,0,-3.18,1,500,50000,500,50000,479,-51913,16410585,853,34179,-63677300
21:01:31.246,0,-3.23,1,500,50000,500,50000,460,-53291,16410273,665,36167,-63677116
21:01:31.251,0,-3.22,1,500,50000,500,50000,486,-36990,16410169,558,43556,-63676876
21:01:31.256,0,-3.17,1,500,50000,500,50000,518,-19119,16410136,727,40589,-63676708
21:01:31.261,0,-3.13,1,500,50000,500,50000,516,-17540,16410072,976,27777,-63676624
21:01:31.266,0,-3.16,1,500,50000,500,50000,530,-27839,16409900,773,34349,-63676424
21:01:31.271,0,-3.25,1,500,50000,500,50000,542,-50615,16409544,560,44190,-63676172
21:01:31.276,0,-3.34,1,500,50000,500,50000,457,-63719,16409188,642,42151,-63675996
21:01:31.281,0,-3.35,1,500,50000,500,50000,460,-38803,16409057,851,31319,-63675852
21:01:31.286,0,-3.3,1,500,50000,500,50000,495,-20443,16409045,688,35324,-63675660
21:01:31.291,0,-3.22,1,500,50000,500,50000,515,-8398,16409048,717,38251,-63675472
21:01:31.296,0,-3.22,1,500,50000,500,50000,497,-11215,16408981,904,31865,-63675344
21:01:31.301,0,-3.32,1,500,50000,500,50000,518,-28265,16408768,899,29571,-63675176
21:01:31.307,0,-3.46,1,500,50000,500,50000,501,-49894,16408425,617,41411,-63674940
21:01:31.312,0,-3.58,1,500,50000,500,50000,428,-59966,16408101,606,41185,-63674748
21:01:31.317,0,-3.58,1,500,50000,500,50000,456,-49713,16407864,723,37171,-63674564
21:01:31.322,0,-3.48,1,500,50000,500,50000,479,-34121,16407769,820,35094,-63674396
21:01:31.327,0,-3.33,1,500,50000,500,50000,508,-24059,16407705,618,40096,-63674156
21:01:31.332,0,-3.23,1,500,50000,500,50000,511,-24356,16407580,640,41060,-63673960
21:01:31.337,0,-3.22,1,500,50000,500,50000,498,-37300,16407321,710,37480,-63673784
21:01:31.342,0,-3.26,1,500,50000,500,50000,494,-51622,16407012,798,35140,-63673624
21:01:31.347,0,-3.3,1,500,50000,500,50000,481,-46088,16406809,511,44868,-63673388
21:01:31.352,0,-3.3,1,500,50000,500,50000,478,-38811,16406648,552,42745,-63673200
21:01:31.357,0,-3.24,1,500,50000,500,50000,483,-30871,16406506,812,36242,-63673036
21:01:31.362,0,-3.18,1,500,50000,500,50000,530,-35092,16406329,739,31649,-63672884
21:01:31.367,0,-3.14,1,500,50000,500,50000,634,-43271,16406069,557,40618,-63672628
21:01:31.372,0,-3.14,1,500,50000,500,50000,492,-45208,16405853,497,43682,-63672416
21:01:31.377,0,-3.15,1,500,50000,500,50000,433,-39656,16405685,800,35775,-63672304
21:01:31.382,0,-3.16,1,500,50000,500,50000,631,-32840,16405529,866,30664,-63672120
21:01:31.388,0,-3.15,1,500,50000,500,50000,543,-30834,16405417,598,40508,-63671876
21:01:31.393,0,-3.15,1,500,50000,500,50000,519,-34389,16405210,537,42752,-63671672
21:01:31.398,0,-3.17,1,500,50000,500,50000,499,-36907,16405020,623,43100,-63671484
21:01:31.403,0,-3.21,1,500,50000,500,50000,448,-32260,16404885,812,33134,-63671340
21:01:31.408,0,-3.25,1,500,50000,500,50000,484,-22513,16404801,845,32422,-63671168
21:01:31.413,0,-3.3,1,500,50000,500,50000,543,-17041,16404745,725,36119,-63670960
21:01:31.418,0,-3.37,1,500,50000,500,50000,547,-22897,16404600,734,43431,-63670728
21:01:31.423,0,-3.47,1,500,50000,500,50000,494,-37286,16404368,760,37530,-63670588
21:01:31.428,0,-3.57,1,500,50000,500,50000,478,-50915,16404073,906,29209,-63670476
21:01:31.433,0,-3.62,1,500,50000,500,50000,483,-56301,16403740,566,37249,-63670216
21:01:31.438,0,-3.59,1,500,50000,500,50000,492,-48173,16403553,477,47221,-63669952
21:01:31.443,0,-3.49,1,500,50000,500,50000,482,-36112,16403400,752,33519,-63669884
21:01:31.448,0,-3.35,1,500,50000,500,50000,496,-30693,16403288,838,29565,-63669700
21:01:31.453,0,-3.25,1,500,50000,500,50000,549,-29817,16403149,662,35183,-63669460
21:01:31.458,0,-3.22,1,500,50000,500,50000,511,-31671,16402997,566,43489,-63669228
21:01:31.463,0,-3.24,1,500,50000,500,50000,490,-40194,16402741,915,34351,-63669136
21:01:31.468,0,-3.29,1,500,50000,500,50000,466,-46883,16402457,916,29570,-63668956
21:01:31.473,0,-3.31,1,500,50000,500,50000,492,-52654,16402201,696,34724,-63668712
21:01:31.479,0,-3.28,1,500,50000,500,50000,544,-52384,16401917,440,47006,-63668428
21:01:31.484,0,-3.2,1,500,50000,500,50000,463,-43797,16401740,657,39751,-63668316
21:01:31.489,0,-3.1,1,500,50000,500,50000,472,-29552,16401625,821,30506,-63668168
21:01:31.494,0,-3.01,1,500,50000,500,50000,578,-20253,16401581,752,33654,-63667944
21:01:31.499,0,-2.99,1,500,50000,500,50000,527,-19177,16401488,675,41984,-63667740
21:01:31.504,0,-3.05,1,500,50000,500,50000,540,-30216,16401306,735,39939,-63667568
21:01:31.509,0,-3.18,1,500,50000,500,50000,442,-51019,16400858,640,38322,-63667336
21:01:31.514,0,-3.3,1,500,50000,500,50000,440,-44659,16400665,915,31797,-63667164
21:01:31.519,0,-3.38,1,500,50000,500,50000,505,-27431,16400581,657,36500,-63666956
21:01:31.524,0,-3.38,1,500,50000,500,50000,539,-17128,16400552,652,41531,-63666740
21:01:31.530,0,-3.37,1,500,50000,500,50000,514,-14427,16400509,976,27840,-63666716
21:01:31.535,0,-3.39,1,500,50000,500,50000,537,-23231,16400365,847,31001,-63666508
21:01:31.540,0,-3.49,1,500,50000,500,50000,523,-37976,16400124,679,41130,-63666300
21:01:31.545,0,-3.62,1,500,50000,500,50000,473,-60496,16399705,591,42660,-63666100
21:01:31.550,0,-3.7,1,500,50000,500,50000,435,-65768,16399368,796,34821,-63665988
21:01:31.555,0,-3.68,1,500,50000,500,50000,470,-50424,16399130,696,34892,-63665760
21:01:31.560,0,-3.54,1,500,50000,500,50000,528,-32904,16399048,604,40313,-63665516
21:01:31.565,0,-3.34,1,500,50000,500,50000,563,-24084,16398973,654,40901,-63665352
21:01:31.570,0,-3.19,1,500,50000,500,50000,490,-31158,16398777,830,34840,-63665200
21:01:31.575,0,-3.13,1,500,50000,500,50000,527,-47168,16398489,768,34375,-63665004
21:01:31.580,0,-3.16,1,500,50000,500,50000,464,-56255,16398188,611,39798,-63664800
21:01:31.585,0,-3.2,1,500,50000,500,50000,436,-48959,16397946,536,41895,-63664588
21:01:31.590,0,-3.19,1,500,50000,500,50000,475,-37635,16397817,730,40458,-63664400
21:01:31.595,0,-3.14,1,500,50000,500,50000,514,-30328,16397676,781,33816,-63664236
21:01:31.600,0,-3.08,1,500,50000,500,50000,502,-29756,16397545,722,33413,-63664080
21:01:31.605,0,-3.06,1,500,50000,500,50000,522,-29317,16397417,621,41109,-63663844
21:01:31.611,0,-3.1,1,500,50000,500,50000,518,-34072,16397214,680,37682,-63663684
21:01:31.616,0,-3.19,1,500,50000,500,50000,483,-34107,16397052,862,33136,-63663528
21:01:31.621,0,-3.28,1,500,50000,500,50000,476,-31457,16396889,777,34727,-63663360
21:01:31.626,0,-3.36,1,500,50000,500,50000,513,-21548,16396816,668,38921,-63663152
21:01:31.631,0,-3.42,1,500,50000,500,50000,461,-19114,16396744,844,34798,-63663004
21:01:31.636,0,-3.58,1,500,50000,500,50000,421,-25149,16396585,1002,27563,-63662880
21:01:31.641,0,-3.67,1,500,50000,500,50000,514,-38521,16396325,860,30150,-63662692
21:01:31.646,0,-3.73,1,500,50000,500,50000,503,-45930,16396077,713,38519,-63662488
21:01:31.651,0,-3.73,1,500,50000,500,50000,493,-46282,16395821,698,38044,-63662300
21:01:31.656,0,-3.66,1,500,50000,500,50000,501,-39178,16395673,740,38044,-63662108
21:01:31.661,0,-3.56,1,500,50000,500,50000,510,-35005,16395528,850,34883,-63661964
21:01:31.666,0,-3.46,1,500,50000,500,50000,501,-37307,16395320,748,33569,-63661788
21:01:31.671,0,-3.39,1,500,50000,500,50000,490,-42165,16395077,598,39828,-63661556
21:01:31.676,0,-3.34,1,500,50000,500,50000,509,-40940,16394893,676,37889,-63661416
21:01:31.681,0,-3.29,1,500,50000,500,50000,443,-40583,16394702,796,31592,-63661252
21:01:31.686,0,-3.24,1,500,50000,500,50000,512,-42627,16394456,696,34756,-63661028
21:01:31.691,0,-3.18,1,500,50000,500,50000,496,-44502,16394237,526,41434,-63660824
21:01:31.697,0,-3.11,1,500,50000,500,50000,482,-40741,16394009,631,42189,-63660620
21:01:31.702,0,-3.05,1,500,50000,500,50000,490,-35175,16393861,846,30258,-63660524
21:01:31.707,0,-3.02,1,500,50000,500,50000,518,-24559,16393796,771,33097,-63660300
21:01:31.712,0,-3.03,1,500,50000,500,50000,557,-19100,16393714,662,38782,-63660068
21:01:31.717,0,-3.1,1,500,50000,500,50000,490,-24380,16393577,819,33727,-63659964
21:01:31.722,0,-3.2,1,500,50000,500,50000,501,-38082,16393324,939,29152,-63659788
21:01:31.727,0,-3.31,1,500,50000,500,50000,487,-44252,16393096,753,34346,-63659552
21:01:31.732,0,-3.37,1,500,50000,500,50000,527,-39952,16392918,578,43441,-63659340
21:01:31.737,0,-3.38,1,500,50000,500,50000,445,-22173,16392853,734,35766,-63659192
21:01:31.742,0,-3.38,1,500,50000,500,50000,602,-13418,16392829,905,30112,-63659072
21:01:31.747,0,-3.42,1,500,50000,500,50000,533,-12187,16392778,854,32047,-63658880
21:01:31.752,0,-3.53,1,500,50000,500,50000,603,-19052,16392662,785,32955,-63658696
21:01:31.757,0,-3.68,1,500,50000,500,50000,524,-35355,16392421,902,34600,-63658556
21:01:31.762,0,-3.81,1,500,50000,500,50000,459,-53867,16392042,945,30527,-63658400
21:01:31.767,0,-3.84,1,500,50000,500,50000,468,-57441,16391753,825,30440,-63658192
21:01:31.772,0,-3.76,1,500,50000,500,50000,635,-50519,16391508,543,41754,-63657900
21:01:31.777,0,-3.6,1,500,50000,500,50000,454,-39414,16391366,595,46896,-63657712
21:01:31.783,0,-3.43,1,500,50000,500,50000,506,-35873,16391204,741,36847,-63657580
21:01:31.788,0,-3.29,1,500,50000,500,50000,499,-37635,16390984,886,27574,-63657432
21:01:31.793,0,-3.22,1,500,50000,500,50000,525,-36792,16390821,732,33606,-63657192
21:01:31.798,0,-3.2,1,500,50000,500,50000,521,-35060,16390628,502,45169,-63656964
21:01:31.803,0,-3.21,1,500,50000,500,50000,492,-33522,16390468,776,37231,-63656832
21:01:31.808,0,-3.21,1,500,50000,500,50000,459,-42578,16390202,908,31639,-63656652
21:01:31.813,0,-3.2,1,500,50000,500,50000,486,-51069,16389937,770,32992,-63656424
21:01:31.818,0,-3.17,1,500,50000,500,50000,540,-45959,16389708,472,47525,-63656164
21:01:31.823,0,-3.13,1,500,50000,500,50000,467,-27205,16389656,605,42613,-63656004
21:01:31.828,0,-3.1,1,500,50000,500,50000,399,-12479,16389644,880,31590,-63655884
21:01:31.833,0,-3.12,1,500,50000,500,50000,542,-14832,16389561,856,29926,-63655736
21:01:31.838,0,-3.22,1,500,50000,500,50000,550,-22599,16389433,682,38582,-63655500
21:01:31.843,0,-3.38,1,500,50000,500,50000,518,-35785,16389194,633,41035,-63655308
21:01:31.848,0,-3.54,1,500,50000,500,50000,450,-50881,16388897,715,39165,-63655136
21:01:31.853,0,-3.64,1,500,50000,500,50000,349,-47632,16388636,748,33605,-63655008
21:01:31.859,0,-3.64,1,500,50000,500,50000,517,-27618,16388589,774,34260,-63654800
21:01:31.864,0,-3.59,1,500,50000,500,50000,557,-14475,16388568,725,37530,-63654588
21:01:31.869,0,-3.56,1,500,50000,500,50000,549,-11412,16388520,850,37103,-63654420
21:01:31.874,0,-3.61,1,500,50000,500,50000,507,-17617,16388409,1015,28546,-63654308
21:01:31.879,0,-3.75,1,500,50000,500,50000,532,-35807,16388156,884,28409,-63654156
21:01:31.884,0,-3.91,1,500,50000,500,50000,508,-53219,16387840,642,38576,-63653908
21:01:31.889,0,-4.01,1,500,50000,500,50000,479,-72935,16387401,626,42371,-63653740
21:01:31.894,0,-3.97,1,500,50000,500,50000,414,-72650,16386986,816,34254,-63653568
21:01:31.899,0,-3.78,1,500,50000,500,50000,448,-61930,16386800,483,41546,-63653316
21:01:31.904,0,-3.49,1,500,50000,500,50000,493,-41259,16386648,447,49673,-63653092
21:01:31.909,0,-3.21,1,500,50000,500,50000,510,-27183,16386568,710,38520,-63652956
21:01:31.914,0,-3.01,1,500,50000,500,50000,609,-25178,16386452,892,30337,-63652796
21:01:31.919,0,-2.94,1,500,50000,500,50000,560,-30443,16386260,640,37348,-63652572
21:01:31.924,0,-2.99,1,500,50000,500,50000,525,-35470,16386069,544,45312,-63652324
21:01:31.930,0,-3.08,1,500,50000,500,50000,487,-42284,16385833,653,42006,-63652156
21:01:31.935,0,-3.17,1,500,50000,500,50000,421,-46956,16385553,794,32917,-63652044
21:01:31.940,0,-3.2,1,500,50000,500,50000,495,-44239,16385353,695,37097,-63651804
21:01:31.945,0,-3.19,1,500,50000,500,50000,519,-29845,16385240,514,44776,-63651564
21:01:31.950,0,-3.16,1,500,50000,500,50000,313,-22455,16385161,797,35026,-63651448
21:01:31.955,0,-3.17,1,500,50000,500,50000,399,-21409,16385064,896,31543,-63651304
21:01:31.960,0,-3.23,1,500,50000,500,50000,504,-34708,16384829,695,38176,-63651072
21:01:31.965,0,-3.33,1,500,50000,500,50000,457,-43805,16384588,550,42363,-63650856
21:01:31.970,0,-3.43,1,500,50000,500,50000,448,-38862,16384381,766,34071,-63650720
21:01:31.975,0,-3.5,1,500,50000,500,50000,500,-26041,16384312,799,31082,-63650572
21:01:31.980,0,-3.53,1,500,50000,500,50000,527,-16157,16384265,665,35705,-63650356
21:01:31.985,0,-3.56,1,500,50000,500,50000,521,-19125,16384164,718,39324,-63650168
21:01:31.990,0,-3.63,1,500,50000,500,50000,506,-30244,16383981,999,30268,-63650088
21:01:31.995,0,-3.73,1,500,50000,500,50000,493,-45547,16383673,939,31047,-63649900
21:01:32.001,0,-3.83,1,500,50000,500,50000,539,-61259,16383337,677,36770,-63649672
21:01:32.006,0,-3.86,1,500,50000,500,50000,490,-67593,16382937,515,45143,-63649416
21:01:32.011,0,-3.78,1,500,50000,500,50000,444,-60843,16382617,761,37605,-63649292
21:01:32.016,0,-3.58,1,500,50000,500,50000,490,-47236,16382457,682,37418,-63649068
21:01:32.021,0,-3.35,1,500,50000,500,50000,490,-31063,16382352,550,40482,-63648840
21:01:32.026,0,-3.05,1,500,50000,500,50000,503,-24834,16382266,681,39213,-63648696
21:01:32.031,0,-3.07,1,500,50000,500,50000,534,-23287,16382136,849,38359,-63648488
21:01:32.036,0,-3.17,1,500,50000,500,50000,509,-35677,16381897,920,31351,-63648352
21:01:32.041,0,-3.29,1,500,50000,500,50000,495,-42010,16381672,931,28748,-63648172
21:01:32.046,0,-3.37,1,500,50000,500,50000,473,-40633,16381445,611,39007,-63647948
21:01:32.051,0,-3.4,1,500,50000,500,50000,454,-34057,16381308,650,40748,-63647752
21:01:32.056,0,-3.41,1,500,50000,500,50000,504,-26010,16381241,897,28021,-63647708
21:01:32.061,0,-3.43,1,500,50000,500,50000,499,-18687,16381177,760,33097,-63647484
21:01:32.066,0,-3.51,1,500,50000,500,50000,530,-20550,16381078,744,37039,-63647292
21:01:32.071,0,-3.62,1,500,50000,500,50000,519,-29374,16380901,859,33615,-63647180
21:01:32.076,0,-3.73,1,500,50000,500,50000,501,-46944,16380572,908,31028,-63647000
21:01:32.082,0,-3.78,1,500,50000,500,50000,465,-50989,16380313,664,39075,-63646784
21:01:32.087,0,-3.76,1,500,50000,500,50000,490,-43687,16380089,568,42283,-63646564
21:01:32.092,0,-3.68,1,500,50000,500,50000,554,-30558,16379989,729,39317,-63646396
21:01:32.097,0,-3.6,1,500,50000,500,50000,485,-22625,16379913,946,26481,-63646324
21:01:32.102,0,-3.58,1,500,50000,500,50000,573,-26068,16379764,848,33589,-63646096
21:01:32.107,0,-3.62,1,500,50000,500,50000,518,-36062,16379561,646,40017,-63645900
21:01:32.112,0,-3.68,1,500,50000,500,50000,540,-53410,16379209,644,40786,-63645708
21:01:32.117,0,-3.69,1,500,50000,500,50000,475,-68503,16378824,744,38615,-63645520
21:01:32.122,0,-3.6,1,500,50000,500,50000,382,-68082,16378489,662,34983,-63645352
21:01:32.127,0,-3.43,1,500,50000,500,50000,465,-42662,16378337,523,41540,-63645096
21:01:32.132,0,-3.23,1,500,50000,500,50000,534,-22872,16378312,578,42878,-63644888
21:01:32.137,0,-3.11,1,500,50000,500,50000,639,-11141,16378292,824,36344,-63644744
21:01:32.142,0,-3.11,1,500,50000,500,50000,524,-21394,16378146,886,29476,-63644640
21:01:32.147,0,-3.22,1,500,50000,500,50000,527,-36475,16377922,746,35575,-63644416
21:01:32.152,0,-3.34,1,500,50000,500,50000,478,-47610,16377604,583,41646,-63644196
21:01:32.157,0,-3.42,1,500,50000,500,50000,446,-45686,16377385,759,36518,-63644048
21:01:32.163,0,-3.41,1,500,50000,500,50000,475,-28356,16377294,839,32168,-63643900
21:01:32.168,0,-3.37,1,500,50000,500,50000,536,-22672,16377214,715,37079,-63643684
21:01:32.173,0,-3.36,1,500,50000,500,50000,529,-20758,16377112,804,37138,-63643508
21:01:32.178,0,-3.4,1,500,50000,500,50000,509,-33016,16376912,953,31235,-63643364
21:01:32.183,0,-3.47,1,500,50000,500,50000,495,-52677,16376553,766,33134,-63643192
21:01:32.188,0,-3.51,1,500,50000,500,50000,422,-51020,16376276,545,42756,-63642944
21:01:32.193,0,-3.48,1,500,50000,500,50000,462,-30997,16376209,677,40357,-63642764
21:01:32.198,0,-3.42,1,500,50000,500,50000,562,-14402,16376201,917,28044,-63642688
21:01:32.203,0,-3.39,1,500,50000,500,50000,535,-13004,16376157,805,31619,-63642480
21:01:32.208,0,-3.44,1,500,50000,500,50000,554,-19061,16376041,694,36375,-63642276
21:01:32.213,0,-3.58,1,500,50000,500,50000,447,-29343,16375868,700,39258,-63642088
21:01:32.218,0,-3.72,1,500,50000,500,50000,490,-46264,16375552,871,31299,-63641996
21:01:32.223,0,-3.8,1,500,50000,500,50000,483,-58915,16375230,868,29124,-63641800
21:01:32.229,0,-3.76,1,500,50000,500,50000,479,-53106,16374952,672,37368,-63641532
21:01:32.234,0,-3.62,1,500,50000,500,50000,464,-42558,16374792,478,46948,-63641308
21:01:32.239,0,-3.45,1,500,50000,500,50000,491,-31617,16374652,774,39633,-63641148
21:01:32.244,0,-3.31,1,500,50000,500,50000,520,-28298,16374536,1029,28478,-63641016
21:01:32.249,0,-3.25,1,500,50000,500,50000,556,-29467,16374405,726,32827,-63640812
21:01:32.254,0,-3.27,1,500,50000,500,50000,535,-36376,16374185,577,42415,-63640552
21:01:32.259,0,-3.32,1,500,50000,500,50000,493,-36150,16374009,659,42627,-63640412
21:01:32.264,0,-3.37,1,500,50000,500,50000,467,-38810,16373766,893,34428,-63640252
21:01:32.264,0,-3.37,1,500,50000,500,50000,475,-44015,16373534,934,27153,-63640084
21:01:32.269,0,-3.39,1,500,50000,500,50000,519,-45843,16373321,461,43844,-63639788
21:01:32.274,0,-3.37,1,500,50000,500,50000,522,-39817,16373129,373,52762,-63639536
21:01:32.279,0,-3.33,1,500,50000,500,50000,490,-30053,16373021,582,47020,-63639368
21:01:32.284,0,-3.28,1,500,50000,500,50000,474,-27444,16372881,945,27547,-63639316
21:01:32.290,0,-3.25,1,500,50000,500,50000,527,-32702,16372713,782,33414,-63639068
21:01:32.295,0,-3.26,1,500,50000,500,50000,519,-41050,16372489,575,41810,-63638812
21:01:32.300,0,-3.3,1,500,50000,500,50000,460,-44030,16372217,662,42928,-63638656
21:01:32.305,0,-3.34,1,500,50000,500,50000,525,-29139,16372137,913,33903,-63638508
21:01:32.310,0,-3.37,1,500,50000,500,50000,492,-17236,16372093,942,29214,-63638332
21:01:32.315,0,-3.38,1,500,50000,500,50000,536,-14758,16372042,710,36225,-63638128
21:01:32.320,0,-3.41,1,500,50000,500,50000,520,-18250,16371945,668,41127,-63637920
21:01:32.325,0,-3.49,1,500,50000,500,50000,460,-31782,16371725,815,39101,-63637756
21:01:32.330,0,-3.63,1,500,50000,500,50000,477,-49363,16371417,924,32408,-63637616
21:01:32.335,0,-3.78,1,500,50000,500,50000,473,-65917,16370980,765,34269,-63637420
21:01:32.340,0,-3.87,1,500,50000,500,50000,488,-61614,16370716,484,45393,-63637132
21:01:32.345,0,-3.84,1,500,50000,500,50000,485,-44902,16370528,462,47847,-63636924
21:01:32.350,0,-3.69,1,500,50000,500,50000,491,-32588,16370425,791,39326,-63636780
21:01:32.355,0,-3.49,1,500,50000,500,50000,512,-25443,16370322,977,26283,-63636684
21:01:32.360,0,-3.3,1,500,50000,500,50000,495,-25432,16370208,764,33029,-63636444
21:01:32.365,0,-3.2,1,500,50000,500,50000,533,-36319,16369973,516,43595,-63636188
21:01:32.370,0,-3.2,1,500,50000,500,50000,495,-42175,16369752,757,39780,-63636076
21:01:32.376,0,-3.26,1,500,50000,500,50000,455,-46627,16369481,944,30871,-63635928
21:01:32.381,0,-3.32,1,500,50000,500,50000,444,-45414,16369241,884,29986,-63635720
21:01:32.386,0,-3.34,1,500,50000,500,50000,490,-35770,16369112,637,38064,-63635472
21:01:32.391,0,-3.32,1,500,50000,500,50000,522,-24607,16369018,788,36474,-63635332
21:01:32.396,0,-3.26,1,500,50000,500,50000,504,-18873,16368940,981,31440,-63635180
21:01:32.401,0,-3.25,1,500,50000,500,50000,511,-23907,16368817,909,27574,-63635016
21:01:32.406,0,-3.33,1,500,50000,500,50000,524,-33343,16368600,662,42567,-63634768
21:01:32.411,0,-3.44,1,500,50000,500,50000,470,-43863,16368344,693,38592,-63634604
21:01:32.416,0,-3.53,1,500,50000,500,50000,451,-47801,16368090,840,31060,-63634472
21:01:32.421,0,-3.57,1,500,50000,500,50000,453,-34084,16367946,725,35380,-63634228
21:01:32.426,0,-3.55,1,500,50000,500,50000,528,-19455,16367914,551,42247,-63633992
21:01:32.431,0,-3.53,1,500,50000,500,50000,506,-12337,16367885,859,37435,-63633880
21:01:32.436,0,-3.56,1,500,50000,500,50000,523,-21940,16367733,1040,27062,-63633760
21:01:32.441,0,-3.66,1,500,50000,500,50000,518,-32614,16367545,712,35643,-63633524
21:01:32.446,0,-3.81,1,500,50000,500,50000,511,-49102,16367216,533,43130,-63633288
21:01:32.451,0,-3.93,1,500,50000,500,50000,480,-64933,16366842,449,51558,-63633032
21:01:32.456,0,-3.96,1,500,50000,500,50000,435,-72166,16366401,927,32259,-63632976
21:01:32.462,0,-3.86,1,500,50000,500,50000,440,-64062,16366133,803,29138,-63632748
21:01:32.467,0,-3.64,1,500,50000,500,50000,480,-54629,16365869,449,43706,-63632416
21:01:32.472,0,-3.39,1,500,50000,500,50000,507,-41312,16365738,322,53153,-63632152
21:01:32.477,0,-3.16,1,500,50000,500,50000,499,-31050,16365625,852,35737,-63632104
21:01:32.482,0,-3.02,1,500,50000,500,50000,532,-26038,16365496,983,28929,-63631932
21:01:32.487,0,-2.99,1,500,50000,500,50000,490,-27051,16365374,832,31442,-63631728
21:01:32.492,0,-3.05,1,500,50000,500,50000,500,-26088,16365257,771,38861,-63631536
21:01:32.497,0,-3.16,1,500,50000,500,50000,522,-38118,16364992,803,36700,-63631372
21:01:32.502,0,-3.27,1,500,50000,500,50000,503,-52853,16364681,868,33718,-63631184
21:01:32.507,0,-3.34,1,500,50000,500,50000,472,-52571,16364390,616,40019,-63630940
21:01:32.512,0,-3.35,1,500,50000,500,50000,472,-33400,16364309,663,41581,-63630764
21:01:32.517,0,-3.31,1,500,50000,500,50000,519,-15442,16364297,876,31745,-63630628
21:01:32.522,0,-3.26,1,500,50000,500,50000,523,-13864,16364249,950,29367,-63630456
21:01:32.527,0,-3.28,1,500,50000,500,50000,526,-17185,16364153,852,32310,-63630256
21:01:32.532,0,-3.4,1,500,50000,500,50000,498,-26275,16363996,745,38171,-63630076
21:01:32.537,0,-3.58,1,500,50000,500,50000,483,-37036,16363753,869,34871,-63629928
21:01:32.542,0,-3.76,1,500,50000,500,50000,482,-43894,16363484,1000,29425,-63629788
21:01:32.547,0,-3.87,1,500,50000,500,50000,506,-43280,16363288,699,37483,-63629568
21:01:32.553,0,-3.89,1,500,50000,500,50000,494,-36301,16363128,633,39181,-63629332
21:01:32.558,0,-3.83,1,500,50000,500,50000,574,-32931,16362965,689,40855,-63629144
21:01:32.563,0,-3.76,1,500,50000,500,50000,503,-41344,16362737,864,32243,-63629052
21:01:32.568,0,-3.7,1,500,50000,500,50000,447,-49542,16362438,713,36560,-63628828
21:01:32.573,0,-3.64,1,500,50000,500,50000,480,-53610,16362168,661,41507,-63628636
21:01:32.578,0,-3.57,1,500,50000,500,50000,496,-52200,16361928,690,36553,-63628504
21:01:32.583,0,-3.47,1,500,50000,500,50000,476,-44568,16361706,826,36031,-63628300
21:01:32.588,0,-3.34,1,500,50000,500,50000,483,-39295,16361544,653,39375,-63628072
21:01:32.593,0,-3.21,1,500,50000,500,50000,505,-29239,16361450,704,36487,-63627932
21:01:32.598,0,-3.11,1,500,50000,500,50000,505,-27827,16361304,789,33265,-63627760
21:01:32.603,0,-3.08,1,500,50000,500,50000,510,-27922,16361176,775,33318,-63627568
21:01:32.608,0,-3.11,1,500,50000,500,50000,506,-32135,16360981,685,36052,-63627384
21:01:32.613,0,-3.17,1,500,50000,500,50000,519,-35006,16360809,645,40204,-63627164
21:01:32.618,0,-3.26,1,500,50000,500,50000,291,-39268,16360609,741,39833,-63626972
21:01:32.623,0,-3.32,1,500,50000,500,50000,602,-37722,16360397,821,32468,-63626844
21:01:32.628,0,-3.36,1,500,50000,500,50000,467,-33825,16360253,710,35458,-63626620
21:01:32.633,0,-3.37,1,500,50000,500,50000,556,-17147,16360221,638,41310,-63626380
21:01:32.639,0,-3.37,1,500,50000,500,50000,528,-12464,16360181,809,36994,-63626268
21:01:32.644,0,-3.4,1,500,50000,500,50000,476,-15197,16360089,1013,28430,-63626140
21:01:32.649,0,-3.49,1,500,50000,500,50000,515,-21417,16359960,838,30631,-63625964
21:01:32.654,0,-3.63,1,500,50000,500,50000,513,-31747,16359773,596,41852,-63625708
21:01:32.659,0,-3.79,1,500,50000,500,50000,502,-43151,16359496,565,48661,-63625484
21:01:32.664,0,-3.93,1,500,50000,500,50000,474,-53546,16359192,639,44263,-63625324
21:01:32.669,0,-4.0,1,500,50000,500,50000,496,-64775,16358837,990,23377,-63625276
21:01:32.674,0,-3.97,1,500,50000,500,50000,531,-69038,16358440,460,43195,-63624912
21:01:32.679,0,-3.84,1,500,50000,500,50000,497,-62594,16358168,137,64846,-63624552
21:01:32.684,0,-3.63,1,500,50000,500,50000,444,-45997,16357944,965,34331,-63624608
21:01:32.690,0,-3.38,1,500,50000,500,50000,469,-33697,16357829,1288,12842,-63624496
21:01:32.695,0,-3.16,1,500,50000,500,50000,567,-28026,16357733,577,36368,-63624104
21:01:32.700,0,-3.01,1,500,50000,500,50000,528,-26994,16357602,70,65435,-63623720
21:01:32.705,0,-2.97,1,500,50000,500,50000,472,-36609,16357354,804,40948,-63623736
21:01:32.710,0,-3.02,1,500,50000,500,50000,399,-48173,16357076,1062,20261,-63623644
21:01:32.715,0,-3.1,1,500,50000,500,50000,472,-41209,16356876,840,27310,-63623364
21:01:32.720,0,-3.17,1,500,50000,500,50000,541,-23637,16356846,414,51426,-63623048
21:01:32.725,0,-3.2,1,500,50000,500,50000,558,-14516,16356805,759,39320,-63622944
21:01:32.730,0,-3.22,1,500,50000,500,50000,546,-12755,16356754,905,31201,-63622816
21:01:32.735,0,-3.27,1,500,50000,500,50000,557,-25905,16356569,997,29784,-63622632
21:01:32.740,0,-3.37,1,500,50000,500,50000,490,-41498,16356297,616,39999,-63622408
21:01:32.745,0,-3.51,1,500,50000,500,50000,447,-48212,16356036,537,45429,-63622180
21:01:32.750,0,-3.63,1,500,50000,500,50000,456,-38067,16355850,768,39300,-63622032
21:01:32.755,0,-3.68,1,500,50000,500,50000,472,-18742,16355817,992,29314,-63621892
21:01:32.760,0,-3.66,1,500,50000,500,50000,550,-16044,16355761,947,26991,-63621708
21:01:32.765,0,-3.63,1,500,50000,500,50000,556,-19094,16355661,645,40745,-63621472
21:01:32.771,0,-3.64,1,500,50000,500,50000,514,-31406,16355473,649,40739,-63621292
21:01:32.776,0,-3.72,1,500,50000,500,50000,485,-52552,16355148,923,30614,-63621212
21:01:32.781,0,-3.84,1,500,50000,500,50000,493,-80269,16354610,789,35843,-63620996
21:01:32.786,0,-3.92,1,500,50000,500,50000,457,-81266,16354214,483,46194,-63620712
21:01:32.791,0,-3.87,1,500,50000,500,50000,493,-65638,16353897,377,50559,-63620468
21:01:32.796,0,-3.37,1,500,50000,500,50000,435,-39266,16353813,900,33063,-63620412
21:01:32.801,0,-3.08,1,500,50000,500,50000,535,-23215,16353773,964,27620,-63620224
21:01:32.806,0,-2.9,1,500,50000,500,50000,610,-21314,16353680,792,31118,-63620004
21:01:32.811,0,-2.88,1,500,50000,500,50000,544,-27691,16353529,588,43240,-63619764
21:01:32.816,0,-2.98,1,500,50000,500,50000,515,-37496,16353277,649,42668,-63619580
21:01:32.821,0,-3.13,1,500,50000,500,50000,498,-42404,16353044,795,37330,-63619416
21:01:32.826,0,-3.25,1,500,50000,500,50000,466,-43480,16352837,790,32733,-63619276
21:01:32.831,0,-3.31,1,500,50000,500,50000,493,-37868,16352649,578,40993,-63619020
21:01:32.836,0,-3.31,1,500,50000,500,50000,513,-28574,16352550,612,44379,-63618812
21:01:32.841,0,-3.31,1,500,50000,500,50000,438,-25499,16352408,884,29609,-63618740
21:01:32.847,0,-3.34,1,500,50000,500,50000,508,-27702,16352270,822,34359,-63618508
21:01:32.852,0,-3.4,1,500,50000,500,50000,544,-34444,16352089,523,42691,-63618252
21:01:32.857,0,-3.49,1,500,50000,500,50000,458,-43084,16351818,547,45244,-63618044
21:01:32.862,0,-3.57,1,500,50000,500,50000,469,-46501,16351585,904,31128,-63617972
21:01:32.867,0,-3.61,1,500,50000,500,50000,488,-47492,16351353,780,31720,-63617756
21:01:32.872,0,-3.59,1,500,50000,500,50000,509,-42369,16351138,570,39718,-63617492
21:01:32.877,0,-3.53,1,500,50000,500,50000,497,-39689,16350938,583,45708,-63617264
21:01:32.882,0,-3.46,1,500,50000,500,50000,505,-37886,16350776,900,31836,-63617196
21:01:32.887,0,-3.4,1,500,50000,500,50000,517,-47274,16350488,835,31579,-63616988
21:01:32.892,0,-3.36,1,500,50000,500,50000,570,-49775,16350258,649,40329,-63616740
21:01:32.897,0,-3.32,1,500,50000,500,50000,348,-45136,16350025,677,40093,-63616592
21:01:32.902,0,-3.27,1,500,50000,500,50000,467,-39380,16349868,925,31533,-63616444
21:01:32.907,0,-3.21,1,500,50000,500,50000,494,-37454,16349672,897,31191,-63616244
21:01:32.912,0,-3.16,1,500,50000,500,50000,502,-39497,16349444,652,38964,-63615992
21:01:32.917,0,-3.13,1,500,50000,500,50000,513,-43008,16349228,667,40438,-63615832
21:01:32.922,0,-3.13,1,500,50000,500,50000,435,-36936,16349048,835,33309,-63615680
21:01:32.927,0,-3.14,1,500,50000,500,50000,474,-33029,16348908,920,30049,-63615492
21:01:32.933,0,-3.16,1,500,50000,500,50000,498,-34454,16348721,635,40875,-63615268
21:01:32.938,0,-3.19,1,500,50000,500,50000,508,-38072,16348477,633,41608,-63615028
21:01:32.943,0,-3.24,1,500,50000,500,50000,495,-39935,16348282,754,36809,-63614876
21:01:32.948,0,-3.28,1,500,50000,500,50000,494,-38059,16348105,865,31062,-63614712
21:01:32.953,0,-3.32,1,500,50000,500,50000,496,-30635,16347961,718,36524,-63614504
21:01:32.958,0,-3.35,1,500,50000,500,50000,532,-20134,16347914,736,40228,-63614300
21:01:32.963,0,-3.38,1,500,50000,500,50000,519,-21015,16347830,1038,29537,-63614248
21:01:32.968,0,-3.43,1,500,50000,500,50000,526,-27075,16347686,855,29716,-63614060
21:01:32.973,0,-3.52,1,500,50000,500,50000,539,-48202,16347350,647,44581,-63613816
21:01:32.978,0,-3.61,1,500,50000,500,50000,479,-64814,16346969,632,41447,-63613636
21:01:32.983,0,-3.65,1,500,50000,500,50000,431,-70635,16346614,859,33626,-63613512
21:01:32.988,0,-3.6,1,500,50000,500,50000,473,-58928,16346329,593,37924,-63613244
21:01:32.993,0,-3.44,1,500,50000,500,50000,510,-45055,16346172,408,48594,-63612948
21:01:32.998,0,-3.24,1,500,50000,500,50000,498,-27328,16346089,696,40978,-63612828
21:01:33.004,0,-3.08,1,500,50000,500,50000,520,-24360,16345985,942,30860,-63612684
21:01:33.009,0,-3.01,1,500,50000,500,50000,529,-30323,16345822,883,27327,-63612500
21:01:33.014,0,-3.05,1,500,50000,500,50000,496,-41046,16345561,643,41504,-63612208
21:01:33.019,0,-3.15,1,500,50000,500,50000,498,-54191,16345249,501,46287,-63612028
21:01:33.024,0,-3.24,1,500,50000,500,50000,428,-57478,16344904,789,39565,-63611856
21:01:33.029,0,-3.25,1,500,50000,500,50000,473,-40963,16344773,869,32830,-63611672
21:01:33.034,0,-3.2,1,500,50000,500,50000,508,-22526,16344750,640,37985,-63611476
21:01:33.039,0,-3.12,1,500,50000,500,50000,534,-11420,16344741,724,36783,-63611308
21:01:33.044,0,-3.08,1,500,50000,500,50000,527,-16432,16344649,749,38905,-63611116
21:01:33.049,0,-3.14,1,500,50000,500,50000,500,-31149,16344428,940,35005,-63610972
21:01:33.054,0,-3.27,1,500,50000,500,50000,523,-52388,16344102,777,33648,-63610812
21:01:33.059,0,-3.4,1,500,50000,500,50000,474,-63234,16343713,500,43378,-63610536
21:01:33.064,0,-3.47,1,500,50000,500,50000,461,-47535,16343557,494,46577,-63610312
21:01:33.069,0,-3.44,1,500,50000,500,50000,491,-24348,16343508,691,41256,-63610152
21:01:33.074,0,-3.35,1,500,50000,500,50000,546,-13303,16343477,973,28572,-63610076
21:01:33.080,0,-3.26,1,500,50000,500,50000,598,-21025,16343357,868,32468,-63609864
21:01:33.085,0,-3.26,1,500,50000,500,50000,501,-36779,16343112,662,42737,-63609612
21:01:33.090,0,-3.34,1,500,50000,500,50000,481,-57753,16342760,779,37276,-63609496
21:01:33.095,0,-3.44,1,500,50000,500,50000,412,-68757,16342332,881,32899,-63609308
21:01:33.100,0,-3.49,1,500,50000,500,50000,461,-56955,16342109,704,36886,-63609040
21:01:33.105,0,-3.42,1,500,50000,500,50000,502,-37243,16341982,295,53491,-63608748
21:01:33.110,0,-3.27,1,500,50000,500,50000,493,-20033,16341960,566,46119,-63608580
21:01:33.115,0,-3.12,1,500,50000,500,50000,531,-19456,16341870,806,34690,-63608448
21:01:33.120,0,-3.04,1,500,50000,500,50000,519,-29702,16341672,803,31753,-63608288
21:01:33.125,0,-3.07,1,500,50000,500,50000,525,-41335,16341432,648,36705,-63608056
21:01:33.130,0,-3.18,1,500,50000,500,50000,496,-43124,16341177,616,42548,-63607860
21:01:33.135,0,-3.28,1,500,50000,500,50000,467,-41028,16340985,762,37680,-63607692
21:01:33.140,0,-3.32,1,500,50000,500,50000,487,-40132,16340798,895,32044,-63607516
21:01:33.145,0,-3.29,1,500,50000,500,50000,475,-34669,16340637,622,42741,-63607272
21:01:33.150,0,-3.23,1,500,50000,500,50000,496,-33276,16340490,595,43342,-63607068
21:01:33.155,0,-3.17,1,500,50000,500,50000,433,-30234,16340328,772,38745,-63606908
21:01:33.161,0,-3.16,1,500,50000,500,50000,569,-30207,16340184,878,30244,-63606792
21:01:33.166,0,-3.19,1,500,50000,500,50000,495,-38258,16339974,675,39547,-63606528
21:01:33.171,0,-3.23,1,500,50000,500,50000,414,-44779,16339701,508,48354,-63606268
21:01:33.176,0,-3.27,1,500,50000,500,50000,468,-47022,16339466,798,32953,-63606208
21:01:33.181,0,-3.29,1,500,50000,500,50000,476,-46567,16339210,818,31518,-63605984
21:01:33.186,0,-3.23,1,500,50000,500,50000,515,-41095,16339046,459,43744,-63605672
21:01:33.191,0,-3.19,1,500,50000,500,50000,487,-31352,16338936,446,51110,-63605464
21:01:33.196,0,-3.16,1,500,50000,500,50000,494,-32544,16338744,867,34872,-63605352
21:01:33.201,0,-3.16,1,500,50000,500,50000,489,-37058,16338548,984,25556,-63605180
21:01:33.206,0,-3.19,1,500,50000,500,50000,510,-39749,16338353,715,34066,-63604892
21:01:33.211,0,-3.23,1,500,50000,500,50000,529,-34864,16338174,306,54000,-63604608
21:01:33.216,0,-3.26,1,500,50000,500,50000,479,-34875,16338005,616,46484,-63604460
21:01:33.221,0,-3.27,1,500,50000,500,50000,456,-36155,16337802,985,31871,-63604348
21:01:33.226,0,-3.28,1,500,50000,500,50000,480,-42190,16337557,871,30623,-63604168
21:01:33.231,0,-3.28,1,500,50000,500,50000,512,-45598,16337341,573,41079,-63603896
21:01:33.237,0,-3.27,1,500,50000,500,50000,516,-41984,16337126,441,49191,-63603644
21:01:33.242,0,-3.25,1,500,50000,500,50000,479,-38662,16336952,676,41634,-63603508
21:01:33.247,0,-3.22,1,500,50000,500,50000,482,-36597,16336765,949,27173,-63603432
21:01:33.252,0,-3.2,1,500,50000,500,50000,510,-37017,16336600,677,36571,-63603160
21:01:33.257,0,-3.19,1,500,50000,500,50000,524,-43258,16336344,463,47677,-63602892
21:01:33.262,0,-3.19,1,500,50000,500,50000,477,-49510,16336088,588,44598,-63602708
21:01:33.267,0,-3.19,1,500,50000,500,50000,464,-44000,16335861,869,30503,-63602628
21:01:33.272,0,-3.17,1,500,50000,500,50000,466,-34411,16335705,682,34775,-63602372
21:01:33.277,0,-3.15,1,500,50000,500,50000,528,-27786,16335609,542,42042,-63602116
21:01:33.282,0,-3.15,1,500,50000,500,50000,495,-26121,16335493,771,39536,-63601980
21:01:33.287,0,-3.19,1,500,50000,500,50000,507,-36295,16335257,894,31498,-63601820
21:01:33.292,0,-3.27,1,500,50000,500,50000,501,-41381,16335045,732,36897,-63601612
21:01:33.297,0,-3.34,1,500,50000,500,50000,497,-41534,16334845,530,47644,-63601344
21:01:33.302,0,-3.39,1,500,50000,500,50000,484,-39956,16334620,562,45876,-63601148
21:01:33.307,0,-3.39,1,500,50000,500,50000,483,-43510,16334361,805,36762,-63600996
21:01:33.313,0,-3.37,1,500,50000,500,50000,509,-48358,16334113,825,32476,-63600792
21:01:33.318,0,-3.34,1,500,50000,500,50000,494,-46482,16333865,461,45928,-63600516
21:01:33.323,0,-3.31,1,500,50000,500,50000,503,-34723,16333753,457,47810,-63600300
21:01:33.328,0,-3.28,1,500,50000,500,50000,519,-33364,16333594,947,32088,-63600236
21:01:33.333,0,-3.28,1,500,50000,500,50000,655,-39941,16333389,662,38857,-63600000
21:01:33.338,0,-3.29,1,500,50000,500,50000,502,-55810,16333032,470,47465,-63599732
21:01:33.343,0,-3.3,1,500,50000,500,50000,461,-61101,16332716,523,48502,-63599516
21:01:33.348,0,-3.27,1,500,50000,500,50000,436,-48909,16332528,836,33312,-63599444
21:01:33.353,0,-3.21,1,500,50000,500,50000,575,-30469,16332429,807,32812,-63599228
21:01:33.358,0,-3.13,1,500,50000,500,50000,541,-18286,16332392,700,38802,-63598996
21:01:33.363,0,-3.1,1,500,50000,500,50000,514,-24900,16332234,703,38943,-63598812
21:01:33.368,0,-3.14,1,500,50000,500,50000,519,-40716,16331980,934,32570,-63598700
21:01:33.374,0,-3.22,1,500,50000,500,50000,511,-55279,16331657,791,33407,-63598484
21:01:33.379,0,-3.31,1,500,50000,500,50000,479,-52108,16331381,588,40185,-63598236
21:01:33.384,0,-3.33,1,500,50000,500,50000,494,-39766,16331209,670,40073,-63598080
21:01:33.389,0,-3.29,1,500,50000,500,50000,478,-31497,16331097,796,36539,-63597888
21:01:33.394,0,-3.23,1,500,50000,500,50000,489,-29103,16330957,763,35495,-63597688
21:01:33.399,0,-3.2,1,500,50000,500,50000,508,-31351,16330809,733,35992,-63597488
21:01:33.404,0,-3.23,1,500,50000,500,50000,494,-37277,16330589,731,39320,-63597308
21:01:33.409,0,-3.3,1,500,50000,500,50000,396,-37658,16330412,803,36311,-63597132
21:01:33.414,0,-3.37,1,500,50000,500,50000,465,-39025,16330197,812,36000,-63596932
21:01:33.419,0,-3.4,1,500,50000,500,50000,520,-44201,16329937,669,37698,-63596748
21:01:33.424,0,-3.4,1,500,50000,500,50000,504,-51324,16329672,603,42289,-63596520
21:01:33.429,0,-3.36,1,500,50000,500,50000,494,-48871,16329410,679,40629,-63596316
21:01:33.434,0,-3.3,1,500,50000,500,50000,467,-41198,16329240,828,36079,-63596144
21:01:33.439,0,-3.21,1,500,50000,500,50000,491,-38552,16329037,647,36443,-63595964
21:01:33.444,0,-3.13,1,500,50000,500,50000,521,-36914,16328876,630,41642,-63595724
21:01:33.449,0,-3.06,1,500,50000,500,50000,492,-35803,16328708,650,43586,-63595512
21:01:33.454,0,-3.03,1,500,50000,500,50000,499,-35032,16328512,929,32493,-63595420
21:01:33.459,0,-3.03,1,500,50000,500,50000,521,-32158,16328373,888,30545,-63595228
21:01:33.465,0,-3.04,1,500,50000,500,50000,519,-29056,16328202,938,30476,-63594992
21:01:33.470,0,-3.08,1,500,50000,500,50000,510,-32412,16328040,637,41565,-63594748
21:01:33.475,0,-3.13,1,500,50000,500,50000,487,-39134,16327830,700,42156,-63594560
21:01:33.480,0,-3.19,1,500,50000,500,50000,476,-46515,16327541,802,33387,-63594432
21:01:33.485,0,-3.24,1,500,50000,500,50000,498,-45945,16327326,583,40436,-63594156
21:01:33.490,0,-3.27,1,500,50000,500,50000,438,-40301,16327193,503,48791,-63593932
21:01:33.495,0,-3.26,1,500,50000,500,50000,438,-32570,16327033,883,34634,-63593852
21:01:33.500,0,-3.24,1,500,50000,500,50000,511,-28334,16326922,862,32785,-63593648
21:01:33.505,0,-3.22,1,500,50000,500,50000,560,-28211,16326777,758,36447,-63593404
21:01:33.510,0,-3.24,1,500,50000,500,50000,508,-35912,16326577,570,45894,-63593188
21:01:33.515,0,-3.28,1,500,50000,500,50000,493,-44681,16326288,776,38413,-63593036
21:01:33.520,0,-3.32,1,500,50000,500,50000,478,-48409,16326054,797,32513,-63592864
21:01:33.525,0,-3.33,1,500,50000,500,50000,495,-45517,16325845,461,44434,-63592604
21:01:33.530,0,-3.3,1,500,50000,500,50000,516,-40215,16325637,495,48564,-63592364
21:01:33.535,0,-3.22,1,500,50000,500,50000,486,-36612,16325472,682,41580,-63592196
21:01:33.540,0,-3.13,1,500,50000,500,50000,497,-33452,16325293,938,33470,-63592040
21:01:33.545,0,-3.07,1,500,50000,500,50000,524,-31001,16325161,679,36886,-63591840
21:01:33.550,0,-3.06,1,500,50000,500,50000,531,-29691,16325036,580,40827,-63591620
21:01:33.556,0,-3.09,1,500,50000,500,50000,520,-29865,16324876,588,46040,-63591400
21:01:33.561,0,-3.15,1,500,50000,500,50000,477,-38697,16324666,820,36936,-63591264
21:01:33.566,0,-3.21,1,500,50000,500,50000,496,-44815,16324401,793,32665,-63591112
21:01:33.571,0,-3.26,1,500,50000,500,50000,478,-47846,16324130,653,38572,-63590860
21:01:33.576,0,-3.28,1,500,50000,500,50000,523,-35117,16324021,565,44738,-63590624
21:01:33.581,0,-3.27,1,500,50000,500,50000,447,-23348,16323921,736,40848,-63590460
21:01:33.586,0,-3.25,1,500,50000,500,50000,530,-20632,16323850,982,28717,-63590384
21:01:33.591,0,-3.3,1,500,50000,500,50000,441,-30438,16323656,836,32141,-63590160
21:01:33.596,0,-3.38,1,500,50000,500,50000,479,-44036,16323408,630,40667,-63589908
21:01:33.601,0,-3.45,1,500,50000,500,50000,446,-55966,16323045,716,42844,-63589740
21:01:33.606,0,-3.46,1,500,50000,500,50000,470,-48132,16322793,836,34614,-63589584
21:01:33.611,0,-3.4,1,500,50000,500,50000,485,-36635,16322664,879,31868,-63589380
21:01:33.616,0,-3.31,1,500,50000,500,50000,503,-25284,16322602,526,44736,-63589120
21:01:33.621,0,-3.25,1,500,50000,500,50000,489,-24473,16322477,606,43285,-63588936
21:01:33.626,0,-3.26,1,500,50000,500,50000,517,-37447,16322248,704,36514,-63588772
21:01:33.631,0,-3.31,1,500,50000,500,50000,504,-54625,16321880,719,36907,-63588584
21:01:33.636,0,-3.34,1,500,50000,500,50000,489,-51152,16321653,488,47723,-63588300
21:01:33.641,0,-3.33,1,500,50000,500,50000,547,-42789,16321478,747,42353,-63588168
21:01:33.646,0,-3.27,1,500,50000,500,50000,488,-33576,16321321,873,29676,-63588024
21:01:33.652,0,-3.2,1,500,50000,500,50000,525,-36109,16321149,804,30922,-63587792
21:01:33.657,0,-3.17,1,500,50000,500,50000,497,-38097,16320938,392,49744,-63587500
21:01:33.662,0,-3.17,1,500,50000,500,50000,511,-42020,16320716,517,50730,-63587292
21:01:33.667,0,-3.19,1,500,50000,500,50000,477,-42593,16320505,799,37749,-63587164
21:01:33.672,0,-3.21,1,500,50000,500,50000,494,-39690,16320296,836,32266,-63587008
21:01:33.677,0,-3.21,1,500,50000,500,50000,502,-35798,16320150,654,39914,-63586748
21:01:33.682,0,-3.2,1,500,50000,500,50000,482,-37814,16319933,564,45614,-63586504
21:01:33.687,0,-3.2,1,500,50000,500,50000,484,-44400,16319690,778,36340,-63586400
21:01:33.692,0,-3.21,1,500,50000,500,50000,490,-43820,16319476,836,32117,-63586212
21:01:33.697,0,-3.21,1,500,50000,500,50000,525,-39891,16319268,788,36222,-63585972
21:01:33.702,0,-3.2,1,500,50000,500,50000,498,-35306,16319126,460,46890,-63585740
21:01:33.707,0,-3.2,1,500,50000,500,50000,521,-34452,16318936,671,42607,-63585560
21:01:33.712,0,-3.22,1,500,50000,500,50000,504,-37405,16318740,824,34926,-63585404
21:01:33.717,0,-3.25,1,500,50000,500,50000,517,-43760,16318505,680,33864,-63585188
21:01:33.722,0,-3.27,1,500,50000,500,50000,501,-45678,16318250,448,47252,-63584932
21:01:33.727,0,-3.28,1,500,50000,500,50000,472,-45652,16318004,615,43993,-63584752
21:01:33.732,0,-3.26,1,500,50000,500,50000,511,-47031,16317784,766,35616,-63584588
21:01:33.737,0,-3.22,1,500,50000,500,50000,510,-41038,16317584,769,36011,-63584364
21:01:33.743,0,-3.17,1,500,50000,500,50000,501,-37512,16317420,572,42682,-63584148
21:01:33.748,0,-3.13,1,500,50000,500,50000,482,-32984,16317257,679,40853,-63583964
21:01:33.753,0,-3.12,1,500,50000,500,50000,532,-31054,16317124,870,35966,-63583804
21:01:33.758,0,-3.14,1,500,50000,500,50000,485,-34613,16316928,900,32386,-63583624
21:01:33.763,0,-3.18,1,500,50000,500,50000,527,-39548,16316728,706,38701,-63583420
21:01:33.768,0,-3.23,1,500,50000,500,50000,481,-39849,16316512,671,39973,-63583228
21:01:33.773,0,-3.27,1,500,50000,500,50000,456,-35293,16316364,770,38604,-63583056
21:01:33.778,0,-3.29,1,500,50000,500,50000,506,-31977,16316201,926,29532,-63582944
21:01:33.783,0,-3.31,1,500,50000,500,50000,580,-32026,16316057,732,37019,-63582696
21:01:33.788,0,-3.33,1,500,50000,500,50000,473,-38769,16315817,589,43380,-63582468
21:01:33.793,0,-3.36,1,500,50000,500,50000,478,-48397,16315540,887,33577,-63582372
21:01:33.798,0,-3.39,1,500,50000,500,50000,489,-54818,16315200,857,31628,-63582164
21:01:33.803,0,-3.38,1,500,50000,500,50000,493,-54347,16314948,430,46528,-63581888
21:01:33.808,0,-3.33,1,500,50000,500,50000,489,-50367,16314728,458,49434,-63581652
21:01:33.813,0,-3.24,1,500,50000,500,50000,450,-45521,16314489,658,43224,-63581472
21:01:33.818,0,-3.15,1,500,50000,500,50000,582,-37536,16314340,758,35897,-63581324
21:01:33.823,0,-3.08,1,500,50000,500,50000,521,-33569,16314168,614,40816,-63581068
21:01:33.828,0,-3.05,1,500,50000,500,50000,510,-28156,16314061,557,43803,-63580844
21:01:33.834,0,-3.08,1,500,50000,500,50000,538,-31753,16313876,617,41517,-63580660
21:01:33.839,0,-3.13,1,500,50000,500,50000,491,-42129,16313637,839,35573,-63580528
21:01:33.844,0,-3.19,1,500,50000,500,50000,422,-58248,16313301,732,39190,-63580272
21:01:33.849,0,-3.21,1,500,50000,500,50000,474,-58197,16312961,452,48382,-63580024
21:01:33.854,0,-3.18,1,500,50000,500,50000,529,-41715,16312826,635,43588,-63579844
21:01:33.859,0,-3.1,1,500,50000,500,50000,446,-25127,16312776,838,34071,-63579692
21:01:33.864,0,-3.02,1,500,50000,500,50000,548,-16756,16312720,786,35389,-63579508
21:01:33.869,0,-2.99,1,500,50000,500,50000,528,-28824,16312504,801,33608,-63579260
21:01:33.874,0,-3.05,1,500,50000,500,50000,511,-42229,16312216,607,42352,-63578996
21:01:33.879,0,-3.16,1,500,50000,500,50000,498,-47645,16312042,870,32034,-63578976
21:01:33.884,0,-3.27,1,500,50000,500,50000,496,-43563,16311848,721,36511,-63578740
21:01:33.889,0,-3.32,1,500,50000,500,50000,505,-33926,16311702,565,44816,-63578496
21:01:33.894,0,-3.32,1,500,50000,500,50000,504,-26625,16311586,757,39389,-63578332
21:01:33.899,0,-3.3,1,500,50000,500,50000,431,-30240,16311433,812,33667,-63578204
21:01:33.904,0,-3.3,1,500,50000,500,50000,496,-43819,16311148,680,39885,-63577968
21:01:33.909,0,-3.32,1,500,50000,500,50000,495,-52428,16310869,692,41438,-63577752
21:01:33.914,0,-3.34,1,500,50000,500,50000,455,-50373,16310596,791,36530,-63577580
21:01:33.920,0,-3.32,1,500,50000,500,50000,569,-43060,16310430,657,38857,-63577384
21:01:33.925,0,-3.26,1,500,50000,500,50000,508,-33260,16310288,545,46825,-63577132
21:01:33.930,0,-3.17,1,500,50000,500,50000,503,-29621,16310170,706,41195,-63576968
21:01:33.935,0,-3.1,1,500,50000,500,50000,475,-32593,16309984,895,34163,-63576816
21:01:33.940,0,-3.08,1,500,50000,500,50000,520,-34023,16309788,529,44139,-63576556
21:01:33.945,0,-3.09,1,500,50000,500,50000,450,-35230,16309616,536,47528,-63576332
21:01:33.950,0,-3.13,1,500,50000,500,50000,428,-33037,16309466,667,39319,-63576184
21:01:33.955,0,-3.16,1,500,50000,500,50000,496,-32992,16309274,778,33011,-63576032
21:01:33.960,0,-3.19,1,500,50000,500,50000,526,-37677,16309081,582,41456,-63575752
21:01:33.965,0,-3.21,1,500,50000,500,50000,492,-38424,16308872,441,49088,-63575488
21:01:33.970,0,-3.23,1,500,50000,500,50000,486,-37333,16308693,778,39028,-63575388
21:01:33.975,0,-3.25,1,500,50000,500,50000,487,-35981,16308525,910,30160,-63575228
21:01:33.980,0,-3.26,1,500,50000,500,50000,504,-31461,16308376,615,39043,-63574988
21:01:33.985,0,-3.28,1,500,50000,500,50000,495,-30477,16308217,586,40933,-63574728
21:01:33.990,0,-3.3,1,500,50000,500,50000,525,-34311,16308040,573,45301,-63574504
21:01:33.995,0,-3.33,1,500,50000,500,50000,494,-48108,16307721,918,34590,-63574412
21:01:34.000,0,-3.35,1,500,50000,500,50000,496,-53457,16307448,821,31536,-63574208
21:01:34.005,0,-3.35,1,500,50000,500,50000,495,-53716,16307188,432,49429,-63573904
21:01:34.011,0,-3.3,1,500,50000,500,50000,571,-51325,16306952,624,44448,-63573764
21:01:34.016,0,-3.21,1,500,50000,500,50000,467,-47478,16306694,777,36942,-63573580
21:01:34.021,0,-3.09,1,500,50000,500,50000,496,-38473,16306553,674,35672,-63573348
21:01:34.026,0,-2.97,1,500,50000,500,50000,516,-24676,16306497,464,48049,-63573104
21:01:34.031,0,-2.9,1,500,50000,500,50000,450,-19301,16306409,672,43356,-63572924
21:01:34.036,0,-2.9,1,500,50000,500,50000,549,-25058,16306273,960,32227,-63572792
21:01:34.041,0,-3.08,1,500,50000,500,50000,498,-37697,16306026,949,28635,-63572584
21:01:34.046,0,-3.18,1,500,50000,500,50000,515,-54463,16305705,252,54052,-63572232
21:01:34.051,0,-3.23,1,500,50000,500,50000,466,-53498,16305449,192,62932,-63571960
21:01:34.056,0,-3.22,1,500,50000,500,50000,442,-38364,16305277,781,37893,-63571916
21:01:34.061,0,-3.17,1,500,50000,500,50000,502,-28063,16305193,1208,16162,-63571804
21:01:34.066,0,-3.14,1,500,50000,500,50000,558,-20691,16305124,281,51670,-63571388
21:01:34.071,0,-3.17,1,500,50000,500,50000,550,-24182,16304984,188,65416,-63571112
21:01:34.076,0,-3.27,1,500,50000,500,50000,456,-34414,16304773,788,44242,-63571060
21:01:34.081,0,-3.38,1,500,50000,500,50000,355,-47812,16304457,1137,13263,-63571052
21:01:34.086,0,-3.45,1,500,50000,500,50000,536,-55170,16304186,242,50913,-63570572
21:01:34.091,0,-3.44,1,500,50000,500,50000,529,-51079,16303936,23,73064,-63570256
21:01:34.096,0,-3.37,1,500,50000,500,50000,466,-48130,16303721,905,40489,-63570264
21:01:34.102,0,-3.27,1,500,50000,500,50000,518,-53491,16303418,794,25647,-63570108
21:01:34.107,0,-3.18,1,500,50000,500,50000,479,-44857,16303256,59,68275,-63569628
21:01:34.112,0,-3.11,1,500,50000,500,50000,453,-34536,16303093,997,34838,-63569712
21:01:34.117,0,-3.08,1,500,50000,500,50000,491,-39374,16302890,1338,9758,-63569600
21:01:34.122,0,-3.09,1,500,50000,500,50000,547,-42862,16302660,443,42963,-63569124
21:01:34.127,0,-3.11,1,500,50000,500,50000,469,-42505,16302462,167,66493,-63568844
21:01:34.132,0,-3.14,1,500,50000,500,50000,435,-42167,16302201,1138,28208,-63568864
21:01:34.137,0,-3.16,1,500,50000,500,50000,505,-39202,16302025,1054,20692,-63568652
21:01:34.142,0,-3.16,1,500,50000,500,50000,547,-30171,16301932,178,58814,-63568220
21:01:34.147,0,-3.18,1,500,50000,500,50000,541,-24885,16301805,434,53217,-63568056
21:01:34.152,0,-3.21,1,500,50000,500,50000,484,-34468,16301593,969,27410,-63568044
21:01:34.157,0,-3.27,1,500,50000,500,50000,503,-45071,16301337,876,30005,-63567804
21:01:34.162,0,-3.31,1,500,50000,500,50000,508,-46719,16301069,617,38348,-63567536
21:01:34.167,0,-3.33,1,500,50000,500,50000,381,-42198,16300884,590,46346,-63567324
21:01:34.172,0,-3.31,1,500,50000,500,50000,501,-36307,16300705,766,37094,-63567180
21:01:34.177,0,-3.28,1,500,50000,500,50000,458,-40384,16300496,839,32908,-63567016
21:01:34.182,0,-3.26,1,500,50000,500,50000,490,-51921,16300170,570,40556,-63566752
21:01:34.187,0,-3.24,1,500,50000,500,50000,582,-52902,16299917,460,47604,-63566508
21:01:34.192,0,-3.23,1,500,50000,500,50000,502,-44895,16299741,659,44824,-63566320
21:01:34.198,0,-3.21,1,500,50000,500,50000,470,-36677,16299578,855,33286,-63566176
21:01:34.203,0,-3.19,1,500,50000,500,50000,504,-35138,16299401,752,34131,-63565952
21:01:34.208,0,-3.19,1,500,50000,500,50000,519,-40083,16299201,514,44535,-63565716
21:01:34.213,0,-3.22,1,500,50000,500,50000,488,-44661,16298968,747,38554,-63565560
21:01:34.218,0,-3.25,1,500,50000,500,50000,490,-44493,16298753,718,35555,-63565408
21:01:34.223,0,-3.26,1,500,50000,500,50000,483,-38100,16298568,678,41029,-63565164
21:01:34.228,0,-3.25,1,500,50000,500,50000,500,-28324,16298482,708,36600,-63564980
21:01:34.233,0,-3.25,1,500,50000,500,50000,496,-26351,16298349,742,37526,-63564764
21:01:34.238,0,-3.27,1,500,50000,500,50000,510,-32234,16298153,673,40201,-63564588
21:01:34.243,0,-3.32,1,500,50000,500,50000,499,-39215,16297946,738,36810,-63564412
21:01:34.248,0,-3.38,1,500,50000,500,50000,577,-40944,16297713,851,32300,-63564236
21:01:34.253,0,-3.43,1,500,50000,500,50000,455,-41123,16297524,678,38982,-63563980
21:01:34.258,0,-3.44,1,500,50000,500,50000,491,-41249,16297305,596,47255,-63563764
21:01:34.263,0,-3.42,1,500,50000,500,50000,491,-45376,16297085,757,37683,-63563620
21:01:34.269,0,-3.39,1,500,50000,500,50000,494,-46116,16296842,868,31169,-63563452
21:01:34.274,0,-3.35,1,500,50000,500,50000,503,-40671,16296677,566,43093,-63563196
21:01:34.279,0,-3.32,1,500,50000,500,50000,510,-34462,16296513,619,44043,-63562988
21:01:34.284,0,-3.29,1,500,50000,500,50000,506,-31205,16296377,683,40882,-63562816
21:01:34.289,0,-3.28,1,500,50000,500,50000,496,-37065,16296153,950,30978,-63562712
21:01:34.294,0,-3.29,1,500,50000,500,50000,445,-41812,16295936,788,35427,-63562480
21:01:34.299,0,-3.3,1,500,50000,500,50000,506,-46704,16295689,617,44824,-63562260
21:01:34.304,0,-3.3,1,500,50000,500,50000,487,-44013,16295445,743,38723,-63562092
21:01:34.309,0,-3.26,1,500,50000,500,50000,509,-39913,16295269,852,31152,-63561920
21:01:34.314,0,-3.21,1,500,50000,500,50000,516,-37559,16295072,568,44047,-63561644
21:01:34.319,0,-3.15,1,500,50000,500,50000,487,-35996,16294904,459,49081,-63561404
21:01:34.324,0,-3.12,1,500,50000,500,50000,482,-36848,16294722,595,47600,-63561196
21:01:34.329,0,-3.12,1,500,50000,500,50000,492,-36029,16294517,898,29175,-63561136
21:01:34.335,0,-3.14,1,500,50000,500,50000,502,-35727,16294360,738,32093,-63560884
21:01:34.340,0,-3.18,1,500,50000,500,50000,484,-33196,16294188,503,44241,-63560584
21:01:34.345,0,-3.22,1,500,50000,500,50000,511,-35252,16294014,582,48965,-63560396
21:01:34.350,0,-3.26,1,500,50000,500,50000,444,-39862,16293813,907,35293,-63560268
21:01:34.355,0,-3.3,1,500,50000,500,50000,508,-41972,16293560,1058,24922,-63560112
21:01:34.360,0,-3.33,1,500,50000,500,50000,492,-41991,16293370,339,46031,-63559776
21:01:34.365,0,-3.33,1,500,50000,500,50000,461,-38065,16293181,193,64577,-63559448
21:01:34.370,0,-3.32,1,500,50000,500,50000,452,-37340,16293002,577,53857,-63559328
21:01:34.375,0,-3.3,1,500,50000,500,50000,471,-44289,16292686,622,50648,-63559088
21:01:34.380,0,-3.29,1,500,50000,500,50000,437,-43052,16292440,1151,26660,-63559020
21:01:34.385,0,-3.27,1,500,50000,500,50000,502,-41942,16292249,705,28676,-63558792
21:01:34.390,0,-3.25,1,500,50000,500,50000,544,-37738,16292072,252,53058,-63558408
21:01:34.395,0,-3.23,1,500,50000,500,50000,504,-34265,16291929,230,61412,-63558184
21:01:34.400,0,-3.21,1,500,50000,500,50000,476,-40606,16291745,1088,22790,-63558276
21:01:34.405,0,-3.2,1,500,50000,500,50000,492,-46721,16291481,649,33741,-63557972
21:01:34.410,0,-3.2,1,500,50000,500,50000,491,-42401,16291304,272,58322,-63557660
21:01:34.415,0,-3.21,1,500,50000,500,50000,498,-34032,16291144,717,41540,-63557564
21:01:34.421,0,-3.2,1,500,50000,500,50000,483,-29374,16291028,1017,28931,-63557416
21:01:34.426,0,-3.2,1,500,50000,500,50000,566,-32884,16290852,806,31620,-63557172
21:01:34.431,0,-3.22,1,500,50000,500,50000,407,-36683,16290680,345,53969,-63556844
21:01:34.436,0,-3.27,1,500,50000,500,50000,507,-38846,16290456,424,54071,-63556648
21:01:34.441,0,-3.33,1,500,50000,500,50000,454,-37601,16290282,1118,26037,-63556652
21:01:34.446,0,-3.38,1,500,50000,500,50000,472,-29610,16290157,949,24389,-63556432
21:01:34.451,0,-3.45,1,500,50000,500,50000,556,-22367,16290072,580,39810,-63556116
21:01:34.456,0,-3.51,1,500,50000,500,50000,521,-27955,16289922,514,51194,-63555904
21:01:34.461,0,-3.57,1,500,50000,500,50000,493,-43069,16289657,920,38811,-63555792
21:01:34.466,0,-3.6,1,500,50000,500,50000,475,-68458,16289181,1090,26218,-63555644
21:01:34.471,0,-3.55,1,500,50000,500,50000,500,-71029,16288846,521,42327,-63555332
21:01:34.476,0,-3.41,1,500,50000,500,50000,490,-51120,16288637,256,57993,-63555024
21:01:34.481,0,-3.24,1,500,50000,500,50000,504,-33760,16288536,914,35244,-63555008
21:01:34.486,0,-3.11,1,500,50000,500,50000,508,-28317,16288426,1089,21564,-63554860
21:01:34.491,0,-3.07,1,500,50000,500,50000,542,-33330,16288237,764,27044,-63554588
21:01:34.496,0,-3.13,1,500,50000,500,50000,539,-39746,16288028,246,60645,-63554224
21:01:34.501,0,-3.22,1,500,50000,500,50000,498,-46265,16287733,658,45056,-63554116
21:01:34.506,0,-3.29,1,500,50000,500,50000,579,-57229,16287421,876,34277,-63553948
21:01:34.512,0,-3.29,1,500,50000,500,50000,515,-58877,16287081,711,32388,-63553720
21:01:34.517,0,-3.23,1,500,50000,500,50000,480,-46343,16286905,413,51649,-63553404
21:01:34.522,0,-3.15,1,500,50000,500,50000,531,-24885,16286872,538,48597,-63553216
21:01:34.527,0,-3.12,1,500,50000,500,50000,440,-13119,16286844,869,37284,-63553084
21:01:34.532,0,-3.17,1,500,50000,500,50000,547,-15707,16286761,851,31043,-63552948
21:01:34.537,0,-3.31,1,500,50000,500,50000,530,-25852,16286605,687,39417,-63552696
21:01:34.542,0,-3.48,1,500,50000,500,50000,508,-42333,16286313,534,44443,-63552476
21:01:34.547,0,-3.61,1,500,50000,500,50000,466,-56491,16285985,826,37546,-63552364
21:01:34.552,0,-3.63,1,500,50000,500,50000,467,-61897,16285609,882,31399,-63552192
21:01:34.557,0,-3.53,1,500,50000,500,50000,496,-56165,16285372,641,40777,-63551900
21:01:34.562,0,-3.36,1,500,50000,500,50000,533,-45546,16285165,496,46949,-63551644
21:01:34.567,0,-3.19,1,500,50000,500,50000,485,-34964,16285040,696,40605,-63551520
21:01:34.572,0,-3.08,1,500,50000,500,50000,498,-28722,16284904,878,30268,-63551376
21:01:34.577,0,-3.05,1,500,50000,500,50000,456,-32126,16284752,844,32451,-63551164
21:01:34.582,0,-3.1,1,500,50000,500,50000,448,-29318,16284616,667,39811,-63550928
21:01:34.588,0,-3.2,1,500,50000,500,50000,563,-31217,16284442,789,38046,-63550796
21:01:34.593,0,-3.31,1,500,50000,500,50000,509,-39837,16284220,916,30735,-63550648
21:01:34.598,0,-3.4,1,500,50000,500,50000,484,-50219,16283913,862,31811,-63550444
21:01:34.603,0,-3.44,1,500,50000,500,50000,475,-49728,16283693,596,41761,-63550180
21:01:34.608,0,-3.43,1,500,50000,500,50000,495,-33919,16283568,949,36348,-63550068
21:01:34.613,0,-3.4,1,500,50000,500,50000,489,-28546,16283464,1011,28532,-63549916
21:01:34.618,0,-3.4,1,500,50000,500,50000,517,-30021,16283310,692,38348,-63549680
21:01:34.623,0,-3.43,1,500,50000,500,50000,508,-37042,16283112,613,43786,-63549456
21:01:34.628,0,-3.48,1,500,50000,500,50000,487,-48610,16282833,721,41983,-63549268
21:01:34.633,0,-3.52,1,500,50000,500,50000,475,-53803,16282514,903,32113,-63549152
21:01:34.638,0,-3.5,1,500,50000,500,50000,495,-46083,16282325,653,40318,-63548872
21:01:34.643,0,-3.44,1,500,50000,500,50000,510,-37813,16282137,540,44646,-63548636
21:01:34.648,0,-3.35,1,500,50000,500,50000,493,-35838,16281973,776,39137,-63548504
21:01:34.653,0,-3.29,1,500,50000,500,50000,479,-39909,16281736,885,31371,-63548336
21:01:34.658,0,-3.27,1,500,50000,500,50000,518,-43959,16281517,601,40250,-63548092
21:01:34.663,0,-3.27,1,500,50000,500,50000,510,-45084,16281306,482,47655,-63547836
21:01:34.669,0,-3.28,1,500,50000,500,50000,557,-43311,16281074,562,46086,-63547644
21:01:34.674,0,-3.28,1,500,50000,500,50000,483,-44560,16280856,841,32995,-63547552
21:01:34.679,0,-3.26,1,500,50000,500,50000,440,-44273,16280661,836,34259,-63547320
21:01:34.684,0,-3.23,1,500,50000,500,50000,533,-33035,16280516,661,40005,-63547088
21:01:34.689,0,-3.21,1,500,50000,500,50000,457,-23577,16280441,830,36926,-63546964
21:01:34.694,0,-3.24,1,500,50000,500,50000,616,-16436,16280361,1074,26902,-63546844
21:01:34.699,0,-3.32,1,500,50000,500,50000,535,-18810,16280277,996,27801,-63546660
21:01:34.704,0,-3.44,1,500,50000,500,50000,545,-28735,16280105,882,34204,-63546436
21:01:34.709,0,-3.58,1,500,50000,500,50000,500,-50135,16279753,799,40942,-63546252
21:01:34.714,0,-3.67,1,500,50000,500,50000,465,-66471,16279368,834,35694,-63546096
21:01:34.719,0,-3.66,1,500,50000,500,50000,456,-64904,16279001,747,36764,-63545872
21:01:34.724,0,-3.54,1,500,50000,500,50000,496,-50587,16278824,532,45767,-63545580
21:01:34.729,0,-3.35,1,500,50000,500,50000,506,-34885,16278693,647,43862,-63545424
21:01:34.734,0,-3.17,1,500,50000,500,50000,511,-27807,16278600,859,33246,-63545268
21:01:34.739,0,-3.06,1,500,50000,500,50000,529,-27960,16278456,862,34485,-63545052
21:01:34.745,0,-3.06,1,500,50000,500,50000,401,-35665,16278217,647,41940,-63544796
21:01:34.750,0,-3.13,1,500,50000,500,50000,487,-37807,16278037,549,46220,-63544572
21:01:34.755,0,-3.22,1,500,50000,500,50000,487,-36551,16277845,728,41000,-63544412
21:01:34.760,0,-3.28,1,500,50000,500,50000,383,-36592,16277681,942,31309,-63544292
21:01:34.765,0,-3.32,1,500,50000,500,50000,514,-38715,16277472,681,37532,-63544044
21:01:34.770,0,-3.32,1,500,50000,500,50000,513,-39686,16277317,592,45463,-63543828
21:01:34.775,0,-3.31,1,500,50000,500,50000,585,-40514,16277090,876,36294,-63543692
21:01:34.780,0,-3.29,1,500,50000,500,50000,498,-34689,16276957,763,34586,-63543512
21:01:34.785,0,-3.27,1,500,50000,500,50000,526,-28052,16276842,666,38515,-63543288
21:01:34.790,0,-3.27,1,500,50000,500,50000,518,-23190,16276758,643,43744,-63543060
21:01:34.795,0,-3.3,1,500,50000,500,50000,468,-32954,16276536,865,34978,-63542972
21:01:34.801,0,-3.35,1,500,50000,500,50000,490,-46115,16276265,979,32145,-63542796
21:01:34.806,0,-3.41,1,500,50000,500,50000,494,-52435,16275994,837,32133,-63542592
21:01:34.811,0,-3.42,1,500,50000,500,50000,472,-46223,16275753,627,45983,-63542332
21:01:34.816,0,-3.37,1,500,50000,500,50000,477,-36029,16275632,610,45767,-63542128
21:01:34.821,0,-3.3,1,500,50000,500,50000,516,-22731,16275561,914,32826,-63542040
21:01:34.826,0,-3.24,1,500,50000,500,50000,547,-21493,16275468,905,31486,-63541840
21:01:34.831,0,-3.25,1,500,50000,500,50000,557,-29001,16275305,704,38259,-63541608
21:01:34.836,0,-3.4,1,500,50000,500,50000,532,-47884,16274960,728,41174,-63541436
21:01:34.841,0,-3.42,1,500,50000,500,50000,485,-60349,16274617,885,34733,-63541256
21:01:34.846,0,-3.35,1,500,50000,500,50000,421,-55615,16274322,676,36066,-63541008
21:01:34.851,0,-3.23,1,500,50000,500,50000,600,-40210,16274196,385,50362,-63540728
21:01:34.856,0,-3.12,1,500,50000,500,50000,652,-24007,16274128,659,44747,-63540560
21:01:34.861,0,-3.08,1,500,50000,500,50000,532,-14744,16274098,873,32480,-63540432
21:01:34.866,0,-3.14,1,500,50000,500,50000,515,-22603,16273964,779,35533,-63540232
21:01:34.872,0,-3.26,1,500,50000,500,50000,544,-34951,16273737,515,46741,-63539956
21:01:34.877,0,-3.38,1,500,50000,500,50000,469,-45437,16273474,485,49228,-63539744
21:01:34.877,0,-3.38,1,500,50000,500,50000,490,-56738,16273105,640,41163,-63539576
21:01:34.882,0,-3.44,1,500,50000,500,50000,475,-60858,16272793,734,36892,-63539408
21:01:34.887,0,-3.39,1,500,50000,500,50000,490,-48617,16272616,482,44572,-63539128
21:01:34.892,0,-3.27,1,500,50000,500,50000,506,-28112,16272537,499,48576,-63538892
21:01:34.897,0,-3.14,1,500,50000,500,50000,545,-18874,16272453,627,43468,-63538696
21:01:34.902,0,-3.07,1,500,50000,500,50000,508,-22143,16272337,949,31080,-63538624
21:01:34.907,0,-3.1,1,500,50000,500,50000,535,-36294,16272094,969,28389,-63538444
21:01:34.912,0,-3.21,1,500,50000,500,50000,484,-42838,16271872,794,34802,-63538204
21:01:34.917,0,-3.33,1,500,50000,500,50000,416,-47364,16271593,682,39823,-63538028
21:01:34.922,0,-3.41,1,500,50000,500,50000,545,-43080,16271448,968,32662,-63537916
21:01:34.928,0,-3.42,1,500,50000,500,50000,565,-38354,16271257,789,35407,-63537692
21:01:34.933,0,-3.36,1,500,50000,500,50000,412,-36329,16271102,583,45680,-63537428
21:01:34.938,0,-3.29,1,500,50000,500,50000,487,-41530,16270852,835,36311,-63537324
21:01:34.943,0,-3.24,1,500,50000,500,50000,443,-43736,16270600,915,32081,-63537136
21:01:34.948,0,-3.21,1,500,50000,500,50000,384,-44975,16270389,675,38567,-63536872
21:01:34.953,0,-3.19,1,500,50000,500,50000,555,-35495,16270240,601,45216,-63536664
21:01:34.958,0,-3.17,1,500,50000,500,50000,536,-34605,16270077,807,37594,-63536500
21:01:34.963,0,-3.15,1,500,50000,500,50000,493,-41954,16269849,762,36786,-63536312
21:01:34.968,0,-3.14,1,500,50000,500,50000,531,-44464,16269585,421,45964,-63536032
21:01:34.973,0,-3.13,1,500,50000,500,50000,486,-38916,16269417,392,51149,-63535788
21:01:34.978,0,-3.13,1,500,50000,500,50000,478,-30150,16269305,880,35418,-63535712
21:01:34.983,0,-3.14,1,500,50000,500,50000,525,-22510,16269217,882,33502,-63535500
21:01:34.988,0,-3.18,1,500,50000,500,50000,530,-24179,16269098,838,35322,-63535276
21:01:34.993,0,-3.25,1,500,50000,500,50000,497,-37944,16268837,651,43297,-63535068
21:01:34.998,0,-3.36,1,500,50000,500,50000,490,-49258,16268553,726,40210,-63534900
21:01:35.003,0,-3.46,1,500,50000,500,50000,459,-49187,16268312,910,29399,-63534800
21:01:35.008,0,-3.52,1,500,50000,500,50000,501,-39007,16268136,734,36083,-63534544
21:01:35.013,0,-3.52,1,500,50000,500,50000,577,-23934,16268084,697,41346,-63534320
21:01:35.019,0,-3.49,1,500,50000,500,50000,536,-19321,16268013,948,31369,-63534240
21:01:35.024,0,-3.48,1,500,50000,500,50000,502,-29165,16267821,1081,28390,-63534080
21:01:35.029,0,-3.53,1,500,50000,500,50000,530,-48265,16267514,880,32146,-63533876
21:01:35.034,0,-3.61,1,500,50000,500,50000,457,-69773,16267038,693,41827,-63533664
21:01:35.039,0,-3.66,1,500,50000,500,50000,468,-74822,16266661,681,38981,-63533464
21:01:35.044,0,-3.61,1,500,50000,500,50000,474,-73656,16266313,651,39746,-63533216
21:01:35.049,0,-3.44,1,500,50000,500,50000,472,-49803,16266121,355,50653,-63532940
21:01:35.054,0,-3.21,1,500,50000,500,50000,519,-27466,16266089,531,47206,-63532752
21:01:35.059,0,-2.98,1,500,50000,500,50000,530,-14462,16266069,876,34880,-63532624
21:01:35.064,0,-2.85,1,500,50000,500,50000,540,-18608,16265972,1012,31689,-63532436
21:01:35.069,0,-2.86,1,500,50000,500,50000,510,-30656,16265764,685,41398,-63532208
21:01:35.074,0,-2.98,1,500,50000,500,50000,482,-43578,16265514,591,45613,-63531984
21:01:35.079,0,-3.16,1,500,50000,500,50000,440,-47437,16265237,727,41398,-63531808
21:01:35.084,0,-3.3,1,500,50000,500,50000,369,-48823,16265004,873,32669,-63531692
21:01:35.089,0,-3.36,1,500,50000,500,50000,503,-35096,16264872,749,35890,-63531468
21:01:35.094,0,-3.34,1,500,50000,500,50000,497,-26063,16264797,636,43381,-63531228
21:01:35.099,0,-3.29,1,500,50000,500,50000,490,-22096,16264696,789,41780,-63531056
21:01:35.105,0,-3.28,1,500,50000,500,50000,490,-32372,16264489,1056,28070,-63530988
21:01:35.110,0,-3.32,1,500,50000,500,50000,497,-46674,16264221,857,32972,-63530764
21:01:35.115,0,-3.4,1,500,50000,500,50000,524,-60411,16263833,525,47921,-63530476
21:01:35.120,0,-3.47,1,500,50000,500,50000,461,-63331,16263516,757,40959,-63530348
21:01:35.125,0,-3.47,1,500,50000,500,50000,454,-58450,16263205,780,34825,-63530152
21:01:35.130,0,-3.38,1,500,50000,500,50000,491,-45002,16263052,708,37934,-63529904
21:01:35.135,0,-3.21,1,500,50000,500,50000,513,-30975,16262970,497,48305,-63529660
21:01:35.140,0,-3.05,1,500,50000,500,50000,493,-23688,16262877,774,39421,-63529512
21:01:35.145,0,-2.94,1,500,50000,500,50000,518,-23720,16262768,792,36034,-63529324
21:01:35.150,0,-2.93,1,500,50000,500,50000,512,-32794,16262552,764,36346,-63529152
21:01:35.155,0,-3.0,1,500,50000,500,50000,499,-42978,16262309,629,41523,-63528900
21:01:35.160,0,-3.1,1,500,50000,500,50000,467,-47471,16262068,681,42384,-63528724
21:01:35.165,0,-3.18,1,500,50000,500,50000,484,-38517,16261881,752,39314,-63528524
21:01:35.170,0,-3.21,1,500,50000,500,50000,500,-25977,16261816,858,33252,-63528352
21:01:35.175,0,-3.2,1,500,50000,500,50000,517,-18120,16261752,735,38181,-63528152
21:01:35.181,0,-3.18,1,500,50000,500,50000,536,-21663,16261642,607,44420,-63527908
21:01:35.186,0,-3.2,1,500,50000,500,50000,487,-35991,16261418,722,42738,-63527720
21:01:35.191,0,-3.28,1,500,50000,500,50000,478,-56290,16261032,843,32902,-63527608
21:01:35.196,0,-3.39,1,500,50000,500,50000,459,-66576,16260677,614,38538,-63527336
21:01:35.201,0,-3.45,1,500,50000,500,50000,503,-53096,16260426,453,50055,-63527032
21:01:35.206,0,-3.42,1,500,50000,500,50000,498,-35589,16260329,649,46638,-63526888
21:01:35.211,0,-3.31,1,500,50000,500,50000,471,-27825,16260228,862,34216,-63526752
21:01:35.216,0,-3.05,1,500,50000,500,50000,488,-28674,16260072,927,31263,-63526560
21:01:35.221,0,-3.03,1,500,50000,500,50000,511,-34858,16259888,840,32681,-63526348
21:01:35.226,0,-3.09,1,500,50000,500,50000,516,-40476,16259653,580,45739,-63526108
21:01:35.231,0,-3.16,1,500,50000,500,50000,487,-38758,16259473,873,40930,-63525952
21:01:35.236,0,-3.22,1,500,50000,500,50000,496,-37150,16259277,981,30992,-63525804
21:01:35.241,0,-3.24,1,500,50000,500,50000,518,-37404,16259108,659,41093,-63525560
21:01:35.246,0,-3.24,1,500,50000,500,50000,518,-41756,16258870,541,46586,-63525324
21:01:35.251,0,-3.23,1,500,50000,500,50000,492,-44233,16258648,648,44094,-63525144
21:01:35.256,0,-3.21,1,500,50000,500,50000,478,-40596,16258441,857,35701,-63524980
21:01:35.262,0,-3.2,1,500,50000,500,50000,547,-32155,16258330,745,36366,-63524796
21:01:35.267,0,-3.19,1,500,50000,500,50000,553,-30065,16258185,558,44380,-63524532
21:01:35.272,0,-3.19,1,500,50000,500,50000,468,-40317,16257937,532,47954,-63524300
21:01:35.277,0,-3.22,1,500,50000,500,50000,481,-50445,16257665,558,45676,-63524108
21:01:35.282,0,-3.24,1,500,50000,500,50000,433,-47816,16257400,865,34465,-63523996
21:01:35.287,0,-3.24,1,500,50000,500,50000,484,-33301,16257309,772,33304,-63523768
21:01:35.292,0,-3.22,1,500,50000,500,50000,537,-18946,16257269,645,45861,-63523516
21:01:35.297,0,-3.21,1,500,50000,500,50000,553,-18728,16257188,747,40102,-63523360
21:01:35.302,0,-3.25,1,500,50000,500,50000,531,-31739,16256985,914,32739,-63523212
21:01:35.307,0,-3.33,1,500,50000,500,50000,478,-60493,16256448,899,32583,-63522972
21:01:35.312,0,-3.41,1,500,50000,500,50000,483,-64631,16256233,457,46237,-63522744
21:01:35.317,0,-3.42,1,500,50000,500,50000,461,-53940,16255957,502,49609,-63522508
21:01:35.322,0,-3.33,1,500,50000,500,50000,543,-38364,16255832,913,34979,-63522428
21:01:35.327,0,-3.18,1,500,50000,500,50000,534,-28706,16255741,816,33470,-63522220
21:01:35.332,0,-3.05,1,500,50000,500,50000,548,-31047,16255577,587,41695,-63521996
21:01:35.338,0,-3.01,1,500,50000,500,50000,499,-42349,16255338,586,45002,-63521776
21:01:35.343,0,-3.05,1,500,50000,500,50000,498,-49813,16255028,703,41255,-63521588
21:01:35.348,0,-3.12,1,500,50000,500,50000,474,-52121,16254774,805,35663,-63521436
21:01:35.353,0,-3.16,1,500,50000,500,50000,496,-46986,16254574,535,44570,-63521144
21:01:35.358,0,-3.15,1,500,50000,500,50000,518,-38084,16254389,476,47241,-63520904
21:01:35.363,0,-3.1,1,500,50000,500,50000,484,-31455,16254264,796,34968,-63520812
21:01:35.368,0,-3.07,1,500,50000,500,50000,480,-27292,16254133,770,33784,-63520600
21:01:35.373,0,-3.08,1,500,50000,500,50000,531,-28020,16254009,739,41049,-63520348
21:01:35.379,0,-3.16,1,500,50000,500,50000,534,-28489,16253872,656,40967,-63520152
21:01:35.384,0,-3.28,1,500,50000,500,50000,494,-43478,16253577,884,35864,-63520028
21:01:35.389,0,-3.39,1,500,50000,500,50000,521,-56192,16253261,764,35885,-63519820
21:01:35.394,0,-3.45,1,500,50000,500,50000,472,-62947,16252880,678,40009,-63519580
21:01:35.400,0,-3.43,1,500,50000,500,50000,473,-53936,16252665,633,42555,-63519352
21:01:35.405,0,-3.32,1,500,50000,500,50000,492,-39815,16252505,711,39943,-63519184
21:01:35.410,0,-3.17,1,500,50000,500,50000,519,-30364,16252408,700,40109,-63518968
21:01:35.415,0,-3.04,1,500,50000,500,50000,518,-31707,16252236,699,40131,-63518764
21:01:35.420,0,-2.99,1,500,50000,500,50000,506,-40275,16251960,793,38108,-63518588
21:01:35.425,0,-3.02,1,500,50000,500,50000,473,-46374,16251721,833,33674,-63518408
21:01:35.430,0,-3.09,1,500,50000,500,50000,503,-51803,16251416,651,39497,-63518160
21:01:35.435,0,-3.14,1,500,50000,500,50000,425,-53568,16251158,557,47588,-63517932
21:01:35.440,0,-3.15,1,500,50000,500,50000,446,-40971,16250966,699,40415,-63517744
21:01:35.445,0,-3.11,1,500,50000,500,50000,500,-31081,16250893,786,34740,-63517608
21:01:35.450,0,-3.07,1,500,50000,500,50000,550,-19430,16250841,786,37730,-63517384
21:01:35.455,0,-3.06,1,500,50000,500,50000,524,-19770,16250749,822,38461,-63517228
21:01:35.460,0,-3.12,1,500,50000,500,50000,490,-33363,16250516,956,34878,-63517060
21:01:35.465,0,-3.25,1,500,50000,500,50000,488,-49921,16250217,992,30454,-63516892
21:01:35.471,0,-3.38,1,500,50000,500,50000,498,-60776,16249834,659,42952,-63516632
21:01:35.476,0,-3.45,1,500,50000,500,50000,475,-54448,16249597,526,45161,-63516412
21:01:35.481,0,-3.43,1,500,50000,500,50000,536,-40833,16249448,712,43128,-63516220
21:01:35.486,0,-3.33,1,500,50000,500,50000,510,-31408,16249304,879,32452,-63516108
21:01:35.491,0,-3.2,1,500,50000,500,50000,567,-33424,16249145,691,37862,-63515852
21:01:35.496,0,-3.12,1,500,50000,500,50000,501,-44093,16248870,578,44675,-63515596
21:01:35.501,0,-3.13,1,500,50000,500,50000,474,-49801,16248609,692,40535,-63515456
