timestamp,target_flag,sensor_torque,sensor_rpm,act_target_torque,act_target_velocity,load_target_torque,load_target_velocity,act_torque,act_vel,act_pos,load_torque,load_vel,load_pos
21:20:03.191,0,0.0,0,0,0,0,0,9,-648,16240233,9,1155,-63510744
21:20:03.197,0,0.0,0,0,0,0,0,-13,517,16240240,-1,-17,-63510748
21:20:03.202,0,0.0,0,0,0,0,0,47,471,16240240,38,-861,-63510748
21:20:03.207,0,0.0,0,0,0,0,0,-25,1542,16240249,33,-1365,-63510760
21:20:03.212,0,0.0,0,0,0,0,0,-2,-163,16240236,43,-69,-63510756
21:20:03.217,0,0.0,0,0,0,0,0,24,-264,16240236,32,-668,-63510760
21:20:03.222,0,0.0,0,0,0,0,0,-5,-86,16240237,-88,1160,-63510744
21:20:03.227,0,0.0,0,0,0,0,0,3,-41,16240236,14,-1036,-63510760
21:20:03.232,0,0.0,0,0,0,0,0,-15,-1688,16240224,21,1403,-63510748
21:20:03.237,0,0.0,0,0,0,0,0,3,-175,16240233,4,-408,-63510764
21:20:03.242,0,0.0,0,0,0,0,0,-11,-410,16240232,-2,-298,-63510764
21:20:03.247,0,0.0,0,0,0,0,0,-1,-854,16240230,-31,-221,-63510764
21:20:03.252,0,0.0,0,0,0,0,0,-6,-206,16240232,8,-12,-63510764
21:20:03.257,0,0.01,0,0,0,0,0,22,95,16240233,-1,-435,-63510764
21:20:03.262,0,0.01,0,0,0,0,0,10,211,16240233,43,244,-63510764
21:20:03.267,0,0.01,0,0,0,0,0,-22,527,16240232,30,-1951,-63510780
21:20:03.272,0,0.01,0,0,0,0,0,-5,-1292,16240221,31,662,-63510764
21:20:03.277,0,0.01,0,0,0,0,0,-13,-769,16240224,-48,591,-63510764
21:20:03.282,0,0.01,0,0,0,0,0,-16,-1200,16240222,14,938,-63510764
21:20:03.288,0,0.01,0,0,0,0,0,-3,1037,16240236,-52,1072,-63510764
21:20:03.293,0,0.01,0,0,0,0,0,-9,610,16240233,-2,-977,-63510780
21:20:03.298,0,0.01,0,0,0,0,0,-25,-760,16240224,65,-149,-63510776
21:20:03.303,0,0.01,0,0,0,0,0,-5,-531,16240226,59,-624,-63510776
21:20:03.308,0,0.02,0,0,0,0,0,-8,-49,16240228,-58,1241,-63510764
21:20:03.313,0,0.02,0,0,0,0,0,11,-559,16240226,-34,-437,-63510776
21:20:03.318,0,0.02,0,0,0,0,0,-23,542,16240232,-13,-346,-63510776
21:20:03.323,0,0.02,0,0,0,0,0,-3,-3299,16240208,-63,-239,-63510776
21:20:03.328,0,0.02,0,0,0,0,0,3,414,16240232,37,-904,-63510780
21:20:03.333,0,0.02,0,0,0,0,0,-27,511,16240232,-28,-278,-63510776
21:20:03.338,0,0.02,0,0,0,0,0,-2,-457,16240226,8,-826,-63510780
21:20:03.343,0,0.02,0,0,0,0,0,-10,-372,16240226,-2,-734,-63510780
21:20:03.348,0,0.02,0,0,0,0,0,0,-1678,16240217,-8,2219,-63510760
21:20:03.353,0,0.02,0,0,0,0,0,-27,-611,16240224,-2,-150,-63510776
21:20:03.358,0,0.02,0,0,0,0,0,0,650,16240232,15,-206,-63510780
21:20:03.363,0,0.02,0,0,0,0,0,-37,658,16240232,-58,677,-63510776
21:20:03.368,0,0.02,0,0,0,0,0,-5,-601,16240224,-69,-462,-63510780
21:20:03.373,0,0.02,0,0,0,0,0,8,-37,16240230,9,5,-63510780
21:20:03.378,0,0.02,0,0,0,0,0,7,-174,16240228,24,-465,-63510780
21:20:03.384,0,0.02,0,0,0,0,0,-8,1150,16240236,49,152,-63510776
21:20:03.389,0,0.02,0,0,0,0,0,37,127,16240230,8,222,-63510776
21:20:03.394,0,0.02,0,0,0,0,0,-17,2484,16240245,-36,-375,-63510780
21:20:03.399,0,0.02,0,0,0,0,0,11,-62,16240228,36,716,-63510776
21:20:03.404,0,0.02,0,0,0,0,0,-8,-485,16240226,-53,2227,-63510764
21:20:03.409,0,0.02,0,0,0,0,0,15,157,16240230,-29,-216,-63510780
21:20:03.414,0,0.02,0,0,0,0,0,-28,589,16240232,8,-190,-63510780
21:20:03.419,0,0.02,0,0,0,0,0,-11,-1049,16240222,53,320,-63510780
21:20:03.424,0,0.02,0,0,0,0,0,-19,-363,16240226,-17,-1397,-63510792
21:20:03.429,0,0.02,0,0,0,0,0,25,1853,16240240,15,360,-63510780
21:20:03.434,0,0.02,0,0,0,0,0,3,-1943,16240217,-36,490,-63510776
21:20:03.439,0,0.02,0,0,0,0,0,-2,482,16240232,15,-8,-63510780
21:20:03.444,0,0.02,0,0,0,0,0,-1,1430,16240236,20,-169,-63510780
21:20:03.449,0,0.02,0,0,0,0,0,-22,-1034,16240221,-19,67,-63510780
21:20:03.454,0,0.02,0,0,0,0,0,0,390,16240230,21,93,-63510780
21:20:03.459,0,0.02,0,0,0,0,0,2,194,16240228,3,-1045,-63510792
21:20:03.464,0,0.02,0,0,0,0,0,35,104,16240228,-58,-1076,-63510792
21:20:03.469,0,0.02,0,0,0,0,0,0,-514,16240224,-2,-1648,-63510796
21:20:03.475,0,0.02,0,0,0,0,0,17,-1105,16240221,-35,560,-63510780
21:20:03.480,0,0.02,0,0,0,0,0,-6,228,16240230,13,50,-63510780
21:20:03.485,0,0.02,0,0,0,0,0,8,-484,16240224,-8,460,-63510780
21:20:03.490,0,0.02,0,0,0,0,0,10,-964,16240221,-16,641,-63510780
21:20:03.495,0,0.02,0,0,0,0,0,-14,232,16240228,36,-1172,-63510792
21:20:03.500,0,0.02,0,0,0,0,0,3,957,16240232,37,106,-63510780
21:20:03.505,0,0.03,0,0,0,0,0,23,1391,16240236,36,663,-63510780
21:20:03.510,0,0.03,0,0,0,0,0,-27,1026,16240233,-23,-8,-63510784
21:20:03.515,0,0.03,0,0,0,0,0,0,-1136,16240221,8,-1679,-63510796
21:20:03.520,0,0.03,0,0,0,0,0,-13,-1707,16240217,41,1234,-63510780
21:20:03.525,0,0.03,0,0,0,0,0,6,535,16240232,18,-527,-63510792
21:20:03.530,0,0.03,0,0,0,0,0,26,-83,16240230,9,-1157,-63510792
21:20:03.535,0,0.03,0,0,0,0,0,8,-1444,16240217,31,1207,-63510780
21:20:03.540,0,0.02,0,0,0,0,0,13,1580,16240237,-35,-578,-63510792
21:20:03.545,0,0.02,0,0,0,0,0,-20,1056,16240233,53,-527,-63510792
21:20:03.550,0,0.02,0,0,0,0,0,12,151,16240228,-22,-912,-63510792
21:20:03.555,0,0.03,0,0,0,0,0,0,-262,16240226,-17,233,-63510784
21:20:03.561,0,0.03,0,0,0,0,0,-5,425,16240230,37,-817,-63510792
21:20:03.566,0,0.03,0,0,0,0,0,-15,-1018,16240221,13,363,-63510784
21:20:03.571,0,0.03,0,0,0,0,0,5,158,16240228,36,379,-63510780
21:20:03.576,0,0.03,0,0,0,0,0,-28,-822,16240222,49,-811,-63510796
21:20:03.581,0,0.03,0,0,0,0,0,8,-431,16240226,6,592,-63510784
21:20:03.586,0,0.03,0,0,0,0,0,7,1230,16240236,-70,164,-63510792
21:20:03.591,0,0.03,0,0,0,0,0,0,192,16240230,2,-550,-63510796
21:20:03.596,0,0.03,0,0,0,0,0,18,328,16240230,14,-583,-63510796
21:20:03.601,0,0.03,0,0,0,0,0,4,-284,16240226,9,1455,-63510780
21:20:03.606,0,0.03,0,0,0,0,0,-12,1044,16240233,-14,1450,-63510780
21:20:03.611,0,0.03,0,0,0,0,0,-14,-1612,16240217,8,180,-63510792
21:20:03.616,0,0.03,0,0,0,0,0,21,1291,16240236,41,-941,-63510796
21:20:03.621,0,0.03,0,0,0,0,0,9,-445,16240226,25,-424,-63510796
21:20:03.626,0,0.03,0,0,0,0,0,6,77,16240230,-30,-173,-63510792
21:20:03.631,0,0.03,0,0,0,0,0,0,918,16240233,64,434,-63510792
21:20:03.636,0,0.03,0,0,0,0,0,35,-1104,16240221,128,1518,-63510780
21:20:03.641,0,0.03,0,0,0,0,0,-10,-1476,16240217,-45,-343,-63510796
21:20:03.646,0,0.03,0,0,0,0,0,-40,866,16240232,3,-855,-63510796
21:20:03.652,0,0.03,0,0,0,0,0,-6,-1022,16240221,3,-45,-63510792
21:20:03.657,0,0.03,0,0,0,0,0,10,762,16240232,-4,1069,-63510784
21:20:03.662,0,0.03,0,0,0,0,0,-7,897,16240233,-3,-40,-63510792
21:20:03.667,0,0.03,0,0,0,0,0,-14,-583,16240224,8,-612,-63510796
21:20:03.672,0,0.03,0,0,0,0,0,-1,842,16240233,-3,-48,-63510792
21:20:03.677,0,0.03,0,0,0,0,0,-4,-2311,16240213,-9,-731,-63510796
21:20:03.682,0,0.03,0,0,0,0,0,9,758,16240233,72,434,-63510792
21:20:03.687,0,0.03,0,0,0,0,0,-32,-563,16240224,-25,58,-63510792
21:20:03.692,0,0.03,0,0,0,0,0,-10,147,16240228,-41,-702,-63510796
21:20:03.697,0,0.03,0,0,0,0,0,-23,-1310,16240217,-32,-104,-63510796
21:20:03.702,0,0.03,0,0,0,0,0,0,-1010,16240217,20,-128,-63510796
21:20:03.707,0,0.03,0,0,0,0,0,0,191,16240217,14,-54,-63510796
21:20:03.712,0,0.03,0,0,0,0,0,11,-532,16240221,-17,77,-63510792
21:20:03.717,0,0.03,0,0,0,0,0,6,1830,16240236,-19,1238,-63510784
21:20:03.722,0,0.03,0,0,0,0,0,-23,86,16240226,9,203,-63510792
21:20:03.727,0,0.03,0,0,0,0,0,-17,-596,16240221,8,-571,-63510796
21:20:03.732,0,0.03,0,0,0,0,0,-2,-578,16240222,-5,-390,-63510796
21:20:03.737,0,0.03,0,0,0,0,0,10,445,16240228,-24,232,-63510792
21:20:03.743,0,0.03,0,0,0,0,0,-34,1700,16240236,21,119,-63510796
21:20:03.748,0,0.03,0,0,0,0,0,2,-236,16240224,-86,-564,-63510796
21:20:03.753,0,0.03,0,0,0,0,0,5,-169,16240224,-92,-3,-63510796
21:20:03.758,0,0.03,0,0,0,0,0,1,1281,16240233,2,-86,-63510796
21:20:03.763,0,0.03,0,0,0,0,0,-12,-107,16240224,-46,-42,-63510796
21:20:03.768,0,0.03,0,0,0,0,0,-5,-836,16240221,-1,2461,-63510780
21:20:03.773,0,0.03,0,0,0,0,0,1,286,16240228,13,614,-63510792
21:20:03.778,0,0.03,0,0,0,0,0,11,485,16240230,30,-351,-63510796
21:20:03.783,0,0.03,0,0,0,0,0,5,-628,16240221,-13,65,-63510796
21:20:03.788,0,0.03,0,0,0,0,0,-5,-610,16240221,-24,88,-63510796
21:20:03.793,0,0.03,0,0,0,0,0,-18,800,16240230,-89,-377,-63510796
21:20:03.798,0,0.03,0,0,0,0,0,-25,-3186,16240205,42,-385,-63510796
21:20:03.803,0,0.03,0,0,0,0,0,-11,-3822,16240202,-76,1563,-63510780
21:20:03.809,0,0.03,0,0,0,0,0,0,508,16240230,-29,162,-63510796
21:20:03.814,0,0.03,0,0,0,0,0,12,-720,16240222,9,163,-63510796
21:20:03.819,0,0.03,0,0,0,0,0,4,1151,16240233,60,427,-63510792
21:20:03.824,0,0.03,0,0,0,0,0,9,1675,16240236,-22,-2156,-63510804
21:20:03.829,0,0.03,0,0,0,0,0,9,623,16240230,-19,201,-63510796
21:20:03.834,0,0.03,0,0,0,0,0,-2,349,16240228,30,938,-63510792
21:20:03.839,0,0.03,0,0,0,0,0,0,844,16240222,14,320,-63510792
21:20:03.844,0,0.03,0,0,0,0,0,-22,36,16240226,20,-967,-63510796
21:20:03.849,0,0.03,0,0,0,0,0,-5,1061,16240232,-33,732,-63510792
21:20:03.854,0,0.03,0,0,0,0,0,-3,574,16240230,-20,-414,-63510796
21:20:03.859,0,0.03,0,0,0,0,0,-22,1582,16240236,25,-278,-63510796
21:20:03.864,0,0.03,0,0,0,0,0,7,-172,16240226,2,-270,-63510796
21:20:03.869,0,0.03,0,0,0,0,0,-11,-1074,16240217,-73,-238,-63510796
21:20:03.874,0,0.03,0,0,0,0,0,-3,15,16240226,-58,-201,-63510796
21:20:03.879,0,0.03,0,0,0,0,0,-7,-1434,16240217,3,-131,-63510796
21:20:03.884,0,0.03,0,0,0,0,0,-11,-1920,16240213,31,-139,-63510796
21:20:03.889,0,0.03,0,0,0,0,0,12,1935,16240237,-93,-128,-63510796
21:20:03.890,0,0.03,0,0,0,0,0,-9,879,16240232,54,4,-63510796
21:20:03.895,0,0.03,0,0,0,0,0,-21,-389,16240226,-1,16,-63510796
21:20:03.900,0,0.03,0,0,0,0,0,0,-230,16240226,43,-697,-63510796
21:20:03.905,0,0.03,0,0,0,0,0,34,-838,16240222,18,441,-63510796
21:20:03.910,0,0.03,0,0,0,0,0,16,-320,16240224,14,479,-63510796
21:20:03.915,0,0.03,0,0,0,0,0,-20,-916,16240221,15,545,-63510796
21:20:03.920,0,0.03,0,0,0,0,0,8,358,16240228,-7,35,-63510796
21:20:03.925,0,0.03,0,0,0,0,0,-8,1655,16240236,-59,543,-63510796
21:20:03.930,0,0.03,0,0,0,0,0,1,-793,16240221,25,670,-63510796
21:20:03.935,0,0.03,0,0,0,0,0,-5,-246,16240224,60,146,-63510796
21:20:03.940,0,0.03,0,0,0,0,0,11,1114,16240233,42,553,-63510796
21:20:03.945,0,0.03,0,0,0,0,0,21,467,16240230,19,-90,-63510796
21:20:03.950,0,0.03,0,0,0,0,0,0,-835,16240222,13,-123,-63510796
21:20:03.955,0,0.03,0,0,0,0,0,-3,498,16240230,-14,-111,-63510796
21:20:03.960,0,0.03,0,0,0,0,0,8,-1356,16240217,20,-132,-63510796
21:20:03.965,0,0.03,0,0,0,0,0,-5,-792,16240222,10,-74,-63510796
21:20:03.970,0,0.03,0,0,0,0,0,18,-945,16240221,3,-1104,-63510804
21:20:03.976,0,0.03,0,0,0,0,0,-20,-670,16240222,-2,616,-63510796
21:20:03.981,0,0.03,0,0,0,0,0,16,-603,16240222,-24,87,-63510796
21:20:03.986,0,0.03,0,0,0,0,0,-15,-902,16240221,24,-552,-63510796
21:20:03.991,0,0.03,0,0,0,0,0,-13,-182,16240224,-25,522,-63510796
21:20:03.996,0,0.03,0,0,0,0,0,16,-1469,16240217,25,-1906,-63510812
21:20:04.001,0,0.03,0,0,0,0,0,-21,512,16240230,-2,525,-63510796
21:20:04.006,0,0.03,0,0,0,0,0,21,-1609,16240217,-25,-576,-63510796
21:20:04.016,0,0.03,0,0,0,0,0,-45,1171,16240233,9,-155,-63510796
21:20:04.021,0,0.03,0,0,0,0,0,-20,891,16240232,26,43,-63510796
21:20:04.026,0,0.03,0,0,0,0,0,6,-370,16240224,58,74,-63510796
21:20:04.031,0,0.03,0,0,0,0,0,6,987,16240233,9,100,-63510796
21:20:04.031,0,0.03,0,0,0,0,0,-55,-1583,16240217,3,17,-63510796
21:20:04.036,0,0.03,0,0,0,0,0,-2,-525,16240224,35,-569,-63510800
21:20:04.041,0,0.03,0,0,0,0,0,0,-2068,16240213,-2,-1239,-63510804
21:20:04.046,0,0.03,0,0,0,0,0,10,-1589,16240217,25,-1711,-63510804
21:20:04.051,0,0.03,0,0,0,0,0,4,416,16240230,-8,661,-63510796
21:20:04.056,0,0.03,0,0,0,0,0,-3,373,16240230,20,641,-63510796
21:20:04.061,0,0.03,0,0,0,0,0,13,938,16240233,-69,-11,-63510796
21:20:04.067,0,0.03,0,0,0,0,0,-23,-861,16240222,2,143,-63510796
21:20:04.072,0,0.03,0,0,0,0,0,36,410,16240230,31,16,-63510796
21:20:04.077,0,0.03,0,0,0,0,0,7,319,16240230,2,-522,-63510796
21:20:04.082,0,0.03,0,0,0,0,0,-26,-182,16240226,47,641,-63510796
21:20:04.087,0,0.03,0,0,0,0,0,22,857,16240232,-76,202,-63510796
21:20:04.092,0,0.03,0,0,0,0,0,-76,830,16240232,-28,123,-63510796
21:20:04.097,0,0.03,0,0,0,0,0,-6,-1530,16240217,15,99,-63510796
21:20:04.102,0,0.03,0,0,0,0,0,1,972,16240233,-2,706,-63510796
21:20:04.107,0,0.03,0,0,0,0,0,0,-388,16240224,25,264,-63510796
21:20:04.112,0,0.03,0,0,0,0,0,6,389,16240228,0,-996,-63510804
21:20:04.117,0,0.03,0,0,0,0,0,-10,-184,16240226,53,-427,-63510796
21:20:04.122,0,0.03,0,0,0,0,0,-5,181,16240228,-28,-1189,-63510804
21:20:04.127,0,0.03,0,0,0,0,0,5,-872,16240222,-26,152,-63510796
21:20:04.132,0,0.03,0,0,0,0,0,15,1028,16240233,14,-2333,-63510816
21:20:04.137,0,0.03,0,0,0,0,0,-9,75,16240228,26,107,-63510796
21:20:04.142,0,0.03,0,0,0,0,0,8,247,16240230,-3,-982,-63510804
21:20:04.147,0,0.03,0,0,0,0,0,-6,-529,16240226,12,675,-63510796
21:20:04.152,0,0.03,0,0,0,0,0,0,728,16240232,-59,213,-63510796
21:20:04.158,0,0.03,0,0,0,0,0,0,392,16240230,48,80,-63510796
21:20:04.163,0,0.03,0,0,0,0,0,5,177,16240228,2,206,-63510796
21:20:04.168,0,0.03,0,0,0,0,0,4,-1557,16240217,27,128,-63510796
21:20:04.173,0,0.03,0,0,0,0,0,6,2244,16240241,19,197,-63510796
21:20:04.178,0,0.03,0,0,0,0,0,4,808,16240226,-44,-1133,-63510804
21:20:04.183,0,0.03,0,0,0,0,0,0,-2082,16240213,-63,734,-63510796
21:20:04.188,0,0.03,0,0,0,0,0,-40,901,16240232,-76,-1762,-63510812
21:20:04.193,0,0.03,0,0,0,0,0,-6,-944,16240221,-19,722,-63510796
21:20:04.198,0,0.03,0,0,0,0,0,10,-1042,16240221,-29,-1148,-63510804
21:20:04.203,0,0.03,0,0,0,0,0,13,303,16240230,-1,276,-63510796
21:20:04.208,0,0.03,0,0,0,0,0,-2,2115,16240241,9,297,-63510796
21:20:04.213,0,0.03,0,0,0,0,0,0,-451,16240226,-70,-1637,-63510812
21:20:04.218,0,0.03,0,0,0,0,0,14,-444,16240226,-7,823,-63510796
21:20:04.223,0,0.03,0,0,0,0,0,8,-891,16240222,7,841,-63510796
21:20:04.228,0,0.03,0,0,0,0,0,-28,33,16240226,8,261,-63510796
21:20:04.238,0,0.03,0,0,0,0,0,-28,-688,16240222,-9,860,-63510792
21:20:04.244,0,0.03,0,0,0,0,0,8,-681,16240222,-22,-414,-63510800
21:20:04.244,0,0.03,0,0,0,0,0,4,1069,16240232,-75,385,-63510796
21:20:04.249,0,0.03,0,0,0,0,0,-6,-270,16240224,9,188,-63510796
21:20:04.254,0,0.03,0,0,0,0,0,6,569,16240230,-13,786,-63510796
21:20:04.259,0,0.03,0,0,0,0,0,-15,-1254,16240217,53,798,-63510796
21:20:04.264,0,0.03,0,0,0,0,0,6,-1284,16240217,0,-1103,-63510804
21:20:04.269,0,0.03,0,0,0,0,0,3,-1400,16240217,2,145,-63510796
21:20:04.274,0,0.03,0,0,0,0,0,-7,579,16240228,-65,-418,-63510800
21:20:04.279,0,0.03,0,0,0,0,0,2,-1601,16240217,-14,826,-63510796
21:20:04.284,0,0.03,0,0,0,0,0,-17,-196,16240226,7,-1635,-63510812
21:20:04.289,0,0.03,0,0,0,0,0,6,-1214,16240217,2,898,-63510796
21:20:04.294,0,0.03,0,0,0,0,0,-11,-1819,16240213,43,380,-63510796
21:20:04.299,0,0.03,0,0,0,0,0,-33,-542,16240222,0,-328,-63510796
21:20:04.304,0,0.03,0,0,0,0,0,23,-185,16240224,46,-1714,-63510812
21:20:04.309,0,0.03,0,0,0,0,0,-7,-1416,16240217,19,302,-63510796
21:20:04.314,0,0.03,0,0,0,0,0,0,983,16240232,26,-2039,-63510816
21:20:04.319,0,0.03,0,0,0,0,0,-30,1146,16240233,-43,-802,-63510804
21:20:04.324,0,0.03,0,0,0,0,0,0,-920,16240221,77,237,-63510796
21:20:04.330,0,0.03,0,0,0,0,0,8,362,16240228,9,819,-63510796
21:20:04.335,0,0.03,0,0,0,0,0,-2,1035,16240232,-12,127,-63510796
21:20:04.340,0,0.03,0,0,0,0,0,3,1208,16240233,-1,223,-63510796
21:20:04.345,0,0.03,0,0,0,0,0,13,1088,16240233,-3,-1630,-63510812
21:20:04.350,0,0.03,0,0,0,0,0,-5,-800,16240222,1,282,-63510796
21:20:04.355,0,0.03,0,0,0,0,0,-1,338,16240228,-52,-287,-63510796
21:20:04.360,0,0.03,0,0,0,0,0,-5,1153,16240233,-13,403,-63510796
21:20:04.365,0,0.03,0,0,0,0,0,-18,1036,16240232,-50,873,-63510796
21:20:04.375,0,0.03,0,0,0,0,0,-1,-1442,16240217,14,833,-63510796
21:20:04.375,0,0.03,0,0,0,0,0,-2,-327,16240224,19,837,-63510796
21:20:04.380,0,0.03,0,0,0,0,0,-23,-1381,16240217,31,-855,-63510804
21:20:04.385,0,0.03,0,0,0,0,0,-5,-1447,16240217,-19,437,-63510796
21:20:04.390,0,0.03,0,0,0,0,0,1,-1437,16240217,42,240,-63510796
21:20:04.395,0,0.03,0,0,0,0,0,8,466,16240230,25,458,-63510796
21:20:04.400,0,0.03,0,0,0,0,0,23,-1376,16240217,-23,578,-63510796
21:20:04.405,0,0.03,0,0,0,0,0,-16,-578,16240221,53,351,-63510796
21:20:04.410,0,0.03,0,0,0,0,0,-14,1326,16240233,41,899,-63510796
21:20:04.416,0,0.03,0,0,0,0,0,12,-88,16240224,-2,312,-63510796
21:20:04.421,0,0.03,0,0,0,0,0,-9,556,16240228,26,322,-63510796
21:20:04.426,0,0.03,0,0,0,0,0,11,-560,16240222,4,480,-63510796
21:20:04.431,0,0.03,0,0,0,0,0,0,-1324,16240217,26,860,-63510796
21:20:04.436,0,0.03,0,0,0,0,0,11,-760,16240221,41,-230,-63510796
21:20:04.441,0,0.03,0,0,0,0,0,-5,-164,16240224,-7,338,-63510796
21:20:04.446,0,0.03,0,0,0,0,0,9,-1900,16240213,14,231,-63510796
21:20:04.451,0,0.03,0,0,0,0,0,6,1087,16240233,8,287,-63510796
21:20:04.456,0,0.03,0,0,0,0,0,-4,941,16240232,-23,260,-63510796
21:20:04.461,0,0.03,0,0,0,0,0,-1,845,16240232,-40,306,-63510796
21:20:04.466,0,0.03,0,0,0,0,0,21,-571,16240228,14,865,-63510796
21:20:04.471,0,0.03,0,0,0,0,0,-1,-1599,16240217,42,229,-63510796
21:20:04.476,0,0.03,0,0,0,0,0,-8,269,16240230,25,1074,-63510792
21:20:04.481,0,0.03,0,0,0,0,0,-1,-992,16240222,30,1119,-63510792
21:20:04.486,0,0.03,0,0,0,0,0,15,-474,16240224,32,343,-63510796
21:20:04.491,0,0.03,0,0,0,0,0,12,-563,16240224,-23,597,-63510796
21:20:04.496,0,0.03,0,0,0,0,0,-6,-1019,16240222,-31,1057,-63510796
21:20:04.502,0,0.03,0,0,0,0,0,0,825,16240232,32,-748,-63510804
21:20:04.507,0,0.03,0,0,0,0,0,-5,-3274,16240205,31,856,-63510796
21:20:04.512,0,0.03,0,0,0,0,0,4,594,16240230,-18,257,-63510796
21:20:04.517,0,0.03,0,0,0,0,0,8,1197,16240233,-2,-295,-63510796
21:20:04.522,0,0.03,0,0,0,0,0,33,1613,16240237,-8,-1015,-63510804
21:20:04.527,0,0.03,0,0,0,0,0,17,-274,16240226,26,-405,-63510800
21:20:04.537,0,0.03,0,0,0,0,0,22,1007,16240233,31,498,-63510796
21:20:04.542,0,0.03,0,0,0,0,0,15,320,16240230,-4,470,-63510796
21:20:04.547,0,0.03,0,0,0,0,0,-24,-1675,16240217,22,576,-63510796
21:20:04.547,0,0.03,0,0,0,0,0,0,-284,16240226,-7,-1858,-63510816
21:20:04.552,0,0.03,0,0,0,0,0,13,329,16240230,15,999,-63510796
21:20:04.557,0,0.03,0,0,0,0,0,-9,379,16240230,42,-2037,-63510816
21:20:04.562,0,0.03,0,0,0,0,0,-17,-1441,16240217,24,-931,-63510804
21:20:04.567,0,0.03,0,0,0,0,0,16,-562,16240222,32,-730,-63510804
21:20:04.572,0,0.03,0,0,0,0,0,21,1345,16240233,-40,-1389,-63510804
21:20:04.577,0,0.03,0,0,0,0,0,21,-815,16240221,8,400,-63510796
21:20:04.583,0,0.03,0,0,0,0,0,33,-730,16240222,-46,416,-63510796
21:20:04.588,0,0.03,0,0,0,0,0,0,-1679,16240217,55,938,-63510796
21:20:04.593,0,0.03,0,0,0,0,0,-8,274,16240230,26,-226,-63510796
21:20:04.598,0,0.03,0,0,0,0,0,-4,-1608,16240217,17,318,-63510796
21:20:04.603,0,0.03,0,0,0,0,0,-7,-1543,16240217,13,957,-63510796
21:20:04.608,0,0.03,0,0,0,0,0,2,751,16240232,-9,472,-63510796
21:20:04.613,0,0.03,0,0,0,0,0,18,-232,16240226,8,843,-63510796
21:20:04.618,0,0.03,0,0,0,0,0,14,-1674,16240217,-52,-320,-63510800
21:20:04.623,0,0.03,0,0,0,0,0,-4,278,16240228,26,-1288,-63510804
21:20:04.628,0,0.03,0,0,0,0,0,-2,-237,16240224,-3,511,-63510796
21:20:04.633,0,0.03,0,0,0,0,0,28,1015,16240232,14,466,-63510796
21:20:04.638,0,0.03,0,0,0,0,0,7,861,16240232,31,-1463,-63510812
21:20:04.643,0,0.03,0,0,0,0,0,1,243,16240228,-19,-307,-63510800
21:20:04.648,0,0.03,0,0,0,0,0,-3,263,16240230,-28,-219,-63510796
21:20:04.653,0,0.03,0,0,0,0,0,0,-296,16240226,37,349,-63510796
21:20:04.658,0,0.03,0,0,0,0,0,2,380,16240230,32,-146,-63510796
21:20:04.663,0,0.03,0,0,0,0,0,-11,799,16240232,-113,-739,-63510804
21:20:04.668,0,0.03,0,0,0,0,0,59,736,16240232,-19,540,-63510796
21:20:04.674,0,0.03,0,0,0,0,0,13,880,16240233,-41,336,-63510796
21:20:04.679,0,0.03,0,0,0,0,0,-24,279,16240230,-7,-1549,-63510812
21:20:04.684,0,0.03,0,0,0,0,0,-1,797,16240232,-52,941,-63510796
21:20:04.689,0,0.03,0,0,0,0,0,-51,2088,16240240,93,-362,-63510796
21:20:04.694,0,0.03,0,0,0,0,0,16,-964,16240222,21,423,-63510796
21:20:04.699,0,0.03,0,0,0,0,0,-2,-1479,16240217,-76,-696,-63510804
21:20:04.704,0,0.03,0,0,0,0,0,1,2101,16240240,-6,-829,-63510796
21:20:04.709,0,0.03,0,0,0,0,0,-7,-1488,16240217,63,368,-63510796
21:20:04.714,0,0.03,0,0,0,0,0,2,-1377,16240217,-1,401,-63510796
21:20:04.719,0,0.03,0,0,0,0,0,8,960,16240232,4,-1371,-63510804
21:20:04.724,0,0.03,0,0,0,0,0,2,-973,16240222,54,-174,-63510796
21:20:04.729,0,0.03,0,0,0,0,0,18,-1679,16240217,52,-2162,-63510816
21:20:04.734,0,0.03,0,0,0,0,0,-35,1257,16240233,-23,984,-63510796
21:20:04.739,0,0.03,0,0,0,0,0,-4,878,16240232,-2,487,-63510796
21:20:04.744,0,0.03,0,0,0,0,0,7,-917,16240221,-46,924,-63510796
21:20:04.749,0,0.03,0,0,0,0,0,3,-251,16240224,29,-1552,-63510812
21:20:04.754,0,0.03,0,0,0,0,0,26,-1279,16240217,-2,-169,-63510796
21:20:04.759,0,0.03,0,0,0,0,0,-2,-195,16240224,40,-750,-63510804
21:20:04.764,0,0.03,0,0,0,0,0,-1,412,16240228,19,-842,-63510804
21:20:04.770,0,0.03,0,0,0,0,0,10,-108,16240226,59,512,-63510796
21:20:04.775,0,0.03,0,0,0,0,0,-2,451,16240230,18,496,-63510796
21:20:04.780,0,0.03,0,0,0,0,0,10,-809,16240221,8,524,-63510796
21:20:04.785,0,0.03,0,0,0,0,0,3,-298,16240224,-1,558,-63510796
21:20:04.790,0,0.03,0,0,0,0,0,11,-89,16240224,36,-1373,-63510804
21:20:04.795,0,0.03,0,0,0,0,0,-28,-1446,16240217,-14,-111,-63510796
21:20:04.800,0,0.03,0,0,0,0,0,-14,989,16240232,35,502,-63510796
21:20:04.805,0,0.03,0,0,0,0,0,-10,472,16240228,14,-718,-63510804
21:20:04.810,0,0.03,0,0,0,0,0,-20,-1534,16240217,7,-869,-63510804
21:20:04.815,0,0.03,0,0,0,0,0,-15,-1009,16240222,21,357,-63510796
21:20:04.820,0,0.03,0,0,0,0,0,-7,-769,16240222,4,460,-63510796
21:20:04.825,0,0.03,0,0,0,0,0,-4,327,16240228,-14,350,-63510796
21:20:04.830,0,0.03,0,0,0,0,0,-17,438,16240228,-37,-335,-63510800
21:20:04.835,0,0.03,0,0,0,0,0,0,-43,16240226,-63,-882,-63510804
21:20:04.840,0,0.03,0,0,0,0,0,0,-875,16240222,31,515,-63510796
21:20:04.845,0,0.03,0,0,0,0,0,6,-934,16240222,42,485,-63510796
21:20:04.850,0,0.03,0,0,0,0,0,14,278,16240228,8,983,-63510796
21:20:04.855,0,0.03,0,0,0,0,0,26,364,16240230,-2,357,-63510796
21:20:04.861,0,0.03,0,0,0,0,0,-8,415,16240230,24,-243,-63510800
21:20:04.866,0,0.03,0,0,0,0,0,13,2282,16240240,-35,408,-63510796
21:20:04.871,0,0.03,0,0,0,0,0,-1,1095,16240233,-47,-1862,-63510816
21:20:04.876,0,0.03,0,0,0,0,0,0,424,16240230,9,-279,-63510800
21:20:04.881,0,0.03,0,0,0,0,0,-1,847,16240232,36,-881,-63510804
21:20:04.886,0,0.03,0,0,0,0,0,-4,-407,16240224,9,528,-63510796
21:20:04.891,0,0.03,0,0,0,0,0,0,1021,16240233,48,477,-63510796
21:20:04.896,0,0.03,0,0,0,0,0,-9,870,16240233,-41,619,-63510796
21:20:04.901,0,0.03,0,0,0,0,0,-9,79,16240228,-64,602,-63510796
21:20:04.906,0,0.03,0,0,0,0,0,5,1195,16240236,47,-163,-63510796
21:20:04.911,0,0.03,0,0,0,0,0,9,-1641,16240217,2,476,-63510796
21:20:04.916,0,0.03,0,0,0,0,0,10,-534,16240224,-72,916,-63510796
21:20:04.931,0,0.03,0,0,0,0,0,1,-913,16240221,41,1038,-63510796
21:20:04.936,0,0.03,0,0,0,0,0,-8,-208,16240226,-16,-97,-63510796
21:20:04.941,0,0.03,0,0,0,0,0,-2,449,16240230,-7,-1397,-63510804
21:20:04.946,0,0.03,0,0,0,0,0,-27,-106,16240226,7,273,-63510796
21:20:04.946,0,0.03,0,0,0,0,0,-7,879,16240232,10,341,-63510796
21:20:04.951,0,0.03,0,0,0,0,0,-10,295,16240228,36,100,-63510796
21:20:04.957,0,0.03,0,0,0,0,0,13,-1411,16240217,-56,53,-63510796
21:20:04.962,0,0.03,0,0,0,0,0,0,198,16240228,-1,-40,-63510796
21:20:04.967,0,0.03,0,0,0,0,0,0,445,16240230,46,-135,-63510796
21:20:04.972,0,0.03,0,0,0,0,0,-2,-2135,16240212,-6,338,-63510796
21:20:04.977,0,0.03,0,0,0,0,0,-16,603,16240230,-14,495,-63510796
21:20:04.982,0,0.03,0,0,0,0,0,0,1173,16240233,44,623,-63510796
21:20:04.987,0,0.03,0,0,0,0,0,-6,183,16240228,-20,-793,-63510804
21:20:04.992,0,0.03,0,0,0,0,0,-6,-1648,16240217,10,564,-63510796
21:20:04.997,0,0.03,0,0,0,0,0,-5,859,16240233,17,-1334,-63510804
21:20:05.002,0,0.03,0,0,0,0,0,-18,-1303,16240221,20,1132,-63510796
21:20:05.007,0,0.03,0,0,0,0,0,-18,-483,16240226,-46,482,-63510796
21:20:05.012,0,0.03,0,0,0,0,0,-8,73,16240228,-98,-872,-63510804
21:20:05.017,0,0.03,0,0,0,0,0,1,2046,16240241,9,-690,-63510804
21:20:05.022,0,0.03,0,0,0,0,0,4,1310,16240236,31,1139,-63510796
21:20:05.027,0,0.03,0,0,0,0,0,18,275,16240230,47,26,-63510796
21:20:05.032,0,0.03,0,0,0,0,0,4,931,16240233,19,-1865,-63510816
21:20:05.037,0,0.03,0,0,0,0,0,-8,-969,16240222,-4,-1318,-63510804
21:20:05.042,0,0.03,0,0,0,0,0,-4,-497,16240224,-25,-779,-63510804
21:20:05.048,0,0.03,0,0,0,0,0,14,368,16240230,-23,-280,-63510800
21:20:05.053,0,0.03,0,0,0,0,0,-12,1144,16240233,12,-1429,-63510804
21:20:05.058,0,0.03,0,0,0,0,0,-8,830,16240232,-35,1010,-63510796
21:20:05.063,0,0.03,0,0,0,0,0,-7,683,16240232,-11,536,-63510796
21:20:05.068,0,0.03,0,0,0,0,0,-16,246,16240230,-1,446,-63510796
21:20:05.073,0,0.03,0,0,0,0,0,-4,-1174,16240221,1,358,-63510796
21:20:05.078,0,0.03,0,0,0,0,0,-22,733,16240232,-13,-282,-63510800
21:20:05.083,0,0.03,0,0,0,0,0,-7,804,16240233,-40,628,-63510796
21:20:05.088,0,0.03,0,0,0,0,0,-4,737,16240232,-9,-1255,-63510804
21:20:05.093,0,0.03,0,0,0,0,0,-8,832,16240232,54,-1110,-63510804
21:20:05.098,0,0.03,0,0,0,0,0,4,-1112,16240221,-15,-720,-63510804
21:20:05.103,0,0.03,0,0,0,0,0,0,-301,16240226,-23,-666,-63510804
21:20:05.108,0,0.03,0,0,0,0,0,11,313,16240230,-29,1035,-63510796
21:20:05.113,0,0.03,0,0,0,0,0,-8,220,16240228,8,-71,-63510796
21:20:05.118,0,0.03,0,0,0,0,0,1,-82,16240226,14,363,-63510796
21:20:05.123,0,0.03,0,0,0,0,0,-4,-21,16240226,60,361,-63510796
21:20:05.128,0,0.03,0,0,0,0,0,10,-284,16240224,15,1105,-63510796
21:20:05.133,0,0.03,0,0,0,0,0,-4,315,16240228,-9,-795,-63510804
21:20:05.138,0,0.03,0,0,0,0,0,11,-1067,16240221,-56,-591,-63510804
21:20:05.144,0,0.03,0,0,0,0,0,-11,-1549,16240217,30,405,-63510796
21:20:05.149,0,0.03,0,0,0,0,0,8,743,16240230,-8,309,-63510796
21:20:05.154,0,0.03,0,0,0,0,0,10,144,16240226,-53,515,-63510796
21:20:05.159,0,0.03,0,0,0,0,0,9,-177,16240224,-69,-575,-63510804
21:20:05.164,0,0.03,0,0,0,0,0,20,1269,16240236,9,597,-63510796
21:20:05.169,0,0.03,0,0,0,0,0,1,604,16240232,15,-160,-63510800
21:20:05.174,0,0.03,0,0,0,0,0,-6,-1318,16240221,-34,-1270,-63510804
21:20:05.179,0,0.03,0,0,0,0,0,30,686,16240232,17,450,-63510796
21:20:05.184,0,0.03,0,0,0,0,0,38,1880,16240240,-36,-1298,-63510804
21:20:05.189,0,0.03,0,0,0,0,0,-9,-29,16240228,-1,400,-63510796
21:20:05.194,0,0.03,0,0,0,0,0,13,86,16240228,-57,-1175,-63510804
21:20:05.199,0,0.03,0,0,0,0,0,48,1359,16240236,-62,431,-63510796
21:20:05.204,0,0.03,0,0,0,0,0,-8,994,16240233,-2,-1268,-63510804
21:20:05.209,0,0.03,0,0,0,0,0,-11,326,16240230,-25,-1911,-63510816
21:20:05.214,0,0.03,0,0,0,0,0,-6,226,16240230,-20,521,-63510796
21:20:05.219,0,0.03,0,0,0,0,0,16,121,16240228,-28,-1920,-63510816
21:20:05.224,0,0.03,0,0,0,0,0,-6,186,16240228,-48,-90,-63510796
21:20:05.229,0,0.03,0,0,0,0,0,-6,1328,16240233,26,-294,-63510800
21:20:05.235,0,0.03,0,0,0,0,0,3,-1688,16240217,-68,269,-63510796
21:20:05.240,0,0.03,0,0,0,0,0,14,-2052,16240217,-1,-239,-63510800
21:20:05.245,0,0.03,0,0,0,0,0,-8,-682,16240226,9,1097,-63510796
21:20:05.250,0,0.03,0,0,0,0,0,5,700,16240232,14,373,-63510796
21:20:05.255,0,0.03,0,0,0,0,0,0,72,16240228,8,408,-63510796
21:20:05.260,0,0.03,0,0,0,0,0,1,2045,16240241,-3,458,-63510796
21:20:05.265,0,0.03,0,0,0,0,0,5,631,16240233,-27,896,-63510796
21:20:05.270,0,0.03,0,0,0,0,0,5,1,16240230,59,-1393,-63510804
21:20:05.275,0,0.03,0,0,0,0,0,-25,-1129,16240222,-2,-1315,-63510804
21:20:05.280,0,0.03,0,0,0,0,0,31,884,16240233,-27,-794,-63510804
21:20:05.290,0,0.03,0,0,0,0,0,-11,-1486,16240217,30,1184,-63510796
21:20:05.290,0,0.03,0,0,0,0,0,-6,-1446,16240217,-29,-807,-63510804
21:20:05.295,0,0.03,0,0,0,0,0,-7,773,16240232,-57,1040,-63510796
21:20:05.300,0,0.03,0,0,0,0,0,1,907,16240233,-34,573,-63510796
21:20:05.305,0,0.03,0,0,0,0,0,14,970,16240233,3,1080,-63510796
21:20:05.310,0,0.03,0,0,0,0,0,10,1628,16240237,32,500,-63510796
21:20:05.315,0,0.03,0,0,0,0,0,-2,304,16240230,-59,422,-63510796
21:20:05.320,0,0.03,0,0,0,0,0,5,227,16240228,10,582,-63510796
21:20:05.325,0,0.03,0,0,0,0,0,10,1083,16240233,9,-1405,-63510812
21:20:05.331,0,0.03,0,0,0,0,0,-33,889,16240232,-63,467,-63510796
21:20:05.336,0,0.03,0,0,0,0,0,9,-1493,16240217,14,-1280,-63510812
21:20:05.341,0,0.03,0,0,0,0,0,-3,-922,16240221,-19,651,-63510796
21:20:05.346,0,0.03,0,0,0,0,0,-1,255,16240230,-79,-1090,-63510804
21:20:05.351,0,0.03,0,0,0,0,0,14,-529,16240224,-17,-1121,-63510804
21:20:05.356,0,0.03,0,0,0,0,0,-1,428,16240230,-86,499,-63510796
21:20:05.361,0,0.03,0,0,0,0,0,-3,2063,16240240,8,650,-63510796
21:20:05.366,0,0.03,0,0,0,0,0,15,-940,16240221,-25,468,-63510796
21:20:05.371,0,0.03,0,0,0,0,0,-2,-847,16240222,1,517,-63510796
21:20:05.376,0,0.03,0,0,0,0,0,25,-1728,16240217,25,-1282,-63510804
21:20:05.381,0,0.03,0,0,0,0,0,49,269,16240230,47,-137,-63510800
21:20:05.386,0,0.03,0,0,0,0,0,-3,748,16240232,4,-1347,-63510804
21:20:05.391,0,0.03,0,0,0,0,0,-1,712,16240232,-2,-233,-63510800
21:20:05.396,0,0.03,0,0,0,0,0,6,368,16240230,-10,-70,-63510796
21:20:05.401,0,0.03,0,0,0,0,0,6,738,16240232,-25,477,-63510796
21:20:05.406,0,0.03,0,0,0,0,0,7,314,16240230,37,-890,-63510804
21:20:05.411,0,0.03,0,0,0,0,0,17,232,16240228,-2,1107,-63510796
21:20:05.416,0,0.03,0,0,0,0,0,-7,933,16240233,-8,-563,-63510804
21:20:05.422,0,0.03,0,0,0,0,0,-19,829,16240233,-19,506,-63510796
21:20:05.427,0,0.03,0,0,0,0,0,-4,584,16240232,8,599,-63510796
21:20:05.432,0,0.03,0,0,0,0,0,9,665,16240233,-22,1078,-63510796
21:20:05.437,0,0.03,0,0,0,0,0,11,67,16240230,-99,490,-63510796
21:20:05.442,0,0.03,0,0,0,0,0,6,743,16240233,36,675,-63510796
21:20:05.452,0,0.03,0,0,0,0,0,10,16,16240228,49,703,-63510796
21:20:05.457,0,0.03,0,0,0,0,0,2,1327,16240236,-114,736,-63510796
21:20:05.462,0,0.03,0,0,0,0,0,23,-1161,16240221,-40,-178,-63510800
21:20:05.467,0,0.03,0,0,0,0,0,-7,759,16240232,-19,-142,-63510800
21:20:05.467,0,0.03,0,0,0,0,0,-2,-516,16240224,-9,604,-63510796
21:20:05.472,0,0.03,0,0,0,0,0,-4,844,16240232,-29,593,-63510796
21:20:05.477,0,0.03,0,0,0,0,0,12,830,16240232,15,424,-63510796
21:20:05.482,0,0.03,0,0,0,0,0,31,883,16240233,-15,-1382,-63510812
21:20:05.487,0,0.03,0,0,0,0,0,7,1012,16240232,1,-779,-63510804
21:20:05.492,0,0.03,0,0,0,0,0,-1,-742,16240221,-39,458,-63510796
21:20:05.497,0,0.03,0,0,0,0,0,13,1079,16240232,-14,537,-63510796
21:20:05.502,0,0.03,0,0,0,0,0,0,383,16240228,-8,-739,-63510804
21:20:05.508,0,0.03,0,0,0,0,0,-4,-672,16240222,3,-594,-63510804
21:20:05.513,0,0.03,0,0,0,0,0,0,-350,16240224,31,-1895,-63510816
21:20:05.518,0,0.03,0,0,0,0,0,-8,-660,16240222,37,-74,-63510800
21:20:05.523,0,0.03,0,0,0,0,0,-13,957,16240232,-13,-744,-63510804
21:20:05.528,0,0.03,0,0,0,0,0,-39,2951,16240245,-2,1926,-63510792
21:20:05.533,0,0.03,0,0,0,0,0,-3,911,16240232,-19,463,-63510796
21:20:05.538,0,0.03,0,0,0,0,0,-8,1065,16240233,-11,-698,-63510804
21:20:05.543,0,0.03,0,0,0,0,0,0,-901,16240222,-7,-1894,-63510816
21:20:05.548,0,0.03,0,0,0,0,0,-28,-322,16240224,-64,570,-63510796
21:20:05.553,0,0.03,0,0,0,0,0,-17,-1404,16240217,36,-896,-63510804
21:20:05.558,0,0.03,0,0,0,0,0,8,-144,16240226,-19,-813,-63510804
21:20:05.563,0,0.03,0,0,0,0,0,-31,923,16240232,-19,-807,-63510804
21:20:05.568,0,0.03,0,0,0,0,0,10,-1346,16240217,2,6,-63510800
21:20:05.573,0,0.03,0,0,0,0,0,9,-2547,16240209,11,-1203,-63510804
21:20:05.578,0,0.03,0,0,0,0,0,11,-827,16240221,20,798,-63510796
21:20:05.584,0,0.03,0,0,0,0,0,5,1739,16240237,8,49,-63510796
21:20:05.589,0,0.03,0,0,0,0,0,-7,209,16240228,-70,-694,-63510804
21:20:05.594,0,0.03,0,0,0,0,0,9,573,16240230,1,742,-63510796
21:20:05.599,0,0.03,0,0,0,0,0,17,1310,16240233,38,-1148,-63510804
21:20:05.604,0,0.03,0,0,0,0,0,13,-910,16240221,32,646,-63510796
21:20:05.609,0,0.03,0,0,0,0,0,-12,964,16240232,13,147,-63510796
21:20:05.614,0,0.03,0,0,0,0,0,7,-1489,16240217,19,116,-63510796
21:20:05.619,0,0.03,0,0,0,0,0,-8,17,16240226,-52,188,-63510796
21:20:05.624,0,0.03,0,0,0,0,0,-18,437,16240228,-58,609,-63510796
21:20:05.629,0,0.03,0,0,0,0,0,22,1245,16240233,7,1294,-63510796
21:20:05.634,0,0.03,0,0,0,0,0,12,-188,16240224,24,-613,-63510804
21:20:05.639,0,0.03,0,0,0,0,0,34,1110,16240233,-1,69,-63510796
21:20:05.644,0,0.03,0,0,0,0,0,-81,-1342,16240217,9,1296,-63510792
21:20:05.649,0,0.03,0,0,0,0,0,-1,366,16240228,-19,1189,-63510796
21:20:05.654,0,0.03,0,0,0,0,0,1,-319,16240224,26,102,-63510812
21:20:05.660,0,0.03,0,0,0,0,0,7,-1000,16240221,15,587,-63510796
21:20:05.665,0,0.03,0,0,0,0,0,-7,222,16240228,-7,-534,-63510804
21:20:05.670,0,0.03,0,0,0,0,0,15,-1056,16240221,15,806,-63510796
21:20:05.675,0,0.03,0,0,0,0,0,7,283,16240230,-108,76,-63510796
21:20:05.680,0,0.03,0,0,0,0,0,-2,-569,16240224,14,1298,-63510796
21:20:05.685,0,0.03,0,0,0,0,0,-28,818,16240232,-34,-1638,-63510816
21:20:05.690,0,0.03,0,0,0,0,0,-43,929,16240233,8,1326,-63510796
21:20:05.695,0,0.03,0,0,0,0,0,1,337,16240230,8,-975,-63510804
21:20:05.700,0,0.03,0,0,0,0,0,0,751,16240232,19,-1106,-63510812
21:20:05.705,0,0.03,0,0,0,0,0,-13,89,16240228,-64,940,-63510796
21:20:05.710,0,0.03,0,0,0,0,0,-2,-1785,16240217,-23,-425,-63510804
21:20:05.715,0,0.03,0,0,0,0,0,7,-301,16240226,19,1417,-63510796
21:20:05.720,0,0.03,0,0,0,0,0,32,-240,16240226,-43,830,-63510796
21:20:05.725,0,0.03,0,0,0,0,0,8,-110,16240226,-25,165,-63510796
21:20:05.730,0,0.03,0,0,0,0,0,-14,423,16240230,49,348,-63510796
21:20:05.735,0,0.03,0,0,0,0,0,-5,-1507,16240217,14,1382,-63510796
21:20:05.741,0,0.03,0,0,0,0,0,-11,-828,16240222,30,-1616,-63510816
21:20:05.746,0,0.03,0,0,0,0,0,5,269,16240228,-104,933,-63510796
21:20:05.751,0,0.03,0,0,0,0,0,-1,-472,16240224,38,1389,-63510796
21:20:05.756,0,0.03,0,0,0,0,0,4,-1519,16240217,59,191,-63510800
21:20:05.761,0,0.03,0,0,0,0,0,9,184,16240230,36,456,-63510796
21:20:05.766,0,0.03,0,0,0,0,0,-1,-274,16240226,59,1161,-63510796
21:20:05.771,0,0.03,0,0,0,0,0,6,185,16240228,-3,-290,-63510804
21:20:05.776,0,0.03,0,0,0,0,0,29,-359,16240226,52,828,-63510796
21:20:05.781,0,0.03,0,0,0,0,0,6,1365,16240226,43,-474,-63510804
21:20:05.786,0,0.03,0,0,0,0,0,-16,844,16240233,-13,-1552,-63510816
21:20:05.791,0,0.03,0,0,0,0,0,6,-1132,16240221,-57,-300,-63510804
21:20:05.796,0,0.03,0,0,0,0,0,-11,188,16240228,-44,-321,-63510804
21:20:05.801,0,0.03,0,0,0,0,0,3,-1463,16240217,19,1088,-63510796
21:20:05.806,0,0.03,0,0,0,0,0,-29,309,16240228,14,-398,-63510804
21:20:05.811,0,0.03,0,0,0,0,0,3,-956,16240221,3,-885,-63510804
21:20:05.816,0,0.03,0,0,0,0,0,8,1029,16240232,48,469,-63510796
21:20:05.821,0,0.03,0,0,0,0,0,5,-782,16240222,9,-292,-63510804
21:20:05.827,0,0.03,0,0,0,0,0,19,260,16240228,-64,921,-63510796
21:20:05.832,0,0.03,0,0,0,0,0,0,427,16240230,14,928,-63510796
21:20:05.837,0,0.03,0,0,0,0,0,6,884,16240232,14,-956,-63510812
21:20:05.842,0,0.03,0,0,0,0,0,-2,201,16240228,32,987,-63510796
21:20:05.847,0,0.03,0,0,0,0,0,-18,-850,16240222,19,1008,-63510796
21:20:05.852,0,0.03,0,0,0,0,0,-12,723,16240232,30,1086,-63510796
21:20:05.862,0,0.03,0,0,0,0,0,16,-349,16240224,-13,-236,-63510804
21:20:05.867,0,0.03,0,0,0,0,0,-1,927,16240232,-69,-277,-63510804
21:20:05.872,0,0.03,0,0,0,0,0,-14,123,16240228,45,1209,-63510796
21:20:05.877,0,0.03,0,0,0,0,0,-5,845,16240232,-1,-227,-63510804
21:20:05.882,0,0.03,0,0,0,0,0,-10,-827,16240222,-13,-235,-63510804
21:20:05.887,0,0.03,0,0,0,0,0,-1,260,16240230,31,1184,-63510796
21:20:05.892,0,0.03,0,0,0,0,0,56,-1112,16240221,37,-1306,-63510816
21:20:05.898,0,0.03,0,0,0,0,0,5,86,16240228,-35,-36,-63510804
21:20:05.903,0,0.03,0,0,0,0,0,-26,-430,16240226,-1,-838,-63510812
21:20:05.908,0,0.03,0,0,0,0,0,12,845,16240233,49,-1246,-63510816
21:20:05.913,0,0.03,0,0,0,0,0,-23,-484,16240224,19,444,-63510800
21:20:05.918,0,0.03,0,0,0,0,0,8,299,16240228,16,-819,-63510812
21:20:05.923,0,0.03,0,0,0,0,0,-4,949,16240232,9,1826,-63510796
21:20:05.928,0,0.03,0,0,0,0,0,-13,1331,16240233,-2,-1094,-63510816
21:20:05.933,0,0.03,0,0,0,0,0,0,600,16240228,-41,1218,-63510796
21:20:05.938,0,0.03,0,0,0,0,0,3,291,16240226,14,-584,-63510812
21:20:05.944,0,0.04,0,0,0,0,0,-24,-34,16240224,-3,-1040,-63510816
21:20:05.949,0,0.04,0,0,0,0,0,-3,-68,16240224,-99,44,-63510804
21:20:05.954,0,0.04,0,0,0,0,0,9,-1433,16240217,-42,-34,-63510804
21:20:05.959,0,0.04,0,0,0,0,0,3,-1611,16240217,3,-44,-63510804
21:20:05.964,0,0.04,0,0,0,0,0,5,-404,16240226,3,-736,-63510812
21:20:05.969,0,0.04,0,0,0,0,0,6,-423,16240232,43,-607,-63510812
21:20:05.974,0,0.03,0,0,0,0,0,10,739,16240232,-2,117,-63510804
21:20:05.979,0,0.03,0,0,0,0,0,8,931,16240233,-28,-563,-63510804
21:20:05.984,0,0.03,0,0,0,0,0,-6,752,16240232,54,557,-63510800
21:20:05.989,0,0.03,0,0,0,0,0,-10,97,16240228,9,-501,-63510804
21:20:05.994,0,0.03,0,0,0,0,0,-14,-1123,16240221,9,1311,-63510796
21:20:05.999,0,0.03,0,0,0,0,0,-9,1359,16240236,-30,1234,-63510796
21:20:06.004,0,0.03,0,0,0,0,0,9,-496,16240226,-7,-31,-63510804
21:20:06.009,0,0.03,0,0,0,0,0,5,673,16240232,14,-35,-63510804
21:20:06.014,0,0.03,0,0,0,0,0,4,645,16240232,3,-703,-63510812
21:20:06.019,0,0.03,0,0,0,0,0,5,1405,16240237,21,-491,-63510804
21:20:06.024,0,0.03,0,0,0,0,0,-29,406,16240230,24,-551,-63510812
21:20:06.030,0,0.03,0,0,0,0,0,8,853,16240232,30,-453,-63510804
21:20:06.035,0,0.03,0,0,0,0,0,15,675,16240232,31,-1103,-63510816
21:20:06.040,0,0.03,0,0,0,0,0,16,254,16240230,-80,1910,-63510796
21:20:06.045,0,0.03,0,0,0,0,0,-1,-1557,16240217,-8,-466,-63510804
21:20:06.050,0,0.03,0,0,0,0,0,3,194,16240228,26,-479,-63510804
21:20:06.055,0,0.03,0,0,0,0,0,36,-1800,16240217,-57,-53,-63510804
21:20:06.060,0,0.03,0,0,0,0,0,-8,-918,16240222,74,97,-63510804
21:20:06.065,0,0.03,0,0,0,0,0,40,954,16240233,4,-407,-63510804
21:20:06.070,0,0.03,0,0,0,0,0,-1,-286,16240226,-20,-1024,-63510816
21:20:06.075,0,0.03,0,0,0,0,0,-30,261,16240230,20,-1038,-63510816
21:20:06.080,0,0.03,0,0,0,0,0,1,388,16240230,30,-1151,-63510816
21:20:06.085,0,0.03,0,0,0,0,0,15,789,16240232,32,-662,-63510812
21:20:06.090,0,0.03,0,0,0,0,0,8,629,16240233,-58,1866,-63510796
21:20:06.095,0,0.03,0,0,0,0,0,-5,665,16240232,8,1383,-63510796
21:20:06.101,0,0.03,0,0,0,0,0,24,1162,16240233,-1,-1135,-63510816
21:20:06.106,0,0.03,0,0,0,0,0,10,-402,16240224,11,-415,-63510804
21:20:06.111,0,0.03,0,0,0,0,0,10,-852,16240222,12,-1049,-63510816
21:20:06.116,0,0.03,0,0,0,0,0,-4,361,16240228,-36,-348,-63510804
21:20:06.121,0,0.03,0,0,0,0,0,3,986,16240232,13,362,-63510804
21:20:06.126,0,0.03,0,0,0,0,0,-15,858,16240232,-13,817,-63510804
21:20:06.131,0,0.03,0,0,0,0,0,-20,-319,16240226,37,-399,-63510812
21:20:06.136,0,0.03,0,0,0,0,0,41,-960,16240232,-2,-377,-63510812
21:20:06.141,0,0.03,0,0,0,0,0,-20,787,16240232,-46,954,-63510796
21:20:06.146,0,0.03,0,0,0,0,0,-4,692,16240232,10,-414,-63510812
21:20:06.151,0,0.03,0,0,0,0,0,0,-346,16240226,-12,892,-63510800
21:20:06.156,0,0.03,0,0,0,0,0,-1,-498,16240224,4,256,-63510804
21:20:06.161,0,0.03,0,0,0,0,0,0,790,16240232,-3,-338,-63510812
21:20:06.166,0,0.03,0,0,0,0,0,15,-1069,16240221,-8,440,-63510804
21:20:06.171,0,0.03,0,0,0,0,0,-14,-1388,16240217,21,-482,-63510812
21:20:06.176,0,0.03,0,0,0,0,0,-7,485,16240233,-12,-334,-63510812
21:20:06.182,0,0.03,0,0,0,0,0,-1,941,16240233,-92,-851,-63510816
21:20:06.187,0,0.03,0,0,0,0,0,11,821,16240232,-25,339,-63510804
21:20:06.192,0,0.03,0,0,0,0,0,2,-539,16240224,26,-844,-63510816
21:20:06.197,0,0.03,0,0,0,0,0,30,-1390,16240221,9,-271,-63510804
21:20:06.202,0,0.03,0,0,0,0,0,8,-1378,16240221,-58,-281,-63510804
21:20:06.207,0,0.03,0,0,0,0,0,-35,68,16240230,-6,-881,-63510816
21:20:06.212,0,0.03,0,0,0,0,0,-4,406,16240232,-19,1457,-63510796
21:20:06.217,0,0.03,0,0,0,0,0,19,-123,16240228,23,-307,-63510804
21:20:06.222,0,0.03,0,0,0,0,0,2,-3,16240228,-1,-188,-63510804
21:20:06.227,0,0.03,0,0,0,0,0,0,204,16240230,-9,-745,-63510816
21:20:06.232,0,0.03,0,0,0,0,0,8,-674,16240224,12,-281,-63510812
21:20:06.237,0,0.03,0,0,0,0,0,-8,591,16240232,-11,-291,-63510812
21:20:06.242,0,0.03,0,0,0,0,0,5,678,16240232,-18,-462,-63510812
21:20:06.247,0,0.03,0,0,0,0,0,0,-1086,16240222,-47,-418,-63510812
21:20:06.252,0,0.03,0,0,0,0,0,-1,-417,16240226,-14,1548,-63510796
21:20:06.257,0,0.03,0,0,0,0,0,-23,1221,16240236,42,-206,-63510804
21:20:06.262,0,0.03,0,0,0,0,0,11,-1333,16240221,2,-422,-63510812
21:20:06.267,0,0.03,0,0,0,0,0,-38,557,16240232,19,1565,-63510796
21:20:06.273,0,0.03,0,0,0,0,0,-1,925,16240232,4,-245,-63510804
21:20:06.278,0,0.03,0,0,0,0,0,12,-1004,16240221,-53,136,-63510804
21:20:06.283,0,0.03,0,0,0,0,0,-3,237,16240228,-20,-942,-63510816
21:20:06.288,0,0.03,0,0,0,0,0,-7,278,16240230,49,-208,-63510804
21:20:06.293,0,0.03,0,0,0,0,0,23,-397,16240224,57,-1402,-63510816
21:20:06.298,0,0.03,0,0,0,0,0,-12,-560,16240222,-2,-337,-63510812
21:20:06.303,0,0.03,0,0,0,0,0,-2,-115,16240224,-20,-324,-63510812
21:20:06.308,0,0.03,0,0,0,0,0,-5,-109,16240224,-27,-329,-63510812
21:20:06.313,0,0.03,0,0,0,0,0,0,-1132,16240217,-19,293,-63510804
21:20:06.318,0,0.03,0,0,0,0,0,-10,70,16240226,-45,500,-63510804
21:20:06.323,0,0.03,0,0,0,0,0,5,-1489,16240217,13,416,-63510804
21:20:06.328,0,0.03,0,0,0,0,0,2,997,16240232,15,214,-63510804
21:20:06.333,0,0.03,0,0,0,0,0,16,240,16240228,-8,-430,-63510812
21:20:06.338,0,0.03,0,0,0,0,0,0,302,16240230,-2,269,-63510804
21:20:06.343,0,0.03,0,0,0,0,0,-23,-915,16240222,-26,192,-63510804
21:20:06.348,0,0.03,0,0,0,0,0,7,-192,16240226,-3,434,-63510804
21:20:06.354,0,0.03,0,0,0,0,0,8,-1015,16240222,19,331,-63510804
21:20:06.359,0,0.03,0,0,0,0,0,11,147,16240230,9,-763,-63510816
21:20:06.364,0,0.03,0,0,0,0,0,5,-75,16240226,15,318,-63510804
21:20:06.369,0,0.03,0,0,0,0,0,-5,1001,16240232,-15,-749,-63510816
21:20:06.374,0,0.03,0,0,0,0,0,2,759,16240232,-7,-681,-63510816
21:20:06.379,0,0.03,0,0,0,0,0,38,1372,16240236,4,2231,-63510796
21:20:06.384,0,0.03,0,0,0,0,0,-24,805,16240232,-17,-54,-63510804
21:20:06.389,0,0.03,0,0,0,0,0,3,230,16240230,-52,-121,-63510804
21:20:06.395,0,0.03,0,0,0,0,0,-37,730,16240232,-76,-166,-63510804
21:20:06.400,0,0.03,0,0,0,0,0,5,-1572,16240217,34,-162,-63510804
21:20:06.405,0,0.03,0,0,0,0,0,25,671,16240232,2,1794,-63510796
21:20:06.410,0,0.03,0,0,0,0,0,43,1422,16240237,9,-263,-63510812
21:20:06.415,0,0.03,0,0,0,0,0,-8,244,16240228,30,294,-63510804
21:20:06.420,0,0.03,0,0,0,0,0,5,322,16240230,-75,-97,-63510804
21:20:06.425,0,0.03,0,0,0,0,0,3,-545,16240224,48,-320,-63510812
21:20:06.430,0,0.03,0,0,0,0,0,6,158,16240228,35,-319,-63510812
21:20:06.435,0,0.03,0,0,0,0,0,-13,-936,16240221,8,-355,-63510812
21:20:06.441,0,0.03,0,0,0,0,0,9,346,16240228,31,-261,-63510812
21:20:06.446,0,0.03,0,0,0,0,0,1,305,16240230,-1,556,-63510804
21:20:06.451,0,0.03,0,0,0,0,0,-5,1288,16240236,18,1619,-63510796
21:20:06.456,0,0.03,0,0,0,0,0,16,116,16240230,24,-131,-63510804
21:20:06.461,0,0.03,0,0,0,0,0,23,822,16240233,19,1121,-63510796
21:20:06.466,0,0.03,0,0,0,0,0,-7,-1063,16240222,-40,-323,-63510812
21:20:06.471,0,0.03,0,0,0,0,0,8,806,16240233,24,-53,-63510804
21:20:06.476,0,0.03,0,0,0,0,0,-6,1295,16240236,50,-94,-63510804
21:20:06.481,0,0.03,0,0,0,0,0,32,858,16240233,-31,1589,-63510796
21:20:06.486,0,0.03,0,0,0,0,0,11,902,16240233,39,-130,-63510804
21:20:06.492,0,0.03,0,0,0,0,0,-11,735,16240232,-10,-169,-63510812
21:20:06.497,0,0.03,0,0,0,0,0,10,-442,16240224,41,-661,-63510816
21:20:06.502,0,0.03,0,0,0,0,0,-3,-1642,16240217,-14,1202,-63510796
21:20:06.507,0,0.03,0,0,0,0,0,-10,837,16240232,13,-38,-63510804
21:20:06.512,0,0.03,0,0,0,0,0,13,-314,16240224,-23,-35,-63510804
21:20:06.517,0,0.03,0,0,0,0,0,5,-893,16240221,-17,506,-63510804
21:20:06.522,0,0.03,0,0,0,0,0,-5,16,16240226,0,19,-63510804
21:20:06.527,0,0.03,0,0,0,0,0,-25,470,16240228,15,2376,-63510796
21:20:06.532,0,0.03,0,0,0,0,0,5,1484,16240233,30,-1868,-63510820
21:20:06.537,0,0.03,0,0,0,0,0,-21,-58,16240224,7,38,-63510804
21:20:06.542,0,0.03,0,0,0,0,0,-11,611,16240230,15,-661,-63510816
21:20:06.547,0,0.03,0,0,0,0,0,-5,960,16240232,-51,-675,-63510816
21:20:06.552,0,0.03,0,0,0,0,0,27,822,16240233,24,-42,-63510804
21:20:06.557,0,0.03,0,0,0,0,0,-1,539,16240232,-3,-695,-63510816
21:20:06.562,0,0.03,0,0,0,0,0,-29,-1036,16240222,28,-250,-63510812
21:20:06.567,0,0.03,0,0,0,0,0,-11,693,16240232,47,-81,-63510804
21:20:06.572,0,0.03,0,0,0,0,0,-2,-1572,16240217,-29,-53,-63510804
21:20:06.577,0,0.03,0,0,0,0,0,27,1434,16240237,-38,-40,-63510804
21:20:06.583,0,0.03,0,0,0,0,0,-38,2540,16240245,10,32,-63510804
21:20:06.588,0,0.03,0,0,0,0,0,-1,242,16240230,-7,1807,-63510796
21:20:06.593,0,0.03,0,0,0,0,0,0,203,16240230,-14,-10,-63510804
21:20:06.598,0,0.03,0,0,0,0,0,11,-6,16240228,-8,-63,-63510804
21:20:06.603,0,0.03,0,0,0,0,0,-15,-584,16240224,56,-178,-63510812
21:20:06.608,0,0.03,0,0,0,0,0,3,-1632,16240217,-4,493,-63510804
21:20:06.613,0,0.03,0,0,0,0,0,5,1125,16240232,37,-2,-63510804
21:20:06.618,0,0.03,0,0,0,0,0,-30,-180,16240224,-13,-23,-63510804
21:20:06.623,0,0.03,0,0,0,0,0,-12,1218,16240233,-69,6,-63510804
21:20:06.628,0,0.03,0,0,0,0,0,-3,1236,16240233,-18,-639,-63510816
21:20:06.633,0,0.03,0,0,0,0,0,16,524,16240230,13,-175,-63510812
21:20:06.638,0,0.03,0,0,0,0,0,13,1091,16240232,48,-175,-63510812
21:20:06.643,0,0.03,0,0,0,0,0,7,-916,16240221,0,-560,-63510816
21:20:06.648,0,0.03,0,0,0,0,0,-15,-849,16240222,15,-84,-63510812
21:20:06.653,0,0.03,0,0,0,0,0,20,1397,16240236,58,512,-63510804
21:20:06.659,0,0.03,0,0,0,0,0,-21,-353,16240226,-36,-559,-63510816
21:20:06.659,0,0.03,0,0,0,0,0,-3,-885,16240222,17,-741,-63510816
21:20:06.664,0,0.03,0,0,0,0,0,-21,969,16240233,81,78,-63510804
21:20:06.669,0,0.03,0,0,0,0,0,-21,-445,16240224,-2,60,-63510804
21:20:06.674,0,0.03,0,0,0,0,0,-4,-333,16240226,2,-47,-63510812
21:20:06.679,0,0.03,0,0,0,0,0,17,-227,16240226,-38,89,-63510804
21:20:06.684,0,0.03,0,0,0,0,0,-19,323,16240230,29,79,-63510804
21:20:06.689,0,0.03,0,0,0,0,0,-21,-857,16240222,-28,-111,-63510812
21:20:06.694,0,0.03,0,0,0,0,0,9,-669,16240221,-76,-69,-63510812
21:20:06.699,0,0.03,0,0,0,0,0,59,1213,16240232,-36,1824,-63510796
21:20:06.704,0,0.03,0,0,0,0,0,-15,-60,16240224,13,149,-63510804
21:20:06.710,0,0.03,0,0,0,0,0,-5,-1212,16240217,-22,-95,-63510812
21:20:06.715,0,0.03,0,0,0,0,0,7,873,16240232,46,-556,-63510816
21:20:06.720,0,0.03,0,0,0,0,0,10,245,16240230,14,561,-63510804
21:20:06.725,0,0.03,0,0,0,0,0,3,382,16240232,25,-48,-63510812
21:20:06.730,0,0.03,0,0,0,0,0,-6,-1161,16240222,-25,11,-63510812
21:20:06.735,0,0.03,0,0,0,0,0,13,-68,16240228,-4,-119,-63510812
21:20:06.740,0,0.03,0,0,0,0,0,31,16,16240228,-2,80,-63510804
21:20:06.745,0,0.03,0,0,0,0,0,-29,291,16240230,41,1328,-63510796
21:20:06.750,0,0.03,0,0,0,0,0,0,796,16240232,-13,1316,-63510796
21:20:06.755,0,0.03,0,0,0,0,0,-48,746,16240232,8,134,-63510804
21:20:06.761,0,0.03,0,0,0,0,0,17,933,16240233,-69,-460,-63510816
21:20:06.766,0,0.03,0,0,0,0,0,-20,729,16240232,-23,-475,-63510816
21:20:06.771,0,0.03,0,0,0,0,0,-9,-876,16240222,64,-507,-63510816
21:20:06.776,0,0.03,0,0,0,0,0,10,955,16240232,42,-26,-63510804
21:20:06.781,0,0.03,0,0,0,0,0,18,-1591,16240217,-58,-126,-63510812
21:20:06.786,0,0.03,0,0,0,0,0,29,-3064,16240208,-35,-573,-63510816
21:20:06.791,0,0.03,0,0,0,0,0,41,1056,16240232,37,-600,-63510816
21:20:06.796,0,0.03,0,0,0,0,0,-2,-829,16240221,1,1317,-63510796
21:20:06.801,0,0.03,0,0,0,0,0,5,-782,16240222,-23,-86,-63510812
21:20:06.806,0,0.03,0,0,0,0,0,-15,684,16240233,15,622,-63510804
21:20:06.811,0,0.03,0,0,0,0,0,3,510,16240232,70,-491,-63510816
21:20:06.816,0,0.03,0,0,0,0,0,5,-1070,16240221,25,-509,-63510816
21:20:06.821,0,0.03,0,0,0,0,0,19,1324,16240236,24,142,-63510804
21:20:06.826,0,0.03,0,0,0,0,0,-1,660,16240232,-19,178,-63510804
21:20:06.831,0,0.03,0,0,0,0,0,14,-1158,16240221,-17,13,-63510812
21:20:06.836,0,0.03,0,0,0,0,0,7,218,16240230,-13,-490,-63510816
21:20:06.842,0,0.03,0,0,0,0,0,-2,33,16240228,-40,-11,-63510812
21:20:06.847,0,0.03,0,0,0,0,0,-5,795,16240233,-12,-479,-63510816
21:20:06.852,0,0.03,0,0,0,0,0,5,-585,16240224,24,-463,-63510816
21:20:06.857,0,0.03,0,0,0,0,0,-7,298,16240230,-14,-492,-63510816
21:20:06.862,0,0.03,0,0,0,0,0,-8,251,16240230,31,-439,-63510816
21:20:06.867,0,0.03,0,0,0,0,0,3,-1683,16240217,-44,-502,-63510816
21:20:06.872,0,0.03,0,0,0,0,0,10,1173,16240236,50,49,-63510804
21:20:06.877,0,0.03,0,0,0,0,0,18,-1168,16240221,19,-568,-63510816
21:20:06.882,0,0.03,0,0,0,0,0,-1,16,16240226,3,756,-63510804
21:20:06.887,0,0.03,0,0,0,0,0,-38,629,16240230,1,1146,-63510800
21:20:06.892,0,0.03,0,0,0,0,0,-2,-1409,16240217,-13,-90,-63510812
21:20:06.897,0,0.03,0,0,0,0,0,21,-2051,16240213,29,-575,-63510816
21:20:06.902,0,0.03,0,0,0,0,0,-3,1528,16240236,44,1347,-63510796
21:20:06.907,0,0.03,0,0,0,0,0,-23,-1305,16240217,-26,-510,-63510816
21:20:06.913,0,0.03,0,0,0,0,0,8,792,16240232,25,-27,-63510812
21:20:06.918,0,0.03,0,0,0,0,0,1,-1035,16240222,3,94,-63510804
21:20:06.923,0,0.03,0,0,0,0,0,-4,177,16240228,-35,-76,-63510812
21:20:06.928,0,0.03,0,0,0,0,0,-7,-521,16240224,-1,-520,-63510816
21:20:06.933,0,0.03,0,0,0,0,0,7,-1644,16240217,-25,-549,-63510816
21:20:06.938,0,0.03,0,0,0,0,0,-5,-529,16240224,10,-551,-63510816
21:20:06.943,0,0.03,0,0,0,0,0,4,838,16240232,-51,7,-63510812
21:20:06.948,0,0.03,0,0,0,0,0,6,-411,16240226,-13,211,-63510804
21:20:06.953,0,0.03,0,0,0,0,0,20,1372,16240237,9,-461,-63510816
21:20:06.958,0,0.03,0,0,0,0,0,6,-1684,16240217,52,-482,-63510816
21:20:06.963,0,0.03,0,0,0,0,0,9,-1768,16240217,-101,-81,-63510812
21:20:06.968,0,0.03,0,0,0,0,0,21,-543,16240226,-23,101,-63510804
21:20:06.973,0,0.03,0,0,0,0,0,0,724,16240233,12,-66,-63510812
21:20:06.978,0,0.03,0,0,0,0,0,0,-1776,16240224,-14,-572,-63510816
21:20:06.984,0,0.03,0,0,0,0,0,4,536,16240232,59,74,-63510804
21:20:06.989,0,0.03,0,0,0,0,0,17,1122,16240236,9,138,-63510804
21:20:06.994,0,0.03,0,0,0,0,0,-1,56,16240228,20,-51,-63510812
21:20:06.999,0,0.03,0,0,0,0,0,46,1596,16240237,-28,-80,-63510812
21:20:07.004,0,0.03,0,0,0,0,0,10,895,16240233,57,1392,-63510796
21:20:07.009,0,0.03,0,0,0,0,0,18,-624,16240224,-29,169,-63510804
21:20:07.014,0,0.03,0,0,0,0,0,-18,936,16240233,-29,-477,-63510816
21:20:07.019,0,0.03,0,0,0,0,0,3,-1121,16240222,-3,-73,-63510812
21:20:07.024,0,0.03,0,0,0,0,0,-9,-1060,16240221,-64,2449,-63510796
21:20:07.029,0,0.03,0,0,0,0,0,18,229,16240230,3,110,-63510804
21:20:07.034,0,0.03,0,0,0,0,0,4,658,16240232,53,553,-63510804
21:20:07.039,0,0.03,0,0,0,0,0,-26,775,16240233,92,-117,-63510812
21:20:07.044,0,0.03,0,0,0,0,0,11,953,16240232,-13,510,-63510804
21:20:07.049,0,0.03,0,0,0,0,0,11,-782,16240222,-19,-14,-63510812
21:20:07.054,0,0.03,0,0,0,0,0,-20,928,16240233,10,-700,-63510816
21:20:07.059,0,0.03,0,0,0,0,0,5,704,16240232,4,-678,-63510816
21:20:07.064,0,0.03,0,0,0,0,0,-9,1242,16240236,42,597,-63510804
21:20:07.069,0,0.03,0,0,0,0,0,29,306,16240230,8,4,-63510804
21:20:07.075,0,0.03,0,0,0,0,0,10,636,16240232,8,75,-63510804
21:20:07.080,0,0.03,0,0,0,0,0,2,522,16240232,6,-89,-63510812
21:20:07.085,0,0.03,0,0,0,0,0,14,-1095,16240221,25,1160,-63510800
21:20:07.090,0,0.03,0,0,0,0,0,-1,833,16240232,0,-645,-63510816
21:20:07.095,0,0.03,0,0,0,0,0,-45,255,16240230,47,-1164,-63510816
21:20:07.100,0,0.03,0,0,0,0,0,-3,104,16240228,12,526,-63510804
21:20:07.105,0,0.03,0,0,0,0,0,0,-1679,16240217,-46,574,-63510804
21:20:07.110,0,0.03,0,0,0,0,0,-9,267,16240230,-12,-539,-63510816
21:20:07.115,0,0.03,0,0,0,0,0,8,-1136,16240232,13,-79,-63510812
21:20:07.120,0,0.03,0,0,0,0,0,18,753,16240232,-19,-533,-63510816
21:20:07.125,0,0.03,0,0,0,0,0,2,425,16240228,-10,-449,-63510816
21:20:07.130,0,0.03,0,0,0,0,0,0,1317,16240233,-45,137,-63510804
21:20:07.135,0,0.03,0,0,0,0,0,46,1382,16240233,7,630,-63510804
21:20:07.140,0,0.03,0,0,0,0,0,8,-1094,16240217,-59,-524,-63510816
21:20:07.145,0,0.03,0,0,0,0,0,0,-405,16240222,-31,-475,-63510816
21:20:07.150,0,0.03,0,0,0,0,0,12,561,16240228,18,-670,-63510816
21:20:07.156,0,0.03,0,0,0,0,0,-27,681,16240230,-29,724,-63510804
21:20:07.161,0,0.03,0,0,0,0,0,8,97,16240226,71,-69,-63510812
21:20:07.166,0,0.03,0,0,0,0,0,-10,521,16240230,-3,77,-63510804
21:20:07.171,0,0.03,0,0,0,0,0,-16,1183,16240233,-29,82,-63510804
21:20:07.176,0,0.03,0,0,0,0,0,-4,444,16240230,4,-102,-63510812
21:20:07.181,0,0.03,0,0,0,0,0,14,413,16240228,8,72,-63510804
21:20:07.186,0,0.03,0,0,0,0,0,-14,371,16240228,3,-496,-63510816
21:20:07.191,0,0.03,0,0,0,0,0,-29,1048,16240232,20,-507,-63510816
21:20:07.196,0,0.03,0,0,0,0,0,-13,-1536,16240217,-46,155,-63510804
21:20:07.201,0,0.03,0,0,0,0,0,25,-776,16240221,-28,162,-63510804
21:20:07.206,0,0.03,0,0,0,0,0,-3,1133,16240233,19,95,-63510804
21:20:07.211,0,0.03,0,0,0,0,0,3,-243,16240224,40,-544,-63510816
21:20:07.216,0,0.03,0,0,0,0,0,-31,-895,16240221,14,1159,-63510800
21:20:07.221,0,0.03,0,0,0,0,0,1,301,16240228,-32,-516,-63510816
21:20:07.226,0,0.03,0,0,0,0,0,-15,-1590,16240217,-26,2018,-63510796
21:20:07.231,0,0.03,0,0,0,0,0,3,325,16240228,20,25,-63510812
21:20:07.236,0,0.03,0,0,0,0,0,1,573,16240230,-1,171,-63510804
21:20:07.241,0,0.03,0,0,0,0,0,16,-1669,16240217,19,-409,-63510816
21:20:07.247,0,0.03,0,0,0,0,0,-4,764,16240232,8,618,-63510804
21:20:07.252,0,0.03,0,0,0,0,0,-11,79,16240228,36,-1260,-63510816
21:20:07.257,0,0.03,0,0,0,0,0,-13,-1547,16240217,52,-1106,-63510816
21:20:07.262,0,0.03,0,0,0,0,0,2,963,16240233,-17,138,-63510804
21:20:07.267,0,0.03,0,0,0,0,0,3,-958,16240222,-66,104,-63510804
21:20:07.272,0,0.03,0,0,0,0,0,14,-449,16240224,-69,-1214,-63510816
21:20:07.277,0,0.03,0,0,0,0,0,-4,201,16240228,74,26,-63510812
21:20:07.282,0,0.03,0,0,0,0,0,-29,847,16240233,13,-77,-63510812
21:20:07.287,0,0.03,0,0,0,0,0,-3,-448,16240224,-1,-622,-63510816
21:20:07.292,0,0.03,0,0,0,0,0,-4,-847,16240228,-39,-512,-63510816
21:20:07.297,0,0.03,0,0,0,0,0,-18,523,16240228,28,520,-63510804
21:20:07.302,0,0.03,0,0,0,0,0,-3,588,16240228,17,127,-63510804
21:20:07.307,0,0.03,0,0,0,0,0,-15,1324,16240222,-31,-46,-63510812
21:20:07.312,0,0.03,0,0,0,0,0,3,984,16240232,-109,-72,-63510812
21:20:07.317,0,0.03,0,0,0,0,0,-10,-922,16240222,-28,-485,-63510816
21:20:07.322,0,0.03,0,0,0,0,0,12,-218,16240224,19,702,-63510804
21:20:07.327,0,0.03,0,0,0,0,0,-7,437,16240230,25,-32,-63510812
21:20:07.333,0,0.03,0,0,0,0,0,-1,1434,16240236,-57,-71,-63510812
21:20:07.338,0,0.03,0,0,0,0,0,-6,1029,16240233,7,-49,-63510812
21:20:07.343,0,0.03,0,0,0,0,0,52,2342,16240241,37,124,-63510804
21:20:07.348,0,0.03,0,0,0,0,0,1,251,16240228,-19,-75,-63510812
21:20:07.353,0,0.03,0,0,0,0,0,6,321,16240230,26,537,-63510804
21:20:07.358,0,0.03,0,0,0,0,0,-12,-1656,16240217,7,-515,-63510816
21:20:07.363,0,0.03,0,0,0,0,0,3,-852,16240222,-6,-52,-63510812
21:20:07.368,0,0.03,0,0,0,0,0,15,-1402,16240217,-2,-86,-63510812
21:20:07.373,0,0.03,0,0,0,0,0,4,989,16240233,10,-541,-63510816
21:20:07.378,0,0.03,0,0,0,0,0,4,715,16240232,-40,-1129,-63510816
21:20:07.383,0,0.03,0,0,0,0,0,3,-1201,16240217,13,-492,-63510816
21:20:07.388,0,0.03,0,0,0,0,0,13,627,16240230,30,215,-63510804
21:20:07.393,0,0.03,0,0,0,0,0,3,413,16240230,-36,1974,-63510796
21:20:07.398,0,0.03,0,0,0,0,0,-22,678,16240232,-31,-58,-63510812
21:20:07.403,0,0.03,0,0,0,0,0,-15,988,16240233,-56,168,-63510804
21:20:07.408,0,0.03,0,0,0,0,0,-3,-1431,16240217,34,-540,-63510816
21:20:07.414,0,0.03,0,0,0,0,0,4,397,16240230,36,-6,-63510812
21:20:07.419,0,0.03,0,0,0,0,0,12,337,16240230,-98,614,-63510804
21:20:07.424,0,0.03,0,0,0,0,0,43,870,16240232,9,121,-63510804
21:20:07.429,0,0.03,0,0,0,0,0,2,-157,16240226,-19,48,-63510812
21:20:07.434,0,0.03,0,0,0,0,0,-13,961,16240233,41,232,-63510804
21:20:07.439,0,0.03,0,0,0,0,0,5,816,16240232,-98,23,-63510812
21:20:07.444,0,0.03,0,0,0,0,0,-12,202,16240228,-6,-655,-63510816
21:20:07.449,0,0.03,0,0,0,0,0,-14,977,16240233,52,-123,-63510812
21:20:07.454,0,0.03,0,0,0,0,0,14,218,16240228,13,-97,-63510812
21:20:07.459,0,0.03,0,0,0,0,0,17,1060,16240233,8,-559,-63510816
21:20:07.465,0,0.03,0,0,0,0,0,-5,-61,16240226,-6,39,-63510812
21:20:07.470,0,0.03,0,0,0,0,0,0,-425,16240222,7,102,-63510804
21:20:07.475,0,0.03,0,0,0,0,0,-9,-1161,16240217,30,-24,-63510812
21:20:07.480,0,0.03,0,0,0,0,0,11,-1373,16240217,-14,-36,-63510812
21:20:07.485,0,0.03,0,0,0,0,0,11,147,16240226,24,-436,-63510816
21:20:07.490,0,0.03,0,0,0,0,0,-1,1190,16240221,8,36,-63510812
21:20:07.495,0,0.03,0,0,0,0,0,-11,974,16240232,-13,-35,-63510812
21:20:07.500,0,0.03,0,0,0,0,0,20,-308,16240224,-47,1,-63510812
21:20:07.505,0,0.03,0,0,0,0,0,5,-831,16240222,-52,1813,-63510796
21:20:07.510,0,0.03,0,0,0,0,0,32,-188,16240226,-39,-506,-63510816
21:20:07.515,0,0.03,0,0,0,0,0,-20,-1430,16240217,-34,-466,-63510816
21:20:07.520,0,0.03,0,0,0,0,0,10,-387,16240224,-34,-37,-63510812
21:20:07.525,0,0.03,0,0,0,0,0,-16,-972,16240221,-19,-632,-63510816
21:20:07.530,0,0.03,0,0,0,0,0,-36,1039,16240233,-64,26,-63510804
21:20:07.535,0,0.03,0,0,0,0,0,7,1087,16240233,15,1954,-63510796
21:20:07.541,0,0.03,0,0,0,0,0,-6,-679,16240222,-97,1766,-63510796
21:20:07.546,0,0.03,0,0,0,0,0,15,-870,16240221,-21,-561,-63510816
21:20:07.551,0,0.03,0,0,0,0,0,6,1231,16240233,-52,518,-63510804
21:20:07.556,0,0.03,0,0,0,0,0,-11,-930,16240221,-16,-158,-63510812
21:20:07.561,0,0.03,0,0,0,0,0,14,-1528,16240217,65,40,-63510804
21:20:07.566,0,0.03,0,0,0,0,0,0,-1673,16240217,-35,706,-63510804
21:20:07.571,0,0.03,0,0,0,0,0,0,1582,16240236,16,-1295,-63510816
21:20:07.576,0,0.03,0,0,0,0,0,12,372,16240228,41,-89,-63510812
21:20:07.581,0,0.03,0,0,0,0,0,-14,-531,16240224,-74,-555,-63510816
21:20:07.586,0,0.03,0,0,0,0,0,7,728,16240233,58,558,-63510804
21:20:07.591,0,0.03,0,0,0,0,0,11,-1135,16240221,-2,-483,-63510816
21:20:07.596,0,0.03,0,0,0,0,0,-10,907,16240232,32,72,-63510804
21:20:07.601,0,0.03,0,0,0,0,0,-9,318,16240230,-41,566,-63510804
21:20:07.606,0,0.03,0,0,0,0,0,10,-477,16240224,24,-68,-63510812
21:20:07.611,0,0.03,0,0,0,0,0,-10,797,16240232,-6,83,-63510804
21:20:07.616,0,0.03,0,0,0,0,0,14,725,16240232,14,-572,-63510816
21:20:07.621,0,0.03,0,0,0,0,0,-6,802,16240232,-30,-584,-63510816
21:20:07.627,0,0.03,0,0,0,0,0,16,-892,16240222,-14,-34,-63510812
21:20:07.632,0,0.03,0,0,0,0,0,-3,128,16240228,38,-18,-63510812
21:20:07.637,0,0.03,0,0,0,0,0,-16,-1033,16240221,9,1910,-63510796
21:20:07.642,0,0.03,0,0,0,0,0,11,-373,16240224,41,-530,-63510816
21:20:07.647,0,0.03,0,0,0,0,0,-17,135,16240228,15,-76,-63510812
21:20:07.652,0,0.03,0,0,0,0,0,-8,-423,16240226,17,-1888,-63510820
21:20:07.657,0,0.03,0,0,0,0,0,9,-262,16240224,125,-672,-63510816
21:20:07.662,0,0.03,0,0,0,0,0,-12,-140,16240224,2,-62,-63510812
21:20:07.667,0,0.03,0,0,0,0,0,3,402,16240228,40,-670,-63510816
21:20:07.672,0,0.03,0,0,0,0,0,47,980,16240233,10,-713,-63510816
21:20:07.677,0,0.03,0,0,0,0,0,-7,165,16240228,42,-565,-63510816
21:20:07.682,0,0.03,0,0,0,0,0,9,-1052,16240221,21,-145,-63510812
21:20:07.687,0,0.03,0,0,0,0,0,-20,144,16240228,42,-51,-63510812
21:20:07.692,0,0.03,0,0,0,0,0,11,-1716,16240217,19,-510,-63510816
21:20:07.697,0,0.03,0,0,0,0,0,-1,-1025,16240221,20,-616,-63510816
21:20:07.702,0,0.03,0,0,0,0,0,-54,780,16240232,-20,464,-63510804
21:20:07.707,0,0.03,0,0,0,0,0,6,325,16240230,-10,121,-63510804
21:20:07.713,0,0.03,0,0,0,0,0,-10,922,16240232,3,109,-63510804
21:20:07.718,0,0.03,0,0,0,0,0,4,-2131,16240213,13,-25,-63510812
21:20:07.723,0,0.03,0,0,0,0,0,18,-296,16240226,25,-8,-63510812
21:20:07.728,0,0.03,0,0,0,0,0,40,536,16240232,4,604,-63510804
21:20:07.733,0,0.03,0,0,0,0,0,-16,667,16240233,48,567,-63510804
21:20:07.738,0,0.03,0,0,0,0,0,-34,-47,16240240,-30,678,-63510804
21:20:07.743,0,0.03,0,0,0,0,0,2,989,16240236,15,-127,-63510812
21:20:07.748,0,0.03,0,0,0,0,0,-4,367,16240232,14,-524,-63510816
21:20:07.753,0,0.03,0,0,0,0,0,-27,45,16240230,14,-536,-63510816
21:20:07.758,0,0.03,0,0,0,0,0,36,-1072,16240222,15,143,-63510804
21:20:07.763,0,0.03,0,0,0,0,0,20,171,16240230,35,715,-63510804
21:20:07.768,0,0.03,0,0,0,0,0,-6,171,16240230,-63,-40,-63510812
21:20:07.773,0,0.03,0,0,0,0,0,-10,697,16240232,-102,138,-63510804
21:20:07.778,0,0.03,0,0,0,0,0,-1,667,16240232,8,1812,-63510812
21:20:07.784,0,0.03,0,0,0,0,0,19,764,16240232,-89,-55,-63510812
21:20:07.789,0,0.03,0,0,0,0,0,9,820,16240232,-13,-70,-63510812
21:20:07.794,0,0.03,0,0,0,0,0,-2,-1486,16240217,48,-554,-63510816
21:20:07.799,0,0.03,0,0,0,0,0,-1,-258,16240226,-35,-3,-63510812
21:20:07.804,0,0.03,0,0,0,0,0,-45,2679,16240245,20,38,-63510812
21:20:07.809,0,0.03,0,0,0,0,0,7,895,16240232,7,-479,-63510816
21:20:07.814,0,0.03,0,0,0,0,0,6,-837,16240221,-22,181,-63510804
21:20:07.819,0,0.03,0,0,0,0,0,5,-172,16240224,2,42,-63510812
21:20:07.824,0,0.03,0,0,0,0,0,-2,1056,16240232,18,2037,-63510796
21:20:07.829,0,0.03,0,0,0,0,0,-2,-278,16240226,-65,-22,-63510812
21:20:07.834,0,0.03,0,0,0,0,0,-3,-1238,16240221,-17,540,-63510804
21:20:07.840,0,0.03,0,0,0,0,0,-3,-382,16240226,-98,-52,-63510812
21:20:07.845,0,0.03,0,0,0,0,0,8,533,16240230,-7,-544,-63510816
21:20:07.850,0,0.03,0,0,0,0,0,7,1150,16240233,23,-92,-63510812
21:20:07.855,0,0.03,0,0,0,0,0,-4,-839,16240221,-19,-31,-63510812
21:20:07.860,0,0.03,0,0,0,0,0,-4,892,16240232,3,-1883,-63510820
21:20:07.865,0,0.03,0,0,0,0,0,-3,-1053,16240221,15,-18,-63510812
21:20:07.870,0,0.03,0,0,0,0,0,6,526,16240230,21,-590,-63510816
21:20:07.875,0,0.03,0,0,0,0,0,40,-219,16240224,31,3,-63510812
21:20:07.880,0,0.03,0,0,0,0,0,13,-177,16240226,-47,31,-63510812
21:20:07.885,0,0.03,0,0,0,0,0,-18,-294,16240226,-41,-112,-63510812
21:20:07.890,0,0.03,0,0,0,0,0,13,904,16240232,15,582,-63510820
21:20:07.895,0,0.03,0,0,0,0,0,4,-1008,16240221,29,-589,-63510816
21:20:07.901,0,0.03,0,0,0,0,0,-18,371,16240228,26,35,-63510804
21:20:07.906,0,0.03,0,0,0,0,0,-10,-55,16240226,34,-10,-63510812
21:20:07.911,0,0.03,0,0,0,0,0,-11,-1195,16240217,48,-492,-63510816
21:20:07.916,0,0.03,0,0,0,0,0,5,408,16240228,-98,1189,-63510800
21:20:07.921,0,0.03,0,0,0,0,0,-27,1006,16240233,3,671,-63510804
21:20:07.926,0,0.03,0,0,0,0,0,-8,-1099,16240222,-29,526,-63510804
21:20:07.931,0,0.03,0,0,0,0,0,27,-1178,16240222,51,-683,-63510816
21:20:07.936,0,0.03,0,0,0,0,0,-7,568,16240232,-50,-504,-63510816
21:20:07.941,0,0.03,0,0,0,0,0,45,626,16240232,-8,-748,-63510816
21:20:07.946,0,0.03,0,0,0,0,0,-7,1934,16240240,-19,-77,-63510812
21:20:07.951,0,0.03,0,0,0,0,0,10,207,16240230,15,573,-63510804
21:20:07.956,0,0.03,0,0,0,0,0,-7,109,16240228,8,734,-63510804
21:20:07.961,0,0.03,0,0,0,0,0,16,735,16240233,32,-428,-63510816
21:20:07.966,0,0.03,0,0,0,0,0,-4,-380,16240226,30,-392,-63510816
21:20:07.971,0,0.03,0,0,0,0,0,-18,-382,16240226,16,-454,-63510816
21:20:07.976,0,0.03,0,0,0,0,0,10,128,16240228,32,155,-63510804
21:20:07.981,0,0.03,0,0,0,0,0,-2,302,16240230,14,-444,-63510816
21:20:07.987,0,0.03,0,0,0,0,0,14,-513,16240224,36,-1120,-63510816
21:20:07.992,0,0.03,0,0,0,0,0,17,838,16240233,26,1850,-63510796
21:20:07.997,0,0.03,0,0,0,0,0,-5,825,16240232,2,610,-63510804
21:20:08.002,0,0.03,0,0,0,0,0,5,-1451,16240217,29,-127,-63510812
21:20:08.007,0,0.03,0,0,0,0,0,0,235,16240228,-34,89,-63510804
21:20:08.012,0,0.03,0,0,0,0,0,-2,-538,16240224,32,1225,-63510800
21:20:08.017,0,0.03,0,0,0,0,0,-15,264,16240230,-2,-610,-63510816
21:20:08.022,0,0.03,0,0,0,0,0,-3,988,16240233,13,154,-63510804
21:20:08.027,0,0.03,0,0,0,0,0,-11,394,16240230,15,3,-63510812
21:20:08.032,0,0.03,0,0,0,0,0,-2,-1380,16240217,-57,590,-63510804
21:20:08.037,0,0.03,0,0,0,0,0,-6,-2019,16240213,8,-1245,-63510816
21:20:08.043,0,0.03,0,0,0,0,0,-4,-351,16240224,0,-37,-63510812
21:20:08.048,0,0.03,0,0,0,0,0,8,-1558,16240217,-18,-510,-63510816
21:20:08.053,0,0.03,0,0,0,0,0,-10,1522,16240237,-24,-457,-63510816
21:20:08.058,0,0.03,0,0,0,0,0,11,321,16240230,-19,640,-63510804
21:20:08.063,0,0.03,0,0,0,0,0,6,433,16240230,21,634,-63510804
21:20:08.068,0,0.03,0,0,0,0,0,-23,-902,16240222,-35,89,-63510812
21:20:08.073,0,0.03,0,0,0,0,0,11,503,16240232,-8,-416,-63510816
21:20:08.078,0,0.03,0,0,0,0,0,0,461,16240232,-58,-469,-63510816
21:20:08.083,0,0.03,0,0,0,0,0,-7,428,16240232,-75,162,-63510804
21:20:08.088,0,0.03,0,0,0,0,0,-7,-338,16240226,7,144,-63510804
21:20:08.093,0,0.03,0,0,0,0,0,5,-324,16240224,2,-655,-63510816
21:20:08.098,0,0.03,0,0,0,0,0,-1,-115,16240224,-29,-466,-63510816
21:20:08.103,0,0.03,0,0,0,0,0,-72,1109,16240233,14,-76,-63510812
21:20:08.108,0,0.03,0,0,0,0,0,-19,1011,16240233,-6,540,-63510804
21:20:08.113,0,0.03,0,0,0,0,0,-39,328,16240228,13,160,-63510804
21:20:08.118,0,0.03,0,0,0,0,0,8,406,16240230,3,97,-63510804
21:20:08.123,0,0.03,0,0,0,0,0,-10,-970,16240221,36,627,-63510804
21:20:08.129,0,0.03,0,0,0,0,0,2,233,16240228,-41,1905,-63510796
21:20:08.134,0,0.03,0,0,0,0,0,5,-1348,16240217,20,127,-63510812
21:20:08.139,0,0.03,0,0,0,0,0,3,-824,16240222,-45,-1010,-63510816
21:20:08.144,0,0.03,0,0,0,0,0,-5,959,16240233,3,-536,-63510816
21:20:08.149,0,0.03,0,0,0,0,0,-16,-237,16240226,15,123,-63510812
21:20:08.154,0,0.03,0,0,0,0,0,20,865,16240232,9,-2217,-63510820
21:20:08.159,0,0.03,0,0,0,0,0,3,247,16240228,26,1885,-63510796
21:20:08.164,0,0.03,0,0,0,0,0,-5,460,16240228,14,664,-63510804
21:20:08.169,0,0.03,0,0,0,0,0,0,-1372,16240217,50,-503,-63510816
21:20:08.174,0,0.03,0,0,0,0,0,11,1045,16240232,20,-492,-63510816
21:20:08.179,0,0.03,0,0,0,0,0,24,473,16240230,-35,-419,-63510816
21:20:08.184,0,0.03,0,0,0,0,0,5,495,16240230,43,40,-63510812
21:20:08.189,0,0.03,0,0,0,0,0,-9,-232,16240224,42,-633,-63510816
21:20:08.194,0,0.03,0,0,0,0,0,-43,-1414,16240217,-68,155,-63510804
21:20:08.199,0,0.03,0,0,0,0,0,25,-994,16240221,-2,651,-63510804
21:20:08.204,0,0.03,0,0,0,0,0,11,1391,16240236,-25,234,-63510804
21:20:08.209,0,0.03,0,0,0,0,0,15,208,16240228,-12,252,-63510804
21:20:08.214,0,0.03,0,0,0,0,0,-11,-300,16240226,4,180,-63510804
21:20:08.220,0,0.03,0,0,0,0,0,-11,782,16240232,4,-25,-63510812
21:20:08.225,0,0.03,0,0,0,0,0,-1,821,16240232,-35,82,-63510812
21:20:08.230,0,0.03,0,0,0,0,0,1,-1439,16240217,8,94,-63510812
21:20:08.235,0,0.03,0,0,0,0,0,-25,-222,16240226,24,-372,-63510816
21:20:08.240,0,0.03,0,0,0,0,0,-2,-260,16240224,2,88,-63510812
21:20:08.245,0,0.03,0,0,0,0,0,6,1139,16240232,-7,218,-63510804
21:20:08.250,0,0.03,0,0,0,0,0,10,613,16240230,-46,171,-63510804
21:20:08.255,0,0.03,0,0,0,0,0,9,-904,16240221,36,185,-63510804
21:20:08.260,0,0.03,0,0,0,0,0,-2,845,16240232,48,38,-63510812
21:20:08.265,0,0.03,0,0,0,0,0,5,-1207,16240221,20,79,-63510812
21:20:08.270,0,0.03,0,0,0,0,0,-66,1396,16240236,8,144,-63510812
21:20:08.275,0,0.03,0,0,0,0,0,-1,160,16240228,-2,276,-63510804
21:20:08.280,0,0.03,0,0,0,0,0,-30,-1523,16240217,9,761,-63510804
21:20:08.285,0,0.03,0,0,0,0,0,10,96,16240228,48,118,-63510812
21:20:08.290,0,0.03,0,0,0,0,0,19,-21,16240228,3,69,-63510812
21:20:08.295,0,0.03,0,0,0,0,0,-7,-8,16240228,21,215,-63510804
21:20:08.300,0,0.03,0,0,0,0,0,-5,729,16240232,15,56,-63510812
21:20:08.305,0,0.03,0,0,0,0,0,-28,796,16240232,-84,-1148,-63510816
21:20:08.311,0,0.03,0,0,0,0,0,7,126,16240228,20,107,-63510812
21:20:08.316,0,0.03,0,0,0,0,0,13,122,16240228,-10,74,-63510812
21:20:08.321,0,0.03,0,0,0,0,0,5,-322,16240226,-75,185,-63510804
21:20:08.326,0,0.03,0,0,0,0,0,-16,-1551,16240217,25,-614,-63510816
21:20:08.331,0,0.03,0,0,0,0,0,16,-1440,16240217,26,28,-63510812
21:20:08.336,0,0.03,0,0,0,0,0,19,-291,16240224,-1,-2432,-63510824
21:20:08.341,0,0.03,0,0,0,0,0,-4,1151,16240233,-7,45,-63510812
21:20:08.346,0,0.03,0,0,0,0,0,-30,-478,16240224,20,686,-63510804
21:20:08.351,0,0.03,0,0,0,0,0,-26,-1086,16240221,-3,65,-63510812
21:20:08.356,0,0.03,0,0,0,0,0,-13,-438,16240226,9,69,-63510812
21:20:08.361,0,0.03,0,0,0,0,0,-5,-1268,16240221,-31,62,-63510812
21:20:08.366,0,0.03,0,0,0,0,0,20,786,16240217,21,268,-63510804
21:20:08.371,0,0.03,0,0,0,0,0,-12,225,16240230,2,-1024,-63510816
21:20:08.376,0,0.03,0,0,0,0,0,16,729,16240232,10,87,-63510812
21:20:08.381,0,0.03,0,0,0,0,0,5,836,16240232,-25,245,-63510804
21:20:08.386,0,0.03,0,0,0,0,0,-10,-2361,16240213,46,-365,-63510816
21:20:08.391,0,0.03,0,0,0,0,0,0,-1071,16240222,-8,75,-63510812
21:20:08.396,0,0.03,0,0,0,0,0,35,-1770,16240217,31,80,-63510812
21:20:08.402,0,0.03,0,0,0,0,0,5,-1192,16240221,0,48,-63510812
21:20:08.407,0,0.03,0,0,0,0,0,-2,-397,16240226,35,251,-63510804
21:20:08.412,0,0.03,0,0,0,0,0,0,-1345,16240217,15,-471,-63510816
21:20:08.417,0,0.03,0,0,0,0,0,1,-1227,16240217,57,-435,-63510816
21:20:08.422,0,0.03,0,0,0,0,0,12,-1339,16240217,-3,-547,-63510816
21:20:08.427,0,0.03,0,0,0,0,0,1,891,16240232,20,1360,-63510800
21:20:08.432,0,0.03,0,0,0,0,0,-4,1235,16240236,18,-392,-63510816
21:20:08.437,0,0.03,0,0,0,0,0,11,-1626,16240217,29,17,-63510812
21:20:08.442,0,0.03,0,0,0,0,0,-7,-454,16240226,25,66,-63510812
21:20:08.447,0,0.03,0,0,0,0,0,3,-3,16240228,32,-572,-63510816
21:20:08.452,0,0.03,0,0,0,0,0,-14,45,16240230,-23,-385,-63510816
21:20:08.457,0,0.03,0,0,0,0,0,-2,-1071,16240222,-4,86,-63510812
21:20:08.462,0,0.0,0,0,0,0,0,17,697,16240232,-2,22,-63510812
21:20:08.467,0,0.0,0,0,0,0,0,23,207,16240230,47,190,-63510804
21:20:08.472,0,0.0,0,0,0,0,0,37,595,16240232,30,-577,-63510816
21:20:08.477,0,0.0,0,0,0,0,0,9,-1207,16240221,50,107,-63510812
21:20:08.482,0,0.0,0,0,0,0,0,10,1494,16240237,-14,-393,-63510816
21:20:08.488,0,0.0,0,0,0,0,0,0,-1140,16240221,25,-425,-63510816
21:20:08.493,0,0.0,0,0,0,0,0,1,169,16240230,8,-407,-63510816
21:20:08.498,0,0.0,0,0,0,0,0,3,659,16240232,30,156,-63510812
21:20:08.503,0,0.0,0,0,0,0,0,15,-662,16240224,92,143,-63510812
21:20:08.508,0,0.0,0,0,0,0,0,-11,758,16240233,-4,123,-63510812
21:20:08.513,0,0.0,0,0,0,0,0,5,-969,16240221,-19,125,-63510812
21:20:08.518,0,0.0,0,0,0,0,0,9,926,16240232,9,160,-63510812
21:20:08.523,0,0.0,0,0,0,0,0,53,974,16240232,61,271,-63510804
21:20:08.528,0,0.0,0,0,0,0,0,7,-724,16240221,-32,-376,-63510816
21:20:08.533,0,0.0,0,0,0,0,0,5,-186,16240224,-2,81,-63510812
21:20:08.538,0,0.0,0,0,0,0,0,5,377,16240228,4,339,-63510804
21:20:08.543,0,0.0,0,0,0,0,0,0,1073,16240233,-47,208,-63510812
21:20:08.548,0,0.0,0,0,0,0,0,-1,-832,16240222,14,394,-63510804
21:20:08.553,0,0.0,0,0,0,0,0,-17,1056,16240233,30,158,-63510812
21:20:08.558,0,0.0,0,0,0,0,0,-37,-923,16240221,-1,156,-63510812
21:20:08.563,0,0.0,0,0,0,0,0,10,1759,16240237,8,-307,-63510816
21:20:08.568,0,0.0,0,0,0,0,0,30,312,16240228,-31,165,-63510812
21:20:08.573,0,0.0,0,0,0,0,0,5,963,16240232,-2,-190,-63510816
21:20:08.579,0,0.0,0,0,0,0,0,-30,916,16240232,-56,-380,-63510816
21:20:08.584,0,0.0,0,0,0,0,0,12,192,16240228,10,218,-63510812
21:20:08.589,0,0.0,0,0,0,0,0,-7,1410,16240237,-13,265,-63510812
21:20:08.594,0,0.0,0,0,0,0,0,2,-1531,16240217,7,217,-63510812
21:20:08.599,0,0.0,0,0,0,0,0,-3,-2314,16240212,26,252,-63510812
21:20:08.604,0,0.0,0,0,0,0,0,3,268,16240230,25,840,-63510804
21:20:08.609,0,0.0,0,0,0,0,0,16,283,16240230,-28,-2079,-63510820
21:20:08.614,0,0.0,0,0,0,0,0,37,214,16240230,31,299,-63510804
21:20:08.619,0,0.0,0,0,0,0,0,10,136,16240228,-8,-291,-63510816
21:20:08.624,0,0.0,0,0,0,0,0,7,-1323,16240217,43,813,-63510804
21:20:08.629,0,0.0,0,0,0,0,0,10,-1469,16240217,21,428,-63510804
21:20:08.634,0,0.0,0,0,0,0,0,5,-1392,16240217,2,-811,-63510816
21:20:08.639,0,0.0,0,0,0,0,0,-10,-206,16240226,13,-833,-63510816
21:20:08.644,0,0.0,0,0,0,0,0,0,474,16240230,-39,281,-63510812
21:20:08.649,0,0.0,0,0,0,0,0,0,-990,16240221,-62,-213,-63510816
21:20:08.654,0,0.0,0,0,0,0,0,8,-520,16240224,-8,322,-63510804
21:20:08.659,0,0.0,0,0,0,0,0,12,677,16240232,-8,266,-63510812
21:20:08.664,0,0.0,0,0,0,0,0,16,-547,16240226,-14,-205,-63510816
21:20:08.670,0,0.0,0,0,0,0,0,18,681,16240233,28,-354,-63510816
21:20:08.675,0,0.0,0,0,0,0,0,-4,464,16240232,-2,-365,-63510816
21:20:08.680,0,0.0,0,0,0,0,0,-18,-479,16240224,-54,1097,-63510804
21:20:08.685,0,0.0,0,0,0,0,0,-29,336,16240228,-23,471,-63510804
21:20:08.690,0,0.0,0,0,0,0,0,10,1092,16240233,-25,237,-63510812
21:20:08.695,0,0.0,0,0,0,0,0,16,1509,16240236,31,-841,-63510816
21:20:08.700,0,0.0,0,0,0,0,0,9,112,16240228,0,-151,-63510816
21:20:08.705,0,0.0,0,0,0,0,0,-9,-1138,16240221,37,-127,-63510816
21:20:08.710,0,0.0,0,0,0,0,0,12,-1142,16240221,-47,-361,-63510816
21:20:08.715,0,0.0,0,0,0,0,0,-40,688,16240232,-17,-97,-63510816
21:20:08.720,0,0.0,0,0,0,0,0,-7,193,16240228,14,243,-63510812
21:20:08.725,0,0.0,0,0,0,0,0,-11,1529,16240236,-57,275,-63510812
21:20:08.730,0,0.0,0,0,0,0,0,6,-856,16240222,-13,1664,-63510796
21:20:08.735,0,0.0,0,0,0,0,0,3,-244,16240226,22,-120,-63510816
21:20:08.740,0,0.0,0,0,0,0,0,-15,-1134,16240221,-25,416,-63510804
21:20:08.746,0,0.0,0,0,0,0,0,-3,-1125,16240221,-29,300,-63510812
21:20:08.751,0,0.0,0,0,0,0,0,11,-936,16240222,83,368,-63510812
21:20:08.756,0,0.0,0,0,0,0,0,-23,1305,16240237,4,-125,-63510816
21:20:08.761,0,0.0,0,0,0,0,0,3,-458,16240226,-24,529,-63510804
21:20:08.766,0,0.0,0,0,0,0,0,-25,741,16240233,3,-62,-63510816
21:20:08.771,0,0.0,0,0,0,0,0,-2,1240,16240236,-8,411,-63510812
21:20:08.776,0,0.0,0,0,0,0,0,10,533,16240232,2,-180,-63510816
21:20:08.781,0,0.0,0,0,0,0,0,5,-380,16240226,-91,345,-63510812
21:20:08.786,0,0.0,0,0,0,0,0,-10,-1478,16240217,0,-754,-63510816
21:20:08.791,0,0.0,0,0,0,0,0,-4,630,16240232,-45,390,-63510812
21:20:08.796,0,0.0,0,0,0,0,0,2,558,16240232,63,-141,-63510816
21:20:08.801,0,0.0,0,0,0,0,0,-12,95,16240230,15,280,-63510812
21:20:08.806,0,0.0,0,0,0,0,0,50,739,16240233,-71,-277,-63510816
21:20:08.811,0,0.0,0,0,0,0,0,-30,853,16240233,47,-736,-63510816
21:20:08.816,0,0.0,0,0,0,0,0,-1,-444,16240224,-53,-206,-63510816
21:20:08.822,0,0.0,0,0,0,0,0,-6,400,16240230,33,1222,-63510804
21:20:08.827,0,0.0,0,0,0,0,0,32,315,16240230,9,-838,-63510816
21:20:08.832,0,0.0,0,0,0,0,0,-17,121,16240230,2,-109,-63510816
21:20:08.837,0,0.0,0,0,0,0,0,5,140,16240230,13,-13,-63510816
21:20:08.842,0,0.0,0,0,0,0,0,-24,-461,16240226,-59,610,-63510804
21:20:08.847,0,0.0,0,0,0,0,0,-7,137,16240230,64,-177,-63510816
21:20:08.852,0,0.0,0,0,0,0,0,-27,132,16240228,23,422,-63510812
21:20:08.857,0,0.0,0,0,0,0,0,6,-1085,16240222,18,-2037,-63510824
21:20:08.862,0,0.0,0,0,0,0,0,3,168,16240230,-27,-1953,-63510824
21:20:08.867,0,0.0,0,0,0,0,0,10,68,16240230,-12,688,-63510804
21:20:08.872,0,0.0,0,0,0,0,0,-9,-1147,16240226,-8,1180,-63510804
21:20:08.877,0,0.0,0,0,0,0,0,2,-995,16240222,38,659,-63510812
21:20:08.882,0,0.0,0,0,0,0,0,1,878,16240233,11,-99,-63510816
21:20:08.887,0,0.0,0,0,0,0,0,-5,-532,16240224,-33,605,-63510804
21:20:08.892,0,0.0,0,0,0,0,0,24,1532,16240236,-9,-1933,-63510824
21:20:08.898,0,0.0,0,0,0,0,0,-2,739,16240232,-13,691,-63510812
21:20:08.903,0,0.0,0,0,0,0,0,1,919,16240233,36,634,-63510812
21:20:08.908,0,0.0,0,0,0,0,0,2,-1096,16240221,43,105,-63510816
21:20:08.913,0,0.0,0,0,0,0,0,0,125,16240228,42,-464,-63510816
21:20:08.918,0,0.0,0,0,0,0,0,-5,-2219,16240213,-23,727,-63510812
21:20:08.923,0,0.0,0,0,0,0,0,1,899,16240233,-8,-1728,-63510824
21:20:08.928,0,0.0,0,0,0,0,0,9,322,16240230,4,182,-63510816
21:20:08.933,0,0.0,0,0,0,0,0,4,1158,16240232,-50,835,-63510812
21:20:08.938,0,0.0,0,0,0,0,0,-16,1105,16240232,3,-976,-63510820
21:20:08.943,0,0.0,0,0,0,0,0,-5,663,16240230,20,183,-63510816
21:20:08.948,0,0.0,0,0,0,0,0,-25,-1526,16240217,20,-1126,-63510820
21:20:08.953,0,0.0,0,0,0,0,0,9,771,16240232,-68,-399,-63510816
21:20:08.958,0,0.0,0,0,0,0,0,9,-460,16240226,-16,149,-63510816
21:20:08.963,0,0.0,0,0,0,0,0,6,628,16240232,21,721,-63510812
21:20:08.968,0,0.0,0,0,0,0,0,-8,-540,16240226,-14,380,-63510816
21:20:08.973,0,0.0,0,0,0,0,0,-27,-1839,16240217,13,210,-63510816
21:20:08.978,0,0.0,0,0,0,0,0,0,843,16240233,-19,183,-63510816
21:20:08.984,0,0.0,0,0,0,0,0,-8,-507,16240224,-24,983,-63510804
21:20:08.989,0,0.0,0,0,0,0,0,6,876,16240232,17,342,-63510816
21:20:08.994,0,0.0,0,0,0,0,0,8,-854,16240222,34,-238,-63510816
21:20:08.999,0,0.0,0,0,0,0,0,5,881,16240233,19,-375,-63510816
21:20:09.004,0,0.0,0,0,0,0,0,-15,892,16240233,6,2100,-63510800
21:20:09.009,0,0.0,0,0,0,0,0,-12,-1791,16240217,-33,372,-63510816
21:20:09.014,0,0.0,0,0,0,0,0,8,-1135,16240221,-51,405,-63510816
21:20:09.019,0,0.0,0,0,0,0,0,-13,117,16240230,-5,-292,-63510816
21:20:09.024,0,0.0,0,0,0,0,0,12,-1609,16240217,36,-805,-63510820
21:20:09.029,0,0.0,0,0,0,0,0,-4,-344,16240226,-10,-181,-63510816
21:20:09.034,0,0.0,0,0,0,0,0,-14,-1599,16240217,4,-441,-63510816
21:20:09.039,0,0.0,0,0,0,0,0,6,877,16240232,-2,802,-63510812
21:20:09.044,0,0.0,0,0,0,0,0,-2,132,16240228,37,974,-63510804
21:20:09.049,0,0.0,0,0,0,0,0,-10,-1046,16240221,7,-237,-63510816
21:20:09.054,0,0.0,0,0,0,0,0,9,961,16240232,41,862,-63510812
21:20:09.059,0,0.0,0,0,0,0,0,-2,277,16240228,-68,325,-63510816
21:20:09.064,0,0.0,0,0,0,0,0,-7,938,16240232,-14,169,-63510816
21:20:09.069,0,0.0,0,0,0,0,0,-21,-344,16240224,45,826,-63510812
21:20:09.075,0,0.0,0,0,0,0,0,-31,-894,16240222,-7,258,-63510816
21:20:09.080,0,0.0,0,0,0,0,0,14,-1115,16240221,2,261,-63510816
21:20:09.085,0,0.0,0,0,0,0,0,-9,-481,16240224,31,-830,-63510820
21:20:09.090,0,0.0,0,0,0,0,0,5,433,16240230,8,-866,-63510820
21:20:09.095,0,0.0,0,0,0,0,0,1,978,16240233,19,-181,-63510816
21:20:09.100,0,0.0,0,0,0,0,0,-17,-941,16240221,-45,-1468,-63510824
21:20:09.105,0,0.0,0,0,0,0,0,-7,616,16240232,9,-144,-63510816
21:20:09.110,0,0.0,0,0,0,0,0,2,-907,16240222,-158,-1476,-63510824
21:20:09.115,0,0.0,0,0,0,0,0,-47,1118,16240233,-62,-83,-63510816
21:20:09.120,0,0.0,0,0,0,0,0,-6,923,16240233,-56,1030,-63510812
21:20:09.125,0,0.0,0,0,0,0,0,-23,-1031,16240221,-23,513,-63510816
21:20:09.130,0,0.0,0,0,0,0,0,15,158,16240228,-8,1088,-63510804
21:20:09.135,0,0.0,0,0,0,0,0,19,-475,16240224,-3,-264,-63510816
21:20:09.140,0,0.0,0,0,0,0,0,9,148,16240228,17,349,-63510816
21:20:09.145,0,0.0,0,0,0,0,0,12,782,16240232,-28,300,-63510816
21:20:09.150,0,0.0,0,0,0,0,0,-2,1993,16240240,13,344,-63510816
21:20:09.155,0,0.0,0,0,0,0,0,-9,727,16240232,5,916,-63510812
21:20:09.160,0,0.0,0,0,0,0,0,8,14,16240228,-55,-754,-63510820
21:20:09.166,0,0.0,0,0,0,0,0,-15,-1595,16240217,4,-1455,-63510820
21:20:09.171,0,0.0,0,0,0,0,0,9,-486,16240224,-63,923,-63510812
21:20:09.176,0,0.0,0,0,0,0,0,-5,771,16240232,7,960,-63510812
21:20:09.181,0,0.0,0,0,0,0,0,6,-400,16240226,14,519,-63510816
21:20:09.186,0,0.0,0,0,0,0,0,5,280,16240230,5,522,-63510816
21:20:09.191,0,0.0,0,0,0,0,0,13,-1570,16240217,-10,1788,-63510804
21:20:09.196,0,0.0,0,0,0,0,0,2,706,16240232,3,-152,-63510816
21:20:09.201,0,0.0,0,0,0,0,0,4,-455,16240226,27,585,-63510816
21:20:09.206,0,0.0,0,0,0,0,0,12,482,16240230,-39,-100,-63510816
21:20:09.211,0,0.0,0,0,0,0,0,3,-740,16240222,32,-742,-63510820
21:20:09.216,0,0.0,0,0,0,0,0,7,-158,16240226,7,-119,-63510816
21:20:09.221,0,0.0,0,0,0,0,0,-6,-1518,16240217,-38,433,-63510816
21:20:09.226,0,0.0,0,0,0,0,0,-30,936,16240233,52,425,-63510816
21:20:09.231,0,0.0,0,0,0,0,0,5,1357,16240236,-38,-644,-63510820
21:20:09.236,0,0.0,0,0,0,0,0,-10,26,16240228,-35,-720,-63510820
21:20:09.241,0,0.0,0,0,0,0,0,-9,866,16240233,23,398,-63510816
21:20:09.246,0,0.0,0,0,0,0,0,-3,-1664,16240217,-12,-1158,-63510820
21:20:09.251,0,0.0,0,0,0,0,0,-4,349,16240230,8,566,-63510816
21:20:09.257,0,0.0,0,0,0,0,0,-5,701,16240232,38,483,-63510816
21:20:09.262,0,0.0,0,0,0,0,0,-26,-1595,16240217,30,-79,-63510816
21:20:09.267,0,0.0,0,0,0,0,0,2,-1573,16240217,-19,495,-63510816
21:20:09.272,0,0.0,0,0,0,0,0,-11,231,16240228,-6,535,-63510816
21:20:09.277,0,0.0,0,0,0,0,0,-6,828,16240233,31,1006,-63510812
21:20:09.282,0,0.0,0,0,0,0,0,-13,-1647,16240217,40,-796,-63510820
21:20:09.287,0,0.0,0,0,0,0,0,0,102,16240228,0,601,-63510816
21:20:09.292,0,0.0,0,0,0,0,0,-2,-867,16240222,18,164,-63510816
21:20:09.297,0,0.0,0,0,0,0,0,-35,-858,16240221,-21,-1107,-63510820
21:20:09.302,0,0.0,0,0,0,0,0,8,-179,16240226,3,-1746,-63510832
21:20:09.307,0,0.0,0,0,0,0,0,15,206,16240230,1,-29,-63510816
21:20:09.312,0,0.0,0,0,0,0,0,11,176,16240230,-14,646,-63510816
21:20:09.317,0,0.0,0,0,0,0,0,16,872,16240233,41,-738,-63510820
21:20:09.322,0,0.0,0,0,0,0,0,17,844,16240232,3,-1144,-63510820
21:20:09.327,0,0.0,0,0,0,0,0,0,-431,16240224,-29,-1212,-63510820
21:20:09.332,0,0.0,0,0,0,0,0,5,763,16240232,2,-654,-63510820
21:20:09.337,0,0.0,0,0,0,0,0,7,-300,16240226,38,578,-63510816
21:20:09.342,0,0.0,0,0,0,0,0,4,952,16240233,0,533,-63510816
21:20:09.347,0,0.0,0,0,0,0,0,-8,1060,16240233,-1,1354,-63510804
21:20:09.353,0,0.0,0,0,0,0,0,5,868,16240232,-52,-69,-63510816
21:20:09.358,0,0.0,0,0,0,0,0,2,813,16240232,27,-701,-63510820
21:20:09.363,0,0.0,0,0,0,0,0,-66,908,16240233,-56,-29,-63510816
21:20:09.368,0,0.0,0,0,0,0,0,0,1024,16240233,8,-983,-63510820
21:20:09.373,0,0.0,0,0,0,0,0,13,877,16240232,13,1268,-63510812
21:20:09.378,0,0.0,0,0,0,0,0,8,-620,16240224,3,-1791,-63510832
21:20:09.383,0,0.0,0,0,0,0,0,-3,-348,16240224,3,-1047,-63510820
21:20:09.388,0,0.0,0,0,0,0,0,16,872,16240233,37,1373,-63510812
21:20:09.393,0,0.0,0,0,0,0,0,53,1149,16240233,-3,1317,-63510812
21:20:09.398,0,0.0,0,0,0,0,0,0,-915,16240221,-49,1302,-63510812
21:20:09.403,0,0.0,0,0,0,0,0,2,1439,16240236,8,-576,-63510820
21:20:09.408,0,0.0,0,0,0,0,0,5,116,16240228,-39,-1026,-63510820
21:20:09.413,0,0.0,0,0,0,0,0,19,108,16240228,23,232,-63510816
21:20:09.418,0,0.0,0,0,0,0,0,10,-1026,16240222,-29,-1663,-63510832
21:20:09.423,0,0.0,0,0,0,0,0,48,844,16240233,-9,955,-63510816
21:20:09.428,0,0.0,0,0,0,0,0,20,-417,16240226,60,182,-63510816
21:20:09.433,0,0.0,0,0,0,0,0,-4,-300,16240226,-27,243,-63510816
21:20:09.438,0,0.0,0,0,0,0,0,4,1634,16240237,3,-984,-63510820
21:20:09.444,0,0.0,0,0,0,0,0,0,809,16240232,14,-348,-63510820
21:20:09.449,0,0.0,0,0,0,0,0,3,841,16240233,-63,-493,-63510820
21:20:09.454,0,0.0,0,0,0,0,0,5,628,16240233,31,796,-63510816
21:20:09.459,0,0.0,0,0,0,0,0,-2,-1745,16240217,15,1362,-63510804
21:20:09.464,0,0.0,0,0,0,0,0,7,1075,16240233,2,709,-63510816
21:20:09.469,0,0.0,0,0,0,0,0,16,1429,16240236,20,1314,-63510812
21:20:09.474,0,0.0,0,0,0,0,0,-28,96,16240228,2,-557,-63510820
21:20:09.479,0,0.0,0,0,0,0,0,-3,252,16240230,3,-506,-63510820
21:20:09.484,0,0.0,0,0,0,0,0,-7,699,16240232,33,932,-63510816
21:20:09.489,0,0.0,0,0,0,0,0,5,-1544,16240217,14,774,-63510816
21:20:09.494,0,0.0,0,0,0,0,0,-15,-2217,16240213,-61,126,-63510816
21:20:09.499,0,0.0,0,0,0,0,0,3,55,16240228,2,-505,-63510820
21:20:09.504,0,0.0,0,0,0,0,0,13,-514,16240224,17,-1210,-63510824
21:20:09.509,0,0.0,0,0,0,0,0,19,261,16240233,-35,532,-63510816
21:20:09.514,0,0.0,0,0,0,0,0,9,-43,16240228,-4,-1135,-63510820
21:20:09.519,0,0.0,0,0,0,0,0,2,692,16240232,35,-1124,-63510820
21:20:09.524,0,0.0,0,0,0,0,0,-13,152,16240228,-69,-988,-63510820
21:20:09.529,0,0.0,0,0,0,0,0,8,-1486,16240217,-1,812,-63510816
21:20:09.534,0,0.0,0,0,0,0,0,-7,-222,16240226,-17,1283,-63510812
21:20:09.539,0,0.0,0,0,0,0,0,-7,-902,16240221,-3,105,-63510816
21:20:09.545,0,0.0,0,0,0,0,0,-18,-94,16240226,16,-607,-63510820
21:20:09.550,0,0.0,0,0,0,0,0,-14,-1395,16240217,37,268,-63510816
21:20:09.560,0,0.0,0,0,0,0,0,-2,1478,16240236,4,-953,-63510820
21:20:09.560,0,0.0,0,0,0,0,0,3,1384,16240236,17,-415,-63510820
21:20:09.565,0,0.0,0,0,0,0,0,16,-1494,16240217,-33,908,-63510816
21:20:09.570,0,0.0,0,0,0,0,0,5,944,16240232,46,-947,-63510820
21:20:09.575,0,0.0,0,0,0,0,0,1,-1572,16240217,2,-1595,-63510832
21:20:09.580,0,0.0,0,0,0,0,0,-2,-1483,16240217,12,-572,-63510820
21:20:09.585,0,0.0,0,0,0,0,0,-15,-2070,16240213,32,188,-63510816
21:20:09.590,0,0.0,0,0,0,0,0,3,-386,16240224,25,825,-63510816
21:20:09.595,0,0.0,0,0,0,0,0,-10,1002,16240233,-19,668,-63510816
21:20:09.600,0,0.0,0,0,0,0,0,5,765,16240232,46,805,-63510816
21:20:09.605,0,0.0,0,0,0,0,0,0,1474,16240236,37,1283,-63510812
21:20:09.610,0,0.0,0,0,0,0,0,6,376,16240230,30,-1268,-63510824
21:20:09.615,0,0.0,0,0,0,0,0,-32,-1003,16240221,-59,-1022,-63510820
21:20:09.620,0,0.0,0,0,0,0,0,12,-720,16240222,11,-1515,-63510816
21:20:09.625,0,0.0,0,0,0,0,0,16,-546,16240224,-32,908,-63510816
21:20:09.630,0,0.0,0,0,0,0,0,-25,-20,16240228,15,913,-63510816
21:20:09.636,0,0.0,0,0,0,0,0,11,696,16240233,20,94,-63510816
21:20:09.641,0,0.0,0,0,0,0,0,-58,-1189,16240221,57,-1014,-63510820
21:20:09.646,0,0.0,0,0,0,0,0,4,519,16240232,11,78,-63510816
21:20:09.651,0,0.0,0,0,0,0,0,-4,-465,16240226,6,-1123,-63510824
21:20:09.656,0,0.0,0,0,0,0,0,0,735,16240232,-7,1362,-63510812
21:20:09.661,0,0.0,0,0,0,0,0,11,-1083,16240221,19,62,-63510816
21:20:09.666,0,0.0,0,0,0,0,0,-20,1945,16240240,21,-608,-63510820
21:20:09.671,0,0.0,0,0,0,0,0,-6,-248,16240226,12,1286,-63510812
21:20:09.676,0,0.0,0,0,0,0,0,1,807,16240232,-38,108,-63510816
21:20:09.681,0,0.0,0,0,0,0,0,-30,284,16240230,-1,638,-63510816
21:20:09.686,0,0.0,0,0,0,0,0,-43,785,16240232,-2,-1080,-63510824
21:20:09.696,0,0.0,0,0,0,0,0,-30,125,16240230,-33,-1080,-63510824
21:20:09.696,0,0.0,0,0,0,0,0,-20,618,16240232,43,-966,-63510820
21:20:09.701,0,0.0,0,0,0,0,0,5,-1169,16240222,-47,-321,-63510820
21:20:09.706,0,0.0,0,0,0,0,0,24,-1607,16240217,16,915,-63510816
21:20:09.711,0,0.0,0,0,0,0,0,-18,-390,16240224,-53,-1207,-63510824
21:20:09.716,0,0.0,0,0,0,0,0,0,-943,16240222,42,-1140,-63510824
21:20:09.722,0,0.0,0,0,0,0,0,1,1369,16240236,37,-355,-63510820
21:20:09.727,0,0.0,0,0,0,0,0,-10,-1465,16240217,-1,949,-63510816
21:20:09.732,0,0.0,0,0,0,0,0,-6,-1779,16240217,25,111,-63510816
21:20:09.737,0,0.0,0,0,0,0,0,-10,894,16240233,31,122,-63510816
21:20:09.742,0,0.0,0,0,0,0,0,30,354,16240230,-63,-1207,-63510824
21:20:09.747,0,0.0,0,0,0,0,0,0,-1076,16240221,-64,-531,-63510820
21:20:09.752,0,0.0,0,0,0,0,0,1,144,16240230,7,558,-63510816
21:20:09.757,0,0.0,0,0,0,0,0,-1,674,16240232,-1,-1035,-63510820
21:20:09.762,0,0.0,0,0,0,0,0,14,114,16240228,-46,-474,-63510820
21:20:09.767,0,0.0,0,0,0,0,0,9,1047,16240233,-52,-899,-63510820
21:20:09.772,0,0.0,0,0,0,0,0,-19,-385,16240224,15,1382,-63510812
21:20:09.777,0,0.0,0,0,0,0,0,-18,1568,16240237,25,-386,-63510820
21:20:09.782,0,0.0,0,0,0,0,0,-9,-865,16240222,-39,-27,-63510816
21:20:09.787,0,0.0,0,0,0,0,0,9,1234,16240228,-73,14,-63510816
21:20:09.793,0,0.0,0,0,0,0,0,3,414,16240228,23,-592,-63510820
21:20:09.798,0,0.0,0,0,0,0,0,9,537,16240230,2,247,-63510816
21:20:09.803,0,0.0,0,0,0,0,0,-8,307,16240230,80,1365,-63510812
21:20:09.808,0,0.0,0,0,0,0,0,23,-314,16240226,-80,-298,-63510820
21:20:09.813,0,0.0,0,0,0,0,0,37,-1030,16240222,-34,632,-63510816
21:20:09.818,0,0.0,0,0,0,0,0,9,-405,16240226,-7,719,-63510816
21:20:09.823,0,0.0,0,0,0,0,0,40,1720,16240237,6,90,-63510816
21:20:09.828,0,0.0,0,0,0,0,0,-35,423,16240228,0,1278,-63510812
21:20:09.833,0,0.0,0,0,0,0,0,-10,-311,16240224,-59,1210,-63510812
21:20:09.838,0,0.0,0,0,0,0,0,-23,-957,16240221,-68,1327,-63510812
21:20:09.843,0,0.0,0,0,0,0,0,5,-1546,16240217,-2,-1010,-63510820
21:20:09.848,0,0.0,0,0,0,0,0,29,-438,16240224,54,-574,-63510820
21:20:09.854,0,0.0,0,0,0,0,0,-11,-1111,16240221,14,652,-63510816
21:20:09.859,0,0.0,0,0,0,0,0,-27,364,16240230,36,632,-63510816
21:20:09.864,0,0.0,0,0,0,0,0,3,-887,16240221,-22,-327,-63510820
21:20:09.869,0,0.0,0,0,0,0,0,-4,-78,16240226,-16,711,-63510816
21:20:09.874,0,0.0,0,0,0,0,0,20,-196,16240221,-28,-1575,-63510832
21:20:09.879,0,0.0,0,0,0,0,0,3,-493,16240224,11,177,-63510816
21:20:09.884,0,0.0,0,0,0,0,0,11,-1541,16240217,13,893,-63510816
21:20:09.889,0,0.0,0,0,0,0,0,-6,306,16240230,54,1263,-63510812
21:20:09.894,0,0.0,0,0,0,0,0,-7,1423,16240236,-2,-991,-63510820
21:20:09.899,0,0.0,0,0,0,0,0,-2,-1564,16240217,37,-425,-63510820
21:20:09.904,0,0.0,0,0,0,0,0,15,38,16240228,-40,234,-63510816
21:20:09.909,0,0.0,0,0,0,0,0,16,-900,16240222,-2,-923,-63510820
21:20:09.915,0,0.0,0,0,0,0,0,2,876,16240233,1,149,-63510816
21:20:09.920,0,0.0,0,0,0,0,0,-20,-1532,16240217,-4,-243,-63510820
21:20:09.925,0,0.0,0,0,0,0,0,-8,231,16240228,2,808,-63510816
21:20:09.930,0,0.0,0,0,0,0,0,-10,-1710,16240217,-36,624,-63510816
21:20:09.935,0,0.0,0,0,0,0,0,9,211,16240228,-57,160,-63510816
21:20:09.940,0,0.0,0,0,0,0,0,-17,-386,16240221,-4,115,-63510816
21:20:09.945,0,0.0,0,0,0,0,0,7,-1409,16240217,-23,1393,-63510812
21:20:09.950,0,0.0,0,0,0,0,0,-7,376,16240230,-14,930,-63510816
21:20:09.955,0,0.0,0,0,0,0,0,-10,-327,16240224,-1,-1144,-63510824
21:20:09.960,0,0.0,0,0,0,0,0,-11,-1262,16240217,60,960,-63510816
21:20:09.965,0,0.0,0,0,0,0,0,-1,1184,16240233,12,-1143,-63510824
21:20:09.970,0,0.0,0,0,0,0,0,7,951,16240232,-26,331,-63510816
21:20:09.975,0,0.0,0,0,0,0,0,-37,129,16240228,35,64,-63510816
21:20:09.980,0,0.0,0,0,0,0,0,6,-364,16240226,-23,923,-63510816
21:20:09.986,0,0.0,0,0,0,0,0,16,1523,16240237,-28,800,-63510816
21:20:09.991,0,0.0,0,0,0,0,0,29,1990,16240241,25,199,-63510816
21:20:09.996,0,0.0,0,0,0,0,0,13,555,16240232,31,-1568,-63510832
21:20:10.001,0,0.0,0,0,0,0,0,-53,1271,16240236,-133,-1038,-63510820
21:20:10.006,0,0.0,0,0,0,0,0,-23,1514,16240237,28,-417,-63510820
21:20:10.011,0,0.0,0,0,0,0,0,2,-1743,16240217,-26,-886,-63510820
21:20:10.016,0,0.0,0,0,0,0,0,-12,-1192,16240221,25,1030,-63510816
21:20:10.021,0,0.0,0,0,0,0,0,8,-339,16240226,3,936,-63510812
21:20:10.026,0,0.0,0,0,0,0,0,0,-394,16240224,45,-864,-63510820
21:20:10.031,0,0.0,0,0,0,0,0,1,1569,16240236,-40,382,-63510816
21:20:10.036,0,0.0,0,0,0,0,0,-4,338,16240228,-25,1023,-63510816
21:20:10.041,0,0.0,0,0,0,0,0,10,769,16240232,45,-969,-63510820
21:20:10.046,0,0.0,0,0,0,0,0,7,-1015,16240222,-97,-293,-63510820
21:20:10.051,0,0.0,0,0,0,0,0,-2,802,16240232,3,360,-63510816
21:20:10.056,0,0.0,0,0,0,0,0,22,-1542,16240217,24,270,-63510816
21:20:10.061,0,0.0,0,0,0,0,0,-2,-1878,16240213,24,1449,-63510812
21:20:10.066,0,0.0,0,0,0,0,0,-30,916,16240230,55,-453,-63510820
21:20:10.071,0,0.0,0,0,0,0,0,-7,-393,16240222,12,-873,-63510820
21:20:10.077,0,0.0,0,0,0,0,0,32,641,16240230,19,906,-63510816
21:20:10.082,0,0.0,0,0,0,0,0,-7,1118,16240233,-5,1456,-63510812
21:20:10.087,0,0.0,0,0,0,0,0,-9,-979,16240221,42,-461,-63510820
21:20:10.092,0,0.0,0,0,0,0,0,-8,396,16240230,12,-1120,-63510824
21:20:10.097,0,0.0,0,0,0,0,0,53,-850,16240222,7,787,-63510816
21:20:10.102,0,0.0,0,0,0,0,0,-17,1121,16240233,-14,-540,-63510820
21:20:10.107,0,0.0,0,0,0,0,0,-15,1168,16240233,11,-1199,-63510824
21:20:10.112,0,0.0,0,0,0,0,0,-17,480,16240230,-33,-1510,-63510832
21:20:10.117,0,0.0,0,0,0,0,0,-10,-560,16240222,-80,-1071,-63510824
21:20:10.122,0,0.0,0,0,0,0,0,-7,-1276,16240217,-28,204,-63510816
21:20:10.127,0,0.0,0,0,0,0,0,-36,573,16240230,-19,363,-63510816
21:20:10.132,0,0.0,0,0,0,0,0,16,363,16240230,-25,202,-63510816
21:20:10.137,0,0.0,0,0,0,0,0,-7,895,16240232,59,-338,-63510820
21:20:10.142,0,0.0,0,0,0,0,0,35,223,16240228,42,1626,-63510804
21:20:10.147,0,0.0,0,0,0,0,0,10,785,16240232,-7,-996,-63510824
21:20:10.152,0,0.0,0,0,0,0,0,-3,768,16240233,-25,1380,-63510812
21:20:10.157,0,0.0,0,0,0,0,0,6,-1337,16240221,-69,-910,-63510820
21:20:10.162,0,0.0,0,0,0,0,0,-11,-552,16240224,8,-1083,-63510824
21:20:10.167,0,0.0,0,0,0,0,0,10,-369,16240226,-14,-967,-63510820
21:20:10.173,0,0.0,0,0,0,0,0,4,-437,16240224,-54,268,-63510816
21:20:10.178,0,0.0,0,0,0,0,0,9,696,16240232,14,909,-63510816
21:20:10.183,0,0.0,0,0,0,0,0,-60,767,16240232,30,843,-63510816
21:20:10.188,0,0.0,0,0,0,0,0,-48,1041,16240233,-29,637,-63510816
21:20:10.193,0,0.0,0,0,0,0,0,-6,331,16240230,43,-498,-63510820
21:20:10.198,0,0.0,0,0,0,0,0,-4,443,16240230,14,-1105,-63510824
21:20:10.203,0,0.0,0,0,0,0,0,28,1077,16240233,-23,-1119,-63510824
21:20:10.208,0,0.0,0,0,0,0,0,0,1045,16240233,15,-1639,-63510832
21:20:10.213,0,0.0,0,0,0,0,0,-26,657,16240232,42,-887,-63510820
21:20:10.218,0,0.0,0,0,0,0,0,-40,-1859,16240217,-78,1325,-63510812
21:20:10.223,0,0.0,0,0,0,0,0,12,-1789,16240217,53,901,-63510816
21:20:10.228,0,0.0,0,0,0,0,0,-2,140,16240230,-2,843,-63510816
21:20:10.233,0,0.0,0,0,0,0,0,-37,-1565,16240217,-35,-366,-63510820
21:20:10.238,0,0.0,0,0,0,0,0,-38,-118,16240228,-15,924,-63510816
21:20:10.243,0,0.0,0,0,0,0,0,-4,179,16240230,14,-940,-63510820
21:20:10.248,0,0.0,0,0,0,0,0,-27,-102,16240228,-61,-1099,-63510824
21:20:10.253,0,0.0,0,0,0,0,0,0,-473,16240226,47,671,-63510820
21:20:10.258,0,0.0,0,0,0,0,0,35,647,16240232,3,-1026,-63510820
21:20:10.264,0,0.0,0,0,0,0,0,5,-1669,16240217,18,334,-63510816
21:20:10.269,0,0.0,0,0,0,0,0,-41,-409,16240224,-24,66,-63510816
21:20:10.274,0,0.0,0,0,0,0,0,-20,941,16240232,12,771,-63510816
21:20:10.279,0,0.0,0,0,0,0,0,-1,336,16240228,-29,203,-63510816
21:20:10.284,0,0.0,0,0,0,0,0,14,457,16240230,21,730,-63510816
21:20:10.289,0,0.0,0,0,0,0,0,-32,832,16240232,-41,795,-63510816
21:20:10.294,0,0.0,0,0,0,0,0,-3,958,16240233,-19,284,-63510816
21:20:10.299,0,0.0,0,0,0,0,0,13,799,16240232,13,300,-63510816
21:20:10.304,0,0.0,0,0,0,0,0,-6,249,16240228,59,1376,-63510812
21:20:10.309,0,0.0,0,0,0,0,0,-32,733,16240232,71,165,-63510816
21:20:10.314,0,0.0,0,0,0,0,0,26,-1194,16240222,-47,-590,-63510820
21:20:10.319,0,0.0,0,0,0,0,0,-21,214,16240228,15,635,-63510816
21:20:10.324,0,0.0,0,0,0,0,0,9,355,16240228,2,-1257,-63510824
21:20:10.329,0,0.0,0,0,0,0,0,-38,-152,16240226,26,847,-63510816
21:20:10.334,0,0.0,0,0,0,0,0,-32,296,16240228,-14,60,-63510816
21:20:10.339,0,0.0,0,0,0,0,0,-2,364,16240230,-41,263,-63510816
21:20:10.344,0,0.0,0,0,0,0,0,-6,268,16240230,-57,-996,-63510820
21:20:10.349,0,0.0,0,0,0,0,0,13,976,16240233,36,294,-63510816
21:20:10.355,0,0.0,0,0,0,0,0,-3,371,16240230,9,278,-63510816
21:20:10.360,0,0.0,0,0,0,0,0,-4,-1043,16240221,-23,175,-63510816
21:20:10.365,0,0.0,0,0,0,0,0,30,1669,16240237,19,597,-63510816
21:20:10.370,0,0.0,0,0,0,0,0,11,-321,16240224,19,-429,-63510820
21:20:10.375,0,0.0,0,0,0,0,0,-5,446,16240230,24,-586,-63510820
21:20:10.380,0,0.0,0,0,0,0,0,0,973,16240233,16,1422,-63510812
21:20:10.385,0,0.0,0,0,0,0,0,8,-480,16240224,3,299,-63510816
21:20:10.390,0,0.0,0,0,0,0,0,22,1467,16240236,26,-541,-63510820
21:20:10.395,0,0.0,0,0,0,0,0,8,-1167,16240221,-91,-1077,-63510824
21:20:10.400,0,0.0,0,0,0,0,0,5,898,16240232,-92,-1044,-63510824
21:20:10.405,0,0.0,0,0,0,0,0,-18,-408,16240224,-33,-934,-63510820
21:20:10.410,0,0.0,0,0,0,0,0,-12,789,16240232,7,-979,-63510820
21:20:10.415,0,0.0,0,0,0,0,0,7,-438,16240224,18,231,-63510816
21:20:10.420,0,0.0,0,0,0,0,0,-5,300,16240230,6,-1102,-63510824
21:20:10.425,0,0.0,0,0,0,0,0,-13,600,16240232,-7,-996,-63510820
21:20:10.430,0,0.0,0,0,0,0,0,9,785,16240233,15,1321,-63510812
21:20:10.435,0,0.0,0,0,0,0,0,1,-1649,16240217,29,538,-63510816
21:20:10.440,0,0.0,0,0,0,0,0,6,741,16240232,19,-660,-63510820
21:20:10.446,0,0.0,0,0,0,0,0,-10,-853,16240222,3,880,-63510816
21:20:10.451,0,0.0,0,0,0,0,0,-1,-980,16240221,-9,268,-63510816
21:20:10.456,0,0.0,0,0,0,0,0,-31,954,16240233,-13,-1128,-63510824
21:20:10.461,0,0.0,0,0,0,0,0,3,949,16240233,19,685,-63510816
21:20:10.466,0,0.0,0,0,0,0,0,11,-399,16240224,2,808,-63510816
21:20:10.471,0,0.0,0,0,0,0,0,0,433,16240230,15,-475,-63510820
21:20:10.476,0,0.0,0,0,0,0,0,5,-1001,16240222,-32,842,-63510816
21:20:10.481,0,0.0,0,0,0,0,0,0,908,16240232,-23,-433,-63510820
21:20:10.486,0,0.0,0,0,0,0,0,2,1030,16240233,-17,711,-63510816
21:20:10.491,0,0.0,0,0,0,0,0,-6,813,16240232,-65,-1036,-63510820
21:20:10.496,0,0.0,0,0,0,0,0,-3,759,16240232,37,-483,-63510820
21:20:10.501,0,0.0,0,0,0,0,0,0,581,16240232,25,791,-63510816
21:20:10.506,0,0.0,0,0,0,0,0,-18,649,16240232,19,745,-63510816
21:20:10.511,0,0.0,0,0,0,0,0,-22,163,16240230,-1,1372,-63510812
21:20:10.516,0,0.0,0,0,0,0,0,-1,-987,16240236,-64,224,-63510816
21:20:10.521,0,0.0,0,0,0,0,0,9,-1081,16240221,37,810,-63510816
21:20:10.526,0,0.0,0,0,0,0,0,-1,1153,16240233,-1,-900,-63510820
21:20:10.531,0,0.0,0,0,0,0,0,-2,383,16240228,35,919,-63510816
21:20:10.537,0,0.0,0,0,0,0,0,7,-1379,16240217,-7,-1062,-63510824
21:20:10.542,0,0.0,0,0,0,0,0,47,995,16240233,-14,-314,-63510820
21:20:10.547,0,0.0,0,0,0,0,0,-1,-1031,16240221,-1,-352,-63510820
21:20:10.552,0,0.0,0,0,0,0,0,2,-52,16240226,-26,-894,-63510820
21:20:10.557,0,0.0,0,0,0,0,0,0,486,16240228,13,1344,-63510812
21:20:10.562,0,0.0,0,0,0,0,0,6,1381,16240236,-35,-1165,-63510824
21:20:10.567,0,0.0,0,0,0,0,0,13,-155,16240226,-10,-355,-63510820
21:20:10.572,0,0.0,0,0,0,0,0,8,1008,16240232,14,1638,-63510804
21:20:10.577,0,0.0,0,0,0,0,0,7,482,16240228,30,314,-63510816
21:20:10.582,0,0.0,0,0,0,0,0,-1,1119,16240232,-15,107,-63510816
21:20:10.587,0,0.0,0,0,0,0,0,11,-248,16240224,-64,185,-63510816
21:20:10.592,0,0.0,0,0,0,0,0,-42,-1336,16240217,36,-1064,-63510824
21:20:10.597,0,0.0,0,0,0,0,0,-7,-911,16240221,-41,304,-63510816
21:20:10.602,0,0.0,0,0,0,0,0,13,390,16240230,29,835,-63510816
21:20:10.612,0,0.0,0,0,0,0,0,11,806,16240232,58,-244,-63510820
21:20:10.617,0,0.0,0,0,0,0,0,-13,-995,16240221,25,1535,-63510804
21:20:10.622,0,0.0,0,0,0,0,0,-7,1587,16240237,-34,-497,-63510820
21:20:10.628,0,0.0,0,0,0,0,0,14,-1077,16240226,9,947,-63510816
21:20:10.633,0,0.0,0,0,0,0,0,22,865,16240232,2,111,-63510816
21:20:10.638,0,0.0,0,0,0,0,0,2,1006,16240233,3,716,-63510816
21:20:10.643,0,0.0,0,0,0,0,0,-6,-1598,16240217,3,1059,-63510816
21:20:10.648,0,0.0,0,0,0,0,0,7,-313,16240224,-1,786,-63510816
21:20:10.653,0,0.0,0,0,0,0,0,6,-327,16240226,15,-985,-63510820
21:20:10.658,0,0.0,0,0,0,0,0,15,297,16240230,-116,910,-63510816
21:20:10.663,0,0.0,0,0,0,0,0,27,901,16240233,35,-1019,-63510820
21:20:10.668,0,0.0,0,0,0,0,0,11,-370,16240224,-2,1594,-63510804
21:20:10.673,0,0.0,0,0,0,0,0,0,230,16240228,-41,-1017,-63510820
21:20:10.678,0,0.0,0,0,0,0,0,22,1311,16240236,53,-538,-63510820
21:20:10.683,0,0.0,0,0,0,0,0,8,-1146,16240221,3,784,-63510816
21:20:10.688,0,0.0,0,0,0,0,0,58,1419,16240236,-19,918,-63510816
21:20:10.693,0,0.0,0,0,0,0,0,22,1076,16240233,23,893,-63510816
21:20:10.698,0,0.0,0,0,0,0,0,-7,-216,16240226,-47,22,-63510816
21:20:10.703,0,0.0,0,0,0,0,0,-7,1485,16240222,-19,-967,-63510820
21:20:10.708,0,0.0,0,0,0,0,0,11,773,16240232,-2,-272,-63510820
21:20:10.714,0,0.0,0,0,0,0,0,17,1092,16240233,25,-1530,-63510832
21:20:10.719,0,0.0,0,0,0,0,0,4,279,16240228,20,757,-63510816
21:20:10.724,0,0.0,0,0,0,0,0,0,852,16240221,15,-1577,-63510832
21:20:10.729,0,0.0,0,0,0,0,0,-7,-1432,16240217,-19,-490,-63510820
21:20:10.734,0,0.0,0,0,0,0,0,-82,700,16240232,24,18,-63510816
21:20:10.739,0,0.0,0,0,0,0,0,-38,19,16240228,-25,-938,-63510820
21:20:10.744,0,0.0,0,0,0,0,0,-7,199,16240230,2,-1028,-63510824
21:20:10.749,0,0.0,0,0,0,0,0,13,797,16240233,-62,174,-63510816
21:20:10.754,0,0.0,0,0,0,0,0,-2,175,16240228,31,1313,-63510812
21:20:10.759,0,0.0,0,0,0,0,0,-2,292,16240230,2,-543,-63510820
21:20:10.764,0,0.0,0,0,0,0,0,-1,-1085,16240221,-16,-594,-63510820
21:20:10.769,0,0.0,0,0,0,0,0,11,185,16240228,8,-1016,-63510820
21:20:10.774,0,0.0,0,0,0,0,0,10,-465,16240224,-8,757,-63510816
21:20:10.779,0,0.0,0,0,0,0,0,2,-2220,16240213,20,231,-63510816
21:20:10.784,0,0.0,0,0,0,0,0,15,832,16240232,3,627,-63510816
21:20:10.790,0,0.0,0,0,0,0,0,22,-1491,16240217,18,-1150,-63510824
21:20:10.795,0,0.0,0,0,0,0,0,5,528,16240230,36,1405,-63510812
21:20:10.800,0,0.0,0,0,0,0,0,11,-768,16240230,41,-1627,-63510832
21:20:10.805,0,0.0,0,0,0,0,0,9,865,16240232,-59,-320,-63510820
21:20:10.810,0,0.0,0,0,0,0,0,12,970,16240233,43,738,-63510816
21:20:10.815,0,0.0,0,0,0,0,0,0,-751,16240222,-6,-1106,-63510824
21:20:10.820,0,0.0,0,0,0,0,0,1,-1530,16240217,-3,295,-63510816
21:20:10.825,0,0.0,0,0,0,0,0,4,-90,16240226,-39,1378,-63510812
21:20:10.830,0,0.0,0,0,0,0,0,5,674,16240230,-10,-974,-63510820
21:20:10.835,0,0.0,0,0,0,0,0,-8,-1571,16240217,-57,189,-63510816
21:20:10.840,0,0.0,0,0,0,0,0,1,272,16240230,-75,800,-63510816
21:20:10.845,0,0.0,0,0,0,0,0,13,3,16240228,16,889,-63510816
21:20:10.850,0,0.0,0,0,0,0,0,4,137,16240230,42,-557,-63510820
21:20:10.855,0,0.0,0,0,0,0,0,-9,-1590,16240217,37,-976,-63510820
21:20:10.860,0,0.0,0,0,0,0,0,3,732,16240232,-36,-1077,-63510824
21:20:10.865,0,0.0,0,0,0,0,0,-9,-1218,16240221,-34,710,-63510816
21:20:10.871,0,0.0,0,0,0,0,0,-17,885,16240233,49,321,-63510816
21:20:10.876,0,0.0,0,0,0,0,0,16,168,16240228,9,-1542,-63510832
21:20:10.881,0,0.0,0,0,0,0,0,-8,896,16240233,70,-1145,-63510824
21:20:10.886,0,0.0,0,0,0,0,0,-6,-1504,16240217,21,895,-63510816
21:20:10.891,0,0.0,0,0,0,0,0,4,1008,16240233,-8,-1139,-63510824
21:20:10.896,0,0.0,0,0,0,0,0,16,-1500,16240217,-53,-1665,-63510832
21:20:10.901,0,0.0,0,0,0,0,0,7,938,16240233,54,-530,-63510820
21:20:10.906,0,0.0,0,0,0,0,0,5,-1009,16240221,0,-543,-63510820
21:20:10.911,0,0.0,0,0,0,0,0,5,-2633,16240209,-55,-1578,-63510832
21:20:10.916,0,0.0,0,0,0,0,0,0,-215,16240224,-14,-512,-63510820
21:20:10.921,0,0.0,0,0,0,0,0,2,613,16240230,-33,707,-63510816
21:20:10.926,0,0.0,0,0,0,0,0,-16,-1594,16240217,35,-909,-63510820
21:20:10.931,0,0.0,0,0,0,0,0,5,-218,16240226,-38,307,-63510832
21:20:10.936,0,0.0,0,0,0,0,0,-1,328,16240230,35,-414,-63510820
21:20:10.941,0,0.0,0,0,0,0,0,0,1456,16240236,5,824,-63510816
21:20:10.947,0,0.0,0,0,0,0,0,2,-226,16240224,13,-861,-63510820
21:20:10.952,0,0.0,0,0,0,0,0,-12,999,16240232,-25,206,-63510816
21:20:10.957,0,0.0,0,0,0,0,0,4,268,16240228,20,-1052,-63510824
21:20:10.962,0,0.0,0,0,0,0,0,15,165,16240228,18,1427,-63510812
21:20:10.967,0,0.0,0,0,0,0,0,10,-1123,16240221,14,-322,-63510820
21:20:10.972,0,0.0,0,0,0,0,0,15,849,16240228,27,-1094,-63510824
21:20:10.977,0,0.0,0,0,0,0,0,-1,-841,16240222,18,241,-63510816
21:20:10.982,0,0.0,0,0,0,0,0,17,-243,16240224,-22,-579,-63510820
21:20:10.987,0,0.0,0,0,0,0,0,-15,481,16240230,-21,-381,-63510820
21:20:10.992,0,0.0,0,0,0,0,0,-31,-826,16240221,-15,926,-63510816
21:20:10.997,0,0.0,0,0,0,0,0,13,340,16240230,0,119,-63510816
21:20:11.002,0,0.0,0,0,0,0,0,-4,-382,16240224,3,-1543,-63510832
21:20:11.007,0,0.0,0,0,0,0,0,2,-75,16240224,29,505,-63510816
21:20:11.012,0,0.0,0,0,0,0,0,-5,1192,16240232,-76,-793,-63510820
21:20:11.017,0,0.0,0,0,0,0,0,0,1215,16240233,2,1469,-63510812
21:20:11.022,0,0.0,0,0,0,0,0,-6,-799,16240222,-20,840,-63510816
21:20:11.028,0,0.0,0,0,0,0,0,4,-834,16240222,35,-930,-63510820
21:20:11.033,0,0.0,0,0,0,0,0,10,-819,16240222,36,-984,-63510820
21:20:11.038,0,0.0,0,0,0,0,0,19,450,16240230,-9,-934,-63510820
21:20:11.043,0,0.0,0,0,0,0,0,-1,-1120,16240221,56,294,-63510816
21:20:11.048,0,0.0,0,0,0,0,0,10,850,16240232,-13,-436,-63510820
21:20:11.053,0,0.0,0,0,0,0,0,22,250,16240228,3,303,-63510816
21:20:11.058,0,0.0,0,0,0,0,0,11,-204,16240224,-14,845,-63510816
21:20:11.063,0,0.0,0,0,0,0,0,45,328,16240228,-103,300,-63510816
21:20:11.068,0,0.0,0,0,0,0,0,20,-1682,16240217,41,-1054,-63510820
21:20:11.073,0,0.0,0,0,0,0,0,1,-273,16240224,2,-307,-63510820
21:20:11.078,0,0.0,0,0,0,0,0,-10,1535,16240236,13,90,-63510816
21:20:11.083,0,0.0,0,0,0,0,0,3,211,16240228,-15,408,-63510816
21:20:11.098,0,0.0,0,0,0,0,0,46,861,16240233,-39,377,-63510816
21:20:11.103,0,0.0,0,0,0,0,0,7,1523,16240237,9,1628,-63510804
21:20:11.109,0,0.0,0,0,0,0,0,-9,999,16240233,14,1105,-63510816
21:20:11.114,0,0.0,0,0,0,0,0,16,807,16240232,-29,1442,-63510812
21:20:11.119,0,0.0,0,0,0,0,0,25,-354,16240224,23,1062,-63510816
21:20:11.124,0,0.0,0,0,0,0,0,-10,914,16240232,7,262,-63510816
21:20:11.129,0,0.0,0,0,0,0,0,0,-970,16240221,8,353,-63510816
21:20:11.134,0,0.0,0,0,0,0,0,26,-181,16240226,-16,-948,-63510820
21:20:11.139,0,0.0,0,0,0,0,0,-14,945,16240232,-12,-1156,-63510824
21:20:11.144,0,0.0,0,0,0,0,0,0,-925,16240221,-20,936,-63510816
21:20:11.149,0,0.0,0,0,0,0,0,-5,-1446,16240217,9,-907,-63510820
21:20:11.154,0,0.0,0,0,0,0,0,31,-364,16240224,-1,-406,-63510820
21:20:11.159,0,0.0,0,0,0,0,0,-17,-1354,16240217,-51,1075,-63510816
21:20:11.164,0,0.0,0,0,0,0,0,-13,163,16240226,19,1000,-63510816
21:20:11.169,0,0.0,0,0,0,0,0,4,-934,16240217,-19,800,-63510816
21:20:11.174,0,0.0,0,0,0,0,0,-3,100,16240224,38,1041,-63510816
21:20:11.179,0,0.0,0,0,0,0,0,-19,1760,16240236,31,233,-63510816
21:20:11.184,0,0.0,0,0,0,0,0,8,232,16240228,-2,852,-63510816
21:20:11.189,0,0.0,0,0,0,0,0,-18,610,16240230,-7,1513,-63510812
21:20:11.195,0,0.0,0,0,0,0,0,17,1197,16240233,25,1474,-63510812
21:20:11.200,0,0.0,0,0,0,0,0,-1,4,16240226,40,-1654,-63510832
21:20:11.205,0,0.0,0,0,0,0,0,0,519,16240230,-2,-244,-63510820
21:20:11.210,0,0.0,0,0,0,0,0,-38,-1300,16240217,39,-1077,-63510824
21:20:11.215,0,0.0,0,0,0,0,0,-4,-599,16240222,-15,-550,-63510820
21:20:11.220,0,0.0,0,0,0,0,0,6,1138,16240232,31,-993,-63510820
21:20:11.225,0,0.0,0,0,0,0,0,3,604,16240230,-16,328,-63510816
21:20:11.230,0,0.0,0,0,0,0,0,5,-246,16240224,7,-1489,-63510832
21:20:11.235,0,0.0,0,0,0,0,0,-9,523,16240230,-52,-168,-63510820
21:20:11.240,0,0.0,0,0,0,0,0,-2,-256,16240224,20,-302,-63510820
21:20:11.245,0,0.0,0,0,0,0,0,0,331,16240228,73,202,-63510816
21:20:11.250,0,0.0,0,0,0,0,0,-16,-530,16240222,-7,-283,-63510820
21:20:11.255,0,0.0,0,0,0,0,0,3,-30,16240224,15,-959,-63510824
21:20:11.260,0,0.0,0,0,0,0,0,-15,1099,16240232,20,-311,-63510820
21:20:11.265,0,0.0,0,0,0,0,0,16,1319,16240232,32,317,-63510816
21:20:11.270,0,0.0,0,0,0,0,0,4,-1186,16240217,-16,-975,-63510824
21:20:11.275,0,0.0,0,0,0,0,0,18,463,16240230,-14,-1428,-63510832
21:20:11.280,0,0.0,0,0,0,0,0,10,-1668,16240217,-63,534,-63510816
21:20:11.286,0,0.0,0,0,0,0,0,-2,-1590,16240217,-15,-309,-63510820
21:20:11.291,0,0.0,0,0,0,0,0,5,-734,16240222,10,-864,-63510820
21:20:11.296,0,0.0,0,0,0,0,0,-19,-1466,16240217,49,371,-63510816
21:20:11.301,0,0.0,0,0,0,0,0,-1,-864,16240222,-32,894,-63510816
21:20:11.306,0,0.0,0,0,0,0,0,1,1506,16240236,33,-1401,-63510832
21:20:11.311,0,0.0,0,0,0,0,0,-3,-199,16240226,20,1505,-63510812
21:20:11.316,0,0.0,0,0,0,0,0,57,1447,16240236,36,1005,-63510816
21:20:11.321,0,0.0,0,0,0,0,0,-3,204,16240228,46,218,-63510816
21:20:11.326,0,0.0,0,0,0,0,0,24,-321,16240224,24,-215,-63510820
21:20:11.331,0,0.0,0,0,0,0,0,1,-199,16240226,31,-285,-63510820
21:20:11.336,0,0.0,0,0,0,0,0,-7,944,16240232,49,802,-63510816
21:20:11.341,0,0.0,0,0,0,0,0,5,-1063,16240221,-25,486,-63510816
21:20:11.346,0,0.0,0,0,0,0,0,-1,920,16240233,6,-15,-63510820
21:20:11.351,0,0.0,0,0,0,0,0,-2,939,16240233,0,1065,-63510816
21:20:11.356,0,0.0,0,0,0,0,0,2,789,16240232,9,960,-63510816
21:20:11.361,0,0.0,0,0,0,0,0,1,-1587,16240217,-45,648,-63510816
21:20:11.366,0,0.0,0,0,0,0,0,-56,906,16240232,-18,553,-63510816
21:20:11.371,0,0.0,0,0,0,0,0,-2,1146,16240233,35,1133,-63510816
21:20:11.376,0,0.0,0,0,0,0,0,-2,-101,16240226,36,-1136,-63510832
21:20:11.382,0,0.0,0,0,0,0,0,5,528,16240230,-1,-489,-63510820
21:20:11.387,0,0.0,0,0,0,0,0,21,-120,16240226,14,-835,-63510824
21:20:11.392,0,0.0,0,0,0,0,0,16,-881,16240221,-40,1159,-63510816
21:20:11.397,0,0.0,0,0,0,0,0,2,-1475,16240217,-91,-764,-63510824
21:20:11.402,0,0.0,0,0,0,0,0,-15,-1466,16240217,-35,1012,-63510816
21:20:11.407,0,0.0,0,0,0,0,0,-6,-252,16240224,3,-616,-63510820
21:20:11.412,0,0.0,0,0,0,0,0,-5,1105,16240233,19,-79,-63510820
21:20:11.417,0,0.0,0,0,0,0,0,26,1126,16240232,2,-70,-63510820
21:20:11.422,0,0.0,0,0,0,0,0,-15,515,16240230,39,-1261,-63510832
21:20:11.427,0,0.0,0,0,0,0,0,-10,-964,16240221,-1,582,-63510816
21:20:11.432,0,0.0,0,0,0,0,0,17,961,16240232,-11,1290,-63510816
21:20:11.437,0,0.0,0,0,0,0,0,1,551,16240228,32,533,-63510816
21:20:11.442,0,0.0,0,0,0,0,0,-9,1704,16240236,69,-636,-63510820
21:20:11.447,0,0.0,0,0,0,0,0,-22,185,16240228,14,-628,-63510820
21:20:11.452,0,0.0,0,0,0,0,0,10,-557,16240224,-50,511,-63510816
21:20:11.457,0,0.0,0,0,0,0,0,8,1142,16240236,14,1284,-63510816
21:20:11.462,0,0.0,0,0,0,0,0,30,124,16240230,36,-118,-63510820
21:20:11.467,0,0.0,0,0,0,0,0,0,841,16240233,33,-614,-63510820
21:20:11.472,0,0.0,0,0,0,0,0,-1,-1675,16240217,44,1362,-63510816
21:20:11.478,0,0.0,0,0,0,0,0,-4,-336,16240226,15,-52,-63510820
21:20:11.483,0,0.0,0,0,0,0,0,-1,-283,16240226,26,604,-63510816
21:20:11.488,0,0.0,0,0,0,0,0,5,-1563,16240217,-31,1302,-63510816
21:20:11.493,0,0.0,0,0,0,0,0,58,1400,16240236,-47,58,-63510820
21:20:11.498,0,0.0,0,0,0,0,0,5,-1022,16240222,-6,-618,-63510820
21:20:11.503,0,0.0,0,0,0,0,0,5,164,16240228,-40,92,-63510820
21:20:11.508,0,0.0,0,0,0,0,0,-5,1034,16240233,58,-726,-63510824
21:20:11.514,0,0.0,0,0,0,0,0,5,-751,16240222,19,-1218,-63510832
21:20:11.519,0,0.0,0,0,0,0,0,13,1497,16240236,-49,-723,-63510824
21:20:11.524,0,0.0,0,0,0,0,0,27,255,16240228,-62,674,-63510816
21:20:11.529,0,0.0,0,0,0,0,0,-19,-927,16240221,-55,-76,-63510820
21:20:11.534,0,0.0,0,0,0,0,0,3,1131,16240233,21,-1097,-63510832
21:20:11.539,0,0.0,0,0,0,0,0,6,864,16240232,-1,667,-63510816
21:20:11.544,0,0.0,0,0,0,0,0,9,-410,16240224,26,1065,-63510816
21:20:11.549,0,0.0,0,0,0,0,0,-6,-990,16240221,-49,-88,-63510820
21:20:11.554,0,0.0,0,0,0,0,0,14,924,16240232,-19,-1099,-63510832
21:20:11.559,0,0.0,0,0,0,0,0,-4,-306,16240224,-8,-573,-63510824
21:20:11.564,0,0.0,0,0,0,0,0,11,995,16240233,14,161,-63510820
21:20:11.569,0,0.0,0,0,0,0,0,3,423,16240230,25,121,-63510820
21:20:11.579,0,0.0,0,0,0,0,0,-7,1074,16240232,26,-487,-63510824
21:20:11.584,0,0.0,0,0,0,0,0,4,-1408,16240217,-28,-369,-63510820
21:20:11.589,0,0.0,0,0,0,0,0,5,-1003,16240222,39,1989,-63510812
21:20:11.594,0,0.0,0,0,0,0,0,15,11,16240228,-13,319,-63510820
21:20:11.599,0,0.0,0,0,0,0,0,-10,-116,16240226,17,-532,-63510824
21:20:11.605,0,0.0,0,0,0,0,0,1,-870,16240221,10,-515,-63510824
21:20:11.610,0,0.0,0,0,0,0,0,15,991,16240232,-19,-325,-63510820
21:20:11.615,0,0.0,0,0,0,0,0,10,-1520,16240217,-58,756,-63510816
21:20:11.620,0,0.0,0,0,0,0,0,10,367,16240230,23,-990,-63510832
21:20:11.625,0,0.0,0,0,0,0,0,-28,1980,16240240,8,685,-63510816
21:20:11.630,0,0.0,0,0,0,0,0,-17,856,16240233,11,-548,-63510824
21:20:11.635,0,0.0,0,0,0,0,0,11,303,16240230,-80,-932,-63510832
21:20:11.640,0,0.0,0,0,0,0,0,-19,-301,16240226,-13,1392,-63510816
21:20:11.645,0,0.0,0,0,0,0,0,16,2757,16240245,13,-1055,-63510832
21:20:11.650,0,0.0,0,0,0,0,0,1,1419,16240236,43,56,-63510820
21:20:11.655,0,0.0,0,0,0,0,0,1,798,16240232,-23,1334,-63510816
21:20:11.660,0,0.0,0,0,0,0,0,-5,1007,16240233,1,-920,-63510832
21:20:11.665,0,0.0,0,0,0,0,0,-13,256,16240228,-2,-436,-63510824
21:20:11.670,0,0.0,0,0,0,0,0,4,-1658,16240217,-12,-451,-63510824
21:20:11.675,0,0.0,0,0,0,0,0,-2,-1416,16240217,0,238,-63510820
21:20:11.680,0,0.0,0,0,0,0,0,-21,1178,16240233,48,-346,-63510820
21:20:11.685,0,0.0,0,0,0,0,0,28,-770,16240222,23,-470,-63510824
21:20:11.690,0,0.0,0,0,0,0,0,-8,-76,16240224,-3,-356,-63510820
21:20:11.696,0,0.0,0,0,0,0,0,0,10,16240226,36,354,-63510820
21:20:11.701,0,0.0,0,0,0,0,0,13,609,16240230,-68,440,-63510820
21:20:11.706,0,0.0,0,0,0,0,0,10,-935,16240221,3,894,-63510816
21:20:11.711,0,0.0,0,0,0,0,0,-17,-380,16240224,-6,1476,-63510816
21:20:11.716,0,0.0,0,0,0,0,0,13,799,16240232,17,-321,-63510824
21:20:11.721,0,0.0,0,0,0,0,0,34,462,16240230,16,1463,-63510816
21:20:11.726,0,0.0,0,0,0,0,0,7,304,16240228,21,-480,-63510824
21:20:11.731,0,0.0,0,0,0,0,0,-5,-1409,16240217,-52,256,-63510816
21:20:11.736,0,0.0,0,0,0,0,0,-5,270,16240228,62,-448,-63510824
21:20:11.741,0,0.0,0,0,0,0,0,-1,1584,16240236,0,370,-63510820
21:20:11.746,0,0.0,0,0,0,0,0,1,2221,16240240,-3,-900,-63510832
21:20:11.751,0,0.0,0,0,0,0,0,-15,1619,16240236,9,-402,-63510824
21:20:11.756,0,0.0,0,0,0,0,0,-1,-90,16240226,23,-259,-63510820
21:20:11.761,0,0.0,0,0,0,0,0,-13,948,16240232,52,2022,-63510812
21:20:11.766,0,0.0,0,0,0,0,0,11,1540,16240236,-18,972,-63510816
21:20:11.771,0,0.0,0,0,0,0,0,28,854,16240232,-14,-430,-63510824
21:20:11.776,0,0.0,0,0,0,0,0,9,1054,16240233,-33,-353,-63510824
21:20:11.782,0,0.0,0,0,0,0,0,7,-677,16240221,-10,1502,-63510816
21:20:11.787,0,0.0,0,0,0,0,0,5,1088,16240226,-67,-312,-63510824
21:20:11.792,0,0.0,0,0,0,0,0,-11,8,16240226,1,268,-63510820
21:20:11.797,0,0.0,0,0,0,0,0,8,-1359,16240217,-19,261,-63510820
21:20:11.802,0,0.0,0,0,0,0,0,-6,568,16240230,8,1705,-63510816
21:20:11.807,0,0.0,0,0,0,0,0,-37,-612,16240222,15,1536,-63510816
21:20:11.812,0,0.0,0,0,0,0,0,-2,619,16240230,25,-209,-63510820
21:20:11.817,0,0.0,0,0,0,0,0,0,-846,16240221,-37,448,-63510820
21:20:11.822,0,0.0,0,0,0,0,0,-18,-755,16240221,-8,1476,-63510816
21:20:11.827,0,0.0,0,0,0,0,0,13,-2128,16240212,26,-830,-63510832
21:20:11.832,0,0.0,0,0,0,0,0,6,-867,16240221,-1,469,-63510820
21:20:11.837,0,0.0,0,0,0,0,0,-9,1065,16240233,4,-1270,-63510832
21:20:11.842,0,0.0,0,0,0,0,0,10,-241,16240224,-9,1212,-63510816
21:20:11.847,0,0.0,0,0,0,0,0,-22,1206,16240233,2,-24,-63510820
21:20:11.852,0,0.0,0,0,0,0,0,13,902,16240232,-21,-48,-63510820
21:20:11.857,0,0.0,0,0,0,0,0,1,-260,16240224,58,-695,-63510832
21:20:11.862,0,0.0,0,0,0,0,0,-23,-56,16240226,75,2268,-63510812
21:20:11.868,0,0.0,0,0,0,0,0,5,1097,16240233,3,1149,-63510816
21:20:11.873,0,0.0,0,0,0,0,0,-11,-3490,16240204,-13,1760,-63510816
21:20:11.878,0,0.0,0,0,0,0,0,-6,466,16240230,-8,-877,-63510832
21:20:11.883,0,0.0,0,0,0,0,0,40,1642,16240237,34,-61,-63510820
21:20:11.888,0,0.0,0,0,0,0,0,5,-1405,16240217,14,1631,-63510816
21:20:11.893,0,0.0,0,0,0,0,0,-26,-809,16240222,-85,-218,-63510824
21:20:11.898,0,0.0,0,0,0,0,0,-11,247,16240228,8,-100,-63510820
21:20:11.903,0,0.0,0,0,0,0,0,6,891,16240232,-9,-299,-63510824
21:20:11.908,0,0.0,0,0,0,0,0,4,953,16240232,12,-120,-63510820
21:20:11.913,0,0.0,0,0,0,0,0,0,436,16240230,14,-219,-63510824
21:20:11.918,0,0.0,0,0,0,0,0,4,438,16240230,52,-626,-63510832
21:20:11.923,0,0.0,0,0,0,0,0,-7,-1442,16240217,26,-753,-63510832
21:20:11.928,0,0.0,0,0,0,0,0,-23,-170,16240226,31,-675,-63510832
21:20:11.933,0,0.0,0,0,0,0,0,-22,322,16240228,12,-623,-63510832
21:20:11.938,0,0.0,0,0,0,0,0,16,-179,16240226,-24,-107,-63510820
21:20:11.943,0,0.0,0,0,0,0,0,-37,-1942,16240213,24,-100,-63510820
21:20:11.948,0,0.0,0,0,0,0,0,-12,-488,16240222,-77,-196,-63510824
21:20:11.953,0,0.0,0,0,0,0,0,-8,1274,16240232,18,-197,-63510824
21:20:11.959,0,0.0,0,0,0,0,0,10,-83,16240224,9,-766,-63510832
21:20:11.964,0,0.0,0,0,0,0,0,-21,498,16240230,-12,2275,-63510812
21:20:11.969,0,0.0,0,0,0,0,0,-42,-1498,16240217,9,351,-63510820
21:20:11.974,0,0.0,0,0,0,0,0,11,225,16240230,11,-862,-63510832
21:20:11.979,0,0.0,0,0,0,0,0,15,-563,16240224,17,-1382,-63510832
21:20:11.984,0,0.0,0,0,0,0,0,14,51,16240228,-78,-737,-63510832
21:20:11.989,0,0.0,0,0,0,0,0,0,-1698,16240217,-8,-171,-63510824
21:20:11.994,0,0.0,0,0,0,0,0,-31,59,16240228,42,1831,-63510816
21:20:11.999,0,0.0,0,0,0,0,0,25,-1632,16240217,-31,-122,-63510824
21:20:12.004,0,0.0,0,0,0,0,0,13,1068,16240233,-24,120,-63510820
21:20:12.009,0,0.0,0,0,0,0,0,-3,978,16240233,-29,60,-63510820
21:20:12.014,0,0.0,0,0,0,0,0,-1,-317,16240224,39,-523,-63510832
21:20:12.020,0,0.0,0,0,0,0,0,-1,855,16240232,-3,-451,-63510832
21:20:12.025,0,0.0,0,0,0,0,0,6,969,16240232,-13,-436,-63510832
21:20:12.030,0,0.0,0,0,0,0,0,0,-15,16240226,26,109,-63510820
21:20:12.035,0,0.0,0,0,0,0,0,9,351,16240228,-33,1737,-63510816
21:20:12.040,0,0.0,0,0,0,0,0,3,-310,16240224,-3,-170,-63510824
21:20:12.045,0,0.0,0,0,0,0,0,-16,728,16240230,73,-33,-63510820
21:20:12.050,0,0.0,0,0,0,0,0,-18,-1177,16240217,9,-660,-63510832
21:20:12.055,0,0.0,0,0,0,0,0,14,-862,16240221,-47,-650,-63510832
21:20:12.060,0,0.0,0,0,0,0,0,-5,-763,16240221,-68,-32,-63510820
21:20:12.065,0,0.0,0,0,0,0,0,-7,-1263,16240217,23,-1425,-63510836
21:20:12.070,0,0.0,0,0,0,0,0,29,-633,16240222,-27,-119,-63510824
21:20:12.075,0,0.0,0,0,0,0,0,-13,1061,16240232,25,714,-63510820
21:20:12.080,0,0.0,0,0,0,0,0,0,1083,16240232,37,-591,-63510820
21:20:12.085,0,0.0,0,0,0,0,0,-2,1157,16240233,26,1310,-63510816
21:20:12.090,0,0.0,0,0,0,0,0,6,1251,16240233,31,1244,-63510816
21:20:12.095,0,0.0,0,0,0,0,0,-5,-575,16240222,21,-17,-63510820
21:20:12.101,0,0.0,0,0,0,0,0,0,552,16240230,-40,-539,-63510832
21:20:12.106,0,0.0,0,0,0,0,0,-25,498,16240230,42,1861,-63510816
21:20:12.111,0,0.0,0,0,0,0,0,-30,390,16240228,-69,-2067,-63510836
21:20:12.116,0,0.0,0,0,0,0,0,10,-850,16240221,-6,-93,-63510824
21:20:12.121,0,0.0,0,0,0,0,0,-12,-1480,16240217,42,-78,-63510824
21:20:12.126,0,0.0,0,0,0,0,0,-9,-214,16240224,-73,19,-63510820
21:20:12.131,0,0.0,0,0,0,0,0,24,916,16240232,-2,458,-63510820
21:20:12.136,0,0.0,0,0,0,0,0,2,1639,16240237,9,1139,-63510816
21:20:12.141,0,0.0,0,0,0,0,0,15,-336,16240224,36,1866,-63510816
21:20:12.146,0,0.0,0,0,0,0,0,-3,-116,16240226,-1,-146,-63510824
21:20:12.151,0,0.0,0,0,0,0,0,-15,-1601,16240217,31,-103,-63510824
21:20:12.156,0,0.0,0,0,0,0,0,0,862,16240232,-10,-206,-63510824
21:20:12.161,0,0.0,0,0,0,0,0,-9,-161,16240226,-9,-156,-63510824
21:20:12.166,0,0.0,0,0,0,0,0,-1,-705,16240222,30,1112,-63510816
21:20:12.171,0,0.0,0,0,0,0,0,36,950,16240232,36,-132,-63510824
21:20:12.176,0,0.0,0,0,0,0,0,2,2262,16240221,-14,-87,-63510824
21:20:12.182,0,0.0,0,0,0,0,0,26,955,16240233,-18,21,-63510820
21:20:12.187,0,0.0,0,0,0,0,0,7,885,16240233,3,-151,-63510824
21:20:12.192,0,0.0,0,0,0,0,0,-4,-236,16240226,10,-150,-63510824
21:20:12.197,0,0.0,0,0,0,0,0,10,-124,16240226,52,48,-63510820
21:20:12.202,0,0.0,0,0,0,0,0,-13,406,16240228,45,-34,-63510824
21:20:12.207,0,0.0,0,0,0,0,0,8,-138,16240226,14,1732,-63510816
21:20:12.212,0,0.0,0,0,0,0,0,-38,1256,16240233,44,-645,-63510832
21:20:12.217,0,0.0,0,0,0,0,0,7,-152,16240224,-7,-652,-63510832
21:20:12.222,0,0.0,0,0,0,0,0,0,433,16240230,51,-649,-63510832
21:20:12.227,0,0.0,0,0,0,0,0,29,-999,16240222,-5,1194,-63510816
21:20:12.232,0,0.0,0,0,0,0,0,-5,690,16240232,8,-228,-63510824
21:20:12.237,0,0.0,0,0,0,0,0,-2,68,16240228,2,2253,-63510812
21:20:12.242,0,0.0,0,0,0,0,0,15,-1162,16240221,13,-234,-63510824
21:20:12.247,0,0.0,0,0,0,0,0,-1,683,16240232,75,-602,-63510824
21:20:12.253,0,0.0,0,0,0,0,0,-5,-1551,16240217,7,-142,-63510824
21:20:12.253,0,0.0,0,0,0,0,0,2,-881,16240222,20,486,-63510820
21:20:12.258,0,0.0,0,0,0,0,0,13,-947,16240222,36,1293,-63510816
21:20:12.263,0,0.0,0,0,0,0,0,-31,-1022,16240221,21,-113,-63510824
21:20:12.268,0,0.0,0,0,0,0,0,-5,-811,16240222,36,-614,-63510832
21:20:12.273,0,0.0,0,0,0,0,0,3,1032,16240233,-92,74,-63510820
21:20:12.278,0,0.0,0,0,0,0,0,6,921,16240232,-17,1676,-63510816
21:20:12.283,0,0.0,0,0,0,0,0,10,377,16240230,-38,-167,-63510824
21:20:12.288,0,0.0,0,0,0,0,0,8,1236,16240233,-14,1068,-63510816
21:20:12.293,0,0.0,0,0,0,0,0,1,291,16240228,-1,25,-63510820
21:20:12.298,0,0.0,0,0,0,0,0,-1,-1353,16240217,6,-675,-63510832
21:20:12.303,0,0.0,0,0,0,0,0,-6,1103,16240232,9,-656,-63510832
21:20:12.308,0,0.0,0,0,0,0,0,8,-328,16240224,8,-113,-63510820
21:20:12.313,0,0.0,0,0,0,0,0,-33,1061,16240233,-82,-662,-63510832
21:20:12.318,0,0.0,0,0,0,0,0,0,212,16240228,-62,1137,-63510816
21:20:12.323,0,0.0,0,0,0,0,0,10,-913,16240222,26,-594,-63510832
21:20:12.329,0,0.0,0,0,0,0,0,20,419,16240230,9,85,-63510820
21:20:12.334,0,0.0,0,0,0,0,0,11,-924,16240221,-45,-622,-63510832
21:20:12.339,0,0.0,0,0,0,0,0,-21,-96,16240226,-19,-4,-63510820
21:20:12.344,0,0.0,0,0,0,0,0,-24,887,16240232,32,28,-63510820
21:20:12.349,0,0.0,0,0,0,0,0,16,-1669,16240217,-37,57,-63510820
21:20:12.354,0,0.0,0,0,0,0,0,10,-987,16240221,-8,557,-63510820
21:20:12.359,0,0.0,0,0,0,0,0,21,463,16240230,4,-659,-63510832
21:20:12.364,0,0.0,0,0,0,0,0,19,-97,16240226,0,-57,-63510824
21:20:12.369,0,0.0,0,0,0,0,0,-31,-774,16240221,37,-19,-63510824
21:20:12.374,0,0.0,0,0,0,0,0,15,611,16240230,19,1269,-63510816
21:20:12.379,0,0.0,0,0,0,0,0,-7,1047,16240233,29,1612,-63510816
21:20:12.384,0,0.0,0,0,0,0,0,-1,873,16240233,31,-19,-63510820
21:20:12.389,0,0.0,0,0,0,0,0,41,737,16240233,-7,-5,-63510820
21:20:12.395,0,0.0,0,0,0,0,0,-3,652,16240232,20,2374,-63510812
21:20:12.400,0,0.0,0,0,0,0,0,-6,789,16240233,-13,-614,-63510832
21:20:12.405,0,0.0,0,0,0,0,0,2,1049,16240233,-20,1733,-63510816
21:20:12.410,0,0.0,0,0,0,0,0,2,274,16240228,-74,-18,-63510820
21:20:12.415,0,0.0,0,0,0,0,0,50,483,16240230,46,-610,-63510832
21:20:12.420,0,0.0,0,0,0,0,0,15,-1516,16240217,60,-519,-63510832
21:20:12.425,0,0.0,0,0,0,0,0,7,438,16240230,26,-519,-63510832
21:20:12.430,0,0.0,0,0,0,0,0,-7,-476,16240224,-13,130,-63510820
21:20:12.435,0,0.0,0,0,0,0,0,3,225,16240230,23,-609,-63510832
21:20:12.440,0,0.0,0,0,0,0,0,-7,-920,16240221,16,-525,-63510820
21:20:12.445,0,0.0,0,0,0,0,0,7,352,16240228,-16,-157,-63510824
21:20:12.450,0,0.0,0,0,0,0,0,0,1049,16240233,3,-91,-63510824
21:20:12.455,0,0.0,0,0,0,0,0,-22,-1149,16240221,13,-131,-63510824
21:20:12.460,0,0.0,0,0,0,0,0,1,-452,16240226,-7,-129,-63510824
21:20:12.465,0,0.0,0,0,0,0,0,2,118,16240228,-79,1772,-63510816
21:20:12.470,0,0.0,0,0,0,0,0,7,74,16240228,34,-14,-63510820
21:20:12.476,0,0.0,0,0,0,0,0,15,-543,16240224,15,-646,-63510832
21:20:12.481,0,0.0,0,0,0,0,0,-21,1307,16240236,23,-160,-63510824
21:20:12.486,0,0.0,0,0,0,0,0,5,312,16240230,53,-622,-63510832
21:20:12.491,0,0.0,0,0,0,0,0,9,929,16240233,-46,1208,-63510816
21:20:12.496,0,0.0,0,0,0,0,0,-28,307,16240230,-21,992,-63510816
21:20:12.501,0,0.0,0,0,0,0,0,-12,850,16240233,-16,-673,-63510832
21:20:12.506,0,0.0,0,0,0,0,0,-2,-976,16240233,27,3,-63510820
21:20:12.511,0,0.0,0,0,0,0,0,1,205,16240228,27,-610,-63510832
21:20:12.516,0,0.0,0,0,0,0,0,8,-187,16240226,-4,-6,-63510820
21:20:12.521,0,0.0,0,0,0,0,0,-34,830,16240232,9,463,-63510820
21:20:12.526,0,0.0,0,0,0,0,0,-49,797,16240232,20,-172,-63510824
21:20:12.531,0,0.0,0,0,0,0,0,-3,825,16240232,47,-808,-63510832
21:20:12.536,0,0.0,0,0,0,0,0,-13,1037,16240233,15,-159,-63510824
21:20:12.551,0,0.0,0,0,0,0,0,-41,-14,16240226,-57,-601,-63510832
21:20:12.556,0,0.0,0,0,0,0,0,7,-996,16240221,-2,-60,-63510820
21:20:12.556,0,0.0,0,0,0,0,0,-7,-1481,16240217,-12,1126,-63510816
21:20:12.562,0,0.0,0,0,0,0,0,0,744,16240232,-24,-105,-63510820
21:20:12.567,0,0.0,0,0,0,0,0,0,-487,16240224,20,-749,-63510832
21:20:12.572,0,0.0,0,0,0,0,0,-24,2028,16240240,25,-268,-63510824
21:20:12.577,0,0.0,0,0,0,0,0,7,1022,16240232,-38,549,-63510820
21:20:12.582,0,0.0,0,0,0,0,0,8,500,16240230,35,-658,-63510832
21:20:12.587,0,0.0,0,0,0,0,0,-20,-1256,16240217,-21,-555,-63510832
21:20:12.592,0,0.0,0,0,0,0,0,-7,283,16240228,-7,-134,-63510824
21:20:12.597,0,0.0,0,0,0,0,0,5,1174,16240233,-16,527,-63510820
21:20:12.602,0,0.0,0,0,0,0,0,20,-1007,16240221,13,-705,-63510832
21:20:12.607,0,0.0,0,0,0,0,0,14,343,16240230,42,-627,-63510832
21:20:12.612,0,0.0,0,0,0,0,0,1,1084,16240233,-32,-188,-63510824
21:20:12.617,0,0.0,0,0,0,0,0,13,491,16240230,-17,1138,-63510816
21:20:12.622,0,0.0,0,0,0,0,0,5,-15,16240226,-19,-117,-63510824
21:20:12.627,0,0.0,0,0,0,0,0,6,1228,16240232,-2,-100,-63510824
21:20:12.632,0,0.0,0,0,0,0,0,3,-773,16240221,-40,-64,-63510824
21:20:12.637,0,0.0,0,0,0,0,0,8,-428,16240224,19,43,-63510820
21:20:12.642,0,0.0,0,0,0,0,0,-7,-1741,16240217,-7,60,-63510820
21:20:12.647,0,0.0,0,0,0,0,0,2,-422,16240226,-29,1235,-63510816
21:20:12.653,0,0.0,0,0,0,0,0,-43,-552,16240224,13,-157,-63510824
21:20:12.658,0,0.0,0,0,0,0,0,9,-1188,16240221,35,-596,-63510832
21:20:12.663,0,0.0,0,0,0,0,0,-11,-1775,16240217,19,1099,-63510816
21:20:12.668,0,0.0,0,0,0,0,0,16,-2154,16240213,22,-636,-63510832
21:20:12.673,0,0.0,0,0,0,0,0,-11,-996,16240222,57,-9,-63510820
21:20:12.678,0,0.0,0,0,0,0,0,-31,-1031,16240217,10,-167,-63510824
21:20:12.683,0,0.0,0,0,0,0,0,-38,813,16240232,-79,-64,-63510824
21:20:12.688,0,0.0,0,0,0,0,0,7,951,16240233,-41,-8,-63510824
21:20:12.693,0,0.0,0,0,0,0,0,-34,960,16240232,-46,-109,-63510824
21:20:12.698,0,0.0,0,0,0,0,0,6,-782,16240222,62,-623,-63510832
21:20:12.703,0,0.0,0,0,0,0,0,6,433,16240230,25,-60,-63510820
21:20:12.708,0,0.0,0,0,0,0,0,0,477,16240230,-61,-790,-63510832
21:20:12.713,0,0.0,0,0,0,0,0,6,-1333,16240217,-25,-11,-63510820
21:20:12.718,0,0.0,0,0,0,0,0,11,249,16240226,-31,-577,-63510832
21:20:12.723,0,0.0,0,0,0,0,0,10,-549,16240221,-8,1240,-63510816
21:20:12.728,0,0.0,0,0,0,0,0,-24,-1126,16240217,-9,482,-63510820
21:20:12.734,0,0.0,0,0,0,0,0,39,-1387,16240217,9,-596,-63510832
21:20:12.739,0,0.0,0,0,0,0,0,9,548,16240230,17,-47,-63510820
21:20:12.744,0,0.0,0,0,0,0,0,10,417,16240230,43,-662,-63510832
21:20:12.749,0,0.0,0,0,0,0,0,-52,917,16240232,-31,-165,-63510824
21:20:12.754,0,0.0,0,0,0,0,0,-14,495,16240230,3,-154,-63510824
21:20:12.759,0,0.0,0,0,0,0,0,16,1047,16240233,8,-23,-63510820
21:20:12.764,0,0.0,0,0,0,0,0,7,-1432,16240217,3,-106,-63510824
21:20:12.769,0,0.0,0,0,0,0,0,-19,1649,16240236,-3,-27,-63510820
21:20:12.774,0,0.0,0,0,0,0,0,-10,-810,16240221,-25,1321,-63510816
21:20:12.780,0,0.0,0,0,0,0,0,3,-39,16240226,-50,1607,-63510816
21:20:12.785,0,0.0,0,0,0,0,0,19,-207,16240224,-8,318,-63510820
21:20:12.790,0,0.0,0,0,0,0,0,-23,-132,16240224,45,-801,-63510832
21:20:12.795,0,0.0,0,0,0,0,0,-9,-797,16240222,8,-658,-63510832
21:20:12.800,0,0.0,0,0,0,0,0,5,-211,16240226,33,-179,-63510824
21:20:12.805,0,0.0,0,0,0,0,0,35,481,16240230,4,1691,-63510816
21:20:12.811,0,0.0,0,0,0,0,0,-5,-1818,16240213,-105,0,-63510820
21:20:12.816,0,0.0,0,0,0,0,0,0,92,16240224,-25,1211,-63510816
21:20:12.821,0,0.0,0,0,0,0,0,-7,1118,16240232,26,1240,-63510816
21:20:12.826,0,0.0,0,0,0,0,0,-6,-45,16240224,-18,12,-63510820
21:20:12.831,0,0.0,0,0,0,0,0,22,-1409,16240217,9,-118,-63510824
21:20:12.836,0,0.0,0,0,0,0,0,4,-1269,16240217,-25,1690,-63510816
21:20:12.841,0,0.0,0,0,0,0,0,8,-1311,16240217,25,-200,-63510824
21:20:12.846,0,0.0,0,0,0,0,0,14,-242,16240224,-1,1636,-63510816
21:20:12.851,0,0.0,0,0,0,0,0,-17,-211,16240224,3,-813,-63510832
21:20:12.856,0,0.0,0,0,0,0,0,1,1271,16240233,-13,-619,-63510832
21:20:12.862,0,0.0,0,0,0,0,0,-20,1112,16240232,1,-160,-63510824
21:20:12.867,0,0.0,0,0,0,0,0,14,1238,16240233,-24,-777,-63510832
21:20:12.872,0,0.0,0,0,0,0,0,3,1022,16240232,25,-633,-63510832
21:20:12.877,0,0.0,0,0,0,0,0,-12,955,16240232,-53,18,-63510820
21:20:12.882,0,0.0,0,0,0,0,0,-11,-160,16240226,9,-542,-63510832
21:20:12.887,0,0.0,0,0,0,0,0,-26,1513,16240236,3,1714,-63510816
21:20:12.892,0,0.0,0,0,0,0,0,-19,245,16240230,15,-202,-63510824
21:20:12.897,0,0.0,0,0,0,0,0,2,762,16240232,31,-52,-63510820
21:20:12.902,0,0.0,0,0,0,0,0,-2,-1462,16240217,-11,-235,-63510820
21:20:12.908,0,0.0,0,0,0,0,0,-28,-868,16240221,-24,-649,-63510832
21:20:12.913,0,0.0,0,0,0,0,0,-2,316,16240230,1,22,-63510820
21:20:12.918,0,0.0,0,0,0,0,0,-18,1008,16240233,27,-554,-63510824
21:20:12.923,0,0.0,0,0,0,0,0,26,991,16240233,-7,-638,-63510832
21:20:12.928,0,0.0,0,0,0,0,0,9,-843,16240222,3,-194,-63510824
21:20:12.933,0,0.0,0,0,0,0,0,6,884,16240232,26,-674,-63510832
21:20:12.938,0,0.0,0,0,0,0,0,17,-496,16240224,33,-566,-63510832
21:20:12.943,0,0.0,0,0,0,0,0,3,-1509,16240217,-55,-164,-63510824
21:20:12.948,0,0.0,0,0,0,0,0,-3,-1625,16240217,46,478,-63510820
21:20:12.953,0,0.0,0,0,0,0,0,0,198,16240228,-13,-111,-63510824
21:20:12.959,0,0.0,0,0,0,0,0,-5,850,16240232,3,-18,-63510820
21:20:12.964,0,0.0,0,0,0,0,0,-23,-262,16240226,35,-121,-63510824
21:20:12.969,0,0.0,0,0,0,0,0,0,-27,16240224,37,-82,-63510820
21:20:12.974,0,0.0,0,0,0,0,0,4,763,16240230,3,-669,-63510832
21:20:12.979,0,0.0,0,0,0,0,0,7,408,16240228,20,398,-63510820
21:20:12.984,0,0.0,0,0,0,0,0,8,359,16240230,19,-769,-63510832
21:20:12.989,0,0.0,0,0,0,0,0,4,95,16240228,6,1023,-63510816
21:20:12.994,0,0.0,0,0,0,0,0,10,841,16240232,42,401,-63510820
21:20:12.999,0,0.0,0,0,0,0,0,-3,-1180,16240221,7,-623,-63510832
21:20:13.005,0,0.0,0,0,0,0,0,2,-985,16240222,-32,-642,-63510832
21:20:13.010,0,0.0,0,0,0,0,0,-22,-739,16240222,-8,-148,-63510824
21:20:13.015,0,0.0,0,0,0,0,0,22,1003,16240232,-3,-129,-63510824
21:20:13.020,0,0.0,0,0,0,0,0,4,-728,16240230,22,-602,-63510832
21:20:13.031,0,0.0,0,0,0,0,0,-25,-160,16240226,25,15,-63510820
21:20:13.036,0,0.0,0,0,0,0,0,-5,256,16240228,-35,502,-63510820
21:20:13.036,0,0.0,0,0,0,0,0,-15,938,16240233,-31,-104,-63510824
21:20:13.041,0,0.0,0,0,0,0,0,-15,-1435,16240217,-25,-579,-63510832
21:20:13.046,0,0.0,0,0,0,0,0,3,-1559,16240217,20,-5,-63510820
21:20:13.051,0,0.0,0,0,0,0,0,-4,-543,16240221,-7,-155,-63510824
21:20:13.056,0,0.0,0,0,0,0,0,12,2031,16240236,-1,-574,-63510832
21:20:13.061,0,0.0,0,0,0,0,0,-18,632,16240228,20,595,-63510820
21:20:13.066,0,0.0,0,0,0,0,0,-7,-236,16240224,53,-125,-63510824
21:20:13.071,0,0.0,0,0,0,0,0,-11,251,16240230,20,454,-63510820
21:20:13.076,0,0.0,0,0,0,0,0,7,1437,16240236,-4,-119,-63510824
21:20:13.081,0,0.0,0,0,0,0,0,-5,361,16240230,18,395,-63510820
21:20:13.086,0,0.0,0,0,0,0,0,30,287,16240230,42,1163,-63510816
21:20:13.091,0,0.0,0,0,0,0,0,-3,1305,16240236,-33,1052,-63510816
21:20:13.096,0,0.0,0,0,0,0,0,21,787,16240232,42,27,-63510820
21:20:13.102,0,0.0,0,0,0,0,0,13,-345,16240224,31,-539,-63510832
21:20:13.107,0,0.0,0,0,0,0,0,-24,-557,16240224,9,1891,-63510816
21:20:13.112,0,0.0,0,0,0,0,0,-2,-398,16240224,-14,-152,-63510824
21:20:13.117,0,0.0,0,0,0,0,0,5,-1510,16240217,26,677,-63510820
21:20:13.123,0,0.0,0,0,0,0,0,63,-226,16240226,2,-517,-63510832
21:20:13.128,0,0.0,0,0,0,0,0,8,-797,16240222,43,-132,-63510824
21:20:13.133,0,0.0,0,0,0,0,0,-7,240,16240228,8,-104,-63510820
21:20:13.138,0,0.0,0,0,0,0,0,18,142,16240228,25,-614,-63510832
21:20:13.143,0,0.0,0,0,0,0,0,-9,-1244,16240217,66,-721,-63510832
21:20:13.148,0,0.0,0,0,0,0,0,4,990,16240232,-52,1102,-63510816
21:20:13.153,0,0.0,0,0,0,0,0,14,381,16240230,9,18,-63510820
21:20:13.158,0,0.0,0,0,0,0,0,2,-389,16240224,26,14,-63510820
21:20:13.163,0,0.0,0,0,0,0,0,-2,199,16240228,3,-176,-63510824
21:20:13.168,0,0.0,0,0,0,0,0,1,-420,16240224,27,-229,-63510824
21:20:13.173,0,0.0,0,0,0,0,0,23,-841,16240221,14,-674,-63510832
21:20:13.178,0,0.0,0,0,0,0,0,-7,-861,16240221,0,474,-63510820
21:20:13.183,0,0.0,0,0,0,0,0,12,850,16240232,-12,-652,-63510832
21:20:13.188,0,0.0,0,0,0,0,0,-2,-1648,16240217,19,439,-63510820
21:20:13.193,0,0.0,0,0,0,0,0,13,-800,16240222,3,-55,-63510820
21:20:13.198,0,0.0,0,0,0,0,0,8,-274,16240226,22,1664,-63510816
21:20:13.203,0,0.0,0,0,0,0,0,10,1057,16240233,-11,478,-63510820
21:20:13.209,0,0.0,0,0,0,0,0,-2,-207,16240226,-8,-546,-63510832
21:20:13.214,0,0.0,0,0,0,0,0,5,718,16240232,19,-159,-63510824
21:20:13.219,0,0.0,0,0,0,0,0,28,691,16240233,24,461,-63510820
21:20:13.224,0,0.0,0,0,0,0,0,14,-510,16240226,10,-512,-63510832
21:20:13.229,0,0.0,0,0,0,0,0,-20,-568,16240226,13,-100,-63510824
21:20:13.234,0,0.0,0,0,0,0,0,-2,-946,16240222,-51,-149,-63510824
21:20:13.239,0,0.0,0,0,0,0,0,9,1039,16240233,48,1858,-63510816
21:20:13.244,0,0.0,0,0,0,0,0,15,1023,16240233,1,-826,-63510832
21:20:13.249,0,0.0,0,0,0,0,0,4,360,16240230,25,458,-63510820
21:20:13.254,0,0.0,0,0,0,0,0,9,-1609,16240217,-19,-865,-63510832
21:20:13.259,0,0.0,0,0,0,0,0,-5,755,16240232,37,1003,-63510816
21:20:13.264,0,0.0,0,0,0,0,0,8,-310,16240226,4,-79,-63510820
21:20:13.270,0,0.0,0,0,0,0,0,2,-320,16240226,-12,-661,-63510832
21:20:13.275,0,0.0,0,0,0,0,0,-8,178,16240228,-50,-583,-63510832
21:20:13.280,0,0.0,0,0,0,0,0,8,252,16240228,6,41,-63510820
21:20:13.285,0,0.0,0,0,0,0,0,-28,927,16240232,-7,-35,-63510820
21:20:13.290,0,0.0,0,0,0,0,0,9,322,16240228,25,-607,-63510832
21:20:13.295,0,0.0,0,0,0,0,0,-4,-1651,16240217,-1,-622,-63510832
21:20:13.300,0,0.0,0,0,0,0,0,-32,406,16240230,-26,2475,-63510812
21:20:13.305,0,0.0,0,0,0,0,0,0,2913,16240245,13,1209,-63510816
21:20:13.310,0,0.0,0,0,0,0,0,2,-61,16240226,40,695,-63510820
21:20:13.315,0,0.0,0,0,0,0,0,0,-1638,16240217,-62,107,-63510820
21:20:13.320,0,0.0,0,0,0,0,0,-6,1102,16240232,1,-473,-63510832
21:20:13.325,0,0.0,0,0,0,0,0,0,-1137,16240217,8,-515,-63510832
21:20:13.330,0,0.0,0,0,0,0,0,1,-1106,16240217,20,-564,-63510832
21:20:13.335,0,0.0,0,0,0,0,0,-20,1029,16240232,-8,134,-63510820
21:20:13.340,0,0.0,0,0,0,0,0,-33,-912,16240222,34,-583,-63510832
21:20:13.345,0,0.0,0,0,0,0,0,-3,-1377,16240217,21,697,-63510820
21:20:13.351,0,0.0,0,0,0,0,0,71,1781,16240237,19,573,-63510820
21:20:13.356,0,0.0,0,0,0,0,0,6,1088,16240233,-44,-580,-63510832
21:20:13.361,0,0.0,0,0,0,0,0,17,975,16240232,-12,631,-63510820
21:20:13.366,0,0.0,0,0,0,0,0,-26,1151,16240233,16,-1,-63510820
21:20:13.371,0,0.0,0,0,0,0,0,-2,-834,16240221,-8,-156,-63510824
21:20:13.376,0,0.0,0,0,0,0,0,-23,-1584,16240217,-62,-197,-63510824
21:20:13.381,0,0.0,0,0,0,0,0,-23,394,16240230,8,-1247,-63510832
21:20:13.386,0,0.0,0,0,0,0,0,4,-108,16240226,24,-210,-63510824
21:20:13.391,0,0.0,0,0,0,0,0,-7,-628,16240222,-8,-558,-63510832
21:20:13.396,0,0.0,0,0,0,0,0,28,287,16240226,24,575,-63510820
21:20:13.401,0,0.0,0,0,0,0,0,14,853,16240230,19,414,-63510820
21:20:13.406,0,0.0,0,0,0,0,0,5,1996,16240236,15,398,-63510820
21:20:13.411,0,0.0,0,0,0,0,0,2,-65,16240226,4,1066,-63510816
21:20:13.416,0,0.0,0,0,0,0,0,5,342,16240228,25,-157,-63510824
21:20:13.421,0,0.0,0,0,0,0,0,10,-902,16240222,-74,1158,-63510816
21:20:13.426,0,0.0,0,0,0,0,0,-6,-1103,16240221,-13,1254,-63510816
21:20:13.432,0,0.0,0,0,0,0,0,5,468,16240230,14,-633,-63510832
21:20:13.437,0,0.0,0,0,0,0,0,11,-1324,16240217,19,629,-63510820
21:20:13.442,0,0.0,0,0,0,0,0,-18,-678,16240222,-3,-554,-63510832
21:20:13.447,0,0.0,0,0,0,0,0,13,-148,16240226,-77,-87,-63510824
21:20:13.452,0,0.0,0,0,0,0,0,5,-1560,16240217,-78,68,-63510820
21:20:13.457,0,0.0,0,0,0,0,0,5,-145,16240226,-68,-622,-63510832
21:20:13.462,0,0.0,0,0,0,0,0,-2,322,16240230,-45,-620,-63510832
21:20:13.467,0,0.0,0,0,0,0,0,-17,752,16240232,-8,2317,-63510812
21:20:13.472,0,0.0,0,0,0,0,0,-15,233,16240228,2,1212,-63510816
21:20:13.477,0,0.0,0,0,0,0,0,-3,-147,16240221,8,-601,-63510832
21:20:13.482,0,0.0,0,0,0,0,0,10,-228,16240226,-46,626,-63510820
21:20:13.487,0,0.0,0,0,0,0,0,8,1094,16240233,-1,-150,-63510824
21:20:13.492,0,0.0,0,0,0,0,0,-8,42,16240217,-56,-147,-63510824
21:20:13.497,0,0.0,0,0,0,0,0,-1,-593,16240222,69,-105,-63510824
21:20:13.502,0,0.0,0,0,0,0,0,-27,-191,16240226,64,548,-63510820
21:20:13.508,0,0.0,0,0,0,0,0,14,1050,16240233,-15,-138,-63510824
21:20:13.513,0,0.0,0,0,0,0,0,-6,786,16240232,25,-574,-63510832
21:20:13.518,0,0.0,0,0,0,0,0,18,1969,16240240,12,-134,-63510824
21:20:13.523,0,0.0,0,0,0,0,0,4,1346,16240236,35,-200,-63510824
21:20:13.528,0,0.0,0,0,0,0,0,56,683,16240232,-2,1783,-63510816
21:20:13.533,0,0.0,0,0,0,0,0,6,-1056,16240221,-2,-18,-63510820
21:20:13.539,0,0.0,0,0,0,0,0,8,-915,16240221,4,-124,-63510824
21:20:13.544,0,0.0,0,0,0,0,0,13,334,16240228,-61,-206,-63510824
21:20:13.549,0,0.0,0,0,0,0,0,-8,-468,16240224,-8,17,-63510820
21:20:13.554,0,0.0,0,0,0,0,0,11,-1133,16240221,15,-113,-63510824
21:20:13.559,0,0.0,0,0,0,0,0,4,-352,16240226,20,-96,-63510824
21:20:13.564,0,0.0,0,0,0,0,0,18,780,16240232,9,-37,-63510824
21:20:13.569,0,0.0,0,0,0,0,0,2,118,16240226,9,-124,-63510824
21:20:13.575,0,0.0,0,0,0,0,0,-8,-1001,16240217,-20,-142,-63510824
21:20:13.580,0,0.0,0,0,0,0,0,-19,-1224,16240217,-1,-599,-63510832
21:20:13.585,0,0.0,0,0,0,0,0,-7,1182,16240232,-1,1760,-63510816
21:20:13.590,0,0.0,0,0,0,0,0,11,2989,16240245,7,95,-63510820
21:20:13.595,0,0.0,0,0,0,0,0,3,890,16240233,-10,702,-63510820
21:20:13.600,0,0.0,0,0,0,0,0,7,885,16240233,7,-125,-63510824
21:20:13.605,0,0.0,0,0,0,0,0,36,1124,16240236,36,-576,-63510832
21:20:13.610,0,0.0,0,0,0,0,0,0,599,16240232,-22,-185,-63510824
21:20:13.615,0,0.0,0,0,0,0,0,-14,-1106,16240221,3,1065,-63510816
21:20:13.620,0,0.0,0,0,0,0,0,-1,-1534,16240217,21,-102,-63510824
21:20:13.625,0,0.0,0,0,0,0,0,24,366,16240230,-38,1264,-63510816
21:20:13.630,0,0.0,0,0,0,0,0,17,563,16240230,-80,532,-63510820
21:20:13.635,0,0.0,0,0,0,0,0,-2,1090,16240232,-14,-71,-63510824
21:20:13.640,0,0.0,0,0,0,0,0,11,451,16240228,40,1183,-63510816
21:20:13.645,0,0.0,0,0,0,0,0,9,-863,16240221,-8,-89,-63510824
21:20:13.650,0,0.0,0,0,0,0,0,-5,-572,16240222,-4,-652,-63510832
21:20:13.655,0,0.0,0,0,0,0,0,-22,1211,16240233,-33,-602,-63510832
21:20:13.661,0,0.0,0,0,0,0,0,-31,-772,16240222,-73,-583,-63510832
21:20:13.666,0,0.0,0,0,0,0,0,10,318,16240230,-58,-571,-63510832
21:20:13.671,0,0.0,0,0,0,0,0,-18,-52,16240228,-51,-120,-63510824
21:20:13.676,0,0.0,0,0,0,0,0,-16,-1079,16240221,9,-573,-63510832
21:20:13.681,0,0.0,0,0,0,0,0,15,-291,16240226,29,458,-63510820
21:20:13.686,0,0.0,0,0,0,0,0,0,676,16240232,28,-196,-63510824
21:20:13.691,0,0.0,0,0,0,0,0,9,915,16240233,14,595,-63510820
21:20:13.696,0,0.0,0,0,0,0,0,-39,659,16240232,-25,2399,-63510812
21:20:13.701,0,0.0,0,0,0,0,0,-1,960,16240233,47,-48,-63510824
21:20:13.706,0,0.0,0,0,0,0,0,-20,-1720,16240217,42,-512,-63510832
21:20:13.711,0,0.0,0,0,0,0,0,-18,799,16240232,13,143,-63510820
21:20:13.716,0,0.0,0,0,0,0,0,5,-522,16240224,-40,1840,-63510816
21:20:13.721,0,0.0,0,0,0,0,0,-7,112,16240228,-58,-1332,-63510836
21:20:13.726,0,0.0,0,0,0,0,0,0,-889,16240222,-19,-148,-63510824
21:20:13.731,0,0.0,0,0,0,0,0,6,-441,16240224,-27,531,-63510820
21:20:13.737,0,0.0,0,0,0,0,0,16,-192,16240224,-7,-109,-63510824
21:20:13.742,0,0.0,0,0,0,0,0,13,96,16240226,40,-133,-63510824
21:20:13.747,0,0.0,0,0,0,0,0,9,136,16240226,9,-707,-63510832
21:20:13.752,0,0.0,0,0,0,0,0,4,-1085,16240217,35,645,-63510820
21:20:13.757,0,0.0,0,0,0,0,0,-2,-960,16240217,-13,1746,-63510816
21:20:13.762,0,0.0,0,0,0,0,0,13,-1597,16240213,4,-26,-63510820
21:20:13.767,0,0.0,0,0,0,0,0,3,1093,16240232,9,-735,-63510832
21:20:13.772,0,0.0,0,0,0,0,0,4,1300,16240233,-2,10,-63510820
21:20:13.777,0,0.0,0,0,0,0,0,14,1027,16240232,-16,-17,-63510824
21:20:13.782,0,0.0,0,0,0,0,0,-12,454,16240230,15,4,-63510820
21:20:13.787,0,0.0,0,0,0,0,0,-12,-1544,16240217,-34,-728,-63510832
21:20:13.792,0,0.0,0,0,0,0,0,17,540,16240230,13,-141,-63510824
21:20:13.797,0,0.0,0,0,0,0,0,6,-253,16240224,21,-43,-63510820
21:20:13.802,0,0.0,0,0,0,0,0,14,941,16240232,-1,483,-63510820
21:20:13.807,0,0.0,0,0,0,0,0,-4,511,16240230,-18,41,-63510820
21:20:13.812,0,0.0,0,0,0,0,0,10,-281,16240224,-24,-605,-63510832
21:20:13.817,0,0.0,0,0,0,0,0,3,1753,16240236,51,-527,-63510832
21:20:13.822,0,0.0,0,0,0,0,0,4,1882,16240236,-1,-14,-63510824
21:20:13.828,0,0.0,0,0,0,0,0,-4,-1069,16240217,63,115,-63510820
21:20:13.833,0,0.0,0,0,0,0,0,3,187,16240226,25,155,-63510820
21:20:13.838,0,0.0,0,0,0,0,0,-5,1342,16240233,-36,82,-63510824
21:20:13.843,0,0.0,0,0,0,0,0,11,-598,16240222,7,-516,-63510832
21:20:13.848,0,0.0,0,0,0,0,0,1,-1529,16240217,-6,-39,-63510824
21:20:13.853,0,0.0,0,0,0,0,0,-5,1068,16240233,15,-8,-63510824
21:20:13.858,0,0.0,0,0,0,0,0,-15,-1377,16240217,14,-34,-63510824
21:20:13.863,0,0.0,0,0,0,0,0,3,383,16240228,-41,-81,-63510824
21:20:13.868,0,0.0,0,0,0,0,0,20,943,16240232,-26,-485,-63510832
21:20:13.873,0,0.0,0,0,0,0,0,-3,-241,16240226,25,-90,-63510824
21:20:13.878,0,0.0,0,0,0,0,0,5,402,16240230,-1,-601,-63510832
21:20:13.883,0,0.0,0,0,0,0,0,25,-1308,16240217,-13,-154,-63510824
21:20:13.888,0,0.0,0,0,0,0,0,-7,328,16240228,26,-136,-63510824
21:20:13.893,0,0.0,0,0,0,0,0,0,1044,16240233,43,46,-63510820
21:20:13.898,0,0.0,0,0,0,0,0,7,-241,16240224,25,-78,-63510824
21:20:13.903,0,0.0,0,0,0,0,0,31,566,16240230,-19,-608,-63510832
21:20:13.908,0,0.0,0,0,0,0,0,-25,-1258,16240217,6,-131,-63510824
21:20:13.914,0,0.0,0,0,0,0,0,-3,-105,16240226,-8,-36,-63510824
21:20:13.919,0,0.0,0,0,0,0,0,-7,-182,16240226,0,777,-63510820
21:20:13.924,0,0.0,0,0,0,0,0,-17,-1415,16240217,8,-107,-63510824
21:20:13.929,0,0.0,0,0,0,0,0,7,-1353,16240228,-43,57,-63510820
21:20:13.934,0,0.0,0,0,0,0,0,13,1073,16240233,21,-549,-63510832
21:20:13.939,0,0.0,0,0,0,0,0,8,894,16240233,21,1899,-63510816
21:20:13.945,0,0.0,0,0,0,0,0,-22,222,16240228,24,-154,-63510824
21:20:13.950,0,0.0,0,0,0,0,0,-10,-1597,16240217,-28,-73,-63510824
21:20:13.955,0,0.0,0,0,0,0,0,7,867,16240232,7,1282,-63510816
21:20:13.960,0,0.0,0,0,0,0,0,-9,361,16240228,-23,1283,-63510816
21:20:13.965,0,0.0,0,0,0,0,0,7,201,16240228,35,-66,-63510824
21:20:13.970,0,0.0,0,0,0,0,0,-29,-935,16240221,11,112,-63510820
21:20:13.975,0,0.0,0,0,0,0,0,-27,-807,16240222,31,-521,-63510832
21:20:13.980,0,0.0,0,0,0,0,0,-9,-1300,16240217,13,1159,-63510816
21:20:13.990,0,0.0,0,0,0,0,0,-2,397,16240228,-4,-148,-63510824
21:20:13.995,0,0.0,0,0,0,0,0,-20,-180,16240224,-25,1102,-63510816
21:20:14.000,0,0.0,0,0,0,0,0,-5,1079,16240232,26,48,-63510820
21:20:14.005,0,0.0,0,0,0,0,0,-3,-296,16240224,-8,58,-63510820
21:20:14.010,0,0.0,0,0,0,0,0,12,-365,16240224,-22,541,-63510820
21:20:14.016,0,0.0,0,0,0,0,0,-9,1385,16240236,-43,86,-63510820
21:20:14.021,0,0.0,0,0,0,0,0,1,-450,16240224,-1,494,-63510820
21:20:14.026,0,0.0,0,0,0,0,0,-17,485,16240224,14,-71,-63510824
21:20:14.031,0,0.0,0,0,0,0,0,-20,-42,16240226,-44,-63,-63510824
21:20:14.036,0,0.0,0,0,0,0,0,4,53,16240226,-39,-74,-63510824
21:20:14.041,0,0.0,0,0,0,0,0,-1,1072,16240232,13,39,-63510820
21:20:14.046,0,0.0,0,0,0,0,0,-13,-1364,16240217,-8,-100,-63510824
21:20:14.051,0,0.0,0,0,0,0,0,9,356,16240228,27,-89,-63510824
21:20:14.056,0,0.0,0,0,0,0,0,0,468,16240228,86,-50,-63510824
21:20:14.061,0,0.0,0,0,0,0,0,6,404,16240228,35,-182,-63510824
21:20:14.066,0,0.0,0,0,0,0,0,-26,382,16240228,39,-621,-63510832
21:20:14.071,0,0.0,0,0,0,0,0,9,1084,16240232,-34,-608,-63510832
21:20:14.076,0,0.0,0,0,0,0,0,3,-746,16240222,-46,-545,-63510832
21:20:14.081,0,0.0,0,0,0,0,0,12,-1752,16240213,52,76,-63510820
21:20:14.086,0,0.0,0,0,0,0,0,-1,-1033,16240217,-6,580,-63510820
21:20:14.086,0,0.0,0,0,0,0,0,3,-600,16240222,49,-8,-63510824
21:20:14.097,0,0.0,0,0,0,0,0,7,-942,16240221,20,696,-63510820
21:20:14.097,0,0.0,0,0,0,0,0,8,766,16240232,2,2382,-63510812
21:20:14.107,0,0.0,0,0,0,0,0,-6,-1527,16240217,42,-133,-63510824
21:20:14.112,0,0.0,0,0,0,0,0,16,-1692,16240217,38,12,-63510820
21:20:14.117,0,0.0,0,0,0,0,0,2,706,16240232,3,-97,-63510824
21:20:14.122,0,0.0,0,0,0,0,0,18,-1113,16240221,-57,1951,-63510816
21:20:14.122,0,0.0,0,0,0,0,0,7,1055,16240233,-12,85,-63510820
21:20:14.127,0,0.0,0,0,0,0,0,0,-106,16240226,19,-675,-63510832
21:20:14.132,0,0.0,0,0,0,0,0,-1,-700,16240222,23,465,-63510820
21:20:14.137,0,0.0,0,0,0,0,0,-6,1077,16240233,1,49,-63510820
21:20:14.142,0,0.0,0,0,0,0,0,16,-791,16240222,39,-1343,-63510836
21:20:14.147,0,0.0,0,0,0,0,0,-15,-1368,16240217,41,-166,-63510824
21:20:14.152,0,0.0,0,0,0,0,0,7,-1293,16240217,1,598,-63510820
21:20:14.158,0,0.0,0,0,0,0,0,11,375,16240228,-1,799,-63510820
21:20:14.163,0,0.0,0,0,0,0,0,-3,433,16240230,-17,-39,-63510824
21:20:14.168,0,0.0,0,0,0,0,0,18,-1313,16240217,19,-47,-63510824
21:20:14.173,0,0.0,0,0,0,0,0,-13,-196,16240224,25,-534,-63510832
21:20:14.178,0,0.0,0,0,0,0,0,9,1005,16240232,-48,-127,-63510824
21:20:14.183,0,0.0,0,0,0,0,0,0,1025,16240233,-44,-154,-63510824
21:20:14.188,0,0.0,0,0,0,0,0,-4,289,16240228,20,-632,-63510832
21:20:14.193,0,0.0,0,0,0,0,0,-17,1143,16240233,-8,-588,-63510832
21:20:14.198,0,0.0,0,0,0,0,0,0,953,16240233,-13,-523,-63510832
21:20:14.203,0,0.0,0,0,0,0,0,8,-739,16240224,52,-133,-63510824
21:20:14.208,0,0.0,0,0,0,0,0,16,-108,16240228,-9,-722,-63510832
21:20:14.213,0,0.0,0,0,0,0,0,-7,-487,16240226,-88,-584,-63510832
21:20:14.219,0,0.0,0,0,0,0,0,-2,875,16240233,27,118,-63510820
21:20:14.224,0,0.0,0,0,0,0,0,52,-1659,16240245,8,195,-63510820
21:20:14.229,0,0.0,0,0,0,0,0,10,-283,16240226,-38,1831,-63510816
21:20:14.234,0,0.0,0,0,0,0,0,-56,-1544,16240217,-35,60,-63510820
21:20:14.239,0,0.0,0,0,0,0,0,5,940,16240233,4,-591,-63510832
21:20:14.244,0,0.0,0,0,0,0,0,-5,746,16240232,3,-162,-63510824
21:20:14.249,0,0.0,0,0,0,0,0,-55,264,16240228,28,-487,-63510832
21:20:14.254,0,0.0,0,0,0,0,0,6,826,16240232,23,-54,-63510824
21:20:14.259,0,0.0,0,0,0,0,0,5,-237,16240224,68,-494,-63510832
21:20:14.264,0,0.0,0,0,0,0,0,-6,-1874,16240213,-45,143,-63510820
21:20:14.269,0,0.0,0,0,0,0,0,-2,603,16240230,0,-12,-63510824
21:20:14.275,0,0.0,0,0,0,0,0,-30,1236,16240233,-32,-527,-63510832
21:20:14.280,0,0.0,0,0,0,0,0,-4,380,16240228,-62,-23,-63510824
21:20:14.285,0,0.0,0,0,0,0,0,33,-839,16240222,40,-1206,-63510832
21:20:14.290,0,0.0,0,0,0,0,0,-22,1654,16240237,-24,-118,-63510824
21:20:14.295,0,0.0,0,0,0,0,0,11,-1708,16240217,26,-93,-63510824
21:20:14.300,0,0.0,0,0,0,0,0,-7,1032,16240233,-89,1,-63510824
21:20:14.305,0,0.0,0,0,0,0,0,-10,-1081,16240221,15,-29,-63510824
21:20:14.310,0,0.0,0,0,0,0,0,7,92,16240228,3,-476,-63510832
21:20:14.315,0,0.0,0,0,0,0,0,-15,324,16240230,33,721,-63510820
21:20:14.320,0,0.0,0,0,0,0,0,-10,258,16240230,44,143,-63510832
21:20:14.325,0,0.0,0,0,0,0,0,29,381,16240230,-26,-672,-63510832
21:20:14.330,0,0.0,0,0,0,0,0,-23,157,16240228,35,-588,-63510832
21:20:14.335,0,0.0,0,0,0,0,0,6,-965,16240222,5,765,-63510820
21:20:14.340,0,0.0,0,0,0,0,0,-18,248,16240230,22,-39,-63510824
21:20:14.345,0,0.0,0,0,0,0,0,14,-1350,16240217,-58,-73,-63510824
21:20:14.350,0,0.0,0,0,0,0,0,-23,560,16240230,-33,-106,-63510824
21:20:14.356,0,0.0,0,0,0,0,0,6,-1410,16240217,-16,-707,-63510832
21:20:14.361,0,0.0,0,0,0,0,0,-3,-1696,16240217,8,721,-63510820
21:20:14.366,0,0.0,0,0,0,0,0,20,696,16240232,-6,-96,-63510824
21:20:14.371,0,0.0,0,0,0,0,0,-15,991,16240233,3,-541,-63510832
21:20:14.376,0,0.0,0,0,0,0,0,19,1097,16240233,76,-101,-63510824
21:20:14.381,0,0.0,0,0,0,0,0,6,396,16240230,5,-600,-63510832
21:20:14.386,0,0.0,0,0,0,0,0,-6,-1402,16240217,-29,70,-63510820
21:20:14.391,0,0.0,0,0,0,0,0,-18,-199,16240226,-10,-145,-63510824
21:20:14.396,0,0.0,0,0,0,0,0,-46,-104,16240226,51,-571,-63510832
21:20:14.401,0,0.0,0,0,0,0,0,4,2664,16240245,0,-534,-63510832
21:20:14.406,0,0.0,0,0,0,0,0,-4,902,16240233,-1,-54,-63510824
21:20:14.411,0,0.0,0,0,0,0,0,3,-1180,16240221,-22,-134,-63510824
21:20:14.416,0,0.0,0,0,0,0,0,-6,-996,16240221,-19,-460,-63510832
21:20:14.421,0,0.0,0,0,0,0,0,-30,887,16240232,-33,-26,-63510824
21:20:14.426,0,0.0,0,0,0,0,0,-20,246,16240228,0,-6,-63510824
21:20:14.431,0,0.0,0,0,0,0,0,-26,-834,16240222,-13,100,-63510820
21:20:14.437,0,0.0,0,0,0,0,0,-23,-440,16240226,16,570,-63510820
21:20:14.442,0,0.0,0,0,0,0,0,28,1404,16240236,-18,-442,-63510832
21:20:14.447,0,0.0,0,0,0,0,0,19,282,16240228,5,-629,-63510832
21:20:14.452,0,0.0,0,0,0,0,0,9,323,16240230,31,-519,-63510832
21:20:14.457,0,0.0,0,0,0,0,0,34,1458,16240236,-26,-118,-63510824
21:20:14.467,0,0.0,0,0,0,0,0,-5,320,16240228,36,-633,-63510832
21:20:14.472,0,0.0,0,0,0,0,0,-6,-1015,16240221,-58,569,-63510820
21:20:14.477,0,0.0,0,0,0,0,0,-17,228,16240228,-33,-51,-63510824
21:20:14.482,0,0.0,0,0,0,0,0,-10,390,16240230,31,91,-63510820
21:20:14.482,0,0.0,0,0,0,0,0,4,961,16240232,-57,-609,-63510832
21:20:14.487,0,0.0,0,0,0,0,0,-31,-238,16240226,-35,-569,-63510832
21:20:14.492,0,0.0,0,0,0,0,0,4,787,16240232,26,-86,-63510824
21:20:14.497,0,0.0,0,0,0,0,0,6,674,16240232,4,-554,-63510832
21:20:14.502,0,0.0,0,0,0,0,0,6,881,16240233,-19,553,-63510820
21:20:14.507,0,0.0,0,0,0,0,0,27,-333,16240226,-4,-533,-63510832
21:20:14.512,0,0.0,0,0,0,0,0,-18,-3068,16240205,26,47,-63510820
21:20:14.518,0,0.0,0,0,0,0,0,-23,278,16240226,8,-102,-63510824
21:20:14.523,0,0.0,0,0,0,0,0,-16,559,16240228,-3,1959,-63510816
21:20:14.528,0,0.0,0,0,0,0,0,-32,97,16240226,4,-38,-63510824
21:20:14.533,0,0.0,0,0,0,0,0,16,1276,16240233,-6,203,-63510820
21:20:14.538,0,0.0,0,0,0,0,0,-21,848,16240228,-35,44,-63510824
21:20:14.543,0,0.0,0,0,0,0,0,10,-793,16240217,67,-1120,-63510832
21:20:14.548,0,0.0,0,0,0,0,0,-7,1453,16240232,-38,-1236,-63510832
21:20:14.553,0,0.0,0,0,0,0,0,5,765,16240228,-32,-93,-63510824
21:20:14.558,0,0.0,0,0,0,0,0,-14,-344,16240222,-37,-1838,-63510836
21:20:14.563,0,0.0,0,0,0,0,0,4,-1071,16240217,-38,-488,-63510832
21:20:14.568,0,0.0,0,0,0,0,0,-29,-1191,16240217,-25,-522,-63510832
21:20:14.573,0,0.0,0,0,0,0,0,-4,537,16240228,-19,-554,-63510832
21:20:14.578,0,0.0,0,0,0,0,0,8,196,16240226,15,-61,-63510824
21:20:14.584,0,0.0,0,0,0,0,0,-5,600,16240228,12,-551,-63510832
21:20:14.589,0,0.0,0,0,0,0,0,17,-483,16240222,-12,1151,-63510816
21:20:14.594,0,0.0,0,0,0,0,0,30,-1104,16240217,-69,-646,-63510832
21:20:14.599,0,0.0,0,0,0,0,0,11,713,16240228,7,1,-63510820
21:20:14.604,0,0.0,0,0,0,0,0,-22,-819,16240217,15,635,-63510820
21:20:14.609,0,0.0,0,0,0,0,0,0,760,16240228,-2,-141,-63510824
21:20:14.614,0,0.0,0,0,0,0,0,7,142,16240226,-13,-126,-63510824
21:20:14.619,0,0.0,0,0,0,0,0,-30,379,16240228,-35,741,-63510820
21:20:14.624,0,0.0,0,0,0,0,0,-6,-299,16240224,-61,12,-63510824
21:20:14.630,0,0.0,0,0,0,0,0,-1,-1037,16240221,-19,-506,-63510832
21:20:14.635,0,0.0,0,0,0,0,0,1,-1612,16240217,16,-508,-63510832
21:20:14.640,0,0.0,0,0,0,0,0,1,754,16240232,-26,-504,-63510832
21:20:14.645,0,0.0,0,0,0,0,0,44,350,16240228,20,-191,-63510824
21:20:14.650,0,0.0,0,0,0,0,0,4,-81,16240226,-46,-613,-63510832
21:20:14.655,0,0.0,0,0,0,0,0,8,-1416,16240217,29,72,-63510820
21:20:14.660,0,0.0,0,0,0,0,0,-2,-834,16240221,26,-21,-63510824
21:20:14.665,0,0.0,0,0,0,0,0,1,-1392,16240217,41,1798,-63510816
21:20:14.670,0,0.0,0,0,0,0,0,31,-3855,16240202,31,-556,-63510832
21:20:14.675,0,0.0,0,0,0,0,0,-15,-512,16240222,7,-493,-63510832
21:20:14.680,0,0.0,0,0,0,0,0,-2,-764,16240221,3,-80,-63510824
21:20:14.685,0,0.0,0,0,0,0,0,-2,-1261,16240217,7,-94,-63510824
21:20:14.690,0,0.0,0,0,0,0,0,-6,-613,16240221,12,-529,-63510832
21:20:14.695,0,0.0,0,0,0,0,0,10,1487,16240232,8,-118,-63510824
21:20:14.700,0,0.0,0,0,0,0,0,5,203,16240226,23,-647,-63510832
21:20:14.705,0,0.0,0,0,0,0,0,5,1287,16240233,-56,718,-63510820
21:20:14.710,0,0.0,0,0,0,0,0,-5,1062,16240233,28,75,-63510820
21:20:14.716,0,0.0,0,0,0,0,0,-14,183,16240230,7,169,-63510820
21:20:14.721,0,0.0,0,0,0,0,0,24,867,16240233,58,-32,-63510824
21:20:14.726,0,0.0,0,0,0,0,0,32,548,16240230,-22,-63,-63510824
21:20:14.731,0,0.0,0,0,0,0,0,19,-1545,16240217,-68,-64,-63510824
21:20:14.736,0,0.0,0,0,0,0,0,4,1052,16240232,15,-559,-63510832
21:20:14.741,0,0.0,0,0,0,0,0,-25,626,16240230,19,535,-63510820
21:20:14.746,0,0.0,0,0,0,0,0,-20,-247,16240224,25,-481,-63510832
21:20:14.751,0,0.0,0,0,0,0,0,-14,1165,16240233,-10,1113,-63510816
21:20:14.756,0,0.0,0,0,0,0,0,1,-361,16240224,-30,1096,-63510816
21:20:14.761,0,0.0,0,0,0,0,0,13,187,16240228,14,1115,-63510816
21:20:14.766,0,0.0,0,0,0,0,0,-14,-153,16240226,35,1906,-63510816
21:20:14.771,0,0.0,0,0,0,0,0,-8,415,16240230,-68,-608,-63510832
21:20:14.776,0,0.0,0,0,0,0,0,-26,236,16240228,30,-67,-63510820
21:20:14.781,0,0.0,0,0,0,0,0,4,374,16240228,36,-173,-63510824
21:20:14.786,0,0.0,0,0,0,0,0,-22,1136,16240233,-58,-594,-63510832
21:20:14.791,0,0.0,0,0,0,0,0,-3,-136,16240226,13,-537,-63510832
21:20:14.796,0,0.0,0,0,0,0,0,-2,193,16240228,-38,-465,-63510832
21:20:14.801,0,0.0,0,0,0,0,0,-27,-931,16240221,-19,1160,-63510816
21:20:14.807,0,0.0,0,0,0,0,0,0,492,16240230,-29,65,-63510820
21:20:14.812,0,0.0,0,0,0,0,0,0,-643,16240222,21,-25,-63510824
21:20:14.817,0,0.0,0,0,0,0,0,-12,-1225,16240217,-8,-91,-63510824
21:20:14.822,0,0.0,0,0,0,0,0,-26,-601,16240222,17,-98,-63510824
21:20:14.827,0,0.0,0,0,0,0,0,-8,-1290,16240217,-46,-574,-63510832
21:20:14.832,0,0.0,0,0,0,0,0,13,1008,16240232,29,-163,-63510824
21:20:14.837,0,0.0,0,0,0,0,0,-6,246,16240228,20,-153,-63510824
21:20:14.842,0,0.0,0,0,0,0,0,-4,884,16240232,8,33,-63510820
21:20:14.847,0,0.0,0,0,0,0,0,9,-926,16240221,-52,-136,-63510824
21:20:14.852,0,0.0,0,0,0,0,0,10,1036,16240233,20,-140,-63510824
21:20:14.857,0,0.0,0,0,0,0,0,-8,-884,16240221,3,-194,-63510824
21:20:14.862,0,0.0,0,0,0,0,0,10,-274,16240224,21,-689,-63510832
21:20:14.867,0,0.0,0,0,0,0,0,-3,289,16240230,-22,-566,-63510832
21:20:14.872,0,0.0,0,0,0,0,0,16,1342,16240236,2,-142,-63510824
21:20:14.877,0,0.0,0,0,0,0,0,11,775,16240233,-8,37,-63510820
21:20:14.882,0,0.0,0,0,0,0,0,19,39,16240228,2,-700,-63510832
21:20:14.887,0,0.0,0,0,0,0,0,15,-1095,16240222,-12,2355,-63510812
21:20:14.892,0,0.0,0,0,0,0,0,-16,385,16240230,9,-599,-63510832
21:20:14.898,0,0.0,0,0,0,0,0,-32,-930,16240221,32,66,-63510820
21:20:14.903,0,0.0,0,0,0,0,0,16,1092,16240233,-26,-545,-63510832
21:20:14.908,0,0.0,0,0,0,0,0,4,501,16240230,69,65,-63510820
21:20:14.913,0,0.0,0,0,0,0,0,0,-988,16240221,-90,-557,-63510832
21:20:14.918,0,0.0,0,0,0,0,0,-8,505,16240230,21,504,-63510820
21:20:14.923,0,0.0,0,0,0,0,0,-10,1100,16240233,3,484,-63510820
21:20:14.928,0,0.0,0,0,0,0,0,4,-1347,16240217,41,-497,-63510832
21:20:14.933,0,0.0,0,0,0,0,0,8,1125,16240233,42,88,-63510820
21:20:14.938,0,0.0,0,0,0,0,0,21,-229,16240226,-62,-33,-63510824
21:20:14.943,0,0.0,0,0,0,0,0,0,-729,16240222,-52,-98,-63510824
21:20:14.948,0,0.0,0,0,0,0,0,2,-886,16240222,-8,-168,-63510824
21:20:14.953,0,0.0,0,0,0,0,0,-7,806,16240232,-27,-180,-63510824
21:20:14.958,0,0.0,0,0,0,0,0,-6,1479,16240236,8,-136,-63510824
21:20:14.963,0,0.0,0,0,0,0,0,27,533,16240230,15,61,-63510820
21:20:14.968,0,0.0,0,0,0,0,0,19,1032,16240232,54,-582,-63510832
21:20:14.973,0,0.0,0,0,0,0,0,0,454,16240228,34,1152,-63510816
21:20:14.978,0,0.0,0,0,0,0,0,-26,1147,16240233,-61,-533,-63510832
21:20:14.984,0,0.0,0,0,0,0,0,7,-316,16240224,2,-516,-63510832
21:20:14.989,0,0.0,0,0,0,0,0,-5,-1526,16240217,-51,155,-63510820
21:20:14.994,0,0.0,0,0,0,0,0,3,-156,16240226,32,-481,-63510832
21:20:14.999,0,0.0,0,0,0,0,0,4,1054,16240232,8,-45,-63510824
21:20:15.004,0,0.0,0,0,0,0,0,3,-1399,16240217,36,-21,-63510824
21:20:15.009,0,0.0,0,0,0,0,0,6,1108,16240233,11,-66,-63510824
21:20:15.014,0,0.0,0,0,0,0,0,10,-965,16240221,-80,-107,-63510824
21:20:15.019,0,0.0,0,0,0,0,0,-11,-1367,16240217,29,-616,-63510832
21:20:15.024,0,0.0,0,0,0,0,0,12,-191,16240226,23,-574,-63510832
21:20:15.029,0,0.0,0,0,0,0,0,-1,-883,16240221,-12,-132,-63510824
21:20:15.035,0,0.0,0,0,0,0,0,0,756,16240230,31,-49,-63510824
21:20:15.040,0,0.0,0,0,0,0,0,10,-606,16240221,9,551,-63510820
21:20:15.045,0,0.0,0,0,0,0,0,9,1498,16240233,3,-1,-63510820
21:20:15.050,0,0.0,0,0,0,0,0,-4,-182,16240224,69,-97,-63510824
21:20:15.055,0,0.0,0,0,0,0,0,4,-1135,16240221,-8,-588,-63510832
21:20:15.060,0,0.0,0,0,0,0,0,1,293,16240230,-36,-142,-63510824
21:20:15.065,0,0.0,0,0,0,0,0,13,327,16240230,37,33,-63510820
21:20:15.070,0,0.0,0,0,0,0,0,13,-914,16240222,-18,-544,-63510832
21:20:15.075,0,0.0,0,0,0,0,0,-7,804,16240232,-6,622,-63510820
21:20:15.080,0,0.0,0,0,0,0,0,22,850,16240232,-80,200,-63510820
21:20:15.085,0,0.0,0,0,0,0,0,-18,-727,16240222,2,142,-63510820
21:20:15.090,0,0.0,0,0,0,0,0,5,1025,16240232,7,162,-63510820
21:20:15.095,0,0.0,0,0,0,0,0,-16,-1020,16240221,18,-55,-63510824
21:20:15.100,0,0.0,0,0,0,0,0,-2,970,16240233,-16,98,-63510820
21:20:15.105,0,0.0,0,0,0,0,0,-22,-950,16240221,-63,1798,-63510816
21:20:15.111,0,0.0,0,0,0,0,0,0,237,16240228,-10,-74,-63510824
21:20:15.116,0,0.0,0,0,0,0,0,3,-380,16240224,9,-69,-63510824
21:20:15.121,0,0.0,0,0,0,0,0,0,-1457,16240217,-40,-612,-63510832
21:20:15.126,0,0.0,0,0,0,0,0,19,1205,16240232,11,1097,-63510816
21:20:15.131,0,0.0,0,0,0,0,0,-2,-1143,16240217,22,-549,-63510832
21:20:15.136,0,0.0,0,0,0,0,0,5,-546,16240222,7,-589,-63510832
21:20:15.141,0,0.0,0,0,0,0,0,-7,855,16240232,-40,-1133,-63510832
21:20:15.146,0,0.0,0,0,0,0,0,0,887,16240233,-42,-567,-63510832
21:20:15.151,0,0.0,0,0,0,0,0,0,1516,16240236,3,99,-63510820
21:20:15.156,0,0.0,0,0,0,0,0,17,828,16240232,-63,705,-63510820
21:20:15.161,0,0.0,0,0,0,0,0,30,889,16240232,-51,1196,-63510816
21:20:15.166,0,0.0,0,0,0,0,0,5,-1411,16240217,-8,104,-63510820
21:20:15.171,0,0.0,0,0,0,0,0,31,1024,16240233,57,-137,-63510824
21:20:15.176,0,0.0,0,0,0,0,0,0,-357,16240224,0,674,-63510820
21:20:15.181,0,0.0,0,0,0,0,0,13,1164,16240233,-19,-550,-63510832
21:20:15.186,0,0.0,0,0,0,0,0,6,-275,16240224,-8,-27,-63510816
21:20:15.191,0,0.0,0,0,0,0,0,5,461,16240228,-3,-108,-63510824
21:20:15.196,0,0.0,0,0,0,0,0,-13,1345,16240232,40,99,-63510820
21:20:15.202,0,0.0,0,0,0,0,0,-9,741,16240228,-35,-558,-63510832
21:20:15.207,0,0.0,0,0,0,0,0,-11,647,16240230,8,30,-63510820
21:20:15.212,0,0.0,0,0,0,0,0,15,-1327,16240217,27,-88,-63510824
21:20:15.217,0,0.0,0,0,0,0,0,21,2427,16240240,2,-573,-63510832
21:20:15.222,0,0.0,0,0,0,0,0,-20,1136,16240233,-52,-54,-63510824
21:20:15.227,0,0.0,0,0,0,0,0,-10,272,16240228,4,-82,-63510824
21:20:15.232,0,0.0,0,0,0,0,0,28,478,16240230,25,-68,-63510824
21:20:15.237,0,0.0,0,0,0,0,0,6,-1260,16240217,4,105,-63510820
21:20:15.242,0,0.0,0,0,0,0,0,-40,584,16240230,15,120,-63510820
21:20:15.247,0,0.0,0,0,0,0,0,5,1283,16240233,-24,68,-63510820
21:20:15.252,0,0.0,0,0,0,0,0,1,979,16240232,-38,-87,-63510824
21:20:15.257,0,0.0,0,0,0,0,0,-5,1570,16240236,-4,-148,-63510824
21:20:15.262,0,0.0,0,0,0,0,0,-13,-1346,16240217,-38,62,-63510820
21:20:15.267,0,0.0,0,0,0,0,0,23,935,16240232,26,-39,-63510824
21:20:15.272,0,0.0,0,0,0,0,0,-48,16,16240226,49,-32,-63510824
21:20:15.277,0,0.0,0,0,0,0,0,-4,364,16240228,-14,-46,-63510824
21:20:15.282,0,0.0,0,0,0,0,0,-18,-695,16240222,-9,-493,-63510832
21:20:15.287,0,0.0,0,0,0,0,0,8,1069,16240233,-40,81,-63510820
21:20:15.293,0,0.0,0,0,0,0,0,-22,-864,16240222,-11,105,-63510820
21:20:15.298,0,0.0,0,0,0,0,0,-10,734,16240232,-2,683,-63510820
21:20:15.303,0,0.0,0,0,0,0,0,-38,1063,16240233,-13,-101,-63510824
21:20:15.308,0,0.0,0,0,0,0,0,-16,-140,16240224,-18,-3,-63510824
21:20:15.313,0,0.0,0,0,0,0,0,25,-292,16240224,18,-5,-63510824
21:20:15.318,0,0.0,0,0,0,0,0,1,221,16240228,44,-520,-63510832
21:20:15.323,0,0.0,0,0,0,0,0,1,-253,16240226,15,-548,-63510832
21:20:15.328,0,0.0,0,0,0,0,0,8,891,16240232,49,93,-63510820
21:20:15.333,0,0.0,0,0,0,0,0,2,396,16240230,38,-520,-63510832
21:20:15.338,0,0.0,0,0,0,0,0,1,-938,16240221,-67,-524,-63510832
21:20:15.343,0,0.0,0,0,0,0,0,0,-1223,16240217,16,581,-63510820
21:20:15.348,0,0.0,0,0,0,0,0,21,1673,16240236,-41,181,-63510820
21:20:15.353,0,0.0,0,0,0,0,0,17,-309,16240224,47,-436,-63510832
21:20:15.358,0,0.0,0,0,0,0,0,13,-1484,16240217,8,-518,-63510832
21:20:15.363,0,0.0,0,0,0,0,0,2,-720,16240222,26,1153,-63510816
21:20:15.368,0,0.0,0,0,0,0,0,9,2200,16240240,-33,-19,-63510820
21:20:15.373,0,0.0,0,0,0,0,0,5,-869,16240222,12,10,-63510820
21:20:15.378,0,0.0,0,0,0,0,0,17,1135,16240232,-3,98,-63510820
21:20:15.383,0,0.0,0,0,0,0,0,0,-1110,16240217,9,-19,-63510824
21:20:15.389,0,0.0,0,0,0,0,0,-1,743,16240230,-20,-638,-63510832
21:20:15.394,0,0.0,0,0,0,0,0,16,596,16240230,9,2458,-63510812
21:20:15.399,0,0.0,0,0,0,0,0,64,1116,16240233,46,-61,-63510824
21:20:15.404,0,0.0,0,0,0,0,0,2,-1515,16240217,-13,-491,-63510832
21:20:15.409,0,0.0,0,0,0,0,0,20,366,16240228,-3,171,-63510820
21:20:15.414,0,0.0,0,0,0,0,0,-10,-1253,16240217,-7,-495,-63510832
21:20:15.419,0,0.0,0,0,0,0,0,3,352,16240228,-24,-50,-63510824
21:20:15.424,0,0.0,0,0,0,0,0,0,-857,16240221,48,-619,-63510832
21:20:15.429,0,0.0,0,0,0,0,0,58,1802,16240237,22,-1283,-63510836
21:20:15.434,0,0.0,0,0,0,0,0,8,1060,16240233,26,-17,-63510824
21:20:15.439,0,0.0,0,0,0,0,0,32,896,16240232,-41,-544,-63510832
21:20:15.444,0,0.0,0,0,0,0,0,-2,-759,16240222,14,665,-63510820
21:20:15.449,0,0.0,0,0,0,0,0,12,-1533,16240217,25,-686,-63510832
21:20:15.454,0,0.0,0,0,0,0,0,0,26,16240226,-8,-568,-63510832
21:20:15.459,0,0.0,0,0,0,0,0,5,-1390,16240217,3,-49,-63510824
21:20:15.464,0,0.0,0,0,0,0,0,2,632,16240230,-12,-529,-63510832
21:20:15.469,0,0.0,0,0,0,0,0,-38,1271,16240232,-16,-584,-63510832
21:20:15.474,0,0.0,0,0,0,0,0,8,-534,16240222,20,87,-63510820
21:20:15.479,0,0.0,0,0,0,0,0,-17,-586,16240222,24,1305,-63510816
21:20:15.485,0,0.0,0,0,0,0,0,-8,473,16240230,19,525,-63510820
21:20:15.490,0,0.0,0,0,0,0,0,-8,718,16240232,-45,125,-63510820
21:20:15.495,0,0.0,0,0,0,0,0,-7,1359,16240236,-1,-43,-63510824
21:20:15.500,0,0.0,0,0,0,0,0,3,-321,16240226,9,-638,-63510832
21:20:15.505,0,0.0,0,0,0,0,0,-7,-412,16240224,-44,753,-63510820
21:20:15.510,0,0.0,0,0,0,0,0,-13,-335,16240224,-79,38,-63510824
21:20:15.515,0,0.0,0,0,0,0,0,4,-826,16240221,-24,-39,-63510824
21:20:15.520,0,0.0,0,0,0,0,0,5,-1485,16240217,-43,-549,-63510832
21:20:15.525,0,0.0,0,0,0,0,0,-22,-1399,16240217,-9,96,-63510820
21:20:15.530,0,0.0,0,0,0,0,0,-9,1029,16240233,41,697,-63510820
21:20:15.535,0,0.0,0,0,0,0,0,19,-838,16240222,4,-160,-63510824
21:20:15.540,0,0.0,0,0,0,0,0,10,804,16240232,-2,-84,-63510824
21:20:15.545,0,0.0,0,0,0,0,0,4,895,16240232,2,-562,-63510832
21:20:15.550,0,0.0,0,0,0,0,0,8,-904,16240222,1,-542,-63510832
21:20:15.555,0,0.0,0,0,0,0,0,22,294,16240217,30,-524,-63510832
21:20:15.560,0,0.0,0,0,0,0,0,-8,78,16240228,15,-750,-63510832
21:20:15.565,0,0.0,0,0,0,0,0,18,-992,16240222,-10,-735,-63510832
21:20:15.570,0,0.0,0,0,0,0,0,-8,2460,16240237,-18,-23,-63510824
21:20:15.576,0,0.0,0,0,0,0,0,9,620,16240232,35,62,-63510820
21:20:15.581,0,0.0,0,0,0,0,0,-4,662,16240232,-45,2,-63510824
21:20:15.586,0,0.0,0,0,0,0,0,71,789,16240233,39,-514,-63510832
21:20:15.591,0,0.0,0,0,0,0,0,25,-994,16240222,14,-504,-63510832
21:20:15.596,0,0.0,0,0,0,0,0,12,-967,16240222,-2,-553,-63510832
21:20:15.601,0,0.0,0,0,0,0,0,1,-1794,16240217,2,-199,-63510824
21:20:15.606,0,0.0,0,0,0,0,0,-6,193,16240228,24,-71,-63510824
21:20:15.611,0,0.0,0,0,0,0,0,11,-1715,16240217,-23,540,-63510820
21:20:15.616,0,0.0,0,0,0,0,0,7,-263,16240226,-8,-70,-63510824
21:20:15.621,0,0.0,0,0,0,0,0,24,1015,16240233,3,2339,-63510812
21:20:15.626,0,0.0,0,0,0,0,0,20,-1417,16240217,63,-522,-63510832
21:20:15.631,0,0.0,0,0,0,0,0,3,1188,16240233,4,-105,-63510824
21:20:15.636,0,0.0,0,0,0,0,0,0,342,16240224,-14,-4,-63510820
21:20:15.641,0,0.0,0,0,0,0,0,19,1526,16240236,9,-685,-63510832
21:20:15.646,0,0.0,0,0,0,0,0,-13,817,16240232,2,-113,-63510824
21:20:15.651,0,0.0,0,0,0,0,0,11,-2298,16240213,3,-71,-63510824
21:20:15.656,0,0.0,0,0,0,0,0,-10,-2165,16240213,8,-70,-63510824
21:20:15.661,0,0.0,0,0,0,0,0,17,223,16240230,-2,-62,-63510824
21:20:15.667,0,0.0,0,0,0,0,0,-5,151,16240228,19,-553,-63510832
21:20:15.672,0,0.0,0,0,0,0,0,-4,349,16240230,-10,585,-63510820
21:20:15.677,0,0.0,0,0,0,0,0,-30,-887,16240222,2,-600,-63510832
21:20:15.682,0,0.0,0,0,0,0,0,0,762,16240232,-34,-583,-63510832
21:20:15.687,0,0.0,0,0,0,0,0,0,916,16240232,-12,-456,-63510832
21:20:15.692,0,0.0,0,0,0,0,0,11,1483,16240236,7,1253,-63510816
21:20:15.697,0,0.0,0,0,0,0,0,0,379,16240233,15,-547,-63510832
21:20:15.702,0,0.0,0,0,0,0,0,-31,507,16240230,9,64,-63510820
21:20:15.707,0,0.0,0,0,0,0,0,-17,-829,16240222,-7,585,-63510820
21:20:15.712,0,0.0,0,0,0,0,0,19,1015,16240232,25,-86,-63510824
21:20:15.717,0,0.0,0,0,0,0,0,5,-1617,16240217,-4,-517,-63510832
21:20:15.722,0,0.0,0,0,0,0,0,2,148,16240230,-67,-42,-63510824
21:20:15.727,0,0.0,0,0,0,0,0,15,1915,16240240,15,204,-63510820
21:20:15.732,0,0.0,0,0,0,0,0,0,332,16240230,41,-606,-63510832
21:20:15.737,0,0.0,0,0,0,0,0,35,-1316,16240217,26,31,-63510820
21:20:15.742,0,0.0,0,0,0,0,0,0,1000,16240232,19,-613,-63510832
21:20:15.747,0,0.0,0,0,0,0,0,0,-616,16240221,-21,15,-63510820
21:20:15.752,0,0.0,0,0,0,0,0,-5,-728,16240221,4,498,-63510820
21:20:15.758,0,0.0,0,0,0,0,0,1,-42,16240226,2,1108,-63510816
21:20:15.763,0,0.0,0,0,0,0,0,4,-648,16240217,-30,-586,-63510832
21:20:15.768,0,0.0,0,0,0,0,0,18,1005,16240232,-1,-106,-63510824
21:20:15.773,0,0.0,0,0,0,0,0,11,-1306,16240217,-81,-80,-63510824
21:20:15.778,0,0.0,0,0,0,0,0,-13,542,16240230,28,-661,-63510832
21:20:15.783,0,0.0,0,0,0,0,0,-44,400,16240233,-34,591,-63510820
21:20:15.788,0,0.0,0,0,0,0,0,-16,-248,16240224,-58,-469,-63510832
21:20:15.793,0,0.0,0,0,0,0,0,7,-179,16240224,24,101,-63510820
21:20:15.798,0,0.0,0,0,0,0,0,-8,-1359,16240217,-7,-110,-63510824
21:20:15.803,0,0.0,0,0,0,0,0,3,-1465,16240217,-11,-633,-63510832
21:20:15.808,0,0.0,0,0,0,0,0,25,303,16240228,25,-94,-63510824
21:20:15.813,0,0.0,0,0,0,0,0,13,340,16240230,-62,1066,-63510816
21:20:15.818,0,0.0,0,0,0,0,0,17,-1991,16240213,-8,-107,-63510824
21:20:15.823,0,0.0,0,0,0,0,0,-10,-49,16240224,-37,490,-63510820
21:20:15.828,0,0.0,0,0,0,0,0,5,24,16240224,25,75,-63510820
21:20:15.833,0,0.0,0,0,0,0,0,11,-2188,16240209,9,497,-63510820
21:20:15.838,0,0.0,0,0,0,0,0,-4,1485,16240233,3,1270,-63510816
21:20:15.843,0,0.0,0,0,0,0,0,-21,879,16240230,-25,-129,-63510824
21:20:15.849,0,0.0,0,0,0,0,0,9,1765,16240236,37,-131,-63510824
21:20:15.854,0,0.0,0,0,0,0,0,-26,567,16240228,-14,-719,-63510832
21:20:15.859,0,0.0,0,0,0,0,0,4,-1142,16240217,-23,-528,-63510832
21:20:15.864,0,0.0,0,0,0,0,0,5,439,16240228,-41,1138,-63510816
21:20:15.869,0,0.0,0,0,0,0,0,11,-686,16240221,-99,-96,-63510824
21:20:15.874,0,0.0,0,0,0,0,0,-4,2,16240226,43,-106,-63510824
21:20:15.879,0,0.0,0,0,0,0,0,-20,797,16240230,6,95,-63510820
21:20:15.884,0,0.0,0,0,0,0,0,4,-778,16240221,-7,-44,-63510824
21:20:15.889,0,0.0,0,0,0,0,0,7,1206,16240233,-44,-497,-63510832
21:20:15.894,0,0.0,0,0,0,0,0,-7,-819,16240222,17,-41,-63510824
21:20:15.899,0,0.0,0,0,0,0,0,-14,-290,16240226,-27,-533,-63510832
21:20:15.914,0,0.0,0,0,0,0,0,26,-857,16240222,20,137,-63510820
21:20:15.919,0,0.0,0,0,0,0,0,-24,-28,16240226,63,0,-63510824
21:20:15.924,0,0.0,0,0,0,0,0,10,-656,16240221,1,99,-63510820
21:20:15.929,0,0.0,0,0,0,0,0,11,-716,16240221,-18,-70,-63510824
21:20:15.934,0,0.0,0,0,0,0,0,11,491,16240228,53,119,-63510820
21:20:15.939,0,0.0,0,0,0,0,0,10,-512,16240222,-21,188,-63510820
21:20:15.945,0,0.0,0,0,0,0,0,-10,496,16240228,-4,-22,-63510824
21:20:15.950,0,0.0,0,0,0,0,0,5,-777,16240222,-23,-9,-63510824
21:20:15.955,0,0.0,0,0,0,0,0,9,-819,16240222,30,215,-63510820
21:20:15.960,0,0.0,0,0,0,0,0,-15,1105,16240233,35,1397,-63510816
21:20:15.965,0,0.0,0,0,0,0,0,-21,-1478,16240217,51,161,-63510820
21:20:15.970,0,0.0,0,0,0,0,0,40,-1195,16240221,-6,36,-63510824
21:20:15.975,0,0.0,0,0,0,0,0,1,-338,16240226,32,796,-63510820
21:20:15.980,0,0.0,0,0,0,0,0,-7,-1536,16240217,-2,-505,-63510832
21:20:15.985,0,0.0,0,0,0,0,0,20,-750,16240221,31,-72,-63510824
21:20:15.990,0,0.0,0,0,0,0,0,-25,705,16240228,14,-507,-63510832
21:20:15.995,0,0.0,0,0,0,0,0,-5,-828,16240217,-21,104,-63510820
21:20:16.000,0,0.0,0,0,0,0,0,19,373,16240224,-36,-445,-63510832
21:20:16.005,0,0.0,0,0,0,0,0,11,1402,16240232,0,-1084,-63510832
21:20:16.010,0,0.0,0,0,0,0,0,-17,-1321,16240217,0,-488,-63510832
21:20:16.015,0,0.0,0,0,0,0,0,-7,1277,16240233,25,1330,-63510816
21:20:16.020,0,0.0,0,0,0,0,0,-2,-789,16240221,25,-33,-63510824
21:20:16.025,0,0.0,0,0,0,0,0,0,116,16240226,7,172,-63510820
21:20:16.031,0,0.0,0,0,0,0,0,0,1195,16240233,49,47,-63510824
21:20:16.036,0,0.0,0,0,0,0,0,18,-1261,16240217,24,40,-63510824
21:20:16.041,0,0.0,0,0,0,0,0,1,20,16240226,4,-441,-63510832
21:20:16.046,0,0.0,0,0,0,0,0,11,-1284,16240217,8,-10,-63510832
21:20:16.051,0,0.0,0,0,0,0,0,13,-235,16240224,21,1918,-63510816
21:20:16.056,0,0.0,0,0,0,0,0,3,985,16240232,14,-423,-63510832
21:20:16.061,0,0.0,0,0,0,0,0,7,1195,16240233,3,18,-63510824
21:20:16.066,0,0.0,0,0,0,0,0,-18,590,16240230,51,-80,-63510824
21:20:16.071,0,0.0,0,0,0,0,0,0,1209,16240217,15,754,-63510820
21:20:16.076,0,0.0,0,0,0,0,0,0,-706,16240221,18,-502,-63510832
21:20:16.081,0,0.0,0,0,0,0,0,-10,1552,16240236,14,22,-63510824
21:20:16.086,0,0.0,0,0,0,0,0,-2,-1539,16240217,63,207,-63510820
21:20:16.091,0,0.0,0,0,0,0,0,-4,902,16240232,24,-384,-63510832
21:20:16.096,0,0.0,0,0,0,0,0,14,358,16240230,-35,-1,-63510824
21:20:16.101,0,0.0,0,0,0,0,0,5,-1002,16240221,52,-1225,-63510836
21:20:16.106,0,0.0,0,0,0,0,0,-9,-136,16240226,3,-587,-63510832
21:20:16.111,0,0.0,0,0,0,0,0,5,-1332,16240217,36,-670,-63510832
21:20:16.116,0,0.0,0,0,0,0,0,-2,417,16240228,9,113,-63510820
21:20:16.122,0,0.0,0,0,0,0,0,-10,-34,16240226,-4,-526,-63510832
21:20:16.127,0,0.0,0,0,0,0,0,9,-169,16240226,-8,-36,-63510824
21:20:16.132,0,0.0,0,0,0,0,0,-23,601,16240230,33,-88,-63510824
21:20:16.137,0,0.0,0,0,0,0,0,8,-1229,16240217,-12,-46,-63510824
21:20:16.142,0,0.0,0,0,0,0,0,7,-118,16240224,-19,99,-63510820
21:20:16.147,0,0.0,0,0,0,0,0,15,1063,16240233,8,-471,-63510820
21:20:16.152,0,0.0,0,0,0,0,0,4,-1550,16240217,9,-18,-63510824
21:20:16.157,0,0.0,0,0,0,0,0,5,434,16240228,-22,-443,-63510832
21:20:16.162,0,0.0,0,0,0,0,0,14,-648,16240222,24,-18,-63510824
21:20:16.167,0,0.0,0,0,0,0,0,-4,-1064,16240221,61,535,-63510820
21:20:16.172,0,0.0,0,0,0,0,0,-7,-486,16240224,-40,-1138,-63510832
21:20:16.177,0,0.0,0,0,0,0,0,-62,2156,16240241,-16,33,-63510824
21:20:16.182,0,0.0,0,0,0,0,0,-20,1217,16240236,-38,-31,-63510824
21:20:16.187,0,0.0,0,0,0,0,0,-51,-993,16240222,9,-516,-63510832
21:20:16.192,0,0.0,0,0,0,0,0,-2,-1667,16240222,14,-31,-63510824
21:20:16.198,0,0.0,0,0,0,0,0,-33,392,16240230,-16,-450,-63510832
21:20:16.203,0,0.0,0,0,0,0,0,-2,-413,16240224,-14,-473,-63510832
21:20:16.208,0,0.0,0,0,0,0,0,11,-947,16240221,-70,-616,-63510832
21:20:16.213,0,0.0,0,0,0,0,0,0,253,16240228,-8,-9,-63510824
21:20:16.218,0,0.0,0,0,0,0,0,-3,-113,16240226,5,-463,-63510832
21:20:16.223,0,0.0,0,0,0,0,0,1,1134,16240233,14,5,-63510824
21:20:16.228,0,0.0,0,0,0,0,0,-1,1185,16240232,11,134,-63510820
21:20:16.233,0,0.0,0,0,0,0,0,39,605,16240228,52,-591,-63510832
21:20:16.238,0,0.0,0,0,0,0,0,2,-1120,16240217,31,111,-63510820
21:20:16.243,0,0.0,0,0,0,0,0,46,2163,16240237,30,622,-63510820
21:20:16.248,0,0.0,0,0,0,0,0,-5,949,16240230,28,-496,-63510832
21:20:16.253,0,0.0,0,0,0,0,0,6,117,16240226,25,826,-63510832
21:20:16.258,0,0.0,0,0,0,0,0,0,927,16240232,-58,7,-63510824
21:20:16.263,0,0.0,0,0,0,0,0,58,154,16240228,8,-611,-63510832
21:20:16.268,0,0.0,0,0,0,0,0,-9,917,16240232,9,838,-63510820
21:20:16.273,0,0.0,0,0,0,0,0,-7,1151,16240233,-99,-460,-63510832
21:20:16.279,0,0.0,0,0,0,0,0,15,-1440,16240217,-10,114,-63510820
21:20:16.284,0,0.0,0,0,0,0,0,12,-920,16240222,60,120,-63510820
21:20:16.289,0,0.0,0,0,0,0,0,9,-255,16240224,9,159,-63510820
21:20:16.294,0,0.0,0,0,0,0,0,30,1028,16240233,-2,1285,-63510816
21:20:16.299,0,0.0,0,0,0,0,0,-10,503,16240230,20,2,-63510824
21:20:16.304,0,0.0,0,0,0,0,0,-14,852,16240232,-72,10,-63510824
21:20:16.309,0,0.0,0,0,0,0,0,-7,369,16240230,50,11,-63510824
21:20:16.314,0,0.0,0,0,0,0,0,4,-47,16240226,3,-454,-63510832
21:20:16.319,0,0.0,0,0,0,0,0,0,-778,16240221,-40,-451,-63510832
21:20:16.325,0,0.0,0,0,0,0,0,47,-785,16240222,-11,1,-63510824
21:20:16.330,0,0.0,0,0,0,0,0,25,-2122,16240213,-44,-620,-63510832
21:20:16.335,0,0.0,0,0,0,0,0,2,924,16240232,-75,644,-63510820
21:20:16.340,0,0.0,0,0,0,0,0,12,-1621,16240217,7,150,-63510820
21:20:16.345,0,0.0,0,0,0,0,0,7,40,16240228,44,-84,-63510824
21:20:16.350,0,0.0,0,0,0,0,0,-9,-258,16240224,-2,562,-63510820
21:20:16.355,0,0.0,0,0,0,0,0,28,439,16240230,-19,104,-63510820
21:20:16.360,0,0.0,0,0,0,0,0,-34,-754,16240222,-30,-5,-63510824
21:20:16.365,0,0.0,0,0,0,0,0,3,-231,16240224,30,42,-63510820
21:20:16.370,0,0.0,0,0,0,0,0,2,-314,16240224,57,-707,-63510832
21:20:16.375,0,0.0,0,0,0,0,0,-9,-764,16240222,15,-52,-63510824
21:20:16.380,0,0.0,0,0,0,0,0,-35,-99,16240226,13,-483,-63510832
21:20:16.385,0,0.0,0,0,0,0,0,16,555,16240230,51,189,-63510820
21:20:16.390,0,0.0,0,0,0,0,0,-20,-910,16240221,45,25,-63510824
21:20:16.395,0,0.0,0,0,0,0,0,17,-1380,16240217,4,153,-63510820
21:20:16.401,0,0.0,0,0,0,0,0,-10,-329,16240224,-18,-431,-63510832
21:20:16.406,0,0.0,0,0,0,0,0,-18,-880,16240221,13,-9,-63510824
21:20:16.411,0,0.0,0,0,0,0,0,-1,882,16240232,-21,-533,-63510832
21:20:16.416,0,0.0,0,0,0,0,0,-4,115,16240228,-58,-611,-63510832
21:20:16.421,0,0.0,0,0,0,0,0,2,1444,16240236,-4,-458,-63510832
21:20:16.426,0,0.0,0,0,0,0,0,-21,1509,16240236,-72,-34,-63510824
21:20:16.431,0,0.0,0,0,0,0,0,5,363,16240228,22,595,-63510820
21:20:16.436,0,0.0,0,0,0,0,0,7,-119,16240226,9,1371,-63510816
21:20:16.441,0,0.0,0,0,0,0,0,-33,440,16240230,20,-71,-63510824
21:20:16.446,0,0.0,0,0,0,0,0,0,190,16240228,-8,1234,-63510816
21:20:16.451,0,0.0,0,0,0,0,0,6,832,16240232,20,18,-63510824
21:20:16.456,0,0.0,0,0,0,0,0,3,1491,16240236,-103,-76,-63510824
21:20:16.461,0,0.0,0,0,0,0,0,12,297,16240228,-39,-607,-63510832
21:20:16.466,0,0.0,0,0,0,0,0,16,902,16240232,17,-1147,-63510824
21:20:16.471,0,0.0,0,0,0,0,0,5,843,16240232,38,-29,-63510824
21:20:16.476,0,0.0,0,0,0,0,0,0,176,16240228,12,-140,-63510824
21:20:16.481,0,0.0,0,0,0,0,0,-17,288,16240228,-14,-74,-63510824
21:20:16.486,0,0.0,0,0,0,0,0,5,-319,16240241,-113,185,-63510820
21:20:16.491,0,0.0,0,0,0,0,0,33,-248,16240224,12,95,-63510824
21:20:16.497,0,0.0,0,0,0,0,0,-23,-1172,16240217,61,-447,-63510832
21:20:16.502,0,0.0,0,0,0,0,0,-7,-185,16240224,-33,-12,-63510824
21:20:16.507,0,0.0,0,0,0,0,0,-6,863,16240232,6,-512,-63510824
21:20:16.512,0,0.0,0,0,0,0,0,-24,-1183,16240217,-96,-476,-63510832
21:20:16.517,0,0.0,0,0,0,0,0,17,63,16240224,15,-476,-63510832
21:20:16.522,0,0.0,0,0,0,0,0,-3,143,16240224,-79,40,-63510824
21:20:16.527,0,0.0,0,0,0,0,0,-22,-984,16240228,26,781,-63510820
21:20:16.532,0,0.0,0,0,0,0,0,-1,-3537,16240202,-26,2086,-63510816
21:20:16.537,0,0.0,0,0,0,0,0,11,1259,16240232,-8,781,-63510820
21:20:16.542,0,0.0,0,0,0,0,0,-9,493,16240228,-68,2456,-63510812
21:20:16.547,0,0.0,0,0,0,0,0,19,571,16240228,33,-42,-63510824
21:20:16.552,0,0.0,0,0,0,0,0,0,636,16240228,-22,178,-63510820
21:20:16.557,0,0.0,0,0,0,0,0,-4,-137,16240224,8,-12,-63510824
21:20:16.562,0,0.0,0,0,0,0,0,21,-99,16240224,-35,146,-63510820
21:20:16.567,0,0.0,0,0,0,0,0,-3,-1360,16240217,-57,-495,-63510832
21:20:16.572,0,0.0,0,0,0,0,0,-12,-630,16240222,21,-425,-63510832
21:20:16.577,0,0.0,0,0,0,0,0,-10,379,16240228,-39,821,-63510820
21:20:16.583,0,0.0,0,0,0,0,0,-2,-1428,16240217,20,805,-63510820
21:20:16.588,0,0.0,0,0,0,0,0,-1,-565,16240221,-3,817,-63510820
21:20:16.593,0,0.0,0,0,0,0,0,2,-421,16240222,-57,124,-63510820
21:20:16.593,0,0.0,0,0,0,0,0,10,1189,16240232,26,1884,-63510816
21:20:16.598,0,0.0,0,0,0,0,0,2,1140,16240233,40,-608,-63510832
21:20:16.603,0,0.0,0,0,0,0,0,-5,-936,16240221,20,-608,-63510832
21:20:16.608,0,0.0,0,0,0,0,0,-11,-898,16240222,-2,1285,-63510816
21:20:16.613,0,0.0,0,0,0,0,0,0,330,16240230,12,-50,-63510824
21:20:16.618,0,0.0,0,0,0,0,0,-23,-1390,16240217,35,-506,-63510832
21:20:16.623,0,0.0,0,0,0,0,0,8,-48,16240226,33,773,-63510820
21:20:16.628,0,0.0,0,0,0,0,0,0,-62,16240226,74,-54,-63510824
21:20:16.634,0,0.0,0,0,0,0,0,5,1061,16240233,-45,848,-63510820
21:20:16.639,0,0.0,0,0,0,0,0,10,-1578,16240217,25,-1195,-63510832
21:20:16.644,0,0.0,0,0,0,0,0,1,929,16240233,-12,2570,-63510812
21:20:16.649,0,0.0,0,0,0,0,0,5,-438,16240224,63,-399,-63510832
21:20:16.654,0,0.0,0,0,0,0,0,11,1136,16240232,-2,259,-63510820
21:20:16.659,0,0.0,0,0,0,0,0,-6,-140,16240226,9,71,-63510824
21:20:16.664,0,0.0,0,0,0,0,0,-33,840,16240233,20,174,-63510820
21:20:16.669,0,0.0,0,0,0,0,0,-20,-344,16240224,40,179,-63510820
21:20:16.674,0,0.0,0,0,0,0,0,-3,497,16240228,25,174,-63510820
21:20:16.679,0,0.0,0,0,0,0,0,-12,518,16240228,-20,-522,-63510832
21:20:16.684,0,0.0,0,0,0,0,0,-7,511,16240230,12,53,-63510820
21:20:16.689,0,0.0,0,0,0,0,0,-2,1630,16240237,-5,-46,-63510824
21:20:16.694,0,0.0,0,0,0,0,0,-26,-955,16240222,-19,-479,-63510832
21:20:16.699,0,0.0,0,0,0,0,0,-1,-1440,16240217,-4,-554,-63510832
21:20:16.704,0,0.0,0,0,0,0,0,3,-896,16240221,28,-12,-63510824
21:20:16.709,0,0.0,0,0,0,0,0,10,302,16240228,-44,-650,-63510832
21:20:16.715,0,0.0,0,0,0,0,0,-6,-652,16240222,9,1881,-63510816
21:20:16.720,0,0.0,0,0,0,0,0,6,-281,16240224,15,35,-63510824
21:20:16.725,0,0.0,0,0,0,0,0,3,480,16240230,30,-428,-63510832
21:20:16.730,0,0.0,0,0,0,0,0,-4,617,16240230,3,22,-63510824
21:20:16.735,0,0.0,0,0,0,0,0,-29,1742,16240236,4,52,-63510824
21:20:16.740,0,0.0,0,0,0,0,0,18,-2762,16240208,9,238,-63510820
21:20:16.745,0,0.0,0,0,0,0,0,-37,898,16240230,23,-422,-63510832
21:20:16.750,0,0.0,0,0,0,0,0,-30,-525,16240222,-75,20,-63510824
21:20:16.755,0,0.0,0,0,0,0,0,-2,2215,16240241,-20,-16,-63510824
21:20:16.760,0,0.0,0,0,0,0,0,8,799,16240232,-20,-58,-63510824
21:20:16.765,0,0.0,0,0,0,0,0,-4,484,16240230,10,-40,-63510824
21:20:16.770,0,0.0,0,0,0,0,0,-8,-800,16240221,-12,23,-63510824
21:20:16.775,0,0.0,0,0,0,0,0,14,-892,16240221,-12,-400,-63510832
21:20:16.780,0,0.0,0,0,0,0,0,-20,-916,16240222,30,-447,-63510832
21:20:16.785,0,0.0,0,0,0,0,0,11,844,16240232,26,-447,-63510832
21:20:16.790,0,0.0,0,0,0,0,0,3,-785,16240222,-57,-412,-63510832
21:20:16.795,0,0.0,0,0,0,0,0,-8,542,16240230,8,59,-63510824
21:20:16.800,0,0.0,0,0,0,0,0,-9,528,16240230,-67,-11,-63510824
21:20:16.806,0,0.0,0,0,0,0,0,6,-1354,16240217,66,575,-63510820
21:20:16.811,0,0.0,0,0,0,0,0,-4,412,16240228,19,-15,-63510824
21:20:16.816,0,0.0,0,0,0,0,0,-1,327,16240228,7,-425,-63510832
21:20:16.821,0,0.0,0,0,0,0,0,-3,-2718,16240208,28,-20,-63510824
21:20:16.826,0,0.0,0,0,0,0,0,-9,-193,16240226,47,-458,-63510832
21:20:16.831,0,0.0,0,0,0,0,0,-37,920,16240232,15,-489,-63510832
21:20:16.836,0,0.0,0,0,0,0,0,3,-1180,16240217,-51,624,-63510820
21:20:16.841,0,0.0,0,0,0,0,0,-14,-264,16240224,3,22,-63510824
21:20:16.846,0,0.0,0,0,0,0,0,12,-841,16240222,-14,-412,-63510832
21:20:16.851,0,0.0,0,0,0,0,0,17,1830,16240236,8,1281,-63510816
21:20:16.856,0,0.0,0,0,0,0,0,30,1045,16240232,-97,94,-63510824
21:20:16.861,0,0.0,0,0,0,0,0,-22,-582,16240222,-58,697,-63510820
21:20:16.871,0,0.0,0,0,0,0,0,-17,-1295,16240217,-3,-423,-63510832
21:20:16.876,0,0.0,0,0,0,0,0,6,-854,16240221,29,49,-63510824
21:20:16.881,0,0.0,0,0,0,0,0,-71,1655,16240236,-14,-430,-63510832
21:20:16.886,0,0.0,0,0,0,0,0,-23,-3,16240226,-10,5,-63510824
21:20:16.886,0,0.0,0,0,0,0,0,7,1130,16240232,-86,1428,-63510816
21:20:16.891,0,0.0,0,0,0,0,0,6,359,16240228,4,-452,-63510832
21:20:16.897,0,0.0,0,0,0,0,0,-6,494,16240230,-40,-406,-63510832
21:20:16.902,0,0.0,0,0,0,0,0,-2,938,16240232,15,203,-63510820
21:20:16.907,0,0.0,0,0,0,0,0,3,-258,16240224,60,597,-63510820
21:20:16.912,0,0.0,0,0,0,0,0,14,-717,16240222,8,1390,-63510816
21:20:16.917,0,0.0,0,0,0,0,0,4,-970,16240221,27,-500,-63510832
21:20:16.922,0,0.0,0,0,0,0,0,-3,-611,16240222,3,18,-63510824
21:20:16.927,0,0.0,0,0,0,0,0,-1,55,16240224,45,-50,-63510824
21:20:16.932,0,0.0,0,0,0,0,0,12,-319,16240222,14,-552,-63510832
21:20:16.937,0,0.0,0,0,0,0,0,6,-815,16240221,-2,-469,-63510832
21:20:16.942,0,0.0,0,0,0,0,0,6,1694,16240237,-31,-479,-63510832
21:20:16.947,0,0.0,0,0,0,0,0,6,-2163,16240212,-4,-431,-63510832
21:20:16.952,0,0.0,0,0,0,0,0,0,340,16240217,46,1186,-63510816
21:20:16.957,0,0.0,0,0,0,0,0,3,912,16240232,-12,-533,-63510832
21:20:16.962,0,0.0,0,0,0,0,0,-1,283,16240228,-1,35,-63510820
21:20:16.967,0,0.0,0,0,0,0,0,17,-975,16240222,-46,773,-63510820
21:20:16.972,0,0.0,0,0,0,0,0,-3,1033,16240232,31,627,-63510820
21:20:16.977,0,0.0,0,0,0,0,0,-13,-794,16240221,26,1192,-63510816
21:20:16.982,0,0.0,0,0,0,0,0,-5,1052,16240232,-8,-76,-63510824
21:20:16.988,0,0.0,0,0,0,0,0,-5,-1571,16240217,22,67,-63510820
21:20:16.993,0,0.0,0,0,0,0,0,14,-1440,16240217,-4,-37,-63510824
21:20:16.998,0,0.0,0,0,0,0,0,16,895,16240232,3,1771,-63510816
21:20:17.003,0,0.0,0,0,0,0,0,21,947,16240232,15,-19,-63510824
21:20:17.008,0,0.0,0,0,0,0,0,15,-638,16240224,-11,-461,-63510832
21:20:17.013,0,0.0,0,0,0,0,0,8,238,16240226,76,-494,-63510832
21:20:17.018,0,0.0,0,0,0,0,0,-6,247,16240226,7,171,-63510820
21:20:17.023,0,0.0,0,0,0,0,0,19,112,16240226,-31,-1,-63510824
21:20:17.028,0,0.0,0,0,0,0,0,-4,-357,16240224,46,-39,-63510824
21:20:17.033,0,0.0,0,0,0,0,0,13,1006,16240217,-33,-504,-63510832
21:20:17.038,0,0.0,0,0,0,0,0,-1,-991,16240221,19,5,-63510824
21:20:17.043,0,0.0,0,0,0,0,0,-25,910,16240232,20,-617,-63510832
21:20:17.048,0,0.0,0,0,0,0,0,-2,-719,16240222,9,202,-63510820
21:20:17.053,0,0.0,0,0,0,0,0,21,513,16240230,-9,1239,-63510816
21:20:17.058,0,0.0,0,0,0,0,0,-15,-1364,16240217,-3,1423,-63510816
21:20:17.063,0,0.0,0,0,0,0,0,1,298,16240228,25,-506,-63510832
21:20:17.068,0,0.0,0,0,0,0,0,-15,448,16240230,36,-534,-63510832
21:20:17.073,0,0.0,0,0,0,0,0,-7,-343,16240224,-8,594,-63510820
21:20:17.079,0,0.0,0,0,0,0,0,-36,-357,16240224,13,-501,-63510832
21:20:17.084,0,0.0,0,0,0,0,0,0,1063,16240233,59,658,-63510820
21:20:17.089,0,0.0,0,0,0,0,0,-9,-1400,16240217,67,-536,-63510832
21:20:17.094,0,0.0,0,0,0,0,0,2,872,16240232,8,-125,-63510824
21:20:17.099,0,0.0,0,0,0,0,0,-4,-1393,16240217,13,-23,-63510824
21:20:17.104,0,0.0,0,0,0,0,0,17,-1205,16240217,6,-10,-63510824
21:20:17.109,0,0.0,0,0,0,0,0,-7,47,16240226,13,1300,-63510816
21:20:17.114,0,0.0,0,0,0,0,0,0,-201,16240226,-42,-14,-63510824
21:20:17.119,0,0.0,0,0,0,0,0,55,77,16240228,18,674,-63510820
21:20:17.124,0,0.0,0,0,0,0,0,10,1386,16240236,-64,-430,-63510832
21:20:17.129,0,0.0,0,0,0,0,0,0,710,16240232,9,21,-63510824
21:20:17.134,0,0.0,0,0,0,0,0,14,901,16240233,1,-567,-63510832
21:20:17.139,0,0.0,0,0,0,0,0,-7,223,16240228,31,65,-63510820
21:20:17.144,0,0.0,0,0,0,0,0,3,-19,16240226,-47,-477,-63510832
21:20:17.149,0,0.0,0,0,0,0,0,69,1155,16240233,-80,-61,-63510824
21:20:17.154,0,0.0,0,0,0,0,0,-15,-120,16240226,20,-449,-63510832
21:20:17.159,0,0.0,0,0,0,0,0,1,1563,16240236,-6,1387,-63510816
21:20:17.164,0,0.0,0,0,0,0,0,2,-914,16240221,-91,-113,-63510824
21:20:17.170,0,0.0,0,0,0,0,0,9,865,16240232,27,-514,-63510832
21:20:17.175,0,0.0,0,0,0,0,0,7,-200,16240226,-66,-640,-63510832
21:20:17.180,0,0.0,0,0,0,0,0,0,-1349,16240217,-7,24,-63510824
21:20:17.185,0,0.0,0,0,0,0,0,13,-430,16240224,46,-458,-63510832
21:20:17.190,0,0.0,0,0,0,0,0,11,799,16240232,-7,-495,-63510832
21:20:17.195,0,0.0,0,0,0,0,0,17,859,16240232,-14,163,-63510820
21:20:17.200,0,0.0,0,0,0,0,0,-13,953,16240233,-13,1451,-63510816
21:20:17.205,0,0.0,0,0,0,0,0,5,1374,16240237,7,-506,-63510832
21:20:17.210,0,0.0,0,0,0,0,0,19,660,16240232,2,-48,-63510824
21:20:17.215,0,0.0,0,0,0,0,0,34,-479,16240224,29,-468,-63510832
21:20:17.220,0,0.0,0,0,0,0,0,-4,1054,16240232,17,-401,-63510832
21:20:17.225,0,0.0,0,0,0,0,0,1,-999,16240221,30,642,-63510820
21:20:17.230,0,0.0,0,0,0,0,0,-8,907,16240232,-8,-480,-63510832
21:20:17.235,0,0.0,0,0,0,0,0,-2,902,16240232,13,-491,-63510832
21:20:17.240,0,0.0,0,0,0,0,0,-6,1636,16240224,2,-181,-63510824
21:20:17.245,0,0.0,0,0,0,0,0,25,418,16240228,14,542,-63510820
21:20:17.250,0,0.0,0,0,0,0,0,-2,-1329,16240217,45,-134,-63510824
21:20:17.255,0,0.0,0,0,0,0,0,-7,-787,16240221,20,-100,-63510824
21:20:17.261,0,0.0,0,0,0,0,0,-4,1258,16240233,-10,7,-63510824
21:20:17.266,0,0.0,0,0,0,0,0,6,-132,16240226,3,154,-63510820
21:20:17.271,0,0.0,0,0,0,0,0,18,96,16240226,23,14,-63510824
21:20:17.276,0,0.0,0,0,0,0,0,-15,-865,16240221,-47,-54,-63510824
21:20:17.281,0,0.0,0,0,0,0,0,-3,-2564,16240209,20,-460,-63510832
21:20:17.286,0,0.0,0,0,0,0,0,-1,943,16240232,12,9,-63510824
21:20:17.291,0,0.0,0,0,0,0,0,-5,-75,16240226,19,5,-63510824
21:20:17.296,0,0.0,0,0,0,0,0,9,1719,16240236,-14,190,-63510820
21:20:17.301,0,0.0,0,0,0,0,0,6,-176,16240224,-25,25,-63510824
21:20:17.306,0,0.0,0,0,0,0,0,2,1061,16240232,36,-14,-63510824
21:20:17.311,0,0.0,0,0,0,0,0,15,555,16240230,3,5,-63510824
21:20:17.316,0,0.0,0,0,0,0,0,40,1166,16240233,-75,2010,-63510816
21:20:17.321,0,0.0,0,0,0,0,0,-2,674,16240230,23,618,-63510820
21:20:17.326,0,0.0,0,0,0,0,0,-24,-132,16240224,15,-413,-63510832
21:20:17.331,0,0.0,0,0,0,0,0,3,416,16240228,13,-409,-63510832
21:20:17.336,0,0.0,0,0,0,0,0,-2,-78,16240226,74,195,-63510820
21:20:17.341,0,0.0,0,0,0,0,0,-25,-634,16240222,14,101,-63510824
21:20:17.352,0,0.0,0,0,0,0,0,25,1073,16240233,27,-454,-63510832
21:20:17.357,0,0.0,0,0,0,0,0,14,-168,16240226,-44,-405,-63510832
21:20:17.362,0,0.0,0,0,0,0,0,3,1625,16240236,-70,-33,-63510824
21:20:17.367,0,0.0,0,0,0,0,0,4,1121,16240233,8,63,-63510820
21:20:17.367,0,0.0,0,0,0,0,0,-21,534,16240230,12,-551,-63510832
21:20:17.372,0,0.0,0,0,0,0,0,-7,1244,16240233,-44,20,-63510824
21:20:17.377,0,0.0,0,0,0,0,0,1,903,16240232,1,151,-63510820
21:20:17.382,0,0.0,0,0,0,0,0,21,891,16240232,0,-487,-63510832
21:20:17.387,0,0.0,0,0,0,0,0,6,523,16240230,-46,-61,-63510824
21:20:17.392,0,0.0,0,0,0,0,0,-10,-1383,16240217,-2,-538,-63510832
21:20:17.397,0,0.0,0,0,0,0,0,-54,1127,16240233,-20,1241,-63510816
21:20:17.402,0,0.0,0,0,0,0,0,-18,317,16240228,-1,-40,-63510824
21:20:17.407,0,0.0,0,0,0,0,0,-7,-818,16240222,36,-606,-63510832
21:20:17.412,0,0.0,0,0,0,0,0,-10,-329,16240224,2,197,-63510820
21:20:17.417,0,0.0,0,0,0,0,0,30,-1452,16240222,-35,-460,-63510832
21:20:17.423,0,0.0,0,0,0,0,0,-1,-169,16240224,22,82,-63510824
21:20:17.428,0,0.0,0,0,0,0,0,14,-53,16240226,20,32,-63510824
21:20:17.433,0,0.0,0,0,0,0,0,3,457,16240230,-42,-395,-63510832
21:20:17.438,0,0.0,0,0,0,0,0,1,-1555,16240217,-19,-459,-63510832
21:20:17.443,0,0.0,0,0,0,0,0,6,223,16240228,22,792,-63510820
21:20:17.448,0,0.0,0,0,0,0,0,6,-847,16240222,32,-9,-63510824
21:20:17.453,0,0.0,0,0,0,0,0,9,876,16240232,-24,-465,-63510832
21:20:17.458,0,0.0,0,0,0,0,0,-38,1474,16240236,-1,16,-63510824
21:20:17.463,0,0.0,0,0,0,0,0,17,846,16240232,25,37,-63510824
21:20:17.468,0,0.0,0,0,0,0,0,14,906,16240232,18,-450,-63510832
21:20:17.473,0,0.0,0,0,0,0,0,0,1098,16240233,-19,96,-63510820
21:20:17.478,0,0.0,0,0,0,0,0,-15,473,16240230,-28,-62,-63510824
21:20:17.483,0,0.0,0,0,0,0,0,0,-777,16240222,4,2454,-63510812
21:20:17.488,0,0.0,0,0,0,0,0,5,-1318,16240217,21,169,-63510820
21:20:17.493,0,0.0,0,0,0,0,0,0,435,16240228,1,1938,-63510816
21:20:17.498,0,0.0,0,0,0,0,0,-24,-1331,16240217,36,-5,-63510824
21:20:17.503,0,0.0,0,0,0,0,0,-7,591,16240230,-17,-466,-63510832
21:20:17.509,0,0.0,0,0,0,0,0,8,284,16240230,-1,1225,-63510816
21:20:17.514,0,0.0,0,0,0,0,0,13,-405,16240224,-55,-545,-63510832
21:20:17.519,0,0.0,0,0,0,0,0,31,-2742,16240208,20,-506,-63510832
21:20:17.524,0,0.0,0,0,0,0,0,4,1308,16240233,38,16,-63510824
21:20:17.529,0,0.0,0,0,0,0,0,26,725,16240232,-62,17,-63510824
21:20:17.534,0,0.0,0,0,0,0,0,18,-1232,16240221,-53,1896,-63510816
21:20:17.539,0,0.0,0,0,0,0,0,1,-337,16240226,-9,71,-63510824
21:20:17.544,0,0.0,0,0,0,0,0,7,881,16240233,27,57,-63510824
21:20:17.549,0,0.0,0,0,0,0,0,26,607,16240232,20,-437,-63510832
21:20:17.554,0,0.0,0,0,0,0,0,2,934,16240217,-10,-484,-63510832
21:20:17.559,0,0.0,0,0,0,0,0,-10,902,16240233,2,2522,-63510812
21:20:17.564,0,0.0,0,0,0,0,0,8,875,16240233,-31,-443,-63510832
21:20:17.569,0,0.0,0,0,0,0,0,9,-1763,16240217,8,5,-63510824
21:20:17.574,0,0.0,0,0,0,0,0,-2,162,16240228,-67,2483,-63510812
21:20:17.579,0,0.0,0,0,0,0,0,8,-1640,16240217,-33,-661,-63510832
21:20:17.584,0,0.0,0,0,0,0,0,-5,-1178,16240221,-58,658,-63510820
21:20:17.590,0,0.0,0,0,0,0,0,-1,922,16240233,-3,-413,-63510832
21:20:17.595,0,0.0,0,0,0,0,0,-13,258,16240228,4,-25,-63510824
21:20:17.600,0,0.0,0,0,0,0,0,0,-326,16240224,-50,1163,-63510816
21:20:17.605,0,0.0,0,0,0,0,0,12,394,16240230,20,-72,-63510824
21:20:17.610,0,0.0,0,0,0,0,0,10,447,16240230,-58,1292,-63510816
21:20:17.615,0,0.0,0,0,0,0,0,-3,624,16240230,-1,-18,-63510824
21:20:17.620,0,0.0,0,0,0,0,0,9,609,16240230,-57,197,-63510820
21:20:17.625,0,0.0,0,0,0,0,0,6,429,16240230,-43,-445,-63510832
21:20:17.630,0,0.0,0,0,0,0,0,-26,782,16240232,3,-490,-63510832
21:20:17.635,0,0.0,0,0,0,0,0,15,-342,16240226,25,-443,-63510832
21:20:17.640,0,0.0,0,0,0,0,0,10,-1561,16240217,8,-461,-63510832
21:20:17.645,0,0.0,0,0,0,0,0,19,294,16240230,24,-42,-63510824
21:20:17.650,0,0.0,0,0,0,0,0,-6,-180,16240226,-14,-431,-63510832
21:20:17.655,0,0.0,0,0,0,0,0,57,94,16240228,26,-555,-63510832
21:20:17.660,0,0.0,0,0,0,0,0,-13,-1847,16240217,11,1477,-63510816
21:20:17.665,0,0.0,0,0,0,0,0,-20,-484,16240224,5,2147,-63510816
21:20:17.670,0,0.0,0,0,0,0,0,4,-1144,16240221,6,-20,-63510824
21:20:17.676,0,0.0,0,0,0,0,0,1,1018,16240233,-35,-17,-63510824
21:20:17.681,0,0.0,0,0,0,0,0,-12,262,16240228,-7,-44,-63510824
21:20:17.686,0,0.0,0,0,0,0,0,-1,135,16240228,20,136,-63510820
21:20:17.691,0,0.0,0,0,0,0,0,-2,346,16240230,-9,177,-63510820
21:20:17.696,0,0.0,0,0,0,0,0,0,-1779,16240217,42,-468,-63510832
21:20:17.701,0,0.0,0,0,0,0,0,0,266,16240230,19,0,-63510824
21:20:17.706,0,0.0,0,0,0,0,0,19,609,16240232,25,-1112,-63510832
21:20:17.711,0,0.0,0,0,0,0,0,-4,-488,16240224,21,796,-63510820
21:20:17.716,0,0.0,0,0,0,0,0,-2,1077,16240233,-38,36,-63510824
21:20:17.721,0,0.0,0,0,0,0,0,30,788,16240232,-23,-452,-63510832
21:20:17.726,0,0.0,0,0,0,0,0,13,-536,16240224,29,161,-63510820
21:20:17.731,0,0.0,0,0,0,0,0,-2,1319,16240236,24,32,-63510824
21:20:17.736,0,0.0,0,0,0,0,0,-10,-378,16240224,22,-444,-63510832
21:20:17.741,0,0.0,0,0,0,0,0,-7,816,16240232,-32,-515,-63510832
21:20:17.746,0,0.0,0,0,0,0,0,2,1032,16240230,-2,-444,-63510832
21:20:17.751,0,0.0,0,0,0,0,0,-24,343,16240228,3,-65,-63510824
21:20:17.757,0,0.0,0,0,0,0,0,7,1002,16240232,-7,626,-63510820
21:20:17.762,0,0.0,0,0,0,0,0,2,-1429,16240217,-3,605,-63510820
21:20:17.767,0,0.0,0,0,0,0,0,6,-256,16240224,25,-31,-63510824
21:20:17.772,0,0.0,0,0,0,0,0,6,-910,16240221,31,-1725,-63510836
21:20:17.777,0,0.0,0,0,0,0,0,-14,1088,16240233,17,-477,-63510832
21:20:17.782,0,0.0,0,0,0,0,0,-5,262,16240230,16,34,-63510824
21:20:17.787,0,0.0,0,0,0,0,0,8,-408,16240224,-2,43,-63510824
21:20:17.792,0,0.0,0,0,0,0,0,2,164,16240228,-3,205,-63510820
21:20:17.797,0,0.0,0,0,0,0,0,26,239,16240228,-31,78,-63510824
21:20:17.802,0,0.0,0,0,0,0,0,16,-1180,16240217,-67,-70,-63510824
21:20:17.807,0,0.0,0,0,0,0,0,7,-1569,16240213,-33,16,-63510824
21:20:17.812,0,0.0,0,0,0,0,0,-9,-1075,16240217,31,-476,-63510832
21:20:17.817,0,0.0,0,0,0,0,0,-19,688,16240228,-25,1767,-63510816
21:20:17.822,0,0.0,0,0,0,0,0,-38,-15,16240224,25,-70,-63510824
21:20:17.832,0,0.0,0,0,0,0,0,-2,1348,16240233,8,-647,-63510832
21:20:17.832,0,0.0,0,0,0,0,0,-68,1150,16240232,16,-460,-63510832
21:20:17.838,0,0.0,0,0,0,0,0,17,1208,16240232,25,-38,-63510824
21:20:17.843,0,0.0,0,0,0,0,0,-16,487,16240228,14,177,-63510820
21:20:17.848,0,0.0,0,0,0,0,0,3,-1116,16240217,8,677,-63510820
21:20:17.853,0,0.0,0,0,0,0,0,21,-545,16240221,-2,-366,-63510832
21:20:17.858,0,0.0,0,0,0,0,0,-17,-1168,16240217,46,170,-63510820
21:20:17.863,0,0.0,0,0,0,0,0,-4,-630,16240222,-10,22,-63510824
21:20:17.868,0,0.0,0,0,0,0,0,4,1705,16240236,-3,-428,-63510832
21:20:17.873,0,0.0,0,0,0,0,0,-20,609,16240230,13,-13,-63510824
21:20:17.879,0,0.0,0,0,0,0,0,7,-897,16240221,44,-440,-63510832
21:20:17.884,0,0.0,0,0,0,0,0,0,-237,16240226,50,-411,-63510832
21:20:17.889,0,0.0,0,0,0,0,0,10,87,16240228,-22,53,-63510820
21:20:17.894,0,0.0,0,0,0,0,0,-7,792,16240232,30,-55,-63510824
21:20:17.899,0,0.0,0,0,0,0,0,2,-737,16240222,25,701,-63510820
21:20:17.904,0,0.0,0,0,0,0,0,3,-1442,16240217,-2,-84,-63510824
21:20:17.909,0,0.0,0,0,0,0,0,-3,424,16240230,3,-1165,-63510832
21:20:17.914,0,0.0,0,0,0,0,0,-9,237,16240228,-1,-671,-63510832
21:20:17.919,0,0.0,0,0,0,0,0,18,1506,16240236,0,-463,-63510832
21:20:17.924,0,0.0,0,0,0,0,0,16,497,16240230,4,-483,-63510832
21:20:17.929,0,0.0,0,0,0,0,0,-23,286,16240228,36,-506,-63510832
21:20:17.934,0,0.0,0,0,0,0,0,-1,-718,16240222,39,-442,-63510832
21:20:17.939,0,0.0,0,0,0,0,0,-16,-1347,16240217,3,-44,-63510824
21:20:17.945,0,0.0,0,0,0,0,0,-7,-309,16240224,20,-503,-63510832
21:20:17.950,0,0.0,0,0,0,0,0,25,-671,16240222,-2,1238,-63510816
21:20:17.955,0,0.0,0,0,0,0,0,0,-73,16240224,20,-500,-63510832
21:20:17.960,0,0.0,0,0,0,0,0,3,-937,16240221,15,10,-63510824
21:20:17.965,0,0.0,0,0,0,0,0,-20,-1271,16240217,32,69,-63510820
21:20:17.970,0,0.0,0,0,0,0,0,-7,1376,16240232,8,-484,-63510832
21:20:17.975,0,0.0,0,0,0,0,0,-5,-587,16240221,26,146,-63510820
21:20:17.980,0,0.0,0,0,0,0,0,0,1008,16240232,9,143,-63510820
21:20:17.985,0,0.0,0,0,0,0,0,-24,293,16240228,24,707,-63510820
21:20:17.990,0,0.0,0,0,0,0,0,-13,956,16240233,27,173,-63510820
21:20:17.995,0,0.0,0,0,0,0,0,3,-1587,16240217,48,15,-63510824
21:20:18.000,0,0.0,0,0,0,0,0,-12,-347,16240224,-41,-27,-63510824
21:20:18.005,0,0.0,0,0,0,0,0,5,384,16240230,-23,31,-63510824
21:20:18.010,0,0.0,0,0,0,0,0,4,-21,16240226,-7,142,-63510820
21:20:18.015,0,0.0,0,0,0,0,0,13,-808,16240221,-46,825,-63510820
21:20:18.020,0,0.0,0,0,0,0,0,10,-636,16240222,19,109,-63510820
21:20:18.025,0,0.0,0,0,0,0,0,3,-1258,16240217,-3,-453,-63510832
21:20:18.031,0,0.0,0,0,0,0,0,36,-617,16240222,-70,16,-63510824
21:20:18.036,0,0.0,0,0,0,0,0,-19,785,16240228,-63,-457,-63510832
21:20:18.041,0,0.0,0,0,0,0,0,32,989,16240228,-9,39,-63510824
21:20:18.046,0,0.0,0,0,0,0,0,-9,-927,16240217,36,-443,-63510832
21:20:18.051,0,0.0,0,0,0,0,0,4,173,16240226,-26,-434,-63510832
21:20:18.056,0,0.0,0,0,0,0,0,4,554,16240230,4,-33,-63510824
21:20:18.061,0,0.0,0,0,0,0,0,-15,701,16240230,7,-434,-63510832
21:20:18.066,0,0.0,0,0,0,0,0,-1,-790,16240217,-55,590,-63510820
21:20:18.071,0,0.0,0,0,0,0,0,12,-1805,16240213,38,2022,-63510816
21:20:18.076,0,0.0,0,0,0,0,0,52,2576,16240241,-74,-1024,-63510832
21:20:18.081,0,0.0,0,0,0,0,0,12,-843,16240221,42,751,-63510820
21:20:18.086,0,0.0,0,0,0,0,0,-28,966,16240232,1,-568,-63510832
21:20:18.091,0,0.0,0,0,0,0,0,8,-1641,16240217,20,-40,-63510824
21:20:18.096,0,0.0,0,0,0,0,0,-8,2791,16240245,-47,-431,-63510832
21:20:18.101,0,0.0,0,0,0,0,0,6,1558,16240236,4,-626,-63510832
21:20:18.106,0,0.0,0,0,0,0,0,2,436,16240230,-3,126,-63510820
21:20:18.111,0,0.0,0,0,0,0,0,-36,-1520,16240217,-24,82,-63510820
21:20:18.116,0,0.0,0,0,0,0,0,0,-742,16240222,37,577,-63510820
21:20:18.122,0,0.0,0,0,0,0,0,3,-1539,16240217,-25,28,-63510824
21:20:18.127,0,0.0,0,0,0,0,0,-7,448,16240230,27,26,-63510824
21:20:18.132,0,0.0,0,0,0,0,0,-10,1097,16240232,2,189,-63510820
21:20:18.137,0,0.0,0,0,0,0,0,-7,-819,16240221,-19,-589,-63510832
21:20:18.142,0,0.0,0,0,0,0,0,-8,-241,16240221,-12,-454,-63510832
21:20:18.147,0,0.0,0,0,0,0,0,-2,523,16240228,-34,-523,-63510832
21:20:18.152,0,0.0,0,0,0,0,0,-34,1004,16240232,-8,-3,-63510824
21:20:18.157,0,0.0,0,0,0,0,0,16,-91,16240226,15,547,-63510820
21:20:18.162,0,0.0,0,0,0,0,0,-9,-1353,16240217,-9,-450,-63510832
21:20:18.167,0,0.0,0,0,0,0,0,-6,-708,16240221,6,-453,-63510832
21:20:18.172,0,0.0,0,0,0,0,0,26,1143,16240232,-45,-454,-63510832
21:20:18.177,0,0.0,0,0,0,0,0,-15,-688,16240221,-68,27,-63510824
21:20:18.182,0,0.0,0,0,0,0,0,-2,738,16240230,44,-385,-63510832
21:20:18.187,0,0.0,0,0,0,0,0,4,-796,16240221,-13,851,-63510820
21:20:18.192,0,0.0,0,0,0,0,0,-2,-143,16240224,31,5,-63510824
21:20:18.197,0,0.0,0,0,0,0,0,19,-681,16240222,10,-42,-63510824
21:20:18.203,0,0.0,0,0,0,0,0,-7,-1325,16240217,10,154,-63510820
21:20:18.208,0,0.0,0,0,0,0,0,-2,200,16240226,47,-5,-63510824
21:20:18.213,0,0.0,0,0,0,0,0,33,-878,16240221,38,-33,-63510824
21:20:18.218,0,0.0,0,0,0,0,0,-4,813,16240230,58,-477,-63510832
21:20:18.223,0,0.0,0,0,0,0,0,-6,-463,16240221,69,-32,-63510824
21:20:18.228,0,0.0,0,0,0,0,0,3,1127,16240232,3,-2,-63510824
21:20:18.233,0,0.0,0,0,0,0,0,4,-13,16240224,-3,22,-63510824
21:20:18.238,0,0.0,0,0,0,0,0,8,987,16240232,20,-412,-63510832
21:20:18.243,0,0.0,0,0,0,0,0,36,455,16240230,35,2048,-63510816
21:20:18.248,0,0.0,0,0,0,0,0,-1,-435,16240224,11,-395,-63510832
21:20:18.253,0,0.0,0,0,0,0,0,-20,1068,16240233,16,54,-63510824
21:20:18.258,0,0.0,0,0,0,0,0,7,-891,16240221,-10,643,-63510820
21:20:18.263,0,0.0,0,0,0,0,0,-50,2188,16240240,14,-499,-63510832
21:20:18.268,0,0.0,0,0,0,0,0,10,-999,16240221,-2,158,-63510820
21:20:18.273,0,0.0,0,0,0,0,0,0,-342,16240224,12,-364,-63510832
21:20:18.278,0,0.0,0,0,0,0,0,7,864,16240232,10,-330,-63510832
21:20:18.283,0,0.0,0,0,0,0,0,7,-202,16240224,30,60,-63510824
21:20:18.289,0,0.0,0,0,0,0,0,14,-620,16240222,-1,-377,-63510832
21:20:18.294,0,0.0,0,0,0,0,0,6,-1288,16240217,-73,-427,-63510832
21:20:18.299,0,0.0,0,0,0,0,0,0,422,16240228,16,-450,-63510832
21:20:18.304,0,0.0,0,0,0,0,0,5,541,16240230,3,50,-63510824
21:20:18.309,0,0.0,0,0,0,0,0,0,832,16240232,-41,-453,-63510832
21:20:18.314,0,0.0,0,0,0,0,0,-4,31,16240228,8,216,-63510820
21:20:18.319,0,0.0,0,0,0,0,0,10,-869,16240222,2,1378,-63510816
21:20:18.324,0,0.0,0,0,0,0,0,28,887,16240233,52,766,-63510820
21:20:18.329,0,0.0,0,0,0,0,0,10,721,16240232,-21,1197,-63510816
21:20:18.334,0,0.0,0,0,0,0,0,-12,-1526,16240217,-33,-639,-63510832
21:20:18.339,0,0.0,0,0,0,0,0,-4,1704,16240237,7,21,-63510824
21:20:18.344,0,0.0,0,0,0,0,0,21,-964,16240221,-41,40,-63510824
21:20:18.350,0,0.0,0,0,0,0,0,36,-2534,16240209,-14,-438,-63510832
21:20:18.355,0,0.0,0,0,0,0,0,-13,1144,16240232,-31,6,-63510824
21:20:18.360,0,0.0,0,0,0,0,0,4,-723,16240221,8,-420,-63510832
21:20:18.365,0,0.0,0,0,0,0,0,-23,-12,16240226,10,788,-63510820
21:20:18.370,0,0.0,0,0,0,0,0,10,1136,16240233,-53,618,-63510820
21:20:18.375,0,0.0,0,0,0,0,0,12,-661,16240222,40,-424,-63510832
21:20:18.380,0,0.0,0,0,0,0,0,1,-205,16240226,-31,57,-63510824
21:20:18.385,0,0.0,0,0,0,0,0,0,-176,16240224,43,845,-63510820
21:20:18.390,0,0.0,0,0,0,0,0,-5,733,16240230,9,-428,-63510832
21:20:18.395,0,0.0,0,0,0,0,0,14,-640,16240228,14,-404,-63510832
21:20:18.400,0,0.0,0,0,0,0,0,10,-323,16240224,43,1194,-63510816
21:20:18.405,0,0.0,0,0,0,0,0,-29,328,16240228,40,1327,-63510816
21:20:18.410,0,0.0,0,0,0,0,0,45,847,16240233,-10,46,-63510820
21:20:18.415,0,0.0,0,0,0,0,0,3,762,16240233,26,-541,-63510832
21:20:18.420,0,0.0,0,0,0,0,0,-4,687,16240232,26,810,-63510820
21:20:18.425,0,0.0,0,0,0,0,0,2,921,16240233,-30,-474,-63510832
21:20:18.430,0,0.0,0,0,0,0,0,17,2116,16240233,2,-3,-63510824
21:20:18.436,0,0.0,0,0,0,0,0,-11,-2033,16240213,54,-66,-63510824
21:20:18.441,0,0.0,0,0,0,0,0,15,-730,16240222,19,-34,-63510824
21:20:18.446,0,0.0,0,0,0,0,0,-1,499,16240228,32,-455,-63510832
21:20:18.451,0,0.0,0,0,0,0,0,2,-719,16240222,55,1376,-63510816
21:20:18.456,0,0.0,0,0,0,0,0,2,-330,16240224,-8,-33,-63510824
21:20:18.461,0,0.0,0,0,0,0,0,2,272,16240230,-2,152,-63510820
21:20:18.466,0,0.0,0,0,0,0,0,-2,-320,16240226,-40,34,-63510824
21:20:18.471,0,0.0,0,0,0,0,0,-5,-35,16240226,25,92,-63510824
21:20:18.476,0,0.0,0,0,0,0,0,8,61,16240224,-55,731,-63510820
21:20:18.481,0,0.0,0,0,0,0,0,0,9,16240224,8,-84,-63510824
21:20:18.486,0,0.0,0,0,0,0,0,-11,1085,16240232,-46,0,-63510824
21:20:18.491,0,0.0,0,0,0,0,0,39,859,16240232,-10,-488,-63510832
21:20:18.496,0,0.0,0,0,0,0,0,-7,764,16240232,-12,848,-63510820
21:20:18.501,0,0.0,0,0,0,0,0,5,896,16240232,-21,-425,-63510832
21:20:18.506,0,0.0,0,0,0,0,0,2,-338,16240224,4,17,-63510820
21:20:18.512,0,0.0,0,0,0,0,0,4,418,16240230,-10,2008,-63510816
21:20:18.517,0,0.0,0,0,0,0,0,2,-1474,16240217,-8,21,-63510824
21:20:18.522,0,0.0,0,0,0,0,0,-2,-998,16240221,-69,688,-63510820
21:20:18.527,0,0.0,0,0,0,0,0,31,-715,16240222,46,-365,-63510824
21:20:18.532,0,0.0,0,0,0,0,0,12,-1416,16240217,9,221,-63510820
21:20:18.537,0,0.0,0,0,0,0,0,-26,-274,16240224,24,-461,-63510832
21:20:18.542,0,0.0,0,0,0,0,0,-1,418,16240228,-115,-47,-63510824
21:20:18.547,0,0.0,0,0,0,0,0,-6,440,16240230,-15,1,-63510824
21:20:18.552,0,0.0,0,0,0,0,0,15,-1277,16240217,-20,-386,-63510832
21:20:18.557,0,0.0,0,0,0,0,0,2,760,16240232,29,217,-63510820
21:20:18.562,0,0.0,0,0,0,0,0,25,-908,16240222,3,1885,-63510816
21:20:18.567,0,0.0,0,0,0,0,0,-3,1566,16240236,-25,122,-63510820
21:20:18.572,0,0.0,0,0,0,0,0,9,247,16240228,-18,614,-63510820
21:20:18.577,0,0.0,0,0,0,0,0,12,-1738,16240217,9,-1947,-63510836
21:20:18.582,0,0.0,0,0,0,0,0,-1,736,16240233,-7,-5,-63510824
21:20:18.587,0,0.0,0,0,0,0,0,-9,-7,16240228,30,-1275,-63510836
21:20:18.592,0,0.0,0,0,0,0,0,-3,-1153,16240221,-5,134,-63510820
21:20:18.597,0,0.0,0,0,0,0,0,0,846,16240232,63,-39,-63510824
21:20:18.603,0,0.0,0,0,0,0,0,7,345,16240228,-17,124,-63510820
21:20:18.608,0,0.0,0,0,0,0,0,7,1723,16240237,-50,-25,-63510824
21:20:18.613,0,0.0,0,0,0,0,0,6,-329,16240224,-1,90,-63510824
21:20:18.618,0,0.0,0,0,0,0,0,5,-987,16240221,-7,-427,-63510832
21:20:18.623,0,0.0,0,0,0,0,0,8,-1407,16240217,1,-451,-63510832
21:20:18.628,0,0.0,0,0,0,0,0,11,-868,16240222,30,-455,-63510832
21:20:18.633,0,0.0,0,0,0,0,0,-9,344,16240230,-16,-497,-63510832
21:20:18.638,0,0.0,0,0,0,0,0,16,-761,16240222,-14,-23,-63510824
21:20:18.643,0,0.0,0,0,0,0,0,7,-85,16240224,-23,1287,-63510816
21:20:18.648,0,0.0,0,0,0,0,0,-24,-328,16240222,31,-425,-63510832
21:20:18.653,0,0.0,0,0,0,0,0,-29,2261,16240236,-46,45,-63510824
21:20:18.658,0,0.0,0,0,0,0,0,27,-45,16240222,28,43,-63510824
21:20:18.663,0,0.0,0,0,0,0,0,-3,2415,16240237,-3,866,-63510820
21:20:18.668,0,0.0,0,0,0,0,0,4,910,16240230,-50,62,-63510824
21:20:18.673,0,0.0,0,0,0,0,0,-7,1862,16240236,24,669,-63510820
21:20:18.678,0,0.0,0,0,0,0,0,-81,1698,16240236,-30,161,-63510820
21:20:18.683,0,0.0,0,0,0,0,0,-8,-530,16240222,63,34,-63510824
21:20:18.688,0,0.0,0,0,0,0,0,13,1686,16240236,37,1292,-63510816
21:20:18.694,0,0.0,0,0,0,0,0,-7,502,16240230,-29,73,-63510824
21:20:18.699,0,0.0,0,0,0,0,0,-31,-655,16240222,-17,-453,-63510832
21:20:18.704,0,0.0,0,0,0,0,0,-1,-655,16240222,-111,-420,-63510832
21:20:18.709,0,0.0,0,0,0,0,0,12,-656,16240222,-13,-372,-63510832
21:20:18.714,0,0.0,0,0,0,0,0,11,117,16240226,-7,114,-63510824
21:20:18.719,0,0.0,0,0,0,0,0,10,-618,16240221,7,-579,-63510832
21:20:18.724,0,0.0,0,0,0,0,0,2,771,16240228,24,35,-63510824
21:20:18.729,0,0.0,0,0,0,0,0,13,804,16240228,-30,-472,-63510832
21:20:18.734,0,0.0,0,0,0,0,0,4,818,16240230,2,2017,-63510816
21:20:18.739,0,0.0,0,0,0,0,0,0,-49,16240224,-88,-635,-63510832
21:20:18.744,0,0.0,0,0,0,0,0,1,-546,16240221,3,-426,-63510832
21:20:18.749,0,0.0,0,0,0,0,0,-2,66,16240224,-8,-393,-63510832
21:20:18.754,0,0.0,0,0,0,0,0,4,-469,16240222,53,-13,-63510824
21:20:18.759,0,0.0,0,0,0,0,0,3,509,16240228,-61,136,-63510820
21:20:18.764,0,0.0,0,0,0,0,0,-17,129,16240226,3,-433,-63510832
21:20:18.769,0,0.0,0,0,0,0,0,-9,672,16240228,-7,-508,-63510832
21:20:18.774,0,0.0,0,0,0,0,0,-7,1133,16240232,-41,79,-63510820
21:20:18.779,0,0.0,0,0,0,0,0,2,-1427,16240217,-13,44,-63510824
21:20:18.785,0,0.0,0,0,0,0,0,13,1262,16240233,55,-672,-63510832
21:20:18.790,0,0.0,0,0,0,0,0,-4,-874,16240221,45,-449,-63510832
21:20:18.795,0,0.0,0,0,0,0,0,-6,-721,16240221,5,679,-63510820
21:20:18.800,0,0.0,0,0,0,0,0,5,1121,16240232,2,-4,-63510824
21:20:18.805,0,0.0,0,0,0,0,0,-6,14,16240226,-8,-472,-63510832
21:20:18.810,0,0.0,0,0,0,0,0,-12,601,16240228,37,57,-63510824
21:20:18.815,0,0.0,0,0,0,0,0,3,-980,16240217,9,-468,-63510832
21:20:18.820,0,0.0,0,0,0,0,0,11,820,16240228,15,152,-63510820
21:20:18.825,0,0.0,0,0,0,0,0,-28,143,16240226,26,-13,-63510824
21:20:18.830,0,0.0,0,0,0,0,0,-14,38,16240226,-2,-87,-63510824
21:20:18.835,0,0.0,0,0,0,0,0,23,1588,16240237,-8,-466,-63510832
21:20:18.840,0,0.0,0,0,0,0,0,-36,985,16240232,-46,-11,-63510824
21:20:18.845,0,0.0,0,0,0,0,0,-5,1700,16240236,2,-479,-63510832
21:20:18.850,0,0.0,0,0,0,0,0,12,-1556,16240217,-1,-29,-63510824
21:20:18.855,0,0.0,0,0,0,0,0,10,556,16240230,-15,120,-63510820
21:20:18.860,0,0.0,0,0,0,0,0,-5,-68,16240226,-110,-665,-63510832
21:20:18.865,0,0.0,0,0,0,0,0,-2,-952,16240221,-3,41,-63510824
21:20:18.870,0,0.0,0,0,0,0,0,3,-1365,16240217,1,-517,-63510832
21:20:18.876,0,0.0,0,0,0,0,0,56,364,16240228,-33,-630,-63510832
21:20:18.881,0,0.0,0,0,0,0,0,-7,1078,16240232,-39,-69,-63510824
21:20:18.886,0,0.0,0,0,0,0,0,-17,1129,16240232,9,-21,-63510824
21:20:18.891,0,0.0,0,0,0,0,0,14,-29,16240226,28,2,-63510824
21:20:18.896,0,0.0,0,0,0,0,0,17,1176,16240233,68,-27,-63510824
21:20:18.901,0,0.0,0,0,0,0,0,1,614,16240230,-27,-556,-63510832
21:20:18.906,0,0.0,0,0,0,0,0,-4,-1328,16240217,33,-80,-63510824
21:20:18.911,0,0.0,0,0,0,0,0,-1,534,16240228,20,-48,-63510824
21:20:18.916,0,0.0,0,0,0,0,0,4,1087,16240232,-56,706,-63510820
21:20:18.921,0,0.0,0,0,0,0,0,0,572,16240228,0,1341,-63510816
21:20:18.926,0,0.0,0,0,0,0,0,0,504,16240228,16,-488,-63510832
21:20:18.931,0,0.0,0,0,0,0,0,-3,-81,16240224,73,17,-63510824
21:20:18.936,0,0.0,0,0,0,0,0,2,-907,16240221,15,724,-63510820
21:20:18.941,0,0.0,0,0,0,0,0,-15,1233,16240233,17,-24,-63510824
21:20:18.946,0,0.0,0,0,0,0,0,-4,295,16240228,34,-462,-63510832
21:20:18.951,0,0.0,0,0,0,0,0,5,481,16240230,-53,233,-63510820
21:20:18.956,0,0.0,0,0,0,0,0,7,1055,16240232,-19,-40,-63510824
21:20:18.962,0,0.0,0,0,0,0,0,-8,-603,16240222,-14,-494,-63510832
21:20:18.967,0,0.0,0,0,0,0,0,9,-18,16240226,43,1278,-63510832
21:20:18.972,0,0.0,0,0,0,0,0,-6,-887,16240221,39,26,-63510824
21:20:18.977,0,0.0,0,0,0,0,0,32,556,16240230,3,32,-63510824
21:20:18.982,0,0.0,0,0,0,0,0,11,1541,16240236,3,1254,-63510816
21:20:18.987,0,0.0,0,0,0,0,0,38,376,16240228,60,11,-63510824
21:20:18.992,0,0.0,0,0,0,0,0,-17,-1491,16240217,-40,-444,-63510832
21:20:18.997,0,0.0,0,0,0,0,0,2,-1515,16240217,-7,148,-63510820
21:20:19.002,0,0.0,0,0,0,0,0,2,-363,16240224,-55,-395,-63510832
21:20:19.007,0,0.0,0,0,0,0,0,29,-1299,16240217,12,38,-63510824
21:20:19.012,0,0.0,0,0,0,0,0,-12,-1359,16240217,65,64,-63510824
21:20:19.017,0,0.0,0,0,0,0,0,21,191,16240226,12,199,-63510820
21:20:19.022,0,0.0,0,0,0,0,0,-10,-976,16240217,9,-44,-63510824
21:20:19.027,0,0.0,0,0,0,0,0,-6,863,16240230,-1,83,-63510824
21:20:19.032,0,0.0,0,0,0,0,0,14,-1100,16240217,3,-497,-63510832
21:20:19.037,0,0.0,0,0,0,0,0,6,1332,16240233,-34,132,-63510820
21:20:19.042,0,0.0,0,0,0,0,0,0,-34,16240226,-8,-497,-63510832
21:20:19.047,0,0.0,0,0,0,0,0,-5,-46,16240226,4,-512,-63510832
21:20:19.053,0,0.0,0,0,0,0,0,-11,-166,16240224,-14,649,-63510820
21:20:19.058,0,0.0,0,0,0,0,0,0,-742,16240222,-33,705,-63510820
21:20:19.063,0,0.0,0,0,0,0,0,2,944,16240233,-35,16,-63510824
21:20:19.068,0,0.0,0,0,0,0,0,19,-1642,16240217,18,62,-63510824
21:20:19.073,0,0.0,0,0,0,0,0,19,-1538,16240217,2,-584,-63510832
21:20:19.078,0,0.0,0,0,0,0,0,8,-1529,16240217,41,1402,-63510816
21:20:19.083,0,0.0,0,0,0,0,0,-6,608,16240230,-28,-434,-63510832
21:20:19.088,0,0.0,0,0,0,0,0,7,679,16240230,-57,-438,-63510832
21:20:19.093,0,0.0,0,0,0,0,0,11,1280,16240233,-3,-432,-63510832
21:20:19.098,0,0.0,0,0,0,0,0,3,-1213,16240217,-16,127,-63510820
21:20:19.103,0,0.0,0,0,0,0,0,14,863,16240232,7,-505,-63510832
21:20:19.108,0,0.0,0,0,0,0,0,1,421,16240230,-88,-559,-63510832
21:20:19.113,0,0.0,0,0,0,0,0,14,993,16240236,19,-22,-63510824
21:20:19.118,0,0.0,0,0,0,0,0,9,988,16240232,9,-67,-63510824
21:20:19.123,0,0.0,0,0,0,0,0,-39,355,16240228,1,6,-63510824
21:20:19.128,0,0.0,0,0,0,0,0,2,-1211,16240217,63,-610,-63510832
21:20:19.133,0,0.0,0,0,0,0,0,13,554,16240228,33,-528,-63510832
21:20:19.139,0,0.0,0,0,0,0,0,8,-1109,16240217,-10,171,-63510820
21:20:19.144,0,0.0,0,0,0,0,0,10,-1229,16240217,-7,-395,-63510832
21:20:19.149,0,0.0,0,0,0,0,0,8,1046,16240232,-6,1,-63510824
21:20:19.154,0,0.0,0,0,0,0,0,2,1407,16240233,-20,47,-63510824
21:20:19.159,0,0.0,0,0,0,0,0,-1,418,16240228,3,688,-63510820
21:20:19.164,0,0.0,0,0,0,0,0,11,-1,16240226,-13,-17,-63510824
21:20:19.169,0,0.0,0,0,0,0,0,-17,562,16240228,-3,-4,-63510824
21:20:19.174,0,0.0,0,0,0,0,0,-30,-1078,16240217,-50,11,-63510824
21:20:19.179,0,0.0,0,0,0,0,0,11,-401,16240222,19,-437,-63510832
21:20:19.184,0,0.0,0,0,0,0,0,0,162,16240226,28,-418,-63510832
21:20:19.189,0,0.0,0,0,0,0,0,13,666,16240230,-11,-443,-63510832
21:20:19.194,0,0.0,0,0,0,0,0,0,1102,16240232,-67,-423,-63510832
21:20:19.199,0,0.0,0,0,0,0,0,-1,379,16240228,-64,767,-63510820
21:20:19.204,0,0.0,0,0,0,0,0,-36,1204,16240232,53,-43,-63510824
21:20:19.209,0,0.0,0,0,0,0,0,3,1024,16240232,-13,127,-63510820
21:20:19.214,0,0.0,0,0,0,0,0,-12,1850,16240237,20,117,-63510820
21:20:19.219,0,0.0,0,0,0,0,0,1,-157,16240224,8,717,-63510820
21:20:19.224,0,0.0,0,0,0,0,0,2,1598,16240236,20,-485,-63510832
21:20:19.230,0,0.0,0,0,0,0,0,-1,-717,16240222,66,-28,-63510824
21:20:19.235,0,0.0,0,0,0,0,0,-2,457,16240230,8,1900,-63510816
21:20:19.240,0,0.0,0,0,0,0,0,39,919,16240232,23,48,-63510824
21:20:19.245,0,0.0,0,0,0,0,0,21,-664,16240221,2,-449,-63510832
21:20:19.250,0,0.0,0,0,0,0,0,2,-301,16240221,31,-466,-63510832
21:20:19.255,0,0.0,0,0,0,0,0,1,1566,16240232,12,-1071,-63510832
21:20:19.260,0,0.0,0,0,0,0,0,-6,-238,16240222,19,280,-63510820
21:20:19.265,0,0.0,0,0,0,0,0,0,682,16240230,-41,-395,-63510832
21:20:19.270,0,0.0,0,0,0,0,0,-13,-1373,16240217,-2,48,-63510824
21:20:19.275,0,0.0,0,0,0,0,0,2,-724,16240222,13,1256,-63510816
21:20:19.280,0,0.0,0,0,0,0,0,5,1228,16240232,30,-465,-63510832
21:20:19.285,0,0.0,0,0,0,0,0,5,-1171,16240217,-23,192,-63510820
21:20:19.290,0,0.0,0,0,0,0,0,6,717,16240230,30,-4,-63510824
21:20:19.295,0,0.0,0,0,0,0,0,-20,1106,16240232,-9,-467,-63510832
21:20:19.300,0,0.0,0,0,0,0,0,15,-133,16240226,-44,-445,-63510832
21:20:19.305,0,0.0,0,0,0,0,0,-6,1,16240226,-102,-490,-63510832
21:20:19.311,0,0.0,0,0,0,0,0,21,1264,16240233,23,-500,-63510832
21:20:19.316,0,0.0,0,0,0,0,0,-22,1236,16240233,10,-438,-63510824
21:20:19.321,0,0.0,0,0,0,0,0,-12,-1363,16240217,30,25,-63510824
21:20:19.326,0,0.0,0,0,0,0,0,-23,-1217,16240217,47,66,-63510824
21:20:19.336,0,0.0,0,0,0,0,0,-8,427,16240230,1,-1277,-63510836
21:20:19.341,0,0.0,0,0,0,0,0,-2,-282,16240226,47,-653,-63510832
21:20:19.346,0,0.0,0,0,0,0,0,-20,-404,16240224,13,-564,-63510832
21:20:19.351,0,0.0,0,0,0,0,0,-18,-1277,16240226,-42,682,-63510820
21:20:19.356,0,0.0,0,0,0,0,0,11,156,16240226,34,174,-63510820
21:20:19.361,0,0.0,0,0,0,0,0,-2,17,16240226,-62,53,-63510824
21:20:19.366,0,0.0,0,0,0,0,0,3,-1392,16240217,7,63,-63510824
21:20:19.371,0,0.0,0,0,0,0,0,7,-1347,16240217,23,-1257,-63510836
21:20:19.376,0,0.0,0,0,0,0,0,6,-3,16240226,36,-427,-63510832
21:20:19.381,0,0.0,0,0,0,0,0,4,-445,16240222,-58,12,-63510832
21:20:19.386,0,0.0,0,0,0,0,0,6,-1172,16240217,45,122,-63510820
21:20:19.391,0,0.0,0,0,0,0,0,-10,-1324,16240217,-13,-478,-63510832
21:20:19.397,0,0.0,0,0,0,0,0,-25,788,16240230,0,547,-63510820
21:20:19.402,0,0.0,0,0,0,0,0,-3,-405,16240222,8,-452,-63510832
21:20:19.407,0,0.0,0,0,0,0,0,0,-209,16240224,-18,203,-63510820
21:20:19.412,0,0.0,0,0,0,0,0,1,24,16240226,21,-19,-63510824
21:20:19.417,0,0.0,0,0,0,0,0,20,-1286,16240217,-20,78,-63510824
21:20:19.422,0,0.0,0,0,0,0,0,-16,1158,16240232,-24,2543,-63510812
21:20:19.427,0,0.0,0,0,0,0,0,9,58,16240226,25,791,-63510820
21:20:19.432,0,0.0,0,0,0,0,0,5,-1179,16240217,18,-4,-63510820
21:20:19.437,0,0.0,0,0,0,0,0,8,13,16240226,-14,-584,-63510832
21:20:19.442,0,0.0,0,0,0,0,0,-10,1271,16240232,69,-540,-63510832
21:20:19.447,0,0.0,0,0,0,0,0,7,-498,16240222,-46,179,-63510820
21:20:19.452,0,0.0,0,0,0,0,0,-11,-471,16240222,-91,-539,-63510832
21:20:19.457,0,0.0,0,0,0,0,0,10,64,16240224,-18,1331,-63510816
21:20:19.462,0,0.0,0,0,0,0,0,16,642,16240228,-47,-468,-63510832
21:20:19.467,0,0.0,0,0,0,0,0,-17,1241,16240232,-78,-436,-63510832
21:20:19.472,0,0.0,0,0,0,0,0,0,-642,16240221,15,-59,-63510824
21:20:19.477,0,0.0,0,0,0,0,0,-1,-100,16240224,46,-478,-63510832
21:20:19.482,0,0.0,0,0,0,0,0,1,-661,16240221,3,107,-63510820
21:20:19.488,0,0.0,0,0,0,0,0,-23,-1268,16240217,12,20,-63510824
21:20:19.493,0,0.0,0,0,0,0,0,-4,1161,16240232,-1,-500,-63510832
21:20:19.498,0,0.0,0,0,0,0,0,-4,-1103,16240217,-2,-37,-63510824
21:20:19.503,0,0.0,0,0,0,0,0,3,-620,16240217,-5,-510,-63510832
21:20:19.508,0,0.0,0,0,0,0,0,1,-284,16240221,8,-1,-63510824
21:20:19.513,0,0.0,0,0,0,0,0,18,1349,16240232,-34,536,-63510820
21:20:19.518,0,0.0,0,0,0,0,0,72,2443,16240241,9,86,-63510820
21:20:19.523,0,0.0,0,0,0,0,0,-9,1145,16240233,15,19,-63510824
21:20:19.528,0,0.0,0,0,0,0,0,9,-366,16240224,8,-654,-63510832
21:20:19.533,0,0.0,0,0,0,0,0,4,-392,16240224,43,-476,-63510832
21:20:19.538,0,0.0,0,0,0,0,0,-5,-194,16240226,33,40,-63510824
21:20:19.543,0,0.0,0,0,0,0,0,-4,-861,16240221,39,618,-63510824
21:20:19.548,0,0.0,0,0,0,0,0,8,-67,16240226,43,-475,-63510820
21:20:19.553,0,0.0,0,0,0,0,0,-5,-855,16240221,35,-505,-63510832
21:20:19.558,0,0.0,0,0,0,0,0,15,517,16240230,15,161,-63510820
21:20:19.564,0,0.0,0,0,0,0,0,-1,1079,16240232,-22,-653,-63510832
21:20:19.569,0,0.0,0,0,0,0,0,1,-37,16240226,-36,1864,-63510824
21:20:19.574,0,0.0,0,0,0,0,0,46,-75,16240226,-14,13,-63510824
21:20:19.579,0,0.0,0,0,0,0,0,14,-796,16240221,3,228,-63510820
21:20:19.584,0,0.0,0,0,0,0,0,11,145,16240226,3,70,-63510824
21:20:19.589,0,0.0,0,0,0,0,0,0,1715,16240236,24,639,-63510820
21:20:19.594,0,0.0,0,0,0,0,0,9,-788,16240222,-68,-37,-63510824
21:20:19.599,0,0.0,0,0,0,0,0,12,-885,16240221,35,31,-63510824
21:20:19.604,0,0.0,0,0,0,0,0,11,-683,16240221,-84,-421,-63510832
21:20:19.605,0,0.0,0,0,0,0,0,13,185,16240224,13,-547,-63510832
21:20:19.610,0,0.0,0,0,0,0,0,29,-206,16240222,-9,-28,-63510824
21:20:19.615,0,0.0,0,0,0,0,0,-6,-1573,16240213,-49,1354,-63510816
21:20:19.620,0,0.0,0,0,0,0,0,19,805,16240228,18,1358,-63510816
21:20:19.625,0,0.0,0,0,0,0,0,-14,830,16240230,10,-534,-63510832
21:20:19.630,0,0.0,0,0,0,0,0,2,1390,16240232,-2,-513,-63510832
21:20:19.635,0,0.0,0,0,0,0,0,2,1311,16240232,57,714,-63510820
21:20:19.640,0,0.0,0,0,0,0,0,-1,-1098,16240217,-29,-118,-63510824
21:20:19.645,0,0.0,0,0,0,0,0,4,1540,16240233,9,-68,-63510824
21:20:19.650,0,0.0,0,0,0,0,0,-14,-1040,16240217,-14,-22,-63510824
21:20:19.655,0,0.0,0,0,0,0,0,9,1287,16240232,20,-77,-63510824
21:20:19.660,0,0.0,0,0,0,0,0,-15,-379,16240222,-14,1964,-63510816
21:20:19.665,0,0.0,0,0,0,0,0,-14,-1066,16240217,-67,-19,-63510824
21:20:19.670,0,0.0,0,0,0,0,0,-35,-644,16240221,0,-439,-63510832
21:20:19.675,0,0.0,0,0,0,0,0,12,574,16240228,2,-404,-63510832
21:20:19.681,0,0.0,0,0,0,0,0,2,-514,16240222,13,29,-63510824
21:20:19.686,0,0.0,0,0,0,0,0,0,-657,16240221,26,-1097,-63510832
21:20:19.691,0,0.0,0,0,0,0,0,-4,1393,16240232,-27,158,-63510820
21:20:19.696,0,0.0,0,0,0,0,0,-43,408,16240226,-24,1378,-63510816
21:20:19.701,0,0.0,0,0,0,0,0,-18,1099,16240230,26,641,-63510820
21:20:19.711,0,0.0,0,0,0,0,0,0,138,16240224,-24,1346,-63510816
21:20:19.716,0,0.0,0,0,0,0,0,7,-1095,16240217,-1,-418,-63510832
21:20:19.721,0,0.0,0,0,0,0,0,8,824,16240230,-63,-409,-63510832
21:20:19.726,0,0.0,0,0,0,0,0,-15,-670,16240221,6,855,-63510820
21:20:19.731,0,0.0,0,0,0,0,0,0,43,16240224,-8,233,-63510820
21:20:19.731,0,0.0,0,0,0,0,0,0,1402,16240233,86,57,-63510824
21:20:19.736,0,0.0,0,0,0,0,0,-17,94,16240224,21,695,-63510820
21:20:19.741,0,0.0,0,0,0,0,0,-7,-530,16240222,20,654,-63510820
21:20:19.747,0,0.0,0,0,0,0,0,-3,-1102,16240217,24,-476,-63510832
21:20:19.752,0,0.0,0,0,0,0,0,9,-212,16240224,-63,641,-63510820
21:20:19.757,0,0.0,0,0,0,0,0,34,1087,16240232,41,133,-63510820
21:20:19.762,0,0.0,0,0,0,0,0,-3,-1086,16240217,7,-60,-63510824
21:20:19.767,0,0.0,0,0,0,0,0,3,463,16240224,-39,725,-63510820
21:20:19.772,0,0.0,0,0,0,0,0,-41,1204,16240230,-14,-558,-63510832
21:20:19.777,0,0.0,0,0,0,0,0,6,390,16240226,-76,-11,-63510824
21:20:19.782,0,0.0,0,0,0,0,0,6,793,16240228,31,-607,-63510832
21:20:19.787,0,0.0,0,0,0,0,0,-2,1542,16240233,25,-507,-63510832
21:20:19.792,0,0.0,0,0,0,0,0,0,65,16240224,28,-470,-63510832
21:20:19.797,0,0.0,0,0,0,0,0,0,89,16240224,9,-450,-63510832
21:20:19.802,0,0.0,0,0,0,0,0,-68,-458,16240221,36,-432,-63510832
21:20:19.807,0,0.0,0,0,0,0,0,5,965,16240230,4,-437,-63510832
21:20:19.812,0,0.0,0,0,0,0,0,-26,-31,16240224,26,-427,-63510832
21:20:19.817,0,0.0,0,0,0,0,0,19,-1323,16240217,-20,805,-63510820
21:20:19.822,0,0.0,0,0,0,0,0,18,-655,16240221,73,76,-63510824
21:20:19.827,0,0.0,0,0,0,0,0,-20,119,16240226,8,643,-63510820
21:20:19.832,0,0.0,0,0,0,0,0,36,-530,16240222,-35,-1,-63510824
21:20:19.837,0,0.0,0,0,0,0,0,31,-360,16240222,-10,220,-63510820
21:20:19.842,0,0.0,0,0,0,0,0,21,-1645,16240212,37,-450,-63510832
21:20:19.848,0,0.0,0,0,0,0,0,11,1694,16240232,15,15,-63510824
21:20:19.853,0,0.0,0,0,0,0,0,-13,555,16240226,20,-365,-63510832
21:20:19.858,0,0.0,0,0,0,0,0,2,2004,16240236,8,-499,-63510832
21:20:19.863,0,0.0,0,0,0,0,0,-21,1135,16240232,-12,-504,-63510832
21:20:19.868,0,0.0,0,0,0,0,0,-7,633,16240230,-6,1953,-63510816
21:20:19.873,0,0.0,0,0,0,0,0,6,2161,16240240,-12,64,-63510824
21:20:19.878,0,0.0,0,0,0,0,0,16,410,16240230,-21,52,-63510824
21:20:19.883,0,0.0,0,0,0,0,0,53,1016,16240232,2,104,-63510824
21:20:19.888,0,0.0,0,0,0,0,0,13,511,16240230,77,-426,-63510832
21:20:19.893,0,0.0,0,0,0,0,0,7,-262,16240224,14,47,-63510824
21:20:19.898,0,0.0,0,0,0,0,0,-5,-2578,16240209,-8,-49,-63510824
21:20:19.903,0,0.0,0,0,0,0,0,-3,428,16240228,-19,46,-63510824
21:20:19.908,0,0.0,0,0,0,0,0,-35,1139,16240232,2,-397,-63510832
21:20:19.913,0,0.0,0,0,0,0,0,3,43,16240226,-13,1380,-63510816
21:20:19.918,0,0.0,0,0,0,0,0,13,1320,16240233,-63,70,-63510820
21:20:19.923,0,0.0,0,0,0,0,0,7,601,16240230,25,53,-63510824
21:20:19.928,0,0.0,0,0,0,0,0,11,1128,16240232,38,806,-63510820
21:20:19.934,0,0.0,0,0,0,0,0,-2,-1374,16240217,38,-14,-63510824
21:20:19.939,0,0.0,0,0,0,0,0,6,673,16240230,-109,-616,-63510832
21:20:19.944,0,0.0,0,0,0,0,0,-15,992,16240232,-43,-467,-63510832
21:20:19.949,0,0.0,0,0,0,0,0,2,59,16240226,4,605,-63510820
21:20:19.954,0,0.0,0,0,0,0,0,-1,-1037,16240217,-32,126,-63510820
21:20:19.959,0,0.0,0,0,0,0,0,9,88,16240224,-13,-503,-63510832
21:20:19.964,0,0.0,0,0,0,0,0,0,1238,16240232,48,-2,-63510832
21:20:19.969,0,0.0,0,0,0,0,0,-1,-1098,16240217,19,42,-63510824
21:20:19.974,0,0.0,0,0,0,0,0,12,692,16240230,12,33,-63510824
21:20:19.979,0,0.0,0,0,0,0,0,-6,112,16240226,15,119,-63510820
21:20:19.984,0,0.0,0,0,0,0,0,17,-583,16240222,18,-54,-63510824
21:20:19.989,0,0.0,0,0,0,0,0,17,-1111,16240217,-3,-509,-63510832
21:20:19.994,0,0.0,0,0,0,0,0,1,1383,16240233,-121,-491,-63510832
21:20:19.999,0,0.0,0,0,0,0,0,-17,754,16240230,-37,1177,-63510816
21:20:20.004,0,0.0,0,0,0,0,0,-1,-540,16240221,25,-69,-63510824
21:20:20.010,0,0.0,0,0,0,0,0,-9,-1603,16240213,-69,5,-63510824
21:20:20.015,0,0.0,0,0,0,0,0,26,-924,16240217,42,-604,-63510832
21:20:20.020,0,0.0,0,0,0,0,0,-7,-534,16240217,26,-560,-63510832
21:20:20.025,0,0.0,0,0,0,0,0,-14,-791,16240217,20,230,-63510820
21:20:20.030,0,0.0,0,0,0,0,0,2,423,16240226,-22,-404,-63510832
21:20:20.035,0,0.0,0,0,0,0,0,-1,-543,16240222,7,-479,-63510832
21:20:20.040,0,0.0,0,0,0,0,0,42,440,16240230,-3,71,-63510824
21:20:20.045,0,0.0,0,0,0,0,0,-21,1144,16240232,46,-439,-63510832
21:20:20.050,0,0.0,0,0,0,0,0,4,1872,16240236,-1,53,-63510824
21:20:20.055,0,0.0,0,0,0,0,0,-21,801,16240230,-2,660,-63510820
21:20:20.060,0,0.0,0,0,0,0,0,-12,-1077,16240217,2,85,-63510824
21:20:20.065,0,0.0,0,0,0,0,0,11,-1277,16240217,37,-1046,-63510832
21:20:20.070,0,0.0,0,0,0,0,0,-6,221,16240226,-51,-410,-63510832
21:20:20.075,0,0.0,0,0,0,0,0,-15,-630,16240221,19,236,-63510820
21:20:20.080,0,0.0,0,0,0,0,0,-16,546,16240228,26,-430,-63510832
21:20:20.086,0,0.0,0,0,0,0,0,-1,-2453,16240209,4,44,-63510824
21:20:20.091,0,0.0,0,0,0,0,0,0,-1225,16240217,20,-483,-63510832
21:20:20.096,0,0.0,0,0,0,0,0,5,-707,16240228,-11,-443,-63510832
21:20:20.101,0,0.0,0,0,0,0,0,-10,-677,16240222,7,8,-63510824
21:20:20.106,0,0.0,0,0,0,0,0,20,-405,16240222,-12,39,-63510824
21:20:20.111,0,0.0,0,0,0,0,0,4,-777,16240217,30,-439,-63510832
21:20:20.116,0,0.0,0,0,0,0,0,24,-1607,16240213,-55,183,-63510820
21:20:20.121,0,0.0,0,0,0,0,0,11,-1446,16240217,29,-413,-63510832
21:20:20.126,0,0.0,0,0,0,0,0,15,-1293,16240217,-30,31,-63510824
21:20:20.131,0,0.0,0,0,0,0,0,0,-1082,16240217,-6,-589,-63510832
21:20:20.136,0,0.0,0,0,0,0,0,-32,819,16240228,60,10,-63510824
21:20:20.141,0,0.0,0,0,0,0,0,-12,1475,16240233,3,216,-63510820
21:20:20.146,0,0.0,0,0,0,0,0,13,-676,16240221,15,106,-63510824
21:20:20.151,0,0.0,0,0,0,0,0,23,2358,16240240,13,-366,-63510832
21:20:20.156,0,0.0,0,0,0,0,0,-4,-610,16240222,-53,-390,-63510832
21:20:20.161,0,0.0,0,0,0,0,0,-5,607,16240230,41,73,-63510824
21:20:20.166,0,0.0,0,0,0,0,0,-34,-82,16240224,11,21,-63510820
21:20:20.172,0,0.0,0,0,0,0,0,-9,-480,16240222,-25,122,-63510820
21:20:20.177,0,0.0,0,0,0,0,0,-4,-433,16240222,-7,-463,-63510832
21:20:20.182,0,0.0,0,0,0,0,0,-7,-1084,16240217,11,-594,-63510832
21:20:20.187,0,0.0,0,0,0,0,0,2,-1259,16240217,4,35,-63510824
21:20:20.192,0,0.0,0,0,0,0,0,-5,738,16240230,38,-522,-63510832
21:20:20.197,0,0.0,0,0,0,0,0,8,741,16240217,-19,-34,-63510824
21:20:20.202,0,0.0,0,0,0,0,0,-5,-1065,16240217,-42,-25,-63510824
21:20:20.207,0,0.0,0,0,0,0,0,-25,708,16240228,19,222,-63510820
21:20:20.212,0,0.0,0,0,0,0,0,-4,1788,16240237,-1,-28,-63510824
21:20:20.217,0,0.0,0,0,0,0,0,7,989,16240232,-23,-18,-63510824
21:20:20.222,0,0.0,0,0,0,0,0,-11,549,16240230,-33,-66,-63510832
21:20:20.227,0,0.0,0,0,0,0,0,-7,1241,16240233,-51,55,-63510820
21:20:20.237,0,0.0,0,0,0,0,0,9,-690,16240222,4,-90,-63510824
21:20:20.242,0,0.0,0,0,0,0,0,-1,436,16240228,-21,-684,-63510832
21:20:20.247,0,0.0,0,0,0,0,0,-26,548,16240230,-26,-509,-63510832
21:20:20.247,0,0.0,0,0,0,0,0,3,621,16240230,66,1277,-63510816
21:20:20.253,0,0.0,0,0,0,0,0,4,1019,16240232,63,-412,-63510832
21:20:20.258,0,0.0,0,0,0,0,0,-4,1220,16240233,-14,213,-63510820
21:20:20.263,0,0.0,0,0,0,0,0,15,798,16240230,38,224,-63510820
21:20:20.268,0,0.0,0,0,0,0,0,7,1401,16240233,10,-389,-63510832
21:20:20.273,0,0.0,0,0,0,0,0,27,468,16240228,48,52,-63510824
21:20:20.278,0,0.0,0,0,0,0,0,1,-1500,16240217,-28,-485,-63510832
21:20:20.283,0,0.0,0,0,0,0,0,2,-1312,16240217,30,-71,-63510824
21:20:20.288,0,0.0,0,0,0,0,0,21,-802,16240217,17,36,-63510824
21:20:20.293,0,0.0,0,0,0,0,0,-10,536,16240226,-64,-437,-63510832
21:20:20.298,0,0.0,0,0,0,0,0,-4,-947,16240217,-29,149,-63510820
21:20:20.303,0,0.0,0,0,0,0,0,9,-351,16240222,-31,-399,-63510832
21:20:20.308,0,0.0,0,0,0,0,0,14,136,16240226,-8,168,-63510820
21:20:20.313,0,0.0,0,0,0,0,0,3,214,16240226,-3,-474,-63510832
21:20:20.318,0,0.0,0,0,0,0,0,11,-1175,16240217,-14,-399,-63510832
21:20:20.323,0,0.0,0,0,0,0,0,0,-342,16240222,24,-391,-63510832
21:20:20.328,0,0.0,0,0,0,0,0,36,-1052,16240217,-10,42,-63510824
21:20:20.333,0,0.0,0,0,0,0,0,12,677,16240228,-38,4,-63510824
21:20:20.339,0,0.0,0,0,0,0,0,-3,735,16240228,42,86,-63510824
21:20:20.344,0,0.0,0,0,0,0,0,-6,-1016,16240217,13,-381,-63510832
21:20:20.349,0,0.0,0,0,0,0,0,10,604,16240228,31,95,-63510824
21:20:20.354,0,0.0,0,0,0,0,0,-12,-1166,16240217,-25,-548,-63510832
21:20:20.359,0,0.0,0,0,0,0,0,4,-381,16240222,34,879,-63510820
21:20:20.364,0,0.0,0,0,0,0,0,8,-1149,16240217,-53,87,-63510824
21:20:20.369,0,0.0,0,0,0,0,0,7,534,16240228,14,-304,-63510832
21:20:20.374,0,0.0,0,0,0,0,0,9,-542,16240222,3,71,-63510824
21:20:20.379,0,0.0,0,0,0,0,0,4,750,16240230,29,-577,-63510832
21:20:20.384,0,0.0,0,0,0,0,0,10,1207,16240232,38,800,-63510820
21:20:20.389,0,0.0,0,0,0,0,0,2,-1230,16240217,19,637,-63510820
21:20:20.394,0,0.0,0,0,0,0,0,8,1228,16240233,26,-458,-63510832
21:20:20.399,0,0.0,0,0,0,0,0,-19,1062,16240232,-19,212,-63510820
21:20:20.404,0,0.0,0,0,0,0,0,-13,1340,16240233,25,-482,-63510832
21:20:20.409,0,0.0,0,0,0,0,0,-10,59,16240226,29,48,-63510824
21:20:20.414,0,0.0,0,0,0,0,0,-5,1088,16240232,-14,105,-63510824
21:20:20.419,0,0.0,0,0,0,0,0,-12,414,16240228,-76,-407,-63510832
21:20:20.425,0,0.0,0,0,0,0,0,3,-1164,16240217,9,-381,-63510832
21:20:20.430,0,0.0,0,0,0,0,0,5,-502,16240221,-9,100,-63510824
21:20:20.435,0,0.0,0,0,0,0,0,7,1469,16240233,19,687,-63510820
21:20:20.440,0,0.0,0,0,0,0,0,-12,737,16240230,40,104,-63510824
21:20:20.445,0,0.0,0,0,0,0,0,8,671,16240230,13,112,-63510824
21:20:20.450,0,0.0,0,0,0,0,0,-23,38,16240226,-31,14,-63510824
21:20:20.455,0,0.0,0,0,0,0,0,-9,728,16240230,7,-34,-63510824
21:20:20.460,0,0.0,0,0,0,0,0,9,-589,16240221,20,-394,-63510832
21:20:20.465,0,0.0,0,0,0,0,0,9,765,16240230,31,23,-63510824
21:20:20.470,0,0.0,0,0,0,0,0,-21,1265,16240232,-9,-618,-63510832
21:20:20.475,0,0.0,0,0,0,0,0,-1,-1112,16240217,-55,24,-63510824
21:20:20.480,0,0.0,0,0,0,0,0,3,179,16240224,31,-22,-63510824
21:20:20.485,0,0.0,0,0,0,0,0,-51,1028,16240230,38,-500,-63510832
21:20:20.490,0,0.0,0,0,0,0,0,0,-951,16240217,-35,-1223,-63510836
21:20:20.495,0,0.0,0,0,0,0,0,0,1316,16240232,-38,47,-63510824
21:20:20.500,0,0.0,0,0,0,0,0,5,1420,16240233,14,-471,-63510832
21:20:20.505,0,0.0,0,0,0,0,0,2,576,16240228,-33,-429,-63510832
21:20:20.510,0,0.0,0,0,0,0,0,-3,-521,16240222,-121,-465,-63510832
21:20:20.515,0,0.0,0,0,0,0,0,12,206,16240226,-51,195,-63510820
21:20:20.521,0,0.0,0,0,0,0,0,-2,-1283,16240217,-54,1268,-63510816
21:20:20.526,0,0.0,0,0,0,0,0,5,726,16240228,-91,1426,-63510816
21:20:20.531,0,0.0,0,0,0,0,0,3,-736,16240221,-8,148,-63510820
21:20:20.536,0,0.0,0,0,0,0,0,-1,-1176,16240217,-2,-9,-63510824
21:20:20.541,0,0.0,0,0,0,0,0,-4,98,16240224,-28,38,-63510824
21:20:20.546,0,0.0,0,0,0,0,0,-13,841,16240228,-25,42,-63510824
21:20:20.551,0,0.0,0,0,0,0,0,-55,327,16240226,-13,-459,-63510832
21:20:20.556,0,0.0,0,0,0,0,0,5,-48,16240224,-46,-449,-63510832
21:20:20.561,0,0.0,0,0,0,0,0,1,-1096,16240217,34,1317,-63510816
21:20:20.566,0,0.0,0,0,0,0,0,11,-31,16240224,26,-444,-63510832
21:20:20.571,0,0.0,0,0,0,0,0,-9,611,16240228,23,-445,-63510832
21:20:20.576,0,0.0,0,0,0,0,0,-1,70,16240224,17,2,-63510824
21:20:20.581,0,0.0,0,0,0,0,0,-3,751,16240230,9,160,-63510820
21:20:20.586,0,0.0,0,0,0,0,0,23,682,16240228,-3,138,-63510824
21:20:20.591,0,0.0,0,0,0,0,0,-11,1346,16240232,-13,55,-63510824
21:20:20.596,0,0.0,0,0,0,0,0,-89,1837,16240236,19,1881,-63510816
21:20:20.601,0,0.0,0,0,0,0,0,6,1203,16240233,23,792,-63510820
21:20:20.607,0,0.0,0,0,0,0,0,-22,114,16240226,9,199,-63510820
21:20:20.612,0,0.0,0,0,0,0,0,20,1133,16240232,-19,-474,-63510832
21:20:20.617,0,0.0,0,0,0,0,0,14,-1249,16240217,-58,14,-63510824
21:20:20.622,0,0.0,0,0,0,0,0,19,-706,16240221,18,-436,-63510832
21:20:20.627,0,0.0,0,0,0,0,0,4,-859,16240217,0,-558,-63510832
21:20:20.632,0,0.0,0,0,0,0,0,3,533,16240226,19,139,-63510820
21:20:20.637,0,0.0,0,0,0,0,0,-3,999,16240217,19,623,-63510820
21:20:20.642,0,0.0,0,0,0,0,0,-1,832,16240228,2,45,-63510824
21:20:20.647,0,0.0,0,0,0,0,0,-1,-97,16240224,20,-409,-63510832
21:20:20.652,0,0.0,0,0,0,0,0,3,1263,16240233,16,81,-63510820
21:20:20.657,0,0.0,0,0,0,0,0,7,456,16240228,-18,1341,-63510816
21:20:20.662,0,0.0,0,0,0,0,0,-4,460,16240228,-67,142,-63510820
21:20:20.667,0,0.0,0,0,0,0,0,8,631,16240230,20,-638,-63510832
21:20:20.673,0,0.0,0,0,0,0,0,0,-1375,16240217,-10,623,-63510820
21:20:20.678,0,0.0,0,0,0,0,0,12,-1285,16240217,18,-2,-63510824
21:20:20.683,0,0.0,0,0,0,0,0,57,2979,16240245,-80,-582,-63510832
21:20:20.688,0,0.0,0,0,0,0,0,10,493,16240228,35,220,-63510820
21:20:20.693,0,0.0,0,0,0,0,0,8,-1722,16240213,12,-450,-63510832
21:20:20.698,0,0.0,0,0,0,0,0,25,729,16240228,-48,-8,-63510824
21:20:20.703,0,0.0,0,0,0,0,0,-4,783,16240230,3,2062,-63510816
21:20:20.708,0,0.0,0,0,0,0,0,4,-1286,16240217,13,2,-63510824
21:20:20.713,0,0.0,0,0,0,0,0,5,1032,16240232,-61,600,-63510820
21:20:20.718,0,0.0,0,0,0,0,0,14,-1475,16240217,19,-448,-63510832
21:20:20.723,0,0.0,0,0,0,0,0,-10,40,16240224,-15,192,-63510820
21:20:20.728,0,0.0,0,0,0,0,0,-2,-1115,16240217,18,3,-63510824
21:20:20.733,0,0.0,0,0,0,0,0,0,411,16240228,-43,-449,-63510832
21:20:20.739,0,0.0,0,0,0,0,0,5,-814,16240221,-19,158,-63510820
21:20:20.744,0,0.0,0,0,0,0,0,9,-793,16240221,7,-406,-63510832
21:20:20.749,0,0.0,0,0,0,0,0,10,591,16240230,14,612,-63510820
21:20:20.754,0,0.0,0,0,0,0,0,22,1115,16240232,15,766,-63510820
21:20:20.759,0,0.0,0,0,0,0,0,-14,-15,16240226,30,-463,-63510832
21:20:20.764,0,0.0,0,0,0,0,0,-2,575,16240230,-14,-401,-63510832
21:20:20.769,0,0.0,0,0,0,0,0,7,-17,16240226,41,712,-63510820
21:20:20.774,0,0.0,0,0,0,0,0,17,946,16240232,-3,90,-63510824
21:20:20.779,0,0.0,0,0,0,0,0,7,-114,16240226,10,-406,-63510832
21:20:20.784,0,0.0,0,0,0,0,0,-3,-1236,16240217,28,116,-63510824
21:20:20.789,0,0.0,0,0,0,0,0,8,-878,16240217,7,58,-63510824
21:20:20.794,0,0.0,0,0,0,0,0,-15,-75,16240222,-20,750,-63510820
21:20:20.799,0,0.0,0,0,0,0,0,-6,-877,16240217,26,9,-63510824
21:20:20.804,0,0.0,0,0,0,0,0,27,-915,16240217,-13,33,-63510824
21:20:20.809,0,0.0,0,0,0,0,0,3,172,16240224,13,2014,-63510816
21:20:20.814,0,0.0,0,0,0,0,0,6,740,16240228,-13,1906,-63510816
21:20:20.820,0,0.0,0,0,0,0,0,5,616,16240228,65,46,-63510832
21:20:20.825,0,0.0,0,0,0,0,0,13,-487,16240222,9,-439,-63510832
21:20:20.830,0,0.0,0,0,0,0,0,3,-528,16240222,43,1335,-63510816
21:20:20.835,0,0.0,0,0,0,0,0,-2,1178,16240232,-1,-583,-63510832
21:20:20.840,0,0.0,0,0,0,0,0,-5,-1092,16240217,4,67,-63510824
21:20:20.845,0,0.0,0,0,0,0,0,-40,-1133,16240217,10,-491,-63510832
21:20:20.850,0,0.0,0,0,0,0,0,0,102,16240226,8,740,-63510820
21:20:20.855,0,0.0,0,0,0,0,0,2,1265,16240232,28,-480,-63510832
21:20:20.860,0,0.0,0,0,0,0,0,-11,126,16240226,7,4,-63510824
21:20:20.865,0,0.0,0,0,0,0,0,-6,1214,16240232,23,-632,-63510832
21:20:20.870,0,0.0,0,0,0,0,0,20,693,16240230,-5,-660,-63510832
21:20:20.875,0,0.0,0,0,0,0,0,-12,-880,16240221,7,155,-63510820
21:20:20.880,0,0.0,0,0,0,0,0,1,-1261,16240217,-12,-511,-63510832
21:20:20.885,0,0.0,0,0,0,0,0,10,1338,16240232,-7,-35,-63510824
21:20:20.890,0,0.0,0,0,0,0,0,7,-536,16240221,-96,-74,-63510824
21:20:20.895,0,0.0,0,0,0,0,0,6,-1235,16240217,-29,129,-63510820
21:20:20.901,0,0.0,0,0,0,0,0,5,-190,16240224,-9,-463,-63510832
21:20:20.906,0,0.0,0,0,0,0,0,7,543,16240230,4,-2,-63510824
21:20:20.911,0,0.0,0,0,0,0,0,-11,1705,16240236,9,-24,-63510824
21:20:20.916,0,0.0,0,0,0,0,0,1,-3253,16240205,20,-468,-63510832
21:20:20.921,0,0.0,0,0,0,0,0,20,376,16240228,70,-11,-63510824
21:20:20.926,0,0.0,0,0,0,0,0,24,-1440,16240217,-47,94,-63510824
21:20:20.931,0,0.0,0,0,0,0,0,-23,-598,16240222,42,-53,-63510824
21:20:20.936,0,0.0,0,0,0,0,0,18,-126,16240224,7,-37,-63510824
21:20:20.941,0,0.0,0,0,0,0,0,11,1400,16240233,14,719,-63510820
21:20:20.946,0,0.0,0,0,0,0,0,41,628,16240230,-45,-357,-63510832
21:20:20.951,0,0.0,0,0,0,0,0,-58,39,16240230,-18,193,-63510820
21:20:20.956,0,0.0,0,0,0,0,0,8,-1170,16240217,-28,-417,-63510832
21:20:20.961,0,0.0,0,0,0,0,0,8,-1635,16240213,15,80,-63510824
21:20:20.966,0,0.0,0,0,0,0,0,1,695,16240230,38,-411,-63510832
21:20:20.971,0,0.0,0,0,0,0,0,-5,84,16240226,-37,-521,-63510832
21:20:20.976,0,0.0,0,0,0,0,0,-18,-912,16240217,-39,-507,-63510832
21:20:20.981,0,0.0,0,0,0,0,0,-39,275,16240226,43,-429,-63510832
21:20:20.987,0,0.0,0,0,0,0,0,2,152,16240226,28,-404,-63510832
21:20:20.992,0,0.0,0,0,0,0,0,-27,1166,16240232,-85,639,-63510820
21:20:20.997,0,0.0,0,0,0,0,0,-6,-1298,16240217,-7,189,-63510820
21:20:21.002,0,0.0,0,0,0,0,0,-1,-435,16240222,-33,645,-63510820
21:20:21.007,0,0.0,0,0,0,0,0,-41,-425,16240222,107,112,-63510820
21:20:21.012,0,0.0,0,0,0,0,0,0,894,16240230,-54,84,-63510820
21:20:21.017,0,0.0,0,0,0,0,0,-3,64,16240224,-1,-417,-63510832
21:20:21.022,0,0.0,0,0,0,0,0,0,889,16240230,24,-418,-63510832
21:20:21.027,0,0.0,0,0,0,0,0,-21,1321,16240232,20,15,-63510824
21:20:21.032,0,0.0,0,0,0,0,0,-10,-316,16240222,-25,5,-63510824
21:20:21.037,0,0.0,0,0,0,0,0,-4,76,16240224,62,778,-63510820
21:20:21.042,0,0.0,0,0,0,0,0,1,-620,16240221,-5,209,-63510820
21:20:21.047,0,0.0,0,0,0,0,0,-14,-469,16240221,2,-507,-63510832
21:20:21.052,0,0.0,0,0,0,0,0,9,-757,16240217,24,1370,-63510816
21:20:21.057,0,0.0,0,0,0,0,0,7,-612,16240217,9,648,-63510820
21:20:21.062,0,0.0,0,0,0,0,0,0,222,16240222,35,7,-63510820
21:20:21.068,0,0.0,0,0,0,0,0,-21,-112,16240221,-30,1880,-63510816
21:20:21.073,0,0.0,0,0,0,0,0,-12,1137,16240230,-19,221,-63510820
21:20:21.078,0,0.0,0,0,0,0,0,-16,238,16240224,7,693,-63510820
21:20:21.083,0,0.0,0,0,0,0,0,-2,-928,16240217,20,68,-63510824
21:20:21.088,0,0.0,0,0,0,0,0,10,-890,16240217,18,40,-63510824
21:20:21.094,0,0.0,0,0,0,0,0,-41,-975,16240217,4,-615,-63510832
21:20:21.099,0,0.0,0,0,0,0,0,-14,190,16240224,26,827,-63510820
21:20:21.104,0,0.0,0,0,0,0,0,11,-952,16240217,50,208,-63510820
21:20:21.109,0,0.0,0,0,0,0,0,6,-1554,16240213,-8,-396,-63510832
21:20:21.114,0,0.0,0,0,0,0,0,2,1492,16240232,38,129,-63510824
21:20:21.119,0,0.0,0,0,0,0,0,-4,772,16240228,13,-378,-63510832
21:20:21.124,0,0.0,0,0,0,0,0,-6,666,16240228,-46,-412,-63510832
21:20:21.129,0,0.0,0,0,0,0,0,5,-151,16240222,10,-15,-63510824
21:20:21.134,0,0.0,0,0,0,0,0,-4,-613,16240217,15,-418,-63510832
21:20:21.139,0,0.0,0,0,0,0,0,3,1387,16240230,-32,-53,-63510824
21:20:21.144,0,0.0,0,0,0,0,0,-2,414,16240224,-8,-411,-63510832
21:20:21.149,0,0.0,0,0,0,0,0,18,1423,16240233,3,-475,-63510816
21:20:21.155,0,0.0,0,0,0,0,0,1,-933,16240217,-62,-1,-63510824
21:20:21.160,0,0.0,0,0,0,0,0,10,1418,16240232,70,690,-63510820
21:20:21.165,0,0.0,0,0,0,0,0,0,-996,16240217,-49,50,-63510820
21:20:21.170,0,0.0,0,0,0,0,0,11,93,16240224,37,-66,-63510824
21:20:21.175,0,0.0,0,0,0,0,0,-1,-533,16240221,-15,-95,-63510824
21:20:21.180,0,0.0,0,0,0,0,0,11,668,16240228,-35,721,-63510820
21:20:21.185,0,0.0,0,0,0,0,0,-35,1438,16240232,57,0,-63510824
21:20:21.190,0,0.0,0,0,0,0,0,6,-1063,16240217,-8,-413,-63510832
21:20:21.195,0,0.0,0,0,0,0,0,-19,-422,16240221,-39,650,-63510820
21:20:21.200,0,0.0,0,0,0,0,0,4,147,16240224,47,47,-63510824
21:20:21.205,0,0.0,0,0,0,0,0,-14,-529,16240221,-34,13,-63510824
21:20:21.210,0,0.0,0,0,0,0,0,-12,-405,16240222,32,-459,-63510832
21:20:21.215,0,0.0,0,0,0,0,0,-3,1455,16240233,-31,-441,-63510832
21:20:21.220,0,0.0,0,0,0,0,0,7,677,16240230,22,-419,-63510832
21:20:21.225,0,0.0,0,0,0,0,0,-27,-720,16240221,14,634,-63510820
21:20:21.230,0,0.0,0,0,0,0,0,-14,-1196,16240217,3,-420,-63510832
21:20:21.236,0,0.0,0,0,0,0,0,14,-1071,16240217,-2,680,-63510820
21:20:21.241,0,0.0,0,0,0,0,0,-1,1857,16240236,12,192,-63510820
21:20:21.246,0,0.0,0,0,0,0,0,-3,652,16240228,60,-22,-63510824
21:20:21.251,0,0.0,0,0,0,0,0,3,-1570,16240213,36,44,-63510820
21:20:21.256,0,0.0,0,0,0,0,0,-29,286,16240226,9,-96,-63510824
21:20:21.261,0,0.0,0,0,0,0,0,8,-957,16240217,8,-503,-63510832
21:20:21.266,0,0.0,0,0,0,0,0,-5,-907,16240217,21,1,-63510824
21:20:21.271,0,0.0,0,0,0,0,0,-7,881,16240230,-3,-437,-63510832
21:20:21.276,0,0.0,0,0,0,0,0,0,-1183,16240217,-41,73,-63510824
21:20:21.281,0,0.0,0,0,0,0,0,6,629,16240228,13,-10,-63510824
21:20:21.286,0,0.0,0,0,0,0,0,1,-45,16240224,8,-439,-63510832
21:20:21.291,0,0.0,0,0,0,0,0,4,1275,16240232,-10,113,-63510820
21:20:21.296,0,0.0,0,0,0,0,0,10,1397,16240232,18,-35,-63510824
21:20:21.301,0,0.0,0,0,0,0,0,20,1538,16240233,-8,71,-63510824
21:20:21.307,0,0.0,0,0,0,0,0,21,-492,16240221,20,-469,-63510832
21:20:21.312,0,0.0,0,0,0,0,0,-11,-1013,16240217,0,151,-63510820
21:20:21.317,0,0.0,0,0,0,0,0,-9,341,16240224,3,-490,-63510832
21:20:21.322,0,0.0,0,0,0,0,0,3,1721,16240232,-13,-474,-63510832
21:20:21.327,0,0.0,0,0,0,0,0,3,-343,16240221,11,17,-63510824
21:20:21.332,0,0.0,0,0,0,0,0,-40,-933,16240217,21,-61,-63510824
21:20:21.337,0,0.0,0,0,0,0,0,-37,744,16240228,80,773,-63510820
21:20:21.342,0,0.0,0,0,0,0,0,5,1317,16240232,-44,2526,-63510812
21:20:21.347,0,0.0,0,0,0,0,0,-31,788,16240230,41,-465,-63510820
21:20:21.352,0,0.0,0,0,0,0,0,19,-1041,16240217,36,21,-63510824
21:20:21.357,0,0.0,0,0,0,0,0,-5,-584,16240221,-8,-423,-63510832
21:20:21.362,0,0.0,0,0,0,0,0,23,-1024,16240217,37,-380,-63510832
21:20:21.367,0,0.0,0,0,0,0,0,12,-1063,16240217,29,-469,-63510832
21:20:21.372,0,0.0,0,0,0,0,0,15,1296,16240232,63,2,-63510824
21:20:21.377,0,0.0,0,0,0,0,0,-7,-1182,16240217,36,-521,-63510832
21:20:21.383,0,0.0,0,0,0,0,0,23,-1217,16240217,-52,-61,-63510824
21:20:21.388,0,0.0,0,0,0,0,0,-7,97,16240224,44,-527,-63510832
21:20:21.393,0,0.0,0,0,0,0,0,3,-1005,16240217,-34,-533,-63510832
21:20:21.398,0,0.0,0,0,0,0,0,-1,-1080,16240217,3,-629,-63510832
21:20:21.403,0,0.0,0,0,0,0,0,0,630,16240228,-28,-52,-63510824
21:20:21.408,0,0.0,0,0,0,0,0,-2,68,16240226,-11,1169,-63510816
21:20:21.413,0,0.0,0,0,0,0,0,42,-755,16240221,-16,-166,-63510824
21:20:21.418,0,0.0,0,0,0,0,0,0,-277,16240224,0,119,-63510820
21:20:21.423,0,0.0,0,0,0,0,0,0,998,16240232,-41,-484,-63510832
21:20:21.428,0,0.0,0,0,0,0,0,5,42,16240226,13,-480,-63510832
21:20:21.433,0,0.0,0,0,0,0,0,4,-1211,16240217,1,143,-63510820
21:20:21.438,0,0.0,0,0,0,0,0,2,1085,16240232,-40,2487,-63510812
21:20:21.443,0,0.0,0,0,0,0,0,-3,-467,16240222,15,2533,-63510812
21:20:21.448,0,0.0,0,0,0,0,0,9,-995,16240217,40,686,-63510820
21:20:21.453,0,0.0,0,0,0,0,0,9,-528,16240222,13,-73,-63510824
21:20:21.458,0,0.0,0,0,0,0,0,8,-1235,16240217,37,-474,-63510832
21:20:21.463,0,0.0,0,0,0,0,0,-3,-1792,16240212,1,237,-63510820
21:20:21.469,0,0.0,0,0,0,0,0,-14,-507,16240221,-29,613,-63510820
21:20:21.474,0,0.0,0,0,0,0,0,12,1180,16240232,30,18,-63510824
21:20:21.479,0,0.0,0,0,0,0,0,-5,-959,16240217,30,644,-63510820
21:20:21.484,0,0.0,0,0,0,0,0,-3,396,16240226,9,629,-63510820
21:20:21.489,0,0.0,0,0,0,0,0,7,-425,16240221,-44,-574,-63510832
21:20:21.494,0,0.0,0,0,0,0,0,3,1145,16240232,34,-502,-63510832
21:20:21.499,0,0.0,0,0,0,0,0,16,-772,16240221,30,653,-63510820
21:20:21.504,0,0.0,0,0,0,0,0,-10,496,16240228,-7,-394,-63510832
21:20:21.509,0,0.0,0,0,0,0,0,-2,521,16240230,-10,236,-63510820
21:20:21.514,0,0.0,0,0,0,0,0,-6,618,16240230,-39,73,-63510824
21:20:21.519,0,0.0,0,0,0,0,0,11,511,16240228,20,-416,-63510832
21:20:21.524,0,0.0,0,0,0,0,0,3,-588,16240222,16,58,-63510824
21:20:21.529,0,0.0,0,0,0,0,0,8,752,16240230,-11,166,-63510820
21:20:21.534,0,0.0,0,0,0,0,0,-7,-1264,16240217,-26,-423,-63510832
21:20:21.539,0,0.0,0,0,0,0,0,-15,1299,16240232,4,1407,-63510816
21:20:21.544,0,0.0,0,0,0,0,0,-2,1275,16240233,36,-479,-63510832
21:20:21.550,0,0.0,0,0,0,0,0,9,-615,16240222,-15,148,-63510820
21:20:21.555,0,0.0,0,0,0,0,0,14,597,16240228,41,-41,-63510824
21:20:21.560,0,0.0,0,0,0,0,0,3,1103,16240232,-4,-472,-63510832
21:20:21.565,0,0.0,0,0,0,0,0,-2,-1232,16240217,-75,1837,-63510816
21:20:21.570,0,0.0,0,0,0,0,0,-3,158,16240226,35,-545,-63510832
21:20:21.575,0,0.0,0,0,0,0,0,17,1302,16240232,-15,-46,-63510824
21:20:21.580,0,0.0,0,0,0,0,0,12,586,16240228,26,-470,-63510832
21:20:21.585,0,0.0,0,0,0,0,0,-18,-1467,16240217,10,3,-63510824
21:20:21.590,0,0.0,0,0,0,0,0,3,-36,16240226,26,-478,-63510832
21:20:21.595,0,0.0,0,0,0,0,0,-12,469,16240228,-14,-41,-63510824
21:20:21.600,0,0.0,0,0,0,0,0,1,-2447,16240209,10,-525,-63510832
21:20:21.605,0,0.0,0,0,0,0,0,-10,731,16240230,-64,-493,-63510832
21:20:21.610,0,0.0,0,0,0,0,0,-23,777,16240230,13,-452,-63510832
21:20:21.615,0,0.0,0,0,0,0,0,11,1260,16240232,-34,-695,-63510832
21:20:21.620,0,0.0,0,0,0,0,0,21,625,16240228,-4,-111,-63510824
21:20:21.625,0,0.0,0,0,0,0,0,-5,1415,16240233,5,-1834,-63510836
21:20:21.630,0,0.0,0,0,0,0,0,-16,-1205,16240217,-51,-653,-63510832
21:20:21.636,0,0.0,0,0,0,0,0,-12,-676,16240221,7,-650,-63510832
21:20:21.641,0,0.0,0,0,0,0,0,-5,-521,16240222,-31,175,-63510820
21:20:21.646,0,0.0,0,0,0,0,0,18,-583,16240221,-19,580,-63510820
21:20:21.651,0,0.0,0,0,0,0,0,13,-142,16240224,-19,628,-63510820
21:20:21.656,0,0.0,0,0,0,0,0,8,-1160,16240217,26,159,-63510820
21:20:21.661,0,0.0,0,0,0,0,0,-31,1248,16240232,36,-31,-63510824
21:20:21.666,0,0.0,0,0,0,0,0,-21,421,16240226,-8,0,-63510824
21:20:21.671,0,0.0,0,0,0,0,0,6,1266,16240232,13,-574,-63510832
21:20:21.676,0,0.0,0,0,0,0,0,1,-208,16240224,15,-449,-63510832
21:20:21.681,0,0.0,0,0,0,0,0,-2,-747,16240221,-86,759,-63510820
21:20:21.686,0,0.0,0,0,0,0,0,-7,168,16240226,-51,70,-63510820
21:20:21.691,0,0.0,0,0,0,0,0,5,-552,16240221,14,24,-63510824
21:20:21.696,0,0.0,0,0,0,0,0,-18,1380,16240228,3,-1040,-63510832
21:20:21.701,0,0.0,0,0,0,0,0,-13,755,16240230,37,-621,-63510832
21:20:21.706,0,0.0,0,0,0,0,0,-7,-1143,16240217,31,-403,-63510832
21:20:21.711,0,0.0,0,0,0,0,0,-1,1220,16240232,5,-408,-63510832
21:20:21.716,0,0.0,0,0,0,0,0,13,454,16240228,42,-383,-63510832
21:20:21.722,0,0.0,0,0,0,0,0,-16,-637,16240222,10,-454,-63510832
21:20:21.727,0,0.0,0,0,0,0,0,8,595,16240228,35,122,-63510820
21:20:21.732,0,0.0,0,0,0,0,0,13,1354,16240233,46,14,-63510824
21:20:21.737,0,0.0,0,0,0,0,0,3,-1312,16240217,-3,-478,-63510832
21:20:21.742,0,0.0,0,0,0,0,0,6,-116,16240224,16,-110,-63510824
21:20:21.747,0,0.0,0,0,0,0,0,7,-1055,16240217,-35,-113,-63510824
21:20:21.752,0,0.0,0,0,0,0,0,6,-930,16240217,-35,-456,-63510832
21:20:21.757,0,0.0,0,0,0,0,0,2,-204,16240222,2,-456,-63510832
21:20:21.762,0,0.0,0,0,0,0,0,14,1392,16240233,18,-3,-63510824
21:20:21.767,0,0.0,0,0,0,0,0,16,-743,16240221,-2,175,-63510820
21:20:21.772,0,0.0,0,0,0,0,0,3,1815,16240236,-19,-1665,-63510836
21:20:21.777,0,0.0,0,0,0,0,0,9,1181,16240232,-27,-474,-63510832
21:20:21.782,0,0.0,0,0,0,0,0,-6,161,16240226,-23,-428,-63510832
21:20:21.787,0,0.0,0,0,0,0,0,11,1498,16240233,12,-480,-63510832
21:20:21.793,0,0.0,0,0,0,0,0,12,-4,16240224,42,56,-63510824
21:20:21.798,0,0.0,0,0,0,0,0,6,-574,16240221,-2,622,-63510820
21:20:21.803,0,0.0,0,0,0,0,0,4,627,16240228,-3,1223,-63510816
21:20:21.808,0,0.0,0,0,0,0,0,0,-148,16240224,-40,0,-63510824
21:20:21.813,0,0.0,0,0,0,0,0,9,1050,16240232,-69,-423,-63510832
21:20:21.818,0,0.0,0,0,0,0,0,0,-1187,16240217,15,-465,-63510832
21:20:21.823,0,0.0,0,0,0,0,0,29,180,16240226,34,-501,-63510832
21:20:21.828,0,0.0,0,0,0,0,0,-19,584,16240228,22,1817,-63510816
21:20:21.833,0,0.0,0,0,0,0,0,1,1162,16240233,-8,-462,-63510832
21:20:21.838,0,0.0,0,0,0,0,0,9,1024,16240232,-73,-419,-63510832
21:20:21.843,0,0.0,0,0,0,0,0,5,-62,16240224,51,-1840,-63510836
21:20:21.848,0,0.0,0,0,0,0,0,-58,1098,16240232,-14,-441,-63510832
21:20:21.853,0,0.0,0,0,0,0,0,3,-188,16240224,-46,-425,-63510832
21:20:21.858,0,0.0,0,0,0,0,0,-5,-223,16240224,13,178,-63510820
21:20:21.863,0,0.0,0,0,0,0,0,8,619,16240230,-3,55,-63510824
21:20:21.868,0,0.0,0,0,0,0,0,-2,1174,16240233,19,2060,-63510816
21:20:21.873,0,0.0,0,0,0,0,0,12,1211,16240232,31,1353,-63510816
21:20:21.879,0,0.0,0,0,0,0,0,-33,-379,16240222,3,102,-63510820
21:20:21.884,0,0.0,0,0,0,0,0,-17,-1133,16240217,-64,98,-63510820
21:20:21.889,0,0.0,0,0,0,0,0,10,166,16240226,-34,-24,-63510824
21:20:21.894,0,0.0,0,0,0,0,0,-9,-690,16240221,25,-20,-63510824
21:20:21.899,0,0.0,0,0,0,0,0,-7,1046,16240232,-95,-465,-63510832
21:20:21.904,0,0.0,0,0,0,0,0,-13,467,16240228,-12,204,-63510820
21:20:21.909,0,0.0,0,0,0,0,0,3,-557,16240222,23,174,-63510820
21:20:21.914,0,0.0,0,0,0,0,0,8,1215,16240232,-15,59,-63510824
21:20:21.919,0,0.0,0,0,0,0,0,20,1153,16240232,-19,1292,-63510816
21:20:21.924,0,0.0,0,0,0,0,0,14,80,16240226,9,694,-63510820
21:20:21.929,0,0.0,0,0,0,0,0,-4,-30,16240226,20,1960,-63510816
21:20:21.934,0,0.0,0,0,0,0,0,0,-372,16240224,-73,-540,-63510832
21:20:21.939,0,0.0,0,0,0,0,0,2,-394,16240224,-20,48,-63510824
21:20:21.944,0,0.0,0,0,0,0,0,-34,1116,16240233,60,-463,-63510832
21:20:21.949,0,0.0,0,0,0,0,0,-8,-793,16240222,13,-406,-63510832
21:20:21.954,0,0.0,0,0,0,0,0,7,-64,16240226,-33,-590,-63510832
21:20:21.959,0,0.0,0,0,0,0,0,-19,-110,16240224,14,-502,-63510832
21:20:21.965,0,0.0,0,0,0,0,0,5,-720,16240221,-4,1219,-63510816
21:20:21.970,0,0.0,0,0,0,0,0,-20,-1115,16240217,14,83,-63510820
21:20:21.975,0,0.0,0,0,0,0,0,5,721,16240230,19,155,-63510820
21:20:21.980,0,0.0,0,0,0,0,0,-29,601,16240230,15,-455,-63510832
21:20:21.985,0,0.0,0,0,0,0,0,-9,1254,16240233,-67,-488,-63510832
21:20:21.990,0,0.0,0,0,0,0,0,7,65,16240226,23,8,-63510824
21:20:21.995,0,0.0,0,0,0,0,0,1,1106,16240232,25,-431,-63510832
21:20:22.000,0,0.0,0,0,0,0,0,11,1267,16240233,-19,-440,-63510832
21:20:22.005,0,0.0,0,0,0,0,0,10,-1422,16240217,4,51,-63510824
21:20:22.010,0,0.0,0,0,0,0,0,14,49,16240226,-39,110,-63510824
21:20:22.015,0,0.0,0,0,0,0,0,18,-1129,16240217,-13,80,-63510824
21:20:22.020,0,0.0,0,0,0,0,0,4,1184,16240232,-22,-431,-63510832
21:20:22.025,0,0.0,0,0,0,0,0,5,1147,16240232,58,141,-63510820
21:20:22.030,0,0.0,0,0,0,0,0,4,175,16240226,22,49,-63510824
21:20:22.035,0,0.0,0,0,0,0,0,-15,784,16240230,-90,79,-63510824
21:20:22.040,0,0.0,0,0,0,0,0,-14,-1680,16240213,17,101,-63510824
21:20:22.045,0,0.0,0,0,0,0,0,-10,-1236,16240217,30,861,-63510820
21:20:22.050,0,0.0,0,0,0,0,0,44,1348,16240233,-8,10,-63510824
21:20:22.056,0,0.0,0,0,0,0,0,16,43,16240224,25,174,-63510820
21:20:22.061,0,0.0,0,0,0,0,0,-1,-417,16240222,72,153,-63510820
21:20:22.066,0,0.0,0,0,0,0,0,0,-417,16240222,60,-50,-63510816
21:20:22.071,0,0.0,0,0,0,0,0,-3,-636,16240221,27,7,-63510824
21:20:22.076,0,0.0,0,0,0,0,0,7,240,16240226,-64,-440,-63510832
21:20:22.081,0,0.0,0,0,0,0,0,-5,-718,16240221,-18,54,-63510824
21:20:22.086,0,0.0,0,0,0,0,0,-22,466,16240228,-6,211,-63510820
21:20:22.091,0,0.0,0,0,0,0,0,-1,-1199,16240217,48,-378,-63510832
21:20:22.096,0,0.0,0,0,0,0,0,1,1206,16240232,3,-469,-63510832
21:20:22.101,0,0.0,0,0,0,0,0,0,-1211,16240217,-13,-470,-63510832
21:20:22.106,0,0.0,0,0,0,0,0,-17,1059,16240232,30,40,-63510824
21:20:22.111,0,0.0,0,0,0,0,0,-10,-131,16240224,9,216,-63510820
21:20:22.116,0,0.0,0,0,0,0,0,8,37,16240226,-8,-395,-63510832
21:20:22.121,0,0.0,0,0,0,0,0,11,1257,16240232,11,53,-63510824
21:20:22.126,0,0.0,0,0,0,0,0,14,708,16240230,20,53,-63510824
21:20:22.131,0,0.0,0,0,0,0,0,5,-754,16240221,6,1290,-63510816
21:20:22.136,0,0.0,0,0,0,0,0,9,659,16240228,53,-63,-63510824
21:20:22.142,0,0.0,0,0,0,0,0,35,90,16240226,6,-359,-63510832
21:20:22.147,0,0.0,0,0,0,0,0,-7,818,16240230,-41,-411,-63510832
21:20:22.152,0,0.0,0,0,0,0,0,-2,97,16240228,9,-373,-63510832
21:20:22.157,0,0.0,0,0,0,0,0,-8,-574,16240222,-20,20,-63510824
21:20:22.162,0,0.0,0,0,0,0,0,8,-1126,16240217,44,240,-63510820
21:20:22.167,0,0.0,0,0,0,0,0,-4,-419,16240222,-40,726,-63510820
21:20:22.172,0,0.0,0,0,0,0,0,-6,1451,16240233,70,-361,-63510832
21:20:22.177,0,0.0,0,0,0,0,0,35,-578,16240222,-142,-386,-63510832
21:20:22.182,0,0.0,0,0,0,0,0,-6,-2973,16240204,14,716,-63510820
21:20:22.187,0,0.0,0,0,0,0,0,15,-1020,16240217,36,-460,-63510832
21:20:22.192,0,0.0,0,0,0,0,0,-15,-231,16240222,48,-375,-63510832
21:20:22.198,0,0.0,0,0,0,0,0,-30,-1606,16240213,89,229,-63510820
21:20:22.203,0,0.0,0,0,0,0,0,38,-592,16240221,-8,186,-63510820
21:20:22.208,0,0.0,0,0,0,0,0,23,-352,16240222,25,632,-63510820
21:20:22.213,0,0.0,0,0,0,0,0,4,-284,16240222,16,-475,-63510832
21:20:22.218,0,0.0,0,0,0,0,0,-2,-1159,16240217,8,0,-63510824
21:20:22.223,0,0.0,0,0,0,0,0,29,-1064,16240217,-8,765,-63510820
21:20:22.228,0,0.0,0,0,0,0,0,1,1251,16240232,24,-489,-63510832
21:20:22.233,0,0.0,0,0,0,0,0,-56,142,16240226,-3,-434,-63510832
21:20:22.238,0,0.0,0,0,0,0,0,-22,-520,16240222,14,-440,-63510832
21:20:22.243,0,0.0,0,0,0,0,0,5,644,16240228,8,-494,-63510832
21:20:22.248,0,0.0,0,0,0,0,0,4,-998,16240217,59,-406,-63510832
21:20:22.253,0,0.0,0,0,0,0,0,1,810,16240230,21,-421,-63510832
21:20:22.258,0,0.0,0,0,0,0,0,-6,-1131,16240217,8,27,-63510824
21:20:22.263,0,0.0,0,0,0,0,0,-19,2835,16240241,13,-646,-63510832
21:20:22.269,0,0.0,0,0,0,0,0,4,1748,16240236,20,32,-63510824
21:20:22.274,0,0.0,0,0,0,0,0,30,-1262,16240217,1,-441,-63510832
21:20:22.279,0,0.0,0,0,0,0,0,-4,-368,16240222,34,66,-63510824
21:20:22.284,0,0.0,0,0,0,0,0,4,-494,16240232,31,-519,-63510832
21:20:22.289,0,0.0,0,0,0,0,0,-17,1162,16240232,-69,-2,-63510824
21:20:22.294,0,0.0,0,0,0,0,0,0,-602,16240221,9,-389,-63510832
21:20:22.299,0,0.0,0,0,0,0,0,3,814,16240230,-29,107,-63510824
21:20:22.304,0,0.0,0,0,0,0,0,8,122,16240226,8,76,-63510824
21:20:22.309,0,0.0,0,0,0,0,0,-30,681,16240228,5,17,-63510824
21:20:22.314,0,0.0,0,0,0,0,0,-4,-360,16240222,-1,22,-63510824
21:20:22.319,0,0.0,0,0,0,0,0,-5,-1080,16240217,39,34,-63510824
21:20:22.324,0,0.0,0,0,0,0,0,-9,610,16240228,-16,41,-63510824
21:20:22.329,0,0.0,0,0,0,0,0,10,1919,16240236,-75,688,-63510820
21:20:22.334,0,0.0,0,0,0,0,0,-1,-1153,16240217,-8,72,-63510824
21:20:22.339,0,0.0,0,0,0,0,0,4,-1011,16240217,14,40,-63510824
21:20:22.344,0,0.0,0,0,0,0,0,17,-369,16240221,-33,98,-63510824
21:20:22.349,0,0.0,0,0,0,0,0,-6,-8,16240222,47,19,-63510824
21:20:22.355,0,0.0,0,0,0,0,0,-4,1708,16240233,48,13,-63510824
21:20:22.360,0,0.0,0,0,0,0,0,0,1500,16240233,1,-17,-63510824
21:20:22.365,0,0.0,0,0,0,0,0,9,582,16240230,25,167,-63510820
21:20:22.370,0,0.0,0,0,0,0,0,-9,1038,16240232,24,-451,-63510832
21:20:22.375,0,0.0,0,0,0,0,0,27,1,16240226,-23,120,-63510824
21:20:22.380,0,0.0,0,0,0,0,0,4,-16,16240224,2,1314,-63510816
21:20:22.385,0,0.0,0,0,0,0,0,15,1028,16240232,30,-360,-63510832
21:20:22.390,0,0.0,0,0,0,0,0,8,-1281,16240217,19,113,-63510824
21:20:22.395,0,0.0,0,0,0,0,0,-29,656,16240230,15,63,-63510824
21:20:22.400,0,0.0,0,0,0,0,0,-6,53,16240226,-39,62,-63510824
21:20:22.405,0,0.0,0,0,0,0,0,25,1349,16240233,10,73,-63510824
21:20:22.410,0,0.0,0,0,0,0,0,-31,-1098,16240222,15,-384,-63510832
21:20:22.415,0,0.0,0,0,0,0,0,13,752,16240230,15,52,-63510824
21:20:22.420,0,0.0,0,0,0,0,0,-11,706,16240228,-16,270,-63510820
21:20:22.425,0,0.0,0,0,0,0,0,21,-336,16240222,-13,-1009,-63510832
21:20:22.430,0,0.0,0,0,0,0,0,12,-54,16240224,-12,-1739,-63510836
21:20:22.436,0,0.0,0,0,0,0,0,-6,-2411,16240208,41,44,-63510824
21:20:22.441,0,0.0,0,0,0,0,0,11,-1092,16240217,14,104,-63510824
21:20:22.446,0,0.0,0,0,0,0,0,13,-9,16240224,-41,59,-63510824
21:20:22.451,0,0.0,0,0,0,0,0,25,21,16240226,-44,251,-63510820
21:20:22.456,0,0.0,0,0,0,0,0,5,1208,16240233,41,-469,-63510832
21:20:22.461,0,0.0,0,0,0,0,0,21,-166,16240224,2,768,-63510820
21:20:22.466,0,0.0,0,0,0,0,0,6,-17,16240226,9,-355,-63510832
21:20:22.471,0,0.0,0,0,0,0,0,-12,1169,16240232,-7,-439,-63510832
21:20:22.476,0,0.0,0,0,0,0,0,-14,467,16240228,-85,92,-63510824
21:20:22.481,0,0.0,0,0,0,0,0,23,-1276,16240217,43,200,-63510820
21:20:22.486,0,0.0,0,0,0,0,0,-34,690,16240230,9,1,-63510824
21:20:22.491,0,0.0,0,0,0,0,0,-10,-47,16240224,16,36,-63510824
21:20:22.496,0,0.0,0,0,0,0,0,-38,-51,16240224,32,91,-63510824
21:20:22.501,0,0.0,0,0,0,0,0,-17,-604,16240222,31,748,-63510820
21:20:22.506,0,0.0,0,0,0,0,0,-24,-1129,16240217,-50,118,-63510824
21:20:22.511,0,0.0,0,0,0,0,0,-8,-1105,16240217,-57,754,-63510820
21:20:22.517,0,0.0,0,0,0,0,0,9,-1059,16240217,-57,78,-63510824
21:20:22.522,0,0.0,0,0,0,0,0,-9,-327,16240222,0,112,-63510824
21:20:22.527,0,0.0,0,0,0,0,0,9,-816,16240217,-14,-338,-63510832
21:20:22.532,0,0.0,0,0,0,0,0,6,2143,16240236,31,-340,-63510832
21:20:22.537,0,0.0,0,0,0,0,0,26,211,16240226,-3,155,-63510824
21:20:22.542,0,0.0,0,0,0,0,0,22,-918,16240217,-17,293,-63510820
21:20:22.547,0,0.0,0,0,0,0,0,18,-970,16240217,-1,-394,-63510832
21:20:22.552,0,0.0,0,0,0,0,0,15,-1101,16240217,3,-567,-63510832
21:20:22.557,0,0.0,0,0,0,0,0,0,1248,16240232,0,-402,-63510832
21:20:22.562,0,0.0,0,0,0,0,0,8,706,16240230,3,667,-63510820
21:20:22.567,0,0.0,0,0,0,0,0,61,1418,16240233,7,-554,-63510832
21:20:22.572,0,0.0,0,0,0,0,0,-27,-1399,16240217,23,115,-63510824
21:20:22.577,0,0.0,0,0,0,0,0,3,455,16240228,69,110,-63510824
21:20:22.582,0,0.0,0,0,0,0,0,3,-132,16240224,8,277,-63510820
21:20:22.587,0,0.0,0,0,0,0,0,4,1436,16240233,-8,113,-63510824
21:20:22.592,0,0.0,0,0,0,0,0,-7,659,16240230,-66,-382,-63510832
21:20:22.598,0,0.0,0,0,0,0,0,31,-752,16240221,30,-381,-63510832
21:20:22.603,0,0.0,0,0,0,0,0,-2,1182,16240232,32,57,-63510824
21:20:22.608,0,0.0,0,0,0,0,0,10,487,16240228,2,93,-63510824
21:20:22.613,0,0.0,0,0,0,0,0,54,656,16240230,-24,261,-63510820
21:20:22.618,0,0.0,0,0,0,0,0,-24,1214,16240232,-115,217,-63510820
21:20:22.623,0,0.0,0,0,0,0,0,-4,110,16240226,-8,-481,-63510832
21:20:22.628,0,0.0,0,0,0,0,0,20,546,16240228,-10,-351,-63510832
21:20:22.633,0,0.0,0,0,0,0,0,-5,580,16240228,4,85,-63510824
21:20:22.638,0,0.0,0,0,0,0,0,-61,26,16240224,-51,684,-63510832
21:20:22.643,0,0.0,0,0,0,0,0,10,1350,16240232,-14,-493,-63510832
21:20:22.648,0,0.0,0,0,0,0,0,15,-491,16240222,-18,-329,-63510832
21:20:22.653,0,0.0,0,0,0,0,0,18,-599,16240221,-74,714,-63510820
21:20:22.658,0,0.0,0,0,0,0,0,4,10,16240224,28,-435,-63510832
21:20:22.663,0,0.0,0,0,0,0,0,-16,66,16240224,35,68,-63510824
21:20:22.668,0,0.0,0,0,0,0,0,-25,2385,16240240,-55,-394,-63510832
21:20:22.673,0,0.0,0,0,0,0,0,-3,-578,16240222,-9,-564,-63510832
21:20:22.678,0,0.0,0,0,0,0,0,-1,654,16240230,-21,898,-63510820
21:20:22.684,0,0.0,0,0,0,0,0,-1,1155,16240233,-113,-364,-63510832
21:20:22.689,0,0.0,0,0,0,0,0,0,-163,16240224,-8,51,-63510824
21:20:22.694,0,0.0,0,0,0,0,0,-14,-1143,16240217,-28,-370,-63510832
21:20:22.699,0,0.0,0,0,0,0,0,-10,-1070,16240217,0,-364,-63510832
21:20:22.704,0,0.0,0,0,0,0,0,-6,-723,16240217,-8,144,-63510824
21:20:22.709,0,0.0,0,0,0,0,0,-23,1753,16240233,-47,89,-63510824
21:20:22.714,0,0.0,0,0,0,0,0,-22,1087,16240230,12,70,-63510824
21:20:22.719,0,0.0,0,0,0,0,0,-2,-913,16240217,-11,85,-63510824
21:20:22.724,0,0.0,0,0,0,0,0,-2,158,16240224,20,96,-63510824
21:20:22.729,0,0.0,0,0,0,0,0,23,-413,16240221,8,83,-63510824
21:20:22.734,0,0.0,0,0,0,0,0,0,-1091,16240217,-35,-383,-63510832
21:20:22.739,0,0.0,0,0,0,0,0,-6,162,16240224,36,-7,-63510824
21:20:22.744,0,0.0,0,0,0,0,0,-18,-548,16240221,-38,-3,-63510824
21:20:22.749,0,0.0,0,0,0,0,0,2,-610,16240221,24,-430,-63510832
21:20:22.754,0,0.0,0,0,0,0,0,9,839,16240230,-18,118,-63510824
21:20:22.759,0,0.0,0,0,0,0,0,2,596,16240228,19,-386,-63510832
21:20:22.764,0,0.0,0,0,0,0,0,-6,-1114,16240217,-13,261,-63510820
21:20:22.770,0,0.0,0,0,0,0,0,8,2190,16240236,20,-379,-63510832
21:20:22.775,0,0.0,0,0,0,0,0,-1,-330,16240221,20,-513,-63510832
21:20:22.780,0,0.0,0,0,0,0,0,5,3015,16240245,13,59,-63510824
21:20:22.785,0,0.0,0,0,0,0,0,25,-1487,16240217,55,-360,-63510832
21:20:22.790,0,0.0,0,0,0,0,0,10,-1529,16240217,-35,-362,-63510832
21:20:22.795,0,0.0,0,0,0,0,0,21,-854,16240221,48,107,-63510824
21:20:22.800,0,0.0,0,0,0,0,0,1,-503,16240222,-41,120,-63510824
21:20:22.805,0,0.0,0,0,0,0,0,4,-55,16240224,7,-1733,-63510836
21:20:22.810,0,0.0,0,0,0,0,0,-7,88,16240226,-23,-942,-63510832
21:20:22.815,0,0.0,0,0,0,0,0,0,-680,16240221,-6,-382,-63510832
21:20:22.820,0,0.0,0,0,0,0,0,-1,-718,16240221,-13,-390,-63510832
21:20:22.825,0,0.0,0,0,0,0,0,52,1095,16240232,-33,274,-63510820
21:20:22.830,0,0.0,0,0,0,0,0,-2,-851,16240221,3,-556,-63510832
21:20:22.835,0,0.0,0,0,0,0,0,-27,-950,16240221,18,-341,-63510832
21:20:22.840,0,0.0,0,0,0,0,0,8,-2117,16240212,-1,135,-63510824
21:20:22.845,0,0.0,0,0,0,0,0,5,1195,16240232,-11,-341,-63510832
21:20:22.851,0,0.0,0,0,0,0,0,-9,1152,16240232,-43,725,-63510820
21:20:22.856,0,0.0,0,0,0,0,0,4,-1122,16240217,-19,802,-63510820
21:20:22.861,0,0.0,0,0,0,0,0,24,-739,16240221,-41,-1631,-63510836
21:20:22.866,0,0.0,0,0,0,0,0,39,670,16240230,-3,110,-63510824
21:20:22.871,0,0.0,0,0,0,0,0,-42,-355,16240222,-57,114,-63510824
21:20:22.876,0,0.0,0,0,0,0,0,16,42,16240224,6,188,-63510824
21:20:22.881,0,0.0,0,0,0,0,0,0,1080,16240230,42,-292,-63510832
21:20:22.886,0,0.0,0,0,0,0,0,12,447,16240226,25,1528,-63510816
21:20:22.891,0,0.0,0,0,0,0,0,-2,-152,16240222,15,293,-63510820
21:20:22.896,0,0.0,0,0,0,0,0,-10,-1034,16240217,4,-340,-63510832
21:20:22.901,0,0.0,0,0,0,0,0,-37,301,16240226,-8,64,-63510824
21:20:22.906,0,0.0,0,0,0,0,0,1,-205,16240222,30,-353,-63510832
21:20:22.911,0,0.0,0,0,0,0,0,13,-344,16240222,34,2020,-63510816
21:20:22.917,0,0.0,0,0,0,0,0,16,-599,16240222,-19,128,-63510824
21:20:22.922,0,0.0,0,0,0,0,0,4,1754,16240236,-20,128,-63510824
21:20:22.927,0,0.0,0,0,0,0,0,12,-586,16240222,24,-533,-63510832
21:20:22.932,0,0.0,0,0,0,0,0,5,-699,16240221,3,66,-63510824
21:20:22.937,0,0.0,0,0,0,0,0,9,-738,16240221,57,76,-63510824
21:20:22.942,0,0.0,0,0,0,0,0,3,578,16240230,-69,-384,-63510832
21:20:22.947,0,0.0,0,0,0,0,0,21,1248,16240233,35,-358,-63510832
21:20:22.952,0,0.0,0,0,0,0,0,19,-656,16240221,18,80,-63510824
21:20:22.957,0,0.0,0,0,0,0,0,0,-588,16240221,25,-435,-63510832
21:20:22.962,0,0.0,0,0,0,0,0,-6,1092,16240232,-4,-1160,-63510836
21:20:22.967,0,0.0,0,0,0,0,0,-28,-674,16240221,25,102,-63510824
21:20:22.973,0,0.0,0,0,0,0,0,0,-1212,16240217,-12,67,-63510824
21:20:22.978,0,0.0,0,0,0,0,0,-14,1097,16240232,-99,31,-63510824
21:20:22.983,0,0.0,0,0,0,0,0,5,-1178,16240217,-2,-487,-63510832
21:20:22.988,0,0.0,0,0,0,0,0,-47,536,16240228,25,95,-63510824
21:20:22.993,0,0.0,0,0,0,0,0,3,1086,16240232,-41,-350,-63510832
21:20:22.998,0,0.0,0,0,0,0,0,-14,-195,16240224,23,1972,-63510816
21:20:23.003,0,0.0,0,0,0,0,0,-2,-1201,16240217,-67,-436,-63510832
21:20:23.008,0,0.0,0,0,0,0,0,21,-612,16240222,38,164,-63510820
21:20:23.013,0,0.0,0,0,0,0,0,0,35,16240226,7,-467,-63510832
21:20:23.018,0,0.0,0,0,0,0,0,-2,586,16240228,-38,-430,-63510832
21:20:23.023,0,0.0,0,0,0,0,0,4,-504,16240222,4,-488,-63510832
21:20:23.028,0,0.0,0,0,0,0,0,-4,-618,16240221,2,222,-63510820
21:20:23.033,0,0.0,0,0,0,0,0,-1,146,16240226,9,-389,-63510832
21:20:23.038,0,0.0,0,0,0,0,0,-16,1056,16240232,31,-354,-63510832
21:20:23.043,0,0.0,0,0,0,0,0,12,1100,16240232,-32,-386,-63510832
21:20:23.048,0,0.0,0,0,0,0,0,8,188,16240226,8,711,-63510820
21:20:23.053,0,0.0,0,0,0,0,0,-21,-578,16240222,2,153,-63510824
21:20:23.058,0,0.0,0,0,0,0,0,-5,637,16240230,18,-503,-63510832
21:20:23.064,0,0.0,0,0,0,0,0,8,-702,16240221,-4,33,-63510824
21:20:23.069,0,0.0,0,0,0,0,0,0,792,16240230,-8,51,-63510824
21:20:23.074,0,0.0,0,0,0,0,0,1,-1070,16240217,63,25,-63510824
21:20:23.079,0,0.0,0,0,0,0,0,5,1205,16240232,-30,-1048,-63510832
21:20:23.084,0,0.0,0,0,0,0,0,-6,1176,16240232,-19,-583,-63510832
21:20:23.089,0,0.0,0,0,0,0,0,-14,-1186,16240217,-35,62,-63510824
21:20:23.094,0,0.0,0,0,0,0,0,17,1205,16240232,10,-388,-63510832
21:20:23.099,0,0.0,0,0,0,0,0,-5,1140,16240232,-51,268,-63510820
21:20:23.104,0,0.0,0,0,0,0,0,-1,-36,16240226,0,121,-63510824
21:20:23.109,0,0.0,0,0,0,0,0,-26,-519,16240221,8,-399,-63510832
21:20:23.115,0,0.0,0,0,0,0,0,-28,-2130,16240209,51,1295,-63510816
21:20:23.120,0,0.0,0,0,0,0,0,9,269,16240226,-18,-391,-63510832
21:20:23.125,0,0.0,0,0,0,0,0,-2,-558,16240221,7,119,-63510824
21:20:23.130,0,0.0,0,0,0,0,0,-19,-1102,16240217,12,127,-63510824
21:20:23.135,0,0.0,0,0,0,0,0,-2,731,16240230,2,35,-63510824
21:20:23.140,0,0.0,0,0,0,0,0,16,-1470,16240217,-31,3,-63510824
21:20:23.145,0,0.0,0,0,0,0,0,-5,32,16240226,30,823,-63510820
21:20:23.150,0,0.0,0,0,0,0,0,-2,1335,16240233,-43,-529,-63510832
21:20:23.155,0,0.0,0,0,0,0,0,10,-695,16240221,33,-412,-63510832
21:20:23.160,0,0.0,0,0,0,0,0,11,-1216,16240217,45,-365,-63510832
21:20:23.165,0,0.0,0,0,0,0,0,-8,1372,16240232,-21,40,-63510824
21:20:23.170,0,0.0,0,0,0,0,0,19,795,16240230,-35,-373,-63510832
21:20:23.175,0,0.0,0,0,0,0,0,-5,-520,16240221,20,-605,-63510832
21:20:23.180,0,0.0,0,0,0,0,0,0,831,16240230,4,206,-63510820
21:20:23.185,0,0.0,0,0,0,0,0,9,-1271,16240217,-57,250,-63510820
21:20:23.190,0,0.0,0,0,0,0,0,13,-764,16240221,10,92,-63510824
21:20:23.196,0,0.0,0,0,0,0,0,9,-458,16240222,36,247,-63510820
21:20:23.201,0,0.0,0,0,0,0,0,-4,1786,16240236,55,-381,-63510832
21:20:23.206,0,0.0,0,0,0,0,0,13,492,16240228,-14,181,-63510820
21:20:23.211,0,0.0,0,0,0,0,0,4,7,16240224,-10,35,-63510824
21:20:23.216,0,0.0,0,0,0,0,0,6,1152,16240232,3,-421,-63510832
21:20:23.221,0,0.0,0,0,0,0,0,-12,474,16240228,-23,-3,-63510824
21:20:23.226,0,0.0,0,0,0,0,0,10,-415,16240222,30,196,-63510820
21:20:23.231,0,0.0,0,0,0,0,0,-5,-1219,16240217,50,304,-63510820
21:20:23.236,0,0.0,0,0,0,0,0,-12,-491,16240221,21,-358,-63510832
21:20:23.241,0,0.0,0,0,0,0,0,-9,-1164,16240217,39,105,-63510824
21:20:23.246,0,0.0,0,0,0,0,0,-5,-1163,16240217,-4,261,-63510820
21:20:23.251,0,0.0,0,0,0,0,0,-4,756,16240230,31,-347,-63510832
21:20:23.256,0,0.0,0,0,0,0,0,-6,2,16240224,13,-399,-63510832
21:20:23.261,0,0.0,0,0,0,0,0,-1,-1166,16240217,37,668,-63510820
21:20:23.266,0,0.0,0,0,0,0,0,3,1295,16240232,23,-525,-63510832
21:20:23.271,0,0.0,0,0,0,0,0,-20,688,16240228,28,2134,-63510816
21:20:23.276,0,0.0,0,0,0,0,0,-10,656,16240228,0,-348,-63510832
21:20:23.282,0,0.0,0,0,0,0,0,-15,153,16240226,-11,42,-63510824
21:20:23.287,0,0.0,0,0,0,0,0,-34,41,16240224,1,-462,-63510832
21:20:23.292,0,0.0,0,0,0,0,0,3,74,16240224,-74,271,-63510820
21:20:23.297,0,0.0,0,0,0,0,0,0,1145,16240232,3,-372,-63510832
21:20:23.302,0,0.0,0,0,0,0,0,5,1124,16240232,41,-493,-63510816
21:20:23.307,0,0.0,0,0,0,0,0,27,1167,16240233,-9,-264,-63510832
21:20:23.312,0,0.0,0,0,0,0,0,0,-125,16240226,20,330,-63510820
21:20:23.317,0,0.0,0,0,0,0,0,0,-1259,16240217,16,-452,-63510832
21:20:23.322,0,0.0,0,0,0,0,0,31,-507,16240222,-14,221,-63510824
21:20:23.327,0,0.0,0,0,0,0,0,10,86,16240226,7,805,-63510832
21:20:23.332,0,0.0,0,0,0,0,0,4,-521,16240222,39,-292,-63510832
21:20:23.337,0,0.0,0,0,0,0,0,23,738,16240230,-57,273,-63510820
21:20:23.342,0,0.0,0,0,0,0,0,-7,-158,16240224,0,67,-63510824
21:20:23.347,0,0.0,0,0,0,0,0,4,-662,16240221,25,-315,-63510832
21:20:23.352,0,0.0,0,0,0,0,0,-7,685,16240230,13,-394,-63510832
21:20:23.358,0,0.0,0,0,0,0,0,-5,-470,16240222,8,-1015,-63510832
21:20:23.363,0,0.0,0,0,0,0,0,-33,1421,16240232,58,-377,-63510832
21:20:23.368,0,0.0,0,0,0,0,0,22,-1177,16240217,-57,1370,-63510816
21:20:23.373,0,0.0,0,0,0,0,0,-9,616,16240228,24,264,-63510820
21:20:23.378,0,0.0,0,0,0,0,0,-26,-669,16240221,13,-322,-63510832
21:20:23.383,0,0.0,0,0,0,0,0,-4,574,16240228,-8,236,-63510820
21:20:23.388,0,0.0,0,0,0,0,0,-8,-1388,16240217,-6,679,-63510820
21:20:23.393,0,0.0,0,0,0,0,0,-25,-538,16240222,-52,1353,-63510816
21:20:23.398,0,0.0,0,0,0,0,0,-5,-771,16240221,-21,-441,-63510832
21:20:23.403,0,0.0,0,0,0,0,0,17,1197,16240233,73,106,-63510824
21:20:23.408,0,0.0,0,0,0,0,0,9,1131,16240232,30,54,-63510824
21:20:23.413,0,0.0,0,0,0,0,0,3,464,16240228,9,-372,-63510832
21:20:23.419,0,0.0,0,0,0,0,0,-13,1200,16240233,25,42,-63510824
21:20:23.424,0,0.0,0,0,0,0,0,-4,450,16240228,52,-464,-63510832
21:20:23.429,0,0.0,0,0,0,0,0,-1,642,16240230,-4,259,-63510820
21:20:23.434,0,0.0,0,0,0,0,0,-1,-1236,16240217,28,-359,-63510832
21:20:23.439,0,0.0,0,0,0,0,0,3,-895,16240221,-42,-362,-63510832
21:20:23.444,0,0.0,0,0,0,0,0,3,0,16240226,13,171,-63510824
21:20:23.449,0,0.0,0,0,0,0,0,-24,1942,16240237,-7,68,-63510824
21:20:23.454,0,0.0,0,0,0,0,0,15,-1252,16240217,8,208,-63510820
21:20:23.459,0,0.0,0,0,0,0,0,46,541,16240230,42,2576,-63510812
21:20:23.464,0,0.0,0,0,0,0,0,-12,524,16240228,32,207,-63510820
21:20:23.469,0,0.0,0,0,0,0,0,-6,121,16240221,-19,-376,-63510832
21:20:23.474,0,0.0,0,0,0,0,0,-5,486,16240228,1,172,-63510824
21:20:23.479,0,0.0,0,0,0,0,0,49,-1296,16240217,35,-381,-63510832
21:20:23.484,0,0.0,0,0,0,0,0,-6,-999,16240217,3,-330,-63510832
21:20:23.489,0,0.0,0,0,0,0,0,-6,844,16240230,-6,-328,-63510832
21:20:23.495,0,0.0,0,0,0,0,0,0,-379,16240222,6,153,-63510824
21:20:23.500,0,0.0,0,0,0,0,0,-19,-968,16240217,-4,-520,-63510832
21:20:23.505,0,0.0,0,0,0,0,0,11,-406,16240222,12,170,-63510824
21:20:23.510,0,0.0,0,0,0,0,0,-7,1196,16240232,2,825,-63510820
21:20:23.515,0,0.0,0,0,0,0,0,-6,-624,16240221,-7,310,-63510820
21:20:23.520,0,0.0,0,0,0,0,0,9,794,16240230,-84,-358,-63510832
21:20:23.525,0,0.0,0,0,0,0,0,0,77,16240226,13,264,-63510820
21:20:23.530,0,0.0,0,0,0,0,0,-9,-1265,16240217,54,-326,-63510832
21:20:23.535,0,0.0,0,0,0,0,0,-12,-63,16240224,-19,119,-63510824
21:20:23.540,0,0.0,0,0,0,0,0,-36,2920,16240245,-85,-367,-63510832
21:20:23.545,0,0.0,0,0,0,0,0,18,-1195,16240217,0,-600,-63510832
21:20:23.550,0,0.0,0,0,0,0,0,34,-1354,16240230,-56,66,-63510824
21:20:23.555,0,0.0,0,0,0,0,0,-6,1399,16240233,-75,-405,-63510832
21:20:23.560,0,0.0,0,0,0,0,0,11,-1276,16240217,26,-352,-63510832
21:20:23.565,0,0.0,0,0,0,0,0,-5,1215,16240232,-3,-345,-63510832
21:20:23.570,0,0.0,0,0,0,0,0,21,-1207,16240217,26,274,-63510820
21:20:23.575,0,0.0,0,0,0,0,0,51,1930,16240236,9,241,-63510820
21:20:23.580,0,0.0,0,0,0,0,0,-7,-1079,16240217,-8,51,-63510824
21:20:23.586,0,0.0,0,0,0,0,0,-8,68,16240226,-57,-435,-63510832
21:20:23.591,0,0.0,0,0,0,0,0,-4,1081,16240232,35,113,-63510824
21:20:23.596,0,0.0,0,0,0,0,0,10,-1257,16240217,-40,249,-63510820
21:20:23.601,0,0.0,0,0,0,0,0,-11,-1160,16240217,-90,-378,-63510832
21:20:23.606,0,0.0,0,0,0,0,0,8,-1174,16240217,46,279,-63510820
21:20:23.611,0,0.0,0,0,0,0,0,0,786,16240230,-13,-347,-63510832
21:20:23.616,0,0.0,0,0,0,0,0,0,94,16240226,10,130,-63510824
21:20:23.621,0,0.0,0,0,0,0,0,-6,-497,16240222,-25,860,-63510820
21:20:23.626,0,0.0,0,0,0,0,0,-26,644,16240228,-29,233,-63510820
21:20:23.631,0,0.0,0,0,0,0,0,15,-776,16240221,3,-370,-63510832
21:20:23.636,0,0.0,0,0,0,0,0,43,1229,16240233,-81,-429,-63510832
21:20:23.641,0,0.0,0,0,0,0,0,-5,588,16240228,8,1418,-63510816
21:20:23.646,0,0.0,0,0,0,0,0,6,-1450,16240217,-34,157,-63510824
21:20:23.651,0,0.0,0,0,0,0,0,19,581,16240228,20,162,-63510824
21:20:23.656,0,0.0,0,0,0,0,0,0,1710,16240236,-11,-341,-63510832
21:20:23.661,0,0.0,0,0,0,0,0,-39,-73,16240224,10,-596,-63510832
21:20:23.666,0,0.0,0,0,0,0,0,9,39,16240226,-81,59,-63510824
21:20:23.671,0,0.0,0,0,0,0,0,10,43,16240224,-65,17,-63510824
21:20:23.676,0,0.0,0,0,0,0,0,5,-1124,16240217,-8,-407,-63510832
21:20:23.682,0,0.0,0,0,0,0,0,94,3101,16240245,32,1943,-63510816
21:20:23.687,0,0.0,0,0,0,0,0,-9,1249,16240232,12,21,-63510824
21:20:23.692,0,0.0,0,0,0,0,0,8,694,16240228,8,42,-63510824
21:20:23.697,0,0.0,0,0,0,0,0,3,-514,16240221,-28,34,-63510824
21:20:23.702,0,0.0,0,0,0,0,0,8,695,16240228,2,-609,-63510832
21:20:23.707,0,0.0,0,0,0,0,0,15,-779,16240221,48,-381,-63510832
21:20:23.712,0,0.0,0,0,0,0,0,-2,-643,16240221,24,163,-63510824
21:20:23.717,0,0.0,0,0,0,0,0,5,1185,16240232,-45,-522,-63510832
21:20:23.722,0,0.0,0,0,0,0,0,-4,558,16240228,-71,107,-63510824
21:20:23.727,0,0.0,0,0,0,0,0,4,7,16240226,-23,967,-63510820
21:20:23.732,0,0.0,0,0,0,0,0,7,-1225,16240217,-63,1397,-63510816
21:20:23.737,0,0.0,0,0,0,0,0,16,1257,16240233,-17,59,-63510824
21:20:23.742,0,0.0,0,0,0,0,0,-27,-665,16240222,8,39,-63510824
21:20:23.747,0,0.0,0,0,0,0,0,-4,1636,16240236,11,-363,-63510832
21:20:23.752,0,0.0,0,0,0,0,0,46,-165,16240224,35,145,-63510824
21:20:23.757,0,0.0,0,0,0,0,0,7,-724,16240221,47,-362,-63510832
21:20:23.762,0,0.0,0,0,0,0,0,-1,-681,16240221,49,1291,-63510816
21:20:23.767,0,0.0,0,0,0,0,0,7,533,16240228,-28,268,-63510820
21:20:23.772,0,0.0,0,0,0,0,0,17,-158,16240224,-62,123,-63510824
21:20:23.778,0,0.0,0,0,0,0,0,-28,444,16240230,-31,1387,-63510816
21:20:23.783,0,0.0,0,0,0,0,0,-9,-718,16240221,-56,-367,-63510832
21:20:23.788,0,0.0,0,0,0,0,0,0,627,16240228,-44,762,-63510820
21:20:23.793,0,0.0,0,0,0,0,0,7,-413,16240222,-6,104,-63510824
21:20:23.798,0,0.0,0,0,0,0,0,-69,108,16240226,25,138,-63510824
21:20:23.803,0,0.0,0,0,0,0,0,9,575,16240230,3,220,-63510820
21:20:23.808,0,0.0,0,0,0,0,0,-18,467,16240228,30,-987,-63510832
21:20:23.813,0,0.0,0,0,0,0,0,4,-1675,16240213,25,76,-63510824
21:20:23.818,0,0.0,0,0,0,0,0,8,766,16240230,-23,1336,-63510816
21:20:23.823,0,0.0,0,0,0,0,0,-15,-625,16240222,15,260,-63510820
21:20:23.828,0,0.0,0,0,0,0,0,3,-329,16240222,-1,-415,-63510832
21:20:23.833,0,0.0,0,0,0,0,0,-7,625,16240228,-51,-399,-63510832
21:20:23.838,0,0.0,0,0,0,0,0,-3,-11,16240224,-8,28,-63510824
21:20:23.843,0,0.0,0,0,0,0,0,-6,-1270,16240217,25,-391,-63510832
21:20:23.848,0,0.0,0,0,0,0,0,-13,155,16240226,-39,723,-63510820
21:20:23.853,0,0.0,0,0,0,0,0,50,2332,16240240,14,239,-63510820
21:20:23.858,0,0.0,0,0,0,0,0,0,-1230,16240217,32,-430,-63510832
21:20:23.863,0,0.0,0,0,0,0,0,-5,847,16240221,53,15,-63510824
21:20:23.868,0,0.0,0,0,0,0,0,6,-453,16240222,-22,153,-63510820
21:20:23.874,0,0.0,0,0,0,0,0,1,-1177,16240217,-14,-356,-63510832
21:20:23.879,0,0.0,0,0,0,0,0,0,774,16240230,-44,87,-63510824
21:20:23.884,0,0.0,0,0,0,0,0,14,-869,16240217,-25,-497,-63510832
21:20:23.889,0,0.0,0,0,0,0,0,13,644,16240228,-1,116,-63510824
21:20:23.894,0,0.0,0,0,0,0,0,-12,89,16240226,-38,-396,-63510832
21:20:23.899,0,0.0,0,0,0,0,0,-23,-732,16240221,-4,11,-63510824
21:20:23.904,0,0.0,0,0,0,0,0,-8,-1095,16240217,-31,89,-63510824
21:20:23.909,0,0.0,0,0,0,0,0,8,-417,16240222,-75,-363,-63510832
21:20:23.914,0,0.0,0,0,0,0,0,20,699,16240230,40,-339,-63510832
21:20:23.919,0,0.0,0,0,0,0,0,-6,640,16240228,-43,164,-63510824
21:20:23.924,0,0.0,0,0,0,0,0,7,1397,16240233,58,230,-63510820
21:20:23.929,0,0.0,0,0,0,0,0,10,158,16240226,-14,208,-63510820
21:20:23.934,0,0.0,0,0,0,0,0,46,1444,16240233,5,22,-63510824
21:20:23.939,0,0.0,0,0,0,0,0,-3,1182,16240232,25,-567,-63510832
21:20:23.944,0,0.0,0,0,0,0,0,0,-1184,16240217,3,57,-63510824
21:20:23.949,0,0.0,0,0,0,0,0,3,1209,16240232,24,226,-63510820
21:20:23.954,0,0.0,0,0,0,0,0,-1,-696,16240221,-1,-503,-63510832
21:20:23.959,0,0.0,0,0,0,0,0,-1,-491,16240222,13,1958,-63510816
21:20:23.965,0,0.0,0,0,0,0,0,10,-1064,16240217,3,1384,-63510816
21:20:23.970,0,0.0,0,0,0,0,0,5,990,16240228,18,83,-63510824
21:20:23.975,0,0.0,0,0,0,0,0,0,1355,16240232,-14,204,-63510820
21:20:23.980,0,0.0,0,0,0,0,0,6,1458,16240232,25,-401,-63510832
21:20:23.985,0,0.0,0,0,0,0,0,-8,612,16240226,26,96,-63510824
21:20:23.990,0,0.0,0,0,0,0,0,-10,24,16240221,-18,-357,-63510832
21:20:23.995,0,0.0,0,0,0,0,0,-16,1318,16240230,-20,109,-63510824
21:20:24.000,0,0.0,0,0,0,0,0,3,-1000,16240217,-111,-357,-63510832
21:20:24.005,0,0.0,0,0,0,0,0,37,-474,16240221,29,-1130,-63510836
21:20:24.010,0,0.0,0,0,0,0,0,10,-1613,16240213,-27,-328,-63510832
21:20:24.015,0,0.0,0,0,0,0,0,2,682,16240228,-2,-319,-63510832
21:20:24.020,0,0.0,0,0,0,0,0,35,-1156,16240217,18,239,-63510820
21:20:24.025,0,0.0,0,0,0,0,0,3,1536,16240233,-45,680,-63510820
21:20:24.030,0,0.0,0,0,0,0,0,8,737,16240228,7,22,-63510824
21:20:24.035,0,0.0,0,0,0,0,0,1,853,16240230,-8,224,-63510820
21:20:24.040,0,0.0,0,0,0,0,0,8,1519,16240233,7,-388,-63510832
21:20:24.045,0,0.0,0,0,0,0,0,-1,-3,16240224,12,700,-63510820
21:20:24.050,0,0.0,0,0,0,0,0,-2,-513,16240221,17,-365,-63510832
21:20:24.055,0,0.0,0,0,0,0,0,3,718,16240228,9,-335,-63510832
21:20:24.061,0,0.0,0,0,0,0,0,-20,1678,16240233,-25,-310,-63510832
21:20:24.066,0,0.0,0,0,0,0,0,3,-808,16240217,18,-317,-63510832
21:20:24.071,0,0.0,0,0,0,0,0,0,394,16240224,0,-516,-63510832
21:20:24.076,0,0.0,0,0,0,0,0,4,-934,16240217,-18,2164,-63510816
21:20:24.081,0,0.0,0,0,0,0,0,-29,-116,16240226,20,-370,-63510832
21:20:24.086,0,0.0,0,0,0,0,0,55,-1342,16240217,-45,-934,-63510832
21:20:24.091,0,0.0,0,0,0,0,0,-6,24,16240224,9,94,-63510824
21:20:24.096,0,0.0,0,0,0,0,0,-17,1427,16240233,24,-530,-63510832
21:20:24.101,0,0.0,0,0,0,0,0,-10,1255,16240232,41,-344,-63510832
21:20:24.106,0,0.0,0,0,0,0,0,-8,-1098,16240217,24,88,-63510824
21:20:24.111,0,0.0,0,0,0,0,0,-11,-1956,16240212,32,895,-63510820
21:20:24.116,0,0.0,0,0,0,0,0,9,107,16240224,27,806,-63510820
21:20:24.121,0,0.0,0,0,0,0,0,10,-1061,16240217,38,1332,-63510816
21:20:24.126,0,0.0,0,0,0,0,0,-4,-694,16240221,40,45,-63510824
21:20:24.131,0,0.0,0,0,0,0,0,2,740,16240230,32,-425,-63510832
21:20:24.136,0,0.0,0,0,0,0,0,2,-1254,16240217,34,-363,-63510832
21:20:24.141,0,0.0,0,0,0,0,0,21,-567,16240221,16,51,-63510824
21:20:24.146,0,0.0,0,0,0,0,0,0,1447,16240233,21,114,-63510824
21:20:24.151,0,0.0,0,0,0,0,0,7,1123,16240232,-32,132,-63510824
21:20:24.157,0,0.0,0,0,0,0,0,0,-931,16240221,26,-368,-63510832
21:20:24.162,0,0.0,0,0,0,0,0,-16,-1147,16240217,-35,-394,-63510832
21:20:24.167,0,0.0,0,0,0,0,0,-7,868,16240230,-52,1469,-63510816
21:20:24.172,0,0.0,0,0,0,0,0,2,-443,16240221,-27,837,-63510820
21:20:24.177,0,0.0,0,0,0,0,0,-25,-2883,16240205,35,-361,-63510832
21:20:24.182,0,0.0,0,0,0,0,0,-12,1470,16240233,25,89,-63510824
21:20:24.187,0,0.0,0,0,0,0,0,1,-1262,16240217,-25,-509,-63510832
21:20:24.192,0,0.0,0,0,0,0,0,9,-385,16240222,-19,1535,-63510816
21:20:24.197,0,0.0,0,0,0,0,0,5,-1045,16240217,-9,85,-63510824
21:20:24.202,0,0.0,0,0,0,0,0,-9,50,16240224,9,-508,-63510832
21:20:24.207,0,0.0,0,0,0,0,0,-1,-98,16240224,-25,681,-63510820
21:20:24.212,0,0.0,0,0,0,0,0,1,-1055,16240217,-27,46,-63510824
21:20:24.217,0,0.0,0,0,0,0,0,-3,13,16240226,12,-304,-63510832
21:20:24.222,0,0.0,0,0,0,0,0,-18,-121,16240226,-22,-319,-63510832
21:20:24.227,0,0.0,0,0,0,0,0,-11,-1504,16240217,-74,-266,-63510832
21:20:24.232,0,0.0,0,0,0,0,0,-5,38,16240226,54,152,-63510824
21:20:24.237,0,0.0,0,0,0,0,0,6,-1203,16240217,-40,-275,-63510832
21:20:24.242,0,0.0,0,0,0,0,0,-3,1316,16240233,1,170,-63510824
21:20:24.248,0,0.0,0,0,0,0,0,21,-30,16240224,2,128,-63510824
21:20:24.253,0,0.0,0,0,0,0,0,9,-1287,16240217,26,272,-63510820
21:20:24.258,0,0.0,0,0,0,0,0,-2,1943,16240236,20,-279,-63510832
21:20:24.263,0,0.0,0,0,0,0,0,-26,91,16240224,-25,888,-63510820
21:20:24.268,0,0.0,0,0,0,0,0,-20,81,16240224,-8,-349,-63510832
21:20:24.273,0,0.0,0,0,0,0,0,-8,1276,16240232,-53,45,-63510824
21:20:24.278,0,0.0,0,0,0,0,0,-12,1566,16240233,18,79,-63510824
21:20:24.283,0,0.0,0,0,0,0,0,-1,-1665,16240213,32,678,-63510820
21:20:24.288,0,0.0,0,0,0,0,0,0,71,16240226,35,-351,-63510832
21:20:24.290,1,0.0,0,500,0,0,0,,,,,,
21:20:24.293,0,0.0,0,500,0,0,0,6,721,16240228,4,-264,-63510832
21:20:24.298,0,0.0,0,500,0,0,0,-5,705,16240228,13,-468,-63510832
21:20:24.303,0,0.0,0,500,0,0,0,10,-1623,16240213,64,190,-63510820
21:20:24.308,0,0.0,0,500,0,0,0,8,-429,16240221,36,-409,-63510832
21:20:24.313,0,0.0,0,500,0,0,0,252,24670,16240405,-17,678,-63510820
21:20:24.318,0,-0.03,0,500,0,0,0,324,132303,16241496,13,-13662,-63510932
21:20:24.323,0,-0.16,0,500,0,0,0,469,236498,16243033,74,-85976,-63511624
21:20:24.328,0,-0.42,0,500,0,0,0,565,338351,16245273,116,-215931,-63513140
21:20:24.333,0,-0.8,0,500,0,0,0,472,411781,16247456,116,-394497,-63515948
21:20:24.338,0,-1.17,0,500,0,0,0,270,518569,16250729,17,-531935,-63518976
21:20:24.344,0,-1.42,0,500,0,0,0,403,639805,16254156,17,-666077,-63523112
21:20:24.349,0,-1.46,0,500,0,0,0,463,777204,16258334,-16,-784035,-63527188
21:20:24.354,0,-1.35,37,500,0,0,0,424,945598,16264188,-68,-919007,-63532668
21:20:24.359,0,-1.21,37,500,0,0,0,507,1067027,16269673,99,-1019367,-63537828
21:20:24.364,0,-1.15,37,500,0,0,0,578,1194947,16276680,-74,-1199274,-63545076
21:20:24.369,0,-1.18,37,500,0,0,0,561,1337022,16284585,38,-1337899,-63552852
21:20:24.374,0,-1.27,60,500,0,0,0,524,1462654,16291932,-154,-1452769,-63560080
21:20:24.379,0,-1.33,60,500,0,0,0,526,1558067,16299610,26,-1575509,-63567860
21:20:24.384,0,-1.33,60,500,0,0,0,560,1656153,16309029,-206,-1735647,-63578028
21:20:24.389,0,-1.28,60,500,0,0,0,483,1771614,16317637,166,-1837750,-63586796
21:20:24.394,0,-1.2,74,500,0,0,0,575,1956366,16329270,-182,-1954105,-63598068
21:20:24.399,0,-1.09,74,500,0,0,0,361,2075816,16339468,0,-2034271,-63609288
21:20:24.404,0,-1.0,74,500,0,0,0,591,2158886,16351586,151,-2082391,-63619092
21:20:24.409,0,-0.99,74,500,0,0,0,803,2233111,16362184,-37,-2161326,-63631204
21:20:24.414,0,-1.08,90,500,0,0,0,448,2253221,16374577,77,-2269875,-63642200
21:20:24.419,0,-1.2,90,500,0,0,0,499,2284787,16385184,318,-2355117,-63655248
21:20:24.424,0,-1.28,90,500,0,0,0,466,2403601,16398933,143,-2395463,-63666488
21:20:24.430,0,-1.3,90,500,0,0,0,384,2453077,16410449,-40,-2443777,-63679880
21:20:24.435,0,-1.22,102,500,0,0,0,371,2470601,16423985,38,-2443514,-63691092
21:20:24.440,0,-1.16,102,500,0,0,0,355,2447411,16435497,47,-2455155,-63704360
21:20:24.445,0,-1.15,102,500,0,0,0,523,2418115,16446664,82,-2515652,-63716216
21:20:24.450,0,-1.12,102,500,0,0,0,505,2494341,16460862,-194,-2548532,-63730144
21:20:24.455,0,-1.06,101,500,0,0,0,254,2560745,16473090,-394,-2551932,-63743904
21:20:24.460,0,-0.94,101,500,0,0,0,235,2573272,16487532,239,-2528826,-63755416
21:20:24.465,0,-0.8,101,500,0,0,0,425,2550320,16499558,298,-2504403,-63768836
21:20:24.470,0,-0.77,101,500,0,0,0,413,2488288,16510928,-103,-2552776,-63780812
21:20:24.475,0,-0.78,104,500,0,0,0,341,2513338,16525009,-166,-2590984,-63794988
21:20:24.480,0,-0.8,104,500,0,0,0,-47,2570536,16537409,-217,-2586304,-63806820
21:20:24.485,0,-0.76,104,500,0,0,0,399,2589108,16551966,91,-2553799,-63820632
21:20:24.490,0,-0.64,104,500,0,0,0,259,2579255,16564340,207,-2512530,-63831884
21:20:24.495,0,-0.55,108,500,0,0,0,460,2522998,16575908,-52,-2552703,-63845836
21:20:24.500,0,-0.52,108,500,0,0,0,265,2521383,16589936,-473,-2584395,-63859928
21:20:24.505,0,-0.52,108,500,0,0,0,81,2565713,16602254,24,-2570721,-63871652
21:20:24.511,0,-0.49,105,500,0,0,0,318,2553039,16614305,202,-2518187,-63885060
21:20:24.516,0,-0.48,105,500,0,0,0,435,2538217,16628692,15,-2488057,-63896424
21:20:24.521,0,-0.5,105,500,0,0,0,267,2494402,16639992,-299,-2532144,-63910260
21:20:24.526,0,-0.52,105,500,0,0,0,209,2503807,16653788,-171,-2564315,-63922340
21:20:24.531,0,-0.53,103,500,0,0,0,38,2573385,16666252,-100,-2532616,-63935864
21:20:24.536,0,-0.5,103,500,0,0,0,438,2571936,16678472,146,-2489026,-63947160
21:20:24.541,0,-0.52,103,500,0,0,0,352,2542375,16692645,-176,-2455946,-63960332
21:20:24.546,0,-0.61,103,500,0,0,0,413,2456164,16708248,44,-2522010,-63978324
21:20:24.551,0,-0.71,103,500,0,0,0,484,2492820,16719813,-389,-2561444,-63990288
21:20:24.556,0,-0.81,103,500,0,0,0,14,2569128,16734481,-217,-2548954,-64003948
21:20:24.561,0,-0.82,103,500,0,0,0,455,2566453,16746797,167,-2502761,-64015268
21:20:24.566,0,-0.84,103,500,0,0,0,303,2560674,16756526,126,-2480290,-64024444
21:20:24.571,0,-0.9,106,500,0,0,0,338,2497958,16767933,-183,-2502234,-64035964
21:20:24.576,0,-0.96,106,500,0,0,0,477,2474896,16781456,40,-2554010,-64050104
21:20:24.576,0,-0.96,106,500,0,0,0,289,2543036,16793958,310,-2551671,-64063912
21:20:24.581,0,-1.0,106,500,0,0,0,276,2565879,16806242,44,-2556676,-64075740
21:20:24.586,0,-0.96,106,500,0,0,0,502,2577512,16820528,-14,-2527603,-64089296
21:20:24.592,0,-0.89,106,500,0,0,0,72,2537960,16832390,73,-2517662,-64100916
21:20:24.597,0,-0.88,106,500,0,0,0,303,2490799,16845760,78,-2558921,-64114864
21:20:24.602,0,-0.89,106,500,0,0,0,300,2549555,16858240,143,-2555474,-64126668
21:20:24.607,0,-0.89,106,500,0,0,0,277,2577507,16870584,113,-2554723,-64140508
21:20:24.612,0,-0.85,105,500,0,0,0,273,2575585,16884978,-209,-2536671,-64152080
21:20:24.617,0,-0.73,105,500,0,0,0,257,2527741,16896758,-141,-2538527,-64165524
21:20:24.622,0,-0.68,105,500,0,0,0,571,2478364,16908266,268,-2588501,-64179868
21:20:24.627,0,-0.67,105,500,0,0,0,336,2544989,16922740,29,-2584359,-64191628
21:20:24.632,0,-0.69,103,500,0,0,0,102,2581008,16935130,78,-2563460,-64205608
21:20:24.637,0,-0.69,103,500,0,0,0,339,2582291,16947334,63,-2524016,-64216848
21:20:24.642,0,-0.62,103,500,0,0,0,68,2543255,16961472,5,-2507267,-64230068
21:20:24.647,0,-0.57,103,500,0,0,0,359,2491673,16972890,-94,-2553690,-64242016
21:20:24.652,0,-0.54,104,500,0,0,0,397,2544693,16987302,57,-2574800,-64256080
21:20:24.657,0,-0.52,104,500,0,0,0,233,2592000,16999944,-117,-2552697,-64269972
21:20:24.662,0,-0.51,104,500,0,0,0,251,2590407,17012186,-93,-2503532,-64281084
21:20:24.667,0,-0.48,104,500,0,0,0,295,2532932,17026210,-6,-2497643,-64294488
21:20:24.673,0,-0.53,105,500,0,0,0,460,2473230,17039640,242,-2556790,-64308556
21:20:24.678,0,-0.62,105,500,0,0,0,395,2531187,17051844,-310,-2569903,-64320488
21:20:24.683,0,-0.71,105,500,0,0,0,-1,2582346,17064114,-148,-2554343,-64334220
21:20:24.688,0,-0.76,105,500,0,0,0,406,2593105,17076598,242,-2506693,-64345528
21:20:24.693,0,-0.73,108,500,0,0,0,361,2550893,17090790,246,-2487696,-64358860
21:20:24.698,0,-0.73,108,500,0,0,0,642,2473513,17102194,-24,-2541808,-64370816
21:20:24.703,0,-0.8,108,500,0,0,0,441,2508937,17115982,-83,-2576412,-64384900
21:20:24.708,0,-0.9,108,500,0,0,0,42,2557470,17128288,-195,-2568060,-64396628
21:20:24.713,0,-0.97,105,500,0,0,0,378,2557173,17140386,32,-2529585,-64410300
21:20:24.718,0,-0.91,105,500,0,0,0,303,2559061,17154770,193,-2504070,-64421560
21:20:24.723,0,-0.79,105,500,0,0,0,372,2510575,17166470,-113,-2565427,-64435840
21:20:24.728,0,-0.7,105,500,0,0,0,252,2522400,17178236,-231,-2601000,-64447944
21:20:24.733,0,-0.62,105,500,0,0,0,-56,2579471,17192886,4,-2579059,-64461732
21:20:24.738,0,-0.6,105,500,0,0,0,478,2565998,17204998,128,-2526238,-64475324
21:20:24.743,0,-0.58,105,500,0,0,0,334,2549492,17217206,50,-2503442,-64486600
21:20:24.748,0,-0.56,105,500,0,0,0,316,2502902,17230886,10,-2569697,-64500932
21:20:24.753,0,-0.58,104,500,0,0,0,341,2518157,17242654,-396,-2588007,-64512900
21:20:24.758,0,-0.6,104,500,0,0,0,186,2589445,17257594,101,-2552823,-64526500
21:20:24.764,0,-0.6,104,500,0,0,0,340,2587963,17270040,345,-2502712,-64537832
21:20:24.769,0,-0.54,104,500,0,0,0,435,2567907,17282154,91,-2478377,-64551316
21:20:24.774,0,-0.5,108,500,0,0,0,261,2492839,17295682,-368,-2545759,-64563116
21:20:24.779,0,-0.54,108,500,0,0,0,231,2491511,17307074,23,-2589748,-64577412
21:20:24.784,0,-0.63,108,500,0,0,0,121,2558663,17321650,110,-2564344,-64588920
21:20:24.789,0,-0.74,108,500,0,0,0,493,2579414,17334144,197,-2521818,-64602612
21:20:24.794,0,-0.77,106,500,0,0,0,320,2592538,17346682,-49,-2475958,-64615836
21:20:24.799,0,-0.74,106,500,0,0,0,391,2509903,17360108,-215,-2531981,-64627664
21:20:24.804,0,-0.76,106,500,0,0,0,323,2482224,17371670,-90,-2580089,-64641576
21:20:24.809,0,-0.8,106,500,0,0,0,155,2543880,17385978,374,-2556551,-64653432
21:20:24.814,0,-0.87,105,500,0,0,0,427,2551702,17398290,270,-2548438,-64667232
21:20:24.819,0,-0.91,105,500,0,0,0,502,2567953,17410498,-300,-2533782,-64678840
21:20:24.824,0,-0.85,105,500,0,0,0,120,2534022,17424418,-228,-2538306,-64692452
21:20:24.829,0,-0.8,105,500,0,0,0,273,2502795,17435924,60,-2568320,-64706396
21:20:24.834,0,-0.77,105,500,0,0,0,327,2548723,17448350,80,-2556295,-64718132
21:20:24.840,0,-0.73,105,500,0,0,0,365,2566707,17462842,244,-2543513,-64731904
21:20:24.845,0,-0.7,105,500,0,0,0,292,2573295,17475042,-119,-2518366,-64743372
21:20:24.850,0,-0.63,105,500,0,0,0,236,2530592,17486854,-241,-2547364,-64757124
21:20:24.855,0,-0.61,106,500,0,0,0,477,2484937,17500546,234,-2590192,-64769220
21:20:24.860,0,-0.64,106,500,0,0,0,425,2548182,17512862,212,-2584382,-64783236
21:20:24.865,0,-0.69,106,500,0,0,0,148,2598062,17527642,67,-2544606,-64797076
21:20:24.870,0,-0.71,106,500,0,0,0,274,2611849,17540054,-122,-2509331,-64808444
21:20:24.875,0,-0.65,107,500,0,0,0,169,2530509,17553956,-17,-2527397,-64821876
21:20:24.880,0,-0.6,107,500,0,0,0,492,2489711,17565366,91,-2575410,-64833924
21:20:24.885,0,-0.58,107,500,0,0,0,160,2544707,17577626,257,-2578132,-64848120
21:20:24.890,0,-0.58,107,500,0,0,0,119,2596693,17590310,-181,-2566616,-64859736
21:20:24.895,0,-0.61,107,500,0,0,0,308,2604911,17604914,-128,-2524401,-64873168
21:20:24.900,0,-0.59,107,500,0,0,0,193,2541239,17616700,-13,-2532462,-64886932
21:20:24.905,0,-0.6,107,500,0,0,0,256,2479973,17632290,218,-2577866,-64901036
21:20:24.910,0,-0.66,107,500,0,0,0,301,2535033,17644522,126,-2562926,-64914884
21:20:24.915,0,-0.74,105,500,0,0,0,293,2574002,17657062,145,-2550828,-64926612
21:20:24.921,0,-0.78,105,500,0,0,0,295,2590445,17671616,-20,-2518974,-64940064
21:20:24.926,0,-0.73,105,500,0,0,0,286,2537923,17683254,-82,-2520542,-64951588
21:20:24.931,0,-0.76,105,500,0,0,0,621,2474419,17692706,252,-2551608,-64963316
21:20:24.936,0,-0.8,105,500,0,0,0,260,2522363,17706788,53,-2557354,-64977248
21:20:24.941,0,-0.86,105,500,0,0,0,51,2574560,17719192,-405,-2552845,-64988964
21:20:24.946,0,-0.83,105,500,0,0,0,322,2577220,17733450,-106,-2525860,-65002452
21:20:24.951,0,-0.73,105,500,0,0,0,329,2552163,17745632,222,-2512572,-65013932
21:20:24.956,0,-0.65,105,500,0,0,0,492,2496628,17757406,-19,-2571276,-65028084
21:20:24.961,0,-0.6,105,500,0,0,0,313,2537445,17771712,-101,-2601256,-65040220
21:20:24.966,0,-0.59,105,500,0,0,0,176,2586951,17784162,-141,-2586226,-65054100
21:20:24.971,0,-0.59,105,500,0,0,0,249,2578034,17796326,-110,-2531126,-65067512
21:20:24.976,0,-0.57,110,500,0,0,0,445,2535551,17810602,131,-2504794,-65078908
21:20:24.981,0,-0.6,110,500,0,0,0,364,2483846,17821978,118,-2558385,-65092964
21:20:24.986,0,-0.62,110,500,0,0,0,334,2511927,17833766,-485,-2576505,-65104900
21:20:24.991,0,-0.62,110,500,0,0,0,-31,2588513,17848706,-164,-2552747,-65118552
21:20:24.997,0,-0.58,102,500,0,0,0,399,2593304,17861018,299,-2506244,-65129868
21:20:25.002,0,-0.51,102,500,0,0,0,423,2554169,17875426,171,-2483405,-65143388
21:20:25.007,0,-0.53,102,500,0,0,0,635,2479173,17886544,-251,-2540304,-65155328
21:20:25.012,0,-0.62,102,500,0,0,0,330,2490369,17898304,-145,-2580201,-65169412
21:20:25.017,0,-0.73,105,500,0,0,0,140,2563813,17912756,-78,-2559024,-65181052
21:20:25.022,0,-0.8,105,500,0,0,0,425,2583634,17925084,116,-2509877,-65194452
21:20:25.027,0,-0.77,105,500,0,0,0,302,2581429,17939792,207,-2474809,-65207892
21:20:25.032,0,-0.76,105,500,0,0,0,233,2504065,17951174,-172,-2534885,-65219624
21:20:25.037,0,-0.79,105,500,0,0,0,280,2488848,17962476,-314,-2582154,-65233884
21:20:25.042,0,-0.86,105,500,0,0,0,228,2537152,17976702,209,-2563187,-65245396
21:20:25.047,0,-0.95,105,500,0,0,0,499,2535144,17988906,285,-2536368,-65259224
21:20:25.052,0,-0.93,105,500,0,0,0,345,2552495,18003294,-199,-2512562,-65270556
21:20:25.057,0,-0.87,107,500,0,0,0,195,2530841,18015024,-410,-2545145,-65284536
21:20:25.062,0,-0.8,107,500,0,0,0,408,2536775,18031338,-289,-2569846,-65300532
21:20:25.067,0,-0.69,107,500,0,0,0,125,2584203,18043938,-207,-2564496,-65314304
21:20:25.073,0,-0.61,107,500,0,0,0,384,2558837,18056150,256,-2526318,-65325768
21:20:25.078,0,-0.53,104,500,0,0,0,476,2533380,18070298,177,-2493011,-65339140
21:20:25.083,0,-0.5,104,500,0,0,0,301,2484825,18081710,-240,-2547915,-65351088
21:20:25.088,0,-0.57,104,500,0,0,0,278,2474902,18091196,159,-2578194,-65360836
21:20:25.093,0,-0.62,104,500,0,0,0,292,2544376,18103522,275,-2559832,-65374628
21:20:25.098,0,-0.65,104,500,0,0,0,598,2590568,18118428,-70,-2531388,-65386380
21:20:25.103,0,-0.6,104,500,0,0,0,316,2592647,18130708,-238,-2495589,-65399712
21:20:25.108,0,-0.52,104,500,0,0,0,374,2505285,18144436,-348,-2508527,-65413200
21:20:25.113,0,-0.51,104,500,0,0,0,490,2467965,18155750,263,-2552114,-65425100
21:20:25.118,0,-0.55,104,500,0,0,0,368,2541370,18168064,53,-2547980,-65438924
21:20:25.123,0,-0.6,104,500,0,0,0,217,2589289,18182966,76,-2546849,-65450676
21:20:25.128,0,-0.63,104,500,0,0,0,330,2593439,18195246,37,-2509530,-65464236
21:20:25.133,0,-0.62,104,500,0,0,0,202,2543741,18206932,-76,-2495611,-65475584
21:20:25.138,0,-0.69,106,500,0,0,0,392,2478767,18220530,105,-2544330,-65489516
21:20:25.143,0,-0.78,106,500,0,0,0,311,2535994,18232588,94,-2553009,-65501364
21:20:25.149,0,-0.87,106,500,0,0,0,442,2557028,18247198,-166,-2557825,-65515364
21:20:25.154,0,-0.92,106,500,0,0,0,282,2561252,18258964,-179,-2539445,-65528804
21:20:25.159,0,-0.87,107,500,0,0,0,321,2538582,18270910,202,-2523108,-65540284
21:20:25.164,0,-0.86,107,500,0,0,0,540,2485706,18284638,207,-2567456,-65554340
21:20:25.169,0,-0.86,107,500,0,0,0,317,2542986,18296894,-122,-2567911,-65566220
21:20:25.174,0,-0.86,107,500,0,0,0,39,2588261,18309336,8,-2556325,-65579984
21:20:25.179,0,-0.83,103,500,0,0,0,402,2574428,18323682,51,-2514645,-65591352
21:20:25.184,0,-0.72,103,500,0,0,0,299,2538732,18335566,21,-2500950,-65604924
21:20:25.189,0,-0.64,103,500,0,0,0,395,2481739,18349088,115,-2561256,-65616804
21:20:25.194,0,-0.62,103,500,0,0,0,481,2536732,18361288,-279,-2595814,-65631000
21:20:25.199,0,-0.63,105,500,0,0,0,106,2594752,18373818,-4,-2575828,-65645000
21:20:25.204,0,-0.65,105,500,0,0,0,226,2591456,18388488,256,-2518168,-65656316
21:20:25.209,0,-0.62,105,500,0,0,0,388,2543657,18400532,170,-2501660,-65669716
21:20:25.214,0,-0.61,105,500,0,0,0,300,2491131,18412108,-217,-2561234,-65681608
21:20:25.219,0,-0.65,103,500,0,0,0,475,2527999,18426176,-152,-2593848,-65695940
21:20:25.224,0,-0.68,103,500,0,0,0,-19,2590291,18438688,-188,-2584014,-65707748
21:20:25.229,0,-0.7,103,500,0,0,0,293,2613459,18453412,169,-2516692,-65721076
21:20:25.234,0,-0.65,103,500,0,0,0,599,2571161,18465634,247,-2495497,-65734452
21:20:25.240,0,-0.62,109,500,0,0,0,476,2490041,18476930,-52,-2564602,-65746404
21:20:25.245,0,-0.67,109,500,0,0,0,290,2513197,18491006,-224,-2603126,-65760812
21:20:25.250,0,-0.74,109,500,0,0,0,-15,2568725,18503384,-90,-2582479,-65772564
21:20:25.255,0,-0.82,109,500,0,0,0,503,2577786,18515810,96,-2524138,-65785968
21:20:25.260,0,-0.77,105,500,0,0,0,320,2577069,18530308,19,-2489552,-65797300
21:20:25.265,0,-0.67,105,500,0,0,0,527,2515771,18541818,-57,-2551478,-65811324
21:20:25.270,0,-0.62,105,500,0,0,0,431,2518791,18555690,-373,-2593645,-65825508
21:20:25.275,0,-0.6,105,500,0,0,0,-6,2560501,18567972,14,-2574476,-65837228
21:20:25.280,0,-0.65,105,500,0,0,0,427,2551187,18580204,323,-2514703,-65850596
21:20:25.285,0,-0.67,105,500,0,0,0,383,2543179,18594310,128,-2487513,-65861960
21:20:25.290,0,-0.64,105,500,0,0,0,237,2511189,18606052,-359,-2544906,-65875908
21:20:25.295,0,-0.64,105,500,0,0,0,225,2526402,18620008,-11,-2575513,-65887864
21:20:25.300,0,-0.63,104,500,0,0,0,62,2582039,18632628,-38,-2553325,-65901536
21:20:25.305,0,-0.63,104,500,0,0,0,432,2575587,18644836,136,-2517439,-65913012
21:20:25.310,0,-0.62,104,500,0,0,0,271,2554830,18659108,-52,-2486583,-65926504
21:20:25.315,0,-0.6,104,500,0,0,0,276,2498722,18670536,-175,-2542094,-65938388
21:20:25.320,0,-0.65,107,500,0,0,0,476,2489534,18682058,-100,-2590465,-65952532
21:20:25.325,0,-0.74,107,500,0,0,0,221,2571629,18696928,235,-2568584,-65966488
21:20:25.331,0,-0.81,107,500,0,0,0,317,2594401,18709346,146,-2535374,-65978044
21:20:25.336,0,-0.77,107,500,0,0,0,491,2592977,18721798,-129,-2504115,-65991636
21:20:25.341,0,-0.75,107,500,0,0,0,188,2520808,18735482,-129,-2549983,-66003504
21:20:25.346,0,-0.78,107,500,0,0,0,350,2491459,18746932,-20,-2597625,-66017676
21:20:25.351,0,-0.81,107,500,0,0,0,160,2556979,18761672,237,-2576505,-66029460
21:20:25.356,0,-0.82,106,500,0,0,0,435,2575846,18774146,263,-2563082,-66043324
21:20:25.361,0,-0.73,106,500,0,0,0,380,2603705,18786396,-261,-2530395,-66055012
21:20:25.366,0,-0.67,106,500,0,0,0,179,2552218,18800352,-292,-2540407,-66068484
21:20:25.371,0,-0.66,106,500,0,0,0,290,2501596,18812100,157,-2588318,-66082616
21:20:25.376,0,-0.68,108,500,0,0,0,411,2546985,18826372,135,-2567593,-66094380
21:20:25.381,0,-0.73,108,500,0,0,0,330,2559289,18838736,194,-2551030,-66108180
21:20:25.386,0,-0.68,108,500,0,0,0,275,2569518,18850916,-183,-2531220,-66119728
21:20:25.391,0,-0.63,108,500,0,0,0,105,2531949,18864810,-247,-2554577,-66133500
21:20:25.396,0,-0.6,106,500,0,0,0,480,2499010,18876464,274,-2581736,-66145500
21:20:25.401,0,-0.56,106,500,0,0,0,305,2554931,18888780,211,-2562220,-66159344
21:20:25.406,0,-0.55,106,500,0,0,0,159,2591612,18903650,0,-2529798,-66173120
21:20:25.411,0,-0.49,106,500,0,0,0,484,2591976,18915914,-257,-2499522,-66184460
21:20:25.417,0,-0.46,111,500,0,0,0,165,2539224,18927736,15,-2516366,-66198156
21:20:25.422,0,-0.49,111,500,0,0,0,468,2482941,18941400,90,-2561517,-66209968
21:20:25.427,0,-0.56,111,500,0,0,0,401,2536955,18953622,291,-2565656,-66224096
21:20:25.432,0,-0.65,111,500,0,0,0,427,2581258,18968272,136,-2545390,-66237828
21:20:25.437,0,-0.69,106,500,0,0,0,290,2586030,18980346,-138,-2509122,-66249188
21:20:25.442,0,-0.72,106,500,0,0,0,311,2517148,18994208,-116,-2518777,-66262720
21:20:25.448,0,-0.79,106,500,0,0,0,462,2471239,19005694,267,-2562964,-66274708
21:20:25.453,0,-0.85,106,500,0,0,0,339,2525056,19017844,-216,-2586260,-66286764
21:20:25.458,0,-0.88,104,500,0,0,0,72,2586235,19030504,-32,-2570105,-66300592
21:20:25.463,0,-0.82,104,500,0,0,0,271,2614626,19045056,105,-2519703,-66313976
21:20:25.468,0,-0.73,104,500,0,0,0,365,2561907,19057190,124,-2501472,-66325356
21:20:25.473,0,-0.73,104,500,0,0,0,320,2476795,19074668,127,-2592829,-66343984
21:20:25.478,0,-0.78,104,500,0,0,0,256,2516087,19082576,-150,-2596450,-66351468
21:20:25.483,0,-0.86,104,500,0,0,0,147,2573374,19094990,-435,-2577334,-66365460
21:20:25.488,0,-0.86,104,500,0,0,0,298,2592468,19109384,216,-2539665,-66376940
21:20:25.493,0,-0.74,104,500,0,0,0,327,2568296,19121658,174,-2525773,-66390500
21:20:25.498,0,-0.65,107,500,0,0,0,309,2506507,19133280,38,-2586813,-66404752
21:20:25.503,0,-0.59,107,500,0,0,0,498,2530262,19147310,-81,-2606381,-66416868
21:20:25.508,0,-0.58,107,500,0,0,0,31,2580584,19159728,-241,-2581568,-66430696
21:20:25.514,0,-0.6,107,500,0,0,0,66,2583954,19174376,124,-2527924,-66442072
21:20:25.519,0,-0.57,108,500,0,0,0,431,2550339,19186522,208,-2509915,-66455716
21:20:25.524,0,-0.56,108,500,0,0,0,412,2499506,19197982,-147,-2558057,-66467544
21:20:25.529,0,-0.56,108,500,0,0,0,460,2535482,19212408,-271,-2581380,-66481768
21:20:25.534,0,-0.56,108,500,0,0,0,-68,2598166,19224966,-56,-2561097,-66493432
21:20:25.539,0,-0.54,103,500,0,0,0,429,2590949,19237048,103,-2506245,-66506916
21:20:25.544,0,-0.5,103,500,0,0,0,383,2548875,19251420,116,-2479493,-66520212
21:20:25.549,0,-0.52,103,500,0,0,0,520,2479614,19262710,-138,-2538653,-66532164
21:20:25.554,0,-0.6,103,500,0,0,0,388,2503653,19276560,-403,-2580569,-66546264
21:20:25.559,0,-0.69,104,500,0,0,0,148,2564812,19288778,44,-2562626,-66557932
21:20:25.564,0,-0.76,104,500,0,0,0,353,2575996,19301214,286,-2516100,-66571356
21:20:25.569,0,-0.74,104,500,0,0,0,365,2569822,19315650,143,-2489990,-66582752
21:20:25.574,0,-0.73,104,500,0,0,0,282,2502245,19327058,-362,-2539617,-66596628
21:20:25.579,0,-0.77,104,500,0,0,0,183,2489790,19338564,0,-2578410,-66608628
21:20:25.584,0,-0.82,104,500,0,0,0,-22,2559956,19355528,-115,-2569161,-66624636
21:20:25.589,0,-0.87,104,500,0,0,0,512,2554371,19367776,144,-2540805,-66636212
21:20:25.594,0,-0.84,104,500,0,0,0,300,2565963,19379830,102,-2510578,-66649716
21:20:25.600,0,-0.77,106,500,0,0,0,390,2530011,19393724,-258,-2547337,-66661580
21:20:25.605,0,-0.75,106,500,0,0,0,310,2520871,19405556,-364,-2577579,-66675588
21:20:25.610,0,-0.71,106,500,0,0,0,239,2560099,19417836,172,-2555014,-66687212
21:20:25.615,0,-0.68,106,500,0,0,0,270,2562619,19430192,258,-2528119,-66698616
21:20:25.620,0,-0.63,105,500,0,0,0,411,2557444,19442452,-126,-2502215,-66712212
21:20:25.625,0,-0.58,105,500,0,0,0,211,2496725,19456040,-340,-2550208,-66726108
21:20:25.630,0,-0.59,105,500,0,0,0,295,2474673,19467602,177,-2582290,-66738100
21:20:25.635,0,-0.63,105,500,0,0,0,60,2564614,19482276,66,-2556355,-66751988
21:20:25.640,0,-0.66,104,500,0,0,0,287,2598429,19494928,134,-2525319,-66763532
21:20:25.645,0,-0.62,104,500,0,0,0,362,2598549,19507052,51,-2490973,-66776852
21:20:25.651,0,-0.53,104,500,0,0,0,373,2515063,19521012,-184,-2504509,-66788348
21:20:25.656,0,-0.54,103,500,0,0,0,392,2478033,19532376,47,-2557501,-66802344
21:20:25.661,0,-0.61,103,500,0,0,0,546,2540660,19544660,278,-2556507,-66814148
21:20:25.666,0,-0.67,103,500,0,0,0,294,2580391,19559478,58,-2550005,-66827956
21:20:25.671,0,-0.68,103,500,0,0,0,262,2588094,19571744,-209,-2508906,-66841352
21:20:25.676,0,-0.73,105,500,0,0,0,237,2529192,19583322,-127,-2507489,-66852788
21:20:25.681,0,-0.78,105,500,0,0,0,295,2476583,19596776,228,-2561454,-66866832
21:20:25.686,0,-0.81,105,500,0,0,0,220,2539499,19609040,-40,-2558976,-66878484
21:20:25.691,0,-0.82,105,500,0,0,0,401,2572545,19623784,10,-2554784,-66892464
21:20:25.696,0,-0.76,107,500,0,0,0,284,2569152,19635736,99,-2536597,-66903860
21:20:25.701,0,-0.76,107,500,0,0,0,344,2534278,19647608,10,-2508170,-66917400
21:20:25.706,0,-0.82,107,500,0,0,0,485,2477368,19661100,168,-2539944,-66931252
21:20:25.711,0,-0.86,107,500,0,0,0,372,2536410,19673328,19,-2546934,-66942888
21:20:25.716,0,-0.88,104,500,0,0,0,12,2580802,19685728,-195,-2547868,-66956828
21:20:25.721,0,-0.77,104,500,0,0,0,387,2575461,19700280,-107,-2519055,-66968108
21:20:25.726,0,-0.67,104,500,0,0,0,282,2547701,19712260,52,-2506390,-66981540
21:20:25.731,0,-0.63,104,500,0,0,0,557,2484595,19725932,200,-2566930,-66993448
21:20:25.737,0,-0.63,104,500,0,0,0,187,2538908,19738154,-147,-2601996,-67007868
21:20:25.742,0,-0.68,104,500,0,0,0,83,2585503,19750418,22,-2588291,-67021800
21:20:25.747,0,-0.67,104,500,0,0,0,187,2583863,19764868,-10,-2537199,-67033224
21:20:25.752,0,-0.65,104,500,0,0,0,271,2553380,19776864,-52,-2508749,-67046600
21:20:25.757,0,-0.65,104,500,0,0,0,329,2496747,19790642,94,-2559503,-67058612
21:20:25.762,0,-0.62,105,500,0,0,0,519,2533015,19802752,-227,-2583413,-67072700
21:20:25.767,0,-0.59,105,500,0,0,0,72,2587747,19815226,-198,-2573407,-67084464
21:20:25.772,0,-0.53,105,500,0,0,0,263,2596632,19829802,248,-2512568,-67097776
21:20:25.777,0,-0.5,105,500,0,0,0,489,2555057,19841946,270,-2478382,-67109048
21:20:25.782,0,-0.56,106,500,0,0,0,518,2489027,19853284,-141,-2551238,-67123288
21:20:25.787,0,-0.65,106,500,0,0,0,287,2520102,19867268,-174,-2582448,-67137376
21:20:25.792,0,-0.73,106,500,0,0,0,17,2576787,19879700,-144,-2569944,-67149104
21:20:25.798,0,-0.73,106,500,0,0,0,402,2591858,19894620,97,-2511370,-67162616
21:20:25.803,0,-0.7,106,500,0,0,0,363,2569888,19906564,230,-2485482,-67176104
21:20:25.808,0,-0.74,106,500,0,0,0,616,2481078,19920160,65,-2547980,-67188112
21:20:25.813,0,-0.82,106,500,0,0,0,440,2507159,19931926,-240,-2587712,-67200008
21:20:25.818,0,-0.92,106,500,0,0,0,66,2551292,19943842,88,-2567266,-67213912
21:20:25.823,0,-0.96,106,500,0,0,0,461,2545472,19958260,300,-2529941,-67225408
21:20:25.828,0,-0.88,106,500,0,0,0,333,2552537,19970402,3,-2503033,-67238872
21:20:25.833,0,-0.79,106,500,0,0,0,279,2527458,19982104,-247,-2553726,-67251000
21:20:25.838,0,-0.7,106,500,0,0,0,231,2535870,19996252,-221,-2593690,-67265112
21:20:25.843,0,-0.63,105,500,0,0,0,137,2577238,20008612,177,-2571004,-67277000
21:20:25.848,0,-0.59,105,500,0,0,0,474,2569652,20020952,359,-2529463,-67290568
21:20:25.853,0,-0.55,105,500,0,0,0,303,2554450,20035238,-176,-2505627,-67302016
21:20:25.858,0,-0.57,105,500,0,0,0,251,2506040,20046896,-261,-2572351,-67316112
21:20:25.864,0,-0.61,105,500,0,0,0,379,2512980,20060574,-234,-2608049,-67330648
21:20:25.869,0,-0.65,105,500,0,0,0,387,2581602,20073408,84,-2567033,-67342104
21:20:25.874,0,-0.63,105,500,0,0,0,299,2605184,20085876,315,-2518368,-67355736
21:20:25.879,0,-0.55,105,500,0,0,0,316,2588905,20100356,-9,-2493844,-67367128
21:20:25.884,0,-0.52,108,500,0,0,0,170,2521937,20111852,-397,-2542497,-67381120
21:20:25.889,0,-0.56,108,500,0,0,0,369,2491473,20123296,264,-2582738,-67392992
21:20:25.894,0,-0.64,108,500,0,0,0,153,2552835,20137820,123,-2576885,-67406920
21:20:25.899,0,-0.71,108,500,0,0,0,406,2582222,20150360,140,-2541119,-67420576
21:20:25.904,0,-0.7,108,500,0,0,0,456,2606035,20162786,-64,-2501010,-67431912
21:20:25.909,0,-0.7,108,500,0,0,0,175,2535388,20176756,-131,-2531571,-67445744
21:20:25.914,0,-0.73,108,500,0,0,0,344,2483007,20188080,54,-2571357,-67457712
21:20:25.919,0,-0.78,108,500,0,0,0,428,2536992,20202492,336,-2561160,-67471560
21:20:25.924,0,-0.85,105,500,0,0,0,272,2553576,20214692,38,-2558586,-67483544
21:20:25.929,0,-0.83,105,500,0,0,0,380,2567274,20226872,-286,-2531085,-67497112
21:20:25.934,0,-0.78,105,500,0,0,0,73,2540694,20240848,45,-2537487,-67508728
21:20:25.940,0,-0.76,105,500,0,0,0,511,2503486,20252684,47,-2563856,-67522848
21:20:25.945,0,-0.73,104,500,0,0,0,205,2558715,20267212,203,-2554848,-67534616
21:20:25.950,0,-0.7,104,500,0,0,0,252,2584104,20279584,69,-2545753,-67548560
21:20:25.955,0,-0.63,104,500,0,0,0,410,2584079,20291970,-181,-2520367,-67560016
21:20:25.960,0,-0.57,104,500,0,0,0,86,2535393,20305842,37,-2539903,-67573688
21:20:25.965,0,-0.58,108,500,0,0,0,333,2486607,20317380,182,-2601152,-67588144
21:20:25.970,0,-0.62,108,500,0,0,0,394,2548426,20329688,187,-2595463,-67600128
21:20:25.975,0,-0.68,108,500,0,0,0,252,2586761,20361364,-133,-2495428,-67629472
21:20:25.980,0,-0.68,108,500,0,0,0,299,2525546,20372720,-255,-2547347,-67641512
21:20:25.990,0,-0.64,111,500,0,0,0,395,2563357,20399168,181,-2574937,-67667656
21:20:25.995,0,-0.64,111,500,0,0,0,258,2600834,20409412,-77,-2571455,-67677432
21:20:26.000,0,-0.65,111,500,0,0,0,183,2612089,20421810,-84,-2524080,-67691016
21:20:26.005,0,-0.61,108,500,0,0,0,309,2553419,20433692,-8,-2515374,-67702480
21:20:26.010,0,-0.56,108,500,0,0,0,589,2475043,20447068,268,-2571424,-67716608
21:20:26.015,0,-0.59,108,500,0,0,0,170,2523644,20459188,-151,-2581647,-67728760
21:20:26.020,0,-0.66,108,500,0,0,0,142,2571964,20471560,-70,-2565680,-67742552
21:20:26.026,0,-0.76,104,500,0,0,0,337,2587101,20485910,60,-2528069,-67753992
21:20:26.031,0,-0.73,104,500,0,0,0,300,2560510,20498128,147,-2510606,-67767608
21:20:26.036,0,-0.73,104,500,0,0,0,413,2486672,20511620,218,-2563392,-67779664
21:20:26.041,0,-0.75,105,500,0,0,0,525,2521821,20523504,-164,-2583654,-67793752
21:20:26.046,0,-0.79,105,500,0,0,0,154,2579540,20538160,-134,-2571560,-67805680
21:20:26.051,0,-0.82,105,500,0,0,0,172,2581646,20550364,246,-2519703,-67819048
21:20:26.056,0,-0.75,105,500,0,0,0,336,2557277,20562400,43,-2512128,-67832712
21:20:26.061,0,-0.68,106,500,0,0,0,522,2499559,20576198,-79,-2564799,-67844768
21:20:26.066,0,-0.63,106,500,0,0,0,301,2532421,20588118,-256,-2591591,-67858904
21:20:26.071,0,-0.61,106,500,0,0,0,-29,2585432,20600568,-123,-2580289,-67870696
21:20:26.076,0,-0.6,106,500,0,0,0,341,2583138,20615038,216,-2529072,-67884304
21:20:26.081,0,-0.57,107,500,0,0,0,362,2538515,20627084,255,-2501197,-67895696
21:20:26.086,0,-0.59,107,500,0,0,0,226,2477216,20638392,-81,-2566547,-67910008
21:20:26.091,0,-0.63,107,500,0,0,0,462,2501053,20652224,-275,-2591467,-67921864
21:20:26.096,0,-0.67,107,500,0,0,0,106,2575547,20664880,-186,-2565852,-67935752
21:20:26.101,0,-0.66,102,500,0,0,0,248,2597621,20677476,181,-2516682,-67947120
21:20:26.106,0,-0.58,102,500,0,0,0,356,2576809,20692088,331,-2485926,-67960632
21:20:26.112,0,-0.51,102,500,0,0,0,185,2504903,20703490,-21,-2544988,-67974616
21:20:26.117,0,-0.54,102,500,0,0,0,327,2503024,20717396,-260,-2587984,-67986856
21:20:26.122,0,-0.61,105,500,0,0,0,-29,2554426,20729692,5,-2569267,-68000616
21:20:26.127,0,-0.7,105,500,0,0,0,532,2573210,20741976,90,-2525390,-68012224
21:20:26.132,0,-0.72,105,500,0,0,0,255,2592570,20756792,13,-2480352,-68025512
21:20:26.137,0,-0.69,105,500,0,0,0,346,2528740,20768522,-173,-2529164,-68037328
21:20:26.142,0,-0.7,106,500,0,0,0,220,2510612,20782244,-348,-2578778,-68051744
21:20:26.147,0,-0.74,106,500,0,0,0,307,2544090,20794258,234,-2564875,-68063280
21:20:26.152,0,-0.8,106,500,0,0,0,305,2545993,20806524,373,-2539623,-68077128
21:20:26.157,0,-0.84,106,500,0,0,0,516,2552544,20820680,-222,-2515754,-68088648
21:20:26.162,0,-0.82,106,500,0,0,0,157,2522496,20832338,-326,-2554624,-68102528
21:20:26.167,0,-0.81,106,500,0,0,0,353,2501742,20844212,37,-2574292,-68114592
21:20:26.172,0,-0.77,106,500,0,0,0,26,2572348,20858876,43,-2554717,-68128480
21:20:26.177,0,-0.71,106,500,0,0,0,326,2582967,20871364,285,-2533919,-68139936
21:20:26.182,0,-0.65,106,500,0,0,0,360,2576001,20883520,-29,-2503261,-68153512
21:20:26.187,0,-0.56,106,500,0,0,0,305,2508641,20897156,-367,-2529205,-68165192
21:20:26.192,0,-0.56,106,500,0,0,0,377,2479642,20908564,181,-2580201,-68179456
21:20:26.197,0,-0.59,106,500,0,0,0,374,2552983,20923292,202,-2564030,-68193272
21:20:26.203,0,-0.62,105,500,0,0,0,356,2584971,20935874,60,-2537373,-68205048
21:20:26.208,0,-0.62,105,500,0,0,0,293,2588454,20947952,-126,-2504536,-68218432
21:20:26.213,0,-0.58,105,500,0,0,0,106,2510355,20961740,-90,-2519192,-68230008
21:20:26.218,0,-0.58,105,500,0,0,0,458,2470965,20973236,76,-2565997,-68244024
21:20:26.223,0,-0.62,105,500,0,0,0,183,2534779,20985484,240,-2559837,-68256008
21:20:26.228,0,-0.65,105,500,0,0,0,246,2594423,21000276,24,-2543238,-68269728
21:20:26.233,0,-0.65,105,500,0,0,0,356,2601809,21012608,-61,-2517352,-68281184
21:20:26.238,0,-0.58,105,500,0,0,0,82,2534041,21026586,9,-2502704,-68294704
21:20:26.243,0,-0.58,109,500,0,0,0,346,2477831,21037888,330,-2533884,-68306352
21:20:26.248,0,-0.65,109,500,0,0,0,427,2536452,21050120,-15,-2542538,-68320368
21:20:26.253,0,-0.75,109,500,0,0,0,281,2570221,21064676,-212,-2552349,-68332152
21:20:26.258,0,-0.84,109,500,0,0,0,333,2566249,21076776,-16,-2531022,-68345680
21:20:26.263,0,-0.82,105,500,0,0,0,283,2540363,21088712,104,-2512620,-68357288
21:20:26.268,0,-0.78,105,500,0,0,0,570,2486716,21102264,227,-2560017,-68371328
21:20:26.273,0,-0.78,105,500,0,0,0,300,2540744,21114496,8,-2562961,-68385456
21:20:26.278,0,-0.78,105,500,0,0,0,278,2576576,21128916,-196,-2565278,-68397256
21:20:26.283,0,-0.81,106,500,0,0,0,231,2562956,21140964,100,-2525592,-68410880
21:20:26.288,0,-0.78,106,500,0,0,0,348,2539840,21152922,223,-2497329,-68422384
21:20:26.294,0,-0.73,106,500,0,0,0,319,2493033,21166888,31,-2552984,-68436416
21:20:26.299,0,-0.72,106,500,0,0,0,394,2539634,21179068,-170,-2582813,-68448624
21:20:26.304,0,-0.7,103,500,0,0,0,168,2599247,21191794,-243,-2570527,-68462616
21:20:26.309,0,-0.68,103,500,0,0,0,162,2587143,21206236,312,-2525053,-68474024
21:20:26.314,0,-0.63,103,500,0,0,0,444,2543189,21218132,289,-2507826,-68487472
21:20:26.319,0,-0.6,103,500,0,0,0,376,2483967,21231812,-185,-2570302,-68499568
21:20:26.324,0,-0.64,103,500,0,0,0,365,2532392,21243788,-118,-2603351,-68513784
21:20:26.329,0,-0.71,103,500,0,0,0,-84,2592712,21256468,-198,-2592640,-68525624
21:20:26.334,0,-0.76,103,500,0,0,0,293,2619245,21271228,107,-2527952,-68539024
21:20:26.339,0,-0.72,103,500,0,0,0,338,2571032,21285696,122,-2514519,-68554496
21:20:26.344,0,-0.64,107,500,0,0,0,614,2492973,21297180,86,-2571350,-68566592
21:20:26.349,0,-0.64,107,500,0,0,0,230,2528685,21311248,-48,-2596188,-68580944
21:20:26.354,0,-0.69,107,500,0,0,0,95,2570198,21323576,-217,-2591653,-68592816
21:20:26.359,0,-0.78,107,500,0,0,0,335,2577502,21335784,66,-2543608,-68604464
21:20:26.364,0,-0.81,106,500,0,0,0,221,2588920,21348292,48,-2493593,-68615760
21:20:26.370,0,-0.72,106,500,0,0,0,480,2539337,21360136,-71,-2548801,-68629904
21:20:26.375,0,-0.64,106,500,0,0,0,256,2528888,21371836,-232,-2594685,-68642008
21:20:26.380,0,-0.57,106,500,0,0,0,182,2563755,21386314,78,-2582975,-68656040
21:20:26.385,0,-0.54,104,500,0,0,0,320,2551776,21398536,205,-2523391,-68667432
21:20:26.390,0,-0.56,104,500,0,0,0,418,2535556,21412894,-15,-2487857,-68680920
21:20:26.395,0,-0.56,104,500,0,0,0,276,2491382,21424172,-155,-2554339,-68692776
21:20:26.400,0,-0.61,104,500,0,0,0,218,2501540,21435828,-263,-2594415,-68707096
21:20:26.405,0,-0.66,103,500,0,0,0,-2,2586832,21450792,132,-2562408,-68718896
21:20:26.410,0,-0.69,103,500,0,0,0,402,2594343,21463144,298,-2503357,-68732240
21:20:26.415,0,-0.67,103,500,0,0,0,332,2580713,21475326,-162,-2480137,-68743736
21:20:26.420,0,-0.6,103,500,0,0,0,371,2510989,21489128,-395,-2539315,-68757600
21:20:26.425,0,-0.58,105,500,0,0,0,175,2504668,21500898,-83,-2599470,-68772000
21:20:26.430,0,-0.62,105,500,0,0,0,236,2571766,21515380,56,-2580441,-68783608
21:20:26.435,0,-0.69,105,500,0,0,0,384,2591155,21527936,340,-2537329,-68797384
21:20:26.440,0,-0.75,105,500,0,0,0,102,2588762,21540386,36,-2508255,-68808640
21:20:26.445,0,-0.74,108,500,0,0,0,212,2516481,21553880,-421,-2553873,-68822680
21:20:26.451,0,-0.73,108,500,0,0,0,428,2495365,21565548,234,-2592870,-68834568
21:20:26.456,0,-0.8,108,500,0,0,0,145,2563066,21580162,67,-2579345,-68848656
21:20:26.461,0,-0.83,105,500,0,0,0,371,2578060,21592630,57,-2566655,-68860288
21:20:26.466,0,-0.76,105,500,0,0,0,528,2593865,21604970,54,-2529051,-68873992
21:20:26.471,0,-0.69,105,500,0,0,0,137,2542678,21618868,-299,-2549513,-68887728
21:20:26.476,0,-0.69,105,500,0,0,0,326,2506321,21630534,85,-2575327,-68899656
21:20:26.481,0,-0.71,104,500,0,0,0,227,2550145,21642960,327,-2564515,-68913488
21:20:26.486,0,-0.74,104,500,0,0,0,448,2561812,21657572,23,-2553302,-68925248
21:20:26.491,0,-0.71,104,500,0,0,0,407,2573729,21669792,-371,-2522110,-68938744
21:20:26.496,0,-0.63,104,500,0,0,0,327,2523034,21685818,-179,-2568935,-68955064
21:20:26.501,0,-0.6,104,500,0,0,0,154,2514467,21697628,-114,-2607203,-68967184
21:20:26.506,0,-0.58,104,500,0,0,0,275,2566882,21710002,189,-2582383,-68981032
21:20:26.511,0,-0.59,104,500,0,0,0,390,2586674,21724620,70,-2538610,-68992736
21:20:26.516,0,-0.58,104,500,0,0,0,208,2588262,21737074,-182,-2494458,-69006064
21:20:26.521,0,-0.53,108,500,0,0,0,230,2547682,21746576,-71,-2522867,-69015736
21:20:26.526,0,-0.53,108,500,0,0,0,402,2502726,21760384,186,-2572125,-69029816
21:20:26.532,0,-0.53,108,500,0,0,0,412,2553539,21772848,29,-2563021,-69041632
21:20:26.537,0,-0.56,108,500,0,0,0,213,2592814,21785296,239,-2548921,-69055568
21:20:26.542,0,-0.58,108,500,0,0,0,375,2588691,21799592,-15,-2521639,-69067016
21:20:26.547,0,-0.6,105,500,0,0,0,241,2523811,21811288,-137,-2528804,-69080768
21:20:26.552,0,-0.68,105,500,0,0,0,430,2474742,21824916,280,-2566229,-69092736
21:20:26.557,0,-0.78,105,500,0,0,0,234,2538209,21837186,9,-2571565,-69106904
21:20:26.562,0,-0.86,105,500,0,0,0,299,2586938,21849636,-50,-2571005,-69118568
21:20:26.567,0,-0.85,108,500,0,0,0,350,2604831,21862192,46,-2524358,-69132144
21:20:26.572,0,-0.76,108,500,0,0,0,217,2559405,21876422,38,-2508003,-69143568
21:20:26.577,0,-0.74,108,500,0,0,0,526,2478747,21887824,280,-2567860,-69157712
21:20:26.582,0,-0.78,108,500,0,0,0,474,2522002,21901904,92,-2576787,-69171936
21:20:26.587,0,-0.86,104,500,0,0,0,39,2569849,21914092,-400,-2575977,-69183616
21:20:26.592,0,-0.91,104,500,0,0,0,461,2577836,21926300,-38,-2537731,-69197288
21:20:26.597,0,-0.82,104,500,0,0,0,211,2563963,21940838,114,-2519910,-69208600
21:20:26.602,0,-0.7,104,500,0,0,0,506,2512942,21952540,85,-2578626,-69222968
21:20:26.607,0,-0.6,108,500,0,0,0,361,2538012,21964622,-177,-2602476,-69234896
21:20:26.613,0,-0.54,108,500,0,0,0,-62,2587045,21979458,-213,-2578882,-69248896
21:20:26.618,0,-0.54,108,500,0,0,0,384,2573014,21991560,168,-2533838,-69260320
21:20:26.623,0,-0.54,108,500,0,0,0,211,2531438,22005628,310,-2518104,-69273840
21:20:26.628,0,-0.57,107,500,0,0,0,461,2482120,22017180,-3,-2567503,-69287944
21:20:26.633,0,-0.62,107,500,0,0,0,371,2521756,22029236,-209,-2581812,-69299912
21:20:26.638,0,-0.65,107,500,0,0,0,185,2603638,22044118,-76,-2548906,-69313688
21:20:26.643,0,-0.63,107,500,0,0,0,277,2596518,22056556,133,-2497616,-69324776
21:20:26.648,0,-0.56,104,500,0,0,0,346,2560933,22068752,87,-2473251,-69338384
21:20:26.653,0,-0.53,104,500,0,0,0,402,2474447,22082292,-19,-2534999,-69350328
21:20:26.658,0,-0.58,104,500,0,0,0,396,2500339,22094016,-452,-2584517,-69364648
21:20:26.663,0,-0.68,104,500,0,0,0,50,2562276,22106396,100,-2574708,-69376408
21:20:26.668,0,-0.77,103,500,0,0,0,424,2583552,22121140,222,-2524060,-69390032
21:20:26.673,0,-0.79,103,500,0,0,0,423,2571072,22133484,62,-2489493,-69401384
21:20:26.678,0,-0.78,103,500,0,0,0,319,2504918,22144918,-134,-2544928,-69415488
21:20:26.683,0,-0.81,103,500,0,0,0,147,2501628,22158652,-196,-2588266,-69427736
21:20:26.688,0,-0.85,105,500,0,0,0,270,2549881,22170924,-20,-2572105,-69441512
21:20:26.694,0,-0.89,105,500,0,0,0,460,2549946,22185404,375,-2549160,-69453160
21:20:26.699,0,-0.88,105,500,0,0,0,375,2559777,22197602,76,-2523875,-69466752
21:20:26.704,0,-0.8,105,500,0,0,0,221,2534612,22209504,-164,-2559430,-69480880
21:20:26.704,0,-0.8,105,500,0,0,0,355,2524706,22223692,-165,-2582821,-69492840
21:20:26.709,0,-0.76,108,500,0,0,0,172,2573291,22236068,-104,-2561022,-69506712
21:20:26.714,0,-0.72,108,500,0,0,0,291,2578747,22248338,176,-2523005,-69518008
21:20:26.724,0,-0.59,108,500,0,0,0,433,2568325,22262536,189,-2493414,-69531576
21:20:26.724,0,-0.59,108,500,0,0,0,204,2500094,22274100,-419,-2545831,-69543456
21:20:26.729,0,-0.5,107,500,0,0,0,75,2486459,22287714,-17,-2597906,-69557656
21:20:26.734,0,-0.49,107,500,0,0,0,130,2561890,22300140,115,-2569192,-69569344
21:20:26.739,0,-0.53,107,500,0,0,0,414,2599973,22312812,50,-2527661,-69582912
21:20:26.744,0,-0.59,107,500,0,0,0,352,2597135,22327378,-93,-2482710,-69596184
21:20:26.755,0,-0.56,103,500,0,0,0,345,2507060,22340752,-363,-2514289,-69609976
21:20:26.760,0,-0.53,103,500,0,0,0,394,2484989,22352356,-40,-2558163,-69621888
21:20:26.765,0,-0.54,103,500,0,0,0,270,2556343,22366924,155,-2556838,-69635864
21:20:26.770,0,-0.58,102,500,0,0,0,337,2579122,22379436,312,-2539007,-69647528
21:20:26.775,0,-0.64,102,500,0,0,0,432,2587970,22391562,-84,-2495859,-69661200
21:20:26.780,0,-0.65,102,500,0,0,0,163,2509961,22405340,-380,-2522306,-69672840
21:20:26.785,0,-0.71,102,500,0,0,0,297,2485689,22416948,121,-2566468,-69687008
21:20:26.790,0,-0.79,105,500,0,0,0,185,2556449,22431542,112,-2549542,-69698696
21:20:26.795,0,-0.85,105,500,0,0,0,452,2565416,22443760,243,-2545299,-69712656
21:20:26.800,0,-0.89,105,500,0,0,0,340,2569439,22455924,61,-2520061,-69726192
21:20:26.805,0,-0.83,105,500,0,0,0,283,2520171,22469696,-203,-2534148,-69737824
21:20:26.810,0,-0.8,109,500,0,0,0,447,2486778,22481284,101,-2567520,-69751616
21:20:26.815,0,-0.84,109,500,0,0,0,355,2547087,22493588,339,-2548886,-69763472
21:20:26.820,0,-0.88,109,500,0,0,0,168,2576655,22508180,14,-2545934,-69777264
21:20:26.825,0,-0.92,109,500,0,0,0,440,2577362,22520528,-192,-2529465,-69788648
21:20:26.830,0,-0.86,105,500,0,0,0,68,2537189,22534444,-19,-2529325,-69802352
21:20:26.835,0,-0.74,105,500,0,0,0,474,2501941,22546112,116,-2583475,-69816496
21:20:26.840,0,-0.67,105,500,0,0,0,236,2558648,22558616,146,-2588574,-69828496
21:20:26.845,0,-0.62,105,500,0,0,0,255,2591816,22573302,141,-2571250,-69842368
21:20:26.850,0,-0.61,103,500,0,0,0,358,2583468,22585476,-152,-2535817,-69853704
21:20:26.856,0,-0.6,103,500,0,0,0,151,2533801,22597282,-98,-2540058,-69867656
21:20:26.861,0,-0.61,103,500,0,0,0,227,2492063,22610884,171,-2568560,-69879608
21:20:26.866,0,-0.63,103,500,0,0,0,421,2549823,22623176,5,-2565248,-69893528
21:20:26.871,0,-0.62,103,500,0,0,0,255,2596864,22635836,-21,-2558489,-69905288
21:20:26.876,0,-0.57,103,500,0,0,0,172,2600343,22650380,30,-2517863,-69918680
21:20:26.881,0,-0.52,103,500,0,0,0,264,2550640,22662268,-148,-2516921,-69932352
21:20:26.886,0,-0.56,104,500,0,0,0,403,2489155,22677928,104,-2577742,-69948552
21:20:26.891,0,-0.63,104,500,0,0,0,275,2544673,22690200,162,-2559737,-69960464
21:20:26.896,0,-0.71,104,500,0,0,0,225,2576127,22704950,35,-2540464,-69974184
21:20:26.901,0,-0.73,104,500,0,0,0,327,2590593,22717424,44,-2504979,-69985704
21:20:26.906,0,-0.67,106,500,0,0,0,194,2547677,22729160,24,-2517234,-69999232
21:20:26.911,0,-0.68,106,500,0,0,0,660,2485728,22738664,60,-2549040,-70009072
21:20:26.916,0,-0.73,106,500,0,0,0,262,2523355,22752716,-61,-2581323,-70021120
21:20:26.921,0,-0.8,106,500,0,0,0,215,2564488,22765024,-248,-2568885,-70034912
21:20:26.926,0,-0.86,104,500,0,0,0,244,2553693,22779092,151,-2528365,-70046520
21:20:26.931,0,-0.82,104,500,0,0,0,391,2536533,22791048,284,-2510077,-70059984
21:20:26.936,0,-0.78,104,500,0,0,0,386,2501550,22802752,-117,-2556586,-70071968
21:20:26.941,0,-0.75,104,500,0,0,0,453,2542749,22816912,-369,-2585092,-70086056
21:20:26.946,0,-0.72,104,500,0,0,0,-86,2591578,22829380,-26,-2573032,-70097968
21:20:26.952,0,-0.68,104,500,0,0,0,441,2575570,22841688,129,-2518551,-70111368
21:20:26.957,0,-0.6,104,500,0,0,0,361,2550161,22855924,75,-2499810,-70124952
21:20:26.962,0,-0.57,104,500,0,0,0,541,2495041,22867348,-49,-2569739,-70137088
21:20:26.967,0,-0.59,104,500,0,0,0,298,2525904,22881370,-366,-2609115,-70151520
21:20:26.972,0,-0.62,104,500,0,0,0,102,2593211,22894076,9,-2587511,-70163128
21:20:26.977,0,-0.64,104,500,0,0,0,350,2606162,22906660,120,-2521500,-70176656
21:20:26.982,0,-0.58,104,500,0,0,0,367,2576922,22921240,35,-2490169,-70188008
21:20:26.987,0,-0.55,108,500,0,0,0,440,2507593,22932660,23,-2557566,-70202416
21:20:26.992,0,-0.58,108,500,0,0,0,314,2510540,22944328,-284,-2605312,-70214408
21:20:26.997,0,-0.63,108,500,0,0,0,163,2573256,22959144,85,-2588027,-70228456
21:20:27.002,0,-0.7,108,500,0,0,0,278,2582166,22971594,287,-2541864,-70239808
21:20:27.007,0,-0.68,105,500,0,0,0,328,2593257,22983944,53,-2488577,-70253248
21:20:27.012,0,-0.65,105,500,0,0,0,283,2520056,22997818,-366,-2537352,-70265104
21:20:27.017,0,-0.67,105,500,0,0,0,398,2513276,23009626,-194,-2585541,-70279376
21:20:27.022,0,-0.71,105,500,0,0,0,205,2550487,23021856,-110,-2574780,-70293192
21:20:27.027,0,-0.76,105,500,0,0,0,478,2549062,23036336,380,-2542572,-70304784
21:20:27.032,0,-0.76,105,500,0,0,0,455,2565310,23048560,-132,-2520141,-70316488
21:20:27.037,0,-0.71,105,500,0,0,0,162,2528405,23060396,-406,-2559109,-70330544
21:20:27.043,0,-0.69,105,500,0,0,0,202,2516737,23074370,-116,-2596217,-70344840
21:20:27.048,0,-0.67,104,500,0,0,0,207,2564899,23086706,71,-2564837,-70356328
21:20:27.053,0,-0.67,104,500,0,0,0,449,2578012,23101428,286,-2525764,-70370224
21:20:27.058,0,-0.63,104,500,0,0,0,370,2580433,23113672,6,-2499974,-70381632
21:20:27.063,0,-0.56,104,500,0,0,0,293,2534449,23125316,-445,-2546657,-70395480
21:20:27.068,0,-0.54,105,500,0,0,0,171,2514403,23139248,164,-2592931,-70407584
21:20:27.073,0,-0.55,105,500,0,0,0,228,2570253,23152156,78,-2581644,-70421856
21:20:27.078,0,-0.59,105,500,0,0,0,444,2589889,23164708,253,-2553797,-70433360
21:20:27.083,0,-0.62,105,500,0,0,0,307,2587632,23176950,-47,-2510562,-70446912
21:20:27.088,0,-0.62,108,500,0,0,0,334,2516912,23190616,-271,-2555022,-70458952
21:20:27.093,0,-0.67,108,500,0,0,0,335,2497129,23202312,176,-2595446,-70473120
21:20:27.098,0,-0.72,108,500,0,0,0,404,2564222,23216928,154,-2571873,-70484896
21:20:27.104,0,-0.75,108,500,0,0,0,292,2599650,23229588,308,-2541795,-70499264
21:20:27.109,0,-0.72,105,500,0,0,0,225,2612991,23241836,-63,-2514926,-70510696
21:20:27.109,0,-0.72,105,500,0,0,0,217,2534016,23255592,-293,-2542477,-70524416
21:20:27.119,0,-0.63,105,500,0,0,0,512,2480738,23266908,304,-2581549,-70536624
21:20:27.124,0,-0.69,105,500,0,0,0,179,2542115,23281536,121,-2570024,-70550528
21:20:27.129,0,-0.77,103,500,0,0,0,454,2573192,23293876,14,-2564558,-70562528
21:20:27.134,0,-0.82,103,500,0,0,0,149,2592256,23306204,-35,-2533818,-70576248
21:20:27.139,0,-0.75,103,500,0,0,0,67,2556608,23320428,-201,-2538558,-70587864
21:20:27.144,0,-0.69,103,500,0,0,0,317,2502045,23331856,289,-2584034,-70602176
21:20:27.149,0,-0.67,108,500,0,0,0,367,2546182,23346272,31,-2578837,-70614088
21:20:27.154,0,-0.66,108,500,0,0,0,307,2574542,23358600,39,-2559899,-70628048
21:20:27.154,0,-0.66,108,500,0,0,0,227,2577120,23370784,-67,-2527537,-70639512
21:20:27.159,0,-0.69,108,500,0,0,0,220,2535668,23384688,-180,-2527244,-70653064
21:20:27.164,0,-0.66,108,500,0,0,0,542,2489370,23396278,226,-2577803,-70667360
21:20:27.169,0,-0.63,105,500,0,0,0,255,2546888,23408544,-18,-2575699,-70679264
21:20:27.174,0,-0.64,105,500,0,0,0,-42,2605938,23423552,-136,-2551011,-70693152
21:20:27.179,0,-0.64,105,500,0,0,0,328,2594576,23435608,29,-2513031,-70704352
21:20:27.184,0,-0.64,105,500,0,0,0,236,2522730,23449516,95,-2519820,-70718072
21:20:27.189,0,-0.6,108,500,0,0,0,433,2461252,23460900,113,-2576456,-70730352
21:20:27.195,0,-0.56,108,500,0,0,0,395,2519003,23473034,17,-2586617,-70744432
21:20:27.200,0,-0.6,108,500,0,0,0,229,2600819,23488080,-238,-2573505,-70756400
21:20:27.205,0,-0.66,108,500,0,0,0,269,2619607,23500542,10,-2522587,-70769944
21:20:27.210,0,-0.71,104,500,0,0,0,337,2566860,23512520,265,-2499531,-70781320
21:20:27.215,0,-0.69,104,500,0,0,0,455,2480144,23526090,1,-2562786,-70795440
21:20:27.220,0,-0.64,104,500,0,0,0,490,2516724,23538122,-86,-2590922,-70807504
21:20:27.225,0,-0.65,104,500,0,0,0,-33,2565880,23550302,-459,-2577606,-70821504
21:20:27.230,0,-0.7,104,500,0,0,0,303,2585099,23564824,199,-2546392,-70833248
21:20:27.235,0,-0.77,104,500,0,0,0,399,2576923,23577200,278,-2501095,-70846576
21:20:27.240,0,-0.78,104,500,0,0,0,442,2514932,23591088,-6,-2538901,-70858448
21:20:27.250,0,-0.7,106,500,0,0,0,312,2541394,23605188,-37,-2565411,-70874664
21:20:27.255,0,-0.69,106,500,0,0,0,42,2568877,23617646,-78,-2578933,-70886568
21:20:27.260,0,-0.7,106,500,0,0,0,352,2563372,23629566,-73,-2534602,-70900232
21:20:27.265,0,-0.7,106,500,0,0,0,293,2540253,23643918,175,-2508917,-70911640
21:20:27.270,0,-0.66,108,500,0,0,0,418,2486437,23655480,148,-2567666,-70925952
21:20:27.270,0,-0.66,108,500,0,0,0,508,2521199,23667340,-391,-2588716,-70937976
21:20:27.275,0,-0.66,108,500,0,0,0,92,2582961,23679644,-13,-2573759,-70949704
21:20:27.281,0,-0.67,108,500,0,0,0,247,2588944,23694360,150,-2524964,-70963312
21:20:27.286,0,-0.68,108,500,0,0,0,324,2572361,23706514,72,-2487338,-70974640
21:20:27.291,0,-0.57,104,500,0,0,0,154,2509587,23717980,-21,-2539622,-70988712
21:20:27.296,0,-0.53,104,500,0,0,0,243,2514647,23731824,-327,-2582545,-71000936
21:20:27.301,0,-0.53,104,500,0,0,0,35,2570560,23744216,55,-2562107,-71014640
21:20:27.306,0,-0.54,103,500,0,0,0,493,2570316,23758652,341,-2523727,-71026120
21:20:27.311,0,-0.56,103,500,0,0,0,288,2553127,23770716,175,-2492650,-71039672
21:20:27.316,0,-0.56,103,500,0,0,0,221,2488686,23782064,-382,-2538977,-71051528
21:20:27.321,0,-0.61,103,500,0,0,0,338,2489510,23795756,-87,-2576869,-71065560
21:20:27.326,0,-0.71,103,500,0,0,0,167,2557240,23808306,53,-2547380,-71077320
21:20:27.331,0,-0.77,103,500,0,0,0,289,2585744,23820872,219,-2518848,-71090856
21:20:27.336,0,-0.76,103,500,0,0,0,472,2582563,23835180,159,-2501337,-71102304
21:20:27.341,0,-0.68,103,500,0,0,0,252,2516013,23846656,-337,-2528591,-71116144
21:20:27.346,0,-0.63,103,500,0,0,0,218,2487023,23860212,-61,-2576274,-71130352
21:20:27.351,0,-0.68,105,500,0,0,0,360,2548948,23872700,291,-2549532,-71141816
21:20:27.357,0,-0.78,105,500,0,0,0,290,2576661,23885052,140,-2529858,-71155632
21:20:27.362,0,-0.88,105,500,0,0,0,271,2577379,23899480,-283,-2513913,-71167312
21:20:27.367,0,-0.85,105,500,0,0,0,251,2542016,23911372,-135,-2540366,-71181048
21:20:27.372,0,-0.74,103,500,0,0,0,371,2509720,23925072,53,-2571912,-71193000
21:20:27.377,0,-0.67,103,500,0,0,0,354,2559282,23937578,304,-2565065,-71206880
21:20:27.382,0,-0.62,103,500,0,0,0,216,2563832,23949774,106,-2557286,-71218664
21:20:27.387,0,-0.64,103,500,0,0,0,472,2545775,23963928,-262,-2525525,-71232344
21:20:27.392,0,-0.66,107,500,0,0,0,81,2520731,23975584,-54,-2522412,-71243864
21:20:27.397,0,-0.66,107,500,0,0,0,249,2492165,23987248,208,-2555055,-71257784
21:20:27.407,0,-0.68,107,500,0,0,0,132,2568317,24004264,13,-2547027,-71273760
21:20:27.412,0,-0.64,102,500,0,0,0,420,2584022,24016776,214,-2527955,-71285360
21:20:27.418,0,-0.57,102,500,0,0,0,267,2578294,24028772,52,-2493933,-71298872
21:20:27.423,0,-0.52,102,500,0,0,0,347,2510553,24042424,-252,-2518089,-71310480
21:20:27.428,0,-0.56,102,500,0,0,0,639,2482046,24054004,136,-2572975,-71324576
21:20:27.428,0,-0.56,102,500,0,0,0,293,2549926,24066346,49,-2569253,-71334376
21:20:27.433,0,-0.67,105,500,0,0,0,177,2602491,24079064,-175,-2557340,-71348320
21:20:27.438,0,-0.76,105,500,0,0,0,266,2609875,24091420,92,-2526977,-71359800
21:20:27.443,0,-0.79,105,500,0,0,0,267,2551431,24105368,87,-2522027,-71373312
21:20:27.448,0,-0.74,105,500,0,0,0,591,2484891,24116846,52,-2572060,-71385376
21:20:27.453,0,-0.75,109,500,0,0,0,275,2526639,24128956,125,-2587349,-71399648
21:20:27.458,0,-0.81,109,500,0,0,0,298,2557983,24143416,-376,-2594973,-71411600
21:20:27.464,0,-0.89,109,500,0,0,0,179,2566308,24155568,-61,-2552333,-71425192
21:20:27.469,0,-0.94,109,500,0,0,0,164,2568420,24170000,144,-2519991,-71438608
21:20:27.474,0,-0.86,107,500,0,0,0,404,2525725,24181632,-18,-2559240,-71450560
21:20:27.479,0,-0.76,107,500,0,0,0,564,2554770,24193988,62,-2578948,-71464984
21:20:27.484,0,-0.66,107,500,0,0,0,224,2577805,24208520,-193,-2579736,-71476672
21:20:27.489,0,-0.57,107,500,0,0,0,197,2562268,24220568,-135,-2522441,-71490216
21:20:27.494,0,-0.54,104,500,0,0,0,381,2533488,24232474,243,-2503477,-71501608
21:20:27.499,0,-0.5,104,500,0,0,0,594,2472433,24246096,50,-2575514,-71515824
21:20:27.504,0,-0.53,104,500,0,0,0,351,2519237,24258176,-254,-2597655,-71528056
21:20:27.509,0,-0.6,104,500,0,0,0,-111,2595530,24270948,-106,-2566743,-71541776
21:20:27.514,0,-0.65,103,500,0,0,0,270,2606260,24285772,94,-2497525,-71552960
21:20:27.519,0,-0.67,103,500,0,0,0,447,2560434,24297920,108,-2469932,-71566376
21:20:27.524,0,-0.6,103,500,0,0,0,530,2500332,24309336,-120,-2536325,-71578344
21:20:27.529,0,-0.55,103,500,0,0,0,244,2527392,24323516,-422,-2592118,-71592720
21:20:27.534,0,-0.56,105,500,0,0,0,21,2583003,24336132,-47,-2580353,-71606584
21:20:27.539,0,-0.6,105,500,0,0,0,353,2587784,24348410,320,-2523849,-71617952
21:20:27.544,0,-0.67,105,500,0,0,0,336,2562816,24362746,153,-2489796,-71631448
21:20:27.550,0,-0.67,105,500,0,0,0,408,2498692,24374144,-300,-2552730,-71643472
21:20:27.555,0,-0.68,108,500,0,0,0,386,2522001,24388270,-287,-2597490,-71657672
21:20:27.560,0,-0.74,108,500,0,0,0,88,2572121,24400652,-93,-2579109,-71669416
21:20:27.565,0,-0.8,108,500,0,0,0,400,2569541,24412832,370,-2541083,-71683192
21:20:27.570,0,-0.84,108,500,0,0,0,363,2563517,24427388,184,-2512630,-71694656
21:20:27.575,0,-0.8,107,500,0,0,0,253,2520888,24438992,-409,-2553822,-71708600
21:20:27.580,0,-0.73,107,500,0,0,0,277,2516682,24450820,-90,-2587281,-71720784
21:20:27.585,0,-0.72,107,500,0,0,0,27,2568848,24465396,-54,-2568796,-71734544
21:20:27.590,0,-0.75,107,500,0,0,0,501,2566187,24477564,211,-2535144,-71746112
21:20:27.595,0,-0.78,105,500,0,0,0,329,2570336,24492180,57,-2497374,-71759648
21:20:27.600,0,-0.75,105,500,0,0,0,323,2524608,24503960,-361,-2559128,-71773664
21:20:27.605,0,-0.65,105,500,0,0,0,203,2521168,24515820,-15,-2605801,-71785832
21:20:27.610,0,-0.59,105,500,0,0,0,188,2579499,24530304,33,-2586722,-71799888
21:20:27.615,0,-0.56,106,500,0,0,0,421,2581614,24542742,240,-2539682,-71811592
21:20:27.620,0,-0.57,106,500,0,0,0,294,2579647,24555136,8,-2502860,-71824992
21:20:27.625,0,-0.59,106,500,0,0,0,250,2527427,24568924,-300,-2557066,-71836944
21:20:27.631,0,-0.58,106,500,0,0,0,130,2522309,24580956,-97,-2587988,-71851000
21:20:27.636,0,-0.6,105,500,0,0,0,229,2572952,24593524,259,-2560096,-71862672
21:20:27.641,0,-0.63,105,500,0,0,0,440,2594044,24608196,113,-2537882,-71876384
21:20:27.646,0,-0.61,105,500,0,0,0,249,2592234,24620484,-169,-2523435,-71887920
21:20:27.651,0,-0.58,106,500,0,0,0,164,2506798,24634044,-158,-2553983,-71901888
21:20:27.656,0,-0.63,106,500,0,0,0,416,2488563,24645524,-94,-2595832,-71916048
21:20:27.661,0,-0.72,106,500,0,0,0,182,2550449,24658028,365,-2574353,-71928000
21:20:27.666,0,-0.81,106,500,0,0,0,387,2587593,24672876,165,-2549725,-71941752
21:20:27.671,0,-0.83,104,500,0,0,0,482,2606219,24685292,-232,-2524612,-71953424
21:20:27.676,0,-0.75,104,500,0,0,0,84,2553418,24696848,-91,-2554138,-71967216
21:20:27.681,0,-0.7,104,500,0,0,0,302,2495975,24710364,105,-2589611,-71979424
21:20:27.686,0,-0.72,104,500,0,0,0,405,2539338,24722566,284,-2569609,-71993288
21:20:27.691,0,-0.79,105,500,0,0,0,375,2567516,24737260,91,-2556857,-72005056
21:20:27.696,0,-0.85,105,500,0,0,0,245,2582997,24749532,-371,-2529916,-72018584
21:20:27.701,0,-0.81,105,500,0,0,0,118,2554776,24761342,-5,-2549032,-72030312
21:20:27.706,0,-0.72,105,500,0,0,0,289,2518780,24775280,201,-2590195,-72044472
21:20:27.711,0,-0.64,106,500,0,0,0,395,2565742,24787794,110,-2579699,-72056344
21:20:27.716,0,-0.56,106,500,0,0,0,174,2590556,24800354,172,-2558295,-72070120
21:20:27.722,0,-0.53,106,500,0,0,0,258,2574039,24814696,-239,-2527825,-72083800
21:20:27.727,0,-0.5,106,500,0,0,0,186,2520410,24826244,-150,-2544672,-72095488
21:20:27.732,0,-0.52,109,500,0,0,0,556,2472875,24837728,240,-2589441,-72109840
21:20:27.737,0,-0.59,109,500,0,0,0,222,2548876,24852254,20,-2570899,-72121472
21:20:27.742,0,-0.65,109,500,0,0,0,47,2610216,24865044,65,-2537339,-72135432
21:20:27.747,0,-0.67,109,500,0,0,0,326,2610790,24877564,74,-2511396,-72146840
21:20:27.752,0,-0.62,107,500,0,0,0,175,2537014,24891544,-104,-2511141,-72160632
21:20:27.757,0,-0.56,107,500,0,0,0,485,2472628,24902808,221,-2555428,-72172416
21:20:27.762,0,-0.58,107,500,0,0,0,291,2534079,24917188,47,-2574547,-72186648
21:20:27.767,0,-0.65,107,500,0,0,0,294,2586657,24929652,-202,-2572927,-72198304
21:20:27.772,0,-0.74,104,500,0,0,0,243,2605786,24944288,92,-2525974,-72211760
21:20:27.777,0,-0.76,104,500,0,0,0,258,2555478,24956208,69,-2510856,-72225352
21:20:27.782,0,-0.74,104,500,0,0,0,428,2482528,24967826,60,-2558259,-72237336
21:20:27.787,0,-0.77,104,500,0,0,0,495,2523862,24979752,110,-2577252,-72251408
21:20:27.792,0,-0.82,106,500,0,0,0,67,2572842,24994348,-387,-2582840,-72263296
21:20:27.803,0,-0.86,106,500,0,0,0,537,2570748,25010756,-167,-2550065,-72281344
21:20:27.808,0,-0.79,106,500,0,0,0,-50,2536891,25024848,-18,-2571853,-72293192
21:20:27.813,0,-0.74,107,500,0,0,0,469,2502075,25036516,64,-2591711,-72307440
21:20:27.813,0,-0.74,107,500,0,0,0,201,2559974,25048856,205,-2568826,-72319216
21:20:27.818,0,-0.71,107,500,0,0,0,-1,2601839,25059108,-239,-2570403,-72328664
21:20:27.823,0,-0.67,107,500,0,0,0,277,2601067,25071244,77,-2524784,-72340224
21:20:27.828,0,-0.6,107,500,0,0,0,255,2570491,25083678,212,-2499938,-72353640
21:20:27.833,0,-0.48,109,500,0,0,0,418,2484970,25097136,-95,-2559449,-72365848
21:20:27.838,0,-0.43,109,500,0,0,0,515,2514741,25108944,-208,-2595611,-72380200
21:20:27.843,0,-0.43,109,500,0,0,0,172,2596920,25124124,-105,-2580394,-72391968
21:20:27.848,0,-0.48,109,500,0,0,0,213,2600507,25136444,83,-2518932,-72405496
21:20:27.853,0,-0.52,105,500,0,0,0,324,2571136,25148552,83,-2481389,-72418600
21:20:27.858,0,-0.51,105,500,0,0,0,367,2483096,25162144,26,-2530760,-72430640
21:20:27.863,0,-0.52,105,500,0,0,0,373,2494194,25173780,-468,-2565716,-72444808
21:20:27.868,0,-0.56,105,500,0,0,0,-3,2554989,25186110,43,-2549787,-72456432
21:20:27.873,0,-0.59,104,500,0,0,0,472,2579407,25200844,378,-2512175,-72469856
21:20:27.879,0,-0.62,104,500,0,0,0,396,2575162,25213244,92,-2477967,-72481152
21:20:27.884,0,-0.61,104,500,0,0,0,395,2505262,25224484,-308,-2528582,-72494968
21:20:27.889,0,-0.64,104,500,0,0,0,288,2503808,25238392,-41,-2576649,-72507176
21:20:27.894,0,-0.73,105,500,0,0,0,225,2561492,25250580,-82,-2566992,-72521136
21:20:27.899,0,-0.82,105,500,0,0,0,325,2561834,25264976,325,-2539537,-72532728
21:20:27.904,0,-0.89,105,500,0,0,0,519,2565791,25277168,185,-2502532,-72546328
21:20:27.909,0,-0.85,105,500,0,0,0,192,2521388,25288936,-364,-2543894,-72558152
21:20:27.914,0,-0.78,106,500,0,0,0,306,2509206,25302682,24,-2587442,-72572432
21:20:27.919,0,-0.77,106,500,0,0,0,122,2565563,25315220,161,-2559847,-72584080
21:20:27.924,0,-0.79,106,500,0,0,0,516,2560179,25329612,211,-2539499,-72597944
21:20:27.930,0,-0.83,106,500,0,0,0,338,2551959,25343904,98,-2501767,-72611512
21:20:27.935,0,-0.82,104,500,0,0,0,316,2513870,25355488,-343,-2537949,-72623448
21:20:27.940,0,-0.75,104,500,0,0,0,301,2508351,25367124,-115,-2585351,-72637552
21:20:27.945,0,-0.73,104,500,0,0,0,371,2572962,25379748,304,-2566887,-72649296
21:20:27.950,0,-0.7,104,500,0,0,0,405,2588758,25394724,161,-2542859,-72663016
21:20:27.955,0,-0.67,102,500,0,0,0,242,2574850,25406868,-198,-2520020,-72674680
21:20:27.960,0,-0.63,102,500,0,0,0,192,2509562,25418312,-199,-2554904,-72688512
21:20:27.965,0,-0.58,102,500,0,0,0,344,2492498,25432132,22,-2585080,-72700536
21:20:27.970,0,-0.6,102,500,0,0,0,314,2563307,25444736,211,-2561901,-72714160
21:20:27.975,0,-0.65,103,500,0,0,0,164,2596876,25457380,42,-2545471,-72726032
21:20:27.980,0,-0.68,103,500,0,0,0,396,2602771,25469536,-248,-2518447,-72739512
21:20:27.985,0,-0.66,103,500,0,0,0,147,2541482,25483568,-89,-2523671,-72751064
21:20:27.990,0,-0.58,103,500,0,0,0,408,2490875,25494948,177,-2576788,-72765360
21:20:27.995,0,-0.59,106,500,0,0,0,286,2545612,25509412,97,-2567744,-72779248
21:20:28.000,0,-0.64,106,500,0,0,0,504,2573343,25521908,130,-2562040,-72791048
21:20:28.005,0,-0.71,106,500,0,0,0,299,2584904,25534162,-39,-2515274,-72804448
21:20:28.010,0,-0.75,106,500,0,0,0,-16,2549963,25548348,-99,-2499613,-72815816
21:20:28.016,0,-0.69,107,500,0,0,0,317,2496985,25559936,212,-2554969,-72829816
21:20:28.021,0,-0.68,107,500,0,0,0,444,2541831,25572144,105,-2571338,-72841784
21:20:28.026,0,-0.72,107,500,0,0,0,286,2568550,25586656,-140,-2565263,-72855648
21:20:28.031,0,-0.74,106,500,0,0,0,318,2565050,25598756,41,-2526238,-72867072
21:20:28.036,0,-0.7,106,500,0,0,0,254,2518458,25612708,64,-2524271,-72880792
21:20:28.041,0,-0.69,106,500,0,0,0,526,2478567,25624100,102,-2575729,-72894920
21:20:28.046,0,-0.72,106,500,0,0,0,279,2540054,25636352,97,-2580806,-72907040
21:20:28.051,0,-0.74,104,500,0,0,0,-73,2599019,25651496,-134,-2562346,-72920848
21:20:28.056,0,-0.74,104,500,0,0,0,338,2598093,25663780,-172,-2511330,-72932328
21:20:28.061,0,-0.66,104,500,0,0,0,242,2560026,25675764,118,-2509120,-72945784
21:20:28.066,0,-0.59,104,500,0,0,0,398,2494793,25689308,-34,-2573995,-72957920
21:20:28.071,0,-0.56,104,500,0,0,0,344,2541573,25701500,80,-2598071,-72972296
21:20:28.076,0,-0.57,104,500,0,0,0,152,2599738,25714036,-262,-2586573,-72984144
21:20:28.081,0,-0.6,104,500,0,0,0,328,2609249,25729028,-50,-2524772,-72997664
21:20:28.086,0,-0.58,104,500,0,0,0,253,2563235,25741012,324,-2498949,-73009032
21:20:28.091,0,-0.56,106,500,0,0,0,401,2490509,25754512,97,-2569209,-73023216
21:20:28.097,0,-0.6,106,500,0,0,0,415,2532829,25766646,-169,-2598892,-73035496
21:20:28.102,0,-0.65,106,500,0,0,0,142,2583336,25779260,-211,-2580786,-73049328
21:20:28.107,0,-0.7,106,500,0,0,0,275,2593816,25793820,84,-2533267,-73060944
21:20:28.112,0,-0.68,107,500,0,0,0,359,2566253,25806068,235,-2492688,-73074248
21:20:28.117,0,-0.65,107,500,0,0,0,411,2500052,25817648,7,-2541020,-73086144
21:20:28.122,0,-0.68,107,500,0,0,0,501,2530219,25831692,-467,-2573312,-73100368
21:20:28.127,0,-0.73,107,500,0,0,0,280,2569454,25846408,-116,-2574320,-73114216
21:20:28.132,0,-0.8,103,500,0,0,0,326,2568426,25858536,86,-2540786,-73127952
21:20:28.137,0,-0.8,103,500,0,0,0,354,2556508,25870788,107,-2512540,-73139392
21:20:28.142,0,-0.72,103,500,0,0,0,557,2516329,25882380,159,-2566543,-73153488
21:20:28.147,0,-0.68,103,500,0,0,0,305,2538732,25896612,-490,-2602477,-73165640
21:20:28.152,0,-0.65,103,500,0,0,0,-24,2584610,25909030,-64,-2587450,-73179672
21:20:28.157,0,-0.65,105,500,0,0,0,429,2576891,25921210,268,-2528628,-73191064
21:20:28.163,0,-0.64,105,500,0,0,0,291,2563768,25935398,-25,-2491174,-73202560
21:20:28.168,0,-0.6,105,500,0,0,0,335,2523599,25947188,-155,-2556112,-73216784
21:20:28.173,0,-0.58,105,500,0,0,0,281,2536039,25959352,-286,-2601862,-73228920
21:20:28.178,0,-0.58,106,500,0,0,0,152,2602261,25976392,-101,-2579494,-73244968
21:20:28.183,0,-0.57,106,500,0,0,0,356,2597007,25988832,274,-2531494,-73258424
21:20:28.188,0,-0.56,106,500,0,0,0,371,2571653,25998540,104,-2507458,-73267872
21:20:28.193,0,-0.53,106,500,0,0,0,231,2493893,26012198,-246,-2573028,-73279968
21:20:28.198,0,-0.59,111,500,0,0,0,302,2506963,26023894,-231,-2609641,-73294176
21:20:28.203,0,-0.67,111,500,0,0,0,79,2571949,26036504,-93,-2576926,-73308096
21:20:28.208,0,-0.74,111,500,0,0,0,393,2600649,26051396,363,-2528925,-73319392
21:20:28.213,0,-0.74,111,500,0,0,0,450,2606016,26063620,185,-2492141,-73332904
21:20:28.218,0,-0.66,106,500,0,0,0,251,2513204,26077370,-378,-2555307,-73344720
21:20:28.223,0,-0.64,106,500,0,0,0,205,2501915,26088926,22,-2598707,-73359072
21:20:28.228,0,-0.68,106,500,0,0,0,351,2547413,26101176,75,-2564536,-73370728
21:20:28.233,0,-0.77,106,500,0,0,0,523,2556680,26115752,206,-2542318,-73384592
21:20:28.238,0,-0.85,105,500,0,0,0,292,2574577,26128020,-12,-2516714,-73395928
21:20:28.243,0,-0.8,105,500,0,0,0,294,2545763,26139968,-320,-2548380,-73409872
21:20:28.249,0,-0.73,105,500,0,0,0,156,2518763,26153902,120,-2578837,-73421848
21:20:28.254,0,-0.69,105,500,0,0,0,405,2561715,26166212,281,-2572818,-73435920
21:20:28.259,0,-0.65,107,500,0,0,0,227,2570778,26178448,94,-2554941,-73447816
21:20:28.264,0,-0.66,107,500,0,0,0,466,2564087,26192950,-130,-2514417,-73461240
21:20:28.269,0,-0.64,107,500,0,0,0,119,2515387,26204352,-187,-2557483,-73475120
21:20:28.274,0,-0.64,107,500,0,0,0,419,2489580,26218112,73,-2594966,-73487200
21:20:28.279,0,-0.7,105,500,0,0,0,162,2565632,26230736,217,-2577278,-73501272
21:20:28.284,0,-0.74,105,500,0,0,0,193,2616155,26243368,-14,-2541906,-73512864
21:20:28.289,0,-0.75,105,500,0,0,0,396,2608737,26258148,-280,-2502837,-73526216
21:20:28.294,0,-0.67,105,500,0,0,0,121,2527067,26269608,-15,-2532823,-73537904
21:20:28.299,0,-0.59,110,500,0,0,0,264,2483564,26283128,123,-2592401,-73552304
21:20:28.304,0,-0.58,110,500,0,0,0,350,2542187,26295408,251,-2589391,-73564256
21:20:28.309,0,-0.63,110,500,0,0,0,101,2598531,26308136,115,-2564080,-73578072
21:20:28.314,0,-0.69,110,500,0,0,0,340,2619771,26322888,-157,-2532136,-73589568
21:20:28.324,0,-0.66,105,500,0,0,0,261,2497908,26350168,-57,-2607458,-73619784
21:20:28.330,0,-0.67,105,500,0,0,0,385,2550892,26362648,109,-2586307,-73633664
21:20:28.335,0,-0.7,105,500,0,0,0,314,2576965,26377240,262,-2558449,-73645376
21:20:28.340,0,-0.75,106,500,0,0,0,240,2591755,26389752,-122,-2532654,-73659152
21:20:28.345,0,-0.74,106,500,0,0,0,118,2562408,26399356,-49,-2539756,-73668616
21:20:28.350,0,-0.67,106,500,0,0,0,546,2507699,26411002,353,-2555655,-73680448
21:20:28.355,0,-0.65,106,500,0,0,0,310,2542459,26423320,71,-2560383,-73694544
21:20:28.360,0,-0.65,107,500,0,0,0,73,2581595,26438102,-63,-2566139,-73706384
21:20:28.365,0,-0.67,107,500,0,0,0,388,2582076,26450126,-83,-2527872,-73719840
21:20:28.370,0,-0.65,107,500,0,0,0,96,2540883,26464240,-93,-2513007,-73731448
21:20:28.375,0,-0.58,107,500,0,0,0,502,2479380,26475884,290,-2573446,-73745616
21:20:28.380,0,-0.55,106,500,0,0,0,228,2531159,26488046,18,-2581086,-73759856
21:20:28.385,0,-0.56,106,500,0,0,0,207,2595345,26502840,-43,-2573107,-73771672
21:20:28.390,0,-0.59,106,500,0,0,0,187,2596305,26514934,36,-2525234,-73785072
21:20:28.395,0,-0.62,106,500,0,0,0,278,2557772,26527262,25,-2495672,-73796384
21:20:28.400,0,-0.58,106,500,0,0,0,320,2487440,26540764,18,-2544187,-73810344
21:20:28.405,0,-0.56,106,500,0,0,0,535,2526444,26552846,-177,-2569716,-73822144
21:20:28.411,0,-0.57,106,500,0,0,0,130,2588017,26565520,-299,-2552260,-73835992
21:20:28.416,0,-0.56,106,500,0,0,0,254,2588113,26579840,145,-2516787,-73847400
21:20:28.421,0,-0.55,105,500,0,0,0,380,2539607,26591872,213,-2496313,-73860808
21:20:28.426,0,-0.6,105,500,0,0,0,683,2464625,26605398,142,-2557589,-73874880
21:20:28.431,0,-0.71,105,500,0,0,0,248,2514225,26617296,-434,-2581665,-73886880
21:20:28.436,0,-0.81,103,500,0,0,0,45,2578291,26629756,-89,-2555735,-73900528
21:20:28.441,0,-0.84,103,500,0,0,0,340,2596487,26644374,281,-2515129,-73911928
21:20:28.446,0,-0.76,103,500,0,0,0,388,2569898,26656476,170,-2488373,-73925296
21:20:28.451,0,-0.7,103,500,0,0,0,529,2477295,26670028,149,-2551675,-73939504
21:20:28.456,0,-0.73,107,500,0,0,0,498,2507792,26681800,-361,-2588969,-73951592
21:20:28.461,0,-0.82,107,500,0,0,0,-38,2567249,26694024,-287,-2569894,-73965336
21:20:28.466,0,-0.91,107,500,0,0,0,375,2572034,26708640,274,-2529284,-73976960
21:20:28.471,0,-0.89,107,500,0,0,0,366,2572656,26721024,244,-2497701,-73990368
21:20:28.476,0,-0.78,104,500,0,0,0,181,2537712,26732560,-327,-2549044,-74002328
21:20:28.481,0,-0.68,104,500,0,0,0,265,2539454,26746692,-229,-2591529,-74016464
21:20:28.486,0,-0.6,104,500,0,0,0,44,2582720,26759264,-9,-2577922,-74028224
21:20:28.491,0,-0.57,104,500,0,0,0,503,2561247,26771676,270,-2542455,-74042032
21:20:28.497,0,-0.56,106,500,0,0,0,358,2541852,26785712,148,-2509418,-74053480
21:20:28.502,0,-0.57,106,500,0,0,0,299,2497242,26797360,-305,-2552365,-74067568
21:20:28.507,0,-0.63,106,500,0,0,0,181,2497487,26809124,-26,-2578059,-74079520
21:20:28.512,0,-0.66,106,500,0,0,0,204,2569838,26823788,111,-2550514,-74093328
21:20:28.517,0,-0.65,102,500,0,0,0,370,2580183,26836262,86,-2518913,-74104824
21:20:28.522,0,-0.58,102,500,0,0,0,271,2574823,26848444,-141,-2484449,-74118304
21:20:28.527,0,-0.5,102,500,0,0,0,84,2507122,26862060,-197,-2523814,-74130008
21:20:28.532,0,-0.51,102,500,0,0,0,404,2487189,26873690,-28,-2576149,-74144088
21:20:28.537,0,-0.58,104,500,0,0,0,51,2564004,26888340,195,-2565081,-74158080
21:20:28.542,0,-0.65,104,500,0,0,0,303,2585263,26901048,323,-2541785,-74169712
21:20:28.547,0,-0.68,104,500,0,0,0,457,2599812,26913242,-43,-2496396,-74183040
21:20:28.552,0,-0.63,104,500,0,0,0,186,2528846,26927172,-311,-2529207,-74194728
21:20:28.557,0,-0.65,106,500,0,0,0,317,2491464,26938756,230,-2578176,-74208984
21:20:28.562,0,-0.72,106,500,0,0,0,430,2536154,26950788,125,-2563269,-74220744
21:20:28.567,0,-0.81,106,500,0,0,0,408,2548108,26965320,292,-2557321,-74234608
21:20:28.572,0,-0.89,106,500,0,0,0,333,2562563,26977488,-135,-2537203,-74246192
21:20:28.577,0,-0.86,109,500,0,0,0,243,2536385,26991608,-292,-2541648,-74260000
21:20:28.583,0,-0.81,109,500,0,0,0,456,2510368,27003348,276,-2565455,-74272064
21:20:28.588,0,-0.77,109,500,0,0,0,381,2562589,27015692,144,-2558068,-74285928
21:20:28.593,0,-0.7,109,500,0,0,0,208,2582325,27030270,-87,-2551827,-74297672
21:20:28.598,0,-0.66,105,500,0,0,0,426,2571519,27042374,-62,-2513366,-74311240
21:20:28.603,0,-0.58,105,500,0,0,0,200,2523018,27054132,71,-2519199,-74322608
21:20:28.608,0,-0.55,105,500,0,0,0,382,2479753,27067650,161,-2580990,-74336960
21:20:28.613,0,-0.6,105,500,0,0,0,307,2545924,27080128,320,-2580175,-74350976
21:20:28.618,0,-0.65,104,500,0,0,0,226,2602986,27092872,-112,-2561219,-74362720
21:20:28.623,0,-0.69,104,500,0,0,0,300,2603345,27107440,-202,-2507437,-74376176
21:20:28.628,0,-0.64,104,500,0,0,0,189,2544539,27119262,142,-2497449,-74387544
21:20:28.633,0,-0.6,104,500,0,0,0,316,2487696,27132784,101,-2565978,-74401848
21:20:28.638,0,-0.61,106,500,0,0,0,389,2543222,27145028,76,-2589118,-74413920
21:20:28.643,0,-0.65,106,500,0,0,0,187,2599400,27157566,-79,-2571508,-74427936
21:20:28.648,0,-0.7,106,500,0,0,0,224,2608604,27172374,-76,-2523459,-74439328
21:20:28.653,0,-0.68,106,500,0,0,0,296,2552886,27184246,184,-2514145,-74452800
21:20:28.659,0,-0.67,105,500,0,0,0,440,2490074,27195766,138,-2570599,-74464896
21:20:28.664,0,-0.72,105,500,0,0,0,373,2543695,27210172,-32,-2590947,-74479216
21:20:28.669,0,-0.78,105,500,0,0,0,98,2588092,27222780,-90,-2573332,-74493048
21:20:28.674,0,-0.83,105,500,0,0,0,331,2583807,27234800,-49,-2539553,-74504544
21:20:28.679,0,-0.78,109,500,0,0,0,240,2555030,27249222,99,-2533030,-74518304
21:20:28.684,0,-0.69,109,500,0,0,0,558,2496070,27262810,312,-2589030,-74532528
21:20:28.689,0,-0.66,109,500,0,0,0,217,2539794,27274832,30,-2579657,-74546704
21:20:28.694,0,-0.66,109,500,0,0,0,132,2587011,27289684,-112,-2571909,-74558336
21:20:28.699,0,-0.69,105,500,0,0,0,307,2589020,27301916,-111,-2523897,-74571720
21:20:28.704,0,-0.67,105,500,0,0,0,253,2563002,27313966,38,-2504551,-74583112
21:20:28.709,0,-0.57,105,500,0,0,0,463,2514550,27325682,55,-2556495,-74595280
21:20:28.714,0,-0.51,105,500,0,0,0,340,2535253,27337554,-478,-2593458,-74607376
21:20:28.719,0,-0.48,104,500,0,0,0,167,2587436,27352240,-46,-2574936,-74621336
21:20:28.724,0,-0.49,104,500,0,0,0,336,2576696,27364400,380,-2516317,-74632672
21:20:28.729,0,-0.52,104,500,0,0,0,417,2552665,27376600,122,-2496657,-74646256
21:20:28.734,0,-0.54,104,500,0,0,0,410,2492150,27390000,-168,-2566632,-74658376
21:20:28.739,0,-0.6,105,500,0,0,0,282,2525773,27402046,-389,-2590410,-74672632
21:20:28.745,0,-0.66,105,500,0,0,0,-33,2596221,27417014,-85,-2568145,-74684304
21:20:28.750,0,-0.7,105,500,0,0,0,396,2599838,27429342,349,-2520003,-74697928
21:20:28.755,0,-0.69,105,500,0,0,0,379,2583605,27441556,260,-2491410,-74711296
21:20:28.760,0,-0.64,110,500,0,0,0,568,2496306,27455056,-304,-2554276,-74723328
21:20:28.765,0,-0.66,110,500,0,0,0,183,2507760,27466910,-143,-2594817,-74737664
21:20:28.770,0,-0.72,110,500,0,0,0,84,2565626,27481662,-85,-2574363,-74749392
21:20:28.775,0,-0.8,110,500,0,0,0,400,2575546,27493908,229,-2536283,-74762976
21:20:28.780,0,-0.84,105,500,0,0,0,251,2592470,27506460,149,-2505609,-74774408
21:20:28.785,0,-0.78,105,500,0,0,0,467,2517700,27519972,-260,-2565853,-74788624
21:20:28.790,0,-0.73,105,500,0,0,0,413,2511318,27531766,33,-2610824,-74800800
21:20:28.795,0,-0.74,105,500,0,0,0,205,2554827,27544048,-85,-2584746,-74814800
21:20:28.800,0,-0.76,106,500,0,0,0,421,2562263,27558634,235,-2540747,-74826184
21:20:28.805,0,-0.8,106,500,0,0,0,517,2571398,27570870,95,-2511394,-74839824
21:20:28.810,0,-0.75,106,500,0,0,0,83,2531906,27582696,-259,-2573700,-74854120
21:20:28.815,0,-0.67,106,500,0,0,0,294,2528497,27596432,-58,-2605560,-74866048
21:20:28.821,0,-0.62,105,500,0,0,0,2,2587122,27609256,49,-2580360,-74880032
21:20:28.826,0,-0.57,105,500,0,0,0,384,2592330,27623852,103,-2536015,-74891400
21:20:28.831,0,-0.48,105,500,0,0,0,484,2581490,27636232,-126,-2499204,-74904768
21:20:28.836,0,-0.46,109,500,0,0,0,305,2513603,27647520,-116,-2558391,-74916736
21:20:28.841,0,-0.51,109,500,0,0,0,175,2493184,27661312,-94,-2608917,-74931176
21:20:28.846,0,-0.58,109,500,0,0,0,-4,2579058,27676228,38,-2579565,-74947056
21:20:28.851,0,-0.65,109,500,0,0,0,401,2606182,27691136,248,-2524140,-74958464
21:20:28.856,0,-0.63,108,500,0,0,0,354,2589029,27703552,90,-2484802,-74971944
21:20:28.861,0,-0.6,108,500,0,0,0,378,2511220,27714950,-283,-2542584,-74984016
21:20:28.866,0,-0.63,108,500,0,0,0,358,2489176,27726406,47,-2590121,-74995944
21:20:28.871,0,-0.69,108,500,0,0,0,369,2550704,27738902,252,-2577818,-75007952
21:20:28.876,0,-0.75,106,500,0,0,0,265,2595824,27751408,284,-2551141,-75021688
21:20:28.881,0,-0.76,106,500,0,0,0,200,2600919,27766180,-115,-2522039,-75033336
21:20:28.886,0,-0.73,106,500,0,0,0,275,2537665,27777774,-202,-2539910,-75047184
21:20:28.891,0,-0.75,106,500,0,0,0,486,2492237,27789344,235,-2574464,-75058984
21:20:28.896,0,-0.8,105,500,0,0,0,270,2550286,27803836,133,-2565772,-75073056
21:20:28.902,0,-0.86,105,500,0,0,0,231,2572108,27816156,88,-2561844,-75084872
21:20:28.907,0,-0.85,105,500,0,0,0,431,2577606,27828518,-260,-2543899,-75098672
21:20:28.912,0,-0.77,105,500,0,0,0,38,2532400,27842378,-75,-2565677,-75110320
21:20:28.917,0,-0.72,106,500,0,0,0,358,2491055,27853976,183,-2602762,-75124704
21:20:28.922,0,-0.69,106,500,0,0,0,313,2553114,27866300,184,-2579632,-75138784
21:20:28.927,0,-0.68,106,500,0,0,0,329,2598874,27881244,106,-2559783,-75150528
21:20:28.932,0,-0.65,106,500,0,0,0,154,2605890,27893416,-311,-2527674,-75164032
21:20:28.937,0,-0.55,109,500,0,0,0,145,2548897,27907684,-264,-2528698,-75175592
21:20:28.942,0,-0.49,109,500,0,0,0,268,2491305,27919216,263,-2578165,-75189704
21:20:28.947,0,-0.48,109,500,0,0,0,418,2545441,27931296,-9,-2576957,-75201616
21:20:28.952,0,-0.48,109,500,0,0,0,286,2597477,27946420,-11,-2551856,-75215352
21:20:28.957,0,-0.49,109,500,0,0,0,178,2605157,27958764,83,-2519032,-75226760
21:20:28.962,0,-0.47,106,500,0,0,0,336,2540960,27970382,50,-2511517,-75240216
21:20:28.967,0,-0.5,106,500,0,0,0,523,2466633,27983906,144,-2562795,-75254440
21:20:28.972,0,-0.57,106,500,0,0,0,319,2520008,27996038,68,-2557158,-75266240
21:20:28.977,0,-0.64,106,500,0,0,0,9,2575280,28008624,-334,-2550131,-75278104
21:20:28.983,0,-0.68,103,500,0,0,0,374,2600978,28023260,-53,-2511115,-75291488
21:20:28.988,0,-0.64,103,500,0,0,0,313,2562710,28035448,185,-2489661,-75304968
21:20:28.993,0,-0.64,103,500,0,0,0,544,2473578,28048630,139,-2541372,-75316896
21:20:28.998,0,-0.71,103,500,0,0,0,365,2518584,28060706,-62,-2567363,-75331096
21:20:29.003,0,-0.8,104,500,0,0,0,156,2571152,28073092,-236,-2571890,-75342920
21:20:29.008,0,-0.89,104,500,0,0,0,225,2573466,28087482,-44,-2543907,-75356688
21:20:29.013,0,-0.87,104,500,0,0,0,306,2565395,28099794,248,-2506939,-75368048
21:20:29.018,0,-0.79,104,500,0,0,0,318,2511205,28111482,147,-2558458,-75382264
21:20:29.023,0,-0.75,106,500,0,0,0,520,2540472,28125756,-498,-2583672,-75394288
21:20:29.028,0,-0.7,106,500,0,0,0,42,2586788,28138196,23,-2571298,-75408080
21:20:29.033,0,-0.69,106,500,0,0,0,441,2556442,28150352,154,-2534276,-75419728
21:20:29.038,0,-0.67,106,500,0,0,0,332,2532256,28164482,124,-2504700,-75433168
21:20:29.043,0,-0.65,106,500,0,0,0,400,2485872,28175906,-9,-2553931,-75445320
21:20:29.049,0,-0.68,106,500,0,0,0,295,2529447,28190152,-514,-2581938,-75459544
21:20:29.054,0,-0.69,106,500,0,0,0,-99,2602008,28202934,0,-2563221,-75471208
21:20:29.059,0,-0.67,106,500,0,0,0,473,2594773,28215562,320,-2514896,-75484616
21:20:29.064,0,-0.6,103,500,0,0,0,336,2553558,28229596,177,-2484088,-75497944
21:20:29.069,0,-0.52,103,500,0,0,0,475,2486993,28240924,-342,-2552339,-75509984
21:20:29.074,0,-0.53,103,500,0,0,0,382,2504726,28252620,-260,-2600428,-75524216
21:20:29.079,0,-0.59,103,500,0,0,0,101,2586865,28267582,-106,-2580230,-75535960
21:20:29.084,0,-0.66,103,500,0,0,0,443,2595560,28280110,243,-2529344,-75549624
21:20:29.089,0,-0.67,103,500,0,0,0,265,2579179,28294750,244,-2484898,-75562912
21:20:29.094,0,-0.62,103,500,0,0,0,343,2508908,28306184,-265,-2543929,-75574864
21:20:29.099,0,-0.63,103,500,0,0,0,384,2507682,28317816,-205,-2590933,-75589192
21:20:29.104,0,-0.68,104,500,0,0,0,56,2564666,28332570,29,-2573130,-75601088
21:20:29.109,0,-0.75,104,500,0,0,0,512,2554568,28344646,164,-2552097,-75614848
21:20:29.114,0,-0.8,104,500,0,0,0,459,2569699,28356892,103,-2507638,-75626248
21:20:29.119,0,-0.77,104,500,0,0,0,208,2534209,28370974,-284,-2528318,-75640096
21:20:29.124,0,-0.76,105,500,0,0,0,277,2526507,28382848,-184,-2565881,-75652024
21:20:29.129,0,-0.76,105,500,0,0,0,138,2566353,28395344,211,-2565776,-75665856
21:20:29.135,0,-0.74,105,500,0,0,0,488,2566857,28409944,72,-2541958,-75677504
21:20:29.140,0,-0.72,105,500,0,0,0,400,2561353,28422066,-66,-2503828,-75691064
21:20:29.145,0,-0.65,105,500,0,0,0,386,2498550,28435668,-108,-2554760,-75702968
21:20:29.150,0,-0.63,105,500,0,0,0,328,2494877,28447232,-45,-2609179,-75717248
21:20:29.155,0,-0.68,105,500,0,0,0,349,2563926,28459824,187,-2592699,-75731352
21:20:29.160,0,-0.74,105,500,0,0,0,314,2595855,28474722,51,-2542013,-75742880
21:20:29.165,0,-0.77,106,500,0,0,0,193,2597956,28487058,-155,-2486874,-75756280
21:20:29.170,0,-0.7,106,500,0,0,0,243,2527844,28498746,-362,-2535790,-75767904
21:20:29.175,0,-0.63,106,500,0,0,0,391,2500510,28512248,-19,-2599712,-75782336
21:20:29.180,0,-0.6,106,500,0,0,0,222,2563465,28524808,209,-2587926,-75794056
21:20:29.185,0,-0.59,104,500,0,0,0,134,2606432,28537352,381,-2551690,-75807944
21:20:29.190,0,-0.6,104,500,0,0,0,385,2601713,28552258,-191,-2521329,-75819408
21:20:29.195,0,-0.57,104,500,0,0,0,87,2537893,28563672,-376,-2547407,-75833144
21:20:29.200,0,-0.55,104,500,0,0,0,370,2500104,28577468,203,-2595599,-75847328
21:20:29.205,0,-0.59,106,500,0,0,0,156,2551193,28589936,86,-2575409,-75859128
21:20:29.210,0,-0.65,106,500,0,0,0,257,2587072,28602536,203,-2547133,-75873016
21:20:29.215,0,-0.7,106,500,0,0,0,505,2596773,28617106,9,-2518269,-75884464
21:20:29.221,0,-0.67,106,500,0,0,0,154,2542054,28628760,-219,-2536564,-75898288
21:20:29.226,0,-0.64,108,500,0,0,0,376,2485735,28640096,221,-2566386,-75910216
21:20:29.231,0,-0.75,108,500,0,0,0,420,2548137,28654590,247,-2553241,-75924200
21:20:29.236,0,-0.83,108,500,0,0,0,449,2561754,28671284,101,-2533955,-75939912
21:20:29.241,0,-0.83,105,500,0,0,0,273,2567817,28685882,-116,-2509948,-75953424
21:20:29.246,0,-0.74,105,500,0,0,0,269,2530598,28697718,-209,-2558591,-75965504
21:20:29.251,0,-0.68,105,500,0,0,0,276,2522060,28709734,-125,-2603608,-75979704
21:20:29.256,0,-0.63,105,500,0,0,0,397,2569228,28722096,352,-2584179,-75991688
21:20:29.261,0,-0.61,105,500,0,0,0,178,2587607,28732378,-156,-2570532,-76001248
21:20:29.266,0,-0.61,105,500,0,0,0,241,2574688,28744492,-77,-2527723,-76012656
21:20:29.271,0,-0.6,105,500,0,0,0,158,2535306,28758556,100,-2525876,-76026376
21:20:29.276,0,-0.62,105,500,0,0,0,502,2501978,28770420,119,-2571869,-76040472
21:20:29.281,0,-0.64,102,500,0,0,0,315,2556023,28782728,59,-2575670,-76052416
21:20:29.286,0,-0.63,102,500,0,0,0,50,2610370,28795648,-199,-2562146,-76066376
21:20:29.291,0,-0.59,102,500,0,0,0,214,2608573,28810056,-35,-2529817,-76077840
21:20:29.296,0,-0.53,102,500,0,0,0,335,2551376,28821936,204,-2532531,-76091448
21:20:29.301,0,-0.56,107,500,0,0,0,585,2480799,28835546,25,-2580503,-76103728
21:20:29.307,0,-0.64,107,500,0,0,0,146,2535131,28847752,-33,-2586480,-76117952
21:20:29.312,0,-0.73,107,500,0,0,0,110,2593972,28860430,-263,-2581508,-76129616
21:20:29.317,0,-0.75,107,500,0,0,0,383,2619057,28875164,-154,-2523814,-76143168
21:20:29.322,0,-0.68,111,500,0,0,0,343,2579894,28887436,263,-2501012,-76154560
21:20:29.327,0,-0.66,111,500,0,0,0,585,2497344,28898760,140,-2572625,-76168944
21:20:29.332,0,-0.69,111,500,0,0,0,258,2526746,28912964,-250,-2596716,-76181024
21:20:29.337,0,-0.76,111,500,0,0,0,276,2565154,28925272,-170,-2580792,-76194840
21:20:29.342,0,-0.83,106,500,0,0,0,206,2564090,28939608,89,-2542043,-76206512
21:20:29.347,0,-0.79,106,500,0,0,0,299,2559300,28951734,151,-2505159,-76219904
21:20:29.352,0,-0.73,106,500,0,0,0,283,2518521,28963512,102,-2552957,-76234088
21:20:29.357,0,-0.68,106,500,0,0,0,465,2550785,28977690,-478,-2582056,-76246096
21:20:29.362,0,-0.62,106,500,0,0,0,71,2584649,28990240,49,-2576791,-76260112
21:20:29.367,0,-0.6,106,500,0,0,0,287,2578348,29004640,-10,-2530157,-76273576
21:20:29.372,0,-0.57,106,500,0,0,0,444,2547251,29016780,131,-2508348,-76285184
21:20:29.377,0,-0.59,106,500,0,0,0,551,2487990,29028152,169,-2579336,-76299424
21:20:29.382,0,-0.67,106,500,0,0,0,307,2525064,29042182,-436,-2610133,-76311760
21:20:29.387,0,-0.74,106,500,0,0,0,-82,2597342,29054938,-10,-2584099,-76325576
21:20:29.392,0,-0.78,106,500,0,0,0,372,2611248,29067376,116,-2521658,-76336912
21:20:29.397,0,-0.71,106,500,0,0,0,269,2595090,29079646,-12,-2486324,-76348392
21:20:29.403,0,-0.63,108,500,0,0,0,537,2502779,29093324,-25,-2561405,-76362480
21:20:29.408,0,-0.61,108,500,0,0,0,269,2508025,29104994,-315,-2614037,-76374896
21:20:29.413,0,-0.63,108,500,0,0,0,122,2582824,29119896,48,-2599880,-76388840
21:20:29.418,0,-0.67,108,500,0,0,0,306,2606438,29132688,266,-2539977,-76402344
21:20:29.423,0,-0.65,107,500,0,0,0,279,2597811,29145008,5,-2500835,-76413720
21:20:29.428,0,-0.63,107,500,0,0,0,368,2506137,29158544,-100,-2564897,-76427792
21:20:29.433,0,-0.66,107,500,0,0,0,371,2506726,29170180,-187,-2614812,-76440184
21:20:29.438,0,-0.71,107,500,0,0,0,220,2559164,29182672,-61,-2592232,-76454240
21:20:29.443,0,-0.77,105,500,0,0,0,326,2575783,29197200,343,-2546845,-76465608
21:20:29.448,0,-0.76,105,500,0,0,0,504,2583921,29209500,72,-2515417,-76479288
21:20:29.453,0,-0.7,105,500,0,0,0,171,2520399,29223232,-255,-2567659,-76491296
21:20:29.458,0,-0.68,105,500,0,0,0,318,2508999,29235000,-350,-2597522,-76505568
21:20:29.463,0,-0.69,106,500,0,0,0,15,2564391,29247362,72,-2573435,-76517280
21:20:29.468,0,-0.71,106,500,0,0,0,399,2586637,29262156,311,-2529859,-76531000
21:20:29.473,0,-0.69,106,500,0,0,0,373,2590942,29274638,9,-2501769,-76542424
21:20:29.478,0,-0.6,106,500,0,0,0,214,2527841,29286178,-485,-2551134,-76556304
21:20:29.483,0,-0.55,105,500,0,0,0,114,2499988,29299828,99,-2600581,-76568448
21:20:29.488,0,-0.55,105,500,0,0,0,226,2564365,29312394,109,-2587917,-76582568
21:20:29.494,0,-0.58,105,500,0,0,0,458,2593124,29325008,296,-2547549,-76594168
21:20:29.499,0,-0.62,105,500,0,0,0,204,2577039,29339408,14,-2509283,-76607752
21:20:29.504,0,-0.61,110,500,0,0,0,294,2517449,29350908,-452,-2540169,-76621680
21:20:29.509,0,-0.62,110,500,0,0,0,382,2485145,29364468,226,-2573912,-76633640
21:20:29.514,0,-0.64,110,500,0,0,0,409,2547401,29376948,133,-2558424,-76647432
21:20:29.519,0,-0.64,110,500,0,0,0,218,2591449,29389598,15,-2532196,-76659024
21:20:29.524,0,-0.6,106,500,0,0,0,372,2600703,29404208,-30,-2507009,-76672640
21:20:29.529,0,-0.53,106,500,0,0,0,145,2524733,29415680,-36,-2528447,-76684280
21:20:29.534,0,-0.54,106,500,0,0,0,460,2472028,29427118,107,-2577460,-76698376
21:20:29.539,0,-0.63,106,500,0,0,0,175,2542659,29441608,240,-2557969,-76710288
21:20:29.544,0,-0.73,102,500,0,0,0,413,2588181,29454076,45,-2536566,-76724120
21:20:29.549,0,-0.79,102,500,0,0,0,331,2604230,29466622,-114,-2518468,-76735616
21:20:29.554,0,-0.73,102,500,0,0,0,223,2543302,29480508,79,-2526749,-76749184
21:20:29.559,0,-0.68,102,500,0,0,0,346,2483007,29491988,181,-2579158,-76763296
21:20:29.564,0,-0.7,105,500,0,0,0,486,2539440,29506404,242,-2565028,-76777160
21:20:29.569,0,-0.76,105,500,0,0,0,257,2575215,29518774,106,-2552893,-76788904
21:20:29.574,0,-0.85,105,500,0,0,0,326,2575767,29533172,-252,-2525639,-76802416
21:20:29.580,0,-0.85,105,500,0,0,0,253,2545703,29545094,-147,-2533126,-76814200
21:20:29.585,0,-0.8,106,500,0,0,0,526,2504806,29556946,300,-2567634,-76828192
21:20:29.590,0,-0.75,106,500,0,0,0,300,2557329,29569080,-27,-2561166,-76839864
21:20:29.595,0,-0.68,106,500,0,0,0,69,2591120,29583918,-126,-2570304,-76851720
21:20:29.600,0,-0.64,106,500,0,0,0,369,2575301,29596014,109,-2533085,-76865216
21:20:29.605,0,-0.58,107,500,0,0,0,78,2514988,29612124,-159,-2534108,-76880968
21:20:29.610,0,-0.55,107,500,0,0,0,210,2475042,29623636,162,-2570964,-76892968
21:20:29.615,0,-0.59,107,500,0,0,0,278,2541429,29635922,264,-2565566,-76906888
21:20:29.620,0,-0.62,107,500,0,0,0,205,2596428,29648624,-160,-2552889,-76918616
21:20:29.625,0,-0.64,104,500,0,0,0,302,2601718,29661120,-4,-2522651,-76930056
21:20:29.625,0,-0.64,104,500,0,0,0,313,2553405,29673042,305,-2484839,-76941320
21:20:29.635,0,-0.52,104,500,0,0,0,425,2481661,29686676,19,-2548956,-76955536
21:20:29.640,0,-0.53,104,500,0,0,0,449,2531337,29698828,-187,-2585794,-76967784
21:20:29.640,0,-0.53,104,500,0,0,0,144,2588308,29711484,-252,-2574670,-76981768
21:20:29.645,0,-0.56,104,500,0,0,0,297,2587880,29726134,106,-2532625,-76993064
21:20:29.650,0,-0.62,104,500,0,0,0,308,2568268,29738250,194,-2476736,-77006408
21:20:29.655,0,-0.63,104,500,0,0,0,406,2503100,29749852,246,-2532830,-77020496
21:20:29.660,0,-0.59,104,500,0,0,0,501,2528734,29763876,-451,-2573189,-77032536
21:20:29.665,0,-0.62,106,500,0,0,0,14,2564290,29776160,-50,-2569934,-77046336
21:20:29.671,0,-0.69,106,500,0,0,0,503,2549634,29788342,309,-2535836,-77057848
21:20:29.676,0,-0.77,106,500,0,0,0,350,2542571,29802608,164,-2512286,-77071344
21:20:29.681,0,-0.82,106,500,0,0,0,510,2505575,29814156,-30,-2564752,-77083384
21:20:29.686,0,-0.77,105,500,0,0,0,211,2527411,29826146,-360,-2592512,-77097496
21:20:29.691,0,-0.77,105,500,0,0,0,-23,2593555,29841262,-42,-2571594,-77109200
21:20:29.696,0,-0.75,105,500,0,0,0,430,2575026,29853568,352,-2521387,-77122824
21:20:29.701,0,-0.73,105,500,0,0,0,321,2564351,29865524,159,-2487303,-77133992
21:20:29.706,0,-0.65,105,500,0,0,0,480,2503956,29879342,-387,-2552103,-77148160
21:20:29.711,0,-0.61,105,500,0,0,0,261,2520750,29891452,-276,-2606748,-77162624
21:20:29.716,0,-0.62,105,500,0,0,0,180,2582097,29904094,-107,-2590381,-77174272
21:20:29.721,0,-0.64,104,500,0,0,0,362,2589445,29918670,242,-2528423,-77187896
21:20:29.726,0,-0.65,104,500,0,0,0,297,2577001,29931032,95,-2492382,-77199232
21:20:29.731,0,-0.61,104,500,0,0,0,303,2504455,29944622,-314,-2555223,-77213568
21:20:29.736,0,-0.6,104,500,0,0,0,405,2507211,29956272,20,-2609613,-77225608
21:20:29.741,0,-0.64,104,500,0,0,0,162,2573811,29968894,-71,-2592475,-77239696
21:20:29.746,0,-0.7,104,500,0,0,0,279,2608295,29981594,261,-2545882,-77251248
21:20:29.751,0,-0.73,104,500,0,0,0,410,2597868,29996178,76,-2497372,-77264728
21:20:29.762,0,-0.65,104,500,0,0,0,419,2493510,30011958,-82,-2566334,-77281016
21:20:29.767,0,-0.69,106,500,0,0,0,372,2517854,30023590,-155,-2614631,-77293248
21:20:29.772,0,-0.76,106,500,0,0,0,-43,2574359,30036170,-93,-2593482,-77306944
21:20:29.777,0,-0.82,106,500,0,0,0,389,2582281,30050858,114,-2543472,-77318464
21:20:29.777,0,-0.82,106,500,0,0,0,441,2593208,30061130,-19,-2512325,-77329928
21:20:29.782,0,-0.76,106,500,0,0,0,143,2546518,30072834,-232,-2564498,-77341888
21:20:29.787,0,-0.64,110,500,0,0,0,326,2510969,30084528,-88,-2613252,-77356168
21:20:29.792,0,-0.57,110,500,0,0,0,159,2563029,30099076,239,-2579109,-77368064
21:20:29.797,0,-0.52,110,500,0,0,0,454,2577901,30111554,137,-2535001,-77381664
21:20:29.802,0,-0.54,110,500,0,0,0,294,2568600,30125758,-188,-2508792,-77393264
21:20:29.807,0,-0.55,105,500,0,0,0,335,2529478,30137558,-175,-2545488,-77407072
21:20:29.812,0,-0.53,105,500,0,0,0,270,2508334,30149300,16,-2572300,-77419168
21:20:29.817,0,-0.53,105,500,0,0,0,339,2570366,30164096,260,-2551373,-77433096
21:20:29.822,0,-0.54,105,500,0,0,0,270,2588791,30176640,62,-2530922,-77444688
21:20:29.827,0,-0.54,104,500,0,0,0,264,2582916,30188664,-241,-2499601,-77458032
21:20:29.832,0,-0.53,104,500,0,0,0,218,2515389,30202344,-10,-2533035,-77469744
21:20:29.837,0,-0.52,104,500,0,0,0,622,2485292,30213942,239,-2580042,-77483872
21:20:29.843,0,-0.6,104,500,0,0,0,256,2550431,30226446,179,-2565001,-77497904
21:20:29.848,0,-0.69,103,500,0,0,0,201,2594304,30241340,177,-2549175,-77509608
21:20:29.853,0,-0.77,103,500,0,0,0,348,2606627,30253556,-70,-2514601,-77523024
21:20:29.858,0,-0.79,103,500,0,0,0,134,2541376,30267564,-73,-2526236,-77534600
21:20:29.863,0,-0.73,103,500,0,0,0,443,2487724,30279080,339,-2578183,-77548736
21:20:29.868,0,-0.74,107,500,0,0,0,273,2536282,30291280,36,-2577061,-77560648
21:20:29.873,0,-0.78,107,500,0,0,0,398,2568474,30305982,-66,-2574368,-77574752
21:20:29.878,0,-0.84,107,500,0,0,0,339,2587045,30318448,14,-2545553,-77586136
21:20:29.883,0,-0.86,107,500,0,0,0,195,2569541,30330398,-54,-2528798,-77599808
21:20:29.888,0,-0.78,106,500,0,0,0,245,2509988,30344230,225,-2568189,-77611808
21:20:29.893,0,-0.73,106,500,0,0,0,439,2547945,30356614,8,-2586460,-77626104
21:20:29.898,0,-0.7,106,500,0,0,0,179,2579709,30368786,-176,-2587070,-77638200
21:20:29.903,0,-0.7,106,500,0,0,0,73,2581659,30383388,-39,-2537878,-77651672
21:20:29.908,0,-0.7,106,500,0,0,0,272,2545692,30395316,-26,-2528399,-77663208
21:20:29.913,0,-0.64,106,500,0,0,0,458,2496572,30407098,258,-2587629,-77677640
21:20:29.919,0,-0.61,106,500,0,0,0,389,2556357,30421414,21,-2589882,-77691712
21:20:29.924,0,-0.6,106,500,0,0,0,81,2612154,30434182,-164,-2577120,-77703512
21:20:29.929,0,-0.59,105,500,0,0,0,142,2612052,30446712,54,-2520963,-77717040
21:20:29.934,0,-0.57,105,500,0,0,0,264,2561532,30460930,82,-2502958,-77728432
21:20:29.939,0,-0.49,105,500,0,0,0,517,2492873,30472446,108,-2575176,-77742648
21:20:29.944,0,-0.44,105,500,0,0,0,347,2527026,30484674,-132,-2598695,-77754752
21:20:29.949,0,-0.45,106,500,0,0,0,27,2591748,30499262,-308,-2573717,-77768880
21:20:29.954,0,-0.49,106,500,0,0,0,321,2601534,30511784,315,-2519066,-77780048
21:20:29.959,0,-0.56,106,500,0,0,0,292,2554489,30525970,255,-2498633,-77793608
21:20:29.964,0,-0.58,106,500,0,0,0,566,2487130,30537302,-61,-2559896,-77805840
21:20:29.969,0,-0.6,106,500,0,0,0,249,2514171,30549108,-137,-2596098,-77820040
21:20:29.974,0,-0.67,106,500,0,0,0,159,2582388,30563986,-372,-2581168,-77833880
21:20:29.979,0,-0.73,106,500,0,0,0,314,2600180,30576528,142,-2536916,-77845352
21:20:29.984,0,-0.78,106,500,0,0,0,338,2580123,30588708,300,-2500309,-77858872
21:20:29.989,0,-0.75,107,500,0,0,0,469,2490970,30602354,5,-2552216,-77870872
21:20:29.994,0,-0.71,107,500,0,0,0,474,2516562,30614154,-194,-2585119,-77884984
21:20:29.999,0,-0.74,107,500,0,0,0,33,2581959,30628842,-90,-2575152,-77896744
21:20:30.005,0,-0.79,107,500,0,0,0,324,2575628,30641176,77,-2535025,-77910440
21:20:30.010,0,-0.86,104,500,0,0,0,356,2564295,30653302,123,-2509919,-77921904
21:20:30.015,0,-0.83,104,500,0,0,0,348,2496488,30667058,-45,-2582832,-77936144
21:20:30.020,0,-0.73,104,500,0,0,0,336,2522100,30679042,-211,-2628426,-77948416
21:20:30.025,0,-0.66,104,500,0,0,0,111,2588031,30691560,-58,-2603312,-77962520
21:20:30.030,0,-0.62,105,500,0,0,0,315,2597428,30706334,133,-2540706,-77973952
21:20:30.035,0,-0.63,105,500,0,0,0,288,2580227,30718528,208,-2509306,-77987608
21:20:30.040,0,-0.63,105,500,0,0,0,236,2522003,30730226,-125,-2563628,-78001664
21:20:30.045,0,-0.58,105,500,0,0,0,306,2528032,30744484,-216,-2599081,-78013944
21:20:30.050,0,-0.56,107,500,0,0,0,-70,2590571,30757000,-27,-2570025,-78027664
21:20:30.055,0,-0.55,107,500,0,0,0,387,2597996,30769538,98,-2516110,-78039184
21:20:30.060,0,-0.53,107,500,0,0,0,392,2568523,30784064,41,-2484166,-78052512
21:20:30.065,0,-0.5,107,500,0,0,0,347,2491569,30795538,-166,-2545802,-78064464
21:20:30.070,0,-0.47,108,500,0,0,0,191,2486467,30807056,-271,-2591694,-78078792
21:20:30.075,0,-0.51,108,500,0,0,0,110,2562979,30821856,164,-2562844,-78090256
21:20:30.080,0,-0.62,108,500,0,0,0,527,2581541,30834354,377,-2527380,-78103992
21:20:30.085,0,-0.73,108,500,0,0,0,253,2603937,30846812,-67,-2499007,-78115216
21:20:30.091,0,-0.79,104,500,0,0,0,375,2523900,30860512,-381,-2543149,-78129208
21:20:30.096,0,-0.75,104,500,0,0,0,333,2494058,30872132,-21,-2590858,-78143344
21:20:30.101,0,-0.75,104,500,0,0,0,287,2550019,30886624,76,-2569594,-78155064
21:20:30.106,0,-0.86,104,500,0,0,0,296,2553296,30898768,306,-2552086,-78169008
21:20:30.111,0,-0.94,104,500,0,0,0,466,2577625,30911234,-43,-2531308,-78180616
21:20:30.116,0,-0.89,104,500,0,0,0,-48,2548087,30925236,-449,-2557153,-78194616
21:20:30.121,0,-0.81,104,500,0,0,0,398,2529979,30939420,-49,-2586810,-78208648
21:20:30.126,0,-0.73,103,500,0,0,0,155,2574244,30951948,155,-2561131,-78220320
21:20:30.131,0,-0.62,103,500,0,0,0,235,2569631,30964312,227,-2534633,-78234136
21:20:30.136,0,-0.56,103,500,0,0,0,477,2554671,30976176,96,-2521511,-78245704
21:20:30.141,0,-0.5,103,500,0,0,0,280,2508428,30987688,-179,-2546390,-78257448
21:20:30.146,0,-0.5,109,500,0,0,0,270,2477560,31001380,146,-2579059,-78271480
21:20:30.151,0,-0.56,109,500,0,0,0,367,2553260,31013940,197,-2557018,-78283208
21:20:30.156,0,-0.61,109,500,0,0,0,307,2609737,31026736,-9,-2533714,-78297024
21:20:30.161,0,-0.6,109,500,0,0,0,355,2603700,31041472,-254,-2498523,-78310552
21:20:30.166,0,-0.52,104,500,0,0,0,269,2529590,31052982,-7,-2503090,-78321992
21:20:30.171,0,-0.44,104,500,0,0,0,453,2479075,31066450,198,-2559612,-78336016
21:20:30.177,0,-0.45,104,500,0,0,0,388,2543508,31078908,78,-2559816,-78348032
21:20:30.182,0,-0.51,104,500,0,0,0,156,2593256,31091578,175,-2545434,-78361776
21:20:30.187,0,-0.61,104,500,0,0,0,275,2599651,31106140,-62,-2513829,-78373184
21:20:30.192,0,-0.66,104,500,0,0,0,279,2549771,31118020,-145,-2509233,-78386784
21:20:30.197,0,-0.67,104,500,0,0,0,579,2484795,31129504,374,-2552382,-78398712
21:20:30.202,0,-0.73,104,500,0,0,0,204,2541798,31143758,65,-2561855,-78412840
21:20:30.207,0,-0.8,105,500,0,0,0,257,2564460,31156178,-176,-2576105,-78424584
21:20:30.212,0,-0.89,105,500,0,0,0,327,2558546,31168222,23,-2554619,-78438440
21:20:30.217,0,-0.93,105,500,0,0,0,245,2548822,31182318,-23,-2514733,-78449808
21:20:30.222,0,-0.9,105,500,0,0,0,289,2503527,31194164,263,-2548336,-78463896
21:20:30.227,0,-0.9,107,500,0,0,0,268,2559537,31208674,29,-2560908,-78477856
21:20:30.232,0,-0.89,107,500,0,0,0,220,2592344,31221272,-257,-2571048,-78489712
21:20:30.237,0,-0.86,107,500,0,0,0,292,2580101,31233418,50,-2531752,-78503208
21:20:30.242,0,-0.78,107,500,0,0,0,250,2543770,31247566,147,-2509298,-78514616
21:20:30.247,0,-0.64,107,500,0,0,0,244,2484976,31259084,131,-2581851,-78529024
21:20:30.252,0,-0.58,107,500,0,0,0,466,2530819,31271042,-296,-2618394,-78541440
21:20:30.257,0,-0.59,107,500,0,0,0,106,2610033,31286130,-98,-2597950,-78555568
21:20:30.262,0,-0.63,107,500,0,0,0,167,2614404,31298684,168,-2526852,-78566880
21:20:30.268,0,-0.66,106,500,0,0,0,424,2568494,31310698,139,-2494530,-78580352
21:20:30.273,0,-0.61,106,500,0,0,0,448,2493899,31324218,-119,-2556107,-78592392
21:20:30.283,0,-0.58,106,500,0,0,0,342,2541848,31338748,119,-2582395,-78608568
21:20:30.288,0,-0.59,103,500,0,0,0,48,2599216,31351454,-328,-2574953,-78620392
21:20:30.288,0,-0.59,103,500,0,0,0,181,2611404,31366110,17,-2520612,-78633920
21:20:30.293,0,-0.6,103,500,0,0,0,374,2555994,31378014,302,-2504575,-78645512
21:20:30.298,0,-0.57,103,500,0,0,0,515,2502094,31387442,-124,-2566739,-78657432
21:20:30.303,0,-0.6,103,500,0,0,0,242,2529698,31401646,-143,-2595693,-78671760
21:20:30.308,0,-0.67,105,500,0,0,0,-46,2577735,31414216,-123,-2578209,-78683336
21:20:30.313,0,-0.75,105,500,0,0,0,472,2577529,31426606,97,-2527476,-78696960
21:20:30.318,0,-0.8,105,500,0,0,0,381,2574512,31440908,193,-2495895,-78708328
21:20:30.323,0,-0.74,105,500,0,0,0,540,2508957,31452352,-10,-2562851,-78722608
21:20:30.328,0,-0.7,108,500,0,0,0,301,2530138,31466510,-281,-2602482,-78734744
21:20:30.333,0,-0.72,108,500,0,0,0,131,2577329,31478904,-17,-2576408,-78748496
21:20:30.338,0,-0.77,108,500,0,0,0,340,2559323,31491140,202,-2538249,-78759864
21:20:30.343,0,-0.85,108,500,0,0,0,425,2562060,31505708,29,-2507462,-78773488
21:20:30.348,0,-0.83,106,500,0,0,0,229,2534332,31517434,-204,-2562208,-78785512
21:20:30.353,0,-0.75,106,500,0,0,0,352,2536657,31529566,-376,-2608108,-78799904
21:20:30.359,0,-0.68,106,500,0,0,0,224,2585170,31544394,77,-2599355,-78814032
21:20:30.364,0,-0.62,106,500,0,0,0,281,2578191,31556774,194,-2544404,-78825360
21:20:30.369,0,-0.58,106,500,0,0,0,408,2572295,31569130,-96,-2505304,-78838936
21:20:30.374,0,-0.54,106,500,0,0,0,142,2509609,31582958,-146,-2570521,-78851032
21:20:30.379,0,-0.51,106,500,0,0,0,381,2520320,31594870,-340,-2610593,-78865248
21:20:30.384,0,-0.53,106,500,0,0,0,229,2584740,31607532,184,-2576252,-78876928
21:20:30.389,0,-0.57,104,500,0,0,0,324,2606777,31622438,225,-2531655,-78890488
21:20:30.394,0,-0.58,104,500,0,0,0,287,2596874,31634736,-158,-2509791,-78901960
21:20:30.399,0,-0.54,104,500,0,0,0,196,2532668,31646460,-220,-2562406,-78916104
21:20:30.405,0,-0.49,104,500,0,0,0,385,2515014,31660386,-33,-2598511,-78928192
21:20:30.410,0,-0.51,108,500,0,0,0,139,2557827,31672670,165,-2579071,-78942232
21:20:30.415,0,-0.57,108,500,0,0,0,335,2582111,31685194,306,-2550669,-78953888
21:20:30.420,0,-0.65,108,500,0,0,0,375,2608103,31700090,-154,-2494746,-78967504
21:20:30.425,0,-0.67,108,500,0,0,0,222,2545794,31711738,-203,-2535999,-78979264
21:20:30.430,0,-0.63,106,500,0,0,0,421,2500027,31723322,112,-2589614,-78993600
21:20:30.435,0,-0.64,106,500,0,0,0,290,2539722,31737526,123,-2571896,-79007432
21:20:30.440,0,-0.67,106,500,0,0,0,469,2548435,31749666,381,-2544372,-79019248
21:20:30.445,0,-0.75,106,500,0,0,0,328,2562217,31764066,-136,-2515484,-79032728
21:20:30.450,0,-0.81,107,500,0,0,0,227,2533540,31775780,-371,-2547034,-79044512
21:20:30.455,0,-0.78,107,500,0,0,0,367,2510915,31787534,215,-2579897,-79058544
21:20:30.460,0,-0.74,107,500,0,0,0,347,2575989,31802544,95,-2560060,-79070272
21:20:30.465,0,-0.7,107,500,0,0,0,321,2590017,31815074,137,-2545280,-79084024
21:20:30.470,0,-0.65,106,500,0,0,0,239,2587383,31827122,-50,-2512718,-79097464
21:20:30.475,0,-0.61,106,500,0,0,0,237,2529925,31841094,-159,-2546335,-79109240
21:20:30.480,0,-0.54,106,500,0,0,0,502,2492249,31852698,152,-2602741,-79123496
21:20:30.485,0,-0.54,106,500,0,0,0,389,2549502,31864996,272,-2590319,-79135408
21:20:30.490,0,-0.61,105,500,0,0,0,179,2599949,31879954,28,-2555659,-79149152
21:20:30.495,0,-0.68,105,500,0,0,0,292,2608655,31892334,-182,-2511786,-79160496
21:20:30.501,0,-0.73,105,500,0,0,0,128,2535496,31906112,-26,-2533278,-79174136
21:20:30.506,0,-0.7,105,500,0,0,0,468,2491578,31917690,118,-2584466,-79186256
21:20:30.511,0,-0.68,106,500,0,0,0,190,2547088,31929964,298,-2598179,-79200424
21:20:30.516,0,-0.71,106,500,0,0,0,-25,2605606,31944962,24,-2572248,-79214272
21:20:30.521,0,-0.72,106,500,0,0,0,395,2627288,31957660,-188,-2531661,-79225720
21:20:30.526,0,-0.65,108,500,0,0,0,204,2564033,31969394,-130,-2540423,-79239344
21:20:30.531,0,-0.61,108,500,0,0,0,393,2489307,31983020,141,-2583383,-79251416
21:20:30.536,0,-0.64,108,500,0,0,0,280,2540050,31995074,209,-2584303,-79265472
21:20:30.541,0,-0.7,108,500,0,0,0,240,2581516,32007642,-125,-2582124,-79277360
21:20:30.546,0,-0.78,107,500,0,0,0,300,2592678,32022340,-303,-2544526,-79290912
21:20:30.551,0,-0.75,107,500,0,0,0,248,2558793,32034338,94,-2532328,-79302456
21:20:30.556,0,-0.69,107,500,0,0,0,415,2494340,32045888,303,-2585897,-79316672
21:20:30.561,0,-0.66,107,500,0,0,0,412,2546437,32060298,59,-2580608,-79330856
21:20:30.566,0,-0.65,107,500,0,0,0,166,2594656,32072786,-27,-2567326,-79342456
21:20:30.571,0,-0.67,106,500,0,0,0,121,2597488,32085244,-109,-2521204,-79356024
21:20:30.576,0,-0.65,106,500,0,0,0,274,2553027,32099426,-76,-2507635,-79367448
21:20:30.581,0,-0.59,106,500,0,0,0,219,2497835,32111032,289,-2571882,-79381776
21:20:30.587,0,-0.58,106,500,0,0,0,412,2548823,32125266,-238,-2592870,-79393840
21:20:30.592,0,-0.58,105,500,0,0,0,67,2607239,32138024,19,-2575242,-79407856
21:20:30.597,0,-0.61,105,500,0,0,0,182,2597563,32150270,120,-2528275,-79419264
21:20:30.602,0,-0.61,105,500,0,0,0,197,2533355,32164296,-30,-2512505,-79432896
21:20:30.607,0,-0.61,105,500,0,0,0,523,2477546,32175944,111,-2569402,-79444984
21:20:30.612,0,-0.65,106,500,0,0,0,301,2517086,32187978,-175,-2593444,-79459120
21:20:30.617,0,-0.7,106,500,0,0,0,39,2589019,32202910,-200,-2583523,-79470928
21:20:30.622,0,-0.73,106,500,0,0,0,358,2613055,32215358,178,-2531505,-79484544
21:20:30.627,0,-0.68,106,500,0,0,0,316,2583783,32227522,131,-2495428,-79495888
21:20:30.632,0,-0.59,109,500,0,0,0,605,2491287,32241144,154,-2564038,-79510360
21:20:30.637,0,-0.58,109,500,0,0,0,292,2517875,32253122,-198,-2590946,-79524504
21:20:30.642,0,-0.62,109,500,0,0,0,139,2581415,32267808,-194,-2581513,-79536296
21:20:30.647,0,-0.71,109,500,0,0,0,237,2594258,32280122,179,-2537272,-79549800
21:20:30.652,0,-0.74,103,500,0,0,0,325,2588526,32292400,201,-2494878,-79561128
21:20:30.657,0,-0.68,103,500,0,0,0,459,2512640,32306232,-48,-2550563,-79575288
21:20:30.662,0,-0.64,103,500,0,0,0,495,2524042,32318170,-280,-2596011,-79587424
21:20:30.673,0,-0.67,106,500,0,0,0,176,2574401,32334818,-201,-2563883,-79605616
21:20:30.678,0,-0.72,106,500,0,0,0,130,2573043,32349364,-107,-2530261,-79617080
21:20:30.683,0,-0.72,106,500,0,0,0,271,2534191,32361042,182,-2518780,-79630576
21:20:30.688,0,-0.71,106,500,0,0,0,553,2485583,32372624,76,-2552183,-79642504
21:20:30.693,0,-0.7,103,500,0,0,0,251,2542524,32386846,-52,-2560570,-79656576
21:20:30.693,0,-0.7,103,500,0,0,0,6,2585269,32395150,35,-2556027,-79664032
21:20:30.698,0,-0.69,103,500,0,0,0,458,2583252,32407586,134,-2516461,-79677680
21:20:30.703,0,-0.66,103,500,0,0,0,307,2560193,32421712,-71,-2486398,-79689024
21:20:30.708,0,-0.6,103,500,0,0,0,288,2502247,32433156,-216,-2536531,-79703024
21:20:30.713,0,-0.57,107,500,0,0,0,374,2498139,32447032,-341,-2589520,-79717192
21:20:30.718,0,-0.61,107,500,0,0,0,228,2564129,32459438,193,-2575603,-79728952
21:20:30.723,0,-0.65,107,500,0,0,0,361,2582223,32472120,226,-2532269,-79742680
21:20:30.728,0,-0.7,107,500,0,0,0,360,2576307,32486566,-95,-2500127,-79754080
21:20:30.733,0,-0.68,105,500,0,0,0,167,2512038,32498030,-385,-2540360,-79767872
21:20:30.738,0,-0.67,105,500,0,0,0,351,2504172,32511932,-20,-2588886,-79780136
21:20:30.743,0,-0.71,105,500,0,0,0,73,2572012,32524552,87,-2577651,-79794008
21:20:30.748,0,-0.74,105,500,0,0,0,301,2585403,32537060,338,-2564013,-79805784
21:20:30.753,0,-0.76,104,500,0,0,0,440,2594066,32549538,-32,-2525829,-79819504
21:20:30.758,0,-0.71,104,500,0,0,0,151,2543844,32563452,-437,-2537168,-79833168
21:20:30.764,0,-0.63,104,500,0,0,0,343,2510518,32575140,160,-2568795,-79845072
21:20:30.769,0,-0.64,104,500,0,0,0,98,2568859,32590088,44,-2552363,-79858816
21:20:30.774,0,-0.68,105,500,0,0,0,375,2569319,32602466,182,-2543166,-79870536
21:20:30.779,0,-0.71,105,500,0,0,0,448,2570962,32614630,-40,-2515851,-79884032
21:20:30.784,0,-0.7,105,500,0,0,0,223,2520053,32628400,-209,-2541915,-79895744
21:20:30.789,0,-0.63,105,500,0,0,0,294,2495163,32639886,106,-2590676,-79909920
21:20:30.794,0,-0.61,107,500,0,0,0,368,2555628,32652402,261,-2572108,-79923784
21:20:30.799,0,-0.62,107,500,0,0,0,479,2581480,32667350,164,-2538451,-79937440
21:20:30.804,0,-0.65,107,500,0,0,0,269,2581951,32679558,-264,-2503480,-79948984
21:20:30.809,0,-0.67,107,500,0,0,0,330,2528804,32693544,24,-2517864,-79960544
21:20:30.814,0,-0.61,107,500,0,0,0,92,2501579,32705234,68,-2567875,-79974616
21:20:30.819,0,-0.6,107,500,0,0,0,496,2557213,32717906,277,-2561266,-79986592
21:20:30.824,0,-0.6,107,500,0,0,0,318,2593626,32730366,98,-2543981,-80000488
21:20:30.829,0,-0.6,107,500,0,0,0,242,2585905,32744802,-140,-2520802,-80011952
21:20:30.834,0,-0.6,104,500,0,0,0,356,2528163,32756538,-12,-2532656,-80025728
21:20:30.839,0,-0.57,104,500,0,0,0,519,2483516,32767918,142,-2576995,-80037768
21:20:30.844,0,-0.63,104,500,0,0,0,337,2553551,32782622,148,-2584988,-80051840
21:20:30.850,0,-0.72,104,500,0,0,0,120,2604125,32795166,-46,-2574504,-80063656
21:20:30.855,0,-0.79,104,500,0,0,0,266,2615353,32807756,-77,-2523443,-80077064
21:20:30.860,0,-0.8,104,500,0,0,0,307,2556874,32821914,142,-2513808,-80088528
21:20:30.865,0,-0.72,104,500,0,0,0,612,2482043,32833338,335,-2581534,-80102928
21:20:30.870,0,-0.69,104,500,0,0,0,285,2529052,32845474,84,-2589598,-80117208
21:20:30.875,0,-0.74,105,500,0,0,0,147,2582086,32859974,-170,-2584407,-80128912
21:20:30.880,0,-0.83,105,500,0,0,0,330,2592842,32872434,-200,-2541204,-80142592
21:20:30.885,0,-0.9,105,500,0,0,0,98,2574150,32886832,-66,-2519288,-80153872
21:20:30.890,0,-0.83,105,500,0,0,0,499,2515135,32898500,261,-2577097,-80168392
21:20:30.895,0,-0.7,109,500,0,0,0,227,2547231,32910834,-227,-2595853,-80180288
21:20:30.900,0,-0.6,109,500,0,0,0,118,2583085,32923190,1,-2578145,-80194320
21:20:30.905,0,-0.53,109,500,0,0,0,321,2571185,32937716,145,-2530327,-80205712
21:20:30.910,0,-0.54,109,500,0,0,0,365,2537465,32949608,20,-2523616,-80219424
21:20:30.915,0,-0.54,108,500,0,0,0,299,2492804,32963398,150,-2572408,-80231488
21:20:30.920,0,-0.56,108,500,0,0,0,323,2545642,32975806,-268,-2584277,-80245536
21:20:30.925,0,-0.59,108,500,0,0,0,155,2605852,32988564,-96,-2567959,-80257432
21:20:30.931,0,-0.61,108,500,0,0,0,296,2600385,33000856,162,-2507168,-80270888
21:20:30.936,0,-0.6,105,500,0,0,0,300,2560621,33015278,165,-2484193,-80282216
21:20:30.941,0,-0.53,105,500,0,0,0,355,2497059,33026686,-22,-2564090,-80296400
21:20:30.946,0,-0.53,105,500,0,0,0,481,2534215,33040940,-387,-2602990,-80308720
21:20:30.951,0,-0.6,104,500,0,0,0,99,2581641,33053518,-209,-2584674,-80322744
21:20:30.956,0,-0.69,104,500,0,0,0,333,2593990,33066022,325,-2520653,-80334072
21:20:30.961,0,-0.71,104,500,0,0,0,350,2574016,33080442,189,-2480787,-80347496
21:20:30.966,0,-0.69,104,500,0,0,0,412,2502667,33091844,-15,-2557883,-80361808
21:20:30.971,0,-0.72,107,500,0,0,0,230,2516737,33103588,-220,-2597495,-80373752
21:20:30.976,0,-0.76,107,500,0,0,0,-9,2565447,33118304,-273,-2584994,-80387776
21:20:30.981,0,-0.83,107,500,0,0,0,538,2554344,33130522,294,-2552671,-80399216
21:20:30.986,0,-0.84,107,500,0,0,0,292,2573528,33142812,253,-2509213,-80412824
21:20:30.991,0,-0.79,106,500,0,0,0,457,2526545,33156820,-345,-2548011,-80424704
21:20:30.996,0,-0.76,106,500,0,0,0,260,2538391,33171014,-240,-2593244,-80439032
21:20:31.001,0,-0.74,106,500,0,0,0,-22,2576877,33183372,-140,-2586437,-80452920
21:20:31.006,0,-0.71,106,500,0,0,0,411,2568203,33195678,125,-2536433,-80464400
21:20:31.011,0,-0.68,107,500,0,0,0,241,2569920,33207886,147,-2501246,-80477784
21:20:31.017,0,-0.6,107,500,0,0,0,371,2508571,33221732,-291,-2575038,-80489936
21:20:31.022,0,-0.58,107,500,0,0,0,297,2522253,33233492,-257,-2620569,-80504248
21:20:31.027,0,-0.6,107,500,0,0,0,232,2585407,33245982,64,-2594371,-80516048
21:20:31.032,0,-0.62,108,500,0,0,0,338,2605865,33261054,143,-2534003,-80529544
21:20:31.037,0,-0.62,108,500,0,0,0,280,2584934,33275700,63,-2492116,-80544848
21:20:31.042,0,-0.55,108,500,0,0,0,365,2515729,33287164,-14,-2560680,-80557112
21:20:31.047,0,-0.53,108,500,0,0,0,342,2529837,33301294,-415,-2609934,-80569304
21:20:31.052,0,-0.53,107,500,0,0,0,121,2587246,33314110,43,-2590565,-80583344
21:20:31.057,0,-0.56,107,500,0,0,0,348,2592947,33324182,145,-2549666,-80592696
21:20:31.062,0,-0.59,107,500,0,0,0,299,2586821,33338862,-167,-2507076,-80606264
21:20:31.067,0,-0.57,107,500,0,0,0,211,2520451,33350186,-183,-2557365,-80620376
21:20:31.072,0,-0.6,106,500,0,0,0,258,2501125,33362550,-117,-2600243,-80632504
21:20:31.077,0,-0.67,106,500,0,0,0,397,2555008,33375048,192,-2583760,-80646560
21:20:31.082,0,-0.73,106,500,0,0,0,336,2582051,33389820,247,-2551711,-80658024
21:20:31.087,0,-0.77,106,500,0,0,0,292,2596413,33402354,-164,-2505768,-80671744
21:20:31.092,0,-0.71,108,500,0,0,0,304,2535817,33413958,-79,-2551424,-80683592
21:20:31.097,0,-0.69,108,500,0,0,0,424,2493091,33427518,109,-2586210,-80696120
21:20:31.103,0,-0.72,108,500,0,0,0,276,2554080,33440034,306,-2561815,-80710072
21:20:31.108,0,-0.78,108,500,0,0,0,122,2583381,33452590,186,-2535198,-80723728
21:20:31.113,0,-0.85,104,500,0,0,0,482,2590482,33467108,-364,-2521180,-80735280
21:20:31.118,0,-0.79,104,500,0,0,0,71,2547082,33478994,-129,-2567314,-80749224
21:20:31.123,0,-0.7,104,500,0,0,0,420,2509072,33492848,94,-2612526,-80761416
21:20:31.128,0,-0.63,104,500,0,0,0,291,2570392,33505434,277,-2607420,-80775520
21:20:31.133,0,-0.59,106,500,0,0,0,154,2599080,33517890,73,-2578458,-80787312
21:20:31.138,0,-0.6,106,500,0,0,0,434,2591711,33532380,-377,-2533812,-80800800
21:20:31.143,0,-0.6,106,500,0,0,0,88,2525819,33544058,-127,-2562196,-80814656
21:20:31.148,0,-0.59,106,500,0,0,0,350,2490514,33555668,50,-2588361,-80826672
21:20:31.153,0,-0.6,105,500,0,0,0,147,2563930,33570448,192,-2568175,-80840536
21:20:31.158,0,-0.6,105,500,0,0,0,334,2612222,33583040,75,-2547396,-80852208
21:20:31.163,0,-0.57,105,500,0,0,0,295,2616594,33595612,-137,-2513629,-80865632
21:20:31.168,0,-0.5,105,500,0,0,0,169,2538224,33609572,-176,-2517493,-80877144
21:20:31.173,0,-0.45,110,500,0,0,0,304,2481377,33620880,263,-2571549,-80891256
21:20:31.178,0,-0.49,110,500,0,0,0,422,2535559,33633252,97,-2572731,-80903152
21:20:31.183,0,-0.59,110,500,0,0,0,457,2581433,33648064,-84,-2555928,-80916928
21:20:31.194,0,-0.75,105,500,0,0,0,353,2537662,33676908,-173,-2536115,-80946128
21:20:31.199,0,-0.74,105,500,0,0,0,366,2489202,33688280,75,-2574414,-80958280
21:20:31.204,0,-0.77,105,500,0,0,0,470,2539064,33702692,352,-2562684,-80972120
21:20:31.209,0,-0.82,105,500,0,0,0,243,2552371,33715044,83,-2561545,-80984120
21:20:31.214,0,-0.9,106,500,0,0,0,406,2560408,33724960,-20,-2554566,-80993784
21:20:31.219,0,-0.95,106,500,0,0,0,161,2550794,33737020,-17,-2543016,-81007416
21:20:31.224,0,-0.9,106,500,0,0,0,428,2512963,33748956,76,-2566418,-81019512
21:20:31.229,0,-0.85,106,500,0,0,0,321,2560576,33763396,18,-2567641,-81033456
21:20:31.235,0,-0.77,104,500,0,0,0,-28,2601057,33776060,-345,-2571693,-81045288
21:20:31.240,0,-0.66,104,500,0,0,0,336,2583116,33788204,-81,-2536210,-81058976
21:20:31.245,0,-0.57,104,500,0,0,0,288,2532969,33802256,307,-2512559,-81070416
21:20:31.250,0,-0.47,104,500,0,0,0,561,2466986,33813840,9,-2570926,-81084560
21:20:31.255,0,-0.47,108,500,0,0,0,279,2524089,33828128,-174,-2594695,-81096624
21:20:31.260,0,-0.52,108,500,0,0,0,103,2601188,33840756,-353,-2573657,-81110400
21:20:31.265,0,-0.57,108,500,0,0,0,255,2614605,33853364,-74,-2520177,-81124104
21:20:31.270,0,-0.58,108,500,0,0,0,235,2562852,33867772,190,-2473494,-81135128
21:20:31.275,0,-0.49,109,500,0,0,0,471,2477519,33878984,150,-2535349,-81149408
21:20:31.280,0,-0.43,109,500,0,0,0,492,2501705,33890868,-424,-2576660,-81161448
21:20:31.285,0,-0.44,109,500,0,0,0,229,2586147,33905832,-133,-2567042,-81175240
21:20:31.290,0,-0.49,109,500,0,0,0,291,2594871,33918324,185,-2519367,-81186616
21:20:31.295,0,-0.57,105,500,0,0,0,272,2577971,33930504,153,-2470611,-81199808
21:20:31.300,0,-0.6,105,500,0,0,0,402,2495416,33944360,-286,-2527375,-81211680
21:20:31.306,0,-0.63,105,500,0,0,0,576,2516906,33956152,-290,-2574395,-81225936
21:20:31.311,0,-0.72,105,500,0,0,0,57,2558877,33968440,-82,-2564971,-81237640
21:20:31.316,0,-0.8,104,500,0,0,0,495,2550820,33982880,340,-2541315,-81251304
21:20:31.321,0,-0.89,104,500,0,0,0,430,2553360,33995180,298,-2507823,-81264952
21:20:31.326,0,-0.86,104,500,0,0,0,330,2516773,34006792,-293,-2549524,-81276848
21:20:31.331,0,-0.88,105,500,0,0,0,294,2528524,34020892,-186,-2583373,-81290920
21:20:31.336,0,-0.87,105,500,0,0,0,24,2580104,34033484,-30,-2567957,-81302624
21:20:31.341,0,-0.87,105,500,0,0,0,498,2570823,34045832,134,-2533361,-81316392
21:20:31.346,0,-0.8,105,500,0,0,0,341,2566457,34060224,50,-2499556,-81327784
21:20:31.351,0,-0.68,106,500,0,0,0,336,2515681,34071928,-342,-2552138,-81341880
21:20:31.356,0,-0.63,106,500,0,0,0,218,2507391,34083708,-66,-2606578,-81354080
21:20:31.361,0,-0.61,106,500,0,0,0,141,2587147,34098668,25,-2598785,-81368248
21:20:31.366,0,-0.61,106,500,0,0,0,442,2591850,34111348,163,-2552123,-81379840
21:20:31.371,0,-0.6,106,500,0,0,0,296,2582671,34123568,-32,-2500069,-81393160
21:20:31.376,0,-0.56,108,500,0,0,0,313,2513500,34137396,-344,-2553762,-81405088
21:20:31.381,0,-0.58,108,500,0,0,0,216,2506579,34149348,-115,-2604832,-81419328
21:20:31.386,0,-0.6,108,500,0,0,0,310,2565425,34161900,131,-2589787,-81433240
21:20:31.392,0,-0.62,108,500,0,0,0,438,2604726,34176848,226,-2546265,-81444824
21:20:31.397,0,-0.58,104,500,0,0,0,240,2616873,34189324,-78,-2498200,-81458312
21:20:31.402,0,-0.51,104,500,0,0,0,368,2537448,34201020,-251,-2549120,-81470352
21:20:31.407,0,-0.53,104,500,0,0,0,206,2502369,34214824,-103,-2600861,-81484576
21:20:31.412,0,-0.58,104,500,0,0,0,359,2555372,34227312,350,-2576422,-81496352
21:20:31.417,0,-0.68,103,500,0,0,0,341,2576618,34239812,211,-2543714,-81510040
21:20:31.422,0,-0.72,103,500,0,0,0,267,2588180,34254516,-281,-2509744,-81521440
21:20:31.427,0,-0.65,103,500,0,0,0,322,2542224,34266204,-247,-2534852,-81535104
21:20:31.432,0,-0.61,103,500,0,0,0,417,2500151,34277824,123,-2589656,-81549272
21:20:31.437,0,-0.61,105,500,0,0,0,399,2552416,34292652,115,-2567531,-81561024
21:20:31.442,0,-0.64,105,500,0,0,0,225,2564486,34305056,290,-2538243,-81574696
21:20:31.447,0,-0.71,105,500,0,0,0,416,2555900,34317100,-127,-2511294,-81586112
21:20:31.452,0,-0.71,105,500,0,0,0,83,2519087,34330908,-260,-2533363,-81599784
21:20:31.457,0,-0.7,107,500,0,0,0,451,2499350,34342792,202,-2563464,-81611704
21:20:31.462,0,-0.72,107,500,0,0,0,284,2564379,34355364,273,-2561075,-81625600
21:20:31.467,0,-0.71,107,500,0,0,0,112,2598857,34368176,-119,-2550198,-81637320
21:20:31.473,0,-0.7,107,500,0,0,0,438,2587945,34382596,-156,-2515336,-81650744
21:20:31.478,0,-0.63,107,500,0,0,0,309,2535748,34394392,39,-2541954,-81664632
21:20:31.483,0,-0.61,107,500,0,0,0,482,2494519,34408160,178,-2583884,-81676528
21:20:31.488,0,-0.65,107,500,0,0,0,208,2559221,34420696,279,-2582666,-81690560
21:20:31.493,0,-0.7,107,500,0,0,0,98,2611144,34433284,-106,-2571857,-81702376
21:20:31.498,0,-0.73,104,500,0,0,0,365,2611245,34448068,-200,-2537351,-81715888
21:20:31.503,0,-0.69,104,500,0,0,0,180,2555351,34459968,135,-2531614,-81727440
21:20:31.508,0,-0.65,104,500,0,0,0,521,2496275,34471516,205,-2589739,-81741680
21:20:31.513,0,-0.67,104,500,0,0,0,171,2549613,34485980,0,-2601016,-81753760
21:20:31.518,0,-0.71,105,500,0,0,0,139,2583725,34498524,-196,-2592427,-81767720
21:20:31.523,0,-0.75,105,500,0,0,0,365,2599215,34510844,-205,-2541543,-81781256
21:20:31.528,0,-0.71,105,500,0,0,0,136,2583257,34525492,51,-2506267,-81792568
21:20:31.533,0,-0.63,105,500,0,0,0,544,2513380,34537112,372,-2563371,-81806656
21:20:31.538,0,-0.6,107,500,0,0,0,220,2538914,34549388,-194,-2587055,-81818720
21:20:31.543,0,-0.6,107,500,0,0,0,258,2563138,34563840,-137,-2583809,-81832816
21:20:31.548,0,-0.65,107,500,0,0,0,249,2564363,34575948,103,-2543091,-81844144
21:20:31.554,0,-0.66,107,500,0,0,0,133,2551585,34590392,-188,-2534936,-81859896
21:20:31.559,0,-0.61,108,500,0,0,0,472,2500383,34602184,343,-2570960,-81872080
21:20:31.564,0,-0.59,108,500,0,0,0,299,2545493,34614400,60,-2571744,-81886064
21:20:31.569,0,-0.56,108,500,0,0,0,121,2597111,34629492,-227,-2560634,-81897976
21:20:31.574,0,-0.54,108,500,0,0,0,334,2589117,34641700,11,-2508182,-81911280
21:20:31.579,0,-0.52,105,500,0,0,0,226,2559897,34653900,70,-2487289,-81922592
21:20:31.584,0,-0.47,105,500,0,0,0,414,2505530,34665380,-16,-2554699,-81934824
21:20:31.589,0,-0.49,105,500,0,0,0,421,2537632,34679640,-217,-2590621,-81948992
21:20:31.594,0,-0.53,105,500,0,0,0,174,2582250,34692388,-209,-2580328,-81960960
21:20:31.599,0,-0.6,107,500,0,0,0,345,2586318,34704644,254,-2519322,-81974152
21:20:31.604,0,-0.65,107,500,0,0,0,337,2546214,34718996,262,-2495782,-81985704
21:20:31.609,0,-0.67,107,500,0,0,0,392,2493727,34730588,-86,-2573113,-81999928
21:20:31.614,0,-0.73,107,500,0,0,0,391,2523144,34742436,-187,-2609302,-82012080
21:20:31.619,0,-0.79,107,500,0,0,0,27,2581283,34755064,-265,-2590352,-82026120
21:20:31.624,0,-0.83,107,500,0,0,0,290,2609520,34770140,115,-2533507,-82039576
21:20:31.629,0,-0.79,107,500,0,0,0,283,2592089,34782564,201,-2498556,-82050928
21:20:31.635,0,-0.69,107,500,0,0,0,373,2500663,34796084,15,-2567732,-82065080
21:20:31.640,0,-0.67,111,500,0,0,0,466,2519576,34808032,-212,-2608930,-82077264
21:20:31.645,0,-0.71,111,500,0,0,0,20,2567053,34820544,-110,-2590611,-82091112
21:20:31.650,0,-0.79,111,500,0,0,0,361,2571088,34832928,187,-2547343,-82102656
21:20:31.655,0,-0.85,111,500,0,0,0,346,2582454,34847476,106,-2513017,-82116128
21:20:31.660,0,-0.77,107,500,0,0,0,173,2530818,34859424,-238,-2579670,-82128280
21:20:31.665,0,-0.68,107,500,0,0,0,383,2522684,34871268,-260,-2621806,-82142576
21:20:31.670,0,-0.62,107,500,0,0,0,46,2583185,34885948,-9,-2597789,-82156464
21:20:31.675,0,-0.58,107,500,0,0,0,392,2584469,34898396,118,-2539816,-82167928
21:20:31.680,0,-0.59,106,500,0,0,0,434,2578157,34910608,16,-2507548,-82181360
21:20:31.685,0,-0.57,106,500,0,0,0,191,2517984,34924492,-199,-2563634,-82193384
21:20:31.690,0,-0.56,106,500,0,0,0,235,2516276,34936336,-330,-2600363,-82207720
21:20:31.695,0,-0.58,106,500,0,0,0,-85,2590807,34951284,135,-2569249,-82219216
21:20:31.700,0,-0.59,105,500,0,0,0,250,2600326,34964028,275,-2516656,-82232832
21:20:31.705,0,-0.58,105,500,0,0,0,488,2581437,34976204,-128,-2493632,-82244216
21:20:31.710,0,-0.53,105,500,0,0,0,387,2497985,34989712,-251,-2553395,-82258344
21:20:31.715,0,-0.52,105,500,0,0,0,211,2503643,35003660,-407,-2605066,-82274840
21:20:31.721,0,-0.59,105,500,0,0,0,150,2571357,35016096,0,-2585453,-82286600
21:20:31.726,0,-0.68,105,500,0,0,0,438,2600360,35028732,390,-2533909,-82298080
21:20:31.731,0,-0.77,105,500,0,0,0,362,2591751,35043644,106,-2501892,-82311648
21:20:31.736,0,-0.76,105,500,0,0,0,375,2534032,35053016,-378,-2559754,-82323656
21:20:31.741,0,-0.74,111,500,0,0,0,254,2496773,35066608,77,-2603156,-82335792
21:20:31.746,0,-0.79,111,500,0,0,0,414,2551427,35079252,124,-2581059,-82349656
21:20:31.751,0,-0.86,111,500,0,0,0,326,2574698,35091600,374,-2564242,-82361440
21:20:31.756,0,-0.85,105,500,0,0,0,202,2595567,35106188,-77,-2536373,-82375064
21:20:31.761,0,-0.77,105,500,0,0,0,139,2566737,35118052,-375,-2551871,-82386800
21:20:31.766,0,-0.71,105,500,0,0,0,389,2515296,35129888,187,-2587486,-82401048
21:20:31.771,0,-0.65,105,500,0,0,0,417,2558777,35144556,156,-2569138,-82412656
21:20:31.776,0,-0.63,104,500,0,0,0,210,2574969,35156848,155,-2554068,-82426640
21:20:31.781,0,-0.6,104,500,0,0,0,348,2580847,35169076,24,-2523037,-82439984
21:20:31.786,0,-0.56,104,500,0,0,0,36,2522235,35182840,-187,-2547534,-82451888
21:20:31.791,0,-0.56,104,500,0,0,0,467,2478629,35194352,136,-2590236,-82466040
21:20:31.796,0,-0.58,106,500,0,0,0,269,2547678,35206848,124,-2570518,-82477816
21:20:31.801,0,-0.6,106,500,0,0,0,140,2606636,35221900,16,-2544037,-82491696
21:20:31.806,0,-0.58,106,500,0,0,0,369,2613836,35234284,-55,-2514974,-82503128
21:20:31.812,0,-0.5,106,500,0,0,0,100,2537997,35248244,-56,-2511861,-82516576
21:20:31.817,0,-0.47,106,500,0,0,0,363,2483421,35259744,87,-2564778,-82530624
21:20:31.822,0,-0.49,106,500,0,0,0,214,2545506,35272364,248,-2566635,-82542488
21:20:31.827,0,-0.54,106,500,0,0,0,356,2590049,35287072,106,-2560284,-82556344
21:20:31.832,0,-0.59,106,500,0,0,0,371,2596014,35299364,-186,-2529835,-82567832
21:20:31.837,0,-0.61,106,500,0,0,0,193,2541640,35311192,-121,-2514583,-82581248
21:20:31.842,0,-0.67,106,500,0,0,0,310,2481697,35324668,302,-2556984,-82593200
21:20:31.847,0,-0.75,106,500,0,0,0,394,2542120,35337100,-61,-2567633,-82607200
21:20:31.852,0,-0.8,106,500,0,0,0,193,2592416,35349588,-209,-2572836,-82619056
21:20:31.857,0,-0.8,106,500,0,0,0,214,2579609,35364136,5,-2548142,-82632688
21:20:31.862,0,-0.73,106,500,0,0,0,353,2548575,35376084,-58,-2521624,-82646136
21:20:31.867,0,-0.7,106,500,0,0,0,443,2488342,35387796,237,-2542848,-82657952
21:20:31.872,0,-0.74,106,500,0,0,0,382,2545061,35402216,111,-2544534,-82671768
21:20:31.877,0,-0.79,105,500,0,0,0,69,2585357,35414804,-390,-2552195,-82683528
21:20:31.882,0,-0.82,105,500,0,0,0,292,2573100,35426912,-136,-2523287,-82697184
21:20:31.887,0,-0.74,105,500,0,0,0,229,2548379,35441312,333,-2503952,-82708592
21:20:31.892,0,-0.64,105,500,0,0,0,568,2492403,35453052,139,-2572684,-82722944
21:20:31.897,0,-0.59,104,500,0,0,0,429,2536783,35465204,-40,-2599459,-82735048
21:20:31.903,0,-0.58,104,500,0,0,0,29,2591746,35480100,-146,-2585430,-82749104
21:20:31.908,0,-0.63,104,500,0,0,0,308,2576834,35492388,234,-2534873,-82760536
21:20:31.913,0,-0.63,104,500,0,0,0,331,2555598,35504600,238,-2497863,-82773872
21:20:31.918,0,-0.61,107,500,0,0,0,511,2499368,35518400,-93,-2551017,-82785848
21:20:31.923,0,-0.63,107,500,0,0,0,343,2533302,35530648,-177,-2577321,-82800240
21:20:31.928,0,-0.61,107,500,0,0,0,-48,2587586,35543284,-83,-2560758,-82811904
21:20:31.933,0,-0.58,107,500,0,0,0,329,2589730,35557796,105,-2514457,-82825312
21:20:31.938,0,-0.54,107,500,0,0,0,436,2559079,35569824,120,-2486733,-82838824
21:20:31.943,0,-0.51,107,500,0,0,0,511,2497638,35581400,27,-2549960,-82850832
21:20:31.948,0,-0.58,107,500,0,0,0,211,2529853,35595596,-463,-2588932,-82865160
21:20:31.953,0,-0.68,107,500,0,0,0,73,2583413,35608204,113,-2575030,-82877072
21:20:31.958,0,-0.77,104,500,0,0,0,433,2590980,35620684,153,-2525924,-82890528
21:20:31.963,0,-0.78,104,500,0,0,0,320,2591067,35633172,88,-2496365,-82901912
21:20:31.968,0,-0.73,104,500,0,0,0,495,2505786,35646740,40,-2557086,-82916120
21:20:31.973,0,-0.75,104,500,0,0,0,393,2501405,35658492,-156,-2599859,-82928072
21:20:31.978,0,-0.83,107,500,0,0,0,111,2558131,35673192,-33,-2581232,-82942072
21:20:31.983,0,-0.94,107,500,0,0,0,311,2557573,35685308,340,-2540619,-82953624
21:20:31.988,0,-0.99,107,500,0,0,0,454,2574364,35697580,67,-2505738,-82967056
21:20:31.994,0,-0.9,107,500,0,0,0,273,2539157,35711856,-379,-2559268,-82979048
21:20:31.999,0,-0.8,106,500,0,0,0,319,2543902,35724040,-104,-2603941,-82993240
21:20:32.004,0,-0.69,106,500,0,0,0,235,2577857,35736556,-47,-2588484,-83007304
21:20:32.009,0,-0.61,106,500,0,0,0,305,2569992,35748904,403,-2544232,-83018848
21:20:32.014,0,-0.58,106,500,0,0,0,501,2557024,35763192,126,-2508480,-83032280
21:20:32.019,0,-0.54,109,500,0,0,0,119,2510686,35774884,-371,-2569759,-83044504
21:20:32.024,0,-0.56,109,500,0,0,0,411,2514463,35788892,-130,-2611866,-83058928
21:20:32.029,0,-0.6,109,500,0,0,0,140,2586364,35801596,34,-2580457,-83070664
21:20:32.034,0,-0.63,109,500,0,0,0,240,2607837,35814412,289,-2531488,-83084208
21:20:32.039,0,-0.61,106,500,0,0,0,207,2608826,35826956,99,-2499168,-83095584
21:20:32.044,0,-0.52,106,500,0,0,0,299,2530580,35840852,-482,-2542359,-83109552
21:20:32.049,0,-0.48,106,500,0,0,0,354,2506469,35852564,230,-2589340,-83121640
21:20:32.054,0,-0.51,106,500,0,0,0,328,2556588,35865052,90,-2586184,-83135616
21:20:32.060,0,-0.58,104,500,0,0,0,331,2587115,35879872,214,-2556617,-83147488
21:20:32.065,0,-0.65,104,500,0,0,0,317,2600474,35892424,30,-2502664,-83160792
21:20:32.070,0,-0.65,104,500,0,0,0,183,2547282,35904112,-363,-2536141,-83174680
21:20:32.075,0,-0.66,104,500,0,0,0,440,2502382,35917892,147,-2579942,-83186704
21:20:32.080,0,-0.7,105,500,0,0,0,244,2541782,35930260,245,-2570063,-83200592
21:20:32.083,1,-0.75,105,500,0,0,100000,,,,,,
21:20:32.085,0,-0.75,105,500,0,0,100000,358,2555518,35942620,75,-2564449,-83212416
21:20:32.090,0,-0.81,105,500,0,0,100000,520,2569007,35957036,-151,-2538091,-83226024
21:20:32.095,0,-0.79,105,500,0,0,100000,85,2547134,35968844,-27,-2550889,-83237728
21:20:32.100,0,-0.74,106,500,0,0,100000,563,2564918,35987380,763,-2332281,-83253696
21:20:32.105,0,-0.73,106,500,0,0,100000,1353,2436464,35998172,1731,-1903224,-83262248
21:20:32.110,0,-0.83,106,500,0,0,100000,1874,2031780,36008156,1928,-1601747,-83267880
21:20:32.115,0,-1.38,106,500,0,0,100000,1042,1469915,36012860,1963,-1358469,-83274184
21:20:32.120,0,-2.59,88,500,0,0,100000,181,685096,36012964,1316,-981856,-83278128
21:20:32.126,0,-4.44,88,500,0,0,100000,-31,168576,36011220,877,-614150,-83278512
21:20:32.131,0,-6.33,88,500,0,0,100000,-23,-224349,36008500,1013,96644,-83275392
21:20:32.136,0,-7.38,88,500,0,0,100000,116,-572395,36004084,-359,405351,-83271944
21:20:32.141,0,-5.58,88,500,0,0,100000,99,-723895,35999964,-784,244970,-83271296
21:20:32.146,0,-3.59,88,500,0,0,100000,57,-670432,35996392,433,1547,-83272520
21:20:32.151,0,-1.86,88,500,0,0,100000,118,-462063,35995016,-1339,190550,-83270824
21:20:32.156,0,-0.59,88,500,0,0,100000,220,-171716,35995332,495,77554,-83270992
21:20:32.161,0,0.14,88,500,0,0,100000,372,187385,35997672,-221,105441,-83270248
21:20:32.166,0,0.55,88,500,0,0,100000,549,491902,36001212,-411,131978,-83269640
21:20:32.171,0,0.58,88,500,0,0,100000,1076,679842,36005788,1546,-16287,-83270264
21:20:32.176,0,-0.06,88,500,0,0,100000,1464,542880,36007940,1683,-23658,-83270384
21:20:32.181,0,-1.44,88,500,0,0,100000,855,186281,36007448,1689,-24328,-83270512
21:20:32.186,0,-3.26,88,500,0,0,100000,283,-224937,36004632,988,80163,-83269760
21:20:32.191,0,-4.97,88,500,0,0,100000,178,-477345,36001316,769,63860,-83269312
21:20:32.196,0,-5.83,88,500,0,0,100000,64,-546046,35997996,-905,136167,-83268352
21:20:32.201,0,-5.43,88,500,0,0,100000,156,-484807,35995936,-24,112162,-83268072
21:20:32.206,0,-4.09,88,500,0,0,100000,246,-291928,35994956,698,51011,-83267896
21:20:32.212,0,-2.39,88,500,0,0,100000,346,-64704,35995548,-1095,158918,-83266688
21:20:32.217,0,-0.99,88,500,0,0,100000,352,182069,35997392,936,51889,-83267008
21:20:32.222,0,-0.26,88,500,0,0,100000,846,413667,36000616,1086,36065,-83266552
21:20:32.227,0,-0.24,88,500,0,0,100000,1142,430928,36002804,1416,30521,-83266536
21:20:32.232,0,-0.94,88,500,0,0,100000,903,179595,36002972,1656,50920,-83266184
21:20:32.237,0,-2.22,88,500,0,0,100000,525,-151013,36000932,985,69957,-83265736
21:20:32.242,0,-3.76,88,500,0,0,100000,187,-357763,35998352,262,97438,-83265232
21:20:32.247,0,-4.94,88,500,0,0,100000,159,-436962,35995964,286,89009,-83264784
21:20:32.252,0,-5.22,88,500,0,0,100000,171,-366805,35994136,-97,111844,-83264072
21:20:32.257,0,-4.46,88,500,0,0,100000,269,-219270,35993656,197,86441,-83263816
21:20:32.262,0,-3.06,4,500,0,0,100000,371,-21059,35994344,21,104312,-83263176
21:20:32.267,0,-1.66,4,500,0,0,100000,630,192127,35996236,764,66961,-83263032
21:20:32.272,0,-0.82,4,500,0,0,100000,885,245562,35997640,1098,64771,-83262664
21:20:32.277,0,-0.81,4,500,0,0,100000,891,126945,35997976,1104,62104,-83262360
21:20:32.282,0,-1.56,4,500,0,0,100000,596,-30679,35997188,1047,64779,-83262104
21:20:32.287,0,-2.74,4,500,0,0,100000,419,-185083,35995668,572,83292,-83261576
21:20:32.292,0,-3.85,4,500,0,0,100000,297,-275966,35993728,376,88751,-83261168
21:20:32.298,0,-4.41,4,500,0,0,100000,239,-253050,35992584,160,93890,-83260608
21:20:32.303,0,-4.2,4,500,0,0,100000,322,-134867,35992228,149,95736,-83260104
21:20:32.308,0,-3.39,4,500,0,0,100000,522,-23466,35992584,749,76270,-83259864
21:20:32.313,0,-2.45,4,500,0,0,100000,670,40922,35993076,971,67013,-83259496
21:20:32.318,0,-1.83,4,500,0,0,100000,666,24653,35993152,990,68289,-83259120
21:20:32.323,0,-1.78,4,500,0,0,100000,566,-17113,35992908,755,75619,-83258712
21:20:32.328,0,-2.22,4,500,0,0,100000,509,-83928,35992200,805,72749,-83258424
21:20:32.333,0,-2.87,4,500,0,0,100000,435,-122322,35991472,814,74407,-83258000
21:20:32.338,0,-3.39,4,500,0,0,100000,417,-124046,35990764,577,79776,-83257536
21:20:32.343,0,-3.61,4,500,0,0,100000,434,-101748,35990384,431,87896,-83257040
21:20:32.348,0,-3.5,4,500,0,0,100000,478,-56488,35990232,576,79812,-83256768
21:20:32.353,0,-3.21,4,500,0,0,100000,523,-35717,35990160,949,68235,-83256432
21:20:32.358,0,-2.95,4,500,0,0,100000,608,-41037,35989928,787,69693,-83256096
21:20:32.363,0,-2.89,4,500,0,0,100000,567,-67154,35989516,706,76129,-83255688
21:20:32.368,0,-3.03,4,500,0,0,100000,466,-99010,35988836,467,85983,-83255208
21:20:32.373,0,-3.27,4,500,0,0,100000,430,-106947,35988284,851,73634,-83254928
21:20:32.378,0,-3.44,4,500,0,0,100000,446,-87389,35987940,717,71250,-83254496
21:20:32.383,0,-3.44,4,500,0,0,100000,532,-52272,35987784,447,88449,-83254032
21:20:32.389,0,-3.33,4,500,0,0,100000,183,-32190,35987716,557,83030,-83253680
21:20:32.394,0,-3.2,4,500,0,0,100000,506,-36103,35987540,918,68386,-83253400
21:20:32.399,0,-3.18,4,500,0,0,100000,583,-68841,35987048,1056,63511,-83253104
21:20:32.404,0,-3.32,4,500,0,0,100000,518,-102766,35986432,616,76329,-83252616
21:20:32.409,0,-3.54,4,500,0,0,100000,468,-131312,35985592,170,97765,-83252072
21:20:32.414,0,-3.68,4,500,0,0,100000,404,-122930,35985044,438,93406,-83251680
21:20:32.419,0,-3.65,4,500,0,0,100000,415,-78957,35984752,1048,61503,-83251504
21:20:32.424,0,-3.42,4,500,0,0,100000,561,-42250,35984724,767,70859,-83251008
21:20:32.429,0,-3.13,4,500,0,0,100000,576,-23620,35984688,451,85365,-83250528
21:20:32.434,0,-2.95,4,500,0,0,100000,408,-35732,35984472,565,84230,-83250160
21:20:32.439,0,-2.98,4,500,0,0,100000,451,-60461,35984092,1261,65577,-83249984
21:20:32.444,0,-3.22,3,500,0,0,100000,469,-97216,35983412,1152,54057,-83249640
21:20:32.449,0,-3.53,3,500,0,0,100000,525,-120509,35982760,673,70683,-83249080
21:20:32.454,0,-3.77,3,500,0,0,100000,489,-118991,35982088,7,109344,-83248512
21:20:32.459,0,-3.8,3,500,0,0,100000,394,-106056,35981624,514,88512,-83248200
21:20:32.464,0,-3.64,3,500,0,0,100000,476,-79177,35981352,1020,58272,-83247992
21:20:32.469,0,-3.35,3,500,0,0,100000,554,-52410,35981228,630,74614,-83247448
21:20:32.474,0,-3.09,3,500,0,0,100000,607,-37962,35981080,573,87257,-83247072
21:20:32.480,0,-2.96,3,500,0,0,100000,631,-54382,35980716,699,84605,-83246632
21:20:32.485,0,-3.01,3,500,0,0,100000,448,-87597,35980092,1075,69457,-83246320
21:20:32.490,0,-3.21,3,500,0,0,100000,509,-104024,35979628,856,67654,-83245968
21:20:32.495,0,-3.44,3,500,0,0,100000,486,-112680,35978968,219,93337,-83245472
21:20:32.500,0,-3.59,3,500,0,0,100000,446,-103376,35978516,519,89248,-83245080
21:20:32.505,0,-3.59,3,500,0,0,100000,443,-82673,35978120,966,64990,-83244800
21:20:32.510,0,-3.43,3,500,0,0,100000,533,-59389,35977952,887,64457,-83244376
21:20:32.515,0,-3.22,3,500,0,0,100000,627,-47226,35977756,461,87562,-83243912
21:20:32.520,0,-3.07,3,500,0,0,100000,505,-58752,35977436,566,87099,-83243536
21:20:32.525,0,-3.06,3,500,0,0,100000,488,-84044,35976868,1089,62448,-83243368
21:20:32.530,0,-3.19,3,500,0,0,100000,487,-103586,35976308,842,67209,-83242888
21:20:32.535,0,-3.37,3,500,0,0,100000,469,-103529,35975816,383,89207,-83242328
21:20:32.540,0,-3.51,3,500,0,0,100000,516,-87746,35975368,662,82568,-83242040
21:20:32.545,0,-3.53,3,500,0,0,100000,426,-78435,35975032,990,62969,-83241728
21:20:32.550,0,-3.43,3,500,0,0,100000,523,-63254,35974808,494,83046,-83241224
21:20:32.555,0,-3.29,3,500,0,0,100000,580,-59069,35974520,311,95045,-83240744
21:20:32.561,0,-3.2,3,500,0,0,100000,431,-76159,35974084,763,79722,-83240464
21:20:32.566,0,-3.2,3,500,0,0,100000,441,-101884,35973404,1152,60984,-83240224
21:20:32.571,0,-3.29,3,500,0,0,100000,461,-110645,35972852,606,75775,-83239696
21:20:32.576,0,-3.38,3,500,0,0,100000,463,-86348,35972460,241,96559,-83239144
21:20:32.581,0,-3.32,3,500,0,0,100000,438,-62397,35972276,530,84846,-83238824
21:20:32.586,0,-3.2,3,500,0,0,100000,478,-51412,35972040,1028,61049,-83238640
21:20:32.591,0,-3.14,3,500,0,0,100000,531,-47482,35971844,800,68569,-83238200
21:20:32.596,0,-3.19,3,500,0,0,100000,602,-51035,35971564,553,87809,-83237704
21:20:32.601,0,-3.34,3,500,0,0,100000,469,-67502,35971176,599,86472,-83237336
21:20:32.606,0,-3.54,3,500,0,0,100000,476,-99731,35970520,1137,63645,-83237144
21:20:32.611,0,-3.68,3,500,0,0,100000,457,-112602,35969944,910,63176,-83236680
21:20:32.616,0,-3.69,3,500,0,0,100000,493,-111885,35969320,85,105153,-83236032
21:20:32.621,0,-3.55,3,500,0,0,100000,436,-81850,35969048,190,99840,-83235648
21:20:32.626,0,-3.33,3,500,0,0,100000,536,-49609,35968824,311,97222,-83235152
21:20:32.631,0,-3.13,3,500,0,0,100000,495,-41375,35968668,762,84363,-83234832
21:20:32.636,0,-3.05,3,500,0,0,100000,250,-54588,35968324,1200,53544,-83234680
21:20:32.641,0,-3.11,3,500,0,0,100000,555,-78383,35967868,656,70760,-83234128
21:20:32.647,0,-3.28,3,500,0,0,100000,507,-93035,35967372,145,106424,-83233608
21:20:32.652,0,-3.46,3,500,0,0,100000,437,-102616,35966916,1457,51957,-83233608
21:20:32.657,0,-3.53,3,500,0,0,100000,493,-105026,35966340,765,61204,-83233024
21:20:32.662,0,-3.49,3,500,0,0,100000,505,-80488,35966068,-193,126237,-83232320
21:20:32.667,0,-3.36,3,500,0,0,100000,415,-56645,35965824,1057,53824,-83232408
21:20:32.672,0,-3.21,3,500,0,0,100000,540,-49218,35965640,1371,44835,-83232016
21:20:32.677,0,-3.15,3,500,0,0,100000,645,-57718,35965320,449,78438,-83231368
21:20:32.682,0,-3.2,3,500,0,0,100000,499,-71151,35964932,262,100183,-83230968
21:20:32.687,0,-3.32,3,500,0,0,100000,469,-99646,35964268,1140,60469,-83230824
21:20:32.692,0,-3.45,3,500,0,0,100000,439,-111747,35963684,940,57590,-83230360
21:20:32.697,0,-3.5,3,500,0,0,100000,531,-97131,35963208,-33,113724,-83229632
21:20:32.702,0,-3.43,3,500,0,0,100000,446,-71469,35962964,211,98328,-83229312
21:20:32.707,0,-3.29,3,500,0,0,100000,467,-50426,35962760,1366,55554,-83229152
21:20:32.712,0,-3.17,3,500,0,0,100000,582,-54952,35962500,629,70729,-83228664
21:20:32.712,0,-3.17,3,500,0,0,100000,542,-67248,35962152,156,105035,-83228080
21:20:32.717,0,-3.16,3,500,0,0,100000,466,-92985,35961512,1180,67488,-83228000
21:20:32.722,0,-3.25,3,500,0,0,100000,463,-119052,35960832,1194,54825,-83227624
21:20:32.728,0,-3.39,3,500,0,0,100000,497,-116890,35960292,422,82888,-83227000
21:20:32.733,0,-3.47,3,500,0,0,100000,452,-94696,35959824,96,100592,-83226464
21:20:32.738,0,-3.43,3,500,0,0,100000,457,-61188,35959664,1031,72893,-83226320
21:20:32.743,0,-3.28,3,500,0,0,100000,513,-32994,35959592,1260,59247,-83225968
21:20:32.748,0,-3.09,3,500,0,0,100000,597,-32217,35959460,892,64102,-83225520
21:20:32.753,0,-2.99,3,500,0,0,100000,580,-58735,35959060,526,85090,-83225088
21:20:32.758,0,-3.05,3,500,0,0,100000,471,-95352,35958464,731,83904,-83224720
21:20:32.763,0,-3.27,3,500,0,0,100000,486,-122015,35957688,1043,66446,-83224400
21:20:32.768,0,-3.54,3,500,0,0,100000,402,-124712,35957092,560,78505,-83223936
21:20:32.773,0,-3.72,3,500,0,0,100000,464,-102576,35956592,304,94360,-83223400
21:20:32.778,0,-3.71,3,500,0,0,100000,486,-72038,35956376,448,90628,-83223000
21:20:32.783,0,-3.5,3,500,0,0,100000,525,-48077,35956244,1003,67369,-83222800
21:20:32.788,0,-3.21,3,500,0,0,100000,594,-44254,35956032,1043,63692,-83222400
21:20:32.793,0,-2.97,3,500,0,0,100000,542,-59521,35955704,453,84956,-83221920
21:20:32.798,0,-2.89,3,500,0,0,100000,524,-71889,35955248,540,91425,-83221488
21:20:32.803,0,-2.99,3,500,0,0,100000,436,-80657,35954836,932,75976,-83221168
21:20:32.809,0,-3.2,3,500,0,0,100000,484,-96941,35954308,903,63591,-83220872
21:20:32.814,0,-3.41,3,500,0,0,100000,492,-97967,35953764,191,94567,-83220240
21:20:32.819,0,-3.52,3,500,0,0,100000,464,-86978,35953392,221,100876,-83219808
21:20:32.824,0,-3.51,3,500,0,0,100000,449,-73660,35953084,894,74583,-83219584
21:20:32.829,0,-3.4,3,500,0,0,100000,472,-59705,35952824,1151,52891,-83219344
21:20:32.834,0,-3.24,3,500,0,0,100000,579,-60201,35952564,567,77788,-83218760
21:20:32.839,0,-3.1,3,500,0,0,100000,551,-70827,35952152,220,96594,-83218248
21:20:32.844,0,-3.05,3,500,0,0,100000,448,-82750,35951640,851,75677,-83218064
21:20:32.849,0,-3.1,3,500,0,0,100000,450,-83582,35951248,1048,57003,-83217736
21:20:32.854,0,-3.21,3,500,0,0,100000,488,-70264,35950924,583,77214,-83217152
21:20:32.859,0,-3.31,3,500,0,0,100000,540,-49423,35950792,310,98895,-83216704
21:20:32.864,0,-3.36,3,500,0,0,100000,499,-55341,35950456,904,78183,-83216440
21:20:32.869,0,-3.38,3,500,0,0,100000,500,-85357,35949928,1540,49733,-83216216
21:20:32.874,0,-3.4,3,500,0,0,100000,514,-112433,35949284,346,84314,-83215576
21:20:32.879,0,-3.46,3,500,0,0,100000,319,-124546,35948548,-174,124174,-83214912
21:20:32.885,0,-3.53,3,500,0,0,100000,362,-111214,35948052,890,76051,-83214816
21:20:32.890,0,-3.55,3,500,0,0,100000,495,-82084,35947700,1139,49984,-83214464
21:20:32.895,0,-3.45,3,500,0,0,100000,567,-48424,35947624,-123,114312,-83213696
21:20:32.900,0,-3.26,3,500,0,0,100000,493,-26825,35947588,463,88359,-83213496
21:20:32.905,0,-3.06,3,500,0,0,100000,490,-26708,35947436,1330,55734,-83213312
21:20:32.910,0,-2.97,3,500,0,0,100000,575,-51921,35947104,844,68496,-83212880
21:20:32.915,0,-3.06,3,500,0,0,100000,570,-102012,35946376,382,89828,-83212360
21:20:32.920,0,-3.32,3,500,0,0,100000,470,-137487,35945592,322,93792,-83211944
21:20:32.925,0,-3.65,3,500,0,0,100000,310,-145691,35944724,913,73220,-83211632
21:20:32.930,0,-3.9,3,500,0,0,100000,441,-120678,35944260,522,80854,-83211184
21:20:32.935,0,-3.94,3,500,0,0,100000,509,-64313,35944120,278,94471,-83210656
21:20:32.940,0,-3.74,3,500,0,0,100000,548,-33496,35944100,581,85975,-83210320
21:20:32.945,0,-3.38,3,500,0,0,100000,577,-31202,35943972,1321,59434,-83210152
21:20:32.950,0,-3.03,3,500,0,0,100000,544,-59561,35943552,1010,62577,-83209720
21:20:32.955,0,-2.87,3,500,0,0,100000,533,-83716,35943056,393,93065,-83209200
21:20:32.960,0,-2.96,3,500,0,0,100000,477,-111053,35942332,461,92237,-83208792
21:20:32.966,0,-3.23,3,500,0,0,100000,408,-121964,35941704,787,74398,-83208464
21:20:32.971,0,-3.52,3,500,0,0,100000,477,-114564,35941192,576,78521,-83208048
21:20:32.976,0,-3.67,3,500,0,0,100000,547,-76788,35940904,263,91287,-83207544
21:20:32.981,0,-3.4,3,500,0,0,100000,454,-44625,35940832,564,88802,-83207160
21:20:32.986,0,-3.15,3,500,0,0,100000,495,-40241,35940632,1099,70200,-83206888
21:20:32.991,0,-2.99,3,500,0,0,100000,540,-58195,35940300,1111,61929,-83206600
21:20:32.996,0,-3.01,3,500,0,0,100000,549,-87192,35939712,539,83192,-83206048
21:20:33.001,0,-3.18,3,500,0,0,100000,362,-106868,35939136,188,97358,-83205544
21:20:33.006,0,-3.41,3,500,0,0,100000,422,-102191,35938584,810,76813,-83205344
21:20:33.011,0,-3.55,3,500,0,0,100000,475,-92145,35938200,955,67190,-83204960
21:20:33.016,0,-3.54,3,500,0,0,100000,522,-66782,35937940,733,74462,-83204488
21:20:33.026,0,-3.19,3,500,0,0,100000,555,-47671,35937728,700,72185,-83203984
21:20:33.031,0,-3.07,3,500,0,0,100000,571,-49297,35937456,494,84340,-83203512
21:20:33.036,0,-3.09,3,500,0,0,100000,502,-70372,35937036,914,80415,-83203256
21:20:33.036,0,-3.09,3,500,0,0,100000,542,-93282,35936644,862,68188,-83203016
21:20:33.041,0,-3.21,3,500,0,0,100000,511,-103428,35936032,268,92602,-83202424
21:20:33.047,0,-3.38,3,500,0,0,100000,448,-100897,35935556,597,87298,-83202136
21:20:33.052,0,-3.47,3,500,0,0,100000,403,-84127,35935220,973,65434,-83201824
21:20:33.057,0,-3.44,3,500,0,0,100000,507,-57902,35935016,925,61513,-83201392
21:20:33.062,0,-3.32,3,500,0,0,100000,539,-44524,35934868,236,101072,-83200816
21:20:33.067,0,-3.19,3,500,0,0,100000,503,-57077,35934504,695,90204,-83200504
21:20:33.072,0,-3.14,3,500,0,0,100000,452,-82902,35934016,1608,44138,-83200368
21:20:33.077,0,-3.22,3,500,0,0,100000,546,-106353,35933432,134,95929,-83199624
21:20:33.082,0,-3.35,3,500,0,0,100000,465,-104777,35932852,-62,117619,-83199120
21:20:33.087,0,-3.46,3,500,0,0,100000,389,-89910,35932388,1291,65118,-83199032
21:20:33.092,0,-3.46,3,500,0,0,100000,595,-75471,35932100,1143,49856,-83198616
21:20:33.097,0,-3.34,3,500,0,0,100000,457,-64019,35931820,-106,116570,-83197848
21:20:33.102,0,-3.19,3,500,0,0,100000,458,-63092,35931520,709,82361,-83197704
21:20:33.107,0,-3.08,3,500,0,0,100000,442,-75191,35931044,1379,56644,-83197424
21:20:33.112,0,-3.05,3,500,0,0,100000,534,-87964,35930596,474,81546,-83196864
21:20:33.117,0,-3.11,3,500,0,0,100000,478,-91418,35930148,65,106730,-83196280
21:20:33.122,0,-3.2,3,500,0,0,100000,431,-84383,35929684,865,76848,-83196136
21:20:33.128,0,-3.24,3,500,0,0,100000,258,-80565,35929312,1256,58791,-83195792
21:20:33.133,0,-3.24,3,500,0,0,100000,580,-67689,35928996,867,66991,-83195296
21:20:33.138,0,-3.2,3,500,0,0,100000,499,-54576,35928800,383,91668,-83194816
21:20:33.143,0,-3.16,3,500,0,0,100000,524,-70103,35928408,748,78655,-83194512
21:20:33.153,0,-3.24,3,500,0,0,100000,492,-98009,35927680,934,72170,-83194144
21:20:33.153,0,-3.24,3,500,0,0,100000,468,-112637,35927092,829,72745,-83193696
21:20:33.158,0,-3.32,3,500,0,0,100000,457,-102693,35926648,466,86634,-83193192
21:20:33.163,0,-3.36,3,500,0,0,100000,495,-72067,35926356,556,84022,-83192856
21:20:33.168,0,-3.31,3,500,0,0,100000,432,-50300,35926216,843,73641,-83192504
21:20:33.173,0,-3.18,3,500,0,0,100000,568,-43040,35926056,910,68135,-83192224
21:20:33.178,0,-3.04,3,500,0,0,100000,590,-56615,35925704,826,75423,-83191776
21:20:33.184,0,-3.01,3,500,0,0,100000,508,-74764,35925296,736,80686,-83191368
21:20:33.189,0,-3.11,3,500,0,0,100000,471,-104337,35924616,990,67402,-83191128
21:20:33.194,0,-3.3,3,500,0,0,100000,468,-118865,35924008,658,75887,-83190616
21:20:33.199,0,-3.48,3,500,0,0,100000,458,-111520,35923392,204,97218,-83190024
21:20:33.204,0,-3.55,3,500,0,0,100000,432,-83282,35923104,465,88471,-83189744
21:20:33.209,0,-3.44,3,500,0,0,100000,491,-45021,35922984,1045,68768,-83189416
21:20:33.214,0,-3.22,3,500,0,0,100000,521,-34354,35922872,804,67265,-83189040
21:20:33.219,0,-2.99,3,500,0,0,100000,557,-34279,35922720,422,90319,-83188496
21:20:33.224,0,-2.87,3,500,0,0,100000,557,-59109,35922292,662,86304,-83188144
21:20:33.229,0,-2.92,3,500,0,0,100000,456,-92766,35921716,1262,58852,-83187976
21:20:33.235,0,-3.13,3,500,0,0,100000,530,-116209,35921080,848,68453,-83187464
21:20:33.240,0,-3.37,3,500,0,0,100000,469,-114950,35920432,157,93200,-83186880
21:20:33.245,0,-3.52,3,500,0,0,100000,438,-88164,35920120,583,85599,-83186608
21:20:33.250,0,-3.51,3,500,0,0,100000,463,-57383,35919916,945,65780,-83186296
21:20:33.255,0,-3.33,3,500,0,0,100000,553,-44978,35919768,955,63616,-83185888
21:20:33.260,0,-3.1,3,500,0,0,100000,618,-52592,35919480,571,81407,-83185344
21:20:33.265,0,-2.94,3,500,0,0,100000,558,-68407,35919048,512,93608,-83184960
21:20:33.270,0,-2.94,3,500,0,0,100000,450,-86603,35918564,1062,73508,-83184680
21:20:33.276,0,-3.07,3,500,0,0,100000,425,-99730,35917952,1236,56440,-83184328
21:20:33.281,0,-3.39,3,500,0,0,100000,524,-96759,35917524,127,93028,-83183688
21:20:33.286,0,-3.4,3,500,0,0,100000,504,-82657,35917188,10,107300,-83183184
21:20:33.291,0,-3.31,3,500,0,0,100000,522,-66578,35916840,1028,72165,-83183080
21:20:33.296,0,-3.18,3,500,0,0,100000,511,-61590,35916564,1307,55376,-83182736
21:20:33.301,0,-3.08,3,500,0,0,100000,554,-71621,35916144,879,65630,-83182232
21:20:33.306,0,-3.06,3,500,0,0,100000,455,-83350,35915704,352,95961,-83181712
21:20:33.311,0,-3.11,3,500,0,0,100000,465,-95718,35915200,667,80428,-83181392
21:20:33.317,0,-3.19,3,500,0,0,100000,428,-100621,35914616,894,66583,-83181040
21:20:33.322,0,-3.22,3,500,0,0,100000,490,-85045,35914288,628,78488,-83180504
21:20:33.327,0,-3.19,3,500,0,0,100000,520,-66993,35913980,243,97890,-83180056
21:20:33.332,0,-3.12,3,500,0,0,100000,564,-61000,35913712,822,76883,-83179776
21:20:33.337,0,-3.05,3,500,0,0,100000,477,-66017,35913336,1170,58515,-83179472
21:20:33.342,0,-3.06,3,500,0,0,100000,547,-87428,35912860,448,87233,-83178936
21:20:33.347,0,-3.14,3,500,0,0,100000,477,-103917,35912228,236,94718,-83178392
21:20:33.352,0,-3.23,3,500,0,0,100000,441,-104597,35911624,668,79733,-83178168
21:20:33.357,0,-3.28,3,500,0,0,100000,439,-86876,35911288,1043,67871,-83177776
21:20:33.362,0,-3.24,3,500,0,0,100000,503,-61250,35911108,518,80327,-83177312
21:20:33.367,0,-3.13,3,500,0,0,100000,566,-49073,35910888,451,88102,-83176864
21:20:33.372,0,-3.03,3,500,0,0,100000,527,-51379,35910636,1126,66428,-83176696
21:20:33.377,0,-3.02,3,500,0,0,100000,536,-75076,35910188,1038,60496,-83176304
21:20:33.382,0,-3.14,3,500,0,0,100000,538,-97468,35909636,513,86682,-83175816
21:20:33.387,0,-3.31,3,500,0,0,100000,446,-115613,35908912,421,90459,-83175344
21:20:33.393,0,-3.44,3,500,0,0,100000,455,-114728,35908360,616,80835,-83174976
21:20:33.398,0,-3.44,3,500,0,0,100000,469,-81022,35908024,698,76235,-83174624
21:20:33.403,0,-3.28,3,500,0,0,100000,527,-49068,35907924,542,86940,-83174128
21:20:33.408,0,-3.08,3,500,0,0,100000,479,-34829,35907820,691,79173,-83173808
21:20:33.413,0,-2.94,3,500,0,0,100000,513,-48209,35907512,1045,70096,-83173480
21:20:33.418,0,-2.96,3,500,0,0,100000,553,-79081,35907028,710,74712,-83173096
21:20:33.423,0,-3.14,3,500,0,0,100000,502,-111501,35906312,310,94191,-83172576
21:20:33.428,0,-3.38,3,500,0,0,100000,418,-120458,35905704,267,97608,-83172128
21:20:33.433,0,-3.53,3,500,0,0,100000,417,-102928,35905192,975,65272,-83171952
21:20:33.438,0,-3.51,3,500,0,0,100000,484,-63208,35904996,723,72258,-83171448
21:20:33.443,0,-3.31,3,500,0,0,100000,621,-35686,35904960,479,86866,-83170944
21:20:33.448,0,-3.05,3,500,0,0,100000,637,-30057,35904848,862,78797,-83170696
21:20:33.453,0,-2.9,3,500,0,0,100000,500,-49880,35904504,1332,60772,-83170416
21:20:33.458,0,-2.94,3,500,0,0,100000,587,-83869,35903980,1049,61120,-83169984
21:20:33.463,0,-3.15,3,500,0,0,100000,593,-109927,35903272,232,97731,-83169392
21:20:33.468,0,-3.42,3,500,0,0,100000,423,-121108,35902640,282,100401,-83168960
21:20:33.474,0,-3.59,3,500,0,0,100000,394,-113245,35902128,952,64265,-83168808
21:20:33.479,0,-3.56,3,500,0,0,100000,455,-80844,35901764,639,71165,-83168272
21:20:33.484,0,-3.35,3,500,0,0,100000,580,-47843,35901696,69,105629,-83167616
21:20:33.489,0,-3.07,3,500,0,0,100000,609,-29285,35901604,226,102511,-83167264
21:20:33.494,0,-2.87,3,500,0,0,100000,518,-46195,35901316,1528,36823,-83167352
21:20:33.499,0,-2.84,3,500,0,0,100000,570,-83339,35900792,773,66296,-83166712
21:20:33.504,0,-2.99,3,500,0,0,100000,509,-109536,35900104,-110,121751,-83165928
21:20:33.509,0,-3.23,3,500,0,0,100000,391,-121289,35899468,1176,60952,-83166024
21:20:33.514,0,-3.42,3,500,0,0,100000,404,-111186,35898908,1023,52453,-83165576
21:20:33.519,0,-3.45,3,500,0,0,100000,582,-77311,35898632,196,97727,-83164832
21:20:33.524,0,-3.31,3,500,0,0,100000,546,-47125,35898540,583,91799,-83164576
21:20:33.529,0,-3.09,3,500,0,0,100000,476,-36594,35898372,1466,58043,-83164376
21:20:33.534,0,-2.91,3,500,0,0,100000,570,-53183,35898072,1461,46549,-83163992
21:20:33.539,0,-2.89,3,500,0,0,100000,535,-98825,35897316,1218,46914,-83163480
21:20:33.544,0,-3.05,3,500,0,0,100000,506,-126350,35896532,-162,118994,-83162640
21:20:33.549,0,-3.28,3,500,0,0,100000,452,-118414,35895976,287,100850,-83162368
21:20:33.554,0,-3.46,3,500,0,0,100000,454,-100971,35895556,1270,52208,-83162192
21:20:33.560,0,-3.49,3,500,0,0,100000,561,-77496,35895368,-26,114846,-83161496
21:20:33.565,0,-3.34,3,500,0,0,100000,411,-52736,35895204,611,84275,-83161320
21:20:33.570,0,-3.13,3,500,0,0,100000,545,-45686,35894996,1188,54120,-83161128
21:20:33.575,0,-2.96,3,500,0,0,100000,607,-64204,35894644,588,79111,-83160544
21:20:33.580,0,-2.95,3,500,0,0,100000,522,-94526,35894016,22,108798,-83159960
21:20:33.585,0,-3.09,3,500,0,0,100000,391,-113144,35893396,469,90936,-83159680
21:20:33.590,0,-3.28,3,500,0,0,100000,375,-110864,35892776,1015,60925,-83159480
21:20:33.595,0,-3.42,3,500,0,0,100000,531,-82333,35892528,379,86858,-83158856
21:20:33.600,0,-3.4,3,500,0,0,100000,586,-59766,35892296,68,104744,-83158336
21:20:33.605,0,-3.26,3,500,0,0,100000,505,-51331,35892088,1128,71019,-83158232
21:20:33.611,0,-3.09,3,500,0,0,100000,489,-60403,35891716,1383,52341,-83157904
21:20:33.616,0,-3.0,3,500,0,0,100000,569,-84178,35891240,303,86897,-83157296
21:20:33.621,0,-3.06,3,500,0,0,100000,513,-103017,35890596,30,111460,-83156728
21:20:33.626,0,-3.34,3,500,0,0,100000,420,-100431,35890120,600,90771,-83156456
21:20:33.631,0,-3.39,3,500,0,0,100000,481,-93577,35889704,1160,54585,-83156288
21:20:33.636,0,-3.32,3,500,0,0,100000,499,-67071,35889444,532,80994,-83155672
21:20:33.641,0,-3.19,3,500,0,0,100000,550,-50880,35889284,37,107390,-83155072
21:20:33.646,0,-3.11,3,500,0,0,100000,490,-57152,35888984,1087,69493,-83155032
21:20:33.651,0,-3.12,3,500,0,0,100000,476,-82542,35888424,1472,44573,-83154744
21:20:33.656,0,-3.22,3,500,0,0,100000,551,-109242,35887812,502,74075,-83154072
21:20:33.661,0,-3.33,3,500,0,0,100000,445,-113245,35887156,-102,122272,-83153376
21:20:33.666,0,-3.37,3,500,0,0,100000,406,-103452,35886704,1135,59805,-83153432
21:20:33.672,0,-3.28,3,500,0,0,100000,644,-69165,35886460,845,59926,-83152944
21:20:33.677,0,-3.11,3,500,0,0,100000,594,-39424,35886424,241,94344,-83152304
21:20:33.682,0,-2.98,3,500,0,0,100000,609,-24918,35886340,283,98948,-83151904
21:20:33.687,0,-2.97,3,500,0,0,100000,479,-49355,35886012,1626,45303,-83151944
21:20:33.692,0,-3.13,3,500,0,0,100000,527,-93696,35885348,1101,51655,-83151440
21:20:33.697,0,-3.38,3,500,0,0,100000,512,-124100,35884652,-50,116691,-83150672
21:20:33.702,0,-3.58,3,500,0,0,100000,410,-135310,35883824,354,97055,-83150400
21:20:33.707,0,-3.61,3,500,0,0,100000,401,-120545,35883300,1199,57936,-83150160
21:20:33.712,0,-3.44,3,500,0,0,100000,552,-81721,35883076,355,85272,-83149576
21:20:33.717,0,-3.17,3,500,0,0,100000,571,-42068,35883004,182,100369,-83149072
21:20:33.722,0,-2.93,3,500,0,0,100000,470,-36549,35882860,814,81947,-83148792
21:20:33.727,0,-2.86,3,500,0,0,100000,409,-58832,35882452,1059,58553,-83148608
21:20:33.732,0,-2.99,3,500,0,0,100000,565,-82625,35881968,590,81139,-83148032
21:20:33.737,0,-3.23,3,500,0,0,100000,483,-100903,35881420,215,97775,-83147520
21:20:33.742,0,-3.47,3,500,0,0,100000,426,-114531,35880712,884,73225,-83147344
21:20:33.747,0,-3.58,3,500,0,0,100000,454,-109935,35880224,897,69045,-83146912
21:20:33.752,0,-3.51,3,500,0,0,100000,530,-88628,35879832,533,81216,-83146392
21:20:33.757,0,-3.31,3,500,0,0,100000,523,-63617,35879584,359,91882,-83145912
21:20:33.763,0,-3.09,3,500,0,0,100000,491,-57825,35879348,955,74557,-83145696
21:20:33.768,0,-2.96,3,500,0,0,100000,541,-68514,35878940,1185,62222,-83145352
21:20:33.773,0,-2.96,3,500,0,0,100000,556,-80913,35878520,422,88343,-83144824
21:20:33.778,0,-3.08,3,500,0,0,100000,490,-86871,35878080,287,95733,-83144336
21:20:33.783,0,-3.24,3,500,0,0,100000,476,-87256,35877576,453,91611,-83143952
21:20:33.788,0,-3.37,3,500,0,0,100000,441,-88049,35877148,1153,66201,-83143760
21:20:33.793,0,-3.41,3,500,0,0,100000,510,-91033,35876628,994,62838,-83143320
21:20:33.798,0,-3.38,3,500,0,0,100000,655,-84918,35876272,190,98641,-83142752
21:20:33.803,0,-3.3,3,500,0,0,100000,484,-84953,35875872,547,91978,-83142368
21:20:33.808,0,-3.23,3,500,0,0,100000,451,-84061,35875380,1138,69444,-83142096
21:20:33.813,0,-3.17,3,500,0,0,100000,511,-79706,35875032,983,64378,-83141672
21:20:33.818,0,-3.14,3,500,0,0,100000,526,-77819,35874612,277,92408,-83141152
21:20:33.823,0,-3.14,3,500,0,0,100000,476,-64693,35874352,565,85755,-83140792
21:20:33.828,0,-3.15,3,500,0,0,100000,481,-56765,35874072,1076,68553,-83140496
21:20:33.833,0,-3.2,3,500,0,0,100000,542,-67656,35873728,842,68257,-83140144
21:20:33.838,0,-3.27,3,500,0,0,100000,558,-85006,35873208,365,90862,-83139600
21:20:33.843,0,-3.36,3,500,0,0,100000,438,-99142,35872692,347,96193,-83139160
21:20:33.848,0,-3.44,3,500,0,0,100000,358,-108092,35872044,751,80234,-83138824
21:20:33.854,0,-3.45,3,500,0,0,100000,456,-95193,35871660,803,72020,-83138488
21:20:33.859,0,-3.37,3,500,0,0,100000,493,-77537,35871372,562,81086,-83137984
21:20:33.864,0,-3.23,3,500,0,0,100000,526,-52371,35871176,600,88832,-83137616
21:20:33.869,0,-3.08,3,500,0,0,100000,524,-43549,35871000,890,72772,-83137312
21:20:33.874,0,-3.03,3,500,0,0,100000,533,-63201,35870596,1032,65780,-83136928
21:20:33.879,0,-3.1,3,500,0,0,100000,499,-91439,35870048,491,84778,-83136472
21:20:33.884,0,-3.26,3,500,0,0,100000,446,-103465,35869508,417,93626,-83135984
21:20:33.889,0,-3.43,3,500,0,0,100000,415,-103552,35868928,813,81464,-83135632
21:20:33.894,0,-3.5,3,500,0,0,100000,455,-89663,35868556,772,69438,-83135312
21:20:33.899,0,-3.43,3,500,0,0,100000,523,-71969,35868296,372,90109,-83134736
21:20:33.904,0,-3.26,3,500,0,0,100000,543,-54944,35868016,483,89516,-83134256
21:20:33.909,0,-3.08,3,500,0,0,100000,521,-58142,35867736,911,79053,-83134032
21:20:33.914,0,-2.99,3,500,0,0,100000,483,-79298,35867224,1187,63776,-83133704
21:20:33.919,0,-3.03,3,500,0,0,100000,490,-95214,35866720,962,68700,-83133232
21:20:33.924,0,-3.15,3,500,0,0,100000,457,-101560,35866220,124,102598,-83132672
21:20:33.929,0,-3.27,3,500,0,0,100000,399,-98390,35865768,933,76620,-83132480
21:20:33.934,0,-3.31,3,500,0,0,100000,472,-79079,35865396,1115,60945,-83132112
21:20:33.939,0,-3.24,3,500,0,0,100000,539,-68163,35865136,298,88607,-83131560
21:20:33.945,0,-3.13,3,500,0,0,100000,563,-62055,35864820,239,97403,-83131104
21:20:33.950,0,-3.04,3,500,0,0,100000,498,-67692,35864468,590,85618,-83130760
21:20:33.955,0,-3.03,3,500,0,0,100000,501,-85577,35863992,1159,61986,-83130544
21:20:33.960,0,-3.1,3,500,0,0,100000,512,-99524,35863384,869,68170,-83130056
21:20:33.965,0,-3.21,3,500,0,0,100000,487,-91952,35862984,339,94764,-83129464
21:20:33.970,0,-3.28,3,500,0,0,100000,444,-92576,35862460,724,82219,-83129200
21:20:33.975,0,-3.29,3,500,0,0,100000,453,-83109,35862096,936,71080,-83128840
21:20:33.980,0,-3.21,3,500,0,0,100000,500,-71618,35861816,808,76118,-83128368
21:20:33.985,0,-3.11,3,500,0,0,100000,546,-71082,35861428,565,83624,-83127992
21:20:33.990,0,-3.04,3,500,0,0,100000,447,-73086,35861084,659,85416,-83127568
21:20:33.995,0,-3.03,3,500,0,0,100000,473,-83274,35860600,879,74442,-83127216
21:20:34.000,0,-3.08,3,500,0,0,100000,486,-88997,35860168,939,69035,-83126832
21:20:34.005,0,-3.16,3,500,0,0,100000,493,-82067,35859752,552,85420,-83126384
21:20:34.010,0,-3.2,3,500,0,0,100000,486,-79059,35859396,771,80888,-83126016
21:20:34.015,0,-3.21,3,500,0,0,100000,483,-75873,35858984,951,71768,-83125664
21:20:34.020,0,-3.17,3,500,0,0,100000,512,-75542,35858632,754,75038,-83125272
21:20:34.025,0,-3.11,3,500,0,0,100000,540,-82362,35858148,464,90385,-83124744
21:20:34.030,0,-3.08,3,500,0,0,100000,464,-76321,35857804,481,92331,-83124296
21:20:34.035,0,-3.06,3,500,0,0,100000,481,-70199,35857496,938,64219,-83124120
21:20:34.041,0,-3.06,3,500,0,0,100000,625,-63865,35857168,787,70980,-83123632
21:20:34.046,0,-3.08,3,500,0,0,100000,562,-62793,35856880,260,96057,-83123128
21:20:34.051,0,-3.11,3,500,0,0,100000,495,-73863,35856424,722,83678,-83122800
21:20:34.056,0,-3.17,3,500,0,0,100000,473,-89560,35855936,1102,69426,-83122472
21:20:34.061,0,-3.25,3,500,0,0,100000,514,-99239,35855428,802,71988,-83122072
21:20:34.066,0,-3.32,3,500,0,0,100000,481,-99710,35854780,517,78652,-83121520
21:20:34.071,0,-3.24,3,500,0,0,100000,493,-79547,35854504,322,93178,-83120992
21:20:34.076,0,-3.11,3,500,0,0,100000,495,-63290,35854216,487,91220,-83120592
21:20:34.081,0,-2.97,3,500,0,0,100000,444,-62348,35853932,1115,63024,-83120432
21:20:34.086,0,-2.9,3,500,0,0,100000,560,-57572,35853692,597,78978,-83119976
21:20:34.091,0,-2.94,3,500,0,0,100000,542,-55990,35853448,398,94934,-83119472
21:20:34.096,0,-3.07,3,500,0,0,100000,559,-73418,35852976,1044,68268,-83119344
21:20:34.101,0,-3.23,3,500,0,0,100000,465,-90687,35852480,1032,63344,-83118912
21:20:34.106,0,-3.35,3,500,0,0,100000,522,-103469,35851864,564,80613,-83118352
21:20:34.111,0,-3.39,3,500,0,0,100000,455,-99926,35851400,331,92760,-83117928
21:20:34.116,0,-3.32,3,500,0,0,100000,464,-79909,35851008,824,81357,-83117592
21:20:34.121,0,-3.17,3,500,0,0,100000,511,-71806,35850712,993,66872,-83117208
21:20:34.126,0,-3.02,3,500,0,0,100000,548,-64828,35850440,514,86450,-83116720
21:20:34.132,0,-2.93,3,500,0,0,100000,639,-65371,35850076,420,92944,-83116264
21:20:34.137,0,-2.95,3,500,0,0,100000,459,-74017,35849684,856,76661,-83115960
21:20:34.142,0,-3.05,3,500,0,0,100000,538,-84991,35849236,1009,67614,-83115656
21:20:34.147,0,-3.17,3,500,0,0,100000,527,-85878,35848764,614,82299,-83115136
21:20:34.152,0,-3.27,3,500,0,0,100000,507,-85032,35848372,431,90207,-83114672
21:20:34.157,0,-3.29,3,500,0,0,100000,463,-83619,35847896,980,72450,-83114448
21:20:34.162,0,-3.26,3,500,0,0,100000,511,-87215,35847496,1114,63593,-83114072
21:20:34.167,0,-3.21,3,500,0,0,100000,521,-85577,35847048,707,76743,-83113560
21:20:34.172,0,-3.15,3,500,0,0,100000,516,-80947,35846692,385,91439,-83113048
21:20:34.177,0,-3.11,3,500,0,0,100000,501,-80279,35846256,706,77210,-83112816
21:20:34.182,0,-3.1,3,500,0,0,100000,519,-77108,35845844,852,73341,-83112408
21:20:34.187,0,-3.1,3,500,0,0,100000,495,-72581,35845528,815,75944,-83111960
21:20:34.192,0,-3.13,3,500,0,0,100000,508,-71242,35845200,572,82241,-83111568
21:20:34.197,0,-3.18,3,500,0,0,100000,519,-74582,35844772,691,82465,-83111160
21:20:34.203,0,-3.25,3,500,0,0,100000,498,-86832,35844316,776,75884,-83110840
21:20:34.208,0,-3.32,3,500,0,0,100000,439,-99130,35843784,587,85416,-83110360
21:20:34.213,0,-3.35,3,500,0,0,100000,466,-93643,35843272,724,81268,-83109952
21:20:34.218,0,-3.31,3,500,0,0,100000,487,-88380,35842864,757,73291,-83109640
21:20:34.223,0,-3.2,3,500,0,0,100000,456,-63042,35842620,518,83563,-83109152
21:20:34.228,0,-3.07,3,500,0,0,100000,518,-46867,35842464,441,91332,-83108704
21:20:34.233,0,-2.99,3,500,0,0,100000,509,-56344,35842156,846,76449,-83108400
21:20:34.238,0,-3.02,3,500,0,0,100000,496,-80228,35841624,1013,64778,-83108128
21:20:34.243,0,-3.15,3,500,0,0,100000,517,-94128,35841140,383,86733,-83107560
21:20:34.248,0,-3.32,3,500,0,0,100000,457,-102266,35840552,325,95044,-83107088
21:20:34.254,0,-3.43,3,500,0,0,100000,424,-95120,35840132,1040,67506,-83106928
21:20:34.259,0,-3.4,3,500,0,0,100000,512,-81288,35839752,910,65762,-83106480
21:20:34.264,0,-3.28,3,500,0,0,100000,534,-65794,35839508,540,80172,-83105936
21:20:34.269,0,-3.11,3,500,0,0,100000,590,-54751,35839264,425,95540,-83105528
21:20:34.274,0,-3.0,3,500,0,0,100000,503,-55611,35838996,813,76722,-83105224
21:20:34.279,0,-3.01,3,500,0,0,100000,506,-76692,35838484,1076,68199,-83104856
21:20:34.284,0,-3.12,3,500,0,0,100000,578,-87494,35838028,593,79090,-83104416
21:20:34.289,0,-3.27,3,500,0,0,100000,512,-92901,35837496,477,79247,-83103872
21:20:34.294,0,-3.38,3,500,0,0,100000,450,-87560,35837096,582,89110,-83103576
21:20:34.299,0,-3.4,3,500,0,0,100000,449,-81312,35836728,1075,72057,-83103224
21:20:34.304,0,-3.33,3,500,0,0,100000,492,-74346,35836340,1113,57446,-83102856
21:20:34.309,0,-3.22,3,500,0,0,100000,560,-69707,35836040,-4,109501,-83102128
21:20:34.314,0,-3.12,3,500,0,0,100000,489,-67457,35835732,43,114765,-83101696
21:20:34.319,0,-3.06,3,500,0,0,100000,431,-74970,35835268,1177,53249,-83101680
21:20:34.324,0,-3.07,3,500,0,0,100000,501,-74176,35834932,1018,58129,-83101176
21:20:34.330,0,-3.12,3,500,0,0,100000,552,-69347,35834580,83,105740,-83100536
21:20:34.335,0,-3.17,3,500,0,0,100000,503,-66558,35834280,543,92509,-83100224
21:20:34.340,0,-3.23,3,500,0,0,100000,477,-74884,35833832,1238,67568,-83099960
21:20:34.345,0,-3.28,3,500,0,0,100000,479,-87734,35833384,814,66459,-83099576
21:20:34.350,0,-3.33,3,500,0,0,100000,562,-95653,35832836,70,110062,-83098848
21:20:34.355,0,-3.35,3,500,0,0,100000,413,-86030,35832460,361,98293,-83098544
21:20:34.360,0,-3.34,3,500,0,0,100000,451,-80731,35832012,1257,52901,-83098448
21:20:34.365,0,-3.28,3,500,0,0,100000,568,-73951,35831700,577,76760,-83097800
21:20:34.370,0,-3.21,3,500,0,0,100000,540,-62294,35831464,4,113345,-83097240
21:20:34.375,0,-3.16,3,500,0,0,100000,425,-72582,35831000,1075,72890,-83097096
21:20:34.380,0,-3.17,3,500,0,0,100000,486,-84138,35830552,1168,52981,-83096760
21:20:34.385,0,-3.23,3,500,0,0,100000,623,-88944,35830056,90,100075,-83096072
21:20:34.390,0,-3.32,3,500,0,0,100000,497,-94384,35829592,185,105948,-83095656
21:20:34.395,0,-3.38,3,500,0,0,100000,424,-97550,35829108,1088,68190,-83095456
21:20:34.400,0,-3.39,3,500,0,0,100000,460,-93510,35828604,1011,60435,-83095032
21:20:34.406,0,-3.33,3,500,0,0,100000,524,-71085,35828372,191,101635,-83094424
21:20:34.411,0,-3.23,3,500,0,0,100000,529,-54899,35828136,684,83143,-83094144
21:20:34.416,0,-3.15,3,500,0,0,100000,512,-62706,35827764,1280,62220,-83093872
21:20:34.421,0,-3.12,3,500,0,0,100000,521,-74138,35827384,789,72934,-83093448
21:20:34.426,0,-3.28,3,500,0,0,100000,557,-84189,35826900,378,91348,-83092928
21:20:34.431,0,-3.4,3,500,0,0,100000,479,-89630,35826468,389,100489,-83092456
21:20:34.436,0,-3.47,3,500,0,0,100000,432,-90767,35825956,831,83230,-83092136
21:20:34.441,0,-3.46,3,500,0,0,100000,461,-93519,35825508,999,59428,-83091888
21:20:34.446,0,-3.38,3,500,0,0,100000,521,-78893,35825204,364,87212,-83091256
21:20:34.451,0,-3.29,3,500,0,0,100000,551,-60774,35824932,199,106422,-83090784
21:20:34.456,0,-3.22,3,500,0,0,100000,475,-59391,35824644,1022,77572,-83090568
21:20:34.461,0,-3.22,3,500,0,0,100000,458,-71600,35824064,725,90741,-83089912
21:20:34.466,0,-3.27,3,500,0,0,100000,472,-88681,35823572,1254,42695,-83089800
21:20:34.471,0,-3.34,3,500,0,0,100000,419,-87019,35822824,1166,54204,-83089080
21:20:34.476,0,-3.39,3,500,0,0,100000,517,-88251,35822416,284,83970,-83088464
21:20:34.482,0,-3.38,3,500,0,0,100000,529,-71228,35822152,30,114501,-83087888
21:20:34.487,0,-3.32,3,500,0,0,100000,472,-59390,35821840,777,81910,-83087696
21:20:34.492,0,-3.26,3,500,0,0,100000,527,-62748,35821540,1482,51633,-83087456
21:20:34.497,0,-3.22,3,500,0,0,100000,588,-74123,35821120,465,85465,-83086872
21:20:34.502,0,-3.25,3,500,0,0,100000,497,-78476,35820680,176,105060,-83086360
21:20:34.507,0,-3.33,3,500,0,0,100000,427,-79530,35820292,597,89581,-83086048
21:20:34.512,0,-3.42,3,500,0,0,100000,436,-85308,35819796,1202,58436,-83085856
21:20:34.517,0,-3.48,3,500,0,0,100000,481,-75400,35819500,798,71056,-83085336
21:20:34.522,0,-3.49,3,500,0,0,100000,535,-72443,35819172,280,102166,-83084808
21:20:34.527,0,-3.47,3,500,0,0,100000,496,-76720,35818716,644,86234,-83084504
21:20:34.532,0,-3.44,3,500,0,0,100000,538,-87989,35818248,1186,64512,-83084208
21:20:34.537,0,-3.43,3,500,0,0,100000,494,-99978,35817652,670,76375,-83083744
21:20:34.542,0,-3.44,3,500,0,0,100000,481,-93636,35817244,146,98983,-83083144
21:20:34.547,0,-3.43,3,500,0,0,100000,439,-85127,35816860,191,105328,-83082704
21:20:34.553,0,-3.4,3,500,0,0,100000,400,-70618,35816500,1384,54771,-83082680
21:20:34.558,0,-3.35,3,500,0,0,100000,522,-64093,35816228,1053,60090,-83082176
21:20:34.563,0,-3.31,3,500,0,0,100000,600,-73523,35815808,490,87859,-83081584
21:20:34.568,0,-3.3,3,500,0,0,100000,508,-89843,35815316,377,94687,-83081152
21:20:34.573,0,-3.37,3,500,0,0,100000,486,-106503,35814672,950,69791,-83080968
21:20:34.578,0,-3.45,3,500,0,0,100000,471,-106207,35814168,753,73719,-83080480
21:20:34.583,0,-3.51,3,500,0,0,100000,479,-92175,35813720,419,87431,-83079960
21:20:34.588,0,-3.49,3,500,0,0,100000,551,-63698,35813480,455,88030,-83079536
21:20:34.593,0,-3.37,3,500,0,0,100000,509,-49401,35813312,1029,66439,-83079328
21:20:34.598,0,-3.23,3,500,0,0,100000,609,-49766,35813056,1158,62518,-83078936
21:20:34.603,0,-3.16,3,500,0,0,100000,561,-65224,35812696,494,92115,-83078416
21:20:34.608,0,-3.21,3,500,0,0,100000,499,-93006,35812144,721,84340,-83078072
21:20:34.613,0,-3.38,3,500,0,0,100000,447,-122681,35811428,1040,65560,-83077824
21:20:34.618,0,-3.6,3,500,0,0,100000,130,-128821,35810684,437,85871,-83077232
21:20:34.623,0,-3.74,3,500,0,0,100000,438,-107071,35810264,238,98309,-83076712
21:20:34.629,0,-3.7,3,500,0,0,100000,424,-71591,35810048,943,73236,-83076528
21:20:34.634,0,-3.5,3,500,0,0,100000,543,-38173,35809964,1129,62978,-83076152
21:20:34.639,0,-3.23,3,500,0,0,100000,664,-34877,35809836,899,67942,-83075704
21:20:34.644,0,-3.04,3,500,0,0,100000,578,-63636,35809396,561,88228,-83075264
21:20:34.649,0,-3.03,3,500,0,0,100000,405,-99630,35808780,642,83594,-83074888
21:20:34.654,0,-3.22,3,500,0,0,100000,453,-122052,35808024,885,74462,-83074520
21:20:34.659,0,-3.49,3,500,0,0,100000,434,-116873,35807496,419,84144,-83074064
21:20:34.664,0,-3.67,3,500,0,0,100000,487,-88869,35807112,129,102312,-83073512
21:20:34.669,0,-3.66,3,500,0,0,100000,509,-56883,35806984,711,86740,-83073200
21:20:34.674,0,-3.46,3,500,0,0,100000,454,-36077,35806872,1037,60623,-83072992
21:20:34.679,0,-3.19,3,500,0,0,100000,582,-38922,35806700,821,71389,-83072504
21:20:34.684,0,-3.01,3,500,0,0,100000,545,-59330,35806312,701,83698,-83072040
21:20:34.690,0,-3.03,3,500,0,0,100000,566,-91708,35805752,1102,72410,-83071800
21:20:34.695,0,-3.23,3,500,0,0,100000,438,-112495,35805128,1000,62585,-83071408
21:20:34.700,0,-3.51,3,500,0,0,100000,471,-117449,35804440,253,95864,-83070808
21:20:34.705,0,-3.73,3,500,0,0,100000,445,-94735,35804092,32,108414,-83070304
21:20:34.710,0,-3.77,3,500,0,0,100000,488,-68874,35803796,641,86417,-83070008
21:20:34.715,0,-3.63,3,500,0,0,100000,529,-55822,35803572,1181,55752,-83069816
21:20:34.720,0,-3.4,3,500,0,0,100000,599,-60298,35803308,555,79788,-83069224
21:20:34.725,0,-3.19,3,500,0,0,100000,559,-77428,35802844,131,108090,-83068624
21:20:34.730,0,-3.11,3,500,0,0,100000,437,-94929,35802296,333,102343,-83068272
21:20:34.735,0,-3.16,3,500,0,0,100000,393,-99756,35801716,1318,54419,-83068192
21:20:34.741,0,-3.29,3,500,0,0,100000,476,-87876,35801364,703,72018,-83067616
21:20:34.746,0,-3.4,3,500,0,0,100000,528,-63288,35801128,233,96402,-83067048
21:20:34.751,0,-3.42,3,500,0,0,100000,486,-52688,35800932,849,80010,-83066832
21:20:34.756,0,-3.36,3,500,0,0,100000,483,-63777,35800544,1230,67129,-83066504
21:20:34.761,0,-3.34,3,500,0,0,100000,511,-86373,35800048,1050,60953,-83066096
21:20:34.766,0,-3.44,3,500,0,0,100000,524,-112076,35799332,285,94349,-83065520
21:20:34.771,0,-3.56,3,500,0,0,100000,439,-112230,35798780,167,103954,-83065032
21:20:34.776,0,-3.6,3,500,0,0,100000,373,-94404,35798296,756,84159,-83064720
21:20:34.781,0,-3.52,3,500,0,0,100000,483,-68728,35798064,1025,64749,-83064448
21:20:34.786,0,-3.34,3,500,0,0,100000,524,-38060,35797988,671,81091,-83063928
21:20:34.791,0,-3.18,3,500,0,0,100000,525,-37658,35797820,648,81255,-83063544
21:20:34.796,0,-3.16,3,500,0,0,100000,548,-67259,35797348,816,72297,-83063240
21:20:34.801,0,-3.3,3,500,0,0,100000,494,-105733,35796684,866,71147,-83062904
21:20:34.806,0,-3.55,3,500,0,0,100000,499,-132846,35795948,456,86697,-83062360
21:20:34.811,0,-3.76,3,500,0,0,100000,403,-126820,35795360,526,87482,-83062024
21:20:34.817,0,-3.8,3,500,0,0,100000,439,-95948,35794940,904,72148,-83061672
21:20:34.822,0,-3.63,3,500,0,0,100000,570,-61717,35794804,897,70426,-83061240
21:20:34.827,0,-3.33,3,500,0,0,100000,514,-33779,35794744,655,84719,-83060832
21:20:34.832,0,-3.08,3,500,0,0,100000,553,-35282,35794580,1088,71683,-83060544
21:20:34.837,0,-3.01,3,500,0,0,100000,607,-61376,35794160,1167,65421,-83060184
21:20:34.842,0,-3.17,3,500,0,0,100000,505,-103544,35793432,637,80575,-83059752
21:20:34.847,0,-3.45,3,500,0,0,100000,464,-125439,35792744,408,95456,-83059232
21:20:34.852,0,-3.69,3,500,0,0,100000,402,-113742,35792236,621,91873,-83058824
21:20:34.857,0,-3.76,3,500,0,0,100000,440,-80624,35791904,953,67847,-83058584
21:20:34.862,0,-3.62,3,500,0,0,100000,544,-53430,35791780,739,72611,-83058104
21:20:34.867,0,-3.37,3,500,0,0,100000,672,-39016,35791672,600,82259,-83057632
21:20:34.872,0,-3.17,3,500,0,0,100000,514,-47297,35791380,834,79115,-83057352
21:20:34.877,0,-3.12,3,500,0,0,100000,540,-80398,35790868,1018,63436,-83057056
21:20:34.882,0,-3.25,3,500,0,0,100000,481,-111786,35790124,726,75196,-83056568
21:20:34.887,0,-3.45,3,500,0,0,100000,401,-115356,35789564,416,97747,-83056064
21:20:34.892,0,-3.58,3,500,0,0,100000,339,-93116,35789192,683,81840,-83055744
21:20:34.898,0,-3.56,3,500,0,0,100000,482,-57106,35789016,957,67788,-83055400
21:20:34.903,0,-3.4,3,500,0,0,100000,539,-41031,35788872,1051,62096,-83055000
21:20:34.908,0,-3.22,3,500,0,0,100000,576,-43550,35788680,528,88108,-83054520
21:20:34.913,0,-3.16,3,500,0,0,100000,494,-68901,35788212,623,93580,-83054096
21:20:34.918,0,-3.26,3,500,0,0,100000,425,-94673,35787672,1057,74397,-83053816
21:20:34.923,0,-3.48,3,500,0,0,100000,492,-119492,35786908,938,61470,-83053496
21:20:34.928,0,-3.69,3,500,0,0,100000,509,-120209,35786356,139,99547,-83052784
21:20:34.933,0,-3.76,3,500,0,0,100000,440,-100841,35785940,345,97969,-83052472
21:20:34.938,0,-3.66,3,500,0,0,100000,477,-66638,35785680,1112,69786,-83052200
21:20:34.943,0,-3.43,3,500,0,0,100000,521,-51602,35785512,1146,57082,-83051832
21:20:34.948,0,-3.2,3,500,0,0,100000,576,-57656,35785200,423,89604,-83051272
21:20:34.953,0,-3.09,3,500,0,0,100000,553,-75449,35784776,345,95402,-83050824
21:20:34.958,0,-3.13,3,500,0,0,100000,456,-88335,35784296,713,82208,-83050504
21:20:34.963,0,-3.3,3,500,0,0,100000,460,-98592,35783704,909,68603,-83050232
21:20:34.969,0,-3.47,3,500,0,0,100000,506,-91486,35783312,492,83434,-83049688
21:20:34.974,0,-3.57,3,500,0,0,100000,559,-87428,35782772,841,66378,-83049200
21:20:34.979,0,-3.57,3,500,0,0,100000,548,-83726,35782332,317,97745,-83048672
21:20:34.984,0,-3.49,3,500,0,0,100000,492,-88235,35781904,636,87385,-83048328
21:20:34.989,0,-3.41,3,500,0,0,100000,442,-92609,35781380,1108,67447,-83048032
21:20:34.994,0,-3.34,3,500,0,0,100000,552,-87646,35781072,312,95770,-83047560
21:20:34.999,0,-3.3,3,500,0,0,100000,481,-79520,35780728,904,74470,-83047368
21:20:35.004,0,-3.26,3,500,0,0,100000,509,-60668,35780484,949,62408,-83046992
21:20:35.009,0,-3.23,3,500,0,0,100000,553,-48521,35780308,777,72988,-83046488
21:20:35.014,0,-3.22,3,500,0,0,100000,550,-55090,35779992,555,86983,-83046088
21:20:35.019,0,-3.28,3,500,0,0,100000,503,-74695,35779556,937,75734,-83045776
21:20:35.024,0,-3.42,3,500,0,0,100000,494,-106072,35778928,982,66635,-83045456
21:20:35.029,0,-3.61,3,500,0,0,100000,484,-133012,35778092,492,83788,-83044896
21:20:35.034,0,-3.76,3,500,0,0,100000,504,-124362,35777540,145,103710,-83044336
21:20:35.039,0,-3.78,3,500,0,0,100000,440,-91891,35777112,1027,75597,-83044152
21:20:35.045,0,-3.63,3,500,0,0,100000,481,-54994,35777000,1159,63044,-83043768
21:20:35.050,0,-3.37,3,500,0,0,100000,535,-35355,35776928,862,72541,-83043280
21:20:35.055,0,-3.12,3,500,0,0,100000,620,-45335,35776656,519,90084,-83042856
21:20:35.060,0,-3.01,3,500,0,0,100000,472,-62658,35776276,905,75952,-83042568
21:20:35.065,0,-3.1,3,500,0,0,100000,497,-78061,35775788,1001,66075,-83042216
21:20:35.070,0,-3.33,3,500,0,0,100000,503,-101143,35775240,790,72054,-83041744
21:20:35.075,0,-3.61,3,500,0,0,100000,383,-109894,35774672,342,94154,-83041264
21:20:35.080,0,-3.79,3,500,0,0,100000,436,-107749,35774084,620,88716,-83040880
21:20:35.085,0,-3.8,3,500,0,0,100000,447,-88805,35773720,1002,70569,-83040576
21:20:35.090,0,-3.66,3,500,0,0,100000,494,-60514,35773496,800,70969,-83040184
21:20:35.095,0,-3.41,3,500,0,0,100000,571,-40588,35773396,482,88292,-83039640
21:20:35.100,0,-3.19,3,500,0,0,100000,566,-44660,35773144,603,89242,-83039304
21:20:35.105,0,-3.08,3,500,0,0,100000,522,-69349,35772712,913,75817,-83038976
21:20:35.110,0,-3.14,3,500,0,0,100000,462,-90382,35772128,1187,62918,-83038624
21:20:35.116,0,-3.34,3,500,0,0,100000,532,-99016,35771624,494,81503,-83038128
21:20:35.121,0,-3.57,3,500,0,0,100000,509,-94639,35771204,141,101388,-83037560
21:20:35.126,0,-3.72,3,500,0,0,100000,471,-91893,35770768,339,100143,-83037152
21:20:35.131,0,-3.73,3,500,0,0,100000,411,-84159,35770320,1070,63790,-83037032
21:20:35.136,0,-3.61,3,500,0,0,100000,521,-81870,35769948,978,64256,-83036568
21:20:35.141,0,-3.27,3,500,0,0,100000,540,-74625,35769556,484,83250,-83036008
21:20:35.146,0,-3.16,3,500,0,0,100000,514,-64127,35769296,532,93389,-83035624
21:20:35.151,0,-3.12,3,500,0,0,100000,471,-57851,35768996,1063,72801,-83035336
21:20:35.156,0,-3.16,3,500,0,0,100000,514,-69328,35768632,1270,59610,-83034984
21:20:35.161,0,-3.25,3,500,0,0,100000,485,-69939,35768252,814,72461,-83034464
21:20:35.166,0,-3.37,3,500,0,0,100000,489,-65364,35767972,481,91849,-83034032
21:20:35.171,0,-3.5,3,500,0,0,100000,480,-75516,35767524,725,80199,-83033696
21:20:35.176,0,-3.6,3,500,0,0,100000,519,-87988,35767064,969,68716,-83033400
21:20:35.181,0,-3.65,3,500,0,0,100000,509,-107761,35766388,594,84743,-83032848
21:20:35.186,0,-3.64,3,500,0,0,100000,487,-103412,35765912,304,99054,-83032320
21:20:35.191,0,-3.56,3,500,0,0,100000,509,-88377,35765540,807,77727,-83032112
21:20:35.196,0,-3.41,3,500,0,0,100000,506,-65354,35765248,1071,63715,-83031760
21:20:35.201,0,-3.26,3,500,0,0,100000,563,-47687,35765108,778,76798,-83031232
21:20:35.207,0,-3.17,3,500,0,0,100000,537,-56948,35764776,763,82027,-83030896
21:20:35.212,0,-3.2,3,500,0,0,100000,440,-83054,35764272,1158,68548,-83030584
21:20:35.217,0,-3.35,3,500,0,0,100000,436,-98526,35763748,1091,64435,-83030144
21:20:35.222,0,-3.53,3,500,0,0,100000,515,-111141,35763080,81,101875,-83029536
21:20:35.227,0,-3.65,3,500,0,0,100000,440,-100792,35762648,263,100543,-83029128
21:20:35.232,0,-3.62,3,500,0,0,100000,419,-88381,35762200,934,70847,-83028872
21:20:35.237,0,-3.48,3,500,0,0,100000,517,-72447,35761940,760,73791,-83028472
21:20:35.242,0,-3.29,3,500,0,0,100000,555,-53313,35761736,520,89394,-83027976
21:20:35.247,0,-3.15,3,500,0,0,100000,543,-54364,35761436,703,83271,-83027624
21:20:35.252,0,-3.14,3,500,0,0,100000,502,-75292,35761000,980,63149,-83027416
21:20:35.257,0,-3.24,3,500,0,0,100000,473,-92401,35760424,795,75976,-83026880
21:20:35.262,0,-3.39,3,500,0,0,100000,481,-90765,35760004,287,93353,-83026336
21:20:35.267,0,-3.5,3,500,0,0,100000,451,-77900,35759668,796,78487,-83026096
21:20:35.272,0,-3.52,3,500,0,0,100000,491,-66479,35759340,1146,67396,-83025720
21:20:35.277,0,-3.47,3,500,0,0,100000,557,-74154,35758968,633,74784,-83025288
21:20:35.282,0,-3.39,3,500,0,0,100000,516,-80128,35758568,224,100077,-83024712
21:20:35.288,0,-3.36,3,500,0,0,100000,466,-88119,35758036,371,100995,-83024288
21:20:35.293,0,-3.36,3,500,0,0,100000,439,-91827,35757572,1322,61732,-83024192
21:20:35.298,0,-3.38,3,500,0,0,100000,422,-86573,35757096,993,62110,-83023712
21:20:35.303,0,-3.35,3,500,0,0,100000,520,-73280,35756824,372,84785,-83023112
21:20:35.308,0,-3.3,3,500,0,0,100000,519,-56920,35756612,224,106213,-83022664
21:20:35.313,0,-3.23,3,500,0,0,100000,468,-52298,35756328,1021,74330,-83022440
21:20:35.318,0,-3.22,3,500,0,0,100000,498,-60588,35756016,1534,50304,-83022144
21:20:35.323,0,-3.29,3,500,0,0,100000,543,-82094,35755512,970,61333,-83021624
21:20:35.328,0,-3.42,3,500,0,0,100000,549,-89891,35755064,28,112600,-83020968
21:20:35.333,0,-3.55,3,500,0,0,100000,447,-95490,35754504,439,95395,-83020672
21:20:35.338,0,-3.62,3,500,0,0,100000,523,-89907,35754000,1167,60660,-83020448
21:20:35.343,0,-3.6,3,500,0,0,100000,478,-88237,35753536,1147,58408,-83019984
21:20:35.348,0,-3.49,3,500,0,0,100000,535,-76939,35753220,530,80480,-83019400
21:20:35.353,0,-3.34,3,500,0,0,100000,497,-61756,35752984,500,97297,-83018968
21:20:35.358,0,-3.22,3,500,0,0,100000,486,-66762,35752648,1096,62809,-83018824
21:20:35.363,0,-3.17,3,500,0,0,100000,560,-76535,35752256,843,71972,-83018320
21:20:35.368,0,-3.2,3,500,0,0,100000,615,-75460,35751848,240,103082,-83017760
21:20:35.374,0,-3.29,3,500,0,0,100000,478,-79722,35751448,590,89523,-83017448
21:20:35.379,0,-3.41,3,500,0,0,100000,490,-94156,35750936,1010,66949,-83017160
21:20:35.384,0,-3.49,3,500,0,0,100000,462,-97779,35750392,1031,61854,-83016736
21:20:35.389,0,-3.53,3,500,0,0,100000,543,-98914,35749920,196,102260,-83016120
21:20:35.394,0,-3.51,3,500,0,0,100000,475,-91391,35749436,560,89327,-83015800
21:20:35.399,0,-3.43,3,500,0,0,100000,476,-81271,35749096,1005,68600,-83015488
21:20:35.404,0,-3.31,3,500,0,0,100000,492,-63595,35748816,632,83049,-83015040
21:20:35.409,0,-3.21,3,500,0,0,100000,481,-55643,35748596,500,89120,-83014592
21:20:35.414,0,-3.16,3,500,0,0,100000,490,-65257,35748212,792,82444,-83014224
21:20:35.419,0,-3.2,3,500,0,0,100000,491,-87625,35747656,990,65369,-83013976
21:20:35.424,0,-3.34,3,500,0,0,100000,500,-103620,35747104,638,79080,-83013424
21:20:35.429,0,-3.5,3,500,0,0,100000,478,-106732,35746584,157,105843,-83012824
21:20:35.434,0,-3.62,3,500,0,0,100000,397,-99750,35746032,1023,72855,-83012688
21:20:35.439,0,-3.62,3,500,0,0,100000,504,-95321,35745596,1164,59195,-83012296
21:20:35.444,0,-3.51,3,500,0,0,100000,552,-75845,35745332,293,95105,-83011704
21:20:35.449,0,-3.32,3,500,0,0,100000,533,-65980,35745000,282,99466,-83011240
21:20:35.455,0,-3.15,3,500,0,0,100000,464,-71618,35744624,800,78739,-83010960
21:20:35.460,0,-3.06,3,500,0,0,100000,436,-75919,35744180,1130,64004,-83010608
21:20:35.465,0,-3.08,3,500,0,0,100000,507,-80562,35743796,566,79583,-83010136
21:20:35.470,0,-3.18,3,500,0,0,100000,509,-78733,35743432,440,93066,-83009648
21:20:35.475,0,-3.3,3,500,0,0,100000,480,-74084,35743032,598,86405,-83009280
21:20:35.480,0,-3.38,3,500,0,0,100000,508,-83481,35742612,975,68332,-83009032
21:20:35.485,0,-3.42,3,500,0,0,100000,497,-90650,35742108,619,79299,-83008512
21:20:35.490,0,-3.4,3,500,0,0,100000,517,-91071,35741560,401,88274,-83007936
21:20:35.495,0,-3.37,3,500,0,0,100000,513,-84393,35741112,110,107867,-83007384
21:20:35.500,0,-3.33,3,500,0,0,100000,394,-68693,35740832,1085,66675,-83007304
21:20:35.505,0,-3.26,3,500,0,0,100000,521,-61006,35740580,1204,55542,-83006912
21:20:35.510,0,-3.2,3,500,0,0,100000,591,-58307,35740328,234,94597,-83006280
21:20:35.515,0,-3.18,3,500,0,0,100000,557,-64193,35739944,-38,115904,-83005720
21:20:35.520,0,-3.21,3,500,0,0,100000,447,-75289,35739600,1478,38831,-83005944
21:20:35.525,0,-3.31,3,500,0,0,100000,579,-92242,35739108,568,72581,-83005240
21:20:35.530,0,-3.44,3,500,0,0,100000,549,-99601,35738520,-221,126868,-83004504
21:20:35.535,0,-3.54,3,500,0,0,100000,373,-108052,35737944,1206,52955,-83004640
21:20:35.540,0,-3.57,3,500,0,0,100000,378,-97997,35737440,822,57703,-83004088
21:20:35.546,0,-3.48,3,500,0,0,100000,583,-79697,35737160,-50,113999,-83003264
21:20:35.551,0,-3.32,3,500,0,0,100000,433,-55527,35736972,549,99256,-83003000
21:20:35.556,0,-3.14,3,500,0,0,100000,484,-47954,35736732,1302,50889,-83002920
21:20:35.561,0,-3.01,3,500,0,0,100000,584,-54732,35736444,562,80500,-83002296
21:20:35.566,0,-3.0,3,500,0,0,100000,558,-70015,35736072,148,101959,-83001776
21:20:35.571,0,-3.29,3,500,0,0,100000,431,-97601,35735436,1100,75300,-83001624
21:20:35.576,0,-3.49,3,500,0,0,100000,459,-118947,35734792,1313,54606,-83001280
21:20:35.581,0,-3.59,3,500,0,0,100000,504,-118419,35734244,368,85239,-83000576
21:20:35.586,0,-3.54,3,500,0,0,100000,485,-92549,35733796,55,107555,-83000096
21:20:35.591,0,-3.37,3,500,0,0,100000,446,-62959,35733608,936,74576,-82999880
21:20:35.596,0,-3.16,3,500,0,0,100000,542,-44698,35733432,1204,64036,-82999488
21:20:35.601,0,-3.03,3,500,0,0,100000,611,-52772,35733172,581,81941,-82999024
21:20:35.606,0,-3.06,3,500,0,0,100000,471,-76136,35732712,557,91157,-82998568
21:20:35.611,0,-3.23,3,500,0,0,100000,461,-103119,35732024,683,81143,-82998208
21:20:35.616,0,-3.44,3,500,0,0,100000,455,-115559,35731420,738,73843,-82997872
21:20:35.621,0,-3.55,3,500,0,0,100000,455,-100121,35730908,476,90942,-82997312
21:20:35.626,0,-3.51,3,500,0,0,100000,463,-81111,35730592,364,94043,-82996864
21:20:35.631,0,-3.35,3,500,0,0,100000,488,-64733,35730356,929,69227,-82996680
21:20:35.637,0,-3.16,3,500,0,0,100000,539,-57417,35730084,880,72505,-82996232
21:20:35.642,0,-3.06,3,500,0,0,100000,549,-67288,35729740,548,84572,-82995736
21:20:35.647,0,-3.1,3,500,0,0,100000,504,-90838,35729156,488,90681,-82995320
21:20:35.652,0,-3.23,3,500,0,0,100000,423,-99369,35728652,1069,69663,-82995096
21:20:35.657,0,-3.36,3,500,0,0,100000,496,-100172,35728100,768,74771,-82994600
21:20:35.662,0,-3.4,3,500,0,0,100000,506,-79324,35727812,329,94604,-82994008
21:20:35.667,0,-3.34,3,500,0,0,100000,489,-53915,35727600,760,86748,-82993736
21:20:35.672,0,-3.23,3,500,0,0,100000,501,-50185,35727364,1054,61420,-82993472
21:20:35.677,0,-3.16,3,500,0,0,100000,584,-67184,35727004,593,84886,-82992936
21:20:35.682,0,-3.19,3,500,0,0,100000,498,-88342,35726432,242,98856,-82992424
21:20:35.687,0,-3.3,3,500,0,0,100000,441,-103400,35725864,517,93384,-82992032
21:20:35.692,0,-3.41,3,500,0,0,100000,450,-96354,35725332,1004,63829,-82991832
21:20:35.697,0,-3.43,3,500,0,0,100000,514,-78569,35725036,564,77953,-82991280
21:20:35.702,0,-3.34,3,500,0,0,100000,411,-53544,35724888,300,98886,-82990720
21:20:35.707,0,-3.2,3,500,0,0,100000,525,-40107,35724708,992,76378,-82990560
21:20:35.712,0,-3.13,3,500,0,0,100000,503,-52909,35724364,960,75997,-82990080
21:20:35.717,0,-3.19,3,500,0,0,100000,510,-93014,35723704,1108,60810,-82989752
21:20:35.722,0,-3.37,3,500,0,0,100000,489,-116728,35723088,306,94497,-82989152
21:20:35.728,0,-3.57,3,500,0,0,100000,417,-117605,35722512,324,102491,-82988776
21:20:35.733,0,-3.67,3,500,0,0,100000,450,-101022,35722100,1239,66011,-82988552
21:20:35.738,0,-3.6,3,500,0,0,100000,480,-74478,35721808,1027,52826,-82988128
21:20:35.743,0,-3.4,3,500,0,0,100000,582,-46206,35721728,91,107537,-82987424
21:20:35.748,0,-3.19,3,500,0,0,100000,567,-34079,35721588,374,98116,-82987104
21:20:35.753,0,-3.1,3,500,0,0,100000,593,-49929,35721288,1528,56071,-82987040
21:20:35.758,0,-3.19,3,500,0,0,100000,505,-89573,35720664,1312,60888,-82986576
21:20:35.763,0,-3.41,3,500,0,0,100000,498,-125263,35719928,627,78289,-82986000
21:20:35.768,0,-3.65,3,500,0,0,100000,421,-137674,35719220,47,109072,-82985464
21:20:35.773,0,-3.75,3,500,0,0,100000,380,-110121,35718680,669,85766,-82985136
21:20:35.778,0,-3.66,3,500,0,0,100000,612,-74067,35718476,1072,64457,-82984808
21:20:35.783,0,-3.41,3,500,0,0,100000,585,-41101,35718380,528,87004,-82984304
21:20:35.788,0,-3.13,3,500,0,0,100000,598,-35429,35718248,513,91324,-82983880
21:20:35.793,0,-3.0,3,500,0,0,100000,529,-52823,35717924,1009,75003,-82983608
21:20:35.798,0,-3.08,3,500,0,0,100000,509,-100061,35717208,1037,66249,-82983320
21:20:35.803,0,-3.32,3,500,0,0,100000,460,-127999,35716500,388,89725,-82982736
21:20:35.808,0,-3.57,3,500,0,0,100000,430,-127155,35715788,141,104496,-82982200
21:20:35.813,0,-3.68,3,500,0,0,100000,368,-97602,35715444,666,83743,-82981888
21:20:35.818,0,-3.58,3,500,0,0,100000,544,-46945,35715368,978,67061,-82981616
21:20:35.824,0,-3.34,3,500,0,0,100000,577,-27770,35715304,633,81246,-82981112
21:20:35.829,0,-3.12,3,500,0,0,100000,609,-32371,35715140,772,84103,-82980712
21:20:35.834,0,-3.08,3,500,0,0,100000,528,-64754,35714708,1130,61553,-82980536
21:20:35.839,0,-3.27,3,500,0,0,100000,527,-114730,35713896,785,73292,-82980024
21:20:35.844,0,-3.58,3,500,0,0,100000,462,-139085,35713144,262,99395,-82979496
21:20:35.849,0,-3.84,3,500,0,0,100000,409,-125719,35712456,662,86662,-82979144
21:20:35.854,0,-3.9,3,500,0,0,100000,450,-83781,35712120,890,70120,-82978768
21:20:35.859,0,-3.7,3,500,0,0,100000,486,-52201,35712008,780,70567,-82978320
21:20:35.864,0,-3.37,3,500,0,0,100000,623,-33283,35711940,599,88963,-82977872
21:20:35.869,0,-3.08,3,500,0,0,100000,568,-43152,35711672,956,78831,-82977536
21:20:35.874,0,-2.99,3,500,0,0,100000,488,-65466,35711272,1256,63589,-82977240
21:20:35.879,0,-3.14,3,500,0,0,100000,511,-92354,35710728,820,77457,-82976800
21:20:35.884,0,-3.43,3,500,0,0,100000,437,-107417,35710152,508,88517,-82976296
21:20:35.889,0,-3.7,3,500,0,0,100000,447,-109266,35709544,534,90505,-82975856
21:20:35.894,0,-3.82,3,500,0,0,100000,423,-80372,35709192,979,69284,-82975632
21:20:35.899,0,-3.74,3,500,0,0,100000,543,-58122,35709032,849,69921,-82975184
21:20:35.904,0,-3.54,3,500,0,0,100000,512,-53738,35708708,1253,59742,-82974688
21:20:35.909,0,-3.33,3,500,0,0,100000,556,-59302,35708512,688,87710,-82974336
21:20:35.915,0,-3.25,3,500,0,0,100000,474,-83860,35707944,964,74531,-82974008
21:20:35.920,0,-3.32,3,500,0,0,100000,460,-101983,35707384,1032,70114,-82973680
21:20:35.925,0,-3.47,3,500,0,0,100000,479,-92724,35706984,539,82824,-82973120
21:20:35.930,0,-3.61,3,500,0,0,100000,583,-63804,35706740,330,97058,-82972616
21:20:35.935,0,-3.64,3,500,0,0,100000,507,-49258,35706564,907,78355,-82972400
21:20:35.940,0,-3.59,3,500,0,0,100000,540,-54361,35706292,1284,63141,-82972096
21:20:35.945,0,-3.54,3,500,0,0,100000,702,-81217,35705752,1184,59970,-82971680
21:20:35.950,0,-3.57,3,500,0,0,100000,557,-117911,35705044,158,102922,-82971048
21:20:35.955,0,-3.67,3,500,0,0,100000,430,-126335,35704288,339,101262,-82970648
21:20:35.960,0,-3.76,3,500,0,0,100000,374,-103047,35703880,971,76623,-82970344
21:20:35.965,0,-3.72,3,500,0,0,100000,504,-59082,35703732,1096,64789,-82969952
21:20:35.970,0,-3.54,3,500,0,0,100000,589,-36764,35703676,418,89753,-82969432
21:20:35.975,0,-3.29,3,500,0,0,100000,579,-34608,35703508,444,92317,-82969032
21:20:35.980,0,-3.13,3,500,0,0,100000,457,-50471,35703208,775,80617,-82968720
21:20:35.985,0,-3.16,3,500,0,0,100000,487,-69783,35702752,1253,59474,-82968504
21:20:35.990,0,-3.39,3,500,0,0,100000,591,-99057,35702200,829,73424,-82967984
21:20:35.995,0,-3.71,3,500,0,0,100000,498,-126343,35701400,262,94487,-82967400
21:20:36.000,0,-3.96,3,500,0,0,100000,416,-128959,35700760,504,90573,-82967088
21:20:36.006,0,-4.03,3,500,0,0,100000,443,-95348,35700328,939,75031,-82966728
21:20:36.011,0,-3.9,3,500,0,0,100000,541,-60935,35700188,759,72222,-82966352
21:20:36.016,0,-3.62,3,500,0,0,100000,580,-37574,35700096,911,71939,-82965856
21:20:36.021,0,-3.33,3,500,0,0,100000,626,-46671,35699816,658,86183,-82965464
21:20:36.026,0,-3.17,3,500,0,0,100000,555,-71558,35699376,911,72116,-82965160
21:20:36.031,0,-3.45,3,500,0,0,100000,446,-101453,35698772,951,72954,-82964728
21:20:36.036,0,-3.73,3,500,0,0,100000,478,-114285,35698176,502,87769,-82964264
21:20:36.041,0,-3.91,3,500,0,0,100000,466,-121121,35697568,619,89151,-82963928
21:20:36.046,0,-3.88,3,500,0,0,100000,411,-98697,35697088,1074,68687,-82963608
21:20:36.051,0,-3.67,3,500,0,0,100000,524,-76109,35696836,1074,67305,-82963160
21:20:36.056,0,-3.41,3,500,0,0,100000,496,-54397,35696636,726,80640,-82962648
21:20:36.061,0,-3.21,3,500,0,0,100000,410,-46364,35696452,748,82975,-82962328
21:20:36.066,0,-3.18,3,500,0,0,100000,531,-54802,35696116,1081,68482,-82962016
21:20:36.071,0,-3.33,3,500,0,0,100000,534,-80657,35695640,1087,68286,-82961600
21:20:36.076,0,-3.55,3,500,0,0,100000,494,-98228,35695016,367,93215,-82961080
21:20:36.081,0,-3.75,3,500,0,0,100000,484,-93625,35694568,385,95925,-82960632
21:20:36.086,0,-3.83,3,500,0,0,100000,462,-80476,35694160,1039,68741,-82960448
21:20:36.091,0,-3.77,3,500,0,0,100000,517,-74733,35693832,1041,64210,-82960016
21:20:36.097,0,-3.65,3,500,0,0,100000,561,-76564,35693472,634,80973,-82959480
21:20:36.102,0,-3.53,3,500,0,0,100000,517,-84630,35692948,547,94696,-82959064
21:20:36.107,0,-3.46,3,500,0,0,100000,455,-87465,35692520,1017,72862,-82958776
21:20:36.112,0,-3.43,3,500,0,0,100000,448,-80998,35692072,1097,65483,-82958376
21:20:36.117,0,-3.42,3,500,0,0,100000,536,-72567,35691784,245,96909,-82957800
21:20:36.122,0,-3.4,3,500,0,0,100000,520,-67644,35691468,347,102694,-82957352
21:20:36.127,0,-3.38,3,500,0,0,100000,449,-70623,35691056,711,84247,-82957072
21:20:36.132,0,-3.39,3,500,0,0,100000,464,-58464,35690824,1381,59910,-82956792
21:20:36.137,0,-3.45,3,500,0,0,100000,550,-56555,35690544,758,73051,-82956328
21:20:36.142,0,-3.56,3,500,0,0,100000,524,-70148,35690188,94,109822,-82955680
21:20:36.147,0,-3.69,3,500,0,0,100000,520,-99869,35689520,256,106018,-82955328
21:20:36.152,0,-3.82,3,500,0,0,100000,432,-128334,35688800,1553,41772,-82955376
21:20:36.157,0,-3.87,3,500,0,0,100000,477,-128554,35688104,450,80198,-82954600
21:20:36.162,0,-3.81,3,500,0,0,100000,465,-102270,35687720,-2,110862,-82953960
21:20:36.167,0,-3.6,3,500,0,0,100000,473,-60858,35687512,865,77885,-82953848
21:20:36.172,0,-3.34,3,500,0,0,100000,499,-42958,35687384,1331,59918,-82953512
21:20:36.177,0,-3.15,3,500,0,0,100000,578,-49193,35687144,698,74582,-82953024
21:20:36.182,0,-3.11,3,500,0,0,100000,588,-66307,35686724,364,96464,-82952472
21:20:36.188,0,-3.25,3,500,0,0,100000,481,-81119,35686264,383,101922,-82952040
21:20:36.193,0,-3.5,3,500,0,0,100000,503,-109062,35685624,1338,55838,-82951984
21:20:36.198,0,-3.71,3,500,0,0,100000,478,-125923,35684856,725,73192,-82951368
21:20:36.203,0,-3.81,3,500,0,0,100000,513,-120933,35684308,-80,116789,-82950648
21:20:36.208,0,-3.74,3,500,0,0,100000,433,-95939,35683844,1109,70974,-82950608
21:20:36.213,0,-3.54,3,500,0,0,100000,526,-83389,35683508,1169,60647,-82950176
21:20:36.218,0,-3.31,3,500,0,0,100000,464,-63955,35683256,438,86189,-82949576
21:20:36.223,0,-3.12,3,500,0,0,100000,514,-55919,35682984,420,95682,-82949096
21:20:36.228,0,-3.07,3,500,0,0,100000,520,-54555,35682696,873,81203,-82948784
21:20:36.233,0,-3.17,3,500,0,0,100000,539,-66580,35682340,1139,63812,-82948536
21:20:36.238,0,-3.36,3,500,0,0,100000,579,-88679,35681776,742,77420,-82948032
21:20:36.243,0,-3.6,3,500,0,0,100000,553,-112971,35681148,404,93877,-82947488
21:20:36.248,0,-3.79,3,500,0,0,100000,417,-130844,35680452,703,79164,-82947248
21:20:36.253,0,-3.85,3,500,0,0,100000,513,-128916,35679844,747,75412,-82946872
21:20:36.258,0,-3.76,3,500,0,0,100000,548,-102999,35679360,300,96628,-82946280
21:20:36.263,0,-3.53,3,500,0,0,100000,446,-72238,35679144,404,97765,-82945832
21:20:36.268,0,-3.25,3,500,0,0,100000,450,-48469,35679004,1223,65970,-82945672
21:20:36.273,0,-3.02,3,500,0,0,100000,572,-31150,35678912,1040,63827,-82945256
21:20:36.279,0,-2.96,3,500,0,0,100000,576,-30465,35678792,897,77563,-82944768
21:20:36.284,0,-3.09,3,500,0,0,100000,561,-56605,35678392,734,81424,-82944368
21:20:36.289,0,-3.39,3,500,0,0,100000,530,-102228,35677720,822,79991,-82944056
21:20:36.294,0,-3.75,3,500,0,0,100000,464,-150600,35676712,822,75458,-82943632
21:20:36.299,0,-4.02,3,500,0,0,100000,398,-155601,35675968,532,81642,-82943136
21:20:36.304,0,-4.06,3,500,0,0,100000,462,-117702,35675448,161,103773,-82942632
21:20:36.309,0,-3.84,3,500,0,0,100000,484,-63450,35675380,569,85886,-82942304
21:20:36.314,0,-3.45,3,500,0,0,100000,540,-30346,35675364,1138,68947,-82941976
21:20:36.319,0,-3.06,3,500,0,0,100000,594,-30627,35675224,792,73514,-82941568
21:20:36.324,0,-2.86,3,500,0,0,100000,567,-54007,35674884,402,89522,-82941048
21:20:36.329,0,-2.92,3,500,0,0,100000,506,-80660,35674328,411,95458,-82940600
21:20:36.334,0,-3.18,3,500,0,0,100000,480,-96702,35673804,1017,75555,-82940384
21:20:36.339,0,-3.49,3,500,0,0,100000,422,-109172,35673228,1343,59136,-82940016
21:20:36.344,0,-3.7,3,500,0,0,100000,523,-113908,35672584,196,98904,-82939344
21:20:36.349,0,-3.71,3,500,0,0,100000,512,-96226,35672200,-76,121027,-82938776
21:20:36.354,0,-3.56,3,500,0,0,100000,423,-78295,35671884,986,80518,-82938608
21:20:36.359,0,-3.33,3,500,0,0,100000,499,-66632,35671568,1445,50764,-82938320
21:20:36.364,0,-3.12,3,500,0,0,100000,607,-61022,35671316,131,100002,-82937600
21:20:36.370,0,-2.99,3,500,0,0,100000,510,-62614,35670972,59,115614,-82937104
21:20:36.375,0,-3.0,3,500,0,0,100000,419,-69639,35670616,1204,72299,-82936976
21:20:36.380,0,-3.11,3,500,0,0,100000,490,-79987,35670144,1601,44469,-82936688
21:20:36.385,0,-3.27,3,500,0,0,100000,531,-83522,35669752,69,107905,-82935904
21:20:36.390,0,-3.42,3,500,0,0,100000,498,-97324,35669156,60,111072,-82935488
21:20:36.395,0,-3.52,3,500,0,0,100000,409,-106398,35668604,1045,70513,-82935304
21:20:36.400,0,-3.53,3,500,0,0,100000,486,-104711,35668036,724,74254,-82934840
21:20:36.405,0,-3.45,3,500,0,0,100000,514,-81832,35667756,204,103128,-82934208
21:20:36.410,0,-3.32,3,500,0,0,100000,559,-64325,35667348,321,99853,-82933720
21:20:36.415,0,-3.18,3,500,0,0,100000,485,-66075,35667048,776,86308,-82933400
21:20:36.420,0,-3.09,3,500,0,0,100000,491,-67065,35666712,1124,65990,-82933144
21:20:36.425,0,-3.1,3,500,0,0,100000,555,-76279,35666332,610,82956,-82932592
21:20:36.430,0,-3.21,3,500,0,0,100000,477,-92695,35665892,849,79915,-82932376
21:20:36.435,0,-3.37,3,500,0,0,100000,492,-110933,35665296,1017,69113,-82932000
21:20:36.440,0,-3.51,3,500,0,0,100000,475,-113557,35664644,407,92485,-82931456
21:20:36.445,0,-3.56,3,500,0,0,100000,448,-92987,35664292,415,94118,-82931032
21:20:36.450,0,-3.49,3,500,0,0,100000,485,-70278,35663992,953,81352,-82930680
21:20:36.455,0,-3.33,3,500,0,0,100000,570,-60920,35663748,1212,64303,-82930360
21:20:36.461,0,-3.15,3,500,0,0,100000,613,-54054,35663488,767,80039,-82929904
21:20:36.466,0,-3.04,3,500,0,0,100000,525,-64687,35663160,645,87272,-82929464
21:20:36.471,0,-3.07,3,500,0,0,100000,498,-90727,35662556,945,77745,-82929112
21:20:36.476,0,-3.21,3,500,0,0,100000,439,-104021,35662016,766,75421,-82928736
21:20:36.481,0,-3.49,3,500,0,0,100000,505,-110050,35661372,300,95067,-82928144
21:20:36.486,0,-3.47,3,500,0,0,100000,439,-90570,35661020,187,104459,-82927640
21:20:36.491,0,-3.34,3,500,0,0,100000,459,-68086,35660712,997,68405,-82927504
21:20:36.496,0,-3.16,3,500,0,0,100000,507,-57121,35660496,1085,62142,-82927080
21:20:36.501,0,-3.02,3,500,0,0,100000,553,-51289,35660292,418,92159,-82926544
21:20:36.506,0,-3.01,3,500,0,0,100000,543,-64311,35659884,648,88775,-82926168
21:20:36.511,0,-3.12,3,500,0,0,100000,421,-89911,35659360,1053,75824,-82925832
21:20:36.516,0,-3.28,3,500,0,0,100000,457,-102813,35658728,741,72658,-82925440
21:20:36.521,0,-3.41,3,500,0,0,100000,511,-105719,35658216,160,101501,-82924792
21:20:36.526,0,-3.43,3,500,0,0,100000,467,-86775,35657812,86,112457,-82924304
21:20:36.531,0,-3.34,3,500,0,0,100000,440,-76003,35657496,773,84834,-82924040
21:20:36.537,0,-3.2,3,500,0,0,100000,515,-63071,35657208,991,60701,-82923784
21:20:36.542,0,-3.09,3,500,0,0,100000,573,-59964,35656916,251,92070,-82923128
21:20:36.547,0,-3.07,3,500,0,0,100000,559,-65768,35656600,80,111572,-82922608
21:20:36.552,0,-3.14,3,500,0,0,100000,496,-87858,35656024,653,91675,-82922336
21:20:36.557,0,-3.25,3,500,0,0,100000,467,-98591,35655512,1181,59281,-82922144
21:20:36.562,0,-3.35,3,500,0,0,100000,531,-101750,35655028,366,86355,-82921488
21:20:36.567,0,-3.36,3,500,0,0,100000,483,-82928,35654624,395,98651,-82921080
21:20:36.572,0,-3.3,3,500,0,0,100000,481,-67354,35654348,1108,71751,-82920816
21:20:36.577,0,-3.21,3,500,0,0,100000,552,-65917,35654064,778,73088,-82920392
21:20:36.582,0,-3.15,3,500,0,0,100000,599,-72325,35653656,171,102140,-82919760
21:20:36.587,0,-3.16,3,500,0,0,100000,527,-81074,35653236,81,109685,-82919288
21:20:36.592,0,-3.24,3,500,0,0,100000,427,-99963,35652584,1407,57963,-82919256
21:20:36.597,0,-3.34,3,500,0,0,100000,474,-106194,35652064,837,67315,-82918696
21:20:36.602,0,-3.38,3,500,0,0,100000,519,-99612,35651632,188,100655,-82918048
21:20:36.607,0,-3.34,3,500,0,0,100000,495,-82783,35651224,690,83487,-82917832
21:20:36.613,0,-3.24,3,500,0,0,100000,478,-77649,35650888,1033,68182,-82917480
21:20:36.618,0,-3.13,3,500,0,0,100000,542,-74877,35650496,705,76468,-82916984
21:20:36.623,0,-3.06,3,500,0,0,100000,520,-76657,35650136,336,97091,-82916424
21:20:36.628,0,-3.07,3,500,0,0,100000,477,-82170,35649668,946,75277,-82916232
21:20:36.633,0,-3.13,3,500,0,0,100000,487,-87470,35649232,1017,71585,-82915792
21:20:36.638,0,-3.2,3,500,0,0,100000,510,-90209,35648716,532,82458,-82915264
21:20:36.643,0,-3.25,3,500,0,0,100000,489,-86959,35648308,486,94724,-82914832
21:20:36.648,0,-3.25,3,500,0,0,100000,493,-80417,35647880,819,76135,-82914512
21:20:36.653,0,-3.22,3,500,0,0,100000,475,-82349,35647480,826,75107,-82914144
21:20:36.658,0,-3.18,3,500,0,0,100000,591,-83901,35647088,503,88815,-82913624
21:20:36.663,0,-3.14,3,500,0,0,100000,525,-88226,35646584,344,96667,-82913120
21:20:36.668,0,-3.13,3,500,0,0,100000,449,-92217,35646124,1122,68264,-82912952
21:20:36.673,0,-3.12,3,500,0,0,100000,449,-83989,35645688,867,71284,-82912456
21:20:36.678,0,-3.11,3,500,0,0,100000,533,-79027,35645336,562,84412,-82911928
21:20:36.683,0,-3.1,3,500,0,0,100000,503,-69896,35645044,408,94319,-82911440
21:20:36.688,0,-3.09,3,500,0,0,100000,507,-64796,35644712,878,78211,-82911200
21:20:36.693,0,-3.1,3,500,0,0,100000,514,-75451,35644328,1068,64568,-82910848
21:20:36.698,0,-3.15,3,500,0,0,100000,526,-93389,35643768,565,81407,-82910304
21:20:36.704,0,-3.22,3,500,0,0,100000,506,-102496,35643180,396,100011,-82909840
21:20:36.709,0,-3.27,3,500,0,0,100000,407,-99103,35642724,982,79103,-82909544
21:20:36.714,0,-3.27,3,500,0,0,100000,490,-83758,35642388,1181,64974,-82909120
21:20:36.719,0,-3.2,3,500,0,0,100000,570,-67340,35642084,272,92297,-82908536
21:20:36.724,0,-3.09,3,500,0,0,100000,536,-53497,35641896,170,109975,-82908000
21:20:36.729,0,-3.01,3,500,0,0,100000,499,-54091,35641588,1199,72025,-82907920
21:20:36.734,0,-3.01,3,500,0,0,100000,464,-73707,35641160,1387,46381,-82907592
21:20:36.739,0,-3.11,3,500,0,0,100000,610,-96362,35640636,446,80252,-82906864
21:20:36.744,0,-3.25,3,500,0,0,100000,501,-103806,35640020,74,115356,-82906368
21:20:36.749,0,-3.35,3,500,0,0,100000,447,-106777,35639480,1446,54949,-82906304
21:20:36.754,0,-3.36,3,500,0,0,100000,474,-99135,35638960,830,60521,-82905736
21:20:36.759,0,-3.26,3,500,0,0,100000,549,-79780,35638680,-127,117343,-82904888
21:20:36.764,0,-3.09,3,500,0,0,100000,435,-58317,35638464,1051,80108,-82904840
21:20:36.769,0,-2.93,3,500,0,0,100000,484,-55758,35638168,1368,38185,-82904608
21:20:36.774,0,-2.86,3,500,0,0,100000,595,-67322,35637796,871,64106,-82903912
21:20:36.779,0,-2.88,3,500,0,0,100000,565,-76059,35637356,1,117744,-82903280
21:20:36.784,0,-2.99,3,500,0,0,100000,462,-88108,35636892,1194,74387,-82903128
21:20:36.789,0,-3.14,3,500,0,0,100000,434,-104084,35636256,1166,46585,-82902792
21:20:36.795,0,-3.24,3,500,0,0,100000,497,-95254,35635940,-158,125189,-82902024
21:20:36.800,0,-3.27,3,500,0,0,100000,425,-90401,35635420,1084,67311,-82901960
21:20:36.805,0,-3.24,3,500,0,0,100000,484,-82961,35635056,1146,61954,-82901496
21:20:36.810,0,-3.14,3,500,0,0,100000,579,-72016,35634712,254,97035,-82900880
21:20:36.815,0,-3.05,3,500,0,0,100000,533,-74133,35634356,339,98237,-82900448
21:20:36.820,0,-3.02,3,500,0,0,100000,443,-80726,35633944,723,85342,-82900096
21:20:36.825,0,-3.04,3,500,0,0,100000,459,-92772,35633396,883,69607,-82899808
21:20:36.830,0,-3.11,3,500,0,0,100000,503,-99202,35632892,345,95609,-82899176
21:20:36.835,0,-3.19,3,500,0,0,100000,468,-93851,35632464,124,104619,-82898680
21:20:36.840,0,-3.21,3,500,0,0,100000,449,-84690,35632008,1138,68033,-82898560
21:20:36.845,0,-3.18,3,500,0,0,100000,507,-75189,35631700,1065,65495,-82898104
21:20:36.850,0,-3.1,3,500,0,0,100000,577,-70050,35631356,605,80458,-82897552
21:20:36.855,0,-3.03,3,500,0,0,100000,509,-71645,35631028,328,97485,-82897032
21:20:36.860,0,-3.02,3,500,0,0,100000,489,-77418,35630580,796,79503,-82896800
21:20:36.865,0,-3.08,3,500,0,0,100000,488,-85785,35630088,995,68778,-82896424
21:20:36.870,0,-3.19,3,500,0,0,100000,481,-90875,35629640,780,76139,-82895904
21:20:36.876,0,-3.28,3,500,0,0,100000,487,-85551,35629260,169,107294,-82895344
21:20:36.881,0,-3.33,3,500,0,0,100000,459,-84735,35628772,726,87426,-82895040
21:20:36.886,0,-3.32,3,500,0,0,100000,490,-83606,35628372,967,64977,-82894776
21:20:36.891,0,-3.25,3,500,0,0,100000,547,-79605,35627972,317,87874,-82894144
21:20:36.896,0,-3.17,3,500,0,0,100000,554,-74222,35627648,-6,115217,-82893544
21:20:36.901,0,-3.11,3,500,0,0,100000,431,-74090,35627292,1244,71094,-82893488
21:20:36.906,0,-3.15,3,500,0,0,100000,599,-82891,35626808,1274,43631,-82893176
21:20:36.911,0,-3.21,3,500,0,0,100000,616,-83331,35626432,175,100074,-82892360
21:20:36.916,0,-3.28,3,500,0,0,100000,506,-83142,35626032,224,109275,-82891984
21:20:36.921,0,-3.31,3,500,0,0,100000,417,-90923,35625472,1241,48850,-82891928
21:20:36.926,0,-3.29,3,500,0,0,100000,536,-86549,35625092,573,73848,-82891256
21:20:36.931,0,-3.25,3,500,0,0,100000,540,-81408,35624616,237,90277,-82890592
21:20:36.936,0,-3.19,3,500,0,0,100000,484,-66399,35624292,71,108980,-82890120
21:20:36.941,0,-3.13,3,500,0,0,100000,434,-59678,35624040,1403,57472,-82890104
21:20:36.946,0,-3.14,3,500,0,0,100000,549,-66740,35623668,1262,56258,-82889648
21:20:36.951,0,-3.19,3,500,0,0,100000,487,-78490,35623276,57,109981,-82888944
21:20:36.957,0,-3.3,3,500,0,0,100000,489,-84213,35622856,932,82241,-82888800
21:20:36.962,0,-3.43,3,500,0,0,100000,475,-113215,35622192,1489,52553,-82888512
21:20:36.967,0,-3.5,3,500,0,0,100000,483,-119286,35621624,87,103625,-82887752
21:20:36.972,0,-3.48,3,500,0,0,100000,440,-107789,35621036,-17,117825,-82887232
21:20:36.977,0,-3.36,3,500,0,0,100000,372,-82148,35620740,1240,51192,-82887272
21:20:36.982,0,-3.18,3,500,0,0,100000,644,-60764,35620560,466,79749,-82886568
21:20:36.987,0,-3.03,3,500,0,0,100000,637,-51792,35620312,-134,123694,-82885912
21:20:36.992,0,-2.99,3,500,0,0,100000,451,-64093,35619940,1163,72972,-82885848
21:20:36.997,0,-3.08,3,500,0,0,100000,462,-91987,35619340,770,66281,-82885448
21:20:37.002,0,-3.25,3,500,0,0,100000,567,-110480,35618744,-64,122944,-82884672
21:20:37.007,0,-3.4,3,500,0,0,100000,439,-116212,35618076,497,96134,-82884424
21:20:37.012,0,-3.42,3,500,0,0,100000,366,-108735,35617588,1174,56692,-82884192
21:20:37.017,0,-3.33,3,500,0,0,100000,484,-77717,35617292,88,104355,-82883472
21:20:37.022,0,-3.16,3,500,0,0,100000,519,-53290,35617144,361,100099,-82883088
21:20:37.027,0,-3.01,3,500,0,0,100000,499,-47246,35616916,1312,55416,-82883016
21:20:37.032,0,-2.99,3,500,0,0,100000,605,-62710,35616576,1000,70966,-82882464
21:20:37.037,0,-3.12,3,500,0,0,100000,550,-93599,35615960,352,92430,-82881904
21:20:37.042,0,-3.32,3,500,0,0,100000,451,-117796,35615304,857,80907,-82881656
21:20:37.048,0,-3.5,3,500,0,0,100000,414,-125883,35614664,965,68617,-82881256
21:20:37.053,0,-3.55,3,500,0,0,100000,474,-104396,35614148,516,88219,-82880648
21:20:37.058,0,-3.43,3,500,0,0,100000,518,-80074,35613864,241,101911,-82880192
21:20:37.063,0,-3.21,3,500,0,0,100000,499,-54682,35613640,751,82738,-82879888
21:20:37.068,0,-3.01,3,500,0,0,100000,567,-49442,35613424,1086,70858,-82879512
21:20:37.073,0,-2.94,3,500,0,0,100000,607,-60046,35613116,888,75483,-82879120
21:20:37.078,0,-3.03,3,500,0,0,100000,540,-83403,35612576,605,85832,-82878632
21:20:37.083,0,-3.22,3,500,0,0,100000,475,-93126,35612092,863,80711,-82878264
21:20:37.088,0,-3.42,3,500,0,0,100000,442,-98893,35611524,854,72176,-82877952
21:20:37.093,0,-3.53,3,500,0,0,100000,500,-89342,35611140,465,89597,-82877408
21:20:37.098,0,-3.51,3,500,0,0,100000,574,-70489,35610824,393,95542,-82876944
21:20:37.103,0,-3.4,3,500,0,0,100000,424,-67947,35610516,712,82677,-82876608
21:20:37.108,0,-3.3,3,500,0,0,100000,514,-75040,35610088,1025,71212,-82876304
21:20:37.113,0,-3.25,3,500,0,0,100000,496,-85935,35609656,671,76430,-82875824
21:20:37.118,0,-3.28,3,500,0,0,100000,498,-91340,35609120,380,96475,-82875336
21:20:37.123,0,-3.34,3,500,0,0,100000,468,-78107,35608792,533,95299,-82874896
21:20:37.129,0,-3.39,3,500,0,0,100000,470,-69447,35608496,1179,69112,-82874624
21:20:37.134,0,-3.4,3,500,0,0,100000,566,-71784,35608104,844,68790,-82874224
21:20:37.139,0,-3.39,3,500,0,0,100000,607,-84132,35607664,137,104774,-82873552
21:20:37.144,0,-3.41,3,500,0,0,100000,522,-104969,35607004,-26,118061,-82873064
21:20:37.149,0,-3.43,3,500,0,0,100000,372,-109223,35606352,1010,80439,-82872848
21:20:37.154,0,-3.44,3,500,0,0,100000,457,-101176,35605904,1179,57936,-82872488
21:20:37.159,0,-3.38,3,500,0,0,100000,543,-70791,35605632,447,85098,-82871824
21:20:37.164,0,-3.26,3,500,0,0,100000,473,-47829,35605556,877,85853,-82871600
21:20:37.169,0,-3.13,3,500,0,0,100000,467,-44623,35605336,1577,47831,-82871392
21:20:37.174,0,-3.08,3,500,0,0,100000,599,-60921,35605000,1040,63092,-82870848
21:20:37.179,0,-3.17,3,500,0,0,100000,561,-89334,35604420,281,98823,-82870208
21:20:37.184,0,-3.37,3,500,0,0,100000,491,-118427,35603656,701,89963,-82869952
21:20:37.189,0,-3.56,3,500,0,0,100000,441,-129955,35602988,1114,64775,-82869624
21:20:37.194,0,-3.64,3,500,0,0,100000,463,-114947,35602500,407,90157,-82869056
21:20:37.199,0,-3.54,3,500,0,0,100000,505,-65260,35602316,358,95909,-82868568
21:20:37.204,0,-3.32,3,500,0,0,100000,527,-39831,35602232,829,83123,-82868224
21:20:37.210,0,-3.11,3,500,0,0,100000,561,-43777,35602028,1092,67319,-82867976
21:20:37.215,0,-3.03,3,500,0,0,100000,608,-81497,35601456,650,84603,-82867440
21:20:37.220,0,-3.15,3,500,0,0,100000,486,-111342,35600804,422,95329,-82866936
21:20:37.225,0,-3.39,3,500,0,0,100000,392,-130507,35599968,882,77069,-82866696
21:20:37.230,0,-3.59,3,500,0,0,100000,423,-122853,35599416,736,77634,-82866200
21:20:37.235,0,-3.62,3,500,0,0,100000,484,-88308,35599136,469,88904,-82865664
21:20:37.240,0,-3.44,3,500,0,0,100000,518,-49958,35599016,902,81694,-82865392
21:20:37.245,0,-3.17,3,500,0,0,100000,520,-41016,35598828,1339,63118,-82865072
21:20:37.250,0,-2.97,3,500,0,0,100000,579,-60550,35598484,1163,65833,-82864640
21:20:37.255,0,-2.96,3,500,0,0,100000,556,-94816,35597848,502,87488,-82864064
21:20:37.260,0,-3.13,3,500,0,0,100000,436,-113330,35597244,368,100476,-82863640
21:20:37.265,0,-3.37,3,500,0,0,100000,407,-112853,35596592,885,80925,-82863320
21:20:37.270,0,-3.52,3,500,0,0,100000,457,-100988,35596164,780,72303,-82862952
21:20:37.275,0,-3.5,3,500,0,0,100000,546,-77276,35595912,336,91103,-82862352
21:20:37.280,0,-3.33,3,500,0,0,100000,553,-52678,35595708,264,103810,-82861864
21:20:37.285,0,-3.13,3,500,0,0,100000,504,-60157,35595380,1211,68534,-82861752
21:20:37.290,0,-3.02,3,500,0,0,100000,471,-86304,35594804,1190,59122,-82861344
21:20:37.296,0,-3.03,3,500,0,0,100000,523,-100665,35594280,621,78200,-82860744
21:20:37.301,0,-3.14,3,500,0,0,100000,459,-99725,35593724,45,106296,-82860112
21:20:37.306,0,-3.25,3,500,0,0,100000,411,-83319,35593384,834,85382,-82859904
21:20:37.311,0,-3.28,3,500,0,0,100000,498,-75273,35593060,1332,59406,-82859608
21:20:37.316,0,-3.21,3,500,0,0,100000,581,-67882,35592788,329,92119,-82858992
21:20:37.321,0,-3.12,3,500,0,0,100000,581,-65753,35592436,-11,116077,-82858416
21:20:37.326,0,-3.09,3,500,0,0,100000,482,-84711,35591888,510,95619,-82858152
21:20:37.331,0,-3.18,3,500,0,0,100000,407,-100865,35591348,1326,49933,-82857984
21:20:37.336,0,-3.27,3,500,0,0,100000,294,-95917,35590692,1354,49915,-82857408
21:20:37.341,0,-3.29,3,500,0,0,100000,567,-81677,35590388,210,93956,-82856648
21:20:37.346,0,-3.26,3,500,0,0,100000,457,-68671,35590164,1101,79285,-82856520
21:20:37.351,0,-3.21,3,500,0,0,100000,542,-80280,35589752,981,58128,-82856232
21:20:37.356,0,-3.19,3,500,0,0,100000,586,-90942,35589288,212,99114,-82855512
21:20:37.361,0,-3.21,3,500,0,0,100000,504,-97650,35588708,8,112422,-82855000
21:20:37.366,0,-3.23,3,500,0,0,100000,447,-102933,35588188,1159,66502,-82854928
21:20:37.371,0,-3.21,3,500,0,0,100000,493,-91334,35587816,1023,67025,-82854424
21:20:37.376,0,-3.14,3,500,0,0,100000,603,-74677,35587480,137,104290,-82853800
21:20:37.382,0,-3.07,3,500,0,0,100000,467,-65624,35587208,565,94421,-82853456
21:20:37.387,0,-3.04,3,500,0,0,100000,478,-66917,35586824,947,74882,-82853152
21:20:37.392,0,-3.09,3,500,0,0,100000,506,-88610,35586312,1182,65755,-82852768
21:20:37.397,0,-3.19,3,500,0,0,100000,490,-105818,35585672,418,95689,-82852208
21:20:37.402,0,-3.28,3,500,0,0,100000,479,-110871,35585132,419,95887,-82851776
21:20:37.407,0,-3.29,3,500,0,0,100000,386,-95867,35584652,936,78620,-82851424
21:20:37.412,0,-3.21,3,500,0,0,100000,496,-78943,35584364,529,82733,-82850992
21:20:37.417,0,-3.08,3,500,0,0,100000,580,-56316,35584152,252,98454,-82850456
21:20:37.422,0,-3.0,3,500,0,0,100000,527,-52144,35583920,615,93140,-82850072
21:20:37.427,0,-3.03,3,500,0,0,100000,464,-68964,35583472,1136,62869,-82849904
21:20:37.432,0,-3.17,3,500,0,0,100000,534,-97894,35582884,987,73413,-82849408
21:20:37.437,0,-3.34,3,500,0,0,100000,554,-112761,35582288,391,92719,-82848832
21:20:37.442,0,-3.45,3,500,0,0,100000,451,-115705,35581604,597,92301,-82848480
21:20:37.447,0,-3.42,3,500,0,0,100000,426,-100037,35581188,1039,75329,-82848112
21:20:37.452,0,-3.26,3,500,0,0,100000,527,-80496,35580824,811,68058,-82847672
21:20:37.457,0,-3.06,3,500,0,0,100000,556,-58481,35580592,415,86914,-82847096
21:20:37.462,0,-2.92,3,500,0,0,100000,438,-52021,35580376,386,98731,-82846616
21:20:37.467,0,-2.91,3,500,0,0,100000,428,-69431,35579968,1131,72219,-82846448
21:20:37.473,0,-3.05,3,500,0,0,100000,471,-94895,35579344,1026,68278,-82846024
21:20:37.478,0,-3.23,3,500,0,0,100000,531,-105097,35578820,401,92963,-82845504
21:20:37.483,0,-3.37,3,500,0,0,100000,502,-109629,35578280,392,97947,-82845040
21:20:37.488,0,-3.38,3,500,0,0,100000,368,-92378,35577832,923,83607,-82844712
21:20:37.493,0,-3.27,3,500,0,0,100000,553,-82425,35577496,801,73560,-82844360
21:20:37.498,0,-3.1,3,500,0,0,100000,550,-64714,35577228,438,86475,-82843824
21:20:37.503,0,-2.96,3,500,0,0,100000,491,-56884,35576992,643,90232,-82843472
21:20:37.508,0,-2.93,3,500,0,0,100000,501,-70864,35576536,858,76353,-82843112
21:20:37.513,0,-3.0,3,500,0,0,100000,490,-83416,35576088,1065,69656,-82842696
21:20:37.518,0,-3.14,3,500,0,0,100000,505,-86763,35575668,384,94055,-82842160
21:20:37.523,0,-3.26,3,500,0,0,100000,546,-90522,35575140,141,106505,-82841616
21:20:37.528,0,-3.31,3,500,0,0,100000,462,-88980,35574720,587,95678,-82841248
21:20:37.533,0,-3.29,3,500,0,0,100000,436,-91170,35574200,1136,56972,-82841096
21:20:37.538,0,-3.21,3,500,0,0,100000,505,-89196,35573804,365,82543,-82840440
21:20:37.543,0,-3.11,3,500,0,0,100000,497,-79030,35573472,-46,121068,-82839744
21:20:37.548,0,-3.03,3,500,0,0,100000,452,-73941,35573052,344,101288,-82839456
21:20:37.553,0,-2.99,3,500,0,0,100000,486,-72195,35572724,1226,51307,-82839368
21:20:37.559,0,-2.99,3,500,0,0,100000,593,-71562,35572364,323,90479,-82838656
21:20:37.564,0,-3.04,3,500,0,0,100000,521,-72988,35572028,107,108254,-82838136
21:20:37.569,0,-3.12,3,500,0,0,100000,460,-77184,35571580,1341,67389,-82838064
21:20:37.574,0,-3.2,3,500,0,0,100000,482,-91515,35571104,1319,50154,-82837688
21:20:37.579,0,-3.26,3,500,0,0,100000,503,-98723,35570556,345,90846,-82836960
21:20:37.584,0,-3.27,3,500,0,0,100000,451,-91467,35570144,237,109151,-82836512
21:20:37.589,0,-3.24,3,500,0,0,100000,417,-87216,35569640,1348,60560,-82836344
21:20:37.594,0,-3.17,3,500,0,0,100000,553,-80423,35569296,392,87061,-82835728
21:20:37.599,0,-3.09,3,500,0,0,100000,624,-74712,35568976,-10,115619,-82835112
21:20:37.604,0,-3.05,3,500,0,0,100000,480,-75675,35568532,588,95056,-82834824
21:20:37.609,0,-3.07,3,500,0,0,100000,483,-85119,35568084,1137,55743,-82834656
21:20:37.614,0,-3.13,3,500,0,0,100000,576,-101523,35567480,209,98006,-82833904
21:20:37.619,0,-3.2,3,500,0,0,100000,525,-96232,35567040,-167,128181,-82833288
21:20:37.624,0,-3.23,3,500,0,0,100000,405,-103531,35566500,1187,71358,-82833216
21:20:37.629,0,-3.2,3,500,0,0,100000,500,-93655,35566044,555,72253,-82832768
21:20:37.634,0,-3.13,3,500,0,0,100000,550,-73882,35565792,-33,116579,-82832040
21:20:37.640,0,-3.05,3,500,0,0,100000,356,-63825,35565456,317,100082,-82831728
21:20:37.645,0,-3.0,3,500,0,0,100000,516,-64780,35565092,1301,55284,-82831632
21:20:37.650,0,-3.03,3,500,0,0,100000,515,-72848,35564740,668,79867,-82831016
21:20:37.655,0,-3.12,3,500,0,0,100000,592,-86736,35564224,181,107763,-82830408
21:20:37.660,0,-3.25,3,500,0,0,100000,494,-98881,35563628,141,108726,-82829960
21:20:37.665,0,-3.36,3,500,0,0,100000,425,-107717,35563072,757,87597,-82829640
21:20:37.670,0,-3.39,3,500,0,0,100000,475,-99565,35562640,847,62115,-82829376
21:20:37.675,0,-3.33,3,500,0,0,100000,573,-84406,35562248,236,92805,-82828672
21:20:37.680,0,-3.2,3,500,0,0,100000,461,-61858,35562036,265,106226,-82828272
21:20:37.685,0,-3.05,3,500,0,0,100000,550,-55849,35561784,1505,54012,-82828224
21:20:37.690,0,-2.97,3,500,0,0,100000,588,-65821,35561448,944,60587,-82827696
21:20:37.695,0,-3.01,3,500,0,0,100000,608,-85667,35560916,94,108924,-82826952
21:20:37.700,0,-3.13,3,500,0,0,100000,494,-100328,35560376,-17,122958,-82826432
21:20:37.705,0,-3.28,3,500,0,0,100000,387,-110031,35559696,1187,51206,-82826520
21:20:37.710,0,-3.37,3,500,0,0,100000,506,-101044,35559276,347,88890,-82825760
21:20:37.715,0,-3.34,3,500,0,0,100000,543,-72961,35558988,-77,120126,-82825128
21:20:37.720,0,-3.2,3,500,0,0,100000,432,-51330,35558820,907,84844,-82824944
21:20:37.726,0,-3.04,3,500,0,0,100000,540,-51377,35558552,1180,55502,-82824728
21:20:37.731,0,-2.95,3,500,0,0,100000,694,-70584,35558168,354,91306,-82824040
21:20:37.736,0,-3.0,3,500,0,0,100000,498,-90675,35557580,88,115731,-82823504
21:20:37.741,0,-3.14,3,500,0,0,100000,444,-110043,35556984,1210,61659,-82823464
21:20:37.746,0,-3.3,3,500,0,0,100000,439,-112919,35556324,755,69705,-82822896
21:20:37.751,0,-3.38,3,500,0,0,100000,530,-97209,35555940,9,113635,-82822144
21:20:37.756,0,-3.18,3,500,0,0,100000,481,-79010,35555624,897,86012,-82821992
21:20:37.761,0,-3.03,3,500,0,0,100000,544,-72168,35555260,1557,42415,-82821752
21:20:37.766,0,-2.94,3,500,0,0,100000,610,-68815,35554980,-9,112424,-82820912
21:20:37.771,0,-2.97,3,500,0,0,100000,563,-72990,35554560,400,102026,-82820608
21:20:37.776,0,-3.08,3,500,0,0,100000,442,-85438,35554088,1246,63079,-82820416
21:20:37.781,0,-3.21,3,500,0,0,100000,524,-99402,35553572,1000,62043,-82819928
21:20:37.786,0,-3.3,3,500,0,0,100000,530,-100780,35553012,60,110954,-82819256
21:20:37.791,0,-3.32,3,500,0,0,100000,463,-97591,35552568,495,93411,-82818936
21:20:37.796,0,-3.25,3,500,0,0,100000,456,-87131,35552128,1183,68025,-82818624
21:20:37.801,0,-3.15,3,500,0,0,100000,572,-72425,35551868,548,87619,-82818104
21:20:37.806,0,-3.08,3,500,0,0,100000,573,-66835,35551540,351,100034,-82817600
21:20:37.812,0,-3.08,3,500,0,0,100000,498,-76437,35551084,549,93971,-82817208
21:20:37.817,0,-3.15,3,500,0,0,100000,457,-88054,35550620,1070,63159,-82817024
21:20:37.822,0,-3.27,3,500,0,0,100000,547,-99823,35550108,789,76881,-82816464
21:20:37.827,0,-3.36,3,500,0,0,100000,494,-104425,35549512,210,100873,-82815848
21:20:37.832,0,-3.38,3,500,0,0,100000,490,-101154,35549036,672,92803,-82815560
21:20:37.837,0,-3.31,3,500,0,0,100000,519,-85264,35548688,960,66985,-82815240
21:20:37.842,0,-3.21,3,500,0,0,100000,566,-71244,35548356,390,91416,-82814672
21:20:37.847,0,-3.13,3,500,0,0,100000,537,-70375,35547928,733,73786,-82814192
21:20:37.852,0,-3.13,3,500,0,0,100000,542,-73284,35547572,173,106179,-82813640
21:20:37.857,0,-3.2,3,500,0,0,100000,471,-92418,35546984,595,93091,-82813304
21:20:37.862,0,-3.32,3,500,0,0,100000,410,-98385,35546492,1012,71914,-82812992
21:20:37.867,0,-3.4,3,500,0,0,100000,518,-95271,35546148,234,97230,-82812504
21:20:37.872,0,-3.4,3,500,0,0,100000,441,-85711,35545784,397,98037,-82812080
21:20:37.877,0,-3.33,3,500,0,0,100000,469,-62798,35545528,1113,67663,-82811904
21:20:37.882,0,-3.25,3,500,0,0,100000,590,-52820,35545336,891,69075,-82811440
21:20:37.887,0,-3.25,3,500,0,0,100000,560,-68743,35544924,518,86366,-82810904
21:20:37.893,0,-3.33,3,500,0,0,100000,515,-90384,35544340,341,101331,-82810456
21:20:37.898,0,-3.47,3,500,0,0,100000,437,-99265,35543832,846,80548,-82810152
21:20:37.903,0,-3.59,3,500,0,0,100000,438,-103834,35543312,1073,61424,-82809784
21:20:37.908,0,-3.59,3,500,0,0,100000,556,-83069,35542940,230,98163,-82809136
21:20:37.913,0,-3.49,3,500,0,0,100000,515,-63235,35542724,-20,117489,-82808592
21:20:37.918,0,-3.36,3,500,0,0,100000,520,-57726,35542400,1436,60419,-82808624
21:20:37.923,0,-3.27,3,500,0,0,100000,492,-68247,35542036,1523,50104,-82808216
21:20:37.928,0,-3.29,3,500,0,0,100000,566,-89960,35541544,802,71808,-82807624
21:20:37.933,0,-3.38,3,500,0,0,100000,517,-105291,35540908,61,104463,-82806952
21:20:37.938,0,-3.46,3,500,0,0,100000,444,-106704,35540376,521,93425,-82806696
21:20:37.943,0,-3.47,3,500,0,0,100000,406,-84332,35539976,1146,57897,-82806448
21:20:37.948,0,-3.38,3,500,0,0,100000,544,-61852,35539800,711,71995,-82805856
21:20:37.953,0,-3.27,3,500,0,0,100000,600,-44388,35539640,265,106260,-82805336
21:20:37.958,0,-3.21,3,500,0,0,100000,391,-50431,35539380,1126,72931,-82805152
21:20:37.963,0,-3.28,3,500,0,0,100000,504,-74291,35538896,1496,55197,-82804832
21:20:37.968,0,-3.47,3,500,0,0,100000,462,-100317,35538336,612,83279,-82804272
21:20:37.973,0,-3.67,3,500,0,0,100000,535,-122816,35537572,68,109961,-82803656
21:20:37.979,0,-3.78,3,500,0,0,100000,421,-120035,35536996,493,98435,-82803296
21:20:37.984,0,-3.72,3,500,0,0,100000,439,-83488,35536648,992,70884,-82803056
21:20:37.989,0,-3.53,3,500,0,0,100000,542,-54723,35536520,853,75098,-82802568
21:20:37.994,0,-3.33,3,500,0,0,100000,579,-39172,35536408,611,87317,-82802064
21:20:37.999,0,-3.24,3,500,0,0,100000,554,-51655,35536072,1132,70556,-82801864
21:20:38.004,0,-3.33,3,500,0,0,100000,537,-74920,35535624,1115,59725,-82801504
21:20:38.009,0,-3.56,3,500,0,0,100000,524,-110454,35534904,709,83488,-82800936
21:20:38.014,0,-3.82,3,500,0,0,100000,462,-126092,35534236,406,97751,-82800496
21:20:38.019,0,-3.95,3,500,0,0,100000,386,-126664,35533612,777,82652,-82800152
21:20:38.024,0,-3.89,3,500,0,0,100000,431,-87378,35533276,922,71510,-82799752
21:20:38.029,0,-3.67,3,500,0,0,100000,522,-54532,35533164,773,73929,-82799288
21:20:38.034,0,-3.41,3,500,0,0,100000,576,-35069,35533052,719,86997,-82798888
21:20:38.039,0,-3.26,3,500,0,0,100000,540,-43103,35532820,1177,73326,-82798584
21:20:38.044,0,-3.31,3,500,0,0,100000,476,-68576,35532344,1201,61181,-82798264
21:20:38.049,0,-3.52,3,500,0,0,100000,528,-89983,35531784,583,85670,-82797744
21:20:38.054,0,-3.78,3,500,0,0,100000,539,-106225,35531224,323,99179,-82797224
21:20:38.060,0,-3.96,3,500,0,0,100000,450,-114719,35530544,814,80124,-82797000
21:20:38.065,0,-3.97,3,500,0,0,100000,418,-98430,35530136,1117,68602,-82796624
21:20:38.070,0,-3.82,3,500,0,0,100000,515,-69014,35529940,882,73845,-82796120
21:20:38.075,0,-3.59,3,500,0,0,100000,548,-47125,35529764,533,92033,-82795664
21:20:38.080,0,-3.39,3,500,0,0,100000,414,-39447,35529612,1002,77068,-82795352
21:20:38.085,0,-3.34,3,500,0,0,100000,536,-51615,35529332,1129,63373,-82795024
21:20:38.090,0,-3.47,3,500,0,0,100000,499,-74833,35528840,657,84121,-82794552
21:20:38.095,0,-3.71,3,500,0,0,100000,513,-101241,35528244,498,98203,-82794048
21:20:38.100,0,-3.95,3,500,0,0,100000,422,-115431,35527536,922,84631,-82793712
21:20:38.105,0,-4.08,3,500,0,0,100000,456,-112054,35527012,959,70010,-82793400
21:20:38.110,0,-4.04,3,500,0,0,100000,494,-82980,35526676,382,89524,-82792808
21:20:38.115,0,-3.84,3,500,0,0,100000,517,-59283,35526508,343,99453,-82792336
21:20:38.120,0,-3.61,3,500,0,0,100000,509,-45821,35526316,974,82329,-82792056
21:20:38.125,0,-3.45,3,500,0,0,100000,535,-48830,35526080,1242,61467,-82791848
21:20:38.130,0,-3.45,3,500,0,0,100000,541,-66159,35525672,790,75664,-82791336
21:20:38.135,0,-3.6,3,500,0,0,100000,486,-91952,35525140,517,96560,-82790792
21:20:38.141,0,-3.83,3,500,0,0,100000,409,-111745,35524432,914,76977,-82790568
21:20:38.146,0,-4.01,3,500,0,0,100000,436,-113765,35523864,1099,67114,-82790160
21:20:38.151,0,-4.06,3,500,0,0,100000,486,-86934,35523488,400,91617,-82789616
21:20:38.156,0,-3.94,3,500,0,0,100000,533,-60006,35523320,402,95239,-82789168
21:20:38.161,0,-3.75,3,500,0,0,100000,540,-56038,35523068,1246,68135,-82789000
21:20:38.166,0,-3.58,3,500,0,0,100000,522,-76323,35522568,1305,61291,-82788600
21:20:38.171,0,-3.6,3,500,0,0,100000,571,-96047,35522036,813,75299,-82788088
21:20:38.176,0,-3.7,3,500,0,0,100000,484,-110129,35521448,312,100868,-82787480
21:20:38.181,0,-3.75,3,500,0,0,100000,431,-100991,35520900,639,86629,-82787232
21:20:38.186,0,-3.69,3,500,0,0,100000,450,-82797,35520584,1002,70431,-82786880
21:20:38.191,0,-3.57,3,500,0,0,100000,531,-55361,35520388,940,70556,-82786432
21:20:38.196,0,-3.5,3,500,0,0,100000,573,-45019,35520228,646,83890,-82785944
21:20:38.201,0,-3.55,3,500,0,0,100000,566,-58809,35519864,1040,76555,-82785704
21:20:38.206,0,-3.73,3,500,0,0,100000,527,-89538,35519268,866,78335,-82785200
21:20:38.211,0,-3.94,3,500,0,0,100000,510,-124423,35518464,1093,70192,-82784888
21:20:38.216,0,-4.06,3,500,0,0,100000,409,-134507,35517784,659,85200,-82784328
21:20:38.222,0,-4.0,3,500,0,0,100000,451,-107306,35517276,485,90753,-82783840
21:20:38.227,0,-3.77,3,500,0,0,100000,464,-66050,35517136,841,77578,-82783576
21:20:38.232,0,-3.49,3,500,0,0,100000,555,-39617,35517060,964,74440,-82783224
21:20:38.237,0,-3.32,3,500,0,0,100000,585,-36256,35516912,715,82701,-82782752
21:20:38.242,0,-3.36,3,500,0,0,100000,626,-62897,35516516,892,78887,-82782456
21:20:38.247,0,-3.58,3,500,0,0,100000,491,-111441,35515716,812,79830,-82782008
21:20:38.252,0,-3.82,3,500,0,0,100000,441,-135808,35514972,565,86316,-82781600
21:20:38.257,0,-3.91,3,500,0,0,100000,374,-126927,35514404,543,90640,-82781112
21:20:38.262,0,-3.79,3,500,0,0,100000,423,-85969,35514056,749,81626,-82780712
21:20:38.267,0,-3.51,3,500,0,0,100000,514,-43627,35514020,907,77291,-82780304
21:20:38.273,0,-3.26,3,500,0,0,100000,604,-31254,35513908,814,80360,-82779952
21:20:38.278,0,-3.2,3,500,0,0,100000,582,-43161,35513676,843,79766,-82779576
21:20:38.283,0,-3.36,3,500,0,0,100000,443,-87275,35513044,851,80571,-82779184
21:20:38.288,0,-3.66,3,500,0,0,100000,467,-120383,35512352,861,76816,-82778848
21:20:38.293,0,-3.89,3,500,0,0,100000,388,-134082,35511544,450,91317,-82778288
21:20:38.298,0,-3.91,3,500,0,0,100000,461,-111280,35511104,324,100780,-82777752
21:20:38.303,0,-3.7,3,500,0,0,100000,452,-72739,35510908,707,84075,-82777480
21:20:38.308,0,-3.4,3,500,0,0,100000,531,-39408,35510816,1184,69018,-82777128
21:20:38.313,0,-3.18,3,500,0,0,100000,588,-37811,35510664,1172,62518,-82776720
21:20:38.318,0,-3.16,3,500,0,0,100000,561,-54538,35510348,558,88251,-82776232
21:20:38.323,0,-3.34,3,500,0,0,100000,566,-97308,35509660,407,100435,-82775736
21:20:38.329,0,-3.6,3,500,0,0,100000,346,-130697,35508888,896,83059,-82775408
21:20:38.334,0,-3.75,3,500,0,0,100000,378,-130849,35508132,594,76258,-82775024
21:20:38.339,0,-3.7,3,500,0,0,100000,482,-99790,35507788,138,110099,-82774312
21:20:38.344,0,-3.47,3,500,0,0,100000,479,-54490,35507720,187,110537,-82773904
21:20:38.349,0,-3.21,3,500,0,0,100000,505,-30202,35507628,1538,46378,-82773936
21:20:38.354,0,-3.07,3,500,0,0,100000,596,-34706,35507460,1056,61750,-82773400
21:20:38.359,0,-3.16,3,500,0,0,100000,615,-57893,35507088,99,109124,-82772680
21:20:38.364,0,-3.42,3,500,0,0,100000,464,-88115,35506548,312,107531,-82772328
21:20:38.369,0,-3.72,3,500,0,0,100000,426,-132759,35505540,891,93249,-82771896
21:20:38.374,0,-3.9,3,500,0,0,100000,384,-140446,35504728,910,57129,-82771648
21:20:38.379,0,-3.85,3,500,0,0,100000,505,-107286,35504364,-141,124053,-82770768
21:20:38.384,0,-3.6,3,500,0,0,100000,413,-67958,35504180,1137,66732,-82770800
21:20:38.389,0,-3.28,3,500,0,0,100000,582,-45418,35504112,838,73444,-82770352
21:20:38.394,0,-3.06,3,500,0,0,100000,606,-34638,35503976,497,96498,-82769864
21:20:38.399,0,-3.05,3,500,0,0,100000,526,-51060,35503668,765,82161,-82769544
21:20:38.405,0,-3.23,3,500,0,0,100000,514,-92363,35502996,1081,72750,-82769176
21:20:38.410,0,-3.52,3,500,0,0,100000,488,-120672,35502316,713,82306,-82768720
21:20:38.415,0,-3.74,3,500,0,0,100000,402,-132380,35501636,214,100525,-82768160
21:20:38.420,0,-3.76,3,500,0,0,100000,435,-120994,35500976,466,96497,-82767736
21:20:38.425,0,-3.59,3,500,0,0,100000,447,-93904,35500648,1066,72104,-82767424
21:20:38.430,0,-3.29,3,500,0,0,100000,540,-56551,35500496,551,86643,-82766936
21:20:38.435,0,-3.04,3,500,0,0,100000,570,-46370,35500332,340,96224,-82766448
21:20:38.440,0,-2.95,3,500,0,0,100000,515,-55501,35499996,707,84186,-82766128
21:20:38.445,0,-3.06,3,500,0,0,100000,468,-72769,35499528,1097,70217,-82765856
21:20:38.450,0,-3.3,3,500,0,0,100000,502,-90263,35499044,794,79745,-82765368
21:20:38.455,0,-3.54,3,500,0,0,100000,493,-101676,35498448,423,94605,-82764824
21:20:38.460,0,-3.68,3,500,0,0,100000,471,-110540,35497888,657,91479,-82764488
21:20:38.465,0,-3.68,3,500,0,0,100000,430,-109822,35497368,1156,70116,-82764160
21:20:38.470,0,-3.54,3,500,0,0,100000,462,-94621,35496900,512,83740,-82763648
21:20:38.475,0,-3.35,3,500,0,0,100000,492,-67529,35496688,162,104392,-82763056
21:20:38.480,0,-3.18,3,500,0,0,100000,498,-50894,35496500,527,97150,-82762680
21:20:38.486,0,-3.09,3,500,0,0,100000,476,-46136,35496260,1227,60147,-82762536
21:20:38.491,0,-3.14,3,500,0,0,100000,542,-66130,35495876,909,66741,-82762056
21:20:38.496,0,-3.31,3,500,0,0,100000,578,-90846,35495288,185,101701,-82761376
21:20:38.501,0,-3.52,3,500,0,0,100000,475,-110927,35494676,659,99944,-82761080
21:20:38.506,0,-3.69,3,500,0,0,100000,400,-124506,35494020,1428,48988,-82760920
21:20:38.511,0,-3.7,3,500,0,0,100000,500,-115811,35493436,514,78779,-82760200
21:20:38.516,0,-3.31,3,500,0,0,100000,528,-74615,35493192,-74,123918,-82759472
21:20:38.521,0,-3.08,3,500,0,0,100000,468,-45232,35493100,1429,62420,-82759552
21:20:38.526,0,-3.0,3,500,0,0,100000,550,-41372,35492896,1412,47354,-82759160
21:20:38.531,0,-3.09,3,500,0,0,100000,572,-56355,35492596,729,74244,-82758552
21:20:38.536,0,-3.31,3,500,0,0,100000,523,-82828,35492036,304,101331,-82758056
21:20:38.541,0,-3.53,3,500,0,0,100000,459,-102117,35491468,624,89778,-82757688
21:20:38.546,0,-3.64,3,500,0,0,100000,437,-115223,35490860,1122,64706,-82757448
21:20:38.551,0,-3.59,3,500,0,0,100000,501,-105198,35490320,418,87503,-82756800
21:20:38.556,0,-3.43,3,500,0,0,100000,558,-85629,35490004,13,112339,-82756176
21:20:38.561,0,-3.25,3,500,0,0,100000,557,-67425,35489744,1072,73597,-82756104
21:20:38.567,0,-3.15,3,500,0,0,100000,542,-71005,35489344,1345,52235,-82755768
21:20:38.572,0,-3.17,3,500,0,0,100000,579,-86947,35488888,678,78762,-82755136
21:20:38.577,0,-3.26,3,500,0,0,100000,517,-91296,35488364,181,110518,-82754600
21:20:38.582,0,-3.36,3,500,0,0,100000,444,-101046,35487832,1181,70324,-82754416
21:20:38.587,0,-3.41,3,500,0,0,100000,432,-93648,35487272,1089,68154,-82753872
21:20:38.592,0,-3.39,3,500,0,0,100000,543,-86199,35486912,829,73759,-82753360
21:20:38.597,0,-3.33,3,500,0,0,100000,683,-70759,35486584,397,96167,-82752880
21:20:38.602,0,-3.29,3,500,0,0,100000,500,-68459,35486344,987,68806,-82752696
21:20:38.607,0,-3.29,3,500,0,0,100000,525,-80091,35485884,865,71794,-82752216
21:20:38.612,0,-3.35,3,500,0,0,100000,506,-93410,35485400,222,100904,-82751664
21:20:38.617,0,-3.42,3,500,0,0,100000,470,-109286,35484732,392,97173,-82751256
21:20:38.622,0,-3.44,3,500,0,0,100000,428,-107284,35484216,1182,66913,-82751056
21:20:38.627,0,-3.39,3,500,0,0,100000,456,-95398,35483740,779,74673,-82750520
21:20:38.632,0,-3.3,3,500,0,0,100000,560,-73239,35483492,423,89305,-82749952
21:20:38.637,0,-3.23,3,500,0,0,100000,519,-52844,35483332,418,99501,-82749560
21:20:38.642,0,-3.24,3,500,0,0,100000,516,-61024,35482960,1106,77770,-82749264
21:20:38.648,0,-3.35,3,500,0,0,100000,513,-88572,35482436,1497,52456,-82748968
21:20:38.653,0,-3.51,3,500,0,0,100000,525,-111500,35481832,115,107869,-82748216
21:20:38.658,0,-3.6,3,500,0,0,100000,473,-120435,35481104,33,117325,-82747736
21:20:38.663,0,-3.56,3,500,0,0,100000,375,-111608,35480612,1013,69992,-82747568
21:20:38.668,0,-3.4,3,500,0,0,100000,567,-85339,35480248,953,63204,-82747120
21:20:38.673,0,-3.2,3,500,0,0,100000,589,-53966,35480088,231,101181,-82746504
21:20:38.678,0,-3.08,3,500,0,0,100000,539,-37844,35479988,613,94718,-82746152
21:20:38.683,0,-3.11,3,500,0,0,100000,507,-55680,35479624,1170,75694,-82745840
21:20:38.689,0,-3.28,3,500,0,0,100000,514,-84861,35479128,1187,64661,-82745536
21:20:38.694,0,-3.51,3,500,0,0,100000,513,-106234,35478468,450,81507,-82744944
21:20:38.699,0,-3.65,3,500,0,0,100000,485,-115092,35477872,55,113314,-82744384
21:20:38.704,0,-3.65,3,500,0,0,100000,428,-100555,35477444,723,92711,-82744064
21:20:38.709,0,-3.51,3,500,0,0,100000,443,-90894,35476964,1321,50291,-82743824
21:20:38.714,0,-3.3,3,500,0,0,100000,566,-79214,35476652,136,103257,-82743056
21:20:38.719,0,-3.13,3,500,0,0,100000,511,-65285,35476332,41,118799,-82742560
21:20:38.724,0,-3.06,3,500,0,0,100000,442,-70566,35475960,1154,76403,-82742400
21:20:38.729,0,-3.09,3,500,0,0,100000,478,-79761,35475476,1506,46562,-82742088
21:20:38.734,0,-3.18,3,500,0,0,100000,605,-78288,35475132,236,97087,-82741256
21:20:38.739,0,-3.29,3,500,0,0,100000,505,-75037,35474704,302,102297,-82740944
21:20:38.744,0,-3.37,3,500,0,0,100000,450,-77334,35474328,1197,62154,-82740744
21:20:38.750,0,-3.42,3,500,0,0,100000,503,-85561,35473844,1065,59501,-82740264
21:20:38.755,0,-3.44,3,500,0,0,100000,606,-91280,35473408,25,115009,-82739560
21:20:38.760,0,-3.44,3,500,0,0,100000,469,-101867,35472884,652,96007,-82739272
21:20:38.765,0,-3.4,3,500,0,0,100000,417,-108463,35472252,1025,57129,-82739080
21:20:38.770,0,-3.32,3,500,0,0,100000,517,-97671,35471852,161,99981,-82738304
21:20:38.775,0,-3.23,3,500,0,0,100000,442,-75324,35471572,75,109475,-82737816
21:20:38.780,0,-3.16,3,500,0,0,100000,533,-43706,35471336,584,93440,-82737408
21:20:38.785,0,-3.16,3,500,0,0,100000,557,-44672,35471196,1250,66541,-82737296
21:20:38.790,0,-3.3,3,500,0,0,100000,540,-66222,35470768,689,84386,-82736832
21:20:38.795,0,-3.51,3,500,0,0,100000,551,-99028,35470172,435,97359,-82736328
21:20:38.800,0,-3.73,3,500,0,0,100000,469,-130693,35469428,714,83030,-82735976
21:20:38.805,0,-3.84,3,500,0,0,100000,442,-145478,35468552,805,75898,-82735544
21:20:38.810,0,-3.74,3,500,0,0,100000,432,-127632,35468008,163,102267,-82734984
21:20:38.815,0,-3.46,3,500,0,0,100000,456,-76364,35467776,408,92508,-82734592
21:20:38.820,0,-3.12,3,500,0,0,100000,527,-40797,35467740,1095,73180,-82734272
21:20:38.825,0,-2.89,3,500,0,0,100000,579,-36722,35467580,825,74417,-82733888
21:20:38.831,0,-2.89,3,500,0,0,100000,576,-52534,35467256,546,91566,-82733368
21:20:38.836,0,-3.11,3,500,0,0,100000,591,-74616,35466816,521,93276,-82732952
21:20:38.841,0,-3.44,3,500,0,0,100000,545,-112025,35466072,796,84055,-82732584
21:20:38.846,0,-3.71,3,500,0,0,100000,435,-133342,35465356,859,73447,-82732240
21:20:38.851,0,-3.79,3,500,0,0,100000,484,-135611,35464704,293,96813,-82731592
21:20:38.856,0,-3.64,3,500,0,0,100000,442,-102222,35464228,532,93845,-82731256
21:20:38.861,0,-3.33,3,500,0,0,100000,450,-62829,35464088,1019,75746,-82730904
21:20:38.866,0,-2.83,3,500,0,0,100000,557,-36513,35463996,1166,66915,-82730488
21:20:38.871,0,-2.88,3,500,0,0,100000,619,-36243,35463844,585,85677,-82730016
21:20:38.876,0,-3.13,3,500,0,0,100000,543,-53594,35463520,677,89663,-82729576
21:20:38.881,0,-3.44,3,500,0,0,100000,457,-81726,35462968,1052,79060,-82729232
21:20:38.886,0,-3.68,3,500,0,0,100000,474,-102892,35462400,924,73561,-82728888
21:20:38.891,0,-3.73,3,500,0,0,100000,507,-123166,35461624,651,78730,-82728296
21:20:38.896,0,-3.59,3,500,0,0,100000,463,-116125,35461012,99,108961,-82727640
21:20:38.901,0,-3.33,3,500,0,0,100000,449,-94489,35460656,765,87197,-82727424
21:20:38.906,0,-3.06,3,500,0,0,100000,669,-56800,35460480,1347,61728,-82727104
21:20:38.911,0,-2.91,3,500,0,0,100000,642,-44752,35460340,1003,68054,-82726600
21:20:38.917,0,-2.94,3,500,0,0,100000,547,-48887,35460108,191,106172,-82726008
21:20:38.922,0,-3.12,3,500,0,0,100000,479,-79148,35459556,1097,77616,-82725848
21:20:38.927,0,-3.34,3,500,0,0,100000,405,-94816,35459036,1270,59936,-82725464
21:20:38.932,0,-3.48,3,500,0,0,100000,522,-96266,35458496,269,100245,-82724808
21:20:38.937,0,-3.5,3,500,0,0,100000,517,-86496,35458132,242,105520,-82724344
21:20:38.942,0,-3.43,3,500,0,0,100000,455,-83686,35457740,652,88382,-82723992
21:20:38.947,0,-3.33,3,500,0,0,100000,550,-91086,35457208,1068,69280,-82723728
21:20:38.952,0,-3.26,3,500,0,0,100000,504,-89322,35456808,676,83927,-82723152
21:20:38.957,0,-3.22,3,500,0,0,100000,542,-91303,35456296,361,96709,-82722624
21:20:38.962,0,-3.2,3,500,0,0,100000,410,-86337,35455896,935,80246,-82722392
21:20:38.967,0,-3.2,3,500,0,0,100000,500,-77252,35455576,1076,70282,-82721984
21:20:38.972,0,-3.23,3,500,0,0,100000,513,-70652,35455204,780,78603,-82721488
21:20:38.977,0,-3.29,3,500,0,0,100000,502,-63509,35454936,710,88858,-82721096
21:20:38.982,0,-3.4,3,500,0,0,100000,518,-61370,35454620,1162,72492,-82720784
21:20:38.987,0,-3.55,3,500,0,0,100000,542,-78013,35454200,1244,65373,-82720392
21:20:38.992,0,-3.69,3,500,0,0,100000,522,-110239,35453480,504,89775,-82719864
21:20:38.997,0,-3.74,3,500,0,0,100000,588,-128371,35452812,341,99041,-82719360
21:20:39.003,0,-3.65,3,500,0,0,100000,405,-119778,35452148,682,88906,-82718976
21:20:39.008,0,-3.44,3,500,0,0,100000,466,-98839,35451756,860,73422,-82718656
21:20:39.013,0,-3.19,3,500,0,0,100000,542,-63959,35451608,532,91695,-82718080
21:20:39.018,0,-3.03,3,500,0,0,100000,573,-48852,35451396,414,95261,-82717616
21:20:39.023,0,-3.04,3,500,0,0,100000,514,-59082,35451076,1211,69563,-82717448
21:20:39.028,0,-3.22,3,500,0,0,100000,522,-73504,35450612,1088,68937,-82717000
21:20:39.033,0,-3.46,3,500,0,0,100000,559,-85447,35450184,420,93062,-82716472
21:20:39.038,0,-3.64,3,500,0,0,100000,483,-103084,35449624,403,95562,-82716048
21:20:39.043,0,-3.7,3,500,0,0,100000,428,-110172,35448960,911,84960,-82715672
21:20:39.048,0,-3.61,3,500,0,0,100000,469,-107296,35448456,1267,65482,-82715320
21:20:39.053,0,-3.43,3,500,0,0,100000,485,-83256,35448104,334,94361,-82714744
21:20:39.058,0,-3.25,3,500,0,0,100000,515,-66876,35447872,290,102175,-82714256
21:20:39.063,0,-3.15,3,500,0,0,100000,518,-64304,35447528,622,90121,-82713912
21:20:39.068,0,-3.16,3,500,0,0,100000,502,-72280,35447152,1208,68193,-82713680
21:20:39.073,0,-3.26,3,500,0,0,100000,473,-71083,35446764,837,76627,-82713176
21:20:39.078,0,-3.39,3,500,0,0,100000,531,-67272,35446456,479,91524,-82712632
21:20:39.084,0,-3.52,3,500,0,0,100000,558,-64553,35446120,586,97306,-82712264
21:20:39.089,0,-3.62,3,500,0,0,100000,468,-71209,35445756,996,73557,-82711952
21:20:39.094,0,-3.7,3,500,0,0,100000,527,-93574,35445160,1089,66959,-82711536
21:20:39.099,0,-3.73,3,500,0,0,100000,489,-103264,35444628,305,99280,-82710936
21:20:39.104,0,-3.68,3,500,0,0,100000,441,-109878,35443992,326,102390,-82710464
21:20:39.109,0,-3.55,3,500,0,0,100000,428,-89748,35443640,614,91318,-82710048
21:20:39.114,0,-3.37,3,500,0,0,100000,505,-65575,35443368,964,68951,-82709808
21:20:39.119,0,-3.2,3,500,0,0,100000,614,-53069,35443184,512,86674,-82709240
21:20:39.124,0,-3.15,3,500,0,0,100000,604,-53092,35442932,526,101368,-82708816
21:20:39.129,0,-3.23,3,500,0,0,100000,447,-61851,35442596,1344,68114,-82708608
21:20:39.134,0,-3.41,3,500,0,0,100000,471,-79062,35442104,1618,46948,-82708272
21:20:39.139,0,-3.62,3,500,0,0,100000,524,-90235,35441656,46,114897,-82707456
21:20:39.144,0,-3.76,3,500,0,0,100000,479,-101657,35441048,184,110709,-82707096
21:20:39.149,0,-3.8,3,500,0,0,100000,253,-108962,35440500,1161,64433,-82706928
21:20:39.154,0,-3.7,3,500,0,0,100000,750,-107482,35439940,402,85347,-82706352
21:20:39.159,0,-3.52,3,500,0,0,100000,498,-87573,35439624,-68,117596,-82705704
21:20:39.164,0,-3.33,3,500,0,0,100000,477,-62332,35439352,328,106624,-82705336
21:20:39.170,0,-3.21,3,500,0,0,100000,499,-64413,35439044,1569,48129,-82705312
21:20:39.175,0,-3.19,3,500,0,0,100000,526,-73521,35438616,732,73516,-82704656
21:20:39.180,0,-3.29,3,500,0,0,100000,545,-64319,35438356,115,113433,-82704080
21:20:39.185,0,-3.46,3,500,0,0,100000,452,-69039,35438008,852,88231,-82703816
21:20:39.190,0,-3.63,3,500,0,0,100000,420,-92787,35437396,1561,59358,-82703560
21:20:39.195,0,-3.76,3,500,0,0,100000,561,-116494,35436772,412,88320,-82702944
21:20:39.200,0,-3.79,3,500,0,0,100000,507,-130418,35435988,-169,126709,-82702256
21:20:39.205,0,-3.69,3,500,0,0,100000,392,-123413,35435412,539,94796,-82702016
21:20:39.210,0,-3.49,3,500,0,0,100000,448,-99558,35435048,1095,59554,-82701728
21:20:39.215,0,-3.25,3,500,0,0,100000,545,-60471,35434888,142,105104,-82701032
21:20:39.220,0,-3.07,3,500,0,0,100000,586,-36702,35434776,390,101338,-82700656
21:20:39.225,0,-3.04,3,500,0,0,100000,496,-33163,35434636,1376,65250,-82700464
21:20:39.230,0,-3.2,3,500,0,0,100000,515,-47594,35434340,936,70223,-82700056
21:20:39.235,0,-3.5,3,500,0,0,100000,591,-66584,35433968,333,97733,-82699448
21:20:39.240,0,-3.83,3,500,0,0,100000,495,-106354,35433240,250,108876,-82698976
21:20:39.245,0,-4.06,3,500,0,0,100000,450,-141344,35432412,1106,69315,-82698864
21:20:39.251,0,-4.07,3,500,0,0,100000,380,-139681,35431624,926,72409,-82698320
21:20:39.256,0,-3.85,3,500,0,0,100000,482,-104041,35431272,135,105302,-82697696
21:20:39.261,0,-3.5,3,500,0,0,100000,517,-55985,35431200,258,105916,-82697248
21:20:39.266,0,-3.18,3,500,0,0,100000,561,-29122,35431144,922,87290,-82696928
21:20:39.271,0,-3.04,3,500,0,0,100000,534,-37876,35430936,1432,50969,-82696776
21:20:39.276,0,-3.14,3,500,0,0,100000,591,-63493,35430500,545,84614,-82696112
21:20:39.281,0,-3.71,3,500,0,0,100000,555,-84082,35430032,130,113186,-82695528
21:20:39.286,0,-3.88,3,500,0,0,100000,487,-117690,35429140,90,116164,-82694992
21:20:39.291,0,-3.85,3,500,0,0,100000,389,-125252,35428400,869,85114,-82694744
21:20:39.296,0,-3.64,3,500,0,0,100000,505,-115950,35427908,1157,58811,-82694392
21:20:39.301,0,-3.34,3,500,0,0,100000,510,-74241,35427668,64,108424,-82693688
21:20:39.306,0,-3.12,3,500,0,0,100000,430,-53286,35427620,1284,64055,-82693720
21:20:39.311,0,-3.07,3,500,0,0,100000,551,-39730,35427480,1216,56757,-82693288
21:20:39.316,0,-3.22,3,500,0,0,100000,605,-54490,35427164,403,90783,-82692600
21:20:39.321,0,-3.47,3,500,0,0,100000,511,-78545,35426696,352,106277,-82692208
21:20:39.327,0,-3.69,3,500,0,0,100000,443,-100592,35426036,1471,56710,-82692072
21:20:39.332,0,-3.78,3,500,0,0,100000,512,-120195,35425400,368,84443,-82691432
21:20:39.337,0,-3.7,3,500,0,0,100000,491,-110850,35424916,-91,123441,-82690768
21:20:39.342,0,-3.5,3,500,0,0,100000,489,-97493,35424392,563,96674,-82690496
21:20:39.347,0,-3.3,3,500,0,0,100000,584,-86448,35424024,1234,57628,-82690312
21:20:39.352,0,-3.19,3,500,0,0,100000,594,-71162,35423772,410,88852,-82689656
21:20:39.357,0,-3.19,3,500,0,0,100000,492,-64585,35423436,170,108803,-82689104
21:20:39.362,0,-3.3,3,500,0,0,100000,482,-69642,35423088,913,79289,-82688880
21:20:39.367,0,-3.46,3,500,0,0,100000,502,-82621,35422588,991,69604,-82688568
21:20:39.372,0,-3.6,3,500,0,0,100000,540,-89986,35422132,377,93958,-82687976
21:20:39.377,0,-3.68,3,500,0,0,100000,462,-91653,35421700,443,95536,-82687544
21:20:39.382,0,-3.67,3,500,0,0,100000,488,-98734,35421124,1020,71785,-82687328
21:20:39.387,0,-3.61,3,500,0,0,100000,445,-103397,35420548,854,74016,-82686848
21:20:39.392,0,-3.5,3,500,0,0,100000,422,-99979,35420100,329,97759,-82686232
21:20:39.392,0,-3.5,3,500,0,0,100000,440,-82030,35419772,762,87436,-82685952
21:20:39.397,0,-3.39,3,500,0,0,100000,453,-67542,35419448,1089,69329,-82685616
21:20:39.402,0,-3.32,3,500,0,0,100000,552,-61805,35419196,1043,71695,-82685152
21:20:39.408,0,-3.34,3,500,0,0,100000,572,-71625,35418776,554,90621,-82684680
21:20:39.413,0,-3.45,3,500,0,0,100000,479,-89761,35418280,664,89459,-82684264
21:20:39.418,0,-3.6,3,500,0,0,100000,475,-108658,35417592,911,81987,-82683848
21:20:39.423,0,-3.72,3,500,0,0,100000,465,-116886,35417016,835,76871,-82683480
21:20:39.428,0,-3.74,3,500,0,0,100000,479,-104107,35416568,372,94669,-82682904
21:20:39.433,0,-3.64,3,500,0,0,100000,504,-75326,35416240,512,96952,-82682456
21:20:39.438,0,-3.46,3,500,0,0,100000,494,-60785,35416008,1101,67606,-82682296
21:20:39.443,0,-3.3,3,500,0,0,100000,565,-57161,35415772,951,71598,-82681824
21:20:39.448,0,-3.24,3,500,0,0,100000,578,-64003,35415408,496,89080,-82681280
21:20:39.453,0,-3.33,3,500,0,0,100000,501,-83760,35414944,615,94192,-82680936
21:20:39.458,0,-3.5,3,500,0,0,100000,403,-111555,35414208,1059,75759,-82680632
21:20:39.463,0,-3.66,3,500,0,0,100000,384,-114568,35413556,1067,66807,-82680176
21:20:39.468,0,-3.7,3,500,0,0,100000,531,-90574,35413240,109,103533,-82679536
21:20:39.473,0,-3.6,3,500,0,0,100000,510,-61520,35413072,212,107937,-82679056
21:20:39.478,0,-3.43,3,500,0,0,100000,510,-52007,35412840,545,93457,-82678720
21:20:39.483,0,-3.3,3,500,0,0,100000,518,-65559,35412468,1417,58530,-82678584
21:20:39.489,0,-3.3,3,500,0,0,100000,444,-91655,35411880,1009,61329,-82678088
21:20:39.494,0,-3.41,3,500,0,0,100000,507,-116148,35411236,20,116910,-82677368
21:20:39.499,0,-3.55,3,500,0,0,100000,420,-118006,35410668,43,115962,-82676920
21:20:39.504,0,-3.61,3,500,0,0,100000,372,-99407,35410136,1130,67564,-82676752
21:20:39.509,0,-3.53,3,500,0,0,100000,544,-69031,35409932,449,83531,-82676192
21:20:39.514,0,-3.35,3,500,0,0,100000,605,-45306,35409828,-2,114471,-82675568
21:20:39.519,0,-3.18,3,500,0,0,100000,530,-44461,35409584,612,95675,-82675320
21:20:39.524,0,-3.13,3,500,0,0,100000,497,-67931,35409156,1415,59140,-82675104
21:20:39.529,0,-3.25,3,500,0,0,100000,500,-102691,35408488,645,80233,-82674560
21:20:39.534,0,-3.45,3,500,0,0,100000,514,-116067,35407892,4,118894,-82673888
21:20:39.539,0,-3.61,3,500,0,0,100000,451,-122027,35407180,537,95008,-82673608
21:20:39.544,0,-3.63,3,500,0,0,100000,462,-104794,35406752,973,67166,-82673352
21:20:39.549,0,-3.48,3,500,0,0,100000,530,-72331,35406484,309,92797,-82672696
21:20:39.554,0,-3.26,3,500,0,0,100000,573,-51311,35406332,258,104527,-82672176
21:20:39.559,0,-3.07,3,500,0,0,100000,515,-50268,35406044,1271,68838,-82672064
21:20:39.564,0,-3.03,3,500,0,0,100000,527,-74422,35405596,1321,58423,-82671664
21:20:39.569,0,-3.16,3,500,0,0,100000,567,-98359,35405048,300,101166,-82671024
21:20:39.575,0,-3.38,3,500,0,0,100000,385,-115712,35404320,445,99769,-82670608
21:20:39.580,0,-3.57,3,500,0,0,100000,433,-122094,35403704,985,76305,-82670304
21:20:39.585,0,-3.63,3,500,0,0,100000,465,-110234,35403240,960,72992,-82669840
21:20:39.590,0,-3.53,3,500,0,0,100000,501,-86328,35402836,331,98531,-82669296
21:20:39.595,0,-3.31,3,500,0,0,100000,462,-62713,35402624,708,87020,-82668944
21:20:39.600,0,-3.1,3,500,0,0,100000,526,-51495,35402392,1123,74114,-82668592
21:20:39.605,0,-2.99,3,500,0,0,100000,548,-58016,35402104,919,74714,-82668208
21:20:39.610,0,-3.04,3,500,0,0,100000,530,-80051,35401592,646,87926,-82667720
21:20:39.615,0,-3.22,3,500,0,0,100000,500,-96047,35401084,784,85178,-82667320
21:20:39.620,0,-3.45,3,500,0,0,100000,494,-111599,35400408,840,79441,-82666904
21:20:39.625,0,-3.61,3,500,0,0,100000,489,-110195,35399904,600,86431,-82666472
21:20:39.630,0,-3.63,3,500,0,0,100000,507,-98267,35399380,426,98986,-82665928
21:20:39.635,0,-3.5,3,500,0,0,100000,467,-80153,35399080,906,81586,-82665672
21:20:39.640,0,-3.3,3,500,0,0,100000,504,-64500,35398840,1108,72674,-82665280
21:20:39.645,0,-3.1,3,500,0,0,100000,530,-63237,35398460,983,68929,-82664808
21:20:39.651,0,-3.01,3,500,0,0,100000,553,-64955,35398152,576,86214,-82664240
21:20:39.656,0,-3.04,3,500,0,0,100000,589,-76062,35397684,259,104593,-82663688
21:20:39.661,0,-3.17,3,500,0,0,100000,504,-89304,35397208,1143,77927,-82663528
21:20:39.666,0,-3.35,3,500,0,0,100000,492,-101685,35396760,886,67667,-82663168
21:20:39.671,0,-3.49,3,500,0,0,100000,527,-110145,35396112,148,103996,-82662456
21:20:39.676,0,-3.55,3,500,0,0,100000,472,-99062,35395700,-38,122679,-82661896
21:20:39.681,0,-3.5,3,500,0,0,100000,408,-89276,35395232,1356,67310,-82661904
21:20:39.686,0,-3.21,3,500,0,0,100000,505,-79938,35394916,1156,54549,-82661456
21:20:39.691,0,-3.1,3,500,0,0,100000,643,-55972,35394728,406,91030,-82660768
21:20:39.696,0,-3.09,3,500,0,0,100000,601,-54556,35394444,581,100936,-82660400
21:20:39.701,0,-3.19,3,500,0,0,100000,479,-73086,35394012,1082,69853,-82660168
21:20:39.706,0,-3.35,3,500,0,0,100000,543,-94849,35393416,1333,56831,-82659776
21:20:39.711,0,-3.51,3,500,0,0,100000,548,-113989,35392808,59,110492,-82659032
21:20:39.716,0,-3.57,3,500,0,0,100000,440,-110741,35392280,280,107631,-82658616
21:20:39.721,0,-3.51,3,500,0,0,100000,424,-102060,35391728,1188,70470,-82658368
21:20:39.726,0,-3.34,3,500,0,0,100000,583,-83652,35391412,610,81058,-82657856
21:20:39.731,0,-3.15,3,500,0,0,100000,509,-63965,35391200,107,107929,-82657240
21:20:39.737,0,-3.04,3,500,0,0,100000,492,-68518,35390796,541,96862,-82656896
21:20:39.742,0,-3.04,3,500,0,0,100000,474,-81875,35390352,1136,65160,-82656720
21:20:39.747,0,-3.15,3,500,0,0,100000,522,-96783,35389764,714,79235,-82656160
21:20:39.752,0,-3.29,3,500,0,0,100000,505,-101958,35389268,328,100906,-82655568
21:20:39.757,0,-3.37,3,500,0,0,100000,463,-97358,35388748,909,80585,-82655360
21:20:39.762,0,-3.38,3,500,0,0,100000,520,-89751,35388356,1086,68111,-82654968
21:20:39.767,0,-3.33,3,500,0,0,100000,533,-78378,35387992,698,82960,-82654408
21:20:39.772,0,-3.26,3,500,0,0,100000,544,-73270,35387684,649,88020,-82654056
21:20:39.777,0,-3.24,3,500,0,0,100000,481,-81035,35387212,949,76939,-82653688
21:20:39.782,0,-3.28,3,500,0,0,100000,477,-93434,35386732,1021,72121,-82653256
21:20:39.787,0,-3.36,3,500,0,0,100000,524,-101042,35386224,429,94720,-82652736
21:20:39.792,0,-3.42,3,500,0,0,100000,477,-98923,35385672,560,90074,-82652320
21:20:39.797,0,-3.42,3,500,0,0,100000,462,-94709,35385224,846,77556,-82651936
21:20:39.802,0,-3.36,3,500,0,0,100000,552,-78753,35384776,921,79035,-82651376
21:20:39.807,0,-3.27,3,500,0,0,100000,540,-78756,35384356,581,88433,-82650936
21:20:39.812,0,-3.2,3,500,0,0,100000,520,-83160,35383940,445,96008,-82650456
21:20:39.818,0,-3.19,3,500,0,0,100000,473,-86860,35383512,927,79672,-82650200
21:20:39.823,0,-3.24,3,500,0,0,100000,462,-95477,35382932,1071,68224,-82649808
21:20:39.828,0,-3.29,3,500,0,0,100000,483,-85811,35382660,420,93396,-82649288
21:20:39.833,0,-3.32,3,500,0,0,100000,483,-73923,35382364,893,82862,-82649016
21:20:39.838,0,-3.32,3,500,0,0,100000,507,-71009,35381992,1153,68289,-82648664
21:20:39.843,0,-3.3,3,500,0,0,100000,501,-76060,35381560,871,76678,-82648160
21:20:39.848,0,-3.31,3,500,0,0,100000,531,-80810,35381172,439,92631,-82647624
21:20:39.853,0,-3.35,3,500,0,0,100000,506,-90949,35380632,768,86375,-82647320
21:20:39.858,0,-3.39,3,500,0,0,100000,430,-86957,35380228,999,66738,-82646960
21:20:39.863,0,-3.4,3,500,0,0,100000,544,-88172,35379820,1049,63464,-82646488
21:20:39.868,0,-3.37,3,500,0,0,100000,568,-73737,35379472,128,111266,-82645816
21:20:39.873,0,-3.32,3,500,0,0,100000,487,-67813,35379168,288,111405,-82645376
21:20:39.878,0,-3.28,3,500,0,0,100000,418,-80785,35378728,1382,50743,-82645392
21:20:39.883,0,-3.29,3,500,0,0,100000,516,-92871,35378180,804,68335,-82644768
21:20:39.888,0,-3.32,3,500,0,0,100000,544,-98621,35377712,-58,122750,-82643968
21:20:39.893,0,-3.36,3,500,0,0,100000,375,-100262,35377116,1248,73644,-82643960
21:20:39.899,0,-3.35,3,500,0,0,100000,450,-100914,35376632,1174,49658,-82643560
21:20:39.904,0,-3.29,3,500,0,0,100000,547,-81950,35376260,-99,118627,-82642632
21:20:39.909,0,-3.2,3,500,0,0,100000,462,-55633,35376108,390,103335,-82642368
21:20:39.914,0,-3.1,3,500,0,0,100000,469,-47784,35375868,1591,42722,-82642352
21:20:39.919,0,-3.08,3,500,0,0,100000,611,-58359,35375576,675,80528,-82641672
21:20:39.924,0,-3.15,3,500,0,0,100000,592,-75707,35375104,145,110165,-82641096
21:20:39.929,0,-3.29,3,500,0,0,100000,482,-99987,35374544,1092,69646,-82641008
21:20:39.934,0,-3.45,3,500,0,0,100000,442,-118722,35373808,1075,65422,-82640560
21:20:39.939,0,-3.54,3,500,0,0,100000,498,-121863,35373220,179,99602,-82639832
21:20:39.944,0,-3.5,3,500,0,0,100000,428,-101919,35372808,326,102245,-82639464
21:20:39.949,0,-3.36,3,500,0,0,100000,432,-74145,35372484,1239,69022,-82639176
21:20:39.954,0,-3.17,3,500,0,0,100000,315,-61913,35372260,1103,57835,-82638736
21:20:39.959,0,-3.03,3,500,0,0,100000,686,-56366,35371980,50,116754,-82638008
21:20:39.964,0,-3.02,3,500,0,0,100000,516,-66436,35371620,556,101661,-82637672
21:20:39.969,0,-3.13,3,500,0,0,100000,492,-103887,35370984,1372,57446,-82637504
21:20:39.975,0,-3.32,3,500,0,0,100000,505,-135412,35370136,277,99298,-82636784
21:20:39.980,0,-3.47,3,500,0,0,100000,415,-137880,35369464,-64,119949,-82636232
21:20:39.985,0,-3.48,3,500,0,0,100000,393,-111818,35368924,950,76502,-82636032
21:20:39.990,0,-3.33,3,500,0,0,100000,505,-73567,35368740,499,85649,-82635528
21:20:39.995,0,-3.1,3,500,0,0,100000,603,-37054,35368692,149,108200,-82634952
21:20:40.000,0,-2.89,3,500,0,0,100000,528,-33784,35368552,884,87264,-82634672
21:20:40.005,0,-2.85,3,500,0,0,100000,526,-60901,35368140,1504,57643,-82634416
21:20:40.010,0,-3.01,3,500,0,0,100000,544,-104125,35367424,472,88262,-82633808
21:20:40.015,0,-3.26,3,500,0,0,100000,491,-128815,35366724,60,116375,-82633168
21:20:40.020,0,-3.49,3,500,0,0,100000,400,-136839,35366024,1076,73524,-82633104
21:20:40.025,0,-3.55,3,500,0,0,100000,438,-116604,35365432,927,69254,-82632584
21:20:40.030,0,-3.41,3,500,0,0,100000,558,-72793,35365196,836,71123,-82631984
21:20:40.035,0,-3.15,3,500,0,0,100000,527,-39457,35365160,378,107235,-82631488
21:20:40.040,0,-2.9,3,500,0,0,100000,536,-35018,35365008,1099,66343,-82631296
21:20:40.045,0,-2.81,3,500,0,0,100000,568,-59869,35364628,1293,62429,-82630848
21:20:40.051,0,-2.9,3,500,0,0,100000,538,-95506,35363984,77,108693,-82630176
21:20:40.056,0,-3.14,3,500,0,0,100000,483,-120552,35363316,138,107794,-82629752
21:20:40.061,0,-3.37,3,500,0,0,100000,498,-128223,35362568,1017,70072,-82629520
21:20:40.066,0,-3.46,3,500,0,0,100000,463,-113154,35362104,721,72955,-82628960
21:20:40.071,0,-3.38,3,500,0,0,100000,518,-69314,35361908,85,111972,-82628352
21:20:40.076,0,-3.16,3,500,0,0,100000,509,-41851,35361832,866,88340,-82628072
21:20:40.081,0,-2.88,3,500,0,0,100000,519,-43100,35361608,1352,63307,-82627768
21:20:40.086,0,-2.98,3,500,0,0,100000,572,-66063,35361224,741,81896,-82627248
21:20:40.091,0,-3.21,3,500,0,0,100000,544,-96922,35360584,57,107749,-82626624
21:20:40.096,0,-3.43,3,500,0,0,100000,436,-121615,35359912,217,106271,-82626192
21:20:40.101,0,-3.51,3,500,0,0,100000,418,-126956,35359160,1139,65157,-82626048
21:20:40.106,0,-3.42,3,500,0,0,100000,474,-111468,35358692,435,85792,-82625392
21:20:40.111,0,-3.2,3,500,0,0,100000,559,-78680,35358456,35,118345,-82624824
21:20:40.116,0,-2.97,3,500,0,0,100000,503,-57043,35358200,1097,79452,-82624624
21:20:40.121,0,-2.87,3,500,0,0,100000,553,-65638,35357852,1400,55676,-82624288
21:20:40.127,0,-2.91,3,500,0,0,100000,573,-78469,35357396,649,79727,-82623648
21:20:40.132,0,-3.08,3,500,0,0,100000,528,-95749,35356884,223,106090,-82623168
21:20:40.137,0,-3.25,3,500,0,0,100000,414,-112144,35356184,985,82792,-82622840
21:20:40.142,0,-3.33,3,500,0,0,100000,481,-116171,35355636,1141,65487,-82622448
21:20:40.147,0,-3.29,3,500,0,0,100000,481,-97063,35355188,103,109786,-82621768
21:20:40.152,0,-3.16,3,500,0,0,100000,486,-74962,35354936,283,104900,-82621360
21:20:40.157,0,-3.03,3,500,0,0,100000,482,-62746,35354628,968,75500,-82621088
21:20:40.162,0,-2.98,3,500,0,0,100000,545,-67626,35354248,1216,66948,-82620672
21:20:40.167,0,-3.06,3,500,0,0,100000,550,-87265,35353764,738,78901,-82620136
21:20:40.172,0,-3.2,3,500,0,0,100000,505,-109926,35353072,406,99774,-82619664
21:20:40.177,0,-3.32,3,500,0,0,100000,537,-120437,35352456,615,88399,-82619256
21:20:40.182,0,-3.35,3,500,0,0,100000,433,-109442,35351980,660,80561,-82618880
21:20:40.187,0,-3.25,3,500,0,0,100000,479,-87597,35351656,285,99098,-82618280
21:20:40.192,0,-3.09,3,500,0,0,100000,491,-61839,35351396,790,84234,-82618024
21:20:40.198,0,-2.95,3,500,0,0,100000,510,-53740,35351180,1143,65105,-82617704
21:20:40.203,0,-2.93,3,500,0,0,100000,567,-60385,35350892,1002,73889,-82617184
21:20:40.208,0,-3.04,3,500,0,0,100000,547,-91791,35350276,450,95829,-82616704
21:20:40.213,0,-3.22,3,500,0,0,100000,463,-103113,35349736,596,92567,-82616296
21:20:40.218,0,-3.37,3,500,0,0,100000,463,-112236,35349064,989,74429,-82615944
21:20:40.223,0,-3.39,3,500,0,0,100000,460,-96710,35348684,893,74191,-82615456
21:20:40.228,0,-3.29,3,500,0,0,100000,439,-70603,35348404,248,103959,-82614896
21:20:40.233,0,-3.15,3,500,0,0,100000,519,-54916,35348216,632,93570,-82614520
21:20:40.238,0,-3.05,3,500,0,0,100000,498,-57738,35347892,990,69141,-82614224
21:20:40.243,0,-3.07,3,500,0,0,100000,551,-75793,35347472,570,82567,-82613728
21:20:40.248,0,-3.19,3,500,0,0,100000,526,-99308,35346828,132,105728,-82613136
21:20:40.253,0,-3.33,3,500,0,0,100000,446,-102364,35346324,906,81238,-82612944
21:20:40.258,0,-3.4,3,500,0,0,100000,434,-99682,35345764,1076,70065,-82612528
21:20:40.263,0,-3.36,3,500,0,0,100000,579,-88216,35345404,624,83382,-82611936
21:20:40.268,0,-3.25,3,500,0,0,100000,595,-77991,35345084,146,110683,-82611392
21:20:40.273,0,-3.12,3,500,0,0,100000,501,-74831,35344664,616,91579,-82611072
21:20:40.279,0,-3.04,3,500,0,0,100000,510,-74965,35344304,1126,65338,-82610760
21:20:40.284,0,-3.03,3,500,0,0,100000,530,-80088,35343864,833,69850,-82610232
21:20:40.289,0,-3.07,3,500,0,0,100000,550,-77089,35343520,74,113261,-82609600
21:20:40.294,0,-3.14,3,500,0,0,100000,469,-76774,35343092,779,90958,-82609320
21:20:40.299,0,-3.22,3,500,0,0,100000,487,-83897,35342672,1347,65695,-82609024
21:20:40.304,0,-3.29,3,500,0,0,100000,510,-90585,35342168,732,78672,-82608536
21:20:40.309,0,-3.34,3,500,0,0,100000,559,-98306,35341692,299,101068,-82607960
21:20:40.314,0,-3.35,3,500,0,0,100000,478,-103671,35341108,252,105233,-82607472
21:20:40.319,0,-3.31,3,500,0,0,100000,430,-103074,35340612,1181,68938,-82607296
21:20:40.324,0,-3.24,3,500,0,0,100000,461,-85737,35340192,1093,65841,-82606736
21:20:40.329,0,-3.15,3,500,0,0,100000,554,-63294,35339940,285,99078,-82606120
21:20:40.334,0,-3.09,3,500,0,0,100000,559,-62383,35339652,240,105240,-82605648
21:20:40.339,0,-3.11,3,500,0,0,100000,622,-75010,35339240,1125,66752,-82605536
21:20:40.344,0,-3.2,3,500,0,0,100000,572,-96929,35338628,1023,69520,-82605048
21:20:40.350,0,-3.35,3,500,0,0,100000,526,-111488,35338132,202,107141,-82604456
21:20:40.355,0,-3.46,3,500,0,0,100000,454,-124019,35337380,483,98502,-82604048
21:20:40.360,0,-3.47,3,500,0,0,100000,412,-118188,35336836,878,76389,-82603704
21:20:40.365,0,-3.35,3,500,0,0,100000,467,-77836,35336568,578,90650,-82603208
21:20:40.370,0,-3.16,3,500,0,0,100000,546,-47721,35336472,422,96864,-82602712
21:20:40.375,0,-3.0,3,500,0,0,100000,578,-41709,35336268,805,86712,-82602368
21:20:40.380,0,-2.96,3,500,0,0,100000,529,-61040,35335904,1100,63126,-82602152
21:20:40.385,0,-3.08,3,500,0,0,100000,508,-92688,35335308,739,79573,-82601608
21:20:40.390,0,-3.3,3,500,0,0,100000,509,-114488,35334676,210,105534,-82600992
21:20:40.395,0,-3.49,3,500,0,0,100000,433,-126497,35333912,678,83519,-82600784
21:20:40.400,0,-3.53,3,500,0,0,100000,427,-109920,35333444,998,73208,-82600344
21:20:40.405,0,-3.41,3,500,0,0,100000,510,-75608,35333156,662,82877,-82599784
21:20:40.410,0,-3.18,3,500,0,0,100000,526,-50318,35333036,437,94102,-82599344
21:20:40.415,0,-2.98,3,500,0,0,100000,530,-43096,35332860,842,85805,-82598960
21:20:40.420,0,-2.91,3,500,0,0,100000,535,-65068,35332436,1052,70896,-82598672
21:20:40.426,0,-3.02,3,500,0,0,100000,586,-91378,35331900,488,90451,-82598088
21:20:40.431,0,-3.22,3,500,0,0,100000,500,-110202,35331300,154,110517,-82597520
21:20:40.436,0,-3.4,3,500,0,0,100000,404,-116039,35330604,1001,80443,-82597336
21:20:40.441,0,-3.45,3,500,0,0,100000,431,-101436,35330192,1142,66415,-82596928
21:20:40.446,0,-3.34,3,500,0,0,100000,512,-74057,35329904,726,77919,-82596368
21:20:40.451,0,-3.16,3,500,0,0,100000,534,-58393,35329660,368,94578,-82595808
21:20:40.456,0,-2.96,3,500,0,0,100000,547,-60858,35329364,585,93192,-82595480
21:20:40.461,0,-3.06,3,500,0,0,100000,459,-73577,35328916,1024,72624,-82595160
21:20:40.466,0,-3.22,3,500,0,0,100000,488,-96939,35328376,1041,67879,-82594712
21:20:40.471,0,-3.35,3,500,0,0,100000,481,-100670,35327804,109,108300,-82594072
21:20:40.476,0,-3.39,3,500,0,0,100000,482,-98950,35327348,316,103984,-82593640
21:20:40.481,0,-3.33,3,500,0,0,100000,382,-84114,35326996,1140,64797,-82593496
21:20:40.486,0,-3.23,3,500,0,0,100000,522,-79640,35326584,848,74244,-82592936
21:20:40.491,0,-3.15,3,500,0,0,100000,617,-80886,35326204,130,106718,-82592272
21:20:40.496,0,-3.12,3,500,0,0,100000,443,-86405,35325768,614,95055,-82591992
21:20:40.502,0,-3.15,3,500,0,0,100000,468,-95369,35325188,1172,69960,-82591672
21:20:40.507,0,-3.18,3,500,0,0,100000,484,-96629,35324724,874,72856,-82591160
21:20:40.512,0,-3.18,3,500,0,0,100000,531,-84466,35324312,385,95263,-82590552
21:20:40.517,0,-3.17,3,500,0,0,100000,516,-75915,35323988,808,88616,-82590272
21:20:40.522,0,-3.16,3,500,0,0,100000,477,-73802,35323584,1236,66415,-82589944
21:20:40.527,0,-3.18,3,500,0,0,100000,568,-89516,35323120,1018,70621,-82589448
21:20:40.532,0,-3.23,3,500,0,0,100000,520,-102242,35322524,208,105633,-82588872
21:20:40.537,0,-3.28,3,500,0,0,100000,525,-107828,35321908,220,104250,-82588328
21:20:40.542,0,-3.29,3,500,0,0,100000,485,-91685,35321532,967,76668,-82588144
21:20:40.547,0,-3.25,3,500,0,0,100000,501,-76818,35321160,1061,72992,-82587680
21:20:40.552,0,-3.2,3,500,0,0,100000,551,-69289,35320872,515,94849,-82587176
21:20:40.557,0,-3.18,3,500,0,0,100000,549,-69585,35320548,713,90393,-82586768
21:20:40.562,0,-3.24,3,500,0,0,100000,490,-86547,35320072,1069,73521,-82586488
21:20:40.567,0,-3.32,3,500,0,0,100000,490,-108794,35319380,717,83313,-82585960
21:20:40.573,0,-3.37,3,500,0,0,100000,527,-112710,35318840,425,97590,-82585480
21:20:40.578,0,-3.33,3,500,0,0,100000,438,-99483,35318404,626,90935,-82585072
21:20:40.583,0,-3.23,3,500,0,0,100000,461,-72442,35318096,1013,75051,-82584712
21:20:40.588,0,-3.12,3,500,0,0,100000,526,-60949,35317880,1127,71456,-82584288
21:20:40.593,0,-3.08,3,500,0,0,100000,559,-54807,35317604,603,91216,-82583816
21:20:40.598,0,-3.16,3,500,0,0,100000,529,-63988,35317268,936,84290,-82583448
21:20:40.603,0,-3.34,3,500,0,0,100000,499,-91859,35316660,1335,65421,-82583128
21:20:40.608,0,-3.52,3,500,0,0,100000,512,-119203,35316008,466,90799,-82582568
21:20:40.613,0,-3.61,3,500,0,0,100000,503,-122641,35315320,35,114175,-82581952
21:20:40.618,0,-3.54,3,500,0,0,100000,408,-101766,35314908,433,100387,-82581592
21:20:40.623,0,-3.35,3,500,0,0,100000,452,-77592,35314628,1288,61663,-82581416
21:20:40.628,0,-3.14,3,500,0,0,100000,564,-59158,35314388,810,72519,-82580840
21:20:40.633,0,-3.02,3,500,0,0,100000,620,-56260,35314160,178,105017,-82580168
21:20:40.639,0,-3.05,3,500,0,0,100000,526,-68520,35313716,582,98723,-82579896
21:20:40.644,0,-3.19,3,500,0,0,100000,487,-90162,35313204,1399,68795,-82579624
21:20:40.649,0,-3.36,3,500,0,0,100000,456,-111292,35312604,1187,53435,-82579208
21:20:40.654,0,-3.45,3,500,0,0,100000,503,-119002,35311936,-230,123721,-82578328
21:20:40.659,0,-3.4,3,500,0,0,100000,417,-97967,35311544,285,109035,-82578024
21:20:40.664,0,-3.25,3,500,0,0,100000,404,-78182,35311172,1328,48531,-82577912
21:20:40.669,0,-3.07,3,500,0,0,100000,589,-61256,35310976,64,110860,-82577072
21:20:40.674,0,-2.96,3,500,0,0,100000,518,-42998,35310844,371,106877,-82576744
21:20:40.679,0,-2.98,3,500,0,0,100000,470,-49276,35310536,1385,60652,-82576608
21:20:40.685,0,-3.12,3,500,0,0,100000,483,-74362,35310052,1332,51832,-82576200
21:20:40.690,0,-3.33,3,500,0,0,100000,528,-93485,35309556,483,86836,-82575512
21:20:40.695,0,-3.52,3,500,0,0,100000,514,-107933,35308908,417,105091,-82575064
21:20:40.700,0,-3.6,3,500,0,0,100000,428,-112503,35308356,1086,78037,-82574768
21:20:40.705,0,-3.55,3,500,0,0,100000,490,-106926,35307780,577,81469,-82574296
21:20:40.710,0,-3.4,3,500,0,0,100000,505,-85404,35307464,107,111476,-82573640
21:20:40.715,0,-3.22,3,500,0,0,100000,542,-60280,35306820,742,95813,-82572792
21:20:40.720,0,-3.1,3,500,0,0,100000,499,-76894,35306392,1380,56290,-82572640
21:20:40.725,0,-3.09,3,500,0,0,100000,524,-93744,35305896,599,82141,-82572000
21:20:40.730,0,-3.2,3,500,0,0,100000,516,-113826,35305180,120,107691,-82571408
21:20:40.735,0,-3.37,3,500,0,0,100000,435,-121843,35304776,1057,71487,-82571352
21:20:40.740,0,-3.5,3,500,0,0,100000,462,-117477,35304136,292,97757,-82570736
21:20:40.746,0,-3.53,3,500,0,0,100000,458,-88408,35303836,161,108574,-82570216
21:20:40.751,0,-3.43,3,500,0,0,100000,501,-58768,35303624,691,90462,-82569888
21:20:40.756,0,-3.26,3,500,0,0,100000,521,-47804,35303444,1250,68098,-82569600
21:20:40.761,0,-3.1,3,500,0,0,100000,576,-56202,35303120,951,76252,-82569160
21:20:40.766,0,-3.06,3,500,0,0,100000,560,-74525,35302708,529,90846,-82568648
21:20:40.771,0,-3.16,3,500,0,0,100000,516,-109537,35301972,297,108825,-82568088
21:20:40.776,0,-3.56,3,500,0,0,100000,409,-131706,35301256,1050,70888,-82567960
21:20:40.781,0,-3.64,3,500,0,0,100000,420,-122248,35300584,778,73253,-82567424
21:20:40.786,0,-3.54,3,500,0,0,100000,478,-93546,35300260,80,114986,-82566784
21:20:40.791,0,-3.32,3,500,0,0,100000,471,-60539,35300100,661,91545,-82566472
21:20:40.796,0,-3.08,3,500,0,0,100000,516,-40822,35299948,1300,66768,-82566176
21:20:40.801,0,-2.96,3,500,0,0,100000,577,-50429,35299688,678,80402,-82565680
21:20:40.806,0,-3.03,3,500,0,0,100000,583,-83460,35299128,289,102266,-82565112
21:20:40.811,0,-3.23,3,500,0,0,100000,487,-106417,35298532,63,122421,-82564544
21:20:40.816,0,-3.45,3,500,0,0,100000,397,-132555,35297776,1224,76301,-82564400
21:20:40.821,0,-3.56,3,500,0,0,100000,407,-126328,35297108,502,79841,-82563896
21:20:40.827,0,-3.49,3,500,0,0,100000,502,-95544,35296808,-212,134316,-82563072
21:20:40.832,0,-3.29,3,500,0,0,100000,451,-57448,35296604,658,85714,-82562984
21:20:40.837,0,-3.07,3,500,0,0,100000,542,-37315,35296484,1481,59951,-82562680
21:20:40.842,0,-2.96,3,500,0,0,100000,596,-46471,35296248,625,81987,-82562144
21:20:40.847,0,-3.03,3,500,0,0,100000,546,-76841,35295728,135,112171,-82561528
21:20:40.852,0,-3.24,3,500,0,0,100000,493,-100145,35295148,332,106865,-82561128
21:20:40.857,0,-3.48,3,500,0,0,100000,413,-128399,35294304,1450,52808,-82561064
21:20:40.862,0,-3.63,3,500,0,0,100000,528,-128517,35293704,487,83509,-82560344
21:20:40.867,0,-3.59,3,500,0,0,100000,466,-110236,35293240,-61,121219,-82559744
21:20:40.872,0,-3.41,3,500,0,0,100000,447,-80977,35292968,863,77679,-82559552
21:20:40.877,0,-3.17,3,500,0,0,100000,530,-59671,35292720,1143,64962,-82559144
21:20:40.882,0,-3.0,3,500,0,0,100000,577,-54314,35292496,357,95495,-82558584
21:20:40.887,0,-2.97,3,500,0,0,100000,566,-63550,35292112,584,99849,-82558136
21:20:40.892,0,-3.1,3,500,0,0,100000,471,-84946,35291620,1081,76038,-82557840
21:20:40.897,0,-3.32,3,500,0,0,100000,476,-111619,35290908,891,75766,-82557448
21:20:40.903,0,-3.51,3,500,0,0,100000,521,-122383,35290312,310,99377,-82556832
21:20:40.908,0,-3.59,3,500,0,0,100000,441,-113567,35289700,293,103594,-82556352
21:20:40.913,0,-3.51,3,500,0,0,100000,485,-92997,35289344,983,76864,-82556056
21:20:40.918,0,-3.32,3,500,0,0,100000,545,-65447,35289092,648,83430,-82555600
21:20:40.923,0,-3.13,3,500,0,0,100000,647,-52503,35288916,375,97858,-82555056
21:20:40.928,0,-3.03,3,500,0,0,100000,524,-56647,35288592,784,88126,-82554696
21:20:40.933,0,-3.1,3,500,0,0,100000,478,-81759,35288104,1221,68813,-82554464
21:20:40.939,0,-3.3,3,500,0,0,100000,497,-102559,35287536,898,75567,-82553960
21:20:40.944,0,-3.53,3,500,0,0,100000,477,-123401,35286772,368,96798,-82553424
21:20:40.949,0,-3.68,3,500,0,0,100000,544,-115693,35286248,274,104803,-82552920
21:20:40.954,0,-3.65,3,500,0,0,100000,409,-97429,35285740,806,90211,-82552528
21:20:40.959,0,-3.49,3,500,0,0,100000,495,-76700,35285460,1076,66995,-82552264
21:20:40.964,0,-3.27,3,500,0,0,100000,543,-65710,35285208,677,82932,-82551704
21:20:40.969,0,-3.11,3,500,0,0,100000,553,-68056,35284824,449,97775,-82551168
21:20:40.974,0,-3.08,3,500,0,0,100000,507,-69796,35284480,794,85105,-82550912
21:20:40.979,0,-3.19,3,500,0,0,100000,509,-88522,35283932,1095,72189,-82550552
21:20:40.985,0,-3.36,3,500,0,0,100000,500,-102174,35283400,915,75986,-82550064
21:20:40.990,0,-3.5,3,500,0,0,100000,492,-104326,35282828,389,97292,-82549464
21:20:40.995,0,-3.55,3,500,0,0,100000,456,-94752,35282420,707,89916,-82549152
21:20:41.000,0,-3.49,3,500,0,0,100000,469,-73086,35282084,969,75547,-82548768
21:20:41.005,0,-3.37,3,500,0,0,100000,512,-65074,35281824,792,79421,-82548336
21:20:41.010,0,-3.25,3,500,0,0,100000,573,-73953,35281396,470,94186,-82547800
21:20:41.015,0,-3.2,3,500,0,0,100000,476,-79147,35281004,552,95058,-82547360
21:20:41.020,0,-3.25,3,500,0,0,100000,466,-88723,35280540,1050,74530,-82547128
21:20:41.025,0,-3.35,3,500,0,0,100000,487,-90376,35280024,933,76495,-82546640
21:20:41.030,0,-3.44,3,500,0,0,100000,507,-84350,35279652,451,90604,-82546064
21:20:41.035,0,-3.47,3,500,0,0,100000,518,-80209,35279224,525,95518,-82545704
21:20:41.040,0,-3.44,3,500,0,0,100000,454,-77003,35278852,866,80893,-82545336
21:20:41.045,0,-3.39,3,500,0,0,100000,519,-80102,35278468,1084,71707,-82544920
21:20:41.050,0,-3.35,3,500,0,0,100000,537,-84184,35277992,721,77975,-82544408
21:20:41.055,0,-3.34,3,500,0,0,100000,448,-86057,35277528,296,100268,-82543808
21:20:41.061,0,-3.35,3,500,0,0,100000,455,-88383,35277100,881,84725,-82543568
21:20:41.066,0,-3.36,3,500,0,0,100000,472,-88022,35276616,1144,71163,-82543184
21:20:41.071,0,-3.37,3,500,0,0,100000,477,-92063,35276184,621,86449,-82542688
21:20:41.076,0,-3.36,3,500,0,0,100000,461,-85799,35275812,400,98769,-82542176
21:20:41.081,0,-3.33,3,500,0,0,100000,456,-81108,35275308,294,101049,-82541608
21:20:41.086,0,-3.3,3,500,0,0,100000,479,-84373,35274892,1031,75204,-82541408
21:20:41.091,0,-3.29,3,500,0,0,100000,497,-85122,35274424,950,72015,-82540952
21:20:41.096,0,-3.32,3,500,0,0,100000,564,-89708,35273988,303,102850,-82540360
21:20:41.101,0,-3.35,3,500,0,0,100000,466,-90709,35273624,715,91008,-82540072
21:20:41.106,0,-3.36,3,500,0,0,100000,495,-92989,35273092,1190,72075,-82539720
21:20:41.111,0,-3.35,3,500,0,0,100000,478,-100831,35272596,513,91771,-82539176
21:20:41.116,0,-3.31,3,500,0,0,100000,504,-88503,35272152,316,104294,-82538648
21:20:41.121,0,-3.26,3,500,0,0,100000,465,-85003,35271760,640,92576,-82538272
21:20:41.126,0,-3.23,3,500,0,0,100000,499,-71511,35271480,982,76529,-82537928
21:20:41.131,0,-3.24,3,500,0,0,100000,525,-61487,35271192,977,76946,-82537560
21:20:41.136,0,-3.31,3,500,0,0,100000,547,-76046,35270744,832,82651,-82537096
21:20:41.142,0,-3.43,3,500,0,0,100000,502,-94170,35270232,691,90949,-82536616
21:20:41.147,0,-3.55,3,500,0,0,100000,439,-114776,35269532,934,78390,-82536328
21:20:41.152,0,-3.6,3,500,0,0,100000,487,-117630,35268972,739,78850,-82535848
21:20:41.157,0,-3.53,3,500,0,0,100000,490,-96192,35268516,483,92499,-82535272
21:20:41.162,0,-3.37,3,500,0,0,100000,502,-71115,35268284,496,95929,-82534888
21:20:41.167,0,-3.2,3,500,0,0,100000,512,-54511,35268088,869,80740,-82534528
21:20:41.172,0,-3.11,3,500,0,0,100000,520,-54517,35267800,986,73167,-82534192
21:20:41.177,0,-3.17,3,500,0,0,100000,548,-71804,35267396,721,83142,-82533664
21:20:41.182,0,-3.33,3,500,0,0,100000,517,-83571,35266960,395,101880,-82533104
21:20:41.187,0,-3.52,3,500,0,0,100000,517,-100536,35266336,1002,81602,-82532880
21:20:41.192,0,-3.64,3,500,0,0,100000,468,-106631,35265796,1046,71187,-82532472
21:20:41.197,0,-3.62,3,500,0,0,100000,485,-105869,35265208,622,83210,-82531896
21:20:41.202,0,-3.49,3,500,0,0,100000,485,-81805,35264920,454,99656,-82531352
21:20:41.207,0,-3.3,3,500,0,0,100000,491,-55730,35264712,1011,82257,-82531096
21:20:41.212,0,-3.16,3,500,0,0,100000,532,-55382,35264468,1278,67739,-82530736
21:20:41.218,0,-3.14,3,500,0,0,100000,537,-76362,35263988,919,75258,-82530216
21:20:41.223,0,-3.25,3,500,0,0,100000,521,-83554,35263576,272,106240,-82529656
21:20:41.228,0,-3.42,3,500,0,0,100000,493,-90291,35263064,509,97046,-82529280
21:20:41.233,0,-3.58,3,500,0,0,100000,428,-91723,35262624,1120,75294,-82528968
21:20:41.238,0,-3.65,3,500,0,0,100000,477,-97056,35261992,1117,72514,-82528416
21:20:41.243,0,-3.63,3,500,0,0,100000,548,-101173,35261500,698,79448,-82527960
21:20:41.248,0,-3.54,3,500,0,0,100000,533,-91105,35261048,275,100289,-82527344
21:20:41.253,0,-3.42,3,500,0,0,100000,471,-81307,35260696,627,91267,-82527064
21:20:41.258,0,-3.32,3,500,0,0,100000,520,-73070,35260380,1017,77148,-82526680
21:20:41.263,0,-3.27,3,500,0,0,100000,492,-71246,35260116,544,91581,-82526272
21:20:41.268,0,-3.28,3,500,0,0,100000,548,-79469,35259636,422,103746,-82525768
21:20:41.273,0,-3.36,3,500,0,0,100000,423,-87461,35259176,953,81189,-82525480
21:20:41.278,0,-3.46,3,500,0,0,100000,440,-97907,35258608,1207,63566,-82525112
21:20:41.283,0,-3.55,3,500,0,0,100000,537,-102094,35258116,423,96545,-82524512
21:20:41.288,0,-3.58,3,500,0,0,100000,515,-99395,35257592,302,105347,-82524008
21:20:41.294,0,-3.54,3,500,0,0,100000,453,-93626,35257172,922,81302,-82523728
21:20:41.299,0,-3.44,3,500,0,0,100000,491,-87604,35256728,932,74940,-82523344
21:20:41.304,0,-3.34,3,500,0,0,100000,532,-82587,35256380,391,90820,-82522776
21:20:41.309,0,-3.26,3,500,0,0,100000,481,-71050,35256036,448,96467,-82522312
21:20:41.314,0,-3.26,3,500,0,0,100000,451,-69895,35255700,1033,76822,-82522072
21:20:41.319,0,-3.32,3,500,0,0,100000,520,-70383,35255300,908,79920,-82521608
21:20:41.324,0,-3.43,3,500,0,0,100000,531,-71531,35254964,864,83251,-82521144
21:20:41.329,0,-3.58,3,500,0,0,100000,516,-83577,35254528,941,81964,-82520800
21:20:41.334,0,-3.71,3,500,0,0,100000,499,-109191,35253816,989,82420,-82520352
21:20:41.339,0,-3.79,3,500,0,0,100000,470,-121062,35253192,837,76388,-82519904
21:20:41.344,0,-3.78,3,500,0,0,100000,456,-105127,35252652,402,101429,-82519368
21:20:41.349,0,-3.65,3,500,0,0,100000,484,-73342,35252428,553,97159,-82518944
21:20:41.354,0,-3.47,3,500,0,0,100000,518,-54802,35252236,1163,74462,-82518648
21:20:41.359,0,-3.32,3,500,0,0,100000,541,-49231,35252000,1076,69910,-82518304
21:20:41.364,0,-3.29,3,500,0,0,100000,555,-59656,35251684,819,84126,-82517792
21:20:41.369,0,-3.42,3,500,0,0,100000,525,-81897,35251160,698,89224,-82517352
21:20:41.375,0,-3.64,3,500,0,0,100000,485,-103369,35250596,928,80999,-82516976
21:20:41.380,0,-3.83,3,500,0,0,100000,424,-115321,35249924,626,84155,-82516560
21:20:41.385,0,-3.89,3,500,0,0,100000,456,-106470,35249456,288,105608,-82515944
21:20:41.390,0,-3.78,3,500,0,0,100000,445,-70056,35249176,832,86099,-82515704
21:20:41.395,0,-3.56,3,500,0,0,100000,500,-49617,35249028,1211,65409,-82515360
21:20:41.400,0,-3.35,3,500,0,0,100000,584,-49093,35248784,1083,67985,-82514880
21:20:41.405,0,-3.27,3,500,0,0,100000,579,-65287,35248424,428,97490,-82514352
21:20:41.410,0,-3.37,3,500,0,0,100000,506,-82528,35247968,674,95511,-82513928
21:20:41.415,0,-3.57,3,500,0,0,100000,436,-112182,35247228,848,78154,-82513584
21:20:41.420,0,-3.77,3,500,0,0,100000,503,-119717,35246640,668,83959,-82513120
21:20:41.425,0,-3.84,3,500,0,0,100000,458,-99947,35246156,243,107431,-82512504
21:20:41.430,0,-3.73,3,500,0,0,100000,478,-73095,35245916,169,112351,-82512024
21:20:41.435,0,-3.52,3,500,0,0,100000,463,-61995,35245672,936,77663,-82511800
21:20:41.440,0,-3.31,3,500,0,0,100000,535,-60576,35245356,1105,63342,-82511480
21:20:41.445,0,-3.21,3,500,0,0,100000,583,-65117,35245048,290,95589,-82510832
21:20:41.451,0,-3.27,3,500,0,0,100000,499,-82257,35244536,238,109343,-82510328
21:20:41.456,0,-3.41,3,500,0,0,100000,428,-96807,35244004,1292,62533,-82510272
21:20:41.461,0,-3.57,3,500,0,0,100000,446,-104230,35243428,1075,69764,-82509736
21:20:41.466,0,-3.65,3,500,0,0,100000,528,-92283,35242968,333,99924,-82509048
21:20:41.471,0,-3.62,3,500,0,0,100000,474,-76965,35242664,568,96782,-82508728
21:20:41.476,0,-3.52,3,500,0,0,100000,509,-73458,35242344,1355,65211,-82508464
21:20:41.481,0,-3.42,3,500,0,0,100000,552,-75753,35241928,655,81367,-82507936
21:20:41.486,0,-3.42,3,500,0,0,100000,553,-85581,35241500,232,102544,-82507352
21:20:41.491,0,-3.5,3,500,0,0,100000,434,-100170,35240872,236,109021,-82506880
21:20:41.496,0,-3.56,3,500,0,0,100000,420,-107485,35240324,1227,67757,-82506768
21:20:41.501,0,-3.55,3,500,0,0,100000,479,-108388,35239812,757,77898,-82506208
21:20:41.506,0,-3.46,3,500,0,0,100000,579,-87467,35239412,103,106638,-82505552
21:20:41.511,0,-3.34,3,500,0,0,100000,480,-74227,35239112,813,86991,-82505328
21:20:41.516,0,-3.25,3,500,0,0,100000,473,-65390,35238776,1266,69249,-82504968
21:20:41.521,0,-3.25,3,500,0,0,100000,533,-66980,35238468,1119,69033,-82504512
21:20:41.527,0,-3.34,3,500,0,0,100000,595,-82341,35237992,564,89734,-82503920
21:20:41.532,0,-3.46,3,500,0,0,100000,533,-98773,35237464,398,98805,-82503528
21:20:41.537,0,-3.55,3,500,0,0,100000,434,-105452,35236856,899,79099,-82503208
21:20:41.542,0,-3.56,3,500,0,0,100000,476,-99195,35236408,998,71555,-82502760
21:20:41.547,0,-3.48,3,500,0,0,100000,521,-76985,35236072,306,100389,-82502184
21:20:41.552,0,-3.38,3,500,0,0,100000,544,-61267,35235840,295,108035,-82501680
21:20:41.557,0,-3.32,3,500,0,0,100000,500,-63619,35235524,1115,71064,-82501544
21:20:41.562,0,-3.36,3,500,0,0,100000,546,-76691,35235056,1280,60718,-82501128
21:20:41.567,0,-3.47,3,500,0,0,100000,529,-97108,35234520,583,86133,-82500488
21:20:41.572,0,-3.58,3,500,0,0,100000,494,-106104,35233892,253,110842,-82499968
21:20:41.577,0,-3.62,3,500,0,0,100000,382,-103349,35233400,964,82857,-82499704
21:20:41.582,0,-3.54,3,500,0,0,100000,454,-95547,35232988,1338,57783,-82499352
21:20:41.587,0,-3.41,3,500,0,0,100000,550,-80170,35232616,225,102447,-82498648
21:20:41.592,0,-3.27,3,500,0,0,100000,541,-69728,35232328,81,117828,-82498120
21:20:41.597,0,-3.21,3,500,0,0,100000,486,-67168,35231956,694,90343,-82497856
21:20:41.603,0,-3.24,3,500,0,0,100000,450,-82430,35231444,1343,59623,-82497592
21:20:41.608,0,-3.34,3,500,0,0,100000,413,-96097,35230948,869,71091,-82497016
21:20:41.613,0,-3.43,3,500,0,0,100000,525,-93509,35230456,12,117352,-82496352
21:20:41.618,0,-3.47,3,500,0,0,100000,424,-82917,35230100,852,90747,-82496096
21:20:41.623,0,-3.45,3,500,0,0,100000,526,-76295,35229784,1289,58906,-82495864
21:20:41.628,0,-3.41,3,500,0,0,100000,584,-79833,35229356,455,92063,-82495176
21:20:41.633,0,-3.39,3,500,0,0,100000,528,-90400,35228880,475,105699,-82494784
21:20:41.638,0,-3.4,3,500,0,0,100000,429,-107945,35228292,1331,69764,-82494536
21:20:41.643,0,-3.41,3,500,0,0,100000,504,-114673,35227620,1069,60507,-82494056
21:20:41.648,0,-3.38,3,500,0,0,100000,545,-93561,35227268,27,123336,-82493272
21:20:41.653,0,-3.31,3,500,0,0,100000,483,-72564,35226924,717,93028,-82493032
21:20:41.658,0,-3.24,3,500,0,0,100000,501,-64723,35226644,1529,56459,-82492768
21:20:41.663,0,-3.21,3,500,0,0,100000,590,-64407,35226360,1057,66561,-82492208
21:20:41.668,0,-3.29,3,500,0,0,100000,583,-81601,35225852,166,111359,-82491616
21:20:41.673,0,-3.43,3,500,0,0,100000,442,-104504,35225256,930,86487,-82491336
21:20:41.678,0,-3.56,3,500,0,0,100000,448,-127107,35224472,1294,65135,-82490976
21:20:41.684,0,-3.59,3,500,0,0,100000,452,-119903,35223848,140,106379,-82490288
21:20:41.689,0,-3.49,3,500,0,0,100000,503,-91150,35223540,193,111433,-82489792
21:20:41.694,0,-3.31,3,500,0,0,100000,484,-59840,35223316,972,84483,-82489504
21:20:41.699,0,-3.15,3,500,0,0,100000,499,-51704,35223120,1108,64996,-82489224
21:20:41.704,0,-3.12,3,500,0,0,100000,572,-60189,35222828,592,89715,-82488632
21:20:41.709,0,-3.24,3,500,0,0,100000,561,-87994,35222244,529,100812,-82488216
21:20:41.714,0,-3.46,3,500,0,0,100000,476,-114021,35221584,1069,79718,-82487904
21:20:41.719,0,-3.64,3,500,0,0,100000,374,-131914,35220772,1052,67231,-82487456
21:20:41.724,0,-3.68,3,500,0,0,100000,484,-123407,35220220,102,109229,-82486776
21:20:41.729,0,-3.55,3,500,0,0,100000,456,-84006,35219960,421,102691,-82486376
21:20:41.734,0,-3.31,3,500,0,0,100000,507,-53683,35219784,1153,76173,-82486080
21:20:41.740,0,-3.11,3,500,0,0,100000,551,-49917,35219576,1341,65185,-82485688
21:20:41.745,0,-3.07,3,500,0,0,100000,558,-69925,35219128,619,85908,-82485184
21:20:41.750,0,-3.2,3,500,0,0,100000,535,-86463,35218664,372,100165,-82484656
21:20:41.755,0,-3.43,3,500,0,0,100000,449,-110153,35217968,610,97834,-82484248
21:20:41.760,0,-3.61,3,500,0,0,100000,386,-111280,35217348,1101,77890,-82483904
21:20:41.765,0,-3.64,3,500,0,0,100000,439,-101900,35216820,1037,67998,-82483456
21:20:41.770,0,-3.52,3,500,0,0,100000,566,-81441,35216532,232,105606,-82482800
21:20:41.775,0,-3.32,3,500,0,0,100000,520,-67341,35216272,321,105991,-82482368
21:20:41.780,0,-3.15,3,500,0,0,100000,486,-65218,35215908,747,84643,-82482048
21:20:41.785,0,-3.09,3,500,0,0,100000,535,-66697,35215656,1013,74689,-82481720
21:20:41.790,0,-3.15,3,500,0,0,100000,562,-71669,35215256,440,97185,-82481208
21:20:41.795,0,-3.3,3,500,0,0,100000,493,-82064,35214824,602,99289,-82480752
21:20:41.800,0,-3.47,3,500,0,0,100000,448,-88555,35214380,1140,65960,-82480576
21:20:41.805,0,-3.6,3,500,0,0,100000,549,-100810,35213788,662,75029,-82480024
21:20:41.811,0,-3.65,3,500,0,0,100000,534,-101756,35213304,88,111754,-82479312
21:20:41.816,0,-3.61,3,500,0,0,100000,481,-97564,35212748,85,115296,-82478848
21:20:41.821,0,-3.5,3,500,0,0,100000,426,-91393,35212328,1264,60206,-82478808
21:20:41.826,0,-3.36,3,500,0,0,100000,509,-74255,35212008,753,75228,-82478208
21:20:41.831,0,-3.23,3,500,0,0,100000,549,-61362,35211780,274,101246,-82477600
21:20:41.836,0,-3.17,3,500,0,0,100000,428,-55826,35211500,1033,82567,-82477392
21:20:41.841,0,-3.23,3,500,0,0,100000,504,-69442,35211124,1371,63512,-82477064
21:20:41.846,0,-3.57,3,500,0,0,100000,492,-95444,35210520,900,74856,-82476520
21:20:41.851,0,-3.71,3,500,0,0,100000,496,-110777,35209940,301,102645,-82475976
21:20:41.856,0,-3.74,3,500,0,0,100000,412,-117782,35209232,408,104611,-82475496
21:20:41.861,0,-3.63,3,500,0,0,100000,425,-106980,35208760,1064,78335,-82475192
21:20:41.866,0,-3.44,3,500,0,0,100000,544,-95158,35208364,700,79050,-82474744
21:20:41.871,0,-3.26,3,500,0,0,100000,554,-66196,35208108,399,97730,-82474184
21:20:41.876,0,-3.18,3,500,0,0,100000,451,-52114,35207912,1063,77812,-82473968
21:20:41.881,0,-3.26,3,500,0,0,100000,513,-67405,35207492,1233,67717,-82473592
21:20:41.887,0,-3.44,3,500,0,0,100000,578,-94172,35206952,767,81216,-82473056
21:20:41.892,0,-3.63,3,500,0,0,100000,447,-105844,35206408,542,90927,-82472568
21:20:41.897,0,-3.74,3,500,0,0,100000,433,-110308,35205764,897,80541,-82472272
21:20:41.902,0,-3.71,3,500,0,0,100000,489,-101096,35205336,846,82013,-82471800
21:20:41.907,0,-3.57,3,500,0,0,100000,520,-92515,35204860,639,85776,-82471304
21:20:41.912,0,-3.4,3,500,0,0,100000,521,-78356,35204556,739,85778,-82470944
21:20:41.917,0,-3.28,3,500,0,0,100000,508,-76938,35204152,831,79301,-82470560
21:20:41.922,0,-3.24,3,500,0,0,100000,471,-83744,35203668,856,82086,-82470104
21:20:41.927,0,-3.27,3,500,0,0,100000,498,-88602,35203240,806,85224,-82469712
21:20:41.932,0,-3.32,3,500,0,0,100000,481,-90239,35202796,647,91102,-82469216
21:20:41.937,0,-3.36,3,500,0,0,100000,454,-72245,35202448,876,83029,-82468800
21:20:41.942,0,-3.41,3,500,0,0,100000,560,-62239,35202196,898,73349,-82468472
21:20:41.947,0,-3.46,3,500,0,0,100000,563,-60941,35201920,630,88965,-82467920
21:20:41.952,0,-3.55,3,500,0,0,100000,542,-76504,35201440,534,97379,-82467440
21:20:41.958,0,-3.66,3,500,0,0,100000,484,-104781,35200836,920,75611,-82467232
21:20:41.963,0,-3.72,3,500,0,0,100000,437,-132425,35199980,726,80460,-82466712
21:20:41.968,0,-3.67,3,500,0,0,100000,425,-127187,35199280,417,92704,-82466160
21:20:41.973,0,-3.48,3,500,0,0,100000,462,-95993,35198956,270,106690,-82465608
21:20:41.978,0,-3.23,3,500,0,0,100000,479,-51325,35198840,853,87711,-82465280
21:20:41.983,0,-3.04,3,500,0,0,100000,553,-31503,35198776,1098,64471,-82465032
21:20:41.988,0,-3.03,3,500,0,0,100000,608,-29586,35198648,643,84383,-82464456
21:20:41.993,0,-3.24,3,500,0,0,100000,553,-43162,35198396,726,93152,-82464104
21:20:41.998,0,-3.59,3,500,0,0,100000,508,-71025,35197948,1347,73260,-82463824
21:20:42.003,0,-3.94,3,500,0,0,100000,509,-121775,35197100,1505,57719,-82463440
21:20:42.008,0,-4.14,3,500,0,0,100000,507,-153279,35196260,114,106474,-82462680
21:20:42.013,0,-4.09,3,500,0,0,100000,420,-159279,35195336,-100,127803,-82462104
21:20:42.019,0,-3.81,3,500,0,0,100000,420,-135463,35194760,1232,61563,-82462088
21:20:42.024,0,-3.41,3,500,0,0,100000,478,-74446,35194564,532,84723,-82461400
21:20:42.029,0,-3.06,3,500,0,0,100000,599,-35105,35194584,41,114558,-82460752
21:20:42.034,0,-2.91,3,500,0,0,100000,527,-20715,35194536,1301,71373,-82460688
21:20:42.039,0,-3.02,3,500,0,0,100000,517,-39337,35194264,1446,56254,-82460320
21:20:42.044,0,-3.34,3,500,0,0,100000,605,-74485,35193784,842,74393,-82459744
21:20:42.049,0,-3.72,3,500,0,0,100000,573,-123169,35192932,304,100803,-82459160
21:20:42.054,0,-3.99,3,500,0,0,100000,431,-153945,35192084,969,83865,-82458928
21:20:42.059,0,-4.01,3,500,0,0,100000,357,-162045,35191144,1135,67543,-82458528
21:20:42.064,0,-3.78,3,500,0,0,100000,385,-129113,35190680,401,91813,-82457856
21:20:42.069,0,-3.41,3,500,0,0,100000,511,-63819,35190568,405,101958,-82457432
21:20:42.074,0,-3.08,3,500,0,0,100000,527,-30354,35190568,970,78460,-82457128
21:20:42.079,0,-2.95,3,500,0,0,100000,549,-25418,35190480,1324,64794,-82456760
21:20:42.084,0,-3.09,3,500,0,0,100000,597,-43068,35190192,747,83531,-82456272
21:20:42.089,0,-3.44,3,500,0,0,100000,544,-70994,35189744,488,97582,-82455776
21:20:42.095,0,-3.82,3,500,0,0,100000,484,-122126,35188880,1110,74652,-82455584
21:20:42.100,0,-4.08,3,500,0,0,100000,437,-159265,35187956,992,76473,-82455080
21:20:42.105,0,-4.09,3,500,0,0,100000,403,-167911,35187120,361,93476,-82454456
21:20:42.110,0,-3.84,3,500,0,0,100000,437,-127544,35186552,324,104997,-82454008
21:20:42.115,0,-3.44,3,500,0,0,100000,461,-70295,35186440,1038,76737,-82453696
21:20:42.120,0,-3.05,3,500,0,0,100000,570,-30697,35186436,1187,66122,-82453288
21:20:42.125,0,-2.86,3,500,0,0,100000,575,-25079,35186356,775,76361,-82452792
21:20:42.130,0,-2.94,3,500,0,0,100000,561,-33181,35186156,752,88285,-82452392
21:20:42.135,0,-3.26,3,500,0,0,100000,465,-59535,35185776,1168,75549,-82452064
21:20:42.140,0,-3.66,3,500,0,0,100000,505,-111523,35184984,1279,65962,-82451688
21:20:42.145,0,-3.98,3,500,0,0,100000,508,-146697,35184184,367,99049,-82451088
21:20:42.150,0,-4.08,3,500,0,0,100000,435,-151232,35183296,223,107065,-82450568
21:20:42.155,0,-3.91,3,500,0,0,100000,438,-105900,35182720,441,102892,-82450000
21:20:42.160,0,-3.54,3,500,0,0,100000,484,-56075,35182644,915,77315,-82449680
21:20:42.165,0,-3.14,3,500,0,0,100000,545,-30330,35182588,1036,71023,-82449248
21:20:42.171,0,-2.88,3,500,0,0,100000,572,-36626,35182412,422,96322,-82448696
21:20:42.176,0,-2.88,3,500,0,0,100000,483,-51872,35182140,1093,73164,-82448576
21:20:42.181,0,-3.11,3,500,0,0,100000,537,-75078,35181696,1129,73033,-82448128
21:20:42.186,0,-3.44,3,500,0,0,100000,520,-102144,35181124,436,95969,-82447608
21:20:42.191,0,-3.71,3,500,0,0,100000,486,-128831,35180288,194,113350,-82447024
21:20:42.196,0,-3.79,3,500,0,0,100000,394,-131506,35179636,633,93787,-82446680
21:20:42.201,0,-3.66,3,500,0,0,100000,401,-102694,35179180,812,73561,-82446352
21:20:42.206,0,-3.11,3,500,0,0,100000,568,-66633,35179036,215,104703,-82445672
21:20:42.211,0,-2.96,3,500,0,0,100000,578,-38633,35178936,242,107243,-82445240
21:20:42.216,0,-3.0,3,500,0,0,100000,484,-39711,35178748,1010,83779,-82444968
21:20:42.221,0,-3.22,3,500,0,0,100000,495,-70916,35178256,1279,62072,-82444712
21:20:42.226,0,-3.48,3,500,0,0,100000,539,-92242,35177688,577,86097,-82444088
21:20:42.231,0,-3.67,3,500,0,0,100000,517,-99921,35177192,-6,118403,-82443432
21:20:42.236,0,-3.7,3,500,0,0,100000,435,-114785,35176576,1060,73032,-82443344
21:20:42.241,0,-3.58,3,500,0,0,100000,500,-114487,35175936,1024,66123,-82442848
21:20:42.246,0,-3.4,3,500,0,0,100000,529,-102263,35175508,-31,120556,-82442104
21:20:42.252,0,-3.21,3,500,0,0,100000,497,-77486,35175144,576,98224,-82441808
21:20:42.257,0,-3.11,3,500,0,0,100000,443,-77769,35174780,1083,68522,-82441512
21:20:42.262,0,-3.1,3,500,0,0,100000,564,-82655,35174388,424,92780,-82440936
21:20:42.267,0,-3.17,3,500,0,0,100000,461,-80398,35173940,259,108051,-82440400
21:20:42.272,0,-3.27,3,500,0,0,100000,478,-75844,35173604,600,92650,-82440056
21:20:42.277,0,-3.37,3,500,0,0,100000,484,-86292,35173080,1070,71416,-82439728
21:20:42.282,0,-3.43,3,500,0,0,100000,513,-100017,35172504,812,75133,-82439224
21:20:42.287,0,-3.44,3,500,0,0,100000,543,-100539,35172032,506,91841,-82438656
21:20:42.292,0,-3.38,3,500,0,0,100000,462,-93251,35171544,536,95947,-82438288
21:20:42.297,0,-3.29,3,500,0,0,100000,510,-92717,35171124,982,77216,-82437936
21:20:42.302,0,-3.19,3,500,0,0,100000,474,-82283,35170708,682,81038,-82437504
21:20:42.307,0,-3.13,3,500,0,0,100000,535,-75103,35170396,258,102901,-82436904
21:20:42.312,0,-3.13,3,500,0,0,100000,474,-70180,35170072,1049,76632,-82436720
21:20:42.318,0,-3.2,3,500,0,0,100000,534,-63739,35169792,1070,68066,-82436296
21:20:42.323,0,-3.32,3,500,0,0,100000,558,-76135,35169348,800,77105,-82435752
21:20:42.328,0,-3.44,3,500,0,0,100000,533,-90366,35168872,213,108837,-82435192
21:20:42.333,0,-3.51,3,500,0,0,100000,414,-108711,35168180,550,102573,-82434768
21:20:42.338,0,-3.49,3,500,0,0,100000,319,-115884,35167604,1259,67512,-82434512
21:20:42.343,0,-3.37,3,500,0,0,100000,540,-103490,35167176,444,90659,-82433920
21:20:42.348,0,-3.19,3,500,0,0,100000,543,-82695,35166784,-35,122207,-82433256
21:20:42.353,0,-3.03,3,500,0,0,100000,465,-65573,35166540,672,97239,-82432992
21:20:42.358,0,-2.97,3,500,0,0,100000,453,-60052,35166232,1118,60295,-82432792
21:20:42.363,0,-3.02,3,500,0,0,100000,546,-59248,35165972,513,84250,-82432144
21:20:42.368,0,-3.17,3,500,0,0,100000,588,-58191,35165664,7,120586,-82431472
21:20:42.374,0,-3.36,3,500,0,0,100000,555,-71799,35165208,794,99796,-82431208
21:20:42.379,0,-3.53,3,500,0,0,100000,469,-104589,35164604,1366,49213,-82431080
21:20:42.384,0,-3.6,3,500,0,0,100000,502,-121121,35163896,156,109353,-82430216
21:20:42.384,0,-3.6,3,500,0,0,100000,442,-121996,35163288,558,106380,-82429896
21:20:42.389,0,-3.55,3,500,0,0,100000,407,-108493,35162820,1229,52360,-82429712
21:20:42.394,0,-3.38,3,500,0,0,100000,560,-81850,35162488,398,86062,-82428968
21:20:42.399,0,-3.16,3,500,0,0,100000,520,-55065,35162336,212,113166,-82428464
21:20:42.404,0,-2.98,3,500,0,0,100000,496,-50934,35162060,1031,81135,-82428200
21:20:42.409,0,-2.93,3,500,0,0,100000,544,-60842,35161732,1499,56384,-82427888
21:20:42.414,0,-3.04,3,500,0,0,100000,619,-79167,35161320,353,95816,-82427240
21:20:42.419,0,-3.25,3,500,0,0,100000,493,-105750,35160632,102,114818,-82426688
21:20:42.424,0,-3.48,3,500,0,0,100000,442,-129920,35159912,909,85107,-82426432
21:20:42.429,0,-3.64,3,500,0,0,100000,355,-140640,35159096,1108,67649,-82426024
21:20:42.434,0,-3.62,3,500,0,0,100000,439,-114085,35158684,92,111199,-82425352
21:20:42.439,0,-3.45,3,500,0,0,100000,536,-73471,35158432,548,97404,-82424976
21:20:42.444,0,-3.19,3,500,0,0,100000,485,-52666,35158264,1207,70896,-82424680
21:20:42.449,0,-2.96,3,500,0,0,100000,600,-50419,35158012,610,87629,-82424160
21:20:42.455,0,-2.88,3,500,0,0,100000,563,-57085,35157736,448,97082,-82423656
21:20:42.460,0,-3.0,3,500,0,0,100000,560,-90299,35157108,529,94702,-82423232
21:20:42.465,0,-3.26,3,500,0,0,100000,462,-123045,35156392,956,76260,-82422984
21:20:42.470,0,-3.51,3,500,0,0,100000,515,-141909,35155644,758,81229,-82422440
21:20:42.475,0,-3.64,3,500,0,0,100000,447,-127184,35154976,155,110582,-82421856
21:20:42.480,0,-3.56,3,500,0,0,100000,384,-90304,35154676,717,88474,-82421528
21:20:42.485,0,-3.32,3,500,0,0,100000,523,-48534,35154564,1200,68389,-82421176
21:20:42.490,0,-3.03,3,500,0,0,100000,662,-35157,35154472,776,80108,-82420656
21:20:42.495,0,-2.87,3,500,0,0,100000,594,-58770,35154100,613,95087,-82420208
21:20:42.500,0,-2.91,3,500,0,0,100000,511,-90129,35153528,829,88084,-82419832
21:20:42.505,0,-3.13,3,500,0,0,100000,442,-123162,35152740,1082,77432,-82419424
21:20:42.510,0,-3.4,3,500,0,0,100000,450,-128539,35152116,415,92046,-82418904
21:20:42.515,0,-3.56,3,500,0,0,100000,495,-107986,35151608,167,109679,-82418320
21:20:42.520,0,-3.52,3,500,0,0,100000,504,-71026,35151352,240,102110,-82417800
21:20:42.525,0,-3.31,3,500,0,0,100000,551,-45889,35151192,1060,70408,-82417624
21:20:42.531,0,-3.05,3,500,0,0,100000,623,-44638,35151032,577,86096,-82417120
21:20:42.536,0,-2.89,3,500,0,0,100000,538,-55543,35150736,440,100693,-82416592
21:20:42.541,0,-2.92,3,500,0,0,100000,488,-87241,35150120,1087,77733,-82416392
21:20:42.546,0,-3.1,3,500,0,0,100000,433,-112059,35149496,1100,61998,-82415984
21:20:42.551,0,-3.33,3,500,0,0,100000,524,-117681,35148916,79,112983,-82415256
21:20:42.556,0,-3.47,3,500,0,0,100000,473,-105328,35148356,56,119517,-82414736
21:20:42.561,0,-3.45,3,500,0,0,100000,380,-85026,35148020,1007,68827,-82414576
21:20:42.566,0,-3.29,3,500,0,0,100000,521,-62127,35147772,982,64401,-82414096
21:20:42.571,0,-2.94,3,500,0,0,100000,555,-56487,35147548,182,107566,-82413448
21:20:42.576,0,-2.93,3,500,0,0,100000,489,-66608,35147192,337,107358,-82413032
21:20:42.581,0,-3.03,3,500,0,0,100000,401,-88400,35146608,976,78737,-82412760
21:20:42.586,0,-3.2,3,500,0,0,100000,534,-99808,35146100,1089,65064,-82412360
21:20:42.591,0,-3.32,3,500,0,0,100000,507,-100604,35145560,43,110153,-82411672
21:20:42.596,0,-3.35,3,500,0,0,100000,477,-96204,35145048,380,107428,-82411240
21:20:42.601,0,-3.29,3,500,0,0,100000,424,-91296,35144632,1138,65596,-82411088
21:20:42.606,0,-3.19,3,500,0,0,100000,496,-87925,35144248,788,76007,-82410496
21:20:42.611,0,-3.1,3,500,0,0,100000,595,-80727,35143828,172,107468,-82409840
21:20:42.617,0,-3.07,3,500,0,0,100000,454,-78322,35143464,969,82749,-82409656
21:20:42.622,0,-3.09,3,500,0,0,100000,538,-88780,35142936,1220,65237,-82409272
21:20:42.627,0,-3.15,3,500,0,0,100000,550,-90760,35142516,395,99111,-82408664
21:20:42.632,0,-3.23,3,500,0,0,100000,494,-89938,35142096,286,105529,-82408168
21:20:42.637,0,-3.3,3,500,0,0,100000,435,-100168,35141480,827,84504,-82407848
21:20:42.642,0,-3.31,3,500,0,0,100000,485,-100408,35141016,987,72501,-82407408
21:20:42.647,0,-3.28,3,500,0,0,100000,537,-95997,35140504,225,99233,-82406840
21:20:42.652,0,-3.22,3,500,0,0,100000,490,-80790,35140184,460,99814,-82406384
21:20:42.657,0,-3.15,3,500,0,0,100000,513,-71860,35139828,1052,77102,-82406096
21:20:42.662,0,-3.12,3,500,0,0,100000,526,-77847,35139448,804,80758,-82405688
21:20:42.667,0,-3.15,3,500,0,0,100000,486,-79829,35139012,487,94201,-82405144
21:20:42.672,0,-3.23,3,500,0,0,100000,513,-90065,35138416,402,96045,-82404608
21:20:42.677,0,-3.32,3,500,0,0,100000,474,-93330,35137956,509,101198,-82404120
21:20:42.682,0,-3.4,3,500,0,0,100000,422,-101511,35137360,1087,68096,-82403920
21:20:42.687,0,-3.4,3,500,0,0,100000,518,-100325,35136896,615,84709,-82403296
21:20:42.692,0,-3.35,3,500,0,0,100000,540,-87619,35136540,49,117636,-82402712
21:20:42.697,0,-3.26,3,500,0,0,100000,579,-81475,35136244,1195,63640,-82402664
21:20:42.703,0,-3.16,3,500,0,0,100000,592,-68646,35135928,477,88623,-82402080
21:20:42.708,0,-3.11,3,500,0,0,100000,570,-60440,35135684,293,104949,-82401536
21:20:42.713,0,-3.13,3,500,0,0,100000,496,-73389,35135224,463,106864,-82401104
21:20:42.718,0,-3.21,3,500,0,0,100000,489,-88253,35134744,1229,74622,-82400864
21:20:42.723,0,-3.33,3,500,0,0,100000,519,-107339,35134172,714,75432,-82400432
21:20:42.728,0,-3.42,3,500,0,0,100000,520,-115030,35133504,-25,121544,-82399656
21:20:42.733,0,-3.42,3,500,0,0,100000,422,-109104,35133020,161,116411,-82399256
21:20:42.738,0,-3.34,3,500,0,0,100000,386,-89161,35132600,1275,51449,-82399208
21:20:42.743,0,-3.2,3,500,0,0,100000,554,-66691,35132404,192,98555,-82398400
21:20:42.748,0,-3.07,3,500,0,0,100000,456,-54972,35132152,-62,120955,-82397856
21:20:42.753,0,-3.03,3,500,0,0,100000,414,-62802,35131768,889,90282,-82397624
21:20:42.758,0,-3.09,3,500,0,0,100000,521,-81894,35131312,1287,51316,-82397448
21:20:42.763,0,-3.24,3,500,0,0,100000,573,-106220,35130736,226,102412,-82396624
21:20:42.768,0,-3.38,3,500,0,0,100000,417,-121450,35129980,212,113600,-82396216
21:20:42.773,0,-3.45,3,500,0,0,100000,374,-122592,35129376,1353,64237,-82396016
21:20:42.778,0,-3.39,3,500,0,0,100000,432,-95213,35128956,893,71839,-82395416
21:20:42.784,0,-3.24,3,500,0,0,100000,679,-63942,35128788,-25,121564,-82394728
21:20:42.789,0,-3.07,3,500,0,0,100000,496,-46725,35128620,668,91059,-82394504
21:20:42.794,0,-2.99,3,500,0,0,100000,503,-55055,35128292,1448,57632,-82394240
21:20:42.799,0,-3.06,3,500,0,0,100000,580,-80967,35127828,589,88996,-82393648
21:20:42.804,0,-3.27,3,500,0,0,100000,504,-123111,35126980,69,117003,-82393032
21:20:42.809,0,-3.49,3,500,0,0,100000,427,-144440,35126212,570,97993,-82392704
21:20:42.814,0,-3.61,3,500,0,0,100000,355,-130646,35125536,1087,70698,-82392360
21:20:42.819,0,-3.54,3,500,0,0,100000,559,-96193,35125236,249,101125,-82391728
21:20:42.824,0,-3.32,3,500,0,0,100000,553,-55434,35125096,198,110880,-82391208
21:20:42.829,0,-3.06,3,500,0,0,100000,564,-42352,35124948,1257,64015,-82391144
21:20:42.834,0,-2.93,3,500,0,0,100000,545,-63106,35124536,1043,69639,-82390624
21:20:42.839,0,-2.99,3,500,0,0,100000,572,-92702,35123988,332,99777,-82389976
21:20:42.844,0,-3.2,3,500,0,0,100000,457,-114363,35123352,469,100147,-82389608
21:20:42.849,0,-3.44,3,500,0,0,100000,401,-116551,35122672,1067,78446,-82389272
21:20:42.854,0,-3.56,3,500,0,0,100000,522,-111307,35122168,1047,69121,-82388824
21:20:42.859,0,-3.52,3,500,0,0,100000,506,-87833,35121768,238,104875,-82388200
21:20:42.864,0,-3.36,3,500,0,0,100000,540,-70275,35121520,316,107113,-82387736
21:20:42.869,0,-3.2,3,500,0,0,100000,469,-74139,35121156,880,80147,-82387456
21:20:42.875,0,-3.12,3,500,0,0,100000,492,-85755,35120632,1013,70656,-82387032
21:20:42.880,0,-3.14,3,500,0,0,100000,517,-86117,35120248,289,103078,-82386432
21:20:42.885,0,-3.23,3,500,0,0,100000,495,-83471,35119792,387,103772,-82386000
21:20:42.890,0,-3.32,3,500,0,0,100000,464,-83849,35119400,1028,83870,-82385688
21:20:42.895,0,-3.37,3,500,0,0,100000,503,-91348,35118900,1162,64823,-82385392
21:20:42.900,0,-3.39,3,500,0,0,100000,513,-94763,35118460,433,89664,-82384752
21:20:42.905,0,-3.37,3,500,0,0,100000,497,-94195,35117948,75,115904,-82384104
21:20:42.910,0,-3.34,3,500,0,0,100000,447,-89575,35117528,964,86421,-82383936
21:20:42.915,0,-3.3,3,500,0,0,100000,427,-77659,35117128,1349,59252,-82383600
21:20:42.920,0,-3.26,3,500,0,0,100000,533,-69146,35116856,243,100049,-82382896
21:20:42.925,0,-3.23,3,500,0,0,100000,549,-63240,35116580,32,118947,-82382336
21:20:42.930,0,-3.23,3,500,0,0,100000,449,-75491,35116096,823,90569,-82382096
21:20:42.935,0,-3.28,3,500,0,0,100000,448,-100924,35115516,1106,58059,-82381872
21:20:42.940,0,-3.37,3,500,0,0,100000,505,-117664,35114816,103,114144,-82381008
21:20:42.945,0,-3.43,3,500,0,0,100000,458,-105326,35114360,43,122493,-82380544
21:20:42.950,0,-3.42,3,500,0,0,100000,389,-77035,35114016,1378,64813,-82380448
21:20:42.955,0,-3.33,3,500,0,0,100000,582,-58900,35113828,561,80150,-82379896
21:20:42.960,0,-3.22,3,500,0,0,100000,626,-46256,35113652,80,114944,-82379256
21:20:42.966,0,-3.16,3,500,0,0,100000,532,-58157,35113336,810,98456,-82378976
21:20:42.971,0,-3.22,3,500,0,0,100000,487,-94505,35112684,1431,58007,-82378760
21:20:42.976,0,-3.4,3,500,0,0,100000,547,-126556,35111984,183,101202,-82378024
21:20:42.981,0,-3.6,3,500,0,0,100000,471,-131782,35111220,-176,131566,-82377392
21:20:42.986,0,-3.71,3,500,0,0,100000,362,-116171,35110708,1519,54860,-82377488
21:20:42.991,0,-3.67,3,500,0,0,100000,529,-88175,35110420,693,74454,-82376816
21:20:42.996,0,-3.48,3,500,0,0,100000,591,-63097,35110184,211,104157,-82376168
21:20:43.001,0,-3.25,3,500,0,0,100000,491,-54303,35109960,648,90638,-82375928
21:20:43.006,0,-3.13,3,500,0,0,100000,492,-73061,35109484,1309,63600,-82375640
21:20:43.011,0,-3.32,3,500,0,0,100000,535,-108350,35108840,878,70729,-82375096
21:20:43.016,0,-3.5,3,500,0,0,100000,448,-124185,35108188,4,117934,-82374416
21:20:43.021,0,-3.58,3,500,0,0,100000,400,-120347,35107500,705,91675,-82374136
21:20:43.026,0,-3.51,3,500,0,0,100000,452,-100913,35107108,1165,68263,-82373776
21:20:43.031,0,-3.33,3,500,0,0,100000,522,-68365,35106792,835,77327,-82373216
21:20:43.036,0,-3.15,3,500,0,0,100000,916,-51923,35106632,425,100865,-82372640
21:20:43.041,0,-3.09,3,500,0,0,100000,514,-54383,35106372,877,81571,-82372416
21:20:43.046,0,-3.19,3,500,0,0,100000,450,-81845,35105844,1008,72265,-82372040
21:20:43.052,0,-3.4,3,500,0,0,100000,531,-108014,35105236,836,79585,-82371520
21:20:43.057,0,-3.59,3,500,0,0,100000,465,-124077,35104584,203,106015,-82370952
21:20:43.062,0,-3.65,3,500,0,0,100000,427,-107071,35104024,837,79831,-82370744
21:20:43.067,0,-3.55,3,500,0,0,100000,471,-87901,35103688,855,74504,-82370272
21:20:43.072,0,-3.36,3,500,0,0,100000,587,-64581,35103428,551,85453,-82369712
21:20:43.077,0,-3.2,3,500,0,0,100000,558,-58284,35103168,209,115190,-82369152
21:20:43.082,0,-3.17,3,500,0,0,100000,477,-71296,35102776,868,83663,-82368928
21:20:43.087,0,-3.27,3,500,0,0,100000,454,-94604,35102228,1367,59840,-82368592
21:20:43.092,0,-3.42,3,500,0,0,100000,527,-116990,35101508,199,101388,-82367888
21:20:43.097,0,-3.51,3,500,0,0,100000,468,-116319,35100960,-66,124045,-82367304
21:20:43.102,0,-3.48,3,500,0,0,100000,402,-99435,35100464,632,102955,-82366944
21:20:43.107,0,-3.35,3,500,0,0,100000,475,-83597,35100148,1057,60054,-82366752
21:20:43.112,0,-3.17,3,500,0,0,100000,761,-52233,35100008,153,109516,-82365992
21:20:43.117,0,-3.08,3,500,0,0,100000,569,-42927,35099812,236,114508,-82365536
21:20:43.122,0,-3.12,3,500,0,0,100000,432,-61264,35099448,1425,49912,-82365592
21:20:43.127,0,-3.28,3,500,0,0,100000,544,-95541,35098808,1127,66026,-82364984
21:20:43.132,0,-3.49,3,500,0,0,100000,547,-116841,35098180,98,108413,-82364232
21:20:43.137,0,-3.65,3,500,0,0,100000,410,-124578,35097540,646,101908,-82363944
21:20:43.143,0,-3.65,3,500,0,0,100000,539,-125846,35096804,1258,53872,-82363712
21:20:43.148,0,-3.51,3,500,0,0,100000,515,-101809,35096440,-134,123067,-82362816
21:20:43.153,0,-3.29,3,500,0,0,100000,552,-63658,35096224,144,115249,-82362432
21:20:43.158,0,-3.11,3,500,0,0,100000,394,-52290,35096028,1241,60607,-82362304
21:20:43.163,0,-3.04,3,500,0,0,100000,595,-56421,35095760,612,85757,-82361736
21:20:43.168,0,-3.14,3,500,0,0,100000,603,-75235,35095292,215,107087,-82361176
21:20:43.173,0,-3.35,3,500,0,0,100000,512,-105271,35094668,578,96695,-82360840
21:20:43.178,0,-3.56,3,500,0,0,100000,405,-137267,35093800,1091,79331,-82360488
21:20:43.183,0,-3.67,3,500,0,0,100000,453,-142457,35093120,553,87583,-82360000
21:20:43.188,0,-3.6,3,500,0,0,100000,469,-104996,35092572,386,95972,-82359368
21:20:43.193,0,-3.37,3,500,0,0,100000,511,-51515,35092496,345,101603,-82358864
21:20:43.198,0,-3.13,3,500,0,0,100000,584,-27215,35092468,1245,70961,-82358704
21:20:43.203,0,-3.0,3,500,0,0,100000,611,-38050,35092256,1159,66483,-82358272
21:20:43.208,0,-3.09,3,500,0,0,100000,578,-78460,35091704,535,95589,-82357736
21:20:43.213,0,-3.38,3,500,0,0,100000,496,-126425,35090904,415,102456,-82357248
21:20:43.219,0,-3.7,3,500,0,0,100000,455,-165160,35089960,1231,71054,-82357064
21:20:43.224,0,-3.88,3,500,0,0,100000,440,-167102,35089152,248,100268,-82356424
21:20:43.229,0,-3.8,3,500,0,0,100000,375,-128864,35088696,-21,123531,-82355776
21:20:43.234,0,-3.47,3,500,0,0,100000,438,-66177,35088544,766,85551,-82355544
21:20:43.239,0,-3.06,3,500,0,0,100000,558,-36376,35088500,1038,70230,-82355160
21:20:43.244,0,-2.79,3,500,0,0,100000,598,-30525,35088376,581,92732,-82354640
21:20:43.249,0,-2.77,3,500,0,0,100000,591,-51238,35088052,511,97782,-82354192
21:20:43.254,0,-3.0,3,500,0,0,100000,529,-86348,35087512,796,86370,-82353832
21:20:43.259,0,-3.35,3,500,0,0,100000,432,-128846,35086652,1011,75764,-82353504
21:20:43.264,0,-3.62,3,500,0,0,100000,616,-138865,35085860,372,96406,-82352888
21:20:43.269,0,-3.68,3,500,0,0,100000,444,-116154,35085396,263,104948,-82352360
21:20:43.274,0,-3.51,3,500,0,0,100000,445,-81486,35085152,666,92875,-82351968
21:20:43.279,0,-3.21,3,500,0,0,100000,530,-51430,35084984,1029,74997,-82351656
21:20:43.284,0,-2.94,3,500,0,0,100000,578,-46017,35084800,523,90965,-82351072
21:20:43.289,0,-2.84,3,500,0,0,100000,540,-55907,35084464,674,91724,-82350728
21:20:43.295,0,-2.94,3,500,0,0,100000,486,-78139,35083996,1151,76188,-82350384
21:20:43.300,0,-3.17,3,500,0,0,100000,508,-106491,35083384,1128,66817,-82349944
21:20:43.305,0,-3.4,3,500,0,0,100000,536,-120540,35082664,122,110320,-82349256
21:20:43.310,0,-3.51,3,500,0,0,100000,424,-110723,35082172,233,115082,-82348776
21:20:43.315,0,-3.45,3,500,0,0,100000,426,-93071,35081696,1196,70060,-82348576
21:20:43.320,0,-3.27,3,500,0,0,100000,533,-76377,35081416,443,89637,-82348016
21:20:43.325,0,-3.07,3,500,0,0,100000,570,-55758,35081256,97,114674,-82347400
21:20:43.330,0,-2.95,3,500,0,0,100000,533,-62572,35080884,437,102028,-82347048
21:20:43.335,0,-2.97,3,500,0,0,100000,488,-83366,35080336,980,76339,-82346768
21:20:43.340,0,-3.1,3,500,0,0,100000,506,-99247,35079820,695,84083,-82346288
21:20:43.345,0,-3.26,3,500,0,0,100000,534,-104866,35079232,227,105499,-82345696
21:20:43.350,0,-3.37,3,500,0,0,100000,435,-97226,35078788,525,104447,-82345240
21:20:43.355,0,-3.36,3,500,0,0,100000,478,-95516,35078340,1131,67084,-82345056
21:20:43.360,0,-3.28,3,500,0,0,100000,536,-80692,35077960,675,83164,-82344456
21:20:43.365,0,-3.17,3,500,0,0,100000,469,-74167,35077640,517,99647,-82343992
21:20:43.371,0,-3.11,3,500,0,0,100000,452,-86094,35077112,1028,82770,-82343640
21:20:43.376,0,-3.13,3,500,0,0,100000,494,-99124,35076596,1106,72491,-82343208
21:20:43.381,0,-3.19,3,500,0,0,100000,637,-107624,35076056,352,101507,-82342616
21:20:43.386,0,-3.26,3,500,0,0,100000,479,-97844,35075524,321,104061,-82342144
21:20:43.391,0,-3.27,3,500,0,0,100000,466,-88955,35075040,632,95178,-82341632
21:20:43.396,0,-3.22,3,500,0,0,100000,464,-77329,35074656,936,71418,-82341400
21:20:43.401,0,-3.12,3,500,0,0,100000,550,-72422,35074360,672,86914,-82340824
21:20:43.406,0,-3.06,3,500,0,0,100000,493,-77541,35073924,507,94571,-82340352
21:20:43.411,0,-3.13,3,500,0,0,100000,464,-83901,35073520,920,83423,-82340072
21:20:43.416,0,-3.24,3,500,0,0,100000,499,-104693,35072876,997,75072,-82339656
21:20:43.421,0,-3.33,3,500,0,0,100000,460,-115031,35072300,420,97769,-82339104
21:20:43.426,0,-3.33,3,500,0,0,100000,485,-111934,35071780,559,98379,-82338736
21:20:43.431,0,-3.24,3,500,0,0,100000,428,-96481,35071368,1114,75426,-82338352
21:20:43.436,0,-3.09,3,500,0,0,100000,523,-72605,35071128,962,73020,-82337848
21:20:43.441,0,-2.96,3,500,0,0,100000,582,-53099,35070924,225,107865,-82337232
21:20:43.446,0,-2.93,3,500,0,0,100000,528,-49307,35070708,646,96517,-82336872
21:20:43.452,0,-3.03,3,500,0,0,100000,529,-67140,35070316,1187,66595,-82336672
21:20:43.457,0,-3.22,3,500,0,0,100000,476,-99232,35069664,827,80040,-82336120
21:20:43.462,0,-3.39,3,500,0,0,100000,511,-112177,35069076,168,104666,-82335496
21:20:43.467,0,-3.46,3,500,0,0,100000,465,-115131,35068404,382,104985,-82335024
21:20:43.472,0,-3.39,3,500,0,0,100000,431,-99463,35068004,1127,72540,-82334840
21:20:43.477,0,-3.22,3,500,0,0,100000,506,-74967,35067704,840,77706,-82334304
21:20:43.482,0,-3.05,3,500,0,0,100000,574,-59531,35067508,359,95368,-82333720
21:20:43.487,0,-2.97,3,500,0,0,100000,515,-56760,35067212,395,106444,-82333224
21:20:43.492,0,-3.03,3,500,0,0,100000,510,-64158,35066888,1394,66293,-82333120
21:20:43.497,0,-3.19,3,500,0,0,100000,480,-97312,35066236,1114,57712,-82332680
21:20:43.502,0,-3.36,3,500,0,0,100000,537,-109672,35065684,418,93746,-82331952
21:20:43.507,0,-3.47,3,500,0,0,100000,492,-116317,35064996,76,120152,-82331416
21:20:43.512,0,-3.46,3,500,0,0,100000,463,-105349,35064528,1228,73036,-82331240
21:20:43.517,0,-3.34,3,500,0,0,100000,511,-97132,35064100,452,87972,-82330664
21:20:43.522,0,-3.18,3,500,0,0,100000,538,-74768,35063776,43,117359,-82330000
21:20:43.527,0,-3.06,3,500,0,0,100000,461,-59873,35063540,1044,82996,-82329864
21:20:43.532,0,-3.03,3,500,0,0,100000,534,-68058,35063140,1471,56466,-82329536
21:20:43.537,0,-3.1,3,500,0,0,100000,619,-82990,35062712,743,80587,-82328912
21:20:43.543,0,-3.24,3,500,0,0,100000,524,-92529,35062228,371,98455,-82328352
21:20:43.548,0,-3.38,3,500,0,0,100000,476,-109383,35061536,651,91730,-82328040
21:20:43.553,0,-3.45,3,500,0,0,100000,449,-114725,35060892,1011,71786,-82327696
21:20:43.558,0,-3.42,3,500,0,0,100000,441,-108168,35060420,637,83780,-82327120
21:20:43.563,0,-3.31,3,500,0,0,100000,545,-91232,35059992,228,106081,-82326504
21:20:43.568,0,-3.17,3,500,0,0,100000,421,-74752,35059700,938,80533,-82326304
21:20:43.573,0,-3.07,3,500,0,0,100000,559,-66581,35059432,1124,74395,-82325864
21:20:43.578,0,-3.06,3,500,0,0,100000,548,-69667,35059060,527,93429,-82325352
21:20:43.583,0,-3.15,3,500,0,0,100000,548,-83451,35058612,459,100405,-82324864
21:20:43.588,0,-3.29,3,500,0,0,100000,510,-112239,35057708,613,95831,-82324336
21:20:43.593,0,-3.42,3,500,0,0,100000,441,-115532,35057140,854,81413,-82323960
21:20:43.598,0,-3.45,3,500,0,0,100000,512,-106507,35056680,793,82411,-82323440
21:20:43.603,0,-3.38,3,500,0,0,100000,510,-85733,35056280,404,100905,-82322936
21:20:43.608,0,-3.24,3,500,0,0,100000,500,-71141,35056132,1098,73139,-82322816
21:20:43.613,0,-3.11,3,500,0,0,100000,538,-57865,35055872,828,80729,-82322296
21:20:43.618,0,-3.08,3,500,0,0,100000,553,-65447,35055544,526,90348,-82321792
21:20:43.623,0,-3.16,3,500,0,0,100000,502,-77063,35055124,611,94458,-82321408
21:20:43.629,0,-3.32,3,500,0,0,100000,477,-101978,35054472,993,79084,-82321048
21:20:43.634,0,-3.46,3,500,0,0,100000,456,-110370,35053828,976,72030,-82320600
21:20:43.639,0,-3.51,3,500,0,0,100000,581,-106719,35053356,217,106929,-82319992
21:20:43.644,0,-3.44,3,500,0,0,100000,471,-86899,35052952,515,102202,-82319560
21:20:43.649,0,-3.29,3,500,0,0,100000,490,-66752,35052712,1075,78542,-82319240
21:20:43.654,0,-3.15,3,500,0,0,100000,537,-58641,35052488,786,79535,-82318808
21:20:43.659,0,-3.1,3,500,0,0,100000,568,-65189,35052116,455,96175,-82318240
21:20:43.664,0,-3.16,3,500,0,0,100000,509,-75425,35051716,443,102010,-82317752
21:20:43.669,0,-3.31,3,500,0,0,100000,465,-90939,35051220,1023,73976,-82317560
21:20:43.674,0,-3.46,3,500,0,0,100000,528,-107071,35050568,895,74785,-82317040
21:20:43.679,0,-3.53,3,500,0,0,100000,503,-106074,35050076,-19,117981,-82316368
21:20:43.684,0,-3.5,3,500,0,0,100000,476,-91647,35049596,385,105667,-82316000
21:20:43.689,0,-3.38,3,500,0,0,100000,435,-79788,35049256,1117,71267,-82315736
21:20:43.694,0,-3.24,3,500,0,0,100000,540,-72775,35048948,1157,65802,-82315272
21:20:43.699,0,-3.14,3,500,0,0,100000,573,-69602,35048584,125,110191,-82314600
21:20:43.704,0,-3.13,3,500,0,0,100000,467,-70516,35048264,234,111816,-82314152
21:20:43.709,0,-3.2,3,500,0,0,100000,409,-84362,35047752,1004,79340,-82313904
21:20:43.714,0,-3.33,3,500,0,0,100000,433,-94890,35047196,1312,60088,-82313536
21:20:43.720,0,-3.44,3,500,0,0,100000,528,-100925,35046632,583,83315,-82312864
21:20:43.725,0,-3.49,3,500,0,0,100000,549,-90455,35046244,178,115123,-82312328
21:20:43.730,0,-3.47,3,500,0,0,100000,490,-87311,35045840,910,87261,-82312024
21:20:43.735,0,-3.4,3,500,0,0,100000,488,-85472,35045368,972,68303,-82311712
21:20:43.740,0,-3.33,3,500,0,0,100000,555,-82626,35044996,210,105466,-82310984
21:20:43.745,0,-3.29,3,500,0,0,100000,453,-83884,35044592,600,95795,-82310720
21:20:43.750,0,-3.3,3,500,0,0,100000,456,-89282,35044052,1120,73785,-82310352
21:20:43.755,0,-3.34,3,500,0,0,100000,665,-93672,35043604,947,74205,-82309864
21:20:43.760,0,-3.38,3,500,0,0,100000,518,-97351,35043128,297,105142,-82309280
21:20:43.765,0,-3.39,3,500,0,0,100000,441,-95203,35042600,713,91456,-82308920
21:20:43.770,0,-3.35,3,500,0,0,100000,453,-91529,35042172,1037,74241,-82308560
21:20:43.775,0,-3.28,3,500,0,0,100000,509,-82199,35041760,852,77885,-82308032
21:20:43.780,0,-3.21,3,500,0,0,100000,445,-73428,35041460,469,98582,-82307552
21:20:43.785,0,-3.17,3,500,0,0,100000,474,-71660,35041064,853,87936,-82307184
21:20:43.790,0,-3.18,3,500,0,0,100000,460,-67893,35040772,1220,68346,-82306864
21:20:43.795,0,-3.26,3,500,0,0,100000,547,-78522,35040324,570,89742,-82306320
21:20:43.800,0,-3.38,3,500,0,0,100000,548,-94484,35039832,403,104345,-82305784
21:20:43.805,0,-3.51,3,500,0,0,100000,475,-108631,35039168,916,83090,-82305544
21:20:43.810,0,-3.59,3,500,0,0,100000,421,-112075,35038612,1031,77051,-82305072
21:20:43.816,0,-3.58,3,500,0,0,100000,475,-97655,35038212,638,81330,-82304512
21:20:43.821,0,-3.47,3,500,0,0,100000,601,-74761,35037872,128,112526,-82303920
21:20:43.826,0,-3.31,3,500,0,0,100000,500,-56109,35037668,689,98324,-82303568
21:20:43.831,0,-3.18,3,500,0,0,100000,498,-58369,35037332,1335,66883,-82303320
21:20:43.836,0,-3.15,3,500,0,0,100000,558,-78719,35036888,854,77915,-82302832
21:20:43.841,0,-3.23,3,500,0,0,100000,570,-94504,35036384,286,103016,-82302224
21:20:43.846,0,-3.38,3,500,0,0,100000,463,-117288,35035620,389,104690,-82301776
21:20:43.851,0,-3.49,3,500,0,0,100000,407,-115824,35035080,987,82392,-82301440
21:20:43.856,0,-3.49,3,500,0,0,100000,477,-92935,35034652,676,81757,-82301008
21:20:43.861,0,-3.18,3,500,0,0,100000,531,-58730,35034528,241,107920,-82300376
21:20:43.866,0,-3.06,3,500,0,0,100000,484,-39470,35034380,587,99933,-82299984
21:20:43.871,0,-3.08,3,500,0,0,100000,589,-54063,35034036,1284,63342,-82299840
21:20:43.876,0,-3.25,3,500,0,0,100000,550,-84212,35033524,903,73404,-82299296
21:20:43.881,0,-3.47,3,500,0,0,100000,495,-107107,35032936,254,106944,-82298704
21:20:43.886,0,-3.62,3,500,0,0,100000,456,-127178,35032136,327,106191,-82298248
21:20:43.891,0,-3.61,3,500,0,0,100000,404,-121801,35031572,850,87306,-82297864
21:20:43.896,0,-3.43,3,500,0,0,100000,438,-97769,35031100,669,79758,-82297472
21:20:43.901,0,-3.2,3,500,0,0,100000,543,-67504,35030920,69,106114,-82296816
21:20:43.907,0,-3.03,3,500,0,0,100000,472,-47596,35030772,426,106093,-82296392
21:20:43.912,0,-3.02,3,500,0,0,100000,523,-65756,35030344,1630,55254,-82296336
21:20:43.917,0,-3.18,3,500,0,0,100000,539,-91972,35029824,1104,70541,-82295752
21:20:43.922,0,-3.4,3,500,0,0,100000,529,-118667,35029084,296,103763,-82295080
21:20:43.927,0,-3.56,3,500,0,0,100000,488,-127180,35028348,232,109734,-82294576
21:20:43.932,0,-3.57,3,500,0,0,100000,414,-120601,35027800,875,85660,-82294264
21:20:43.937,0,-3.43,3,500,0,0,100000,520,-97743,35027364,601,85727,-82293816
21:20:43.942,0,-3.22,3,500,0,0,100000,602,-76066,35027108,165,106896,-82293200
21:20:43.947,0,-3.05,3,500,0,0,100000,528,-58702,35026904,1098,79794,-82293016
21:20:43.952,0,-3.02,3,500,0,0,100000,540,-59238,35026580,1293,63825,-82292640
21:20:43.957,0,-3.13,3,500,0,0,100000,575,-73257,35026188,533,91629,-82292080
21:20:43.962,0,-3.34,3,500,0,0,100000,513,-99645,35025528,531,95640,-82291616
21:20:43.967,0,-3.53,3,500,0,0,100000,466,-113553,35024936,641,90919,-82291192
21:20:43.972,0,-3.62,3,500,0,0,100000,455,-116859,35024360,782,82123,-82290840
21:20:43.977,0,-3.58,3,500,0,0,100000,475,-107922,35023784,620,90662,-82290312
21:20:43.982,0,-3.44,3,500,0,0,100000,500,-86000,35023464,528,97353,-82289784
21:20:43.987,0,-3.28,3,500,0,0,100000,505,-65984,35023232,882,81746,-82289512
21:20:43.992,0,-3.19,3,500,0,0,100000,506,-63460,35022888,970,75644,-82289088
21:20:43.997,0,-3.21,3,500,0,0,100000,558,-70866,35022532,660,87165,-82288560
21:20:44.003,0,-3.34,3,500,0,0,100000,529,-86274,35022004,594,91880,-82288112
21:20:44.008,0,-3.49,3,500,0,0,100000,473,-111091,35021388,993,78685,-82287832
21:20:44.013,0,-3.57,3,500,0,0,100000,438,-115033,35020752,771,83328,-82287312
21:20:44.018,0,-3.55,3,500,0,0,100000,469,-102440,35020324,473,92320,-82286768
21:20:44.023,0,-3.41,3,500,0,0,100000,472,-69017,35020056,418,101626,-82286344
21:20:44.028,0,-3.25,3,500,0,0,100000,494,-51780,35019880,928,81066,-82286000
21:20:44.033,0,-3.17,3,500,0,0,100000,548,-55441,35019580,1070,68518,-82285704
21:20:44.038,0,-3.22,3,500,0,0,100000,547,-74373,35019168,724,82889,-82285144
21:20:44.043,0,-3.4,3,500,0,0,100000,532,-91668,35018664,297,102429,-82284576
21:20:44.048,0,-3.6,3,500,0,0,100000,492,-122397,35017856,924,87277,-82284312
21:20:44.053,0,-3.7,3,500,0,0,100000,399,-127749,35017224,1178,64642,-82283936
21:20:44.058,0,-3.63,3,500,0,0,100000,491,-109815,35016672,524,86793,-82283264
21:20:44.063,0,-3.42,3,500,0,0,100000,501,-78961,35016420,151,115728,-82282712
21:20:44.068,0,-3.18,3,500,0,0,100000,466,-50080,35016292,777,84283,-82282464
21:20:44.073,0,-3.02,3,500,0,0,100000,550,-40314,35016112,1164,67579,-82282112
21:20:44.078,0,-3.05,3,500,0,0,100000,589,-56514,35015796,902,75483,-82281624
21:20:44.083,0,-3.24,3,500,0,0,100000,532,-92177,35015172,374,102110,-82281104
21:20:44.088,0,-3.5,3,500,0,0,100000,464,-120253,35014500,811,88053,-82280768
21:20:44.093,0,-3.7,3,500,0,0,100000,434,-137016,35013672,1149,68656,-82280376
21:20:44.099,0,-3.72,3,500,0,0,100000,450,-114466,35013016,817,74376,-82279744
21:20:44.104,0,-3.56,3,500,0,0,100000,508,-88204,35012788,300,109500,-82279208
21:20:44.109,0,-3.3,3,500,0,0,100000,545,-53878,35012552,659,94375,-82278744
21:20:44.114,0,-3.08,3,500,0,0,100000,532,-48853,35012340,1019,76265,-82278400
21:20:44.119,0,-3.03,3,500,0,0,100000,563,-74672,35011892,1022,75787,-82278024
21:20:44.124,0,-3.17,3,500,0,0,100000,481,-104754,35011200,542,93497,-82277440
21:20:44.129,0,-3.4,3,500,0,0,100000,467,-115121,35010800,1010,80555,-82277240
21:20:44.134,0,-3.6,3,500,0,0,100000,445,-124362,35010056,861,75529,-82276776
21:20:44.139,0,-3.64,3,500,0,0,100000,506,-120762,35009508,117,112991,-82276128
21:20:44.144,0,-3.53,3,500,0,0,100000,454,-95173,35009060,590,96847,-82275776
21:20:44.149,0,-3.32,3,500,0,0,100000,483,-76315,35008788,1107,74070,-82275456
21:20:44.154,0,-3.13,3,500,0,0,100000,613,-68417,35008472,1167,69788,-82275008
21:20:44.159,0,-3.04,3,500,0,0,100000,523,-65386,35008184,615,94434,-82274504
21:20:44.164,0,-3.09,3,500,0,0,100000,459,-76478,35007728,950,86276,-82274112
21:20:44.169,0,-3.25,3,500,0,0,100000,486,-98901,35007176,1119,72766,-82273728
21:20:44.174,0,-3.42,3,500,0,0,100000,522,-106662,35006560,483,90603,-82273200
21:20:44.179,0,-3.52,3,500,0,0,100000,488,-108662,35006040,201,108000,-82272624
21:20:44.184,0,-3.52,3,500,0,0,100000,424,-95249,35005544,924,86085,-82272376
21:20:44.189,0,-3.4,3,500,0,0,100000,451,-82926,35005192,1089,68280,-82271984
21:20:44.195,0,-3.25,3,500,0,0,100000,559,-68111,35004940,870,76131,-82271448
21:20:44.200,0,-3.13,3,500,0,0,100000,541,-60406,35004640,340,104897,-82270888
21:20:44.205,0,-3.11,3,500,0,0,100000,532,-75505,35004232,650,93606,-82270520
21:20:44.210,0,-3.19,3,500,0,0,100000,462,-89652,35003680,902,82201,-82270144
21:20:44.215,0,-3.33,3,500,0,0,100000,495,-109448,35003076,675,83261,-82269712
21:20:44.220,0,-3.45,3,500,0,0,100000,481,-104813,35002600,215,105200,-82269104
21:20:44.225,0,-3.48,3,500,0,0,100000,466,-92172,35002144,389,105743,-82268640
21:20:44.230,0,-3.42,3,500,0,0,100000,482,-79937,35001816,1015,84506,-82268304
21:20:44.235,0,-3.3,3,500,0,0,100000,527,-67768,35001500,1070,68979,-82267984
21:20:44.240,0,-3.22,3,500,0,0,100000,544,-72245,35001120,423,95422,-82267368
21:20:44.245,0,-3.21,3,500,0,0,100000,540,-86180,35000668,157,111931,-82266824
21:20:44.250,0,-3.28,3,500,0,0,100000,462,-101344,35000036,1102,79440,-82266656
21:20:44.255,0,-3.38,3,500,0,0,100000,458,-113698,34999448,1252,65978,-82266232
21:20:44.260,0,-3.44,3,500,0,0,100000,477,-102709,34999012,214,104727,-82265560
21:20:44.265,0,-3.41,3,500,0,0,100000,545,-78886,34998648,73,114705,-82265024
21:20:44.270,0,-3.31,3,500,0,0,100000,470,-61283,34998424,704,92092,-82264704
21:20:44.275,0,-3.22,3,500,0,0,100000,536,-60989,34998080,1265,66722,-82264448
21:20:44.280,0,-3.21,3,500,0,0,100000,562,-81833,34997640,764,75863,-82263912
21:20:44.286,0,-3.3,3,500,0,0,100000,560,-103751,34997064,173,109490,-82263232
21:20:44.291,0,-3.45,3,500,0,0,100000,489,-125500,34996280,252,111106,-82262784
21:20:44.296,0,-3.57,3,500,0,0,100000,401,-128343,34995656,1155,69056,-82262648
21:20:44.301,0,-3.58,3,500,0,0,100000,493,-109802,34995124,582,87862,-82262016
21:20:44.306,0,-3.46,3,500,0,0,100000,514,-70130,34994968,426,100786,-82261480
21:20:44.311,0,-3.26,3,500,0,0,100000,540,-39924,34994872,1141,77948,-82261272
21:20:44.316,0,-3.13,3,500,0,0,100000,596,-39631,34994696,1309,63343,-82260912
21:20:44.321,0,-3.14,3,500,0,0,100000,614,-71134,34994212,803,85521,-82260328
21:20:44.326,0,-3.34,3,500,0,0,100000,496,-112651,34993520,714,93322,-82259928
21:20:44.331,0,-3.62,3,500,0,0,100000,424,-146268,34992564,836,87897,-82259480
21:20:44.336,0,-3.83,3,500,0,0,100000,429,-147501,34991856,773,83804,-82258976
21:20:44.341,0,-3.6,3,500,0,0,100000,409,-118447,34991408,363,100062,-82258464
21:20:44.346,0,-3.25,3,500,0,0,100000,506,-74259,34991156,539,96767,-82258008
21:20:44.351,0,-2.95,3,500,0,0,100000,511,-44211,34991072,1098,76421,-82257736
21:20:44.356,0,-2.85,3,500,0,0,100000,525,-35939,34990924,958,76061,-82257288
21:20:44.361,0,-2.99,3,500,0,0,100000,554,-47113,34990668,586,89769,-82256768
21:20:44.366,0,-3.31,3,500,0,0,100000,492,-75614,34990196,661,92671,-82256328
21:20:44.371,0,-3.65,3,500,0,0,100000,457,-116587,34989392,979,77223,-82256072
21:20:44.376,0,-3.84,3,500,0,0,100000,485,-142585,34988632,717,81943,-82255536
21:20:44.382,0,-3.81,3,500,0,0,100000,418,-137370,34987892,260,102885,-82254912
21:20:44.387,0,-3.55,3,500,0,0,100000,432,-100297,34987472,312,107132,-82254416
21:20:44.392,0,-3.21,3,500,0,0,100000,488,-59796,34987344,1081,72200,-82254248
21:20:44.397,0,-2.94,3,500,0,0,100000,531,-39487,34987252,900,80172,-82253704
21:20:44.402,0,-2.88,3,500,0,0,100000,603,-40874,34987044,317,104899,-82253176
21:20:44.407,0,-3.04,3,500,0,0,100000,501,-60418,34986672,748,94988,-82252808
21:20:44.412,0,-3.34,3,500,0,0,100000,476,-86163,34986152,985,76116,-82252456
21:20:44.417,0,-3.62,3,500,0,0,100000,535,-113577,34985432,692,82810,-82251992
21:20:44.422,0,-3.75,3,500,0,0,100000,437,-125091,34984792,72,112414,-82251304
21:20:44.427,0,-3.68,3,500,0,0,100000,449,-118024,34984128,209,113781,-82250832
21:20:44.432,0,-3.45,3,500,0,0,100000,403,-92637,34983792,1224,63210,-82250728
21:20:44.437,0,-3.17,3,500,0,0,100000,553,-64161,34983624,738,80578,-82250112
21:20:44.442,0,-2.98,3,500,0,0,100000,571,-45545,34983456,342,100835,-82249528
21:20:44.447,0,-2.98,3,500,0,0,100000,547,-51117,34983196,698,92838,-82249248
21:20:44.452,0,-3.14,3,500,0,0,100000,454,-73378,34982692,1257,74126,-82248912
21:20:44.457,0,-3.4,3,500,0,0,100000,511,-96371,34982164,1193,68064,-82248488
21:20:44.462,0,-3.61,3,500,0,0,100000,509,-109855,34981528,417,95042,-82247816
21:20:44.468,0,-3.69,3,500,0,0,100000,515,-113233,34980896,139,117042,-82247216
21:20:44.473,0,-3.6,3,500,0,0,100000,442,-100354,34980372,414,105204,-82246808
21:20:44.478,0,-3.41,3,500,0,0,100000,461,-93301,34979960,1075,64363,-82246624
21:20:44.483,0,-3.2,3,500,0,0,100000,555,-72755,34979712,597,89714,-82245968
21:20:44.488,0,-3.06,3,500,0,0,100000,541,-63645,34979404,430,100861,-82245544
21:20:44.493,0,-3.05,3,500,0,0,100000,514,-73524,34979076,1170,73913,-82245336
21:20:44.498,0,-3.15,3,500,0,0,100000,543,-86087,34978536,920,74810,-82244840
21:20:44.503,0,-3.31,3,500,0,0,100000,510,-96639,34978052,498,89813,-82244256
21:20:44.508,0,-3.44,3,500,0,0,100000,469,-108197,34977400,411,103491,-82243808
21:20:44.513,0,-3.47,3,500,0,0,100000,460,-111833,34976852,936,83834,-82243472
21:20:44.518,0,-3.41,3,500,0,0,100000,441,-101983,34976320,982,72297,-82243024
21:20:44.523,0,-3.26,3,500,0,0,100000,535,-87624,34975992,589,90154,-82242416
21:20:44.528,0,-3.11,3,500,0,0,100000,514,-68526,34975684,544,98241,-82242016
21:20:44.533,0,-3.02,3,500,0,0,100000,463,-56386,34975480,1102,77933,-82241680
21:20:44.538,0,-3.05,3,500,0,0,100000,530,-59424,34975160,1291,68039,-82241280
21:20:44.544,0,-3.2,3,500,0,0,100000,579,-77680,34974744,415,97832,-82240712
21:20:44.549,0,-3.41,3,500,0,0,100000,566,-101651,34974084,368,107650,-82240208
21:20:44.554,0,-3.59,3,500,0,0,100000,426,-120515,34973436,630,92282,-82239816
21:20:44.559,0,-3.65,3,500,0,0,100000,452,-119440,34972868,826,81250,-82239448
21:20:44.564,0,-3.55,3,500,0,0,100000,476,-105254,34972332,317,97927,-82238800
21:20:44.569,0,-3.33,3,500,0,0,100000,456,-74685,34972104,496,102926,-82238416
21:20:44.574,0,-3.1,3,500,0,0,100000,472,-53494,34971880,1030,79158,-82238088
21:20:44.579,0,-2.97,3,500,0,0,100000,542,-60477,34971576,1152,65514,-82237712
21:20:44.584,0,-3.01,3,500,0,0,100000,666,-77506,34971148,474,99715,-82237096
21:20:44.589,0,-3.16,3,500,0,0,100000,477,-95290,34970552,322,105168,-82236608
21:20:44.594,0,-3.34,3,500,0,0,100000,437,-103686,34970008,832,88812,-82236256
21:20:44.599,0,-3.44,3,500,0,0,100000,463,-100227,34969480,1094,70779,-82235856
21:20:44.604,0,-3.4,3,500,0,0,100000,505,-90323,34969104,206,106155,-82235208
21:20:44.609,0,-3.27,3,500,0,0,100000,388,-68731,34968808,97,118224,-82234672
21:20:44.614,0,-3.13,3,500,0,0,100000,452,-66708,34968500,931,85764,-82234432
21:20:44.619,0,-3.06,3,500,0,0,100000,497,-83439,34967988,1215,65620,-82234136
21:20:44.625,0,-3.09,3,500,0,0,100000,543,-87291,34967576,424,93016,-82233464
21:20:44.630,0,-3.2,3,500,0,0,100000,540,-102595,34966860,334,99780,-82232848
21:20:44.635,0,-3.3,3,500,0,0,100000,445,-94014,34966432,536,101752,-82232472
21:20:44.640,0,-3.34,3,500,0,0,100000,440,-94435,34965900,1119,75300,-82232144
21:20:44.645,0,-3.33,3,500,0,0,100000,493,-89714,34965508,587,89098,-82231624
21:20:44.650,0,-3.26,3,500,0,0,100000,532,-83683,34965152,169,113282,-82230984
21:20:44.655,0,-3.22,3,500,0,0,100000,469,-90588,34964680,999,84813,-82230816
21:20:44.660,0,-3.2,3,500,0,0,100000,465,-100284,34964176,1064,69625,-82230456
21:20:44.665,0,-3.21,3,500,0,0,100000,548,-103915,34963608,259,104031,-82229760
21:20:44.670,0,-3.22,3,500,0,0,100000,471,-94936,34963196,256,111375,-82229256
21:20:44.675,0,-3.21,3,500,0,0,100000,365,-91111,34962700,999,84689,-82228968
21:20:44.680,0,-3.18,3,500,0,0,100000,510,-85802,34962328,755,80428,-82228560
21:20:44.685,0,-3.15,3,500,0,0,100000,559,-77325,34961956,287,105842,-82227920
21:20:44.690,0,-3.15,3,500,0,0,100000,492,-80123,34961576,632,99813,-82227536
21:20:44.695,0,-3.19,3,500,0,0,100000,443,-93324,34961008,1178,70979,-82227296
21:20:44.700,0,-3.27,3,500,0,0,100000,542,-108031,34960440,761,80106,-82226728
21:20:44.706,0,-3.34,3,500,0,0,100000,582,-111406,34959820,69,118219,-82226096
21:20:44.711,0,-3.36,3,500,0,0,100000,454,-105727,34959336,780,94759,-82225784
21:20:44.716,0,-3.31,3,500,0,0,100000,467,-97839,34958900,1207,65301,-82225448
21:20:44.721,0,-3.21,3,500,0,0,100000,566,-82096,34958528,237,103005,-82224752
21:20:44.726,0,-3.12,3,500,0,0,100000,568,-68838,34958268,77,112302,-82224256
21:20:44.731,0,-3.09,3,500,0,0,100000,500,-62824,34957928,726,95132,-82223936
21:20:44.736,0,-3.15,3,500,0,0,100000,512,-78808,34957500,1112,63165,-82223720
21:20:44.741,0,-3.28,3,500,0,0,100000,561,-100534,34956944,445,94457,-82223040
21:20:44.746,0,-3.51,3,500,0,0,100000,497,-112819,34956288,68,116222,-82222440
21:20:44.751,0,-3.49,3,500,0,0,100000,334,-117830,34955704,615,98066,-82222096
21:20:44.756,0,-3.36,3,500,0,0,100000,351,-99352,34955236,877,71798,-82221832
21:20:44.761,0,-3.18,3,500,0,0,100000,538,-73464,34954940,460,91769,-82221192
21:20:44.766,0,-3.05,3,500,0,0,100000,571,-54255,34954772,168,113701,-82220600
21:20:44.771,0,-3.05,3,500,0,0,100000,449,-54718,34954520,1018,77015,-82220472
21:20:44.776,0,-3.18,3,500,0,0,100000,492,-76567,34954024,1349,64613,-82220080
21:20:44.782,0,-3.38,3,500,0,0,100000,545,-98566,34953476,236,103461,-82219408
21:20:44.787,0,-3.54,3,500,0,0,100000,602,-112897,34952796,114,115057,-82218872
21:20:44.792,0,-3.57,3,500,0,0,100000,410,-110120,34952276,449,102917,-82218472
21:20:44.797,0,-3.46,3,500,0,0,100000,467,-103207,34951816,1121,69078,-82218272
21:20:44.802,0,-3.28,3,500,0,0,100000,513,-85670,34951408,541,87039,-82217640
21:20:44.807,0,-3.12,3,500,0,0,100000,560,-68776,34951156,183,107602,-82217040
21:20:44.812,0,-3.05,3,500,0,0,100000,510,-65877,34950808,498,103137,-82216632
21:20:44.817,0,-3.1,3,500,0,0,100000,494,-75902,34950408,1313,63607,-82216488
21:20:44.822,0,-3.23,3,500,0,0,100000,490,-85005,34949908,873,78005,-82215912
21:20:44.827,0,-3.38,3,500,0,0,100000,542,-88577,34949488,249,104764,-82215272
21:20:44.832,0,-3.48,3,500,0,0,100000,498,-91541,34948968,407,107742,-82214824
21:20:44.838,0,-3.51,3,500,0,0,100000,435,-102229,34948360,1009,83974,-82214512
21:20:44.843,0,-3.47,3,500,0,0,100000,445,-107876,34947744,1222,64986,-82214112
21:20:44.848,0,-3.38,3,500,0,0,100000,517,-106120,34947260,191,106247,-82213408
21:20:44.853,0,-3.27,3,500,0,0,100000,472,-87110,34946924,232,111413,-82212920
21:20:44.858,0,-3.19,3,500,0,0,100000,464,-71255,34946580,1145,70324,-82212792
21:20:44.863,0,-3.16,3,500,0,0,100000,555,-71114,34946312,532,90795,-82212240
21:20:44.868,0,-3.22,3,500,0,0,100000,493,-67427,34946004,386,104141,-82211704
21:20:44.873,0,-3.35,3,500,0,0,100000,491,-77709,34945528,732,87160,-82211392
21:20:44.878,0,-3.5,3,500,0,0,100000,565,-105783,34944912,969,77437,-82211040
21:20:44.883,0,-3.6,3,500,0,0,100000,481,-125365,34944156,536,92477,-82210480
21:20:44.888,0,-3.59,3,500,0,0,100000,442,-122853,34943576,170,108330,-82209896
21:20:44.893,0,-3.45,3,500,0,0,100000,475,-95808,34943148,947,82891,-82209672
21:20:44.898,0,-3.25,3,500,0,0,100000,499,-68664,34942944,1131,71771,-82209256
21:20:44.903,0,-3.1,3,500,0,0,100000,493,-46392,34942796,677,87650,-82208688
21:20:44.908,0,-3.09,3,500,0,0,100000,612,-45593,34942600,751,89616,-82208256
21:20:44.913,0,-3.26,3,500,0,0,100000,496,-73221,34942096,953,79793,-82207976
21:20:44.918,0,-3.53,3,500,0,0,100000,458,-106266,34941464,852,77949,-82207504
21:20:44.923,0,-3.76,3,500,0,0,100000,505,-131078,34940632,310,105340,-82206936
21:20:44.929,0,-3.8,3,500,0,0,100000,415,-125447,34940036,517,98982,-82206496
21:20:44.934,0,-3.64,3,500,0,0,100000,392,-101550,34939636,867,77109,-82206136
21:20:44.939,0,-3.35,3,500,0,0,100000,528,-61583,34939452,558,88398,-82205640
21:20:44.944,0,-3.09,3,500,0,0,100000,603,-39044,34939376,424,99008,-82205112
21:20:44.949,0,-3.01,3,500,0,0,100000,569,-48897,34939076,704,92765,-82204728
21:20:44.954,0,-3.13,3,500,0,0,100000,542,-81671,34938556,1001,73255,-82204496
21:20:44.959,0,-3.38,3,500,0,0,100000,474,-114893,34937876,714,81140,-82203960
21:20:44.964,0,-3.59,3,500,0,0,100000,469,-121361,34937160,135,113091,-82203272
21:20:44.969,0,-3.64,3,500,0,0,100000,443,-106420,34936728,276,110284,-82202824
21:20:44.974,0,-3.5,3,500,0,0,100000,599,-82144,34936348,1168,66400,-82202696
21:20:44.979,0,-3.28,3,500,0,0,100000,573,-61144,34936168,807,73403,-82202136
21:20:44.984,0,-3.12,3,500,0,0,100000,558,-53034,34935928,182,105882,-82201464
21:20:44.989,0,-3.13,3,500,0,0,100000,530,-75281,34935444,231,116671,-82200968
21:20:44.994,0,-3.27,3,500,0,0,100000,424,-99741,34934872,1310,68201,-82200888
21:20:44.999,0,-3.47,3,500,0,0,100000,474,-117317,34934156,1198,68648,-82200376
21:20:45.004,0,-3.59,3,500,0,0,100000,489,-107368,34933688,36,116752,-82199648
21:20:45.009,0,-3.58,3,500,0,0,100000,443,-87787,34933344,224,110048,-82199224
21:20:45.015,0,-3.46,3,500,0,0,100000,569,-75188,34932956,1441,63697,-82199128
21:20:45.020,0,-3.34,3,500,0,0,100000,597,-78117,34932584,1091,67649,-82198592
21:20:45.025,0,-3.28,3,500,0,0,100000,559,-95858,34931940,1261,64610,-82198008
21:20:45.030,0,-3.32,3,500,0,0,100000,497,-108907,34931288,360,100406,-82197376
21:20:45.035,0,-3.39,3,500,0,0,100000,466,-105708,34930800,326,105360,-82196896
21:20:45.040,0,-3.43,3,500,0,0,100000,455,-91489,34930344,943,89286,-82196536
21:20:45.045,0,-3.42,3,500,0,0,100000,520,-87810,34930112,573,87817,-82196200
21:20:45.050,0,-3.36,3,500,0,0,100000,552,-73723,34929760,455,101870,-82195768
21:20:45.055,0,-3.33,3,500,0,0,100000,478,-68975,34929460,1183,79937,-82195456
21:20:45.060,0,-3.37,3,500,0,0,100000,485,-77540,34929020,1371,63880,-82195072
21:20:45.065,0,-3.48,3,500,0,0,100000,594,-99421,34928488,473,92421,-82194488
21:20:45.070,0,-3.61,3,500,0,0,100000,505,-112501,34927820,288,105159,-82193952
21:20:45.075,0,-3.7,3,500,0,0,100000,434,-113359,34927252,1051,79925,-82193744
21:20:45.080,0,-3.68,3,500,0,0,100000,449,-101922,34926728,1117,70423,-82193296
21:20:45.085,0,-3.57,3,500,0,0,100000,510,-86592,34926392,634,88664,-82192696
21:20:45.091,0,-3.42,3,500,0,0,100000,659,-70463,34926124,414,103231,-82192232
21:20:45.096,0,-3.32,3,500,0,0,100000,478,-65956,34925760,1000,80603,-82191928
21:20:45.101,0,-3.31,3,500,0,0,100000,531,-73360,34925384,1157,71741,-82191520
21:20:45.106,0,-3.4,3,500,0,0,100000,525,-78412,34924932,631,87163,-82191040
21:20:45.111,0,-3.56,3,500,0,0,100000,536,-91237,34924456,553,98546,-82190536
21:20:45.116,0,-3.7,3,500,0,0,100000,475,-104078,34923916,827,91311,-82190128
21:20:45.121,0,-3.77,3,500,0,0,100000,449,-117899,34923216,1222,68719,-82189808
21:20:45.126,0,-3.73,3,500,0,0,100000,473,-107903,34922760,292,100064,-82189192
21:20:45.131,0,-3.6,3,500,0,0,100000,522,-82781,34922384,223,107829,-82188680
21:20:45.136,0,-3.26,3,500,0,0,100000,518,-63592,34922108,498,99058,-82188280
21:20:45.141,0,-3.2,3,500,0,0,100000,501,-58869,34921856,1319,63494,-82188096
21:20:45.146,0,-3.28,3,500,0,0,100000,474,-56606,34921604,1224,62178,-82187616
21:20:45.151,0,-3.46,3,500,0,0,100000,569,-65290,34921176,372,97374,-82186928
21:20:45.156,0,-3.69,3,500,0,0,100000,550,-78589,34920756,100,117969,-82186360
21:20:45.161,0,-3.87,3,500,0,0,100000,483,-102210,34920176,1497,67645,-82186336
21:20:45.166,0,-3.93,3,500,0,0,100000,507,-138699,34919364,1372,53161,-82185896
21:20:45.171,0,-3.83,3,500,0,0,100000,470,-146547,34918520,-280,136937,-82184912
21:20:45.177,0,-3.59,3,500,0,0,100000,393,-117015,34918088,335,110143,-82184664
21:20:45.182,0,-3.29,3,500,0,0,100000,454,-80182,34917848,1261,52409,-82184496
21:20:45.187,0,-3.07,3,500,0,0,100000,583,-45885,34917744,143,110242,-82183696
21:20:45.192,0,-3.02,3,500,0,0,100000,576,-31414,34917672,159,117447,-82183248
21:20:45.197,0,-3.18,3,500,0,0,100000,483,-38292,34917428,1132,70052,-82183144
21:20:45.202,0,-3.49,3,500,0,0,100000,525,-62619,34917048,1050,69444,-82182744
21:20:45.207,0,-3.82,3,500,0,0,100000,581,-105865,34916328,197,110626,-82182032
21:20:45.212,0,-4.03,3,500,0,0,100000,496,-139812,34915536,151,118252,-82181552
21:20:45.217,0,-4.02,3,500,0,0,100000,363,-162706,34914660,1220,61255,-82181496
21:20:45.222,0,-3.78,3,500,0,0,100000,439,-139224,34913952,275,97381,-82180712
21:20:45.227,0,-3.4,3,500,0,0,100000,469,-89133,34913736,-5,123895,-82180056
21:20:45.232,0,-3.06,3,500,0,0,100000,540,-41696,34913672,1451,61427,-82180064
21:20:45.237,0,-2.92,3,500,0,0,100000,584,-33078,34913560,1119,62680,-82179536
21:20:45.242,0,-3.03,3,500,0,0,100000,631,-36821,34913384,532,92924,-82178912
21:20:45.247,0,-3.35,3,500,0,0,100000,583,-63704,34912936,842,93888,-82178584
21:20:45.252,0,-3.73,3,500,0,0,100000,508,-106588,34912264,1314,71750,-82178288
21:20:45.258,0,-3.97,3,500,0,0,100000,494,-160542,34911172,1119,69069,-82177800
21:20:45.263,0,-3.98,3,500,0,0,100000,392,-170577,34910324,51,118440,-82177096
21:20:45.268,0,-3.73,3,500,0,0,100000,357,-129915,34909732,330,104443,-82176688
21:20:45.273,0,-3.34,3,500,0,0,100000,478,-69660,34909656,1022,73491,-82176384
21:20:45.278,0,-3.0,3,500,0,0,100000,540,-30379,34909656,951,74940,-82175880
21:20:45.283,0,-2.88,3,500,0,0,100000,639,-23868,34909592,690,94642,-82175416
21:20:45.288,0,-3.05,3,500,0,0,100000,603,-42457,34909292,943,81689,-82175072
21:20:45.293,0,-3.41,3,500,0,0,100000,536,-83803,34908744,1141,75337,-82174736
21:20:45.298,0,-3.77,3,500,0,0,100000,499,-141912,34907744,623,87373,-82174192
21:20:45.303,0,-3.94,3,500,0,0,100000,443,-165206,34906852,280,104723,-82173592
21:20:45.308,0,-3.82,3,500,0,0,100000,345,-151776,34906180,543,93392,-82173256
21:20:45.313,0,-3.46,3,500,0,0,100000,420,-93454,34905860,877,79477,-82172816
21:20:45.318,0,-3.06,3,500,0,0,100000,557,-47993,34905832,730,81287,-82172304
21:20:45.323,0,-2.79,3,500,0,0,100000,653,-27257,34905776,397,104791,-82171792
21:20:45.328,0,-2.8,3,500,0,0,100000,524,-34867,34905576,998,85992,-82171472
21:20:45.333,0,-3.06,3,500,0,0,100000,623,-65887,34905144,1578,59156,-82171184
21:20:45.339,0,-3.41,3,500,0,0,100000,552,-117288,34904316,243,103032,-82170464
21:20:45.344,0,-3.69,3,500,0,0,100000,472,-141746,34903572,-272,144367,-82169736
21:20:45.349,0,-3.74,3,500,0,0,100000,319,-145827,34902712,888,77471,-82169696
21:20:45.354,0,-3.55,3,500,0,0,100000,397,-111975,34902220,899,60881,-82169232
21:20:45.359,0,-3.21,3,500,0,0,100000,638,-61397,34902152,56,117815,-82168360
21:20:45.364,0,-2.92,3,500,0,0,100000,568,-32422,34902080,1005,84829,-82168256
21:20:45.369,0,-2.82,3,500,0,0,100000,450,-47829,34901800,1479,45941,-82168000
21:20:45.374,0,-2.92,3,500,0,0,100000,629,-76279,34901352,149,110487,-82167168
21:20:45.379,0,-3.17,3,500,0,0,100000,519,-102671,34900680,8,125801,-82166648
21:20:45.384,0,-3.41,3,500,0,0,100000,435,-129981,34899928,1450,52750,-82166696
21:20:45.389,0,-3.5,3,500,0,0,100000,620,-136715,34899264,320,87862,-82165912
21:20:45.394,0,-3.41,3,500,0,0,100000,398,-111823,34898732,-142,129244,-82165184
21:20:45.399,0,-3.21,3,500,0,0,100000,420,-76075,34898428,213,115774,-82164728
21:20:45.404,0,-3.0,3,500,0,0,100000,569,-69747,34898184,926,70003,-82164664
21:20:45.409,0,-2.9,3,500,0,0,100000,620,-68610,34897828,216,105976,-82163960
21:20:45.414,0,-2.96,3,500,0,0,100000,482,-77986,34897428,222,110016,-82163496
21:20:45.420,0,-3.1,3,500,0,0,100000,460,-99024,34896804,1223,67953,-82163376
21:20:45.425,0,-3.26,3,500,0,0,100000,493,-108053,34896284,718,82684,-82162768
21:20:45.430,0,-3.35,3,500,0,0,100000,589,-107970,34895692,140,111326,-82162096
21:20:45.435,0,-3.34,3,500,0,0,100000,430,-97045,34895264,712,88662,-82161888
21:20:45.440,0,-3.26,3,500,0,0,100000,485,-90527,34894772,1252,71843,-82161480
21:20:45.445,0,-3.18,3,500,0,0,100000,528,-85381,34894400,947,77303,-82160944
21:20:45.450,0,-3.14,3,500,0,0,100000,550,-88144,34893988,407,101209,-82160416
21:20:45.455,0,-3.15,3,500,0,0,100000,616,-94393,34893432,515,98198,-82159968
21:20:45.460,0,-3.19,3,500,0,0,100000,472,-98358,34892952,1167,75928,-82159696
21:20:45.465,0,-3.24,3,500,0,0,100000,453,-101345,34892376,581,83073,-82159144
21:20:45.470,0,-3.25,3,500,0,0,100000,504,-89315,34892012,159,111153,-82158496
21:20:45.475,0,-3.24,3,500,0,0,100000,475,-89282,34891576,385,106525,-82158048
21:20:45.480,0,-3.21,3,500,0,0,100000,483,-83600,34891144,1165,71702,-82157888
21:20:45.485,0,-3.19,3,500,0,0,100000,559,-85489,34890756,877,81228,-82157336
21:20:45.490,0,-3.19,3,500,0,0,100000,535,-97012,34890180,360,99372,-82156744
21:20:45.495,0,-3.19,3,500,0,0,100000,555,-94441,34889664,673,96220,-82156408
21:20:45.500,0,-3.18,3,500,0,0,100000,389,-93885,34889220,1165,71107,-82156072
21:20:45.505,0,-3.15,3,500,0,0,100000,524,-79133,34888912,817,79798,-82155496
21:20:45.511,0,-3.13,3,500,0,0,100000,561,-70507,34888564,84,115401,-82154864
21:20:45.516,0,-3.13,3,500,0,0,100000,504,-72361,34888204,623,101141,-82154496
21:20:45.521,0,-3.18,3,500,0,0,100000,510,-80046,34887716,1052,74079,-82154192
21:20:45.526,0,-3.26,3,500,0,0,100000,582,-96775,34887204,732,81900,-82153704
21:20:45.531,0,-3.34,3,500,0,0,100000,555,-103615,34886700,88,116574,-82152984
21:20:45.536,0,-3.37,3,500,0,0,100000,471,-113410,34886004,614,98475,-82152744
21:20:45.541,0,-3.33,3,500,0,0,100000,421,-107318,34885520,1128,61109,-82152464
21:20:45.546,0,-3.21,3,500,0,0,100000,455,-81204,34885096,1080,66234,-82151840
21:20:45.551,0,-3.01,3,500,0,0,100000,569,-60289,34884856,286,97141,-82151152
21:20:45.556,0,-3.03,3,500,0,0,100000,589,-54433,34884632,99,116274,-82150568
21:20:45.561,0,-3.16,3,500,0,0,100000,508,-73358,34884148,1356,73851,-82150488
21:20:45.566,0,-3.33,3,500,0,0,100000,557,-97467,34883684,559,81229,-82149992
21:20:45.571,0,-3.46,3,500,0,0,100000,549,-113698,34883096,58,122497,-82149400
21:20:45.576,0,-3.46,3,500,0,0,100000,386,-127054,34882312,1241,72033,-82149216
21:20:45.581,0,-3.33,3,500,0,0,100000,468,-127640,34881708,902,66749,-82148672
21:20:45.586,0,-3.13,3,500,0,0,100000,501,-92016,34881416,-82,122200,-82147904
21:20:45.592,0,-2.95,3,500,0,0,100000,468,-56554,34881212,548,98135,-82147608
21:20:45.597,0,-2.92,3,500,0,0,100000,551,-48900,34881008,1394,64440,-82147400
21:20:45.602,0,-3.04,3,500,0,0,100000,544,-67694,34880588,839,78291,-82146816
21:20:45.607,0,-3.26,3,500,0,0,100000,571,-85917,34880124,200,108905,-82146160
21:20:45.612,0,-3.47,3,500,0,0,100000,468,-116809,34879444,710,89297,-82145936
21:20:45.617,0,-3.54,3,500,0,0,100000,407,-144502,34878520,976,72761,-82145520
21:20:45.622,0,-3.42,3,500,0,0,100000,423,-132589,34877948,494,91902,-82144872
21:20:45.627,0,-3.18,3,500,0,0,100000,526,-90973,34877596,196,109755,-82144288
21:20:45.632,0,-2.94,3,500,0,0,100000,476,-62603,34877420,1050,78029,-82144104
21:20:45.637,0,-2.84,3,500,0,0,100000,520,-47498,34877224,1080,70718,-82143664
21:20:45.642,0,-2.95,3,500,0,0,100000,614,-55472,34876916,627,85851,-82143096
21:20:45.647,0,-3.19,3,500,0,0,100000,562,-77885,34876480,678,94066,-82142720
21:20:45.652,0,-3.44,3,500,0,0,100000,499,-115443,34875696,904,79818,-82142336
21:20:45.657,0,-3.56,3,500,0,0,100000,468,-137108,34874960,844,79466,-82141816
21:20:45.662,0,-3.48,3,500,0,0,100000,420,-127208,34874392,127,111217,-82141200
21:20:45.667,0,-3.24,3,500,0,0,100000,457,-89010,34874008,386,105403,-82140752
21:20:45.672,0,-2.98,3,500,0,0,100000,500,-54969,34873880,1170,77199,-82140432
21:20:45.678,0,-2.85,3,500,0,0,100000,531,-41842,34873720,733,82826,-82139968
21:20:45.683,0,-2.92,3,500,0,0,100000,551,-51005,34873460,423,99721,-82139416
21:20:45.688,0,-3.15,3,500,0,0,100000,466,-78719,34872972,563,98981,-82138968
21:20:45.693,0,-3.4,3,500,0,0,100000,436,-115543,34872192,1034,75818,-82138736
21:20:45.698,0,-3.53,3,500,0,0,100000,459,-134123,34871472,472,90330,-82138112
21:20:45.703,0,-3.46,3,500,0,0,100000,494,-121370,34870856,0,121796,-82137408
21:20:45.708,0,-3.24,3,500,0,0,100000,403,-86969,34870588,1065,78759,-82137320
21:20:45.713,0,-3.01,3,500,0,0,100000,491,-51508,34870456,1219,63126,-82136896
21:20:45.718,0,-2.9,3,500,0,0,100000,634,-42161,34870328,670,84553,-82136272
21:20:45.723,0,-2.98,3,500,0,0,100000,596,-57615,34869972,401,105757,-82135808
21:20:45.729,0,-3.21,3,500,0,0,100000,462,-82653,34869480,826,94904,-82135416
21:20:45.734,0,-3.46,3,500,0,0,100000,469,-123973,34868632,1360,69071,-82135088
21:20:45.739,0,-3.58,3,500,0,0,100000,463,-140829,34867896,295,96119,-82134440
21:20:45.739,0,-3.58,3,500,0,0,100000,416,-130369,34867300,-140,130277,-82133736
21:20:45.744,0,-3.51,3,500,0,0,100000,401,-91291,34866904,1333,65135,-82133736
21:20:45.749,0,-3.27,3,500,0,0,100000,519,-65781,34866712,750,76576,-82133128
21:20:45.754,0,-3.01,3,500,0,0,100000,608,-50604,34866524,290,105833,-82132480
21:20:45.759,0,-2.85,3,500,0,0,100000,498,-58819,34866216,475,104603,-82132040
21:20:45.764,0,-2.88,3,500,0,0,100000,494,-84380,34865704,1169,69797,-82131896
21:20:45.769,0,-3.08,3,500,0,0,100000,510,-119551,34864912,813,80645,-82131336
21:20:45.774,0,-3.31,3,500,0,0,100000,480,-133373,34864240,285,102286,-82130704
21:20:45.779,0,-3.46,3,500,0,0,100000,499,-122804,34863588,647,96034,-82130376
21:20:45.784,0,-3.44,3,500,0,0,100000,431,-100664,34863208,1068,75418,-82129984
21:20:45.789,0,-3.27,3,500,0,0,100000,530,-63261,34863012,807,78952,-82129456
21:20:45.794,0,-3.05,3,500,0,0,100000,575,-45408,34862888,434,104651,-82128920
21:20:45.800,0,-2.9,3,500,0,0,100000,512,-58900,34862516,959,90368,-82128576
21:20:45.805,0,-2.93,3,500,0,0,100000,496,-95593,34861912,1093,73873,-82128224
21:20:45.810,0,-3.12,3,500,0,0,100000,554,-125940,34861120,568,90237,-82127680
21:20:45.815,0,-3.35,3,500,0,0,100000,444,-129427,34860492,154,113934,-82127040
21:20:45.820,0,-3.51,3,500,0,0,100000,379,-119909,34859952,797,85308,-82126824
21:20:45.825,0,-3.48,3,500,0,0,100000,488,-83899,34859608,793,75781,-82126360
21:20:45.830,0,-3.31,3,500,0,0,100000,542,-53662,34859496,417,97666,-82125728
21:20:45.835,0,-3.09,3,500,0,0,100000,603,-47359,34859272,393,104581,-82125232
21:20:45.840,0,-2.97,3,500,0,0,100000,505,-71588,34858828,1055,79249,-82125056
21:20:45.845,0,-3.02,3,500,0,0,100000,487,-99909,34858248,1053,71536,-82124624
21:20:45.850,0,-3.22,3,500,0,0,100000,561,-120305,34857524,509,88849,-82124032
21:20:45.855,0,-3.42,3,500,0,0,100000,503,-109836,34856964,419,108026,-82123536
21:20:45.860,0,-3.52,3,500,0,0,100000,438,-96425,34856560,982,81294,-82123216
21:20:45.865,0,-3.45,3,500,0,0,100000,492,-72976,34856244,1034,71999,-82122760
21:20:45.870,0,-3.28,3,500,0,0,100000,455,-59364,34856040,235,103814,-82122136
21:20:45.875,0,-3.11,3,500,0,0,100000,532,-56901,34855788,412,101421,-82121720
21:20:45.880,0,-3.05,3,500,0,0,100000,509,-73929,34855304,671,95219,-82121288
21:20:45.885,0,-3.12,3,500,0,0,100000,492,-86522,34854840,1310,68353,-82121056
21:20:45.890,0,-3.3,3,500,0,0,100000,506,-103578,34854196,941,72427,-82120544
21:20:45.896,0,-3.47,3,500,0,0,100000,367,-102094,34853636,302,101149,-82119864
21:20:45.901,0,-3.57,3,500,0,0,100000,532,-95252,34853200,204,118341,-82119304
21:20:45.906,0,-3.55,3,500,0,0,100000,417,-83339,34852836,1132,80929,-82119072
21:20:45.911,0,-3.45,3,500,0,0,100000,474,-80833,34852404,747,72970,-82118664
21:20:45.916,0,-3.32,3,500,0,0,100000,551,-72674,34852108,87,116159,-82117920
21:20:45.921,0,-3.24,3,500,0,0,100000,495,-67572,34851764,346,110628,-82117544
21:20:45.926,0,-3.23,3,500,0,0,100000,486,-74734,34851436,1479,46541,-82117552
21:20:45.931,0,-3.3,3,500,0,0,100000,592,-83096,34850980,328,97031,-82116744
21:20:45.936,0,-3.41,3,500,0,0,100000,540,-94984,34850420,357,113396,-82116328
21:20:45.941,0,-3.53,3,500,0,0,100000,422,-110868,34849832,1277,71233,-82116112
21:20:45.946,0,-3.61,3,500,0,0,100000,491,-114891,34849284,1256,63089,-82115600
21:20:45.951,0,-3.55,3,500,0,0,100000,518,-103889,34848736,25,117369,-82114840
21:20:45.956,0,-3.42,3,500,0,0,100000,411,-75917,34848472,211,112269,-82114408
21:20:45.961,0,-3.29,3,500,0,0,100000,483,-58263,34848192,1512,63843,-82114320
21:20:45.967,0,-3.23,3,500,0,0,100000,564,-59831,34847920,998,70292,-82113768
21:20:45.972,0,-3.28,3,500,0,0,100000,613,-69928,34847560,447,93313,-82113160
21:20:45.977,0,-3.44,3,500,0,0,100000,511,-94284,34846952,489,105012,-82112760
21:20:45.982,0,-3.63,3,500,0,0,100000,392,-126838,34846200,1227,78675,-82112456
21:20:45.987,0,-3.74,3,500,0,0,100000,416,-135749,34845396,1055,70104,-82111984
21:20:45.992,0,-3.7,3,500,0,0,100000,456,-111582,34844984,298,100715,-82111280
21:20:45.997,0,-3.52,3,500,0,0,100000,479,-73403,34844708,426,100712,-82110912
21:20:46.002,0,-3.29,3,500,0,0,100000,497,-48216,34844596,1026,75709,-82110600
21:20:46.007,0,-3.15,3,500,0,0,100000,540,-39991,34844420,1091,67177,-82110184
21:20:46.012,0,-3.18,3,500,0,0,100000,581,-51507,34844148,576,98136,-82109640
21:20:46.017,0,-3.39,3,500,0,0,100000,532,-90332,34843516,624,97522,-82109200
21:20:46.022,0,-3.68,3,500,0,0,100000,427,-120690,34842824,1331,70443,-82108992
21:20:46.027,0,-3.88,3,500,0,0,100000,421,-129185,34842052,856,77520,-82108432
21:20:46.032,0,-3.91,3,500,0,0,100000,481,-107990,34841624,207,105515,-82107744
21:20:46.037,0,-3.74,3,500,0,0,100000,535,-76629,34841312,412,106760,-82107368
21:20:46.042,0,-3.49,3,500,0,0,100000,502,-60078,34841092,1092,81686,-82107048
21:20:46.048,0,-3.3,3,500,0,0,100000,526,-61583,34840804,1554,55541,-82106728
21:20:46.053,0,-3.25,3,500,0,0,100000,560,-80672,34840308,225,106337,-82105992
21:20:46.058,0,-3.35,3,500,0,0,100000,491,-89922,34839844,106,118437,-82105480
21:20:46.063,0,-3.51,3,500,0,0,100000,483,-102228,34839124,231,118695,-82104928
21:20:46.068,0,-3.62,3,500,0,0,100000,421,-103310,34838624,1606,49706,-82104944
21:20:46.073,0,-3.62,3,500,0,0,100000,517,-96512,34838220,638,78427,-82104256
21:20:46.078,0,-3.53,3,500,0,0,100000,553,-72829,34837912,-19,122383,-82103528
21:20:46.083,0,-3.41,3,500,0,0,100000,382,-59577,34837680,1080,72517,-82103488
21:20:46.088,0,-3.33,3,500,0,0,100000,573,-64092,34837384,827,76475,-82103032
21:20:46.093,0,-3.35,3,500,0,0,100000,590,-79174,34836908,230,107446,-82102376
21:20:46.098,0,-3.45,3,500,0,0,100000,529,-87615,34836460,929,90311,-82102144
21:20:46.103,0,-3.59,3,500,0,0,100000,455,-103882,34835892,1357,61951,-82101832
21:20:46.108,0,-3.69,3,500,0,0,100000,552,-104886,34835320,851,68887,-82101240
21:20:46.113,0,-3.72,3,500,0,0,100000,576,-99724,34834868,-14,125254,-82100544
21:20:46.118,0,-3.66,3,500,0,0,100000,444,-100008,34834372,795,96750,-82100264
21:20:46.123,0,-3.56,3,500,0,0,100000,361,-94086,34833868,1419,54594,-82100024
21:20:46.128,0,-3.46,3,500,0,0,100000,541,-82516,34833540,621,81294,-82099352
21:20:46.133,0,-3.4,3,500,0,0,100000,582,-64019,34833256,254,110333,-82098816
21:20:46.138,0,-3.4,3,500,0,0,100000,536,-61300,34832976,1147,78316,-82098584
21:20:46.144,0,-3.49,3,500,0,0,100000,528,-93309,34832348,1378,64827,-82098192
21:20:46.149,0,-3.64,3,500,0,0,100000,533,-117231,34831724,454,97270,-82097600
21:20:46.154,0,-3.78,3,500,0,0,100000,466,-131364,34830952,267,109871,-82097040
21:20:46.159,0,-3.83,3,500,0,0,100000,468,-119366,34830440,798,86025,-82096720
21:20:46.164,0,-3.74,3,500,0,0,100000,453,-77476,34830168,960,79225,-82096352
21:20:46.169,0,-3.55,3,500,0,0,100000,584,-44557,34830104,717,87545,-82095848
21:20:46.174,0,-3.38,3,500,0,0,100000,542,-31068,34830020,1198,78799,-82095568
21:20:46.179,0,-3.36,3,500,0,0,100000,559,-54498,34829648,1125,75497,-82095160
21:20:46.184,0,-3.54,3,500,0,0,100000,568,-95548,34829040,960,80289,-82094672
21:20:46.189,0,-3.85,3,500,0,0,100000,500,-150053,34827988,558,94183,-82094216
21:20:46.194,0,-4.13,3,500,0,0,100000,381,-166316,34827120,558,91936,-82093728
21:20:46.199,0,-4.2,3,500,0,0,100000,381,-140499,34826564,559,92684,-82093224
21:20:46.204,0,-3.99,3,500,0,0,100000,506,-84031,34826292,716,91796,-82092816
21:20:46.209,0,-3.6,3,500,0,0,100000,536,-45136,34826244,1002,83077,-82092424
21:20:46.215,0,-3.21,3,500,0,0,100000,574,-34714,34826112,1211,74311,-82092048
21:20:46.220,0,-3.02,3,500,0,0,100000,563,-53874,34825788,1120,73504,-82091600
21:20:46.225,0,-3.11,3,500,0,0,100000,540,-78606,34825332,552,95724,-82091120
21:20:46.230,0,-3.41,3,500,0,0,100000,444,-123452,34824476,545,97838,-82090656
21:20:46.235,0,-3.72,3,500,0,0,100000,366,-136066,34823664,934,78718,-82090296
21:20:46.240,0,-3.88,3,500,0,0,100000,463,-115065,34823200,438,94146,-82089752
21:20:46.245,0,-3.81,3,500,0,0,100000,534,-81328,34822948,67,115151,-82089120
21:20:46.250,0,-3.56,3,500,0,0,100000,522,-51970,34822760,450,109739,-82088696
21:20:46.255,0,-3.28,3,500,0,0,100000,508,-53637,34822496,1518,51863,-82088672
21:20:46.260,0,-3.13,3,500,0,0,100000,591,-66526,34822152,918,64866,-82088064
21:20:46.265,0,-3.18,3,500,0,0,100000,589,-91440,34821560,188,117542,-82087408
21:20:46.270,0,-3.35,3,500,0,0,100000,420,-106188,34820980,588,100523,-82087056
21:20:46.275,0,-3.55,3,500,0,0,100000,442,-116266,34820168,891,90877,-82086536
21:20:46.280,0,-3.65,3,500,0,0,100000,491,-111014,34819664,697,77580,-82086152
21:20:46.285,0,-3.6,3,500,0,0,100000,553,-86705,34819360,83,115271,-82085416
21:20:46.290,0,-3.45,3,500,0,0,100000,522,-59750,34819124,113,120404,-82084944
21:20:46.295,0,-3.27,3,500,0,0,100000,489,-60990,34818892,1540,47724,-82085024
21:20:46.301,0,-3.18,3,500,0,0,100000,631,-69496,34818520,416,97340,-82084312
21:20:46.306,0,-3.22,3,500,0,0,100000,615,-91682,34817960,214,112834,-82083792
21:20:46.311,0,-3.36,3,500,0,0,100000,497,-112503,34817344,677,97045,-82083456
21:20:46.316,0,-3.52,3,500,0,0,100000,440,-127482,34816564,979,73234,-82083176
21:20:46.321,0,-3.62,3,500,0,0,100000,466,-119715,34816024,391,95964,-82082504
21:20:46.326,0,-3.58,3,500,0,0,100000,468,-84629,34815768,264,107155,-82081944
21:20:46.331,0,-3.43,3,500,0,0,100000,506,-52443,34815592,889,84239,-82081704
21:20:46.336,0,-3.26,3,500,0,0,100000,542,-48821,34815380,1275,70599,-82081336
21:20:46.341,0,-3.18,3,500,0,0,100000,596,-67050,34814996,640,92235,-82080808
21:20:46.346,0,-3.25,3,500,0,0,100000,582,-104144,34814300,606,94731,-82080376
21:20:46.351,0,-3.68,3,500,0,0,100000,453,-134851,34813524,546,97447,-82079912
21:20:46.356,0,-3.78,3,500,0,0,100000,405,-146962,34812640,887,81944,-82079520
21:20:46.361,0,-3.68,3,500,0,0,100000,424,-127510,34812136,504,94889,-82079000
21:20:46.366,0,-3.41,3,500,0,0,100000,497,-80261,34811872,438,101168,-82078456
21:20:46.371,0,-3.11,3,500,0,0,100000,529,-44053,34811820,871,86830,-82078104
21:20:46.376,0,-2.94,3,500,0,0,100000,581,-35854,34811668,1009,75196,-82077800
21:20:46.381,0,-3.0,3,500,0,0,100000,551,-50838,34811380,727,87280,-82077280
21:20:46.387,0,-3.26,3,500,0,0,100000,580,-96643,34810692,377,105835,-82076728
21:20:46.392,0,-3.58,3,500,0,0,100000,427,-134392,34809900,1009,77490,-82076536
21:20:46.397,0,-3.77,3,500,0,0,100000,376,-151160,34808968,788,80652,-82075984
21:20:46.402,0,-3.71,3,500,0,0,100000,424,-128025,34808456,241,102266,-82075312
21:20:46.407,0,-3.44,3,500,0,0,100000,439,-80751,34808260,571,101540,-82074960
21:20:46.412,0,-3.09,3,500,0,0,100000,516,-40175,34808184,1207,75939,-82074616
21:20:46.417,0,-2.87,3,500,0,0,100000,599,-37621,34808028,1095,66992,-82074184
21:20:46.422,0,-2.88,3,500,0,0,100000,623,-63176,34807624,607,89572,-82073576
21:20:46.427,0,-3.11,3,500,0,0,100000,521,-94494,34807036,509,108680,-82073104
21:20:46.432,0,-3.4,3,500,0,0,100000,417,-133553,34806136,1008,83743,-82072792
21:20:46.437,0,-3.58,3,500,0,0,100000,454,-144216,34805424,529,87692,-82072288
21:20:46.442,0,-3.55,3,500,0,0,100000,544,-114779,34804896,58,116327,-82071616
21:20:46.447,0,-3.33,3,500,0,0,100000,484,-69756,34804756,419,108698,-82071208
21:20:46.452,0,-3.04,3,500,0,0,100000,522,-43387,34804668,1175,63357,-82071072
21:20:46.472,0,-3.41,3,500,0,0,100000,513,-144082,34801792,323,95358,-82068544
21:20:46.477,0,-3.58,3,500,0,0,100000,434,-115721,34801364,-88,127251,-82067888
21:20:46.483,0,-3.55,3,500,0,0,100000,413,-89302,34801036,603,96902,-82067592
21:20:46.488,0,-3.35,3,500,0,0,100000,481,-65445,34800756,1081,68265,-82067336
21:20:46.493,0,-3.08,3,500,0,0,100000,629,-54085,34800572,324,99921,-82066640
21:20:46.498,0,-2.89,3,500,0,0,100000,605,-67699,34800160,327,106331,-82066176
21:20:46.503,0,-2.89,3,500,0,0,100000,489,-98601,34799556,931,87013,-82065848
21:20:46.508,0,-3.05,3,500,0,0,100000,467,-123066,34798904,785,82159,-82065464
21:20:46.513,0,-3.27,3,500,0,0,100000,529,-126991,34798192,206,107887,-82064816
21:20:46.518,0,-3.44,3,500,0,0,100000,448,-109012,34797652,401,104376,-82064352
21:20:46.523,0,-3.45,3,500,0,0,100000,436,-82529,34797380,1069,73862,-82064128
21:20:46.528,0,-3.31,3,500,0,0,100000,551,-64039,34797112,882,83816,-82063568
21:20:46.533,0,-3.12,3,500,0,0,100000,575,-67847,34796788,455,98349,-82063008
21:20:46.538,0,-2.99,3,500,0,0,100000,517,-82729,34796340,877,85604,-82062744
21:20:46.543,0,-3.0,3,500,0,0,100000,484,-110078,34795620,912,80068,-82062296
21:20:46.548,0,-3.13,3,500,0,0,100000,477,-124994,34794968,475,95999,-82061776
21:20:46.553,0,-3.3,3,500,0,0,100000,484,-121084,34794408,215,110372,-82061168
21:20:46.558,0,-3.39,3,500,0,0,100000,501,-88791,34794000,693,93737,-82060792
21:20:46.563,0,-3.35,3,500,0,0,100000,529,-67265,34793768,992,75178,-82060424
21:20:46.569,0,-3.19,3,500,0,0,100000,571,-61097,34793468,746,89796,-82059936
21:20:46.574,0,-3.02,3,500,0,0,100000,583,-74263,34793076,547,98095,-82059448
21:20:46.579,0,-2.95,3,500,0,0,100000,524,-98559,34792460,586,99594,-82059000
21:20:46.584,0,-3.01,3,500,0,0,100000,402,-120525,34791700,995,83458,-82058624
21:20:46.589,0,-3.18,3,500,0,0,100000,443,-124039,34791120,1030,76767,-82058144
21:20:46.594,0,-3.32,3,500,0,0,100000,503,-97906,34790664,135,108745,-82057504
21:20:46.599,0,-3.36,3,500,0,0,100000,490,-63325,34790504,207,113052,-82057000
21:20:46.604,0,-3.25,3,500,0,0,100000,535,-44405,34790372,1297,71583,-82056872
21:20:46.609,0,-3.05,3,500,0,0,100000,575,-50659,34790112,1475,61132,-82056448
21:20:46.614,0,-2.91,3,500,0,0,100000,587,-78508,34789592,253,104696,-82055744
21:20:46.619,0,-2.91,3,500,0,0,100000,535,-99607,34789044,-46,130305,-82055120
21:20:46.624,0,-3.07,3,500,0,0,100000,528,-126769,34788296,734,97533,-82054880
21:20:46.629,0,-3.29,3,500,0,0,100000,474,-136411,34787504,678,73457,-82054528
21:20:46.634,0,-3.45,3,500,0,0,100000,489,-111659,34787084,-288,133710,-82053648
21:20:46.639,0,-3.45,3,500,0,0,100000,412,-81055,34786804,352,110676,-82053352
21:20:46.644,0,-3.29,3,500,0,0,100000,485,-51599,34786628,1284,50788,-82053272
21:20:46.649,0,-3.03,3,500,0,0,100000,651,-46910,34786452,271,99979,-82052472
21:20:46.654,0,-2.83,3,500,0,0,100000,570,-56824,34786116,54,123872,-82051912
21:20:46.660,0,-2.78,3,500,0,0,100000,456,-87812,34785576,1307,74295,-82051792
21:20:46.665,0,-2.89,3,500,0,0,100000,480,-118907,34784840,608,83182,-82051248
21:20:46.670,0,-3.11,3,500,0,0,100000,513,-130674,34784092,-128,135831,-82050440
21:20:46.675,0,-3.33,3,500,0,0,100000,362,-123288,34783532,805,91108,-82050296
21:20:46.680,0,-3.43,3,500,0,0,100000,491,-104170,34783116,666,79222,-82049848
21:20:46.685,0,-3.37,3,500,0,0,100000,569,-65484,34782916,-43,123885,-82049064
21:20:46.690,0,-3.19,3,500,0,0,100000,500,-47100,34782760,447,110726,-82048712
21:20:46.695,0,-2.99,3,500,0,0,100000,456,-61082,34782360,1546,53175,-82048640
21:20:46.700,0,-2.87,3,500,0,0,100000,588,-81962,34781892,502,92458,-82047896
21:20:46.705,0,-2.92,3,500,0,0,100000,517,-110755,34781260,0,121270,-82047256
21:20:46.710,0,-3.09,3,500,0,0,100000,391,-134596,34780404,931,79509,-82047160
21:20:46.715,0,-3.31,3,500,0,0,100000,438,-139209,34779720,790,74169,-82046648
21:20:46.720,0,-3.46,3,500,0,0,100000,500,-107999,34779256,132,112128,-82045896
21:20:46.725,0,-3.44,3,500,0,0,100000,441,-74287,34779044,264,109263,-82045448
21:20:46.730,0,-3.26,3,500,0,0,100000,561,-48016,34778884,1162,69692,-82045296
21:20:46.735,0,-3.01,3,500,0,0,100000,642,-46544,34778704,800,78537,-82044744
21:20:46.740,0,-2.82,3,500,0,0,100000,544,-65335,34778304,551,93578,-82044184
21:20:46.745,0,-2.8,3,500,0,0,100000,533,-102982,34777596,486,108665,-82043720
21:20:46.751,0,-2.97,3,500,0,0,100000,443,-131973,34776840,951,87696,-82043368
21:20:46.756,0,-3.24,3,500,0,0,100000,430,-139518,34776136,585,80084,-82042936
21:20:46.761,0,-3.47,3,500,0,0,100000,525,-112620,34775604,-51,120902,-82042128
21:20:46.766,0,-3.54,3,500,0,0,100000,567,-70029,34775444,85,116246,-82041696
21:20:46.771,0,-3.4,3,500,0,0,100000,530,-45133,34775340,1368,64061,-82041616
21:20:46.776,0,-3.14,3,500,0,0,100000,560,-39335,34775172,1142,65152,-82041120
21:20:46.781,0,-2.9,3,500,0,0,100000,622,-63065,34774808,430,95040,-82040440
21:20:46.786,0,-2.82,3,500,0,0,100000,526,-105158,34774072,1,126218,-82039800
21:20:46.791,0,-2.95,3,500,0,0,100000,408,-137101,34773272,1160,70611,-82039800
21:20:46.796,0,-3.22,3,500,0,0,100000,411,-149045,34772408,658,70720,-82039208
21:20:46.801,0,-3.48,3,500,0,0,100000,496,-110688,34772052,-147,134290,-82038288
21:20:46.806,0,-3.44,3,500,0,0,100000,447,-64744,34771856,1183,71386,-82038344
21:20:46.811,0,-3.17,3,500,0,0,100000,525,-43585,34771736,1339,56229,-82037904
21:20:46.816,0,-2.92,3,500,0,0,100000,561,-43776,34771532,-4,120836,-82037096
21:20:46.821,0,-2.81,3,500,0,0,100000,514,-55737,34771224,590,105745,-82036768
21:20:46.826,0,-2.93,3,500,0,0,100000,457,-97221,34770540,1574,64412,-82036560
21:20:46.831,0,-3.2,3,500,0,0,100000,525,-140916,34769712,370,93772,-82035872
21:20:46.836,0,-3.48,3,500,0,0,100000,424,-147097,34768968,-252,141415,-82035128
21:20:46.841,0,-3.62,3,500,0,0,100000,317,-132441,34768252,877,87972,-82034976
21:20:46.847,0,-3.56,3,500,0,0,100000,472,-102416,34767896,512,83354,-82034488
21:20:46.852,0,-3.31,3,500,0,0,100000,599,-53017,34767800,-23,125629,-82033776
21:20:46.857,0,-3.0,3,500,0,0,100000,498,-36175,34767692,846,90306,-82033560
21:20:46.862,0,-2.81,3,500,0,0,100000,540,-52209,34767392,1293,61400,-82033328
21:20:46.867,0,-2.81,3,500,0,0,100000,580,-90717,34766776,488,95160,-82032632
21:20:46.872,0,-3.01,3,500,0,0,100000,503,-117820,34766116,67,116939,-82032032
21:20:46.877,0,-3.32,3,500,0,0,100000,364,-140957,34765228,531,95473,-82031712
21:20:46.882,0,-3.55,3,500,0,0,100000,427,-138111,34764596,799,78121,-82031344
21:20:46.887,0,-3.59,3,500,0,0,100000,501,-95467,34764216,311,106184,-82030656
21:20:46.892,0,-3.42,3,500,0,0,100000,494,-59796,34764064,791,94402,-82030368
21:20:46.897,0,-3.16,3,500,0,0,100000,529,-42717,34763896,1157,69969,-82030032
21:20:46.902,0,-2.95,3,500,0,0,100000,611,-56962,34763580,991,77156,-82029488
21:20:46.907,0,-2.92,3,500,0,0,100000,532,-84793,34763084,309,104626,-82028952
21:20:46.912,0,-3.1,3,500,0,0,100000,470,-122349,34762248,584,98526,-82028520
21:20:46.917,0,-3.37,3,500,0,0,100000,448,-141854,34761484,1086,80656,-82028120
21:20:46.922,0,-3.58,3,500,0,0,100000,455,-123515,34760860,326,100981,-82027536
21:20:46.927,0,-3.62,3,500,0,0,100000,499,-87805,34760596,189,111807,-82026984
21:20:46.932,0,-3.46,3,500,0,0,100000,490,-56342,34760448,865,89510,-82026680
21:20:46.938,0,-3.2,3,500,0,0,100000,527,-45551,34760244,1271,68799,-82026344
21:20:46.943,0,-2.99,3,500,0,0,100000,582,-54902,34759984,583,90765,-82025816
21:20:46.948,0,-2.95,3,500,0,0,100000,591,-91047,34759368,328,106951,-82025280
21:20:46.953,0,-3.11,3,500,0,0,100000,341,-124203,34758648,550,96367,-82024888
21:20:46.958,0,-3.36,3,500,0,0,100000,382,-133754,34757856,819,78501,-82024568
21:20:46.963,0,-3.56,3,500,0,0,100000,477,-114161,34757400,311,104963,-82023864
21:20:46.973,0,-3.43,3,500,0,0,100000,550,-66529,34757132,209,105691,-82023248
21:20:46.978,0,-3.18,3,500,0,0,100000,595,-40187,34757012,117,119686,-82022688
21:20:46.983,0,-3.01,3,500,0,0,100000,503,-41301,34756804,1484,66606,-82022688
21:20:46.988,0,-3.02,3,500,0,0,100000,567,-74325,34756340,1419,56289,-82022248
21:20:46.988,0,-3.02,3,500,0,0,100000,513,-119086,34755516,40,117164,-82021456
21:20:46.993,0,-3.21,3,500,0,0,100000,440,-140103,34754868,703,91150,-82021272
21:20:46.998,0,-3.46,3,500,0,0,100000,406,-144434,34754176,1035,64197,-82020880
21:20:47.003,0,-3.62,3,500,0,0,100000,492,-110382,34753788,-64,127625,-82020040
21:20:47.008,0,-3.58,3,500,0,0,100000,495,-60556,34753624,561,102036,-82019760
21:20:47.013,0,-3.36,3,500,0,0,100000,527,-44265,34753480,1529,60242,-82019536
21:20:47.018,0,-3.1,3,500,0,0,100000,608,-48895,34753228,709,84939,-82018968
21:20:47.024,0,-2.94,3,500,0,0,100000,588,-79372,34752704,281,109425,-82018400
21:20:47.029,0,-2.98,3,500,0,0,100000,525,-111693,34752052,640,100943,-82018008
21:20:47.034,0,-3.19,3,500,0,0,100000,444,-139092,34751168,956,75378,-82017728
21:20:47.039,0,-3.43,3,500,0,0,100000,439,-135303,34750540,363,98113,-82017048
21:20:47.044,0,-3.56,3,500,0,0,100000,446,-94744,34750252,258,107738,-82016496
21:20:47.049,0,-3.5,3,500,0,0,100000,504,-54474,34750096,913,82547,-82016264
21:20:47.054,0,-3.28,3,500,0,0,100000,553,-47071,34749916,1153,73494,-82015832
21:20:47.059,0,-3.05,3,500,0,0,100000,606,-67966,34749480,479,101261,-82015272
21:20:47.064,0,-2.95,3,500,0,0,100000,481,-92462,34748940,493,99788,-82014840
21:20:47.069,0,-3.05,3,500,0,0,100000,426,-126323,34748184,783,91694,-82014432
21:20:47.074,0,-3.28,3,500,0,0,100000,439,-139298,34747440,1005,77156,-82014008
21:20:47.079,0,-3.51,3,500,0,0,100000,458,-118814,34746852,254,104127,-82013408
21:20:47.084,0,-3.59,3,500,0,0,100000,509,-82951,34746536,196,111056,-82012864
21:20:47.089,0,-3.47,3,500,0,0,100000,486,-58046,34746360,964,88290,-82012552
21:20:47.094,0,-3.24,3,500,0,0,100000,507,-49976,34746124,1045,69456,-82012248
21:20:47.099,0,-3.03,3,500,0,0,100000,644,-62957,34745788,542,84688,-82011656
21:20:47.104,0,-2.97,3,500,0,0,100000,555,-98005,34745144,446,107780,-82011152
21:20:47.110,0,-3.09,3,500,0,0,100000,405,-120152,34744468,651,96173,-82010760
21:20:47.115,0,-3.31,3,500,0,0,100000,433,-130136,34743796,1093,80924,-82010352
21:20:47.120,0,-3.51,3,500,0,0,100000,459,-113804,34743224,413,95750,-82009792
21:20:47.125,0,-3.57,3,500,0,0,100000,423,-85372,34742936,99,115772,-82009160
21:20:47.130,0,-3.44,3,500,0,0,100000,571,-56497,34742716,938,88075,-82008968
21:20:47.135,0,-3.21,3,500,0,0,100000,466,-52451,34742488,1440,60732,-82008640
21:20:47.140,0,-3.0,3,500,0,0,100000,560,-60990,34742184,990,73779,-82008072
21:20:47.145,0,-2.91,3,500,0,0,100000,603,-83385,34741652,105,113208,-82007440
21:20:47.150,0,-3.0,3,500,0,0,100000,479,-106473,34741056,323,111965,-82007000
21:20:47.155,0,-3.21,3,500,0,0,100000,401,-126217,34740244,899,85468,-82006680
21:20:47.160,0,-3.42,3,500,0,0,100000,443,-124286,34739656,1030,70141,-82006240
21:20:47.165,0,-3.54,3,500,0,0,100000,575,-85872,34739340,111,116813,-82005520
21:20:47.170,0,-3.49,3,500,0,0,100000,451,-52915,34739228,309,107893,-82005112
21:20:47.175,0,-3.31,3,500,0,0,100000,490,-43759,34739040,785,88936,-82004776
21:20:47.180,0,-3.1,3,500,0,0,100000,562,-61823,34738680,1171,71861,-82004488
21:20:47.185,0,-3.0,3,500,0,0,100000,450,-87086,34738120,741,82943,-82003936
21:20:47.191,0,-3.27,3,500,0,0,100000,541,-114012,34737484,447,105773,-82003424
21:20:47.196,0,-3.27,3,500,0,0,100000,425,-133907,34736648,679,94945,-82003008
21:20:47.201,0,-3.51,3,500,0,0,100000,398,-134186,34735996,1056,76965,-82002600
21:20:47.206,0,-3.65,3,500,0,0,100000,428,-106929,34735604,285,100794,-82002000
21:20:47.211,0,-3.6,3,500,0,0,100000,536,-69043,34735360,221,110650,-82001464
21:20:47.216,0,-3.14,3,500,0,0,100000,564,-51205,34735184,719,95305,-82001104
21:20:47.221,0,-3.14,3,500,0,0,100000,529,-59141,34734884,1362,67838,-82000880
21:20:47.226,0,-2.96,3,500,0,0,100000,542,-88251,34734308,778,85732,-82000304
21:20:47.231,0,-2.95,3,500,0,0,100000,624,-115669,34733648,327,105952,-81999728
21:20:47.236,0,-3.34,3,500,0,0,100000,463,-131807,34732844,627,99030,-81999304
21:20:47.241,0,-3.5,3,500,0,0,100000,477,-124045,34732312,962,78594,-81999000
21:20:47.246,0,-3.5,3,500,0,0,100000,492,-91016,34731932,481,94703,-81998392
21:20:47.251,0,-3.35,3,500,0,0,100000,485,-58366,34731800,521,97876,-81997904
21:20:47.256,0,-3.15,3,500,0,0,100000,571,-47967,34731584,1250,77484,-81997672
21:20:47.261,0,-3.03,3,500,0,0,100000,517,-64378,34731224,1148,69936,-81997248
21:20:47.266,0,-3.08,3,500,0,0,100000,542,-103392,34730516,612,91077,-81996720
21:20:47.272,0,-3.29,3,500,0,0,100000,495,-128199,34729816,321,104666,-81996168
21:20:47.277,0,-3.53,3,500,0,0,100000,408,-135586,34729128,717,98292,-81995736
21:20:47.282,0,-3.66,3,500,0,0,100000,407,-124032,34728456,805,77848,-81995416
21:20:47.287,0,-3.6,3,500,0,0,100000,544,-97389,34728112,218,104698,-81994720
21:20:47.292,0,-3.38,3,500,0,0,100000,529,-69864,34727828,220,112283,-81994216
21:20:47.297,0,-3.12,3,500,0,0,100000,496,-58308,34727596,939,86809,-81993928
21:20:47.302,0,-2.93,3,500,0,0,100000,544,-59328,34727320,1064,73164,-81993600
21:20:47.307,0,-2.91,3,500,0,0,100000,557,-80656,34726824,582,91029,-81993024
21:20:47.312,0,-3.06,3,500,0,0,100000,553,-105281,34726160,205,115953,-81992408
21:20:47.317,0,-3.27,3,500,0,0,100000,410,-115026,34725576,532,98753,-81992064
21:20:47.322,0,-3.44,3,500,0,0,100000,429,-110412,34724968,921,74215,-81991776
21:20:47.327,0,-3.49,3,500,0,0,100000,495,-88922,34724552,1013,73134,-81991160
21:20:47.332,0,-3.4,3,500,0,0,100000,571,-67125,34724324,106,115637,-81990488
21:20:47.338,0,-3.23,3,500,0,0,100000,575,-61627,34723952,353,105634,-81989984
21:20:47.343,0,-3.08,3,500,0,0,100000,476,-68895,34723656,1226,75511,-81989904
21:20:47.348,0,-3.04,3,500,0,0,100000,570,-87284,34723252,865,79752,-81989464
21:20:47.353,0,-3.12,3,500,0,0,100000,510,-104640,34722612,251,105909,-81988808
21:20:47.358,0,-3.27,3,500,0,0,100000,446,-115495,34722008,742,96600,-81988512
21:20:47.363,0,-3.4,3,500,0,0,100000,434,-108821,34721416,1145,67416,-81988168
21:20:47.368,0,-3.42,3,500,0,0,100000,518,-94119,34721028,544,83806,-81987512
21:20:47.373,0,-3.33,3,500,0,0,100000,580,-67201,34720776,-5,121674,-81986792
21:20:47.378,0,-3.17,3,500,0,0,100000,493,-51796,34720588,1153,77915,-81986752
21:20:47.383,0,-3.05,3,500,0,0,100000,500,-64474,34720196,1537,49638,-81986456
21:20:47.388,0,-3.02,3,500,0,0,100000,582,-87686,34719712,713,85940,-81985736
21:20:47.393,0,-3.11,3,500,0,0,100000,616,-112122,34719016,305,111017,-81985224
21:20:47.398,0,-3.28,3,500,0,0,100000,331,-115702,34718436,1026,86380,-81984888
21:20:47.403,0,-3.41,3,500,0,0,100000,459,-111789,34717812,1044,71338,-81984440
21:20:47.408,0,-3.44,3,500,0,0,100000,525,-81843,34717552,174,111536,-81983768
21:20:47.413,0,-3.35,3,500,0,0,100000,505,-58386,34717364,311,110004,-81983304
21:20:47.418,0,-3.21,3,500,0,0,100000,511,-61414,34717008,1373,63718,-81983208
21:20:47.423,0,-3.11,3,500,0,0,100000,459,-84871,34716528,1141,70397,-81982656
21:20:47.429,0,-3.12,3,500,0,0,100000,546,-114668,34715800,399,100596,-81981984
21:20:47.434,0,-3.26,3,500,0,0,100000,438,-133285,34715080,449,104003,-81981608
21:20:47.439,0,-3.42,3,500,0,0,100000,399,-136868,34714408,914,80247,-81981240
21:20:47.444,0,-3.5,3,500,0,0,100000,462,-101591,34713984,731,83027,-81980696
21:20:47.449,0,-3.42,3,500,0,0,100000,518,-69691,34713796,412,98035,-81980104
21:20:47.454,0,-3.23,3,500,0,0,100000,559,-47597,34713620,825,90276,-81979808
21:20:47.459,0,-3.02,3,500,0,0,100000,556,-52043,34713368,1196,72047,-81979464
21:20:47.464,0,-2.92,3,500,0,0,100000,544,-77713,34712856,1038,73658,-81978976
21:20:47.469,0,-3.0,3,500,0,0,100000,533,-117725,34712072,182,113550,-81978328
21:20:47.474,0,-3.22,3,500,0,0,100000,438,-135281,34711352,492,105136,-81977896
21:20:47.479,0,-3.44,3,500,0,0,100000,408,-124871,34710784,1142,77968,-81977544
21:20:47.484,0,-3.54,3,500,0,0,100000,446,-91329,34710312,940,69853,-81977032
21:20:47.489,0,-3.44,3,500,0,0,100000,586,-58678,34710188,201,103530,-81976280
21:20:47.494,0,-3.22,3,500,0,0,100000,490,-38971,34710116,1289,79093,-81976208
21:20:47.499,0,-3.0,3,500,0,0,100000,621,-51037,34709796,1684,39814,-81975960
21:20:47.504,0,-2.91,3,500,0,0,100000,699,-72335,34709388,583,89302,-81975176
21:20:47.509,0,-3.0,3,500,0,0,100000,487,-111096,34708624,-112,127207,-81974456
21:20:47.514,0,-3.24,3,500,0,0,100000,412,-140574,34707812,1370,71617,-81974472
21:20:47.520,0,-3.49,3,500,0,0,100000,438,-147548,34706964,963,58588,-81973952
21:20:47.525,0,-3.6,3,500,0,0,100000,501,-108804,34706636,-67,128300,-81973000
21:20:47.530,0,-3.53,3,500,0,0,100000,463,-59304,34706472,1147,74971,-81973016
21:20:47.535,0,-3.28,3,500,0,0,100000,566,-41731,34706360,1167,60052,-81972568
21:20:47.540,0,-2.99,3,500,0,0,100000,647,-41538,34706172,372,95304,-81971848
21:20:47.545,0,-2.81,3,500,0,0,100000,504,-56484,34705856,672,101805,-81971496
21:20:47.550,0,-2.85,3,500,0,0,100000,415,-93000,34705204,1402,64250,-81971264
21:20:47.555,0,-3.07,3,500,0,0,100000,528,-132636,34704420,1087,65616,-81970704
21:20:47.560,0,-3.38,3,500,0,0,100000,514,-149244,34703536,-192,138975,-81969832
21:20:47.565,0,-3.61,3,500,0,0,100000,379,-132007,34702948,935,84971,-81969712
21:20:47.570,0,-3.66,3,500,0,0,100000,463,-105067,34702572,1047,63466,-81969272
21:20:47.575,0,-3.5,3,500,0,0,100000,688,-57443,34702452,83,118706,-81968544
21:20:47.580,0,-3.23,3,500,0,0,100000,552,-34110,34702380,916,88899,-81968296
21:20:47.585,0,-2.88,3,500,0,0,100000,556,-45751,34702088,1572,63652,-81967984
21:20:47.590,0,-3.01,3,500,0,0,100000,603,-87749,34701520,1098,72876,-81967432
21:20:47.595,0,-3.01,3,500,0,0,100000,532,-123634,34700804,43,117283,-81966768
21:20:47.600,0,-3.58,3,500,0,0,100000,354,-152679,34699844,715,97718,-81966440
21:20:47.605,0,-3.58,3,500,0,0,100000,427,-155738,34699096,1136,67492,-81966064
21:20:47.611,0,-3.73,3,500,0,0,100000,462,-108586,34698676,-13,124515,-81965264
21:20:47.616,0,-3.65,3,500,0,0,100000,477,-65159,34698540,575,104540,-81964928
21:20:47.621,0,-3.04,3,500,0,0,100000,529,-40802,34698408,1266,65393,-81964680
21:20:47.626,0,-3.04,3,500,0,0,100000,623,-52072,34698128,692,87790,-81964120
21:20:47.631,0,-2.84,3,500,0,0,100000,552,-70289,34697736,267,110350,-81963512
21:20:47.636,0,-2.87,3,500,0,0,100000,275,-114243,34696916,1143,80602,-81963344
21:20:47.641,0,-3.38,3,500,0,0,100000,461,-139252,34696152,1038,65464,-81962904
21:20:47.646,0,-3.38,3,500,0,0,100000,448,-133404,34695428,106,106590,-81962112
21:20:47.651,0,-3.58,3,500,0,0,100000,469,-110865,34694988,-54,127040,-81961496
21:20:47.656,0,-3.6,3,500,0,0,100000,427,-78276,34694736,1212,70454,-81961456
21:20:47.661,0,-3.18,3,500,0,0,100000,543,-51463,34694576,1043,72305,-81960936
21:20:47.666,0,-3.18,3,500,0,0,100000,607,-50065,34694372,450,95102,-81960320
21:20:47.671,0,-2.96,3,500,0,0,100000,552,-78735,34693832,330,105025,-81959816
21:20:47.676,0,-3.1,3,500,0,0,100000,422,-105603,34693144,1069,80161,-81959616
21:20:47.681,0,-3.33,3,500,0,0,100000,495,-124573,34692472,967,77476,-81959112
21:20:47.686,0,-3.49,3,500,0,0,100000,475,-119883,34691924,54,113029,-81958448
21:20:47.691,0,-3.51,3,500,0,0,100000,505,-95105,34691372,81,114464,-81957824
21:20:47.696,0,-3.38,3,500,0,0,100000,443,-68168,34691160,353,106311,-81957400
21:20:47.701,0,-3.18,3,500,0,0,100000,534,-59902,34690852,1275,71658,-81957224
21:20:47.707,0,-3.03,3,500,0,0,100000,671,-72948,34690468,1187,72332,-81956744
21:20:47.712,0,-3.02,3,500,0,0,100000,577,-87115,34690068,355,101795,-81956144
21:20:47.717,0,-3.14,3,500,0,0,100000,483,-113977,34689312,512,100035,-81955800
21:20:47.722,0,-3.3,3,500,0,0,100000,409,-116204,34688744,1119,78550,-81955440
21:20:47.727,0,-3.39,3,500,0,0,100000,468,-100082,34688240,918,75786,-81954904
21:20:47.732,0,-3.37,3,500,0,0,100000,546,-75455,34688008,40,118077,-81954232
21:20:47.737,0,-3.23,3,500,0,0,100000,550,-57444,34687768,442,107137,-81953840
21:20:47.742,0,-3.1,3,500,0,0,100000,513,-69391,34687384,1125,76852,-81953576
21:20:47.747,0,-3.05,3,500,0,0,100000,533,-96729,34686760,1223,69432,-81953128
21:20:47.752,0,-3.12,3,500,0,0,100000,523,-116298,34686152,207,108571,-81952456
21:20:47.757,0,-3.26,3,500,0,0,100000,461,-114146,34685520,111,117877,-81951912
21:20:47.762,0,-3.37,3,500,0,0,100000,423,-99316,34685092,1187,72791,-81951776
21:20:47.767,0,-3.36,3,500,0,0,100000,511,-76921,34684820,954,74405,-81951240
21:20:47.772,0,-3.26,3,500,0,0,100000,605,-61320,34684560,479,92831,-81950616
21:20:47.777,0,-3.16,3,500,0,0,100000,551,-70124,34684196,356,108603,-81950168
21:20:47.782,0,-3.14,3,500,0,0,100000,480,-101001,34683508,1040,82983,-81949856
21:20:47.787,0,-3.24,3,500,0,0,100000,454,-129403,34682788,1274,69161,-81949432
21:20:47.793,0,-3.39,3,500,0,0,100000,478,-129057,34682184,181,110386,-81948736
21:20:47.798,0,-3.48,3,500,0,0,100000,455,-105040,34681660,130,114253,-81948232
21:20:47.803,0,-3.44,3,500,0,0,100000,382,-71048,34681464,795,85606,-81947928
21:20:47.808,0,-3.29,3,500,0,0,100000,521,-51664,34681272,996,78493,-81947552
21:20:47.813,0,-3.14,3,500,0,0,100000,597,-53721,34681028,655,91871,-81947032
21:20:47.818,0,-3.09,3,500,0,0,100000,509,-80982,34680496,633,97949,-81946552
21:20:47.823,0,-3.21,3,500,0,0,100000,534,-111054,34679780,1318,74208,-81946328
21:20:47.828,0,-3.43,3,500,0,0,100000,431,-134425,34679040,835,77632,-81945792
21:20:47.833,0,-3.61,3,500,0,0,100000,452,-129357,34678336,290,99263,-81945128
21:20:47.838,0,-3.65,3,500,0,0,100000,464,-93945,34678044,170,111068,-81944552
21:20:47.843,0,-3.5,3,500,0,0,100000,524,-54263,34677812,479,102357,-81944120
21:20:47.848,0,-3.23,3,500,0,0,100000,521,-38429,34677700,1087,81504,-81943776
21:20:47.854,0,-3.0,3,500,0,0,100000,621,-41524,34677532,691,89204,-81943400
21:20:47.859,0,-2.94,3,500,0,0,100000,547,-54757,34677216,552,99549,-81942904
21:20:47.864,0,-3.09,3,500,0,0,100000,571,-95929,34676544,965,86514,-81942544
21:20:47.869,0,-3.38,3,500,0,0,100000,469,-132358,34675772,712,80270,-81942168
21:20:47.874,0,-3.68,3,500,0,0,100000,461,-151023,34674860,163,109993,-81941456
21:20:47.879,0,-3.83,3,500,0,0,100000,360,-124671,34674380,1,123074,-81940888
21:20:47.884,0,-3.76,3,500,0,0,100000,415,-78165,34674104,1168,69238,-81940816
21:20:47.889,0,-3.49,3,500,0,0,100000,584,-46065,34674040,952,72654,-81940288
21:20:47.894,0,-3.15,3,500,0,0,100000,630,-36608,34673908,352,98763,-81939632
21:20:47.899,0,-2.91,3,500,0,0,100000,561,-52124,34673608,632,97782,-81939320
21:20:47.905,0,-2.9,3,500,0,0,100000,470,-89348,34672976,1043,79455,-81938960
21:20:47.910,0,-3.11,3,500,0,0,100000,477,-114469,34672340,1356,67374,-81938528
21:20:47.915,0,-3.42,3,500,0,0,100000,541,-136896,34671492,223,104543,-81937840
21:20:47.920,0,-3.67,3,500,0,0,100000,447,-132419,34670888,-7,125169,-81937224
21:20:47.925,0,-3.73,3,500,0,0,100000,356,-112609,34670424,1208,73599,-81937136
21:20:47.930,0,-3.59,3,500,0,0,100000,443,-77944,34670116,900,77398,-81936576
21:20:47.935,0,-3.31,3,500,0,0,100000,571,-60089,34669928,391,99082,-81935960
21:20:47.940,0,-3.04,3,500,0,0,100000,562,-61012,34669592,433,104769,-81935464
21:20:47.945,0,-2.97,3,500,0,0,100000,446,-72116,34669200,1107,76536,-81935272
21:20:47.950,0,-3.18,3,500,0,0,100000,544,-92101,34668696,1065,74165,-81934808
21:20:47.955,0,-3.43,3,500,0,0,100000,529,-114879,34667992,454,95806,-81934192
21:20:47.960,0,-3.61,3,500,0,0,100000,451,-129602,34667216,159,112883,-81933600
21:20:47.965,0,-3.61,3,500,0,0,100000,395,-124479,34666656,1003,79370,-81933424
21:20:47.971,0,-3.5,3,500,0,0,100000,486,-102221,34666276,996,77483,-81932912
21:20:47.976,0,-3.28,3,500,0,0,100000,575,-64276,34666076,498,94164,-81932296
21:20:47.981,0,-3.09,3,500,0,0,100000,515,-54434,34665864,810,92314,-81931960
21:20:47.986,0,-3.03,3,500,0,0,100000,510,-67471,34665436,1027,74571,-81931600
21:20:47.991,0,-3.14,3,500,0,0,100000,522,-85141,34664972,786,85271,-81931120
21:20:47.996,0,-3.36,3,500,0,0,100000,558,-102349,34664420,304,107064,-81930520
21:20:48.001,0,-3.36,3,500,0,0,100000,440,-122875,34663636,496,106586,-81930024
21:20:48.006,0,-3.65,3,500,0,0,100000,367,-121774,34662940,1002,82981,-81929680
21:20:48.011,0,-3.58,3,500,0,0,100000,434,-105014,34662516,551,91561,-81929160
21:20:48.016,0,-3.58,3,500,0,0,100000,508,-76693,34662268,239,104706,-81928600
21:20:48.021,0,-3.14,3,500,0,0,100000,496,-55271,34662100,883,84519,-81928376
21:20:48.026,0,-3.0,3,500,0,0,100000,562,-51272,34661840,1001,78391,-81927936
21:20:48.031,0,-3.02,3,500,0,0,100000,586,-72010,34661440,823,81834,-81927464
21:20:48.036,0,-3.18,3,500,0,0,100000,471,-102683,34660756,368,103944,-81926848
21:20:48.041,0,-3.4,3,500,0,0,100000,450,-116547,34660056,627,96267,-81926528
21:20:48.046,0,-3.57,3,500,0,0,100000,430,-114455,34659508,1022,81500,-81926104
21:20:48.052,0,-3.57,3,500,0,0,100000,493,-98728,34659108,1161,70561,-81925640
21:20:48.057,0,-3.43,3,500,0,0,100000,559,-74547,34658792,288,104771,-81925000
21:20:48.062,0,-3.22,3,500,0,0,100000,530,-59379,34658568,257,111358,-81924488
21:20:48.067,0,-3.08,3,500,0,0,100000,446,-63612,34658248,1324,70306,-81924376
21:20:48.072,0,-3.06,3,500,0,0,100000,561,-88492,34657680,1115,65899,-81923904
21:20:48.077,0,-3.16,3,500,0,0,100000,503,-106806,34657112,305,99156,-81923152
21:20:48.082,0,-3.3,3,500,0,0,100000,508,-113255,34656440,267,119152,-81922696
21:20:48.087,0,-3.38,3,500,0,0,100000,376,-111528,34655904,1349,53301,-81922584
21:20:48.092,0,-3.35,3,500,0,0,100000,540,-96196,34655528,516,78266,-81921840
21:20:48.097,0,-3.23,3,500,0,0,100000,550,-59448,34655344,-58,130583,-81921088
21:20:48.102,0,-3.07,3,500,0,0,100000,448,-51465,34655128,1373,57432,-81921216
21:20:48.107,0,-2.99,3,500,0,0,100000,530,-65074,34654744,1242,63187,-81920696
21:20:48.112,0,-3.05,3,500,0,0,100000,552,-89218,34654188,318,99993,-81919984
21:20:48.117,0,-3.2,3,500,0,0,100000,466,-102413,34653656,580,101986,-81919632
21:20:48.122,0,-3.38,3,500,0,0,100000,397,-114492,34652948,1020,80376,-81919240
21:20:48.128,0,-3.49,3,500,0,0,100000,460,-107904,34652460,925,77231,-81918728
21:20:48.133,0,-3.46,3,500,0,0,100000,522,-83821,34652164,81,114581,-81918072
21:20:48.138,0,-3.34,3,500,0,0,100000,529,-60306,34651912,540,101298,-81917696
21:20:48.143,0,-3.2,3,500,0,0,100000,578,-65846,34651576,1270,68461,-81917504
21:20:48.148,0,-3.14,3,500,0,0,100000,572,-91885,34650972,875,83471,-81916928
21:20:48.153,0,-3.2,3,500,0,0,100000,490,-109138,34650404,405,103055,-81916352
21:20:48.158,0,-3.33,3,500,0,0,100000,436,-117667,34649800,344,107195,-81915848
21:20:48.163,0,-3.44,3,500,0,0,100000,423,-113617,34649172,957,77177,-81915616
21:20:48.168,0,-3.45,3,500,0,0,100000,507,-91676,34648828,618,87171,-81915032
21:20:48.173,0,-3.35,3,500,0,0,100000,556,-66048,34648576,252,106716,-81914416
21:20:48.183,0,-3.13,3,500,0,0,100000,512,-73477,34647868,1286,68997,-81913832
21:20:48.189,0,-3.17,3,500,0,0,100000,499,-89897,34647328,1231,70876,-81913264
21:20:48.194,0,-3.31,3,500,0,0,100000,523,-110183,34646664,440,103196,-81912664
21:20:48.199,0,-3.48,3,500,0,0,100000,442,-117081,34646072,286,112921,-81912112
21:20:48.204,0,-3.58,3,500,0,0,100000,300,-113191,34645540,936,75495,-81911936
21:20:48.209,0,-3.55,3,500,0,0,100000,542,-93937,34645184,394,95760,-81911344
21:20:48.214,0,-3.41,3,500,0,0,100000,557,-72056,34644932,62,120890,-81910688
21:20:48.219,0,-3.24,3,500,0,0,100000,483,-57730,34644644,1053,78428,-81910600
21:20:48.224,0,-3.12,3,500,0,0,100000,529,-62210,34644328,1362,57371,-81910224
21:20:48.229,0,-3.12,3,500,0,0,100000,492,-82840,34643824,587,85994,-81909536
21:20:48.234,0,-3.24,3,500,0,0,100000,570,-103802,34643256,-73,131257,-81908784
21:20:48.239,0,-3.41,3,500,0,0,100000,400,-124332,34642568,1105,73559,-81908824
21:20:48.244,0,-3.55,3,500,0,0,100000,400,-128664,34641848,877,69497,-81908272
21:20:48.250,0,-3.56,3,500,0,0,100000,506,-103764,34641476,6,120547,-81907424
21:20:48.255,0,-3.42,3,500,0,0,100000,492,-64901,34641252,827,89292,-81907296
21:20:48.260,0,-3.21,3,500,0,0,100000,566,-41852,34641112,1545,54700,-81906992
21:20:48.265,0,-3.04,3,500,0,0,100000,604,-48387,34640896,947,74900,-81906368
21:20:48.270,0,-3.0,3,500,0,0,100000,634,-72082,34640420,16,127718,-81905656
21:20:48.275,0,-3.14,3,500,0,0,100000,451,-95791,34639852,1145,78895,-81905560
21:20:48.280,0,-3.39,3,500,0,0,100000,558,-132437,34639092,1393,58357,-81905168
21:20:48.285,0,-3.63,3,500,0,0,100000,462,-140210,34638288,19,116855,-81904336
21:20:48.290,0,-3.73,3,500,0,0,100000,407,-120505,34637768,211,123257,-81903824
21:20:48.295,0,-3.41,3,500,0,0,100000,420,-90723,34637348,1283,63849,-81903760
21:20:48.300,0,-3.16,3,500,0,0,100000,585,-69097,34637132,655,82866,-81903120
21:20:48.305,0,-3.16,3,500,0,0,100000,591,-52647,34636964,166,111175,-81902472
21:20:48.310,0,-3.04,3,500,0,0,100000,524,-58535,34636612,633,100498,-81902120
21:20:48.315,0,-3.23,3,500,0,0,100000,521,-88155,34636080,1389,65219,-81901944
21:20:48.321,0,-3.48,3,500,0,0,100000,479,-123540,34635288,748,85089,-81901320
21:20:48.326,0,-3.67,3,500,0,0,100000,431,-141219,34634336,311,101166,-81900640
21:20:48.331,0,-3.67,3,500,0,0,100000,493,-123036,34633832,42,118763,-81900024
21:20:48.336,0,-3.54,3,500,0,0,100000,439,-91936,34633524,949,70554,-81900008
21:20:48.341,0,-3.31,3,500,0,0,100000,538,-60771,34633320,1126,67461,-81899448
21:20:48.346,0,-3.13,3,500,0,0,100000,586,-51295,34633172,319,106999,-81898896
21:20:48.351,0,-3.12,3,500,0,0,100000,537,-65764,34632800,746,97800,-81898504
21:20:48.356,0,-3.12,3,500,0,0,100000,452,-101179,34632108,1233,77794,-81898160
21:20:48.361,0,-3.53,3,500,0,0,100000,489,-130422,34631384,759,84406,-81897680
21:20:48.366,0,-3.7,3,500,0,0,100000,662,-141201,34630564,122,110414,-81897000
21:20:48.371,0,-3.69,3,500,0,0,100000,429,-124398,34630028,229,113674,-81896504
21:20:48.376,0,-3.49,3,500,0,0,100000,410,-98954,34629656,997,75857,-81896320
21:20:48.381,0,-3.22,3,500,0,0,100000,528,-64081,34629432,723,79587,-81895784
21:20:48.386,0,-3.02,3,500,0,0,100000,572,-44832,34629312,507,99676,-81895192
21:20:48.391,0,-2.98,3,500,0,0,100000,547,-47913,34629044,1021,85269,-81894944
21:20:48.396,0,-3.13,3,500,0,0,100000,502,-75526,34628588,1232,71855,-81894584
21:20:48.402,0,-3.4,3,500,0,0,100000,547,-109331,34627860,826,83017,-81894024
21:20:48.407,0,-3.64,3,500,0,0,100000,460,-128857,34627188,360,104076,-81893504
21:20:48.412,0,-3.74,3,500,0,0,100000,411,-122801,34626516,386,105336,-81892984
21:20:48.417,0,-3.65,3,500,0,0,100000,424,-106674,34626052,962,85199,-81892624
21:20:48.422,0,-3.41,3,500,0,0,100000,493,-75957,34625828,878,77085,-81892216
21:20:48.422,0,-3.41,3,500,0,0,100000,613,-51657,34625652,480,93268,-81891608
21:20:48.427,0,-3.16,3,500,0,0,100000,614,-46248,34625464,215,108189,-81891048
21:20:48.432,0,-3.03,3,500,0,0,100000,532,-71831,34624968,1131,83481,-81890872
21:20:48.437,0,-3.09,3,500,0,0,100000,494,-108301,34624316,1579,57364,-81890536
21:20:48.447,0,-3.57,3,500,0,0,100000,519,-140257,34623432,397,92397,-81889768
21:20:48.447,0,-3.57,3,500,0,0,100000,464,-134553,34622828,-154,137531,-81889104
21:20:48.453,0,-3.73,3,500,0,0,100000,351,-122948,34622276,1402,61128,-81889104
21:20:48.463,0,-3.49,3,500,0,0,100000,459,-83882,34621896,1410,53673,-81888504
21:20:48.463,0,-3.49,3,500,0,0,100000,549,-58898,34621800,50,114814,-81887712
21:20:48.468,0,-3.21,3,500,0,0,100000,525,-46471,34621588,992,84276,-81887576
21:20:48.473,0,-2.99,3,500,0,0,100000,432,-65567,34621160,1381,60317,-81887240
21:20:48.478,0,-2.93,3,500,0,0,100000,583,-100017,34620580,354,103135,-81886536
21:20:48.483,0,-3.06,3,500,0,0,100000,519,-124411,34619800,-64,128778,-81885896
21:20:48.488,0,-3.3,3,500,0,0,100000,389,-128823,34619144,941,90384,-81885672
21:20:48.493,0,-3.51,3,500,0,0,100000,493,-122448,34618596,706,79530,-81885240
21:20:48.498,0,-3.58,3,500,0,0,100000,544,-84184,34618276,91,114968,-81884520
21:20:48.503,0,-3.48,3,500,0,0,100000,529,-65749,34618036,244,109796,-81884088
21:20:48.509,0,-3.28,3,500,0,0,100000,574,-76768,34617628,1270,69710,-81883960
21:20:48.514,0,-3.1,3,500,0,0,100000,519,-97382,34617012,874,80894,-81883400
21:20:48.519,0,-3.04,3,500,0,0,100000,487,-105866,34616496,376,100641,-81882784
21:20:48.524,0,-3.1,3,500,0,0,100000,440,-99108,34615940,749,93738,-81882464
21:20:48.529,0,-3.22,3,500,0,0,100000,487,-89535,34615564,1229,75974,-81882080
21:20:48.534,0,-3.29,3,500,0,0,100000,511,-81207,34615164,1043,76011,-81881592
21:20:48.539,0,-3.3,3,500,0,0,100000,552,-72150,34614876,431,98175,-81880976
21:20:48.544,0,-3.25,3,500,0,0,100000,543,-82704,34614392,535,100297,-81880600
21:20:48.549,0,-3.23,3,500,0,0,100000,472,-104975,34613812,1024,81061,-81880256
21:20:48.554,0,-3.28,3,500,0,0,100000,474,-121247,34613080,782,81695,-81879808
21:20:48.559,0,-3.36,3,500,0,0,100000,476,-114260,34612564,220,107154,-81879144
21:20:48.564,0,-3.43,3,500,0,0,100000,458,-91397,34612228,151,115895,-81878576
21:20:48.570,0,-3.41,3,500,0,0,100000,496,-63901,34611952,1132,78380,-81878440
21:20:48.575,0,-3.29,3,500,0,0,100000,560,-53825,34611748,1359,68470,-81877992
21:20:48.580,0,-3.14,3,500,0,0,100000,528,-65801,34611364,1038,71846,-81877472
21:20:48.585,0,-3.07,3,500,0,0,100000,613,-85805,34610888,326,115884,-81876840
21:20:48.590,0,-3.12,3,500,0,0,100000,432,-113133,34610224,840,96802,-81876504
21:20:48.595,0,-3.28,3,500,0,0,100000,422,-137310,34609360,1200,66810,-81876168
21:20:48.600,0,-3.46,3,500,0,0,100000,469,-128433,34608820,74,114695,-81875416
21:20:48.605,0,-3.54,3,500,0,0,100000,337,-87575,34608472,108,118973,-81874920
21:20:48.610,0,-3.46,3,500,0,0,100000,422,-44984,34608388,1033,83673,-81874664
21:20:48.615,0,-3.05,3,500,0,0,100000,464,-37631,34608252,1404,63557,-81874304
21:20:48.620,0,-2.95,3,500,0,0,100000,880,-59771,34607868,324,101463,-81873648
21:20:48.625,0,-3.04,3,500,0,0,100000,525,-87049,34607348,323,112023,-81873128
21:20:48.630,0,-3.28,3,500,0,0,100000,443,-118629,34606564,750,96839,-81872752
21:20:48.635,0,-3.53,3,500,0,0,100000,451,-136877,34605828,1026,71776,-81872464
21:20:48.640,0,-3.67,3,500,0,0,100000,465,-136152,34605176,275,103794,-81871728
21:20:48.645,0,-3.6,3,500,0,0,100000,413,-100293,34604728,499,106576,-81871336
21:20:48.651,0,-3.38,3,500,0,0,100000,432,-75791,34604464,1148,73700,-81871024
21:20:48.656,0,-3.38,3,500,0,0,100000,539,-52984,34604308,1140,71283,-81870536
21:20:48.661,0,-2.93,3,500,0,0,100000,659,-46234,34604096,372,103008,-81869960
21:20:48.666,0,-2.93,3,500,0,0,100000,567,-66182,34603664,472,101823,-81869440
21:20:48.671,0,-3.12,3,500,0,0,100000,518,-110210,34602884,622,103104,-81868976
21:20:48.676,0,-3.41,3,500,0,0,100000,463,-147055,34602056,1085,72278,-81868768
21:20:48.681,0,-3.67,3,500,0,0,100000,463,-155875,34601168,387,95591,-81868080
21:20:48.686,0,-3.77,3,500,0,0,100000,358,-131449,34600784,226,114851,-81867576
21:20:48.691,0,-3.66,3,500,0,0,100000,419,-79353,34600516,1240,74957,-81867320
21:20:48.696,0,-3.39,3,500,0,0,100000,567,-49546,34600424,641,86722,-81866792
21:20:48.701,0,-3.11,3,500,0,0,100000,672,-34498,34600340,422,99448,-81866264
21:20:48.706,0,-2.98,3,500,0,0,100000,576,-53285,34599992,526,101091,-81865808
21:20:48.711,0,-3.09,3,500,0,0,100000,508,-87634,34599432,1359,70551,-81865640
21:20:48.716,0,-3.39,3,500,0,0,100000,554,-130896,34598644,1013,73791,-81865120
21:20:48.721,0,-3.73,3,500,0,0,100000,476,-164363,34597608,88,114937,-81864432
21:20:48.726,0,-3.93,3,500,0,0,100000,361,-152365,34596916,415,110246,-81863984
21:20:48.731,0,-3.88,3,500,0,0,100000,389,-105251,34596472,1045,81147,-81863640
21:20:48.737,0,-3.59,3,500,0,0,100000,534,-56140,34596424,1066,70272,-81863184
21:20:48.742,0,-3.2,3,500,0,0,100000,613,-30829,34596376,204,111266,-81862544
21:20:48.747,0,-2.9,3,500,0,0,100000,572,-40916,34596136,605,100709,-81862168
21:20:48.752,0,-2.84,3,500,0,0,100000,523,-71147,34595688,1039,81760,-81861840
21:20:48.757,0,-3.05,3,500,0,0,100000,471,-113689,34594912,1070,73559,-81861424
21:20:48.762,0,-3.39,3,500,0,0,100000,435,-143479,34594132,188,103591,-81860808
21:20:48.767,0,-3.68,3,500,0,0,100000,462,-134834,34593416,23,120667,-81860192
21:20:48.772,0,-3.78,3,500,0,0,100000,398,-102639,34593040,416,105943,-81859784
21:20:48.777,0,-3.62,3,500,0,0,100000,451,-55522,34592892,1135,69177,-81859584
21:20:48.782,0,-3.33,3,500,0,0,100000,574,-38729,34592796,828,79614,-81859016
21:20:48.787,0,-3.06,3,500,0,0,100000,620,-41856,34592596,257,111087,-81858440
21:20:48.792,0,-2.96,3,500,0,0,100000,552,-76482,34592044,715,98587,-81858072
21:20:48.797,0,-3.08,3,500,0,0,100000,461,-106184,34591412,1338,72186,-81857760
21:20:48.802,0,-3.34,3,500,0,0,100000,486,-134820,34590552,322,97314,-81857136
21:20:48.807,0,-3.6,3,500,0,0,100000,485,-132021,34589940,-258,144380,-81856336
21:20:48.812,0,-3.71,3,500,0,0,100000,443,-93915,34589444,165,119838,-81855920
21:20:48.822,0,-3.39,3,500,0,0,100000,573,-56003,34589008,571,88715,-81855184
21:20:48.828,0,-3.14,3,500,0,0,100000,596,-49288,34588820,339,114753,-81854680
21:20:48.833,0,-3.0,3,500,0,0,100000,499,-67140,34588392,1245,80154,-81854440
21:20:48.838,0,-3.03,3,500,0,0,100000,519,-101750,34587784,1090,70779,-81854048
21:20:48.843,0,-3.2,3,500,0,0,100000,506,-116707,34587088,183,106026,-81853304
21:20:48.848,0,-3.42,3,500,0,0,100000,459,-117335,34586520,75,119770,-81852752
21:20:48.853,0,-3.57,3,500,0,0,100000,429,-109303,34586024,1048,78437,-81852608
21:20:48.858,0,-3.57,3,500,0,0,100000,495,-88535,34585592,1200,68174,-81852144
21:20:48.863,0,-3.45,3,500,0,0,100000,608,-72971,34585316,267,106742,-81851496
21:20:48.868,0,-3.27,3,500,0,0,100000,484,-73874,34584968,370,107882,-81851008
21:20:48.873,0,-3.13,3,500,0,0,100000,515,-89367,34584400,955,90477,-81850664
21:20:48.878,0,-3.09,3,500,0,0,100000,496,-103676,34583860,1232,71700,-81850272
21:20:48.883,0,-3.16,3,500,0,0,100000,520,-104667,34583284,280,104018,-81849632
21:20:48.888,0,-3.27,3,500,0,0,100000,490,-91746,34582912,142,113721,-81849104
21:20:48.893,0,-3.36,3,500,0,0,100000,543,-83741,34582472,659,93305,-81848768
21:20:48.898,0,-3.38,3,500,0,0,100000,502,-81494,34582112,1115,73618,-81848488
21:20:48.903,0,-3.35,3,500,0,0,100000,525,-82145,34581688,571,94039,-81847872
21:20:48.908,0,-3.31,3,500,0,0,100000,513,-90078,34581236,423,102935,-81847368
21:20:48.913,0,-3.3,3,500,0,0,100000,460,-98590,34580644,1008,82129,-81847104
21:20:48.919,0,-3.33,3,500,0,0,100000,477,-101960,34580152,1003,79036,-81846624
21:20:48.924,0,-3.37,3,500,0,0,100000,460,-78370,34579788,671,86616,-81846048
21:20:48.929,0,-3.38,3,500,0,0,100000,555,-59435,34579592,482,100475,-81845584
21:20:48.934,0,-3.35,3,500,0,0,100000,537,-55035,34579352,751,96530,-81845152
21:20:48.939,0,-3.32,3,500,0,0,100000,476,-72467,34578884,1380,64304,-81844960
21:20:48.944,0,-3.35,3,500,0,0,100000,515,-105378,34578260,873,76911,-81844392
21:20:48.949,0,-3.47,3,500,0,0,100000,473,-122599,34577620,205,113699,-81843680
21:20:48.954,0,-3.62,3,500,0,0,100000,430,-123090,34576900,242,115142,-81843192
21:20:48.959,0,-3.72,3,500,0,0,100000,405,-100151,34576520,1139,77592,-81843016
21:20:48.964,0,-3.69,3,500,0,0,100000,504,-72429,34576248,993,72336,-81842520
21:20:48.969,0,-3.51,3,500,0,0,100000,619,-58489,34576004,330,100596,-81841840
21:20:48.974,0,-3.29,3,500,0,0,100000,532,-52089,34575792,693,97366,-81841520
21:20:48.979,0,-3.14,3,500,0,0,100000,555,-61675,34575420,1406,69655,-81841240
21:20:48.984,0,-3.14,3,500,0,0,100000,524,-89547,34574904,1205,60310,-81840792
21:20:48.989,0,-3.3,3,500,0,0,100000,568,-115645,34574188,22,120210,-81839992
21:20:48.994,0,-3.53,3,500,0,0,100000,447,-123301,34573556,187,118954,-81839560
21:20:48.999,0,-3.73,3,500,0,0,100000,395,-121783,34572968,904,88928,-81839248
21:20:49.004,0,-3.8,3,500,0,0,100000,434,-105457,34572436,831,72036,-81838888
21:20:49.009,0,-3.72,3,500,0,0,100000,672,-79471,34572184,161,110603,-81838120
21:20:49.015,0,-3.52,3,500,0,0,100000,461,-60593,34571980,802,95143,-81837880
21:20:49.020,0,-3.3,3,500,0,0,100000,477,-66981,34571580,1590,58629,-81837616
21:20:49.025,0,-3.17,3,500,0,0,100000,547,-78949,34571168,1171,67970,-81837048
21:20:49.030,0,-3.18,3,500,0,0,100000,576,-102758,34570536,307,104302,-81836344
21:20:49.035,0,-3.33,3,500,0,0,100000,461,-120982,34569880,472,103964,-81836008
21:20:49.040,0,-3.54,3,500,0,0,100000,436,-129074,34569108,1030,75031,-81835688
21:20:49.045,0,-3.69,3,500,0,0,100000,394,-118449,34568616,817,82207,-81835112
21:20:49.050,0,-3.72,3,500,0,0,100000,492,-84680,34568288,277,105756,-81834456
21:20:49.055,0,-3.61,3,500,0,0,100000,490,-59433,34568120,693,95501,-81834160
21:20:49.060,0,-3.42,3,500,0,0,100000,490,-57503,34567812,1243,67289,-81833856
21:20:49.065,0,-3.25,3,500,0,0,100000,563,-69427,34567456,696,90797,-81833312
21:20:49.070,0,-3.2,3,500,0,0,100000,560,-88994,34566964,385,104335,-81832760
21:20:49.075,0,-3.53,3,500,0,0,100000,483,-121942,34566144,368,107482,-81832272
21:20:49.080,0,-3.74,3,500,0,0,100000,346,-138932,34565408,1034,75713,-81832048
21:20:49.085,0,-3.83,3,500,0,0,100000,515,-126269,34564744,571,86328,-81831448
21:20:49.091,0,-3.75,3,500,0,0,100000,502,-88596,34564484,267,105395,-81830840
21:20:49.096,0,-3.52,3,500,0,0,100000,511,-59296,34564328,959,88909,-81830584
21:20:49.101,0,-3.27,3,500,0,0,100000,539,-50800,34564088,1281,68104,-81830240
21:20:49.106,0,-3.12,3,500,0,0,100000,580,-65318,34563732,910,82532,-81829680
21:20:49.111,0,-3.15,3,500,0,0,100000,525,-89403,34563172,537,97323,-81829216
21:20:49.116,0,-3.33,3,500,0,0,100000,469,-109123,34562576,631,96513,-81828768
21:20:49.121,0,-3.54,3,500,0,0,100000,459,-118205,34561896,1072,83232,-81828352
21:20:49.126,0,-3.66,3,500,0,0,100000,448,-107830,34561440,941,75363,-81827880
21:20:49.131,0,-3.64,3,500,0,0,100000,534,-73215,34561168,259,109494,-81827256
21:20:49.136,0,-3.49,3,500,0,0,100000,519,-53151,34561000,320,109357,-81826800
21:20:49.141,0,-3.33,3,500,0,0,100000,525,-61919,34560620,993,89016,-81826464
21:20:49.146,0,-3.27,3,500,0,0,100000,519,-84987,34560132,1296,63621,-81826192
21:20:49.151,0,-3.35,3,500,0,0,100000,540,-112056,34559432,342,96062,-81825472
21:20:49.156,0,-3.51,3,500,0,0,100000,464,-115576,34558864,-44,126058,-81824800
21:20:49.161,0,-3.65,3,500,0,0,100000,416,-116901,34558280,1220,76657,-81824744
21:20:49.166,0,-3.67,3,500,0,0,100000,430,-97496,34557812,1207,61485,-81824280
21:20:49.172,0,-3.56,3,500,0,0,100000,603,-78010,34557544,76,121530,-81823488
21:20:49.177,0,-3.37,3,500,0,0,100000,507,-60240,34557328,573,105623,-81823176
21:20:49.182,0,-3.21,3,500,0,0,100000,498,-64767,34556956,1486,69056,-81822936
21:20:49.187,0,-3.16,3,500,0,0,100000,556,-83144,34556520,710,84941,-81822392
21:20:49.192,0,-3.24,3,500,0,0,100000,539,-106445,34555872,34,121142,-81821688
21:20:49.197,0,-3.41,3,500,0,0,100000,456,-118019,34555260,192,116170,-81821256
21:20:49.202,0,-3.57,3,500,0,0,100000,490,-115604,34554616,1222,62737,-81821144
21:20:49.207,0,-3.63,3,500,0,0,100000,529,-106174,34554160,382,98219,-81820360
21:20:49.212,0,-3.55,3,500,0,0,100000,555,-78668,34553816,-8,122760,-81819728
21:20:49.217,0,-3.38,3,500,0,0,100000,498,-64357,34553564,1168,76892,-81819672
21:20:49.222,0,-3.23,3,500,0,0,100000,519,-69502,34553220,1433,64126,-81819256
21:20:49.227,0,-3.17,3,500,0,0,100000,663,-86065,34552696,885,78170,-81818680
21:20:49.232,0,-3.23,3,500,0,0,100000,487,-92159,34552240,392,104292,-81818144
21:20:49.237,0,-3.4,3,500,0,0,100000,495,-108611,34551652,693,97077,-81817728
21:20:49.242,0,-3.56,3,500,0,0,100000,462,-119807,34550944,1146,77360,-81817360
21:20:49.247,0,-3.66,3,500,0,0,100000,475,-118810,34550396,437,99009,-81816784
21:20:49.252,0,-3.64,3,500,0,0,100000,506,-91750,34549992,228,108353,-81816224
21:20:49.258,0,-3.51,3,500,0,0,100000,426,-72997,34549724,895,89283,-81815888
21:20:49.263,0,-3.33,3,500,0,0,100000,537,-53193,34549512,1396,66454,-81815560
21:20:49.268,0,-3.19,3,500,0,0,100000,576,-57435,34549200,738,84894,-81815048
21:20:49.273,0,-3.17,3,500,0,0,100000,528,-73505,34548812,639,98450,-81814528
21:20:49.278,0,-3.29,3,500,0,0,100000,512,-107904,34548092,758,91843,-81814200
21:20:49.283,0,-3.51,3,500,0,0,100000,467,-138445,34547300,983,87984,-81813728
21:20:49.288,0,-3.73,3,500,0,0,100000,426,-148293,34546556,958,76419,-81813256
21:20:49.293,0,-3.82,3,500,0,0,100000,402,-113393,34546036,61,114777,-81812552
21:20:49.298,0,-3.72,3,500,0,0,100000,497,-63582,34545864,65,121760,-81811904
21:20:49.304,0,-3.45,3,500,0,0,100000,483,-41767,34545752,1244,74324,-81811864
21:20:49.309,0,-3.15,3,500,0,0,100000,589,-49553,34545464,1412,59193,-81811472
21:20:49.314,0,-2.95,3,500,0,0,100000,589,-69032,34545128,95,112684,-81810704
21:20:49.319,0,-2.97,3,500,0,0,100000,516,-104716,34544404,123,120626,-81810224
21:20:49.324,0,-3.17,3,500,0,0,100000,414,-132357,34543656,1352,65529,-81810168
21:20:49.329,0,-3.42,3,500,0,0,100000,441,-136921,34542892,600,80732,-81809512
21:20:49.334,0,-3.56,3,500,0,0,100000,450,-98688,34542596,-32,124473,-81808736
21:20:49.339,0,-3.52,3,500,0,0,100000,317,-59162,34542416,573,105376,-81808408
21:20:49.344,0,-3.32,3,500,0,0,100000,518,-46161,34542256,1496,53491,-81808320
21:20:49.349,0,-3.09,3,500,0,0,100000,666,-55028,34541952,616,85912,-81807592
21:20:49.354,0,-2.97,3,500,0,0,100000,588,-70756,34541568,217,117532,-81807056
21:20:49.359,0,-3.05,3,500,0,0,100000,455,-119937,34540692,1064,86882,-81806792
21:20:49.364,0,-3.27,3,500,0,0,100000,420,-146394,34539892,1072,65020,-81806368
21:20:49.369,0,-3.51,3,500,0,0,100000,553,-136410,34539288,-156,130036,-81805504
21:20:49.374,0,-3.62,3,500,0,0,100000,462,-105254,34538784,412,108612,-81805176
21:20:49.379,0,-3.54,3,500,0,0,100000,463,-76639,34538540,1503,60274,-81804952
21:20:49.385,0,-3.3,3,500,0,0,100000,573,-54106,34538356,214,107375,-81804184
21:20:49.390,0,-3.04,3,500,0,0,100000,644,-48134,34538168,137,118000,-81803704
21:20:49.395,0,-2.91,3,500,0,0,100000,498,-76928,34537680,853,88173,-81803456
21:20:49.400,0,-2.96,3,500,0,0,100000,446,-115142,34536908,1307,67341,-81803096
21:20:49.405,0,-3.18,3,500,0,0,100000,521,-132864,34536220,352,103084,-81802432
21:20:49.410,0,-3.43,3,500,0,0,100000,407,-130508,34535504,73,114970,-81801872
21:20:49.415,0,-3.58,3,500,0,0,100000,413,-112357,34535048,556,96755,-81801488
21:20:49.420,0,-3.55,3,500,0,0,100000,459,-83791,34534684,902,79603,-81801152
21:20:49.425,0,-3.38,3,500,0,0,100000,562,-61696,34534488,582,95128,-81800568
21:20:49.430,0,-3.17,3,500,0,0,100000,553,-57843,34534180,852,90043,-81800232
21:20:49.435,0,-3.04,3,500,0,0,100000,513,-74586,34533768,1030,75140,-81799856
21:20:49.440,0,-3.2,3,500,0,0,100000,327,-105428,34533156,869,89177,-81799304
21:20:49.445,0,-3.41,3,500,0,0,100000,425,-139416,34532248,520,95105,-81798856
21:20:49.450,0,-3.55,3,500,0,0,100000,374,-138577,34531580,297,104286,-81798296
21:20:49.455,0,-3.53,3,500,0,0,100000,440,-106134,34531092,688,97679,-81797832
21:20:49.461,0,-3.34,3,500,0,0,100000,481,-61367,34530972,1043,81323,-81797440
21:20:49.466,0,-3.09,3,500,0,0,100000,588,-34283,34530928,594,94224,-81796952
21:20:49.471,0,-2.92,3,500,0,0,100000,589,-35920,34530740,493,100186,-81796472
21:20:49.476,0,-2.96,3,500,0,0,100000,561,-74883,34530200,722,97093,-81796056
21:20:49.481,0,-3.21,3,500,0,0,100000,453,-122273,34529432,1249,70891,-81795832
21:20:49.486,0,-3.53,3,500,0,0,100000,428,-156142,34528456,483,92363,-81795160
21:20:49.491,0,-3.73,3,500,0,0,100000,416,-138491,34527860,-59,123199,-81794432
21:20:49.496,0,-3.69,3,500,0,0,100000,381,-95548,34527564,944,90134,-81794248
21:20:49.501,0,-3.41,3,500,0,0,100000,499,-42175,34527524,1295,62173,-81793896
21:20:49.506,0,-3.08,3,500,0,0,100000,595,-35853,34527404,376,98437,-81793224
21:20:49.511,0,-2.88,3,500,0,0,100000,587,-40258,34527208,141,118966,-81792672
21:20:49.516,0,-2.93,3,500,0,0,100000,487,-86838,34526544,844,97419,-81792384
21:20:49.521,0,-3.19,3,500,0,0,100000,477,-136386,34525700,1173,57155,-81792160
21:20:49.526,0,-3.49,3,500,0,0,100000,454,-154305,34524768,-74,124483,-81791208
21:20:49.531,0,-3.65,3,500,0,0,100000,393,-128121,34524252,-99,132023,-81790696
21:20:49.536,0,-3.56,3,500,0,0,100000,367,-83189,34523956,1358,58895,-81790656
21:20:49.542,0,-3.28,3,500,0,0,100000,612,-50695,34523872,218,105770,-81789904
21:20:49.547,0,-2.98,3,500,0,0,100000,626,-34537,34523768,330,118143,-81789408
21:20:49.552,0,-2.81,3,500,0,0,100000,485,-53848,34523436,1454,68587,-81789272
21:20:49.557,0,-2.88,3,500,0,0,100000,518,-94567,34522792,1437,56415,-81788832
21:20:49.562,0,-3.13,3,500,0,0,100000,513,-124443,34522008,94,117299,-81788024
21:20:49.567,0,-3.41,3,500,0,0,100000,421,-128030,34521380,246,112810,-81787592
21:20:49.572,0,-3.57,3,500,0,0,100000,397,-120813,34520804,1149,70246,-81787416
21:20:49.577,0,-3.54,3,500,0,0,100000,515,-97473,34520376,512,88650,-81786752
21:20:49.582,0,-3.35,3,500,0,0,100000,533,-72749,34520144,4,121030,-81786048
21:20:49.587,0,-3.14,3,500,0,0,100000,479,-67711,34519828,1170,83844,-81785920
21:20:49.592,0,-3.02,3,500,0,0,100000,527,-85561,34519304,1455,60532,-81785552
21:20:49.597,0,-3.05,3,500,0,0,100000,519,-105637,34518728,705,81946,-81784880
21:20:49.602,0,-3.18,3,500,0,0,100000,517,-115014,34518056,36,121016,-81784280
21:20:49.607,0,-3.33,3,500,0,0,100000,402,-111298,34517544,959,88767,-81784000
21:20:49.612,0,-3.41,3,500,0,0,100000,475,-103861,34517004,1234,60606,-81783632
21:20:49.617,0,-3.37,3,500,0,0,100000,550,-82775,34516716,27,120947,-81782856
21:20:49.622,0,-3.25,3,500,0,0,100000,512,-61668,34516452,657,102960,-81782512
21:20:49.628,0,-3.15,3,500,0,0,100000,467,-68208,34516116,1101,72525,-81782232
21:20:49.633,0,-3.13,3,500,0,0,100000,603,-85769,34515596,1061,74189,-81781712
21:20:49.638,0,-3.22,3,500,0,0,100000,545,-110065,34514896,139,110343,-81781088
21:20:49.643,0,-3.37,3,500,0,0,100000,452,-115350,34514316,440,106934,-81780640
21:20:49.648,0,-3.49,3,500,0,0,100000,421,-111885,34513796,1025,73321,-81780400
21:20:49.653,0,-3.51,3,500,0,0,100000,527,-94075,34513424,613,84508,-81779784
21:20:49.658,0,-3.43,3,500,0,0,100000,596,-70868,34513128,-31,123464,-81779024
21:20:49.663,0,-3.28,3,500,0,0,100000,467,-65317,34512828,923,79798,-81779000
21:20:49.668,0,-3.16,3,500,0,0,100000,543,-72162,34512392,1465,61226,-81778608
21:20:49.673,0,-3.15,3,500,0,0,100000,561,-99439,34511828,961,73361,-81778032
21:20:49.678,0,-3.24,3,500,0,0,100000,513,-118204,34511196,-97,133110,-81777248
21:20:49.683,0,-3.36,3,500,0,0,100000,396,-120692,34510504,717,92130,-81777040
21:20:49.688,0,-3.44,3,500,0,0,100000,421,-106687,34510060,1278,62332,-81776672
21:20:49.694,0,-3.41,3,500,0,0,100000,547,-68113,34509856,352,93317,-81775928
21:20:49.699,0,-3.28,3,500,0,0,100000,697,-45176,34509708,468,107315,-81775512
21:20:49.704,0,-3.14,3,500,0,0,100000,423,-51433,34509444,1495,66952,-81775328
21:20:49.709,0,-3.1,3,500,0,0,100000,529,-85961,34508856,1481,50986,-81774904
21:20:49.714,0,-3.2,3,500,0,0,100000,574,-115799,34508212,103,116027,-81774096
21:20:49.719,0,-3.4,3,500,0,0,100000,431,-135738,34507460,87,123249,-81773584
21:20:49.724,0,-3.58,3,500,0,0,100000,359,-138536,34506612,1202,65741,-81773488
21:20:49.729,0,-3.63,3,500,0,0,100000,519,-103602,34506276,469,93178,-81772752
21:20:49.734,0,-3.5,3,500,0,0,100000,576,-56744,34506156,52,116560,-81772120
21:20:49.739,0,-3.28,3,500,0,0,100000,588,-39848,34506040,1200,77556,-81772032
21:20:49.744,0,-3.1,3,500,0,0,100000,539,-50791,34505764,1531,57381,-81771672
21:20:49.749,0,-3.08,3,500,0,0,100000,624,-95105,34505108,807,83926,-81771032
21:20:49.754,0,-3.26,3,500,0,0,100000,481,-135606,34504312,199,113586,-81770392
21:20:49.759,0,-3.55,3,500,0,0,100000,398,-160883,34503312,1050,84631,-81770192
21:20:49.764,0,-3.77,3,500,0,0,100000,410,-148614,34502676,900,81636,-81769664
21:20:49.769,0,-3.8,3,500,0,0,100000,530,-87718,34502408,288,100272,-81769008
21:20:49.775,0,-3.59,3,500,0,0,100000,567,-39118,34502392,391,107912,-81768496
21:20:49.780,0,-3.27,3,500,0,0,100000,554,-27748,34502308,1069,83980,-81768192
21:20:49.785,0,-3.03,3,500,0,0,100000,531,-54888,34501924,1224,69843,-81767896
21:20:49.790,0,-3.02,3,500,0,0,100000,602,-99073,34501292,904,82046,-81767352
21:20:49.795,0,-3.27,3,500,0,0,100000,430,-146642,34500404,314,109817,-81766808
21:20:49.800,0,-3.64,3,500,0,0,100000,414,-174021,34499456,1160,80436,-81766584
21:20:49.805,0,-3.94,3,500,0,0,100000,402,-165833,34498700,565,85344,-81765976
21:20:49.810,0,-3.98,3,500,0,0,100000,444,-101207,34498344,56,120373,-81765232
21:20:49.815,0,-3.73,3,500,0,0,100000,569,-49949,34498324,463,103782,-81764872
21:20:49.820,0,-2.95,3,500,0,0,100000,552,-21541,34498316,1356,67478,-81764704
21:20:49.825,0,-2.81,3,500,0,0,100000,592,-30313,34498148,1055,77725,-81764184
21:20:49.830,0,-2.98,3,500,0,0,100000,575,-53331,34497820,713,94330,-81763656
21:20:49.835,0,-3.35,3,500,0,0,100000,464,-114365,34496972,1066,85354,-81763360
21:20:49.840,0,-3.73,3,500,0,0,100000,397,-159537,34495924,1153,75714,-81762912
21:20:49.845,0,-3.93,3,500,0,0,100000,413,-153040,34495220,430,93305,-81762248
21:20:49.851,0,-3.83,3,500,0,0,100000,462,-117892,34494792,34,117207,-81761688
21:20:49.856,0,-3.5,3,500,0,0,100000,499,-60284,34494664,697,91509,-81761352
21:20:49.861,0,-3.11,3,500,0,0,100000,564,-33498,34494616,1116,74238,-81761040
21:20:49.866,0,-2.87,3,500,0,0,100000,600,-36783,34494440,741,85274,-81760480
21:20:49.871,0,-2.88,3,500,0,0,100000,560,-55585,34494084,437,103343,-81759920
21:20:49.876,0,-3.13,3,500,0,0,100000,501,-90299,34493508,746,95120,-81759616
21:20:49.881,0,-3.47,3,500,0,0,100000,472,-130303,34492728,1044,79545,-81759224
21:20:49.886,0,-3.71,3,500,0,0,100000,431,-148744,34491824,795,78429,-81758688
21:20:49.891,0,-3.74,3,500,0,0,100000,426,-127873,34491308,233,104120,-81757984
21:20:49.896,0,-3.54,3,500,0,0,100000,486,-80999,34491028,550,102966,-81757640
21:20:49.901,0,-3.22,3,500,0,0,100000,473,-53124,34490900,1250,74078,-81757320
21:20:49.906,0,-2.97,3,500,0,0,100000,579,-45425,34490712,1163,70284,-81756856
21:20:49.911,0,-2.9,3,500,0,0,100000,810,-68793,34490276,534,99050,-81756312
21:20:49.916,0,-3.05,3,500,0,0,100000,488,-93016,34489744,885,89541,-81755928
21:20:49.921,0,-3.31,3,500,0,0,100000,417,-121769,34488960,1026,78428,-81755480
21:20:49.926,0,-3.53,3,500,0,0,100000,499,-132179,34488300,272,103078,-81754896
21:20:49.931,0,-3.6,3,500,0,0,100000,437,-114540,34487816,86,116243,-81754312
21:20:49.936,0,-3.48,3,500,0,0,100000,445,-91695,34487364,779,93500,-81753968
21:20:49.942,0,-3.26,3,500,0,0,100000,503,-71179,34487116,1028,74982,-81753632
21:20:49.947,0,-3.05,3,500,0,0,100000,568,-57663,34486920,531,96865,-81753008
21:20:49.952,0,-2.98,3,500,0,0,100000,675,-78705,34486416,555,100983,-81752536
21:20:49.957,0,-3.07,3,500,0,0,100000,507,-100524,34485848,878,83845,-81752256
21:20:49.962,0,-3.26,3,500,0,0,100000,475,-120908,34485104,853,85491,-81751752
21:20:49.967,0,-3.43,3,500,0,0,100000,472,-117919,34484568,404,100570,-81751144
21:20:49.972,0,-3.47,3,500,0,0,100000,513,-105133,34484040,398,104208,-81750720
21:20:49.977,0,-3.38,3,500,0,0,100000,459,-80442,34483768,853,83635,-81750392
21:20:49.982,0,-3.2,3,500,0,0,100000,403,-64206,34483496,1013,77765,-81749928
21:20:49.987,0,-3.05,3,500,0,0,100000,542,-65650,34483192,576,96271,-81749440
21:20:49.992,0,-3.01,3,500,0,0,100000,557,-83681,34482672,671,100161,-81748936
21:20:49.997,0,-3.1,3,500,0,0,100000,449,-101245,34482112,690,94327,-81748488
21:20:50.002,0,-3.26,3,500,0,0,100000,444,-108362,34481460,889,81114,-81748152
21:20:50.007,0,-3.37,3,500,0,0,100000,490,-104242,34480984,512,92955,-81747544
21:20:50.012,0,-3.38,3,500,0,0,100000,504,-85529,34480664,238,109490,-81746944
21:20:50.017,0,-3.29,3,500,0,0,100000,506,-66061,34480360,945,90450,-81746680
21:20:50.022,0,-3.16,3,500,0,0,100000,553,-65552,34480052,1367,72167,-81746312
21:20:50.028,0,-3.09,3,500,0,0,100000,581,-79469,34479640,1199,71586,-81745824
21:20:50.033,0,-3.12,3,500,0,0,100000,510,-102673,34479000,343,108585,-81745184
21:20:50.038,0,-3.23,3,500,0,0,100000,423,-114510,34478400,200,115823,-81744672
21:20:50.043,0,-3.35,3,500,0,0,100000,412,-114795,34477760,777,89594,-81744352
21:20:50.048,0,-3.38,3,500,0,0,100000,498,-97145,34477384,772,83488,-81743928
21:20:50.053,0,-3.3,3,500,0,0,100000,579,-63946,34477172,180,111035,-81743256
21:20:50.058,0,-3.17,3,500,0,0,100000,501,-50009,34476996,356,110541,-81742808
21:20:50.058,1,-3.17,3,500,0,0,-100000,,,,,,
21:20:50.063,0,-3.08,3,500,0,0,-100000,517,-67586,34476564,1278,66334,-81742696
21:20:50.068,0,-3.1,3,500,0,0,-100000,448,-93620,34476032,1138,70686,-81742152
21:20:50.073,0,-3.24,3,500,0,0,-100000,535,-122218,34475252,407,99467,-81741480
21:20:50.078,0,-3.42,3,500,0,0,-100000,373,-127669,34474608,-731,-19143,-81741936
21:20:50.083,0,-3.49,3,500,0,0,-100000,273,-31648,34474728,735,-174300,-81743808
21:20:50.088,0,-3.28,3,500,0,0,-100000,481,88496,34475632,-928,-34652,-81743256
21:20:50.093,0,-2.83,3,500,0,0,-100000,565,224960,34477364,614,-94301,-81744280
21:20:50.099,0,-2.26,3,500,0,0,-100000,737,257613,34478708,1564,-165825,-81745240
21:20:50.104,0,-1.83,3,500,0,0,-100000,762,227011,34479708,199,-87755,-81745264
21:20:50.109,0,-1.83,3,500,0,0,-100000,479,102821,34479828,594,-95907,-81745920
21:20:50.114,0,-2.22,3,500,0,0,-100000,329,15159,34479556,977,-121898,-81746624
21:20:50.119,0,-2.8,3,500,0,0,-100000,318,2591,34479500,91,-91703,-81746888
21:20:50.124,0,-3.23,3,500,0,0,-100000,360,36848,34479796,73,-81725,-81747296
21:20:50.129,0,-3.25,3,500,0,0,-100000,451,88646,34480460,681,-117713,-81748000
21:20:50.134,0,-2.9,3,500,0,0,-100000,589,131313,34481272,273,-100977,-81748416
21:20:50.139,0,-2.41,3,500,0,0,-100000,599,140434,34481980,176,-88426,-81748800
21:20:50.144,0,-2.05,3,500,0,0,-100000,560,108845,34482484,770,-113774,-81749520
21:20:50.149,0,-1.97,3,500,0,0,-100000,539,76792,34482732,158,-92320,-81749792
21:20:50.154,0,-2.12,3,500,0,0,-100000,454,63635,34482960,18,-77546,-81750224
21:20:50.159,0,-2.34,3,500,0,0,-100000,426,68586,34483332,626,-107871,-81750928
21:20:50.164,0,-2.47,3,500,0,0,-100000,467,101162,34484004,415,-104581,-81751384
21:20:50.169,0,-2.43,3,500,0,0,-100000,572,126234,34484692,87,-85539,-81751712
21:20:50.174,0,-2.28,3,500,0,0,-100000,534,128051,34485416,788,-107665,-81752384
21:20:50.179,0,-2.15,3,500,0,0,-100000,504,96154,34485752,731,-112408,-81752920
21:20:50.184,0,-2.13,3,500,0,0,-100000,497,73630,34486008,-21,-79548,-81753136
21:20:50.190,0,-2.2,3,500,0,0,-100000,450,68853,34486352,396,-98051,-81753784
21:20:50.195,0,-2.31,3,500,0,0,-100000,471,79426,34486760,414,-102986,-81754304
21:20:50.200,0,-2.34,3,500,0,0,-100000,469,114278,34487516,21,-81210,-81754584
21:20:50.205,0,-2.25,3,500,0,0,-100000,521,139292,34488288,521,-101595,-81755272
21:20:50.210,0,-2.12,3,500,0,0,-100000,635,131613,34488888,617,-110582,-81755736
21:20:50.215,0,-2.03,3,500,0,0,-100000,657,101880,34489368,53,-82100,-81756112
21:20:50.220,0,-2.06,3,500,0,0,-100000,502,77535,34489612,139,-82280,-81756672
21:20:50.225,0,-2.2,3,500,0,0,-100000,508,54225,34489800,804,-117735,-81757376
21:20:50.230,0,-2.35,3,500,0,0,-100000,501,62382,34490116,-88,-69951,-81757456
21:20:50.235,0,-2.41,3,500,0,0,-100000,419,99877,34490768,360,-95945,-81758160
21:20:50.240,0,-2.33,3,500,0,0,-100000,527,127557,34491468,643,-119142,-81758800
21:20:50.245,0,-2.01,3,500,0,0,-100000,637,147676,34492400,52,-83895,-81759008
21:20:50.250,0,-2.0,3,500,0,0,-100000,581,125079,34492904,389,-86340,-81759600
21:20:50.255,0,-2.14,3,500,0,0,-100000,439,62041,34493068,501,-97947,-81760312
21:20:50.260,0,-2.33,3,500,0,0,-100000,433,33943,34493100,214,-102034,-81760696
21:20:50.265,0,-2.46,3,500,0,0,-100000,423,47888,34493376,-147,-66529,-81760992
21:20:50.271,0,-2.42,3,500,0,0,-100000,410,87539,34493984,829,-115410,-81761736
21:20:50.276,0,-2.21,3,500,0,0,-100000,533,116088,34494572,-55,-85513,-81761928
21:20:50.281,0,-1.99,3,500,0,0,-100000,515,155966,34495472,102,-82740,-81762504
21:20:50.286,0,-1.88,3,500,0,0,-100000,559,151971,34496296,858,-115970,-81763272
21:20:50.291,0,-1.96,3,500,0,0,-100000,642,110313,34496660,460,-105388,-81763608
21:20:50.296,0,-2.21,3,500,0,0,-100000,468,59519,34496800,-95,-72691,-81763944
21:20:50.301,0,-2.46,3,500,0,0,-100000,440,44434,34496956,439,-96806,-81764648
21:20:50.306,0,-2.58,3,500,0,0,-100000,396,54161,34497236,153,-98179,-81764992
21:20:50.311,0,-2.5,3,500,0,0,-100000,499,93331,34497888,-66,-73555,-81765376
21:20:50.316,0,-2.27,3,500,0,0,-100000,478,127657,34498616,820,-114017,-81766160
21:20:50.321,0,-2.04,3,500,0,0,-100000,597,141770,34499368,198,-91941,-81766400
21:20:50.326,0,-1.95,3,500,0,0,-100000,610,131172,34500088,140,-85427,-81766936
21:20:50.331,0,-2.04,3,500,0,0,-100000,522,103033,34500452,682,-102773,-81767616
21:20:50.336,0,-2.24,3,500,0,0,-100000,464,65161,34500684,369,-106733,-81768040
21:20:50.341,0,-2.42,3,500,0,0,-100000,510,61878,34500964,-113,-72770,-81768360
21:20:50.346,0,-2.48,3,500,0,0,-100000,385,78062,34501384,394,-102720,-81769072
21:20:50.352,0,-2.36,3,500,0,0,-100000,489,111397,34502140,165,-91181,-81769384
21:20:50.357,0,-2.18,3,500,0,0,-100000,506,140059,34502920,167,-87903,-81769904
21:20:50.362,0,-2.03,3,500,0,0,-100000,528,140713,34503692,966,-115217,-81770616
21:20:50.367,0,-2.02,3,500,0,0,-100000,618,117452,34504152,257,-96325,-81770912
21:20:50.372,0,-2.16,3,500,0,0,-100000,520,90945,34504552,-13,-77997,-81771344
21:20:50.377,0,-2.34,3,500,0,0,-100000,419,74414,34504812,547,-107171,-81772056
21:20:50.382,0,-2.47,3,500,0,0,-100000,512,70760,34505196,291,-100104,-81772480
21:20:50.387,0,-2.47,3,500,0,0,-100000,394,90099,34505688,34,-79361,-81772776
21:20:50.392,0,-2.35,3,500,0,0,-100000,466,111182,34506296,615,-112956,-81773504
21:20:50.397,0,-2.17,3,500,0,0,-100000,554,125782,34507080,374,-103820,-81773936
21:20:50.403,0,-2.07,3,500,0,0,-100000,536,122656,34507656,209,-86822,-81774320
21:20:50.408,0,-2.08,3,500,0,0,-100000,447,107220,34508184,900,-108916,-81775016
21:20:50.413,0,-2.18,3,500,0,0,-100000,501,85470,34508504,301,-104189,-81775368
21:20:50.418,0,-2.31,3,500,0,0,-100000,496,80755,34508868,-35,-71955,-81775720
21:20:50.423,0,-2.38,3,500,0,0,-100000,406,92574,34509408,530,-100135,-81776448
21:20:50.428,0,-2.37,3,500,0,0,-100000,546,98175,34509892,784,-122989,-81777064
21:20:50.433,0,-2.3,3,500,0,0,-100000,613,110417,34510564,-56,-74722,-81777192
21:20:50.438,0,-2.23,3,500,0,0,-100000,504,102723,34511076,584,-100385,-81777920
21:20:50.443,0,-2.21,3,500,0,0,-100000,479,87856,34511420,879,-121675,-81778552
21:20:50.448,0,-2.25,3,500,0,0,-100000,574,82992,34511812,-109,-72092,-81778648
21:20:50.453,0,-2.31,3,500,0,0,-100000,461,87310,34512288,260,-86885,-81779296
21:20:50.458,0,-2.32,3,500,0,0,-100000,433,88218,34512696,849,-128403,-81780064
21:20:50.463,0,-2.29,3,500,0,0,-100000,551,104146,34513268,-86,-72447,-81780120
21:20:50.468,0,-2.23,3,500,0,0,-100000,502,116935,34513956,245,-87045,-81780792
21:20:50.474,0,-2.17,3,500,0,0,-100000,514,101836,34514368,971,-121183,-81781536
21:20:50.479,0,-2.17,3,500,0,0,-100000,534,86860,34514812,48,-88460,-81781712
21:20:50.484,0,-2.22,3,500,0,0,-100000,486,79644,34515160,22,-76214,-81782208
21:20:50.489,0,-2.26,3,500,0,0,-100000,424,83413,34515548,764,-111934,-81782960
21:20:50.494,0,-2.28,3,500,0,0,-100000,516,105318,34516212,129,-91354,-81783200
21:20:50.499,0,-2.25,3,500,0,0,-100000,468,132350,34517028,-10,-75933,-81783680
21:20:50.504,0,-2.18,3,500,0,0,-100000,519,125351,34517572,779,-116183,-81784480
21:20:50.504,0,-2.18,3,500,0,0,-100000,551,97506,34518040,250,-96137,-81784744
21:20:50.509,0,-2.17,3,500,0,0,-100000,527,75847,34518308,-115,-71465,-81785120
21:20:50.514,0,-2.24,3,500,0,0,-100000,363,59444,34518504,555,-103498,-81785848
21:20:50.519,0,-2.33,3,500,0,0,-100000,518,71938,34518944,285,-103802,-81786288
21:20:50.524,0,-2.41,3,500,0,0,-100000,464,106684,34519592,31,-82596,-81786624
21:20:50.529,0,-2.39,3,500,0,0,-100000,449,143179,34520516,639,-110595,-81787328
21:20:50.534,0,-2.25,3,500,0,0,-100000,598,144349,34521216,408,-100873,-81787688
21:20:50.539,0,-2.09,3,500,0,0,-100000,593,123630,34521736,63,-83110,-81788152
21:20:50.544,0,-2.01,3,500,0,0,-100000,478,87473,34522072,363,-92382,-81788776
21:20:50.550,0,-2.06,3,500,0,0,-100000,432,63345,34522252,488,-113869,-81789296
21:20:50.555,0,-2.24,3,500,0,0,-100000,462,66731,34522632,-61,-77420,-81789576
21:20:50.560,0,-2.42,3,500,0,0,-100000,389,86046,34523096,386,-94480,-81790240
21:20:50.565,0,-2.49,3,500,0,0,-100000,467,117065,34523844,762,-120872,-81790880
21:20:50.570,0,-2.41,3,500,0,0,-100000,632,139349,34524596,-62,-73572,-81791008
21:20:50.575,0,-2.25,3,500,0,0,-100000,558,125887,34525248,632,-96027,-81791728
21:20:50.580,0,-2.1,3,500,0,0,-100000,414,86893,34525492,1240,-131514,-81792480
21:20:50.590,0,-2.19,3,500,0,0,-100000,520,46679,34525624,148,-96276,-81792704
21:20:50.595,0,-2.36,3,500,0,0,-100000,409,51507,34525876,-16,-70713,-81793056
21:20:50.600,0,-2.47,3,500,0,0,-100000,369,62843,34526228,1015,-136445,-81793968
21:20:50.605,0,-2.43,3,500,0,0,-100000,560,95224,34526828,146,-100392,-81794192
21:20:50.610,0,-2.02,3,500,0,0,-100000,455,133735,34527600,25,-72987,-81794536
21:20:50.615,0,-1.9,3,500,0,0,-100000,536,151787,34528512,1469,-138799,-81795480
21:20:50.615,0,-1.9,3,500,0,0,-100000,654,123828,34529008,163,-92760,-81795592
21:20:50.620,0,-1.94,3,500,0,0,-100000,553,91378,34529296,-164,-63973,-81796000
21:20:50.625,0,-2.12,3,500,0,0,-100000,346,51960,34529396,1300,-137100,-81796896
21:20:50.630,0,-2.36,4,500,0,0,-100000,506,42791,34529556,53,-91364,-81797040
21:20:50.635,0,-2.5,4,500,0,0,-100000,480,76321,34530080,-286,-57099,-81797416
21:20:50.641,0,-2.45,4,500,0,0,-100000,400,109140,34530776,785,-116930,-81798328
21:20:50.646,0,-2.28,4,500,0,0,-100000,577,133051,34531512,77,-91331,-81798512
21:20:50.651,0,-2.07,4,500,0,0,-100000,501,148906,34532284,-75,-69615,-81798952
21:20:50.656,0,-1.95,4,500,0,0,-100000,502,123160,34532872,1043,-115846,-81799840
21:20:50.661,0,-2.01,4,500,0,0,-100000,547,84845,34533128,414,-106212,-81800152
21:20:50.666,0,-2.18,4,500,0,0,-100000,496,65064,34533360,-118,-69541,-81800472
21:20:50.671,0,-2.36,4,500,0,0,-100000,372,61230,34533664,479,-98659,-81801200
21:20:50.676,0,-2.46,4,500,0,0,-100000,474,76933,34534088,106,-94460,-81801536
21:20:50.681,0,-2.39,4,500,0,0,-100000,505,121156,34534932,-30,-76391,-81801968
21:20:50.686,0,-2.21,4,500,0,0,-100000,509,142861,34535672,883,-121638,-81802688
21:20:50.691,0,-2.03,4,500,0,0,-100000,480,147193,34536516,345,-101359,-81803080
21:20:50.696,0,-1.94,4,500,0,0,-100000,646,123699,34537012,-13,-78008,-81803488
21:20:50.701,0,-2.02,4,500,0,0,-100000,449,82999,34537292,565,-97395,-81804184
21:20:50.706,0,-2.22,4,500,0,0,-100000,469,54872,34537424,296,-103432,-81804576
21:20:50.711,0,-2.41,4,500,0,0,-100000,474,62864,34537796,-105,-70412,-81804904
21:20:50.716,0,-2.5,4,500,0,0,-100000,420,83661,34538260,622,-111248,-81805672
21:20:50.721,0,-2.42,4,500,0,0,-100000,480,114882,34538932,71,-88529,-81805904
21:20:50.726,0,-2.22,4,500,0,0,-100000,559,137316,34539788,95,-81251,-81806416
21:20:50.737,0,-1.93,4,500,0,0,-100000,504,127162,34540460,492,-98589,-81807184
21:20:50.742,0,-1.98,4,500,0,0,-100000,533,94811,34540888,689,-114094,-81807688
21:20:50.747,0,-2.15,4,500,0,0,-100000,545,64020,34541076,66,-83972,-81808024
21:20:50.752,0,-2.32,4,500,0,0,-100000,417,53409,34541268,600,-98449,-81808584
21:20:50.752,0,-2.32,4,500,0,0,-100000,450,58717,34541560,192,-97288,-81808912
21:20:50.757,0,-2.36,4,500,0,0,-100000,494,97181,34542168,-115,-68768,-81809272
21:20:50.762,0,-2.25,4,500,0,0,-100000,364,133421,34543024,803,-115452,-81810112
21:20:50.767,0,-2.07,4,500,0,0,-100000,635,138570,34543696,225,-96159,-81810360
21:20:50.772,0,-1.9,4,500,0,0,-100000,594,122762,34544336,-82,-73970,-81810800
21:20:50.777,0,-1.88,4,500,0,0,-100000,471,89997,34544616,855,-103992,-81811552
21:20:50.782,0,-2.01,4,500,0,0,-100000,457,52154,34544756,673,-122808,-81812136
21:20:50.787,0,-2.22,4,500,0,0,-100000,471,47333,34544968,-278,-58230,-81812160
21:20:50.792,0,-2.39,4,500,0,0,-100000,319,64596,34545316,542,-101838,-81812976
21:20:50.797,0,-2.42,4,500,0,0,-100000,570,95757,34545968,178,-101288,-81813320
21:20:50.802,0,-2.28,4,500,0,0,-100000,548,128683,34546724,-14,-75707,-81813728
21:20:50.807,0,-2.07,4,500,0,0,-100000,530,133809,34547376,473,-100008,-81814456
21:20:50.812,0,-1.91,4,500,0,0,-100000,543,104915,34547880,623,-112230,-81814936
21:20:50.818,0,-1.87,4,500,0,0,-100000,504,83647,34548196,34,-77721,-81815240
21:20:50.823,0,-1.98,4,500,0,0,-100000,422,79798,34548604,367,-94021,-81815896
21:20:50.828,0,-2.16,4,500,0,0,-100000,468,82967,34548996,449,-105802,-81816352
21:20:50.833,0,-2.28,4,500,0,0,-100000,521,104984,34549660,-4,-77392,-81816688
21:20:50.838,0,-2.3,4,500,0,0,-100000,487,117917,34550248,567,-100010,-81817376
21:20:50.843,0,-2.24,4,500,0,0,-100000,538,109689,34550840,688,-116140,-81817976
21:20:50.848,0,-2.15,4,500,0,0,-100000,576,92296,34551216,25,-80061,-81818168
21:20:50.853,0,-2.1,4,500,0,0,-100000,470,74493,34551484,370,-95859,-81818800
21:20:50.858,0,-2.13,4,500,0,0,-100000,224,71417,34551868,409,-106615,-81819344
21:20:50.863,0,-2.16,4,500,0,0,-100000,527,92363,34552388,-18,-77685,-81819600
21:20:50.868,0,-2.17,4,500,0,0,-100000,444,123156,34553088,678,-107756,-81820328
21:20:50.873,0,-2.11,4,500,0,0,-100000,576,138340,34553936,276,-102178,-81820696
21:20:50.879,0,-2.01,3,500,0,0,-100000,543,128254,34554524,25,-80094,-81821104
21:20:50.884,0,-1.96,3,500,0,0,-100000,478,92703,34554904,552,-99595,-81821792
21:20:50.889,0,-1.99,3,500,0,0,-100000,466,63937,34555080,276,-98762,-81822152
21:20:50.894,0,-2.1,3,500,0,0,-100000,463,57821,34555364,-61,-75039,-81822528
21:20:50.899,0,-2.24,3,500,0,0,-100000,396,64499,34555672,508,-110141,-81823256
21:20:50.904,0,-2.29,3,500,0,0,-100000,442,103702,34556368,201,-94551,-81823624
21:20:50.909,0,-2.2,3,500,0,0,-100000,560,144949,34557200,162,-85376,-81824032
21:20:50.914,0,-2.04,3,500,0,0,-100000,526,145064,34558020,825,-120198,-81824776
21:20:50.919,0,-1.89,3,500,0,0,-100000,582,117039,34558484,483,-105554,-81825192
21:20:50.924,0,-1.84,3,500,0,0,-100000,505,73636,34558652,49,-77194,-81825472
21:20:50.929,0,-1.95,3,500,0,0,-100000,339,43238,34558756,664,-104609,-81826184
21:20:50.935,0,-2.14,3,500,0,0,-100000,444,41132,34558932,249,-106852,-81826640
21:20:50.940,0,-2.29,3,500,0,0,-100000,468,72018,34559388,-56,-73453,-81826880
21:20:50.945,0,-2.32,3,500,0,0,-100000,421,115103,34560172,778,-117332,-81827672
21:20:50.950,0,-2.17,3,500,0,0,-100000,552,149936,34561028,538,-112967,-81828152
21:20:50.955,0,-1.94,3,500,0,0,-100000,647,148549,34561876,6,-77247,-81828384
21:20:50.960,0,-1.78,3,500,0,0,-100000,484,111438,34562232,610,-102362,-81829112
21:20:50.965,0,-1.77,3,500,0,0,-100000,536,67996,34562436,777,-120944,-81829736
21:20:50.970,0,-1.95,3,500,0,0,-100000,500,51615,34562612,-99,-72046,-81829816
21:20:50.975,0,-2.2,3,500,0,0,-100000,407,61139,34562964,448,-96667,-81830520
21:20:50.980,0,-2.38,3,500,0,0,-100000,468,74205,34563348,462,-109855,-81831048
21:20:50.985,0,-2.25,3,500,0,0,-100000,530,116243,34564152,-1,-80060,-81831376
21:20:50.990,0,-2.03,3,500,0,0,-100000,470,142748,34564932,751,-113616,-81832032
21:20:50.995,0,-1.86,3,500,0,0,-100000,589,132610,34565672,704,-113985,-81832560
21:20:51.000,0,-1.86,3,500,0,0,-100000,612,97442,34566016,140,-85849,-81832912
21:20:51.005,0,-2.0,3,500,0,0,-100000,399,63299,34566156,285,-92180,-81833432
21:20:51.011,0,-2.18,3,500,0,0,-100000,417,38823,34566256,430,-106809,-81833992
21:20:51.016,0,-2.3,3,500,0,0,-100000,460,60962,34566632,-78,-71711,-81834192
21:20:51.021,0,-2.25,3,500,0,0,-100000,410,108380,34567384,538,-109692,-81834936
21:20:51.026,0,-2.04,3,500,0,0,-100000,572,147176,34568244,252,-99384,-81835336
21:20:51.031,0,-1.81,3,500,0,0,-100000,638,173797,34569332,167,-88761,-81835848
21:20:51.036,0,-1.69,3,500,0,0,-100000,598,141099,34569844,938,-118210,-81836488
21:20:51.041,0,-1.78,3,500,0,0,-100000,529,79363,34570060,486,-105726,-81836920
21:20:51.046,0,-2.04,3,500,0,0,-100000,469,47914,34570152,-77,-74718,-81837248
21:20:51.051,0,-2.3,3,500,0,0,-100000,369,42857,34570340,560,-110993,-81837880
21:20:51.056,0,-2.44,3,500,0,0,-100000,445,65458,34570732,-2,-79416,-81838144
21:20:51.061,0,-2.34,3,500,0,0,-100000,442,111063,34571428,136,-88707,-81838744
21:20:51.066,0,-2.08,3,500,0,0,-100000,548,151031,34572436,571,-111413,-81839288
21:20:51.071,0,-1.82,3,500,0,0,-100000,622,159597,34573284,137,-88579,-81839680
21:20:51.076,0,-1.71,3,500,0,0,-100000,604,128010,34573900,173,-83134,-81840248
21:20:51.081,0,-1.81,3,500,0,0,-100000,470,78442,34574056,963,-118671,-81840920
21:20:51.086,0,-2.09,3,500,0,0,-100000,463,37975,34574076,122,-93119,-81841224
21:20:51.092,0,-2.35,3,500,0,0,-100000,326,45327,34574336,-143,-68849,-81841600
21:20:51.097,0,-2.45,3,500,0,0,-100000,259,74892,34574784,508,-118931,-81842320
21:20:51.102,0,-2.36,3,500,0,0,-100000,527,120301,34575548,15,-83421,-81842600
21:20:51.107,0,-2.12,3,500,0,0,-100000,543,146211,34576440,481,-99616,-81843184
21:20:51.112,0,-1.89,3,500,0,0,-100000,547,138914,34577060,860,-122904,-81843848
21:20:51.117,0,-1.82,4,500,0,0,-100000,587,97939,34577496,384,-105180,-81844256
21:20:51.122,0,-1.95,4,500,0,0,-100000,526,67162,34577692,-95,-67609,-81844544
21:20:51.127,0,-2.2,4,500,0,0,-100000,387,45736,34577796,891,-121116,-81845336
21:20:51.132,0,-2.43,4,500,0,0,-100000,294,54504,34578132,278,-105483,-81845688
21:20:51.137,0,-2.48,4,500,0,0,-100000,562,86225,34578672,-158,-70248,-81845936
21:20:51.142,0,-2.34,4,500,0,0,-100000,425,119019,34579436,839,-119512,-81846768
21:20:51.147,0,-2.12,4,500,0,0,-100000,588,126824,34580080,448,-111288,-81847200
21:20:51.152,0,-1.92,4,500,0,0,-100000,576,125312,34580676,82,-76968,-81847464
21:20:51.157,0,-1.85,4,500,0,0,-100000,449,101519,34581132,781,-107945,-81848216
21:20:51.162,0,-1.96,4,500,0,0,-100000,466,86261,34581464,744,-118448,-81848768
21:20:51.167,0,-2.14,4,500,0,0,-100000,536,83722,34581912,-10,-77602,-81848960
21:20:51.173,0,-2.29,4,500,0,0,-100000,421,94207,34582372,560,-101826,-81849648
21:20:51.178,0,-2.35,4,500,0,0,-100000,518,99628,34582948,568,-113396,-81850192
21:20:51.183,0,-2.31,4,500,0,0,-100000,564,107147,34583488,56,-84013,-81850520
21:20:51.188,0,-2.22,4,500,0,0,-100000,471,97934,34583992,517,-98581,-81851080
21:20:51.193,0,-2.17,4,500,0,0,-100000,498,83837,34584328,540,-110138,-81851640
21:20:51.198,0,-2.17,4,500,0,0,-100000,511,86728,34584840,5,-77767,-81851864
21:20:51.203,0,-2.19,4,500,0,0,-100000,412,102547,34585364,353,-92732,-81852512
21:20:51.208,0,-2.2,4,500,0,0,-100000,490,113336,34585940,832,-119061,-81853184
21:20:51.213,0,-2.18,4,500,0,0,-100000,587,118856,34586648,54,-81733,-81853368
21:20:51.218,0,-2.14,4,500,0,0,-100000,541,103056,34587172,-10,-77568,-81854000
21:20:51.223,0,-2.14,4,500,0,0,-100000,484,75914,34587412,772,-118302,-81854696
21:20:51.228,0,-2.19,4,500,0,0,-100000,496,65615,34587740,106,-87585,-81854976
21:20:51.233,0,-2.26,4,500,0,0,-100000,413,77455,34588132,-18,-76132,-81855440
21:20:51.238,0,-2.31,4,500,0,0,-100000,439,86909,34588560,632,-118791,-81856112
21:20:51.243,0,-2.27,4,500,0,0,-100000,515,120282,34589352,-24,-77266,-81856280
21:20:51.248,0,-2.15,4,500,0,0,-100000,514,137414,34590060,585,-100777,-81856976
21:20:51.253,0,-2.05,4,500,0,0,-100000,592,118911,34590564,1093,-131400,-81857696
21:20:51.258,0,-2.03,4,500,0,0,-100000,602,82862,34590924,168,-96311,-81857976
21:20:51.264,0,-2.11,4,500,0,0,-100000,490,58621,34591096,135,-78712,-81858352
21:20:51.269,0,-2.29,4,500,0,0,-100000,371,41922,34591240,795,-117545,-81859096
21:20:51.274,0,-2.43,4,500,0,0,-100000,456,53633,34591540,-49,-76536,-81859208
21:20:51.279,0,-2.43,4,500,0,0,-100000,431,95649,34592148,248,-85535,-81859840
21:20:51.284,0,-2.3,4,500,0,0,-100000,471,137060,34593060,953,-127331,-81860592
21:20:51.289,0,-2.07,4,500,0,0,-100000,630,157892,34593928,19,-84780,-81860752
21:20:51.294,0,-1.87,4,500,0,0,-100000,665,137189,34594628,109,-80842,-81861320
21:20:51.299,0,-1.83,4,500,0,0,-100000,441,87496,34594812,929,-114042,-81862096
21:20:51.304,0,-1.99,4,500,0,0,-100000,412,39775,34594848,150,-94715,-81862344
21:20:51.309,0,-2.24,4,500,0,0,-100000,304,39991,34595028,-142,-65038,-81862680
21:20:51.314,0,-2.47,4,500,0,0,-100000,400,67289,34595456,622,-113889,-81863512
21:20:51.319,0,-2.53,4,500,0,0,-100000,540,104849,34596108,-1,-82096,-81863664
21:20:51.324,0,-2.37,4,500,0,0,-100000,541,153708,34597140,261,-88033,-81864272
21:20:51.330,0,-2.12,4,500,0,0,-100000,567,158523,34597904,971,-118363,-81865008
21:20:51.335,0,-1.92,4,500,0,0,-100000,609,123212,34598360,292,-95790,-81865288
21:20:51.340,0,-1.89,4,500,0,0,-100000,524,74837,34598596,45,-79553,-81865736
21:20:51.345,0,-2.07,4,500,0,0,-100000,389,50158,34598716,497,-97290,-81866408
21:20:51.350,0,-2.32,4,500,0,0,-100000,435,51897,34599004,130,-90668,-81866720
21:20:51.355,0,-2.49,4,500,0,0,-100000,443,86364,34599548,5,-75707,-81867184
21:20:51.360,0,-2.49,4,500,0,0,-100000,465,122959,34600264,687,-115042,-81867928
21:20:51.365,0,-2.3,4,500,0,0,-100000,567,156331,34601272,57,-85565,-81868136
21:20:51.370,0,-2.05,4,500,0,0,-100000,557,162399,34602052,392,-92668,-81868776
21:20:51.375,0,-1.89,4,500,0,0,-100000,528,120503,34602564,967,-121084,-81869512
21:20:51.380,0,-1.92,4,500,0,0,-100000,537,74902,34602724,503,-106333,-81869912
21:20:51.385,0,-2.12,4,500,0,0,-100000,484,50526,34602900,-64,-76375,-81870168
21:20:51.390,0,-2.55,4,500,0,0,-100000,380,50489,34603124,649,-111184,-81870888
21:20:51.395,0,-2.53,4,500,0,0,-100000,477,79235,34603668,97,-90887,-81871208
21:20:51.400,0,-2.34,4,500,0,0,-100000,464,125907,34604448,249,-91873,-81871680
21:20:51.405,0,-2.08,4,500,0,0,-100000,515,160010,34605464,925,-119499,-81872384
21:20:51.410,0,-1.9,4,500,0,0,-100000,654,150264,34606164,597,-111542,-81872848
21:20:51.416,0,-1.92,4,500,0,0,-100000,570,120345,34606628,103,-80931,-81873144
21:20:51.421,0,-2.11,4,500,0,0,-100000,454,65683,34606768,736,-104194,-81873856
21:20:51.426,0,-2.38,4,500,0,0,-100000,445,38902,34606836,182,-95163,-81874152
21:20:51.431,0,-2.56,4,500,0,0,-100000,441,50556,34607112,-146,-67670,-81874496
21:20:51.436,0,-2.55,4,500,0,0,-100000,423,92402,34607740,726,-117561,-81875328
21:20:51.441,0,-2.36,4,500,0,0,-100000,486,133993,34608632,383,-108052,-81875744
21:20:51.446,0,-2.12,4,500,0,0,-100000,603,154547,34609444,114,-78840,-81876040
21:20:51.451,0,-1.97,4,500,0,0,-100000,546,139296,34610168,1083,-122738,-81876880
21:20:51.456,0,-2.01,4,500,0,0,-100000,564,90216,34610404,826,-123554,-81877400
21:20:51.461,0,-2.23,4,500,0,0,-100000,477,58474,34610552,3,-77915,-81877624
21:20:51.466,0,-2.47,4,500,0,0,-100000,365,50477,34610776,515,-101944,-81878272
21:20:51.471,0,-2.6,4,500,0,0,-100000,461,65142,34611132,474,-113836,-81878816
21:20:51.476,0,-2.54,4,500,0,0,-100000,521,102312,34611764,-53,-73406,-81879000
21:20:51.481,0,-2.34,4,500,0,0,-100000,485,131055,34612604,820,-108403,-81879784
21:20:51.486,0,-2.12,4,500,0,0,-100000,584,132453,34613256,836,-123029,-81880384
21:20:51.491,0,-2.02,4,500,0,0,-100000,606,112520,34613824,-1,-83812,-81880584
21:20:51.496,0,-2.08,4,500,0,0,-100000,472,94472,34614180,325,-87195,-81881168
21:20:51.501,0,-2.25,4,500,0,0,-100000,410,67937,34614436,940,-123312,-81881912
21:20:51.507,0,-2.43,4,500,0,0,-100000,488,69883,34614764,-37,-76888,-81882008
21:20:51.512,0,-2.49,4,500,0,0,-100000,463,100877,34615416,231,-89824,-81882640
21:20:51.517,0,-2.42,4,500,0,0,-100000,515,116917,34616016,836,-117950,-81883312
21:20:51.522,0,-2.28,4,500,0,0,-100000,603,125678,34616780,311,-96166,-81883680
21:20:51.527,0,-2.15,4,500,0,0,-100000,543,120472,34617320,211,-87588,-81884104
21:20:51.532,0,-2.12,4,500,0,0,-100000,438,98923,34617700,811,-114453,-81884816
21:20:51.537,0,-2.2,4,500,0,0,-100000,507,85013,34618136,227,-93964,-81885096
21:20:51.542,0,-2.31,4,500,0,0,-100000,468,92919,34618596,19,-79676,-81885544
21:20:51.547,0,-2.38,4,500,0,0,-100000,438,99565,34619156,679,-102634,-81886232
21:20:51.552,0,-2.38,4,500,0,0,-100000,527,105255,34619688,641,-113635,-81886792
21:20:51.557,0,-2.31,4,500,0,0,-100000,563,107837,34620320,-19,-78398,-81887016
21:20:51.562,0,-2.23,4,500,0,0,-100000,451,107444,34620804,259,-92027,-81887656
21:20:51.567,0,-2.2,4,500,0,0,-100000,465,90647,34621224,771,-120972,-81888344
21:20:51.572,0,-2.22,4,500,0,0,-100000,494,91919,34621660,-36,-76137,-81888456
21:20:51.577,0,-2.26,4,500,0,0,-100000,437,106382,34622192,341,-89438,-81889104
21:20:51.582,0,-2.28,4,500,0,0,-100000,514,106573,34622780,915,-124118,-81889824
21:20:51.587,0,-2.29,4,500,0,0,-100000,639,102594,34623284,29,-79455,-81889936
21:20:51.592,0,-2.28,4,500,0,0,-100000,522,92253,34623740,197,-84727,-81890560
21:20:51.598,0,-2.3,4,500,0,0,-100000,459,76301,34624020,1043,-126866,-81891360
21:20:51.603,0,-2.33,4,500,0,0,-100000,589,72442,34624364,-57,-78364,-81891416
21:20:51.608,0,-2.33,4,500,0,0,-100000,458,88053,34624888,12,-74354,-81891968
21:20:51.613,0,-2.29,4,500,0,0,-100000,426,102399,34625428,856,-124627,-81892688
21:20:51.618,0,-2.22,4,500,0,0,-100000,562,130308,34626284,183,-96228,-81893040
21:20:51.623,0,-2.12,4,500,0,0,-100000,639,131436,34626920,72,-81151,-81893520
21:20:51.628,0,-2.1,4,500,0,0,-100000,483,108181,34627316,863,-120933,-81894248
21:20:51.633,0,-2.17,4,500,0,0,-100000,490,66576,34627524,441,-108788,-81894640
21:20:51.638,0,-2.3,4,500,0,0,-100000,462,56260,34627736,-96,-71099,-81894936
21:20:51.643,0,-2.43,4,500,0,0,-100000,435,68244,34628120,429,-99250,-81895640
21:20:51.648,0,-2.45,4,500,0,0,-100000,487,100744,34628784,187,-96381,-81895984
21:20:51.653,0,-2.33,4,500,0,0,-100000,535,137283,34629576,-38,-79164,-81896416
21:20:51.658,0,-2.14,4,500,0,0,-100000,523,145680,34630292,848,-107953,-81897160
21:20:51.663,0,-2.01,4,500,0,0,-100000,550,115266,34630852,608,-112894,-81897592
21:20:51.669,0,-2.02,4,500,0,0,-100000,529,82611,34631120,44,-79982,-81897936
21:20:51.674,0,-2.16,4,500,0,0,-100000,397,62823,34631364,41,-78729,-81898496
21:20:51.679,0,-2.35,4,500,0,0,-100000,381,65777,34631672,478,-110988,-81899064
21:20:51.684,0,-2.45,4,500,0,0,-100000,494,94150,34632240,-39,-78968,-81899392
21:20:51.689,0,-2.39,4,500,0,0,-100000,438,131862,34633088,664,-105327,-81900008
21:20:51.694,0,-2.22,4,500,0,0,-100000,524,144741,34633816,628,-115991,-81900584
21:20:51.699,0,-2.04,4,500,0,0,-100000,640,134560,34634680,460,-105450,-81901128
21:20:51.704,0,-1.98,4,500,0,0,-100000,553,104724,34635044,55,-80244,-81901448
21:20:51.709,0,-2.09,4,500,0,0,-100000,417,60245,34635184,658,-109717,-81902168
21:20:51.714,0,-2.3,4,500,0,0,-100000,383,47611,34635360,206,-97151,-81902560
21:20:51.720,0,-2.48,4,500,0,0,-100000,417,71936,34635780,23,-82488,-81902896
21:20:51.725,0,-2.52,4,500,0,0,-100000,437,98822,34636352,468,-108710,-81903440
21:20:51.730,0,-2.38,4,500,0,0,-100000,544,141913,34637320,79,-84441,-81903808
21:20:51.735,0,-2.13,4,500,0,0,-100000,533,153017,34638084,307,-95294,-81904456
21:20:51.740,0,-1.95,4,500,0,0,-100000,571,130856,34638632,964,-122779,-81905072
21:20:51.745,0,-1.93,4,500,0,0,-100000,551,80257,34638904,376,-104154,-81905488
21:20:51.750,0,-2.09,4,500,0,0,-100000,461,61231,34639116,-141,-71569,-81905744
21:20:51.755,0,-2.33,4,500,0,0,-100000,375,60879,34639408,766,-117054,-81906544
21:20:51.760,0,-2.5,4,500,0,0,-100000,516,81220,34639872,130,-94751,-81906864
21:20:51.765,0,-2.49,4,500,0,0,-100000,481,126482,34640720,158,-85176,-81907272
21:20:51.770,0,-2.31,4,500,0,0,-100000,531,142731,34641448,985,-122373,-81908016
21:20:51.775,0,-1.95,4,500,0,0,-100000,614,130692,34642148,588,-110261,-81908448
21:20:51.780,0,-2.0,4,500,0,0,-100000,589,103658,34642544,21,-82716,-81908824
21:20:51.785,0,-2.2,4,500,0,0,-100000,431,68682,34642712,546,-99580,-81909408
21:20:51.790,0,-2.42,4,500,0,0,-100000,381,39570,34642796,668,-123085,-81910024
21:20:51.796,0,-2.52,4,500,0,0,-100000,501,50640,34643080,-242,-69852,-81910144
21:20:51.801,0,-2.44,4,500,0,0,-100000,352,90024,34643644,730,-105012,-81910888
21:20:51.806,0,-2.2,4,500,0,0,-100000,522,129318,34644520,908,-135932,-81911544
21:20:51.811,0,-1.96,4,500,0,0,-100000,701,144356,34645288,1,-89081,-81911744
21:20:51.816,0,-1.87,4,500,0,0,-100000,535,131869,34645968,331,-85410,-81912296
21:20:51.821,0,-1.95,4,500,0,0,-100000,451,89307,34646208,1314,-134605,-81913128
21:20:51.826,0,-2.17,4,500,0,0,-100000,552,69899,34646472,-9,-78130,-81913152
21:20:51.831,0,-2.39,4,500,0,0,-100000,466,77509,34646908,23,-77307,-81913720
21:20:51.836,0,-2.47,4,500,0,0,-100000,318,81225,34647280,877,-124182,-81914512
21:20:51.841,0,-2.41,4,500,0,0,-100000,544,107694,34647980,163,-94250,-81914808
21:20:51.846,0,-2.27,4,500,0,0,-100000,543,123106,34648708,366,-92987,-81915280
21:20:51.852,0,-2.14,4,500,0,0,-100000,524,109543,34649164,1002,-119161,-81915968
21:20:51.857,0,-2.1,4,500,0,0,-100000,530,86997,34649492,277,-101477,-81916336
21:20:51.862,0,-2.18,4,500,0,0,-100000,435,75896,34649864,-13,-75993,-81916632
21:20:51.867,0,-2.25,4,500,0,0,-100000,414,85055,34650284,716,-115843,-81917400
21:20:51.872,0,-2.27,4,500,0,0,-100000,480,111859,34651008,362,-103543,-81917824
21:20:51.877,0,-2.23,4,500,0,0,-100000,577,128133,34651688,19,-77823,-81918112
21:20:51.882,0,-2.14,4,500,0,0,-100000,479,121672,34652232,761,-111138,-81918888
21:20:51.887,0,-2.09,4,500,0,0,-100000,506,90982,34652648,659,-116240,-81919408
21:20:51.892,0,-2.14,4,500,0,0,-100000,489,73243,34652928,37,-78480,-81919600
21:20:51.897,0,-2.24,4,500,0,0,-100000,434,72159,34653300,433,-98671,-81920272
21:20:51.903,0,-2.3,4,500,0,0,-100000,329,82493,34653712,508,-112038,-81920840
21:20:51.908,0,-2.28,4,500,0,0,-100000,519,108052,34654392,-64,-75081,-81921032
21:20:51.913,0,-2.17,4,500,0,0,-100000,482,129976,34655072,570,-102038,-81921760
21:20:51.918,0,-2.07,4,500,0,0,-100000,536,125617,34655752,875,-122761,-81922408
21:20:51.923,0,-2.06,4,500,0,0,-100000,586,96219,34656108,55,-83090,-81922568
21:20:51.928,0,-2.15,4,500,0,0,-100000,514,71708,34656340,67,-76880,-81923096
21:20:51.933,0,-2.28,4,500,0,0,-100000,356,53096,34656556,815,-117391,-81923864
21:20:51.938,0,-2.38,4,500,0,0,-100000,414,57643,34656852,34,-84579,-81924016
21:20:51.943,0,-2.36,4,500,0,0,-100000,518,91473,34657476,1,-77481,-81924536
21:20:51.948,0,-2.21,4,500,0,0,-100000,443,114669,34658100,997,-119464,-81925336
21:20:51.953,0,-2.03,4,500,0,0,-100000,598,132547,34658820,93,-93440,-81925544
21:20:51.959,0,-1.92,4,500,0,0,-100000,602,122625,34659492,-97,-68306,-81925976
21:20:51.964,0,-1.94,4,500,0,0,-100000,469,92376,34659788,692,-97989,-81926744
21:20:51.969,0,-2.1,4,500,0,0,-100000,547,55830,34659956,469,-114585,-81927200
21:20:51.974,0,-2.3,4,500,0,0,-100000,467,56276,34660224,-344,-60877,-81927408
21:20:51.979,0,-2.41,4,500,0,0,-100000,304,75816,34660676,500,-97337,-81928184
21:20:51.984,0,-2.38,4,500,0,0,-100000,511,100620,34661244,315,-107215,-81928600
21:20:51.989,0,-2.22,4,500,0,0,-100000,578,135582,34662136,-32,-70157,-81928912
21:20:51.994,0,-2.03,4,500,0,0,-100000,514,143908,34662836,584,-103890,-81929704
21:20:51.999,0,-1.95,4,500,0,0,-100000,537,113997,34663392,730,-115435,-81930184
21:20:52.004,0,-2.03,4,500,0,0,-100000,553,70909,34663564,-4,-79105,-81930480
21:20:52.009,0,-2.21,4,500,0,0,-100000,419,50390,34663704,-1,-77027,-81931048
21:20:52.014,0,-2.39,4,500,0,0,-100000,379,51722,34663972,479,-111659,-81931624
21:20:52.020,0,-2.45,4,500,0,0,-100000,476,85638,34664520,-2,-74445,-81931912
21:20:52.025,0,-2.32,4,500,0,0,-100000,462,118898,34665204,522,-100774,-81932624
21:20:52.030,0,-2.09,4,500,0,0,-100000,554,143276,34666116,444,-108741,-81933072
21:20:52.035,0,-1.9,4,500,0,0,-100000,612,147910,34666836,112,-85430,-81933480
21:20:52.040,0,-1.86,4,500,0,0,-100000,531,114918,34667448,362,-93285,-81934112
21:20:52.045,0,-1.99,4,500,0,0,-100000,460,76187,34667628,837,-117544,-81934784
21:20:52.050,0,-2.24,4,500,0,0,-100000,451,50578,34667812,-18,-80451,-81934920
21:20:52.055,0,-2.43,4,500,0,0,-100000,400,60195,34668120,31,-82239,-81935480
21:20:52.060,0,-2.36,4,500,0,0,-100000,476,82893,34668588,564,-116221,-81936168
21:20:52.065,0,-2.13,4,500,0,0,-100000,526,124186,34669436,-4,-76425,-81936336
21:20:52.070,0,-1.94,4,500,0,0,-100000,528,151196,34670256,541,-105320,-81937080
21:20:52.076,0,-1.9,4,500,0,0,-100000,688,143394,34670916,616,-112295,-81937544
21:20:52.081,0,-2.01,4,500,0,0,-100000,635,103456,34671372,66,-84046,-81937920
21:20:52.086,0,-2.24,4,500,0,0,-100000,450,68802,34671540,158,-85335,-81938496
21:20:52.091,0,-2.43,4,500,0,0,-100000,392,48765,34671716,660,-111062,-81939152
21:20:52.096,0,-2.47,4,500,0,0,-100000,451,65004,34672088,1,-84311,-81939368
21:20:52.101,0,-2.34,3,500,0,0,-100000,487,98012,34672740,-1,-80651,-81939880
21:20:52.106,0,-2.12,3,500,0,0,-100000,625,127345,34673452,782,-122807,-81940656
21:20:52.111,0,-1.95,3,500,0,0,-100000,609,137229,34674264,38,-83466,-81940808
21:20:52.116,0,-1.93,3,500,0,0,-100000,582,124402,34674784,124,-79813,-81941344
21:20:52.121,0,-2.08,3,500,0,0,-100000,454,93520,34675168,830,-111614,-81942096
21:20:52.126,0,-2.29,3,500,0,0,-100000,506,62240,34675332,522,-115502,-81942592
21:20:52.131,0,-2.44,3,500,0,0,-100000,454,59883,34675604,-38,-70282,-81942760
21:20:52.136,0,-2.45,3,500,0,0,-100000,394,73345,34676040,654,-109927,-81943536
21:20:52.141,0,-2.31,3,500,0,0,-100000,489,96480,34676592,441,-110093,-81944016
21:20:52.146,0,-2.11,3,500,0,0,-100000,526,117484,34677328,-76,-73541,-81944232
21:20:52.152,0,-1.98,3,500,0,0,-100000,487,123128,34677932,804,-112517,-81945040
21:20:52.157,0,-1.96,3,500,0,0,-100000,586,101369,34678336,316,-101621,-81945376
21:20:52.162,0,-2.07,3,500,0,0,-100000,520,82484,34678744,39,-81005,-81945792
21:20:52.167,0,-2.22,3,500,0,0,-100000,420,76797,34679068,266,-92043,-81946424
21:20:52.172,0,-2.3,3,500,0,0,-100000,476,85935,34679556,627,-118851,-81947072
21:20:52.177,0,-2.28,3,500,0,0,-100000,524,100520,34680088,20,-78662,-81947240
21:20:52.182,0,-2.2,3,500,0,0,-100000,531,117958,34680868,49,-82970,-81947888
21:20:52.187,0,-2.11,3,500,0,0,-100000,512,110225,34681336,774,-117443,-81948528
21:20:52.192,0,-2.09,3,500,0,0,-100000,549,100870,34681772,163,-91987,-81948880
21:20:52.197,0,-2.15,3,500,0,0,-100000,496,89678,34682236,110,-83527,-81949368
21:20:52.202,0,-2.23,3,500,0,0,-100000,461,86820,34682612,652,-110889,-81949960
21:20:52.207,0,-2.27,3,500,0,0,-100000,485,98730,34683124,56,-82048,-81950184
21:20:52.212,0,-2.25,3,500,0,0,-100000,448,112489,34683700,383,-92913,-81950800
21:20:52.217,0,-2.18,3,500,0,0,-100000,489,116891,34684372,875,-117849,-81951488
21:20:52.222,0,-2.13,3,500,0,0,-100000,578,105890,34684840,74,-85262,-81951688
21:20:52.227,0,-2.15,3,500,0,0,-100000,477,92156,34685220,102,-86455,-81952248
21:20:52.233,0,-2.21,3,500,0,0,-100000,450,74271,34685556,603,-111942,-81952928
21:20:52.238,0,-2.26,3,500,0,0,-100000,478,77513,34685936,41,-80662,-81953112
21:20:52.243,0,-2.27,3,500,0,0,-100000,473,99059,34686552,154,-89365,-81953704
21:20:52.248,0,-2.2,3,500,0,0,-100000,490,115312,34687160,828,-115143,-81954376
21:20:52.253,0,-2.1,3,500,0,0,-100000,580,123127,34687876,386,-103822,-81954792
21:20:52.258,0,-2.07,3,500,0,0,-100000,584,114150,34688372,1,-75935,-81955080
21:20:52.263,0,-2.13,3,500,0,0,-100000,434,84910,34688724,740,-115638,-81955864
21:20:52.268,0,-2.25,3,500,0,0,-100000,463,63335,34688928,313,-105313,-81956280
21:20:52.273,0,-2.35,3,500,0,0,-100000,426,66054,34689240,-29,-77562,-81956544
21:20:52.278,0,-2.36,3,500,0,0,-100000,432,86809,34689780,696,-107696,-81957256
21:20:52.283,0,-2.26,3,500,0,0,-100000,513,102717,34690328,514,-113003,-81957776
21:20:52.288,0,-2.12,3,500,0,0,-100000,563,123439,34691112,30,-77504,-81958000
21:20:52.293,0,-2.01,3,500,0,0,-100000,521,129334,34691756,362,-89055,-81958648
21:20:52.298,0,-2.02,3,500,0,0,-100000,515,104009,34692136,1077,-120512,-81959392
21:20:52.303,0,-2.14,3,500,0,0,-100000,531,79266,34692500,117,-89430,-81959576
21:20:52.308,0,-2.3,3,500,0,0,-100000,460,76314,34692836,-60,-71377,-81960008
21:20:52.314,0,-2.41,3,500,0,0,-100000,337,67843,34693152,762,-114960,-81960808
21:20:52.319,0,-2.41,3,500,0,0,-100000,515,79067,34693572,0,-80402,-81960952
21:20:52.324,0,-2.31,3,500,0,0,-100000,471,113047,34694308,196,-83720,-81961536
21:20:52.329,0,-2.16,3,500,0,0,-100000,486,127118,34694948,928,-122874,-81962296
21:20:52.334,0,-2.05,3,500,0,0,-100000,631,128745,34695708,382,-102969,-81962688
21:20:52.339,0,-2.06,3,500,0,0,-100000,518,115517,34696208,53,-81560,-81963032
21:20:52.344,0,-2.16,3,500,0,0,-100000,465,79260,34696424,629,-105973,-81963736
21:20:52.349,0,-2.32,4,500,0,0,-100000,467,60419,34696684,252,-95846,-81964056
21:20:52.354,0,-2.43,4,500,0,0,-100000,478,68586,34697040,-98,-73715,-81964432
21:20:52.359,0,-2.41,4,500,0,0,-100000,486,93311,34697644,537,-104987,-81965152
21:20:52.364,0,-2.26,4,500,0,0,-100000,495,120183,34698324,217,-98284,-81965504
21:20:52.369,0,-2.08,4,500,0,0,-100000,551,146806,34699136,37,-80187,-81965936
21:20:52.374,0,-1.96,4,500,0,0,-100000,534,146013,34699944,787,-105911,-81966680
21:20:52.379,0,-1.97,4,500,0,0,-100000,580,111008,34700328,599,-110430,-81967096
21:20:52.384,0,-2.14,4,500,0,0,-100000,549,69140,34700568,-24,-79311,-81967432
21:20:52.389,0,-2.36,4,500,0,0,-100000,428,49050,34700728,327,-92127,-81968056
21:20:52.395,0,-2.49,4,500,0,0,-100000,427,56758,34701008,349,-106649,-81968600
21:20:52.400,0,-2.47,4,500,0,0,-100000,498,101707,34701736,-34,-77316,-81968848
21:20:52.405,0,-2.28,4,500,0,0,-100000,502,137492,34702520,749,-111451,-81969600
21:20:52.410,0,-2.04,4,500,0,0,-100000,576,155354,34703348,744,-117979,-81970144
21:20:52.415,0,-1.91,4,500,0,0,-100000,657,140109,34704100,49,-78273,-81970376
21:20:52.420,0,-1.95,4,500,0,0,-100000,461,99962,34704392,381,-90829,-81971040
21:20:52.425,0,-2.15,4,500,0,0,-100000,391,54660,34704504,600,-119212,-81971600
21:20:52.430,0,-2.39,4,500,0,0,-100000,486,53104,34704748,-205,-71545,-81971792
21:20:52.435,0,-2.52,4,500,0,0,-100000,388,73889,34705156,286,-88339,-81972480
21:20:52.440,0,-2.45,4,500,0,0,-100000,467,107376,34705864,383,-111843,-81972984
21:20:52.445,0,-2.27,4,500,0,0,-100000,608,140324,34706676,-93,-71144,-81973264
21:20:52.450,0,-1.98,4,500,0,0,-100000,539,146015,34707496,494,-99556,-81974040
21:20:52.455,0,-2.09,4,500,0,0,-100000,578,116230,34707916,893,-123306,-81974600
21:20:52.460,0,-2.3,4,500,0,0,-100000,555,68853,34708148,-7,-78712,-81974832
21:20:52.465,0,-2.49,4,500,0,0,-100000,426,50014,34708296,-12,-75365,-81975392
21:20:52.471,0,-2.56,4,500,0,0,-100000,408,44143,34708456,910,-128471,-81976224
21:20:52.476,0,-2.44,4,500,0,0,-100000,504,75352,34709004,-160,-73855,-81976240
21:20:52.481,0,-2.2,4,500,0,0,-100000,497,119351,34709732,192,-81192,-81976872
21:20:52.486,0,-2.01,4,500,0,0,-100000,507,140342,34710588,1298,-135437,-81977736
21:20:52.491,0,-1.95,4,500,0,0,-100000,636,138830,34711260,102,-85057,-81977824
21:20:52.496,0,-2.07,4,500,0,0,-100000,509,119386,34711744,31,-74230,-81978360
21:20:52.501,0,-2.3,4,500,0,0,-100000,469,73720,34711960,1161,-128467,-81979152
21:20:52.506,0,-2.49,4,500,0,0,-100000,485,52276,34712128,124,-93544,-81979408
21:20:52.511,0,-2.53,4,500,0,0,-100000,454,66998,34712536,-74,-73355,-81979824
21:20:52.516,0,-2.42,4,500,0,0,-100000,421,85431,34713000,670,-113902,-81980592
21:20:52.521,0,-2.21,4,500,0,0,-100000,591,121611,34713804,104,-90815,-81980840
21:20:52.526,0,-2.04,4,500,0,0,-100000,544,140850,34714524,165,-85970,-81981384
21:20:52.531,0,-2.01,4,500,0,0,-100000,539,126583,34715176,998,-119390,-81982120
21:20:52.536,0,-2.12,4,500,0,0,-100000,567,101011,34715556,155,-92447,-81982352
21:20:52.551,0,-2.45,4,500,0,0,-100000,383,83790,34716676,701,-116916,-81984160
21:20:52.557,0,-2.31,4,500,0,0,-100000,549,120233,34717496,139,-88317,-81984496
21:20:52.557,0,-2.31,4,500,0,0,-100000,548,131605,34717952,673,-114666,-81985040
21:20:52.562,0,-2.14,4,500,0,0,-100000,657,127707,34718564,247,-96344,-81985336
21:20:52.567,0,-2.03,4,500,0,0,-100000,554,111200,34719128,12,-79121,-81985784
21:20:52.572,0,-2.05,4,500,0,0,-100000,439,85406,34719404,648,-104496,-81986496
21:20:52.577,0,-2.2,4,500,0,0,-100000,450,71103,34719732,255,-99114,-81986832
21:20:52.582,0,-2.37,4,500,0,0,-100000,484,82293,34720152,-34,-75363,-81987224
21:20:52.587,0,-2.47,4,500,0,0,-100000,449,98555,34720728,466,-100936,-81987928
21:20:52.592,0,-2.44,4,500,0,0,-100000,512,105719,34721260,864,-120605,-81988544
21:20:52.597,0,-2.32,4,500,0,0,-100000,585,101955,34721828,60,-84362,-81988736
21:20:52.602,0,-2.21,4,500,0,0,-100000,481,96614,34722256,-10,-78935,-81989248
21:20:52.607,0,-2.17,4,500,0,0,-100000,428,77916,34722612,866,-121679,-81989944
21:20:52.612,0,-2.2,4,500,0,0,-100000,508,76246,34722968,102,-95315,-81990256
21:20:52.617,0,-2.25,4,500,0,0,-100000,446,97389,34723508,4,-77136,-81990704
21:20:52.622,0,-2.28,4,500,0,0,-100000,465,112340,34724168,863,-114506,-81991400
21:20:52.627,0,-2.25,4,500,0,0,-100000,549,112791,34724728,644,-117015,-81991920
21:20:52.632,0,-2.19,4,500,0,0,-100000,587,100084,34725256,96,-89179,-81992272
21:20:52.637,0,-2.17,4,500,0,0,-100000,620,82677,34725564,326,-91957,-81992752
21:20:52.642,0,-2.21,4,500,0,0,-100000,421,64477,34725828,681,-115832,-81993392
21:20:52.648,0,-2.27,4,500,0,0,-100000,481,69359,34726160,6,-85071,-81993664
21:20:52.653,0,-2.32,4,500,0,0,-100000,462,99777,34726804,44,-83041,-81994208
21:20:52.658,0,-2.28,4,500,0,0,-100000,473,127888,34727608,824,-115176,-81994936
21:20:52.663,0,-2.17,4,500,0,0,-100000,557,138053,34728324,617,-112711,-81995416
21:20:52.668,0,-2.06,4,500,0,0,-100000,574,121427,34728976,-17,-75548,-81995648
21:20:52.673,0,-2.04,4,500,0,0,-100000,465,84274,34729208,555,-101012,-81996368
21:20:52.678,0,-2.13,4,500,0,0,-100000,414,51367,34729312,360,-102796,-81996768
21:20:52.683,0,-2.29,4,500,0,0,-100000,473,54374,34729580,-101,-76519,-81997112
21:20:52.688,0,-2.41,4,500,0,0,-100000,403,90958,34730200,588,-111591,-81997768
21:20:52.693,0,-2.39,4,500,0,0,-100000,531,122103,34730908,133,-93324,-81998136
21:20:52.698,0,-2.22,4,500,0,0,-100000,525,158450,34731812,198,-90595,-81998688
21:20:52.703,0,-2.02,4,500,0,0,-100000,475,156147,34732676,803,-117205,-81999304
21:20:52.708,0,-1.9,4,500,0,0,-100000,615,114251,34733040,403,-103185,-81999744
21:20:52.713,0,-1.96,4,500,0,0,-100000,465,57678,34733140,-73,-72493,-82000064
21:20:52.718,0,-2.18,4,500,0,0,-100000,360,42201,34733272,841,-116970,-82000784
21:20:52.723,0,-2.42,4,500,0,0,-100000,441,53598,34733552,104,-87274,-82001048
21:20:52.728,0,-2.53,4,500,0,0,-100000,424,97987,34734184,22,-83746,-82001560
21:20:52.734,0,-2.44,4,500,0,0,-100000,294,147789,34735192,565,-110387,-82002112
21:20:52.739,0,-2.18,4,500,0,0,-100000,634,164997,34736068,164,-92987,-82002544
21:20:52.744,0,-1.92,4,500,0,0,-100000,622,131261,34736692,183,-85041,-82003080
21:20:52.749,0,-1.83,4,500,0,0,-100000,452,71999,34736776,820,-120693,-82003752
21:20:52.754,0,-1.96,4,500,0,0,-100000,456,36665,34736804,69,-90193,-82004040
21:20:52.759,0,-2.2,4,500,0,0,-100000,400,50122,34737112,-117,-73275,-82004464
21:20:52.764,0,-2.41,4,500,0,0,-100000,410,83722,34737624,478,-114960,-82005128
21:20:52.769,0,-2.41,4,500,0,0,-100000,572,134381,34738568,37,-80987,-82005408
21:20:52.774,0,-2.21,4,500,0,0,-100000,565,159682,34739416,391,-90739,-82006048
21:20:52.779,0,-1.97,4,500,0,0,-100000,596,140907,34740140,988,-126669,-82006696
21:20:52.784,0,-1.81,4,500,0,0,-100000,611,95413,34740404,280,-98674,-82007056
21:20:52.789,0,-1.87,4,500,0,0,-100000,493,53660,34740532,-109,-73599,-82007440
21:20:52.795,0,-2.11,4,500,0,0,-100000,360,41058,34740652,700,-105717,-82008176
21:20:52.800,0,-2.36,4,500,0,0,-100000,460,58618,34741052,30,-86706,-82008392
21:20:52.805,0,-2.49,4,500,0,0,-100000,524,100596,34741700,-88,-72487,-82008848
21:20:52.810,0,-2.41,4,500,0,0,-100000,501,131243,34742436,845,-127250,-82009624
21:20:52.815,0,-2.18,4,500,0,0,-100000,616,136129,34743252,187,-97033,-82009944
21:20:52.820,0,-1.96,4,500,0,0,-100000,508,121164,34743768,85,-78389,-82010408
21:20:52.825,0,-1.87,4,500,0,0,-100000,456,85911,34744104,883,-110706,-82011080
21:20:52.830,0,-1.96,4,500,0,0,-100000,481,61843,34744296,550,-111803,-82011568
21:20:52.835,0,-2.17,4,500,0,0,-100000,482,63513,34744596,-36,-76481,-82011856
21:20:52.840,0,-2.36,4,500,0,0,-100000,401,84211,34745108,551,-108305,-82012496
21:20:52.845,0,-2.42,4,500,0,0,-100000,498,101189,34745656,291,-102781,-82012928
21:20:52.850,0,-2.33,3,500,0,0,-100000,606,125635,34746444,-30,-79526,-82013320
21:20:52.855,0,-1.99,3,500,0,0,-100000,489,126939,34747028,567,-102844,-82014008
21:20:52.860,0,-1.94,3,500,0,0,-100000,541,110170,34747604,397,-101643,-82014392
21:20:52.865,0,-2.03,3,500,0,0,-100000,492,89288,34747944,105,-85324,-82014824
21:20:52.870,0,-2.19,3,500,0,0,-100000,402,86294,34748400,502,-95800,-82015424
21:20:52.876,0,-2.31,3,500,0,0,-100000,496,83667,34748792,380,-102702,-82015848
21:20:52.881,0,-2.36,3,500,0,0,-100000,343,94082,34749284,33,-79869,-82016248
21:20:52.886,0,-2.29,3,500,0,0,-100000,466,112260,34749976,347,-94228,-82016888
21:20:52.891,0,-2.18,3,500,0,0,-100000,527,110663,34750488,360,-106714,-82017360
21:20:52.896,0,-2.1,3,500,0,0,-100000,580,104918,34751076,33,-80404,-82017728
21:20:52.901,0,-2.09,3,500,0,0,-100000,414,95967,34751476,357,-96661,-82018384
21:20:52.906,0,-2.15,3,500,0,0,-100000,453,85518,34751828,420,-107675,-82018840
21:20:52.911,0,-2.23,3,500,0,0,-100000,513,89784,34752340,13,-80155,-82019192
21:20:52.916,0,-2.27,3,500,0,0,-100000,485,103102,34752936,277,-92022,-82019800
21:20:52.922,0,-2.25,3,500,0,0,-100000,490,103941,34753412,762,-119306,-82020488
21:20:52.927,0,-2.2,3,500,0,0,-100000,565,110207,34753964,4,-84107,-82020656
21:20:52.932,0,-2.16,3,500,0,0,-100000,521,102075,34754504,205,-81827,-82021216
21:20:52.937,0,-2.16,3,500,0,0,-100000,534,87082,34754848,805,-114625,-82021944
21:20:52.942,0,-2.21,3,500,0,0,-100000,480,76118,34755240,155,-93359,-82022192
21:20:52.947,0,-2.26,3,500,0,0,-100000,465,82351,34755652,15,-76909,-82022632
21:20:52.952,0,-2.27,3,500,0,0,-100000,460,93453,34756116,574,-104104,-82023344
21:20:52.957,0,-2.23,3,500,0,0,-100000,525,104095,34756760,363,-104676,-82023736
21:20:52.962,0,-2.17,3,500,0,0,-100000,565,115560,34757364,-70,-75080,-82024088
21:20:52.967,0,-2.12,3,500,0,0,-100000,459,101649,34757868,869,-115673,-82024832
21:20:52.972,0,-2.13,3,500,0,0,-100000,509,86912,34758212,673,-120639,-82025360
21:20:52.977,0,-2.2,3,500,0,0,-100000,577,75682,34758596,-11,-79038,-82025616
21:20:52.983,0,-2.27,3,500,0,0,-100000,407,76408,34758940,180,-83462,-82026200
21:20:52.988,0,-2.31,3,500,0,0,-100000,468,88620,34759460,433,-110322,-82026720
21:20:52.993,0,-2.28,3,500,0,0,-100000,532,110352,34760064,12,-80467,-82027088
21:20:52.998,0,-2.18,3,500,0,0,-100000,556,136639,34760904,513,-94978,-82027720
21:20:53.003,0,-2.1,3,500,0,0,-100000,526,124640,34761436,940,-122525,-82028416
21:20:53.008,0,-2.1,3,500,0,0,-100000,617,99091,34761828,63,-86530,-82028616
21:20:53.013,0,-2.17,3,500,0,0,-100000,436,66643,34762072,-11,-75036,-82029096
21:20:53.018,0,-2.3,3,500,0,0,-100000,420,58662,34762376,414,-97668,-82029864
21:20:53.023,0,-2.4,3,500,0,0,-100000,451,81957,34762908,427,-109702,-82030392
21:20:53.028,0,-2.38,3,500,0,0,-100000,499,118439,34763628,34,-80036,-82030648
21:20:53.033,0,-2.24,3,500,0,0,-100000,497,149189,34764456,814,-112309,-82031408
21:20:53.038,0,-2.06,3,500,0,0,-100000,616,155131,34765072,163,-87235,-82031560
21:20:53.043,0,-1.94,3,500,0,0,-100000,807,134110,34765604,207,-89414,-82032160
21:20:53.048,0,-1.98,3,500,0,0,-100000,480,86401,34765892,849,-116434,-82032744
21:20:53.053,0,-2.16,3,500,0,0,-100000,450,46823,34766004,157,-92453,-82033080
21:20:53.058,0,-2.37,3,500,0,0,-100000,289,49058,34766228,-26,-78358,-82033536
21:20:53.063,0,-2.5,3,500,0,0,-100000,385,80714,34766760,624,-111947,-82034224
21:20:53.069,0,-2.44,3,500,0,0,-100000,517,126105,34767540,-3,-79702,-82034432
21:20:53.074,0,-2.23,3,500,0,0,-100000,408,164595,34768484,358,-91915,-82035064
21:20:53.079,0,-1.99,3,500,0,0,-100000,600,156611,34769340,1135,-125600,-82035832
21:20:53.084,0,-1.89,3,500,0,0,-100000,642,103533,34769640,269,-97426,-82036072
21:20:53.089,0,-1.99,4,500,0,0,-100000,494,48735,34769704,-148,-65203,-82036424
21:20:53.094,0,-2.25,4,500,0,0,-100000,356,38269,34769816,914,-119731,-82037208
21:20:53.099,0,-2.5,4,500,0,0,-100000,461,57412,34770160,103,-93831,-82037496
21:20:53.104,0,-2.57,4,500,0,0,-100000,470,111769,34770964,-95,-71007,-82037904
21:20:53.109,0,-2.42,4,500,0,0,-100000,539,147344,34771800,974,-130639,-82038720
21:20:53.114,0,-2.15,4,500,0,0,-100000,609,160748,34772752,322,-99667,-82039040
21:20:53.119,0,-1.94,4,500,0,0,-100000,643,132295,34773256,52,-78056,-82039480
21:20:53.124,0,-1.93,4,500,0,0,-100000,447,75335,34773440,1065,-118632,-82040224
21:20:53.129,0,-2.15,4,500,0,0,-100000,414,38633,34773452,487,-116131,-82040656
21:20:53.134,0,-2.43,4,500,0,0,-100000,490,46951,34773740,-368,-64456,-82040848
21:20:53.139,0,-2.63,4,500,0,0,-100000,442,81972,34774296,422,-93334,-82041584
21:20:53.144,0,-2.6,4,500,0,0,-100000,461,110896,34774940,794,-131954,-82042296
21:20:53.149,0,-2.37,4,500,0,0,-100000,585,146110,34775800,-215,-64210,-82042296
21:20:53.155,0,-2.09,4,500,0,0,-100000,515,146120,34776616,431,-94897,-82043120
21:20:53.160,0,-1.93,4,500,0,0,-100000,544,110242,34776992,1062,-130384,-82043736
21:20:53.165,0,-1.97,4,500,0,0,-100000,562,65097,34777128,156,-90560,-82044008
21:20:53.170,0,-2.18,4,500,0,0,-100000,398,48400,34777264,278,-87322,-82044496
21:20:53.175,0,-2.44,4,500,0,0,-100000,389,49379,34777512,652,-120390,-82045136
21:20:53.180,0,-2.56,4,500,0,0,-100000,486,85091,34778064,-59,-76474,-82045360
21:20:53.185,0,-2.5,4,500,0,0,-100000,471,130803,34778932,613,-112092,-82046064
21:20:53.190,0,-2.29,4,500,0,0,-100000,570,143251,34779656,637,-117608,-82046592
21:20:53.195,0,-2.05,4,500,0,0,-100000,634,135068,34780392,148,-88260,-82046944
21:20:53.200,0,-1.94,4,500,0,0,-100000,514,105050,34780756,176,-84668,-82047496
21:20:53.205,0,-2.03,4,500,0,0,-100000,497,72724,34780968,792,-115663,-82048112
21:20:53.210,0,-2.25,4,500,0,0,-100000,488,60520,34781268,84,-88179,-82048432
21:20:53.215,0,-2.47,4,500,0,0,-100000,390,74272,34781672,-39,-76390,-82048896
21:20:53.220,0,-2.58,4,500,0,0,-100000,422,100291,34782304,556,-112466,-82049528
21:20:53.225,0,-2.3,4,500,0,0,-100000,565,123544,34783000,119,-90617,-82049904
21:20:53.230,0,-2.12,4,500,0,0,-100000,515,132890,34783672,515,-99628,-82050432
21:20:53.235,0,-2.05,4,500,0,0,-100000,488,112227,34784216,875,-118959,-82051096
21:20:53.240,0,-2.13,4,500,0,0,-100000,600,91752,34784568,323,-103490,-82051504
21:20:53.246,0,-2.31,4,500,0,0,-100000,467,73894,34784904,49,-76172,-82051800
21:20:53.251,0,-2.46,4,500,0,0,-100000,423,70026,34785248,885,-118853,-82052584
21:20:53.256,0,-2.51,4,500,0,0,-100000,501,83604,34785696,180,-99744,-82052936
21:20:53.261,0,-2.45,4,500,0,0,-100000,547,108932,34786392,-48,-75961,-82053328
21:20:53.266,0,-2.32,4,500,0,0,-100000,458,117410,34786972,988,-120413,-82054080
21:20:53.271,0,-2.21,4,500,0,0,-100000,560,101096,34787400,532,-111014,-82054496
21:20:53.276,0,-2.2,4,500,0,0,-100000,547,85490,34787840,-43,-78808,-82054840
21:20:53.281,0,-2.26,4,500,0,0,-100000,364,74259,34788136,740,-103200,-82055472
21:20:53.286,0,-2.34,4,500,0,0,-100000,412,79688,34788584,665,-127070,-82056096
21:20:53.291,0,-2.38,4,500,0,0,-100000,569,94931,34789108,-12,-82340,-82056312
21:20:53.296,0,-2.35,4,500,0,0,-100000,452,112671,34789696,342,-90996,-82056888
21:20:53.301,0,-2.27,4,500,0,0,-100000,482,111483,34790320,1125,-134331,-82057680
21:20:53.306,0,-2.23,4,500,0,0,-100000,583,100042,34790756,-47,-77870,-82057736
21:20:53.311,0,-2.26,4,500,0,0,-100000,568,84559,34791156,265,-85572,-82058384
21:20:53.316,0,-2.33,4,500,0,0,-100000,403,65109,34791360,1022,-123578,-82059128
21:20:53.321,0,-2.4,4,500,0,0,-100000,460,66870,34791736,121,-95409,-82059392
21:20:53.327,0,-2.4,4,500,0,0,-100000,418,101304,34792340,159,-84803,-82059808
21:20:53.332,0,-2.31,3,500,0,0,-100000,472,128154,34793124,806,-123477,-82060568
21:20:53.337,0,-2.21,3,500,0,0,-100000,593,135150,34793824,336,-104366,-82060952
21:20:53.342,0,-2.15,3,500,0,0,-100000,610,122051,34794476,222,-85420,-82061312
21:20:53.347,0,-2.19,3,500,0,0,-100000,430,87190,34794744,947,-115913,-82062064
21:20:53.352,0,-2.32,3,500,0,0,-100000,479,57293,34794884,370,-106148,-82062480
21:20:53.357,0,-2.47,3,500,0,0,-100000,458,64279,34795264,-24,-77073,-82062752
21:20:53.362,0,-2.51,3,500,0,0,-100000,423,84420,34795732,567,-109617,-82063472
21:20:53.367,0,-2.42,3,500,0,0,-100000,523,117873,34796420,170,-89617,-82063752
21:20:53.372,0,-2.23,3,500,0,0,-100000,580,151567,34797392,124,-82924,-82064256
21:20:53.377,0,-2.06,3,500,0,0,-100000,546,149020,34798064,828,-112880,-82065000
21:20:53.382,0,-2.03,3,500,0,0,-100000,500,104695,34798492,760,-118680,-82065560
21:20:53.387,0,-2.16,3,500,0,0,-100000,513,71483,34798696,47,-79508,-82065736
21:20:53.392,0,-2.36,3,500,0,0,-100000,398,51105,34798872,435,-97548,-82066384
21:20:53.397,0,-2.51,3,500,0,0,-100000,437,56263,34799144,322,-103023,-82066872
21:20:53.403,0,-2.51,3,500,0,0,-100000,475,103916,34799888,11,-78942,-82067160
21:20:53.408,0,-2.34,3,500,0,0,-100000,512,140080,34800692,654,-112250,-82067888
21:20:53.413,0,-2.12,3,500,0,0,-100000,667,154911,34801652,681,-115407,-82068448
21:20:53.418,0,-1.98,3,500,0,0,-100000,606,131098,34802200,72,-81298,-82068688
21:20:53.423,0,-2.03,3,500,0,0,-100000,474,82763,34802380,358,-91286,-82069312
21:20:53.428,0,-2.22,3,500,0,0,-100000,426,45102,34802472,746,-112118,-82069960
21:20:53.433,0,-2.44,3,500,0,0,-100000,460,49954,34802724,-124,-77846,-82070112
21:20:53.438,0,-2.53,3,500,0,0,-100000,417,89461,34803356,230,-88623,-82070736
21:20:53.443,0,-2.43,3,500,0,0,-100000,491,116559,34804008,669,-114840,-82071384
21:20:53.448,0,-2.22,3,500,0,0,-100000,554,144710,34804808,91,-83219,-82071616
21:20:53.454,0,-2.02,3,500,0,0,-100000,537,142236,34805592,318,-88777,-82072232
21:20:53.459,0,-1.98,3,500,0,0,-100000,465,93400,34805912,822,-116044,-82072944
21:20:53.464,0,-2.13,3,500,0,0,-100000,503,56610,34806024,161,-92934,-82073184
21:20:53.469,0,-2.36,3,500,0,0,-100000,457,48800,34806248,-65,-73908,-82073600
21:20:53.474,0,-2.52,3,500,0,0,-100000,373,64429,34806600,557,-106214,-82074320
21:20:53.479,0,-2.52,3,500,0,0,-100000,531,92149,34807152,249,-103552,-82074768
21:20:53.484,0,-2.35,3,500,0,0,-100000,525,127559,34808000,50,-81151,-82075080
21:20:53.489,0,-2.12,3,500,0,0,-100000,521,135847,34808660,682,-109019,-82075792
21:20:53.494,0,-1.98,3,500,0,0,-100000,590,122111,34809200,499,-107659,-82076200
21:20:53.499,0,-1.99,3,500,0,0,-100000,513,73970,34809640,620,-117284,-82077024
21:20:53.504,0,-2.16,3,500,0,0,-100000,481,57560,34809844,-182,-71226,-82077152
21:20:53.509,0,-2.37,3,500,0,0,-100000,381,59902,34810152,550,-103830,-82077888
21:20:53.514,0,-2.5,3,500,0,0,-100000,477,82703,34810632,299,-104132,-82078336
21:20:53.519,0,-2.46,3,500,0,0,-100000,535,120200,34811420,64,-79865,-82078640
21:20:53.524,0,-2.28,3,500,0,0,-100000,542,131816,34811864,392,-107500,-82079112
21:20:53.529,0,-2.07,3,500,0,0,-100000,607,137047,34812648,101,-85425,-82079520
21:20:53.534,0,-1.95,3,500,0,0,-100000,515,122413,34813152,494,-101774,-82080192
21:20:53.539,0,-1.99,3,500,0,0,-100000,527,91155,34813460,666,-110230,-82080752
21:20:53.545,0,-2.15,3,500,0,0,-100000,481,72914,34813804,45,-82975,-82080992
21:20:53.550,0,-2.33,3,500,0,0,-100000,409,75533,34814160,208,-89194,-82081560
21:20:53.555,0,-2.43,3,500,0,0,-100000,439,89244,34814700,506,-106289,-82082144
21:20:53.560,0,-2.39,3,500,0,0,-100000,501,111856,34815324,36,-85801,-82082448
21:20:53.565,0,-2.23,3,500,0,0,-100000,508,124228,34815964,271,-91045,-82083024
21:20:53.570,0,-2.08,3,500,0,0,-100000,551,114194,34816580,553,-111535,-82083544
21:20:53.575,0,-2.0,4,500,0,0,-100000,575,103733,34817040,116,-87980,-82083928
21:20:53.580,0,-2.05,4,500,0,0,-100000,549,100710,34817560,170,-86898,-82084480
21:20:53.585,0,-2.18,4,500,0,0,-100000,468,84955,34817876,766,-114585,-82085168
21:20:53.590,0,-2.31,4,500,0,0,-100000,451,84740,34818352,67,-86515,-82085368
21:20:53.595,0,-2.37,4,500,0,0,-100000,458,94597,34818820,44,-80703,-82085896
21:20:53.600,0,-2.33,4,500,0,0,-100000,476,100860,34819384,674,-111243,-82086584
21:20:53.605,0,-2.25,4,500,0,0,-100000,566,99249,34819852,76,-88598,-82086816
21:20:53.610,0,-2.11,4,500,0,0,-100000,531,90286,34820316,104,-83419,-82087336
21:20:53.615,0,-2.12,4,500,0,0,-100000,455,82854,34820664,721,-115009,-82088056
21:20:53.620,0,-2.14,4,500,0,0,-100000,522,85720,34821156,316,-104942,-82088488
21:20:53.625,0,-2.17,4,500,0,0,-100000,536,102914,34821808,-6,-76479,-82088824
21:20:53.630,0,-2.16,4,500,0,0,-100000,446,107664,34822328,705,-109494,-82089528
21:20:53.636,0,-2.14,4,500,0,0,-100000,551,97424,34822752,651,-118044,-82090056
21:20:53.641,0,-2.13,4,500,0,0,-100000,569,85853,34823208,-20,-71632,-82090216
21:20:53.646,0,-2.15,4,500,0,0,-100000,417,80053,34823476,510,-102548,-82090944
21:20:53.651,0,-2.16,4,500,0,0,-100000,493,81942,34823944,142,-97187,-82091272
21:20:53.656,0,-2.15,4,500,0,0,-100000,481,90732,34824388,9,-77710,-82091696
21:20:53.661,0,-2.12,4,500,0,0,-100000,432,103270,34824980,707,-108848,-82092424
21:20:53.666,0,-2.06,4,500,0,0,-100000,520,116378,34825676,577,-110432,-82092928
21:20:53.671,0,-2.04,4,500,0,0,-100000,549,121772,34826272,123,-83101,-82093208
21:20:53.676,0,-2.07,4,500,0,0,-100000,470,105977,34826704,705,-102434,-82093880
21:20:53.681,0,-2.14,4,500,0,0,-100000,500,87255,34827128,602,-111249,-82094416
21:20:53.686,0,-2.22,4,500,0,0,-100000,521,79008,34827476,9,-79775,-82094656
21:20:53.691,0,-2.27,4,500,0,0,-100000,474,79531,34827904,331,-94511,-82095288
21:20:53.696,0,-2.23,4,500,0,0,-100000,481,88325,34828360,243,-99168,-82095688
21:20:53.701,0,-2.15,4,500,0,0,-100000,504,109165,34828968,9,-79087,-82096096
21:20:53.706,0,-2.04,4,500,0,0,-100000,455,136157,34829804,581,-105497,-82096816
21:20:53.711,0,-1.98,4,500,0,0,-100000,557,140226,34830488,431,-103909,-82097208
21:20:53.716,0,-2.0,4,500,0,0,-100000,672,122437,34831092,86,-85127,-82097640
21:20:53.721,0,-2.11,4,500,0,0,-100000,447,92667,34831388,541,-98342,-82098280
21:20:53.726,0,-2.24,4,500,0,0,-100000,470,55237,34831540,497,-109249,-82098816
21:20:53.732,0,-2.33,4,500,0,0,-100000,358,53764,34831780,-52,-75551,-82099016
21:20:53.737,0,-2.31,4,500,0,0,-100000,404,71286,34832212,436,-107571,-82099720
21:20:53.742,0,-2.15,4,500,0,0,-100000,374,112100,34833000,163,-91198,-82100088
21:20:53.747,0,-1.96,4,500,0,0,-100000,487,154852,34833908,285,-91965,-82100552
21:20:53.752,0,-1.81,4,500,0,0,-100000,618,158548,34834672,954,-116904,-82101256
21:20:53.757,0,-1.8,4,500,0,0,-100000,575,104915,34835096,633,-116541,-82101784
21:20:53.762,0,-1.95,4,500,0,0,-100000,516,61289,34835208,-87,-73410,-82101944
21:20:53.767,0,-2.16,4,500,0,0,-100000,383,38461,34835276,288,-94071,-82102616
21:20:53.772,0,-2.28,4,500,0,0,-100000,411,54840,34835620,47,-90600,-82102936
21:20:53.777,0,-2.24,4,500,0,0,-100000,430,99824,34836264,53,-79918,-82103424
21:20:53.782,0,-2.03,4,500,0,0,-100000,480,142378,34837196,748,-120234,-82104200
21:20:53.787,0,-1.81,4,500,0,0,-100000,630,161601,34838044,406,-105617,-82104608
21:20:53.793,0,-1.71,4,500,0,0,-100000,655,126392,34838632,144,-80161,-82104944
21:20:53.798,0,-1.82,4,500,0,0,-100000,465,79570,34838792,943,-115918,-82105712
21:20:53.803,0,-2.06,4,500,0,0,-100000,458,39071,34838836,335,-109763,-82106136
21:20:53.808,0,-2.3,4,500,0,0,-100000,414,42137,34839040,-93,-73032,-82106344
21:20:53.813,0,-2.37,4,500,0,0,-100000,483,69877,34839508,644,-113657,-82107088
21:20:53.818,0,-2.23,4,500,0,0,-100000,495,104242,34840152,150,-94924,-82107440
21:20:53.823,0,-1.99,4,500,0,0,-100000,449,134691,34840916,114,-82022,-82107832
21:20:53.828,0,-1.77,4,500,0,0,-100000,522,142063,34841736,1054,-119391,-82108616
21:20:53.833,0,-1.71,4,500,0,0,-100000,608,115031,34842192,675,-121746,-82109136
21:20:53.838,0,-1.85,4,500,0,0,-100000,562,75138,34842488,-22,-71055,-82109288
21:20:53.843,0,-2.07,4,500,0,0,-100000,399,53159,34842628,662,-104988,-82110048
21:20:53.848,0,-2.26,4,500,0,0,-100000,430,48250,34842832,370,-108778,-82110512
21:20:53.853,0,-2.31,4,500,0,0,-100000,369,88307,34843448,-78,-72150,-82110736
21:20:53.858,0,-2.17,4,500,0,0,-100000,462,121256,34844140,718,-119922,-82111544
21:20:53.863,0,-1.95,4,500,0,0,-100000,614,142851,34845032,261,-98389,-82111896
21:20:53.868,0,-1.8,4,500,0,0,-100000,553,145354,34845724,324,-94272,-82112360
21:20:53.873,0,-1.79,4,500,0,0,-100000,545,110194,34846208,791,-118292,-82113032
21:20:53.878,0,-1.96,4,500,0,0,-100000,522,71036,34846384,231,-96269,-82113384
21:20:53.884,0,-2.21,4,500,0,0,-100000,395,55287,34846572,-24,-73434,-82113768
21:20:53.889,0,-2.38,4,500,0,0,-100000,389,61277,34846916,610,-114029,-82114440
21:20:53.894,0,-2.39,4,500,0,0,-100000,514,84061,34847412,53,-85419,-82114744
21:20:53.899,0,-2.22,4,500,0,0,-100000,454,122869,34848220,388,-98130,-82115288
21:20:53.904,0,-1.98,4,500,0,0,-100000,539,134104,34848900,712,-116121,-82115904
21:20:53.909,0,-1.82,4,500,0,0,-100000,643,129918,34849508,300,-97458,-82116304
21:20:53.914,0,-1.8,4,500,0,0,-100000,471,112619,34850068,360,-86685,-82116728
21:20:53.919,0,-1.93,4,500,0,0,-100000,507,75065,34850324,1013,-122942,-82117488
21:20:53.924,0,-2.16,4,500,0,0,-100000,551,53686,34850484,126,-93018,-82117744
21:20:53.929,0,-2.33,4,500,0,0,-100000,416,60279,34850820,-139,-68790,-82118128
21:20:53.934,0,-2.36,4,500,0,0,-100000,396,83763,34851288,686,-122994,-82118888
21:20:53.939,0,-2.26,4,500,0,0,-100000,583,118912,34852080,95,-87827,-82119136
21:20:53.944,0,-2.06,4,500,0,0,-100000,542,137182,34852808,8,-76473,-82119656
21:20:53.949,0,-1.9,4,500,0,0,-100000,537,128005,34853372,991,-130175,-82120400
21:20:53.954,0,-1.89,4,500,0,0,-100000,542,95983,34853824,194,-98902,-82120712
21:20:53.959,0,-2.01,4,500,0,0,-100000,510,82256,34854148,-237,-60296,-82121064
21:20:53.964,0,-2.2,4,500,0,0,-100000,414,59710,34854372,1263,-131268,-82121960
21:20:53.969,0,-2.37,4,500,0,0,-100000,491,57628,34854644,270,-107174,-82122256
21:20:53.975,0,-2.42,4,500,0,0,-100000,440,84820,34855152,-178,-68517,-82122504
21:20:53.980,0,-2.31,4,500,0,0,-100000,566,127794,34856208,61,-74944,-82123264
21:20:53.985,0,-2.15,4,500,0,0,-100000,559,126611,34856788,1308,-136575,-82124184
21:20:53.990,0,-2.0,4,500,0,0,-100000,576,110712,34857352,88,-86562,-82124272
21:20:53.995,0,-1.96,4,500,0,0,-100000,489,99945,34857764,70,-78579,-82124808
21:20:54.000,0,-2.06,4,500,0,0,-100000,435,76510,34858088,991,-119630,-82125600
21:20:54.005,0,-2.21,4,500,0,0,-100000,490,77891,34858324,-120,-70119,-82125560
21:20:54.010,0,-2.35,4,500,0,0,-100000,404,87031,34858808,1018,-121446,-82126360
21:20:54.015,0,-2.41,4,500,0,0,-100000,504,95186,34859312,268,-104568,-82126704
21:20:54.020,0,-2.37,4,500,0,0,-100000,560,109588,34859992,-153,-68646,-82127040
21:20:54.025,0,-2.27,4,500,0,0,-100000,437,98916,34860408,1157,-128099,-82127872
21:20:54.030,0,-2.2,4,500,0,0,-100000,555,88638,34860792,257,-102076,-82128208
21:20:54.035,0,-2.17,4,500,0,0,-100000,475,88243,34861284,122,-84559,-82128584
21:20:54.040,0,-2.2,4,500,0,0,-100000,419,93211,34861724,810,-118460,-82129312
21:20:54.045,0,-2.18,4,500,0,0,-100000,492,113728,34862444,291,-100616,-82129704
21:20:54.050,0,-2.15,4,500,0,0,-100000,483,132977,34863160,234,-84865,-82130072
21:20:54.055,0,-2.14,4,500,0,0,-100000,370,120513,34863768,1032,-121874,-82130832
21:20:54.060,0,-2.17,4,500,0,0,-100000,567,94475,34864108,423,-107847,-82131232
21:20:54.066,0,-2.26,4,500,0,0,-100000,509,70942,34864408,-82,-73810,-82131544
21:20:54.071,0,-2.34,4,500,0,0,-100000,410,63459,34864644,815,-115855,-82132264
21:20:54.076,0,-2.34,4,500,0,0,-100000,476,79265,34865128,115,-99924,-82132624
21:20:54.081,0,-2.25,4,500,0,0,-100000,468,117316,34865836,-53,-71807,-82132984
21:20:54.086,0,-2.12,4,500,0,0,-100000,523,149618,34866784,1008,-126210,-82133768
21:20:54.091,0,-2.02,4,500,0,0,-100000,595,144771,34867464,494,-109082,-82134192
21:20:54.096,0,-2.05,4,500,0,0,-100000,682,110329,34867864,57,-82647,-82134576
21:20:54.101,0,-2.21,4,500,0,0,-100000,396,60152,34867996,527,-102371,-82135192
21:20:54.106,0,-2.37,4,500,0,0,-100000,397,42587,34868144,555,-115915,-82135856
21:20:54.111,0,-2.44,4,500,0,0,-100000,460,63405,34868520,-173,-74144,-82135992
21:20:54.116,0,-2.36,4,500,0,0,-100000,449,103923,34869228,304,-95620,-82136672
21:20:54.121,0,-2.15,4,500,0,0,-100000,502,138539,34870008,437,-112303,-82137160
21:20:54.126,0,-1.97,4,500,0,0,-100000,598,164623,34870884,-18,-76484,-82137496
21:20:54.131,0,-1.93,4,500,0,0,-100000,571,139757,34871548,1207,-118024,-82138256
21:20:54.136,0,-2.07,4,500,0,0,-100000,501,82552,34871688,1071,-137567,-82138864
21:20:54.141,0,-2.31,4,500,0,0,-100000,529,51991,34871820,-129,-76937,-82138968
21:20:54.146,0,-2.53,4,500,0,0,-100000,392,46106,34872024,450,-92395,-82139592
21:20:54.151,0,-2.59,4,500,0,0,-100000,413,57468,34872328,1086,-138800,-82140344
21:20:54.157,0,-2.45,4,500,0,0,-100000,544,95022,34873000,-553,-54381,-82140208
21:20:54.162,0,-2.22,4,500,0,0,-100000,451,140945,34873840,209,-85309,-82141008
21:20:54.167,0,-2.01,4,500,0,0,-100000,598,151481,34874604,1347,-144450,-82141912
21:20:54.172,0,-1.95,4,500,0,0,-100000,666,127427,34875268,3,-79769,-82141944
21:20:54.177,0,-2.07,4,500,0,0,-100000,507,89029,34875528,-48,-68260,-82142464
21:20:54.182,0,-2.28,4,500,0,0,-100000,329,49911,34875620,1114,-123155,-82143336
21:20:54.187,0,-2.46,4,500,0,0,-100000,520,43249,34875804,-52,-81259,-82143416
21:20:54.192,0,-2.5,4,500,0,0,-100000,425,82187,34876384,-31,-75560,-82143952
21:20:54.197,0,-2.37,4,500,0,0,-100000,443,110011,34876992,833,-128641,-82144784
21:20:54.202,0,-2.15,4,500,0,0,-100000,593,148997,34877976,159,-94452,-82145064
21:20:54.207,0,-1.99,4,500,0,0,-100000,606,161838,34878788,323,-88703,-82145520
21:20:54.212,0,-1.97,4,500,0,0,-100000,581,126991,34879244,1048,-123910,-82146304
21:20:54.217,0,-2.12,4,500,0,0,-100000,501,76387,34879496,469,-105701,-82146680
21:20:54.222,0,-2.35,4,500,0,0,-100000,433,52101,34879636,-29,-78859,-82146984
21:20:54.227,0,-2.51,4,500,0,0,-100000,392,52783,34879908,618,-110645,-82147688
21:20:54.232,0,-2.51,4,500,0,0,-100000,461,78677,34880384,11,-82309,-82147888
21:20:54.237,0,-2.34,4,500,0,0,-100000,470,124284,34881156,117,-85625,-82148448
21:20:54.242,0,-2.1,4,500,0,0,-100000,495,151477,34882108,1022,-124621,-82149248
21:20:54.248,0,-1.93,4,500,0,0,-100000,776,150259,34882832,196,-91627,-82149456
21:20:54.253,0,-1.96,4,500,0,0,-100000,602,113268,34883320,41,-80734,-82149976
21:20:54.258,0,-2.15,4,500,0,0,-100000,396,70160,34883440,818,-107665,-82150688
21:20:54.263,0,-2.41,4,500,0,0,-100000,696,42078,34883560,169,-99427,-82151000
21:20:54.268,0,-2.59,4,500,0,0,-100000,471,56175,34883868,-257,-62681,-82151296
21:20:54.273,0,-2.58,4,500,0,0,-100000,338,83602,34884400,691,-117124,-82152160
21:20:54.278,0,-2.4,4,500,0,0,-100000,531,119450,34885116,397,-110592,-82152600
21:20:54.283,0,-2.17,4,500,0,0,-100000,559,148553,34886056,-36,-74294,-82152848
21:20:54.288,0,-2.0,4,500,0,0,-100000,500,139392,34886672,992,-115900,-82153680
21:20:54.294,0,-2.01,4,500,0,0,-100000,542,97475,34887084,487,-115104,-82154064
21:20:54.299,0,-2.18,4,500,0,0,-100000,570,63901,34887268,-232,-66474,-82154288
21:20:54.304,0,-2.39,4,500,0,0,-100000,339,52457,34887448,-79,-70762,-82154912
21:20:54.309,0,-2.53,4,500,0,0,-100000,364,57355,34887764,891,-131776,-82155664
21:20:54.314,0,-2.52,4,500,0,0,-100000,556,95387,34888380,-99,-80332,-82155832
21:20:54.319,0,-2.37,4,500,0,0,-100000,486,132115,34889236,-27,-74033,-82156384
21:20:54.324,0,-2.17,4,500,0,0,-100000,521,132779,34889844,1164,-139166,-82157208
21:20:54.329,0,-2.06,4,500,0,0,-100000,795,120443,34890484,36,-87710,-82157392
21:20:54.334,0,-2.1,4,500,0,0,-100000,510,101811,34890876,-83,-69911,-82157880
21:20:54.339,0,-2.23,4,500,0,0,-100000,387,70638,34891120,920,-118419,-82158720
21:20:54.345,0,-2.41,4,500,0,0,-100000,527,64376,34891400,100,-92783,-82158912
21:20:54.350,0,-2.5,4,500,0,0,-100000,481,89302,34891992,-101,-72209,-82159360
21:20:54.355,0,-2.47,4,500,0,0,-100000,429,103685,34892524,1104,-124853,-82160224
21:20:54.360,0,-2.36,4,500,0,0,-100000,626,107355,34893176,43,-84315,-82160336
21:20:54.365,0,-2.24,4,500,0,0,-100000,492,115575,34893748,-88,-71415,-82160856
21:20:54.370,0,-2.15,4,500,0,0,-100000,457,100934,34894156,999,-124861,-82161624
21:20:54.375,0,-2.17,4,500,0,0,-100000,514,102266,34894752,259,-98518,-82161960
21:20:54.380,0,-2.22,4,500,0,0,-100000,498,113357,34895332,40,-76131,-82162392
21:20:54.385,0,-2.26,4,500,0,0,-100000,514,115120,34895964,898,-121749,-82163136
21:20:54.390,0,-2.31,4,500,0,0,-100000,582,104816,34896424,269,-102802,-82163488
21:20:54.395,0,-2.33,4,500,0,0,-100000,570,91461,34896868,-97,-70483,-82163824
21:20:54.400,0,-2.34,4,500,0,0,-100000,386,79460,34897168,813,-119978,-82164584
21:20:54.405,0,-2.35,4,500,0,0,-100000,472,73227,34897540,119,-93207,-82164888
21:20:54.410,0,-2.27,4,500,0,0,-100000,455,99663,34898100,-7,-80836,-82165360
21:20:54.415,0,-2.17,4,500,0,0,-100000,467,125882,34898880,728,-112240,-82166088
21:20:54.421,0,-2.09,4,500,0,0,-100000,528,138813,34899608,279,-101461,-82166416
21:20:54.426,0,-2.08,4,500,0,0,-100000,542,132110,34900216,-76,-73471,-82166808
21:20:54.431,0,-2.2,4,500,0,0,-100000,491,88649,34900540,945,-124854,-82167608
21:20:54.436,0,-2.34,4,500,0,0,-100000,541,52925,34900644,237,-104046,-82167944
21:20:54.441,0,-2.43,4,500,0,0,-100000,457,50962,34900904,-257,-66104,-82168240
21:20:54.446,0,-2.38,4,500,0,0,-100000,367,75750,34901344,930,-121844,-82169040
21:20:54.451,0,-2.2,4,500,0,0,-100000,540,112305,34902032,190,-96439,-82169344
21:20:54.456,0,-1.99,4,500,0,0,-100000,540,156007,34903056,-6,-77632,-82169792
21:20:54.461,0,-1.91,4,500,0,0,-100000,622,138326,34904028,129,-80020,-82170480
21:20:54.466,0,-2.01,4,500,0,0,-100000,478,88094,34904224,1071,-125421,-82171320
21:20:54.471,0,-2.24,4,500,0,0,-100000,453,42280,34904276,444,-112927,-82171696
21:20:54.476,0,-2.48,4,500,0,0,-100000,459,39728,34904444,-233,-60692,-82171824
21:20:54.481,0,-2.57,4,500,0,0,-100000,366,56587,34904744,1009,-122498,-82172752
21:20:54.486,0,-2.45,4,500,0,0,-100000,475,80103,34905164,-347,-63829,-82172640
21:20:54.491,0,-2.2,4,500,0,0,-100000,401,120482,34905872,412,-91442,-82173408
21:20:54.497,0,-1.97,4,500,0,0,-100000,548,145728,34906792,611,-118243,-82173936
21:20:54.502,0,-1.86,4,500,0,0,-100000,670,148101,34907532,-24,-77412,-82174248
21:20:54.507,0,-1.96,4,500,0,0,-100000,491,121266,34907988,913,-103697,-82174952
21:20:54.512,0,-2.18,4,500,0,0,-100000,424,64112,34908136,1184,-139403,-82175656
21:20:54.517,0,-2.38,4,500,0,0,-100000,530,41321,34908248,-39,-75355,-82175736
21:20:54.522,0,-2.46,4,500,0,0,-100000,391,55536,34908576,375,-98275,-82176368
21:20:54.527,0,-2.36,4,500,0,0,-100000,431,83169,34909068,452,-116670,-82176912
21:20:54.532,0,-2.13,4,500,0,0,-100000,553,135356,34910000,-93,-75339,-82177176
21:20:54.537,0,-1.92,4,500,0,0,-100000,536,165440,34910888,697,-106586,-82177960
21:20:54.542,0,-1.85,4,500,0,0,-100000,628,149180,34911688,723,-117806,-82178440
21:20:54.547,0,-1.95,4,500,0,0,-100000,536,111865,34912080,77,-81063,-82178760
21:20:54.552,0,-2.2,4,500,0,0,-100000,181,70108,34912228,28,-80678,-82179320
21:20:54.557,0,-2.43,4,500,0,0,-100000,449,41746,34912340,489,-111054,-82179896
21:20:54.562,0,-2.51,4,500,0,0,-100000,478,50354,34912612,-115,-71965,-82180160
21:20:54.567,0,-2.4,4,500,0,0,-100000,370,76007,34913068,694,-116474,-82180888
21:20:54.572,0,-2.15,4,500,0,0,-100000,542,127274,34913980,167,-97336,-82181240
21:20:54.577,0,-1.91,4,500,0,0,-100000,552,162803,34914904,70,-87059,-82181752
21:20:54.582,0,-1.81,4,500,0,0,-100000,517,156586,34915752,910,-116375,-82182408
21:20:54.588,0,-1.9,4,500,0,0,-100000,541,102219,34916124,1087,-127671,-82183104
21:20:54.593,0,-2.13,4,500,0,0,-100000,558,61532,34916244,-41,-73332,-82183168
21:20:54.598,0,-2.38,4,500,0,0,-100000,397,43499,34916392,177,-85040,-82183808
21:20:54.603,0,-2.5,4,500,0,0,-100000,399,49250,34916628,624,-122532,-82184496
21:20:54.608,0,-2.43,4,500,0,0,-100000,488,82833,34917148,-275,-65695,-82184552
21:20:54.613,0,-2.23,4,500,0,0,-100000,452,128245,34918008,699,-110137,-82185392
21:20:54.618,0,-2.0,4,500,0,0,-100000,606,148561,34918796,312,-105288,-82185744
21:20:54.623,0,-1.89,4,500,0,0,-100000,683,139857,34919572,-55,-74020,-82186104
21:20:54.628,0,-1.96,4,500,0,0,-100000,505,103117,34919908,1119,-115639,-82186864
21:20:54.633,0,-2.15,4,500,0,0,-100000,482,55481,34919972,943,-138274,-82187496
21:20:54.638,0,-2.36,4,500,0,0,-100000,513,35764,34920112,-430,-71068,-82187552
21:20:54.643,0,-2.46,4,500,0,0,-100000,348,54014,34920420,191,-82322,-82188152
21:20:54.648,0,-2.37,4,500,0,0,-100000,361,91497,34921044,1348,-157857,-82189120
21:20:54.653,0,-2.16,4,500,0,0,-100000,637,133839,34921876,-742,-53076,-82188840
21:20:54.658,0,-1.96,4,500,0,0,-100000,546,165843,34922888,676,-96862,-82189808
21:20:54.664,0,-1.86,4,500,0,0,-100000,554,148275,34923504,1461,-149634,-82190624
21:20:54.669,0,-1.93,4,500,0,0,-100000,639,107455,34923972,150,-96507,-82190792
21:20:54.674,0,-2.16,4,500,0,0,-100000,454,78497,34924204,99,-76824,-82191192
21:20:54.679,0,-2.39,4,500,0,0,-100000,382,50270,34924316,985,-136665,-82192064
21:20:54.684,0,-2.53,4,500,0,0,-100000,512,52805,34924632,17,-80538,-82192160
21:20:54.689,0,-2.51,4,500,0,0,-100000,402,81629,34925108,439,-98104,-82192768
21:20:54.694,0,-2.32,4,500,0,0,-100000,491,113417,34925864,792,-123774,-82193400
21:20:54.699,0,-2.1,4,500,0,0,-100000,579,136593,34926616,39,-84530,-82193664
21:20:54.704,0,-1.95,4,500,0,0,-100000,500,142214,34927304,481,-101172,-82194288
21:20:54.709,0,-1.92,4,500,0,0,-100000,518,118875,34927912,957,-121363,-82194952
21:20:54.714,0,-2.03,4,500,0,0,-100000,559,95926,34928276,84,-83829,-82195128
21:20:54.719,0,-2.21,4,500,0,0,-100000,555,80388,34928656,72,-80454,-82195656
21:20:54.724,0,-2.33,4,500,0,0,-100000,427,71566,34928928,708,-119508,-82196408
21:20:54.729,0,-2.38,4,500,0,0,-100000,538,83796,34929440,121,-89978,-82196672
21:20:54.734,0,-2.31,4,500,0,0,-100000,393,109784,34930044,410,-94528,-82197184
21:20:54.740,0,-2.16,4,500,0,0,-100000,509,121781,34930748,685,-117598,-82197824
21:20:54.745,0,-2.04,4,500,0,0,-100000,619,130287,34931416,193,-91019,-82198160
21:20:54.750,0,-2.0,4,500,0,0,-100000,559,125294,34932104,26,-82355,-82198664
21:20:54.755,0,-2.05,4,500,0,0,-100000,445,97525,34932440,885,-122768,-82199352
21:20:54.760,0,-2.18,4,500,0,0,-100000,626,76505,34932712,167,-95342,-82199664
21:20:54.765,0,-2.3,4,500,0,0,-100000,459,70367,34933084,-11,-78703,-82200040
21:20:54.770,0,-2.33,4,500,0,0,-100000,390,72722,34933420,852,-119911,-82200800
21:20:54.775,0,-2.26,4,500,0,0,-100000,509,94127,34934028,201,-97192,-82201128
21:20:54.780,0,-2.13,4,500,0,0,-100000,491,124085,34934736,124,-83391,-82201528
21:20:54.785,0,-1.97,4,500,0,0,-100000,535,133851,34935388,1156,-127055,-82202336
21:20:54.790,0,-1.9,4,500,0,0,-100000,607,127278,34936084,458,-112117,-82202728
21:20:54.795,0,-1.96,4,500,0,0,-100000,590,99860,34936552,-182,-61237,-82202888
21:20:54.800,0,-2.29,4,500,0,0,-100000,385,69294,34936720,863,-122403,-82203840
21:20:54.805,0,-2.4,4,500,0,0,-100000,398,44530,34936876,689,-131534,-82204344
21:20:54.810,0,-2.37,4,500,0,0,-100000,525,62472,34937244,-435,-70713,-82204440
21:20:54.816,0,-2.2,4,500,0,0,-100000,388,93246,34937784,684,-96354,-82205128
21:20:54.821,0,-2.0,4,500,0,0,-100000,439,122717,34938576,1296,-155859,-82205976
21:20:54.826,0,-1.86,4,500,0,0,-100000,592,148585,34939412,-224,-63751,-82205856
21:20:54.831,0,-1.88,4,500,0,0,-100000,566,134772,34940120,424,-92956,-82206640
21:20:54.836,0,-2.06,4,500,0,0,-100000,499,86077,34940316,1220,-132646,-82207440
21:20:54.841,0,-2.25,4,500,0,0,-100000,525,51987,34940440,50,-78363,-82207480
21:20:54.846,0,-2.37,4,500,0,0,-100000,417,52468,34940708,13,-76408,-82208032
21:20:54.851,0,-2.32,4,500,0,0,-100000,396,65324,34941052,830,-122813,-82208808
21:20:54.856,0,-2.13,4,500,0,0,-100000,545,105032,34941780,-176,-69335,-82208856
21:20:54.861,0,-1.91,4,500,0,0,-100000,524,139754,34942564,581,-98304,-82209608
21:20:54.866,0,-1.81,4,500,0,0,-100000,541,148462,34943420,980,-129501,-82210288
21:20:54.871,0,-1.88,4,500,0,0,-100000,645,136731,34944028,263,-94545,-82210608
21:20:54.876,0,-2.08,4,500,0,0,-100000,501,90669,34944352,186,-88304,-82211040
21:20:54.881,0,-2.31,4,500,0,0,-100000,410,55779,34944452,691,-118666,-82211736
21:20:54.886,0,-2.41,4,500,0,0,-100000,482,51821,34944676,-16,-82321,-82211976
21:20:54.891,0,-2.32,4,500,0,0,-100000,391,87999,34945268,428,-99466,-82212552
21:20:54.896,0,-2.12,4,500,0,0,-100000,510,107985,34945852,451,-108460,-82213072
21:20:54.902,0,-1.9,4,500,0,0,-100000,558,137032,34946636,77,-84790,-82213440
21:20:54.907,0,-1.82,4,500,0,0,-100000,505,141897,34947448,792,-108151,-82214096
21:20:54.912,0,-1.92,4,500,0,0,-100000,716,114669,34947892,936,-125226,-82214728
21:20:54.917,0,-2.12,4,500,0,0,-100000,577,87040,34948284,-29,-76962,-82214880
21:20:54.922,0,-2.32,4,500,0,0,-100000,435,69488,34948520,176,-86608,-82215480
21:20:54.927,0,-2.4,4,500,0,0,-100000,248,66328,34948856,604,-116734,-82216152
21:20:54.932,0,-2.32,4,500,0,0,-100000,521,89916,34949368,11,-85018,-82216424
21:20:54.937,0,-2.16,4,500,0,0,-100000,498,120145,34950120,444,-99325,-82217000
21:20:54.942,0,-2.02,4,500,0,0,-100000,539,125735,34950736,867,-124736,-82217656
21:20:54.947,0,-1.97,4,500,0,0,-100000,522,109732,34951540,927,-121952,-82218384
21:20:54.952,0,-2.07,4,500,0,0,-100000,584,82088,34951828,-14,-78402,-82218512
21:20:54.957,0,-2.24,4,500,0,0,-100000,400,62987,34952040,135,-80837,-82219112
21:20:54.962,0,-2.35,4,500,0,0,-100000,505,60185,34952340,599,-118499,-82219720
21:20:54.967,0,-2.35,4,500,0,0,-100000,440,80440,34952676,-91,-73110,-82219816
21:20:54.972,0,-2.24,4,500,0,0,-100000,433,98231,34953208,1222,-128756,-82220680
21:20:54.977,0,-2.07,4,500,0,0,-100000,612,124135,34954028,44,-91691,-82220800
21:20:54.982,0,-1.96,4,500,0,0,-100000,592,133537,34954708,-176,-63929,-82221232
21:20:54.988,0,-1.99,4,500,0,0,-100000,467,110512,34955212,658,-109006,-82222112
21:20:54.993,0,-2.12,4,500,0,0,-100000,530,81269,34955460,389,-107533,-82222464
21:20:54.998,0,-2.27,4,500,0,0,-100000,425,75016,34955860,-71,-72562,-82222776
21:20:55.003,0,-2.38,4,500,0,0,-100000,459,81788,34956244,377,-93162,-82223472
21:20:55.008,0,-2.35,4,500,0,0,-100000,462,86280,34956720,759,-122550,-82224128
21:20:55.013,0,-2.24,4,500,0,0,-100000,555,107334,34957316,-58,-74230,-82224232
21:20:55.018,0,-2.14,4,500,0,0,-100000,539,112060,34957952,321,-88659,-82224896
21:20:55.023,0,-2.08,4,500,0,0,-100000,470,101122,34958388,1008,-128220,-82225648
21:20:55.028,0,-2.09,4,500,0,0,-100000,536,83757,34958804,-19,-79628,-82225752
21:20:55.033,0,-2.15,4,500,0,0,-100000,423,87071,34959224,58,-79572,-82226328
21:20:55.038,0,-2.19,4,500,0,0,-100000,445,93340,34959676,677,-117193,-82226960
21:20:55.043,0,-2.17,3,500,0,0,-100000,547,113116,34960408,110,-86035,-82227288
21:20:55.049,0,-2.12,3,500,0,0,-100000,521,126769,34961052,33,-80720,-82227832
21:20:55.054,0,-2.09,3,500,0,0,-100000,564,115649,34961640,957,-123479,-82228520
21:20:55.059,0,-2.12,3,500,0,0,-100000,589,88228,34961940,144,-92195,-82228808
21:20:55.064,0,-2.2,3,500,0,0,-100000,485,72662,34962264,-67,-73444,-82229256
21:20:55.069,0,-2.27,3,500,0,0,-100000,375,79266,34962704,575,-115487,-82230040
21:20:55.074,0,-2.25,3,500,0,0,-100000,526,93835,34963196,-7,-83367,-82230208
21:20:55.079,0,-2.17,3,500,0,0,-100000,514,123889,34964016,177,-87678,-82230784
21:20:55.084,0,-2.06,3,500,0,0,-100000,518,133703,34964680,804,-116829,-82231488
21:20:55.089,0,-2.0,3,500,0,0,-100000,647,115332,34965172,142,-92253,-82231728
21:20:55.094,0,-2.06,3,500,0,0,-100000,488,95009,34965544,-62,-71907,-82232176
21:20:55.099,0,-2.18,3,500,0,0,-100000,401,68639,34965796,942,-124886,-82232944
21:20:55.105,0,-2.29,3,500,0,0,-100000,350,56351,34966020,198,-101352,-82233288
21:20:55.110,0,-2.31,3,500,0,0,-100000,456,80397,34966488,-76,-74327,-82233592
21:20:55.115,0,-2.21,3,500,0,0,-100000,434,109063,34967168,808,-123196,-82234432
21:20:55.120,0,-2.04,3,500,0,0,-100000,566,134331,34967924,231,-99808,-82234768
21:20:55.125,0,-1.92,3,500,0,0,-100000,646,147505,34968788,360,-91653,-82235232
21:20:55.130,0,-1.92,3,500,0,0,-100000,560,123130,34969256,1147,-122958,-82235976
21:20:55.135,0,-2.05,3,500,0,0,-100000,524,69156,34969440,508,-117148,-82236408
21:20:55.140,0,-2.26,3,500,0,0,-100000,489,49160,34969588,-164,-63265,-82236536
21:20:55.145,0,-2.41,3,500,0,0,-100000,366,45355,34969784,824,-121444,-82237408
21:20:55.150,0,-2.41,3,500,0,0,-100000,484,67998,34970196,181,-95527,-82237688
21:20:55.155,0,-2.25,3,500,0,0,-100000,531,115798,34971024,-87,-68417,-82238072
21:20:55.160,0,-2.03,3,500,0,0,-100000,482,135933,34971752,963,-132663,-82238920
21:20:55.165,0,-1.87,3,500,0,0,-100000,615,139188,34972452,250,-102362,-82239240
21:20:55.170,0,-2.04,3,500,0,0,-100000,590,110896,34972984,-150,-65373,-82239520
21:20:55.175,0,-2.26,3,500,0,0,-100000,409,70139,34973124,1211,-127119,-82240448
21:20:55.180,0,-2.42,3,500,0,0,-100000,438,46262,34973300,492,-119611,-82240856
21:20:55.186,0,-2.41,3,500,0,0,-100000,470,63917,34973672,-238,-64611,-82240992
21:20:55.191,0,-2.24,3,500,0,0,-100000,392,86486,34974156,997,-122051,-82241888
21:20:55.196,0,-2.06,3,500,0,0,-100000,540,118040,34974948,319,-107335,-82242240
21:20:55.201,0,-1.94,3,500,0,0,-100000,577,146858,34975752,-7,-76967,-82242528
21:20:55.206,0,-1.98,3,500,0,0,-100000,527,139012,34976468,1020,-121174,-82243360
21:20:55.211,0,-2.16,3,500,0,0,-100000,619,103199,34976824,676,-116216,-82243832
21:20:55.216,0,-2.36,3,500,0,0,-100000,533,65040,34977056,-5,-77912,-82244120
21:20:55.221,0,-2.46,3,500,0,0,-100000,384,53447,34977240,629,-105153,-82244752
21:20:55.226,0,-2.41,3,500,0,0,-100000,468,60186,34977540,280,-105363,-82245200
21:20:55.231,0,-2.21,3,500,0,0,-100000,523,97923,34978228,-8,-76779,-82245480
21:20:55.236,0,-2.0,3,500,0,0,-100000,461,121010,34978888,822,-118302,-82246264
21:20:55.241,0,-1.89,3,500,0,0,-100000,638,136959,34979740,453,-105711,-82246680
21:20:55.246,0,-1.95,3,500,0,0,-100000,597,131066,34980356,136,-85652,-82247048
21:20:55.251,0,-2.12,3,500,0,0,-100000,498,98600,34980680,598,-105188,-82247728
21:20:55.256,0,-2.32,3,500,0,0,-100000,481,64006,34980904,657,-117335,-82248304
21:20:55.261,0,-2.42,3,500,0,0,-100000,493,60394,34981172,-79,-70871,-82248416
21:20:55.267,0,-2.37,3,500,0,0,-100000,418,71143,34981576,463,-96266,-82249120
21:20:55.272,0,-2.21,3,500,0,0,-100000,503,85313,34982024,522,-114231,-82249696
21:20:55.277,0,-2.04,3,500,0,0,-100000,575,116079,34982880,5,-83855,-82250008
21:20:55.282,0,-1.95,4,500,0,0,-100000,480,130002,34983436,620,-102839,-82250608
21:20:55.287,0,-2.0,4,500,0,0,-100000,530,118442,34984064,902,-121105,-82251232
21:20:55.292,0,-2.15,4,500,0,0,-100000,554,97764,34984464,332,-103745,-82251648
21:20:55.297,0,-2.31,4,500,0,0,-100000,571,62838,34984680,26,-78579,-82251960
21:20:55.302,0,-2.39,4,500,0,0,-100000,383,47306,34984820,743,-112859,-82252696
21:20:55.307,0,-2.34,4,500,0,0,-100000,477,55243,34985116,176,-99914,-82253064
21:20:55.312,0,-2.17,4,500,0,0,-100000,478,93491,34985780,13,-81924,-82253424
21:20:55.317,0,-1.98,4,500,0,0,-100000,464,119523,34986448,754,-118124,-82254168
21:20:55.323,0,-1.87,4,500,0,0,-100000,703,134305,34987268,147,-91267,-82254408
21:20:55.328,0,-1.91,4,500,0,0,-100000,540,124307,34987816,215,-86392,-82254952
21:20:55.333,0,-2.07,4,500,0,0,-100000,462,90295,34988164,907,-113350,-82255664
21:20:55.338,0,-2.27,4,500,0,0,-100000,480,67742,34988380,491,-111025,-82256128
21:20:55.343,0,-2.37,4,500,0,0,-100000,478,71705,34988788,-81,-69673,-82256312
21:20:55.348,0,-2.35,4,500,0,0,-100000,417,80847,34989188,681,-112202,-82257112
21:20:55.353,0,-2.23,4,500,0,0,-100000,487,104709,34989852,338,-104441,-82257528
21:20:55.358,0,-2.09,4,500,0,0,-100000,578,124173,34990532,48,-81403,-82257840
21:20:55.363,0,-2.03,4,500,0,0,-100000,562,123337,34991100,856,-113534,-82258584
21:20:55.368,0,-2.08,4,500,0,0,-100000,604,94279,34991536,477,-109457,-82259056
21:20:55.373,0,-2.18,4,500,0,0,-100000,442,83053,34991880,55,-80268,-82259328
21:20:55.378,0,-2.28,4,500,0,0,-100000,432,83079,34992320,591,-105356,-82260040
21:20:55.383,0,-2.29,4,500,0,0,-100000,501,88473,34992760,475,-108602,-82260528
21:20:55.388,0,-2.21,4,500,0,0,-100000,498,112111,34993384,-28,-81181,-82260808
21:20:55.393,0,-2.12,4,500,0,0,-100000,530,119442,34994072,785,-110448,-82261528
21:20:55.398,0,-2.07,4,500,0,0,-100000,572,106104,34994520,559,-111500,-82262016
21:20:55.404,0,-2.1,4,500,0,0,-100000,532,92948,34994984,7,-78501,-82262248
21:20:55.409,0,-2.18,4,500,0,0,-100000,428,86489,34995332,613,-106034,-82262968
21:20:55.414,0,-2.23,4,500,0,0,-100000,476,87718,34995816,426,-107244,-82263440
21:20:55.419,0,-2.22,4,500,0,0,-100000,522,110846,34996432,54,-83588,-82263824
21:20:55.424,0,-2.16,4,500,0,0,-100000,524,126567,34997176,466,-101966,-82264384
21:20:55.429,0,-2.12,4,500,0,0,-100000,502,117592,34997928,641,-104863,-82265144
21:20:55.434,0,-2.14,4,500,0,0,-100000,543,86863,34998312,390,-104608,-82265544
21:20:55.439,0,-2.24,4,500,0,0,-100000,472,69062,34998572,14,-80498,-82265928
21:20:55.444,0,-2.33,4,500,0,0,-100000,403,60495,34998808,187,-85074,-82266496
21:20:55.449,0,-2.34,4,500,0,0,-100000,422,73382,34999252,231,-107310,-82267016
21:20:55.454,0,-2.24,4,500,0,0,-100000,473,109884,34999916,-7,-76030,-82267344
21:20:55.459,0,-2.08,4,500,0,0,-100000,503,129549,35000500,773,-125139,-82268000
21:20:55.464,0,-1.95,4,500,0,0,-100000,595,146807,35001268,37,-77785,-82268112
21:20:55.469,0,-1.94,4,500,0,0,-100000,575,131325,35001940,312,-87232,-82268768
21:20:55.475,0,-2.09,4,500,0,0,-100000,626,85696,35002136,1170,-126502,-82269544
21:20:55.480,0,-2.28,4,500,0,0,-100000,467,45552,35002244,56,-84384,-82269664
21:20:55.485,0,-2.43,4,500,0,0,-100000,416,45041,35002432,-82,-75280,-82270152
21:20:55.490,0,-2.42,4,500,0,0,-100000,390,71378,35002888,714,-117517,-82270896
21:20:55.495,0,-2.23,4,500,0,0,-100000,535,111619,35003596,67,-91840,-82271208
21:20:55.500,0,-2.01,4,500,0,0,-100000,504,157283,35004632,442,-96382,-82271728
21:20:55.505,0,-1.88,4,500,0,0,-100000,571,155485,35005368,1202,-126466,-82272480
21:20:55.510,0,-1.93,4,500,0,0,-100000,648,114715,35005776,654,-118862,-82272952
21:20:55.515,0,-2.15,4,500,0,0,-100000,539,62669,35005936,-74,-70327,-82273104
21:20:55.520,0,-2.38,4,500,0,0,-100000,388,41073,35006020,419,-96984,-82273832
21:20:55.525,0,-2.5,4,500,0,0,-100000,430,47764,35006308,175,-94987,-82274168
21:20:55.530,0,-2.41,4,500,0,0,-100000,447,86389,35006868,26,-78576,-82274600
21:20:55.535,0,-2.18,4,500,0,0,-100000,480,132361,35007744,934,-118348,-82275368
21:20:55.540,0,-1.83,4,500,0,0,-100000,584,155353,35008584,528,-108449,-82275808
21:20:55.545,0,-1.93,3,500,0,0,-100000,615,151249,35009412,70,-83196,-82276128
21:20:55.550,0,-2.16,3,500,0,0,-100000,529,112465,35009784,647,-105020,-82276824
21:20:55.556,0,-2.39,3,500,0,0,-100000,497,64849,35009896,656,-112039,-82277376
21:20:55.561,0,-2.48,3,500,0,0,-100000,456,46980,35010092,6,-81123,-82277656
21:20:55.566,0,-2.38,3,500,0,0,-100000,406,76098,35010596,490,-105094,-82278256
21:20:55.571,0,-2.16,3,500,0,0,-100000,514,106129,35011228,274,-104811,-82278736
21:20:55.576,0,-1.97,3,500,0,0,-100000,535,143009,35012048,7,-79605,-82279104
21:20:55.581,0,-1.93,3,500,0,0,-100000,538,158021,35012980,847,-113482,-82279784
21:20:55.586,0,-2.06,3,500,0,0,-100000,596,129698,35013492,444,-106263,-82280152
21:20:55.591,0,-2.3,3,500,0,0,-100000,585,98254,35013832,0,-73360,-82280520
21:20:55.596,0,-2.48,3,500,0,0,-100000,402,61174,35013988,473,-100820,-82281256
21:20:55.601,0,-2.52,3,500,0,0,-100000,329,44586,35014120,497,-111783,-82281792
21:20:55.606,0,-2.38,3,500,0,0,-100000,457,71707,35014596,-59,-75125,-82281976
21:20:55.611,0,-2.14,3,500,0,0,-100000,365,106710,35015220,681,-109642,-82282720
21:20:55.616,0,-1.96,3,500,0,0,-100000,549,149076,35016208,408,-106566,-82283192
21:20:55.621,0,-1.95,3,500,0,0,-100000,633,156872,35017000,178,-87270,-82283544
21:20:55.626,0,-2.1,3,500,0,0,-100000,524,110801,35017464,928,-113293,-82284280
21:20:55.631,0,-2.33,3,500,0,0,-100000,445,57859,35017520,692,-123053,-82284848
21:20:55.636,0,-2.48,3,500,0,0,-100000,545,40583,35017640,-364,-61507,-82284864
21:20:55.642,0,-2.44,3,500,0,0,-100000,360,53997,35017948,300,-96254,-82285648
21:20:55.647,0,-2.25,3,500,0,0,-100000,462,81596,35018440,567,-119104,-82286248
21:20:55.652,0,-2.02,3,500,0,0,-100000,544,130094,35019356,-84,-69155,-82286376
21:20:55.657,0,-1.89,3,500,0,0,-100000,510,154790,35020176,760,-108539,-82287200
21:20:55.662,0,-1.95,3,500,0,0,-100000,566,139421,35020912,952,-127568,-82287832
21:20:55.667,0,-2.17,3,500,0,0,-100000,629,106801,35021284,64,-80460,-82287976
21:20:55.672,0,-2.4,3,500,0,0,-100000,465,64508,35021464,158,-85749,-82288576
21:20:55.677,0,-2.53,3,500,0,0,-100000,387,46099,35021584,775,-115648,-82289272
21:20:55.682,0,-2.47,3,500,0,0,-100000,497,59671,35021956,-39,-73436,-82289384
21:20:55.687,0,-2.26,3,500,0,0,-100000,414,93631,35022516,282,-96752,-82290072
21:20:55.692,0,-2.04,3,500,0,0,-100000,546,128120,35023272,578,-115613,-82290680
21:20:55.697,0,-1.93,3,500,0,0,-100000,638,150116,35024220,25,-80388,-82290896
21:20:55.702,0,-1.99,3,500,0,0,-100000,564,143767,35024872,433,-96777,-82291584
21:20:55.707,0,-2.19,3,500,0,0,-100000,550,104810,35025220,882,-118362,-82292256
21:20:55.712,0,-2.4,3,500,0,0,-100000,490,70585,35025496,72,-85982,-82292472
21:20:55.717,0,-2.49,3,500,0,0,-100000,414,68887,35025796,134,-83297,-82293000
21:20:55.723,0,-2.44,3,500,0,0,-100000,421,80297,35026272,565,-108981,-82293664
21:20:55.728,0,-2.27,3,500,0,0,-100000,562,109850,35026916,57,-84911,-82293904
21:20:55.733,0,-2.1,3,500,0,0,-100000,594,131137,35027708,408,-97996,-82294528
21:20:55.738,0,-2.04,3,500,0,0,-100000,546,125616,35028268,701,-111258,-82295120
21:20:55.743,0,-2.1,3,500,0,0,-100000,553,106118,35028796,280,-98778,-82295568
21:20:55.748,0,-2.22,3,500,0,0,-100000,497,95122,35029188,223,-90721,-82295976
21:20:55.753,0,-2.34,3,500,0,0,-100000,460,76500,35029468,763,-113622,-82296632
21:20:55.758,0,-2.37,3,500,0,0,-100000,446,80618,35029936,188,-97719,-82297016
21:20:55.764,0,-2.29,3,500,0,0,-100000,457,107379,35030532,164,-86989,-82297400
21:20:55.769,0,-2.19,3,500,0,0,-100000,440,114193,35031176,824,-116886,-82298120
21:20:55.774,0,-2.1,3,500,0,0,-100000,551,111459,35031704,422,-107770,-82298568
21:20:55.779,0,-2.09,3,500,0,0,-100000,531,102975,35032160,101,-78610,-82298848
21:20:55.784,0,-2.14,3,500,0,0,-100000,448,92905,35032628,603,-108156,-82299576
21:20:55.789,0,-2.2,4,500,0,0,-100000,502,84534,35033000,189,-95656,-82299880
21:20:55.794,0,-2.23,4,500,0,0,-100000,499,93744,35033540,-48,-75864,-82300304
21:20:55.799,0,-2.22,4,500,0,0,-100000,427,102449,35034036,908,-114086,-82301088
21:20:55.805,0,-2.19,4,500,0,0,-100000,525,103884,35034624,595,-118924,-82301592
21:20:55.810,0,-2.18,4,500,0,0,-100000,550,104048,35035108,-144,-68661,-82301736
21:20:55.810,0,-2.18,4,500,0,0,-100000,446,95996,35035580,694,-108782,-82302552
21:20:55.815,0,-2.2,4,500,0,0,-100000,522,84407,35035936,677,-124669,-82303136
21:20:55.820,0,-2.24,4,500,0,0,-100000,561,80753,35036384,-160,-63807,-82303176
21:20:55.825,0,-2.26,4,500,0,0,-100000,423,90733,35036828,747,-105836,-82304008
21:20:55.830,0,-2.25,4,500,0,0,-100000,481,94877,35037296,888,-133025,-82304664
21:20:55.835,0,-2.22,4,500,0,0,-100000,619,110944,35037996,-447,-62721,-82304632
21:20:55.840,0,-2.17,4,500,0,0,-100000,478,112781,35038536,165,-80768,-82305360
21:20:55.845,0,-2.15,4,500,0,0,-100000,508,94671,35038908,976,-140838,-82306136
21:20:55.850,0,-2.19,4,500,0,0,-100000,595,76657,35039300,-253,-75529,-82306224
21:20:55.855,0,-2.24,4,500,0,0,-100000,397,78767,35039664,-174,-67984,-82306808
21:20:55.860,0,-2.29,4,500,0,0,-100000,377,85887,35040136,983,-137946,-82307616
21:20:55.865,0,-2.3,4,500,0,0,-100000,542,105220,35040708,-138,-73903,-82307720
21:20:55.870,0,-2.16,4,500,0,0,-100000,485,138648,35041572,-29,-74690,-82308336
21:20:55.875,0,-2.14,4,500,0,0,-100000,535,128630,35042116,1190,-137826,-82309120
21:20:55.880,0,-2.18,4,500,0,0,-100000,618,101475,35042628,29,-85102,-82309312
21:20:55.886,0,-2.27,4,500,0,0,-100000,460,79367,35042904,-15,-72984,-82309824
21:20:55.891,0,-2.37,4,500,0,0,-100000,387,57737,35043128,1013,-125181,-82310648
21:20:55.896,0,-2.37,4,500,0,0,-100000,540,67755,35043504,-159,-73918,-82310704
21:20:55.901,0,-2.27,4,500,0,0,-100000,426,94934,35044120,134,-87258,-82311376
21:20:55.906,0,-2.12,4,500,0,0,-100000,452,126964,35044852,543,-114979,-82311928
21:20:55.911,0,-1.99,4,500,0,0,-100000,602,146228,35045640,33,-79728,-82312264
21:20:55.916,0,-1.99,4,500,0,0,-100000,555,132090,35046320,455,-89290,-82312944
21:20:55.921,0,-2.11,4,500,0,0,-100000,510,88823,35046728,853,-113786,-82313728
21:20:55.926,0,-2.28,4,500,0,0,-100000,752,64713,35046860,-12,-79991,-82313792
21:20:55.931,0,-2.43,4,500,0,0,-100000,504,58823,35047192,-95,-70987,-82314376
21:20:55.936,0,-2.45,4,500,0,0,-100000,399,84809,35047716,802,-118316,-82315184
21:20:55.941,0,-2.32,4,500,0,0,-100000,525,110727,35048340,234,-98326,-82315528
21:20:55.946,0,-2.16,4,500,0,0,-100000,443,135905,35049088,279,-89508,-82315960
21:20:55.951,0,-2.05,4,500,0,0,-100000,639,127282,35049552,831,-123805,-82316600
21:20:55.956,0,-2.06,4,500,0,0,-100000,599,105006,35049972,-17,-78557,-82316736
21:20:55.961,0,-2.2,4,500,0,0,-100000,459,67009,35050184,188,-80565,-82317336
21:20:55.967,0,-2.34,4,500,0,0,-100000,403,42864,35050276,910,-131609,-82318160
21:20:55.972,0,-2.38,4,500,0,0,-100000,512,58381,35050660,-387,-68686,-82318136
21:20:55.977,0,-2.29,4,500,0,0,-100000,445,96724,35051256,-294,-56510,-82318640
21:20:55.982,0,-2.11,4,500,0,0,-100000,459,121946,35051928,1269,-150928,-82319672
21:20:55.987,0,-1.95,4,500,0,0,-100000,624,141992,35052848,58,-94637,-82319816
21:20:55.992,0,-1.92,4,500,0,0,-100000,596,144332,35053548,-87,-69218,-82320272
21:20:55.997,0,-2.07,4,500,0,0,-100000,453,93223,35053840,1500,-140796,-82321176
21:20:56.002,0,-2.28,4,500,0,0,-100000,532,52950,35053924,201,-104158,-82321400
21:20:56.007,0,-2.47,4,500,0,0,-100000,500,50784,35054184,-535,-52219,-82321640
21:20:56.012,0,-2.51,4,500,0,0,-100000,390,61512,35054492,1233,-135297,-82322632
21:20:56.017,0,-2.38,4,500,0,0,-100000,503,90297,35055096,386,-117627,-82322944
21:20:56.022,0,-2.17,4,500,0,0,-100000,575,133519,35055916,-308,-58785,-82323136
21:20:56.027,0,-2.0,3,500,0,0,-100000,530,151134,35056812,1341,-135782,-82324112
21:20:56.032,0,-1.95,3,500,0,0,-100000,568,134561,35057400,659,-117215,-82324512
21:20:56.037,0,-2.07,3,500,0,0,-100000,596,104477,35057792,96,-84042,-82324856
21:20:56.043,0,-2.28,3,500,0,0,-100000,448,61639,35057956,495,-104152,-82325464
21:20:56.048,0,-2.43,3,500,0,0,-100000,433,43007,35058072,370,-104740,-82325936
21:20:56.053,0,-2.46,3,500,0,0,-100000,455,65889,35058508,-21,-77878,-82326272
21:20:56.058,0,-2.33,3,500,0,0,-100000,394,105016,35059160,641,-112419,-82326936
21:20:56.063,0,-2.09,3,500,0,0,-100000,548,142734,35060100,287,-100732,-82327336
21:20:56.068,0,-1.92,3,500,0,0,-100000,542,154354,35060868,46,-82657,-82327784
21:20:56.073,0,-1.89,3,500,0,0,-100000,457,138524,35061572,640,-106827,-82328504
21:20:56.078,0,-2.03,3,500,0,0,-100000,554,101910,35061908,528,-109953,-82328928
21:20:56.083,0,-2.28,3,500,0,0,-100000,513,67098,35062088,6,-78851,-82329248
21:20:56.088,0,-2.49,3,500,0,0,-100000,405,50952,35062280,152,-86681,-82329848
21:20:56.093,0,-2.54,3,500,0,0,-100000,465,61410,35062600,215,-102532,-82330312
21:20:56.098,0,-2.42,3,500,0,0,-100000,511,109850,35063400,17,-78987,-82330704
21:20:56.103,0,-2.2,3,500,0,0,-100000,525,137272,35064148,688,-115690,-82331368
21:20:56.109,0,-2.01,3,500,0,0,-100000,587,134222,35064788,344,-103938,-82331808
21:20:56.114,0,-1.96,3,500,0,0,-100000,571,118696,35065416,44,-82538,-82332232
21:20:56.119,0,-2.08,3,500,0,0,-100000,508,96171,35065776,1013,-116580,-82332928
21:20:56.124,0,-2.27,3,500,0,0,-100000,520,72978,35066028,531,-114060,-82333384
21:20:56.129,0,-2.44,3,500,0,0,-100000,557,71583,35066412,-138,-69974,-82333648
21:20:56.134,0,-2.5,3,500,0,0,-100000,436,82768,35066888,812,-118243,-82334400
21:20:56.139,0,-2.42,3,500,0,0,-100000,467,93831,35067364,301,-110173,-82334800
21:20:56.144,0,-2.29,3,500,0,0,-100000,566,111321,35068044,-94,-70963,-82335096
21:20:56.149,0,-2.16,3,500,0,0,-100000,474,115770,35068584,491,-99133,-82335848
21:20:56.154,0,-2.1,3,500,0,0,-100000,517,100822,35069012,484,-111404,-82336312
21:20:56.159,0,-2.14,3,500,0,0,-100000,532,93012,35069512,-48,-77568,-82336624
21:20:56.165,0,-2.23,3,500,0,0,-100000,421,95488,35069960,677,-103070,-82337280
21:20:56.170,0,-2.31,3,500,0,0,-100000,463,81033,35070344,703,-124128,-82337904
21:20:56.175,0,-2.36,3,500,0,0,-100000,599,83757,35070772,9,-87111,-82338176
21:20:56.180,0,-2.35,3,500,0,0,-100000,451,91451,35071220,203,-91078,-82338688
21:20:56.185,0,-2.29,3,500,0,0,-100000,444,94585,35071744,753,-121964,-82339392
21:20:56.190,0,-2.23,3,500,0,0,-100000,566,95362,35072208,96,-86116,-82339656
21:20:56.195,0,-2.18,3,500,0,0,-100000,500,97253,35072740,405,-93106,-82340176
21:20:56.200,0,-2.15,3,500,0,0,-100000,508,97430,35073188,771,-117122,-82340808
21:20:56.205,0,-2.15,3,500,0,0,-100000,555,113840,35073876,190,-93542,-82341176
21:20:56.210,0,-2.17,3,500,0,0,-100000,539,123460,35074492,53,-82009,-82341656
21:20:56.215,0,-2.26,3,500,0,0,-100000,505,113675,35075080,683,-115017,-82342304
21:20:56.220,0,-2.33,3,500,0,0,-100000,533,87141,35075396,343,-100159,-82342720
21:20:56.225,0,-2.37,3,500,0,0,-100000,481,69961,35075656,-8,-77836,-82343096
21:20:56.230,0,-2.35,3,500,0,0,-100000,559,68818,35076020,594,-107207,-82343696
21:20:56.236,0,-2.26,3,500,0,0,-100000,402,86067,35076504,203,-94225,-82344112
21:20:56.241,0,-2.12,3,500,0,0,-100000,457,117274,35077256,49,-87233,-82344608
21:20:56.246,0,-2.01,3,500,0,0,-100000,547,141436,35078024,713,-108863,-82345184
21:20:56.251,0,-2.01,3,500,0,0,-100000,617,139350,35078696,608,-111446,-82345744
21:20:56.256,0,-2.13,3,500,0,0,-100000,631,107944,35079196,94,-84979,-82346104
21:20:56.261,0,-2.31,3,500,0,0,-100000,493,77391,35079412,532,-100401,-82346656
21:20:56.266,0,-2.45,4,500,0,0,-100000,420,49509,35079568,463,-107650,-82347176
21:20:56.271,0,-2.46,4,500,0,0,-100000,424,61897,35079940,-33,-78970,-82347496
21:20:56.276,0,-2.32,4,500,0,0,-100000,415,90599,35080456,535,-108885,-82348128
21:20:56.281,0,-2.12,4,500,0,0,-100000,538,127162,35081208,280,-104669,-82348560
21:20:56.286,0,-1.97,4,500,0,0,-100000,624,154913,35082172,42,-83490,-82348992
21:20:56.291,0,-1.98,4,500,0,0,-100000,563,132258,35082832,481,-94763,-82349648
21:20:56.296,0,-2.16,4,500,0,0,-100000,462,74954,35083028,868,-117491,-82350344
21:20:56.301,0,-2.38,4,500,0,0,-100000,418,42825,35083100,287,-104596,-82350736
21:20:56.306,0,-2.51,4,500,0,0,-100000,397,45957,35083316,-67,-74394,-82351000
21:20:56.311,0,-2.45,4,500,0,0,-100000,410,73088,35083800,720,-117936,-82351784
21:20:56.316,0,-2.24,4,500,0,0,-100000,516,100179,35084304,-8,-83588,-82351936
21:20:56.321,0,-2.01,4,500,0,0,-100000,472,141981,35085248,489,-103623,-82352560
21:20:56.327,0,-1.91,4,500,0,0,-100000,611,147533,35085956,851,-125980,-82353216
21:20:56.332,0,-1.98,4,500,0,0,-100000,641,115584,35086512,310,-99784,-82353592
21:20:56.337,0,-2.18,4,500,0,0,-100000,507,79894,35086728,157,-82427,-82353952
21:20:56.342,0,-2.4,4,500,0,0,-100000,446,52488,35086888,753,-117972,-82354688
21:20:56.347,0,-2.48,4,500,0,0,-100000,401,53066,35087140,13,-87932,-82354968
21:20:56.352,0,-2.4,4,500,0,0,-100000,441,82807,35087688,6,-85769,-82355488
21:20:56.357,0,-2.2,4,500,0,0,-100000,496,113903,35088348,425,-107913,-82356016
21:20:56.362,0,-2.01,4,500,0,0,-100000,592,135623,35089084,100,-87541,-82356424
21:20:56.367,0,-1.93,4,500,0,0,-100000,491,135851,35089856,636,-103484,-82357008
21:20:56.372,0,-2.02,4,500,0,0,-100000,515,114344,35090308,882,-115930,-82357616
21:20:56.377,0,-2.2,4,500,0,0,-100000,518,77446,35090616,318,-100041,-82358024
21:20:56.382,0,-2.36,4,500,0,0,-100000,455,66803,35090876,36,-79984,-82358360
21:20:56.387,0,-2.4,4,500,0,0,-100000,424,71691,35091220,541,-110057,-82359048
21:20:56.392,0,-2.31,4,500,0,0,-100000,495,97921,35091864,92,-88298,-82359384
21:20:56.397,0,-2.13,4,500,0,0,-100000,518,126979,35092572,404,-99099,-82359896
21:20:56.402,0,-2.0,4,500,0,0,-100000,553,135103,35093352,675,-114154,-82360504
21:20:56.407,0,-1.98,4,500,0,0,-100000,564,123265,35093876,272,-98150,-82360912
21:20:56.412,0,-2.09,4,500,0,0,-100000,518,101561,35094352,-13,-77879,-82361344
21:20:56.417,0,-2.25,4,500,0,0,-100000,422,83569,35094724,755,-118107,-82362024
21:20:56.423,0,-2.36,4,500,0,0,-100000,427,69510,35095004,71,-88997,-82362312
21:20:56.428,0,-2.35,4,500,0,0,-100000,472,82492,35095440,-27,-77936,-82362776
21:20:56.433,0,-2.26,4,500,0,0,-100000,472,108406,35096132,641,-117846,-82363440
21:20:56.438,0,-2.12,4,500,0,0,-100000,595,113905,35096716,106,-91678,-82363776
21:20:56.443,0,-2.03,4,500,0,0,-100000,493,116766,35097268,-14,-74937,-82364272
21:20:56.448,0,-2.03,4,500,0,0,-100000,471,106469,35097892,767,-110274,-82365032
21:20:56.453,0,-2.09,4,500,0,0,-100000,474,97476,35098412,735,-119887,-82365600
21:20:56.458,0,-2.17,4,500,0,0,-100000,568,95181,35098852,34,-85497,-82365896
21:20:56.463,0,-2.23,4,500,0,0,-100000,432,98695,35099384,476,-98173,-82366448
21:20:56.468,0,-2.24,4,500,0,0,-100000,495,90582,35099684,341,-108328,-82366888
21:20:56.473,0,-2.22,4,500,0,0,-100000,521,96087,35100156,-61,-73159,-82367192
21:20:56.478,0,-2.2,4,500,0,0,-100000,476,92907,35100632,967,-117251,-82367944
21:20:56.483,0,-2.17,4,500,0,0,-100000,516,81512,35100968,468,-112412,-82368376
21:20:56.488,0,-2.15,4,500,0,0,-100000,531,87983,35101492,-44,-77181,-82368696
21:20:56.494,0,-2.14,4,500,0,0,-100000,392,94819,35101956,697,-110593,-82369360
21:20:56.499,0,-2.12,4,500,0,0,-100000,480,106311,35102600,525,-117572,-82369888
21:20:56.504,0,-2.1,4,500,0,0,-100000,600,116843,35103204,-3,-77728,-82370184
21:20:56.509,0,-2.12,4,500,0,0,-100000,455,112945,35103708,841,-106475,-82370856
21:20:56.514,0,-2.16,4,500,0,0,-100000,467,82178,35104072,900,-128792,-82371488
21:20:56.519,0,-2.21,4,500,0,0,-100000,533,75867,35104408,-61,-83517,-82371696
21:20:56.524,0,-2.26,4,500,0,0,-100000,413,81085,35104800,319,-95992,-82372280
21:20:56.529,0,-2.24,4,500,0,0,-100000,458,89866,35105336,576,-118762,-82372896
21:20:56.534,0,-2.16,4,500,0,0,-100000,543,114887,35105972,45,-83591,-82373200
21:20:56.539,0,-2.07,4,500,0,0,-100000,479,132441,35106756,560,-100883,-82373776
21:20:56.544,0,-2.02,4,500,0,0,-100000,483,122654,35107284,945,-122247,-82374416
21:20:56.549,0,-2.06,4,500,0,0,-100000,588,102775,35107792,132,-92683,-82374744
21:20:56.554,0,-2.17,4,500,0,0,-100000,438,82598,35108088,467,-96727,-82375248
21:20:56.559,0,-2.28,4,500,0,0,-100000,438,63725,35108360,536,-110916,-82375808
21:20:56.564,0,-2.31,4,500,0,0,-100000,543,75288,35108760,17,-80928,-82376120
21:20:56.570,0,-2.25,4,500,0,0,-100000,433,99894,35109316,582,-105782,-82376736
21:20:56.575,0,-2.1,4,500,0,0,-100000,476,127283,35110120,522,-112733,-82377280
21:20:56.580,0,-1.95,4,500,0,0,-100000,616,142567,35110884,46,-85110,-82377632
21:20:56.585,0,-1.91,4,500,0,0,-100000,531,128230,35111580,583,-107654,-82378272
21:20:56.590,0,-1.99,4,500,0,0,-100000,510,92243,35111864,715,-116781,-82378864
21:20:56.595,0,-2.17,4,500,0,0,-100000,480,60141,35112084,73,-90298,-82379184
21:20:56.600,0,-2.34,4,500,0,0,-100000,376,59176,35112340,403,-94110,-82379680
21:20:56.605,0,-2.29,4,500,0,0,-100000,322,71111,35112756,516,-113149,-82380224
21:20:56.611,0,-2.12,4,500,0,0,-100000,468,103422,35113364,-59,-76648,-82380528
21:20:56.616,0,-1.95,4,500,0,0,-100000,483,142034,35114268,815,-119198,-82381264
21:20:56.621,0,-1.92,4,500,0,0,-100000,638,144041,35114984,689,-119603,-82381760
21:20:56.626,0,-2.05,4,500,0,0,-100000,658,119838,35115468,-74,-75688,-82382016
21:20:56.631,0,-2.23,4,500,0,0,-100000,471,71737,35115664,-50,-68723,-82382576
21:20:56.636,0,-2.39,4,500,0,0,-100000,415,39636,35115704,1104,-146071,-82383456
21:20:56.641,0,-2.4,4,500,0,0,-100000,424,44401,35115984,-405,-75687,-82383496
21:20:56.646,0,-2.23,4,500,0,0,-100000,388,83540,35116520,384,-87389,-82384136
21:20:56.651,0,-2.01,4,500,0,0,-100000,463,112952,35117172,1324,-159056,-82385056
21:20:56.656,0,-1.86,4,500,0,0,-100000,639,151833,35118200,-372,-62480,-82384888
21:20:56.661,0,-1.87,4,500,0,0,-100000,510,159896,35118980,595,-95114,-82385720
21:20:56.666,0,-2.05,4,500,0,0,-100000,488,110680,35119392,1456,-147726,-82386568
21:20:56.671,0,-2.31,4,500,0,0,-100000,597,78348,35119636,101,-90685,-82386688
21:20:56.676,0,-2.48,4,500,0,0,-100000,453,55585,35119832,20,-74256,-82387104
21:20:56.681,0,-2.51,4,500,0,0,-100000,384,49705,35120016,1181,-136323,-82387976
21:20:56.687,0,-2.37,4,500,0,0,-100000,512,74322,35120520,54,-92676,-82388152
21:20:56.692,0,-2.14,4,500,0,0,-100000,451,123550,35121284,204,-86526,-82388632
21:20:56.697,0,-1.98,4,500,0,0,-100000,474,147500,35122188,1094,-132911,-82389416
21:20:56.702,0,-1.96,4,500,0,0,-100000,616,145569,35122888,365,-102501,-82389768
21:20:56.707,0,-2.09,4,500,0,0,-100000,569,117521,35123472,100,-81383,-82390144
21:20:56.713,0,-2.3,4,500,0,0,-100000,452,76961,35123652,920,-118526,-82390920
21:20:56.718,0,-2.45,4,500,0,0,-100000,497,55240,35123836,26,-87931,-82391112
21:20:56.723,0,-2.45,4,500,0,0,-100000,448,69924,35124268,-50,-72742,-82391560
21:20:56.728,0,-2.32,4,500,0,0,-100000,423,90965,35124772,837,-118969,-82392360
21:20:56.733,0,-2.13,4,500,0,0,-100000,566,124614,35125608,208,-99427,-82392712
21:20:56.738,0,-1.99,4,500,0,0,-100000,617,143913,35126344,260,-87168,-82393112
21:20:56.743,0,-2.0,4,500,0,0,-100000,511,133863,35127036,1075,-122530,-82393872
21:20:56.748,0,-2.14,4,500,0,0,-100000,580,98676,35127372,553,-110887,-82394296
21:20:56.753,0,-2.3,4,500,0,0,-100000,511,67723,35127640,-88,-77154,-82394560
21:20:56.758,0,-2.4,4,500,0,0,-100000,394,57109,35127848,796,-113568,-82395304
21:20:56.763,0,-2.37,4,500,0,0,-100000,515,70331,35128228,199,-97894,-82395656
21:20:56.768,0,-2.21,4,500,0,0,-100000,499,114966,35129028,26,-78621,-82396032
21:20:56.773,0,-2.05,4,500,0,0,-100000,544,134894,35129756,863,-122450,-82396816
21:20:56.778,0,-1.97,4,500,0,0,-100000,599,132121,35130520,361,-102133,-82397208
21:20:56.783,0,-2.03,4,500,0,0,-100000,565,111522,35130976,10,-75543,-82397512
21:20:56.788,0,-2.2,4,500,0,0,-100000,419,76667,35131184,1086,-118472,-82398360
21:20:56.793,0,-2.36,4,500,0,0,-100000,459,53808,35131408,76,-93127,-82398528
21:20:56.799,0,-2.41,4,500,0,0,-100000,467,68254,35131768,-439,-55486,-82398848
21:20:56.804,0,-2.33,4,500,0,0,-100000,437,95948,35132372,1012,-116202,-82399792
21:20:56.809,0,-2.18,4,500,0,0,-100000,483,119846,35133112,1036,-145801,-82400448
21:20:56.814,0,-2.05,4,500,0,0,-100000,638,136404,35133820,-317,-65598,-82400448
21:20:56.819,0,-2.04,4,500,0,0,-100000,490,128910,35134488,1035,-118778,-82401344
21:20:56.824,0,-2.15,4,500,0,0,-100000,485,100111,35134844,1089,-142156,-82401976
21:20:56.829,0,-2.3,4,500,0,0,-100000,546,89269,35135236,-148,-75271,-82402072
21:20:56.834,0,-2.43,4,500,0,0,-100000,419,78576,35135544,415,-97412,-82402744
21:20:56.839,0,-2.47,4,500,0,0,-100000,472,71641,35135908,878,-132643,-82403432
21:20:56.844,0,-2.4,4,500,0,0,-100000,474,86707,35136392,-229,-59655,-82403408
21:20:56.849,0,-2.29,4,500,0,0,-100000,458,93869,35136856,671,-103866,-82404288
21:20:56.854,0,-2.19,4,500,0,0,-100000,513,98754,35137444,344,-114428,-82404696
21:20:56.859,0,-2.11,4,500,0,0,-100000,589,100282,35137936,-334,-57750,-82404888
21:20:56.864,0,-2.12,4,500,0,0,-100000,396,105921,35138516,729,-108229,-82405800
21:20:56.869,0,-2.15,4,500,0,0,-100000,487,101456,35138964,285,-105454,-82406120
21:20:56.874,0,-2.18,4,500,0,0,-100000,567,116851,35139672,-203,-65612,-82406440
21:20:56.880,0,-2.22,4,500,0,0,-100000,438,116953,35140184,894,-112771,-82407328
21:20:56.885,0,-2.26,4,500,0,0,-100000,564,100896,35140716,696,-123096,-82407848
21:20:56.890,0,-2.29,4,500,0,0,-100000,597,85315,35141072,-133,-67307,-82407944
21:20:56.895,0,-2.32,4,500,0,0,-100000,432,73290,35141352,651,-108704,-82408752
21:20:56.900,0,-2.3,4,500,0,0,-100000,500,74211,35141768,309,-103424,-82409192
21:20:56.905,0,-2.23,4,500,0,0,-100000,446,93940,35142288,-30,-77410,-82409488
21:20:56.910,0,-2.05,4,500,0,0,-100000,420,126455,35143084,852,-120952,-82410296
21:20:56.915,0,-2.02,4,500,0,0,-100000,602,139067,35143808,58,-88675,-82410496
21:20:56.920,0,-2.11,4,500,0,0,-100000,580,137081,35144452,1,-80403,-82411024
21:20:56.926,0,-2.24,4,500,0,0,-100000,526,101936,35144880,795,-109321,-82411760
21:20:56.931,0,-2.36,4,500,0,0,-100000,558,64560,35145032,192,-98010,-82412056
21:20:56.936,0,-2.38,4,500,0,0,-100000,403,50306,35145244,-158,-65211,-82412384
21:20:56.941,0,-2.27,4,500,0,0,-100000,416,59860,35145544,761,-118789,-82413256
21:20:56.946,0,-2.09,4,500,0,0,-100000,502,100499,35146244,214,-98762,-82413576
21:20:56.951,0,-1.96,4,500,0,0,-100000,516,143071,35147080,48,-75539,-82413912
21:20:56.956,0,-1.96,4,500,0,0,-100000,563,153581,35147992,1075,-131535,-82414808
21:20:56.961,0,-2.12,4,500,0,0,-100000,634,120315,35148452,493,-117510,-82415208
21:20:56.967,0,-2.34,4,500,0,0,-100000,533,61331,35148672,-121,-72337,-82415480
21:20:56.972,0,-2.48,4,500,0,0,-100000,358,48147,35148824,81,-77306,-82416112
21:20:56.977,0,-2.45,4,500,0,0,-100000,436,47228,35149028,478,-123811,-82416760
21:20:56.982,0,-2.29,4,500,0,0,-100000,534,79602,35149608,-214,-68191,-82416928
21:20:56.987,0,-2.06,4,500,0,0,-100000,440,116456,35150296,826,-113256,-82417696
21:20:56.992,0,-1.93,4,500,0,0,-100000,570,133733,35150904,222,-103716,-82418008
21:20:56.997,0,-1.98,4,500,0,0,-100000,618,147256,35151788,-93,-73704,-82418400
21:20:57.002,0,-2.15,4,500,0,0,-100000,502,114364,35152284,673,-102251,-82419184
21:20:57.007,0,-2.38,4,500,0,0,-100000,518,73389,35152456,999,-126894,-82419824
21:20:57.012,0,-2.52,4,500,0,0,-100000,522,50134,35152644,-70,-72629,-82419904
21:20:57.017,0,-2.48,4,500,0,0,-100000,383,49304,35152852,381,-95776,-82420600
21:20:57.022,0,-2.29,4,500,0,0,-100000,435,66652,35153268,373,-108903,-82421128
21:20:57.027,0,-2.07,4,500,0,0,-100000,482,110754,35153960,-33,-77488,-82421360
21:20:57.032,0,-1.91,4,500,0,0,-100000,500,148871,35154920,753,-115026,-82422144
21:20:57.037,0,-1.92,4,500,0,0,-100000,617,146455,35155620,738,-118208,-82422672
21:20:57.042,0,-2.09,4,500,0,0,-100000,630,124525,35156132,-68,-75528,-82422872
21:20:57.047,0,-2.29,4,500,0,0,-100000,449,79622,35156392,560,-96937,-82423584
21:20:57.052,0,-2.43,4,500,0,0,-100000,424,49556,35156492,634,-116866,-82424176
21:20:57.058,0,-2.4,4,500,0,0,-100000,441,59488,35156808,-80,-75635,-82424360
21:20:57.063,0,-2.21,4,500,0,0,-100000,411,93232,35157428,539,-105477,-82425072
21:20:57.068,0,-2.01,4,500,0,0,-100000,522,129649,35158192,411,-106217,-82425544
21:20:57.073,0,-1.91,4,500,0,0,-100000,509,155883,35159152,79,-83362,-82425872
21:20:57.078,0,-1.97,4,500,0,0,-100000,570,143295,35159764,722,-111603,-82426600
21:20:57.083,0,-2.19,4,500,0,0,-100000,550,96558,35160136,659,-116162,-82427144
21:20:57.088,0,-2.41,4,500,0,0,-100000,506,61654,35160296,-46,-77757,-82427336
21:20:57.093,0,-2.5,4,500,0,0,-100000,422,48424,35160484,375,-98153,-82427984
21:20:57.098,0,-2.42,4,500,0,0,-100000,404,59063,35160792,273,-104149,-82428480
21:20:57.103,0,-2.2,4,500,0,0,-100000,520,106409,35161488,56,-82422,-82428808
21:20:57.108,0,-1.97,4,500,0,0,-100000,480,140426,35162392,743,-116077,-82429544
21:20:57.113,0,-1.89,4,500,0,0,-100000,604,143015,35163092,581,-109793,-82430024
21:20:57.118,0,-2.0,4,500,0,0,-100000,584,119488,35163688,35,-77725,-82430280
21:20:57.123,0,-2.2,4,500,0,0,-100000,477,84713,35163924,508,-98650,-82430984
21:20:57.123,0,-2.2,4,500,0,0,-100000,434,55761,35164072,687,-117502,-82431600
21:20:57.128,0,-2.39,4,500,0,0,-100000,481,57970,35164408,-102,-69304,-82431688
21:20:57.133,0,-2.45,4,500,0,0,-100000,405,83843,35164888,502,-97447,-82432424
21:20:57.138,0,-2.33,4,500,0,0,-100000,511,105301,35165544,641,-120501,-82433032
21:20:57.144,0,-2.15,4,500,0,0,-100000,588,120848,35166176,42,-73778,-82433200
21:20:57.149,0,-2.01,4,500,0,0,-100000,509,113504,35166756,919,-109173,-82433984
21:20:57.154,0,-1.99,4,500,0,0,-100000,523,89795,35167092,834,-125421,-82434576
21:20:57.159,0,-2.09,4,500,0,0,-100000,525,77573,35167492,-36,-81271,-82434800
21:20:57.164,0,-2.22,4,500,0,0,-100000,425,81509,35167880,316,-89992,-82435360
21:20:57.169,0,-2.29,4,500,0,0,-100000,479,80968,35168248,960,-129300,-82436088
21:20:57.174,0,-2.3,4,500,0,0,-100000,592,91139,35168824,-141,-73155,-82436128
21:20:57.179,0,-2.23,4,500,0,0,-100000,460,103615,35169364,289,-95088,-82436872
21:20:57.184,0,-2.14,4,500,0,0,-100000,475,93514,35169848,727,-123371,-82437560
21:20:57.189,0,-2.1,4,500,0,0,-100000,575,90003,35170280,-32,-76002,-82437672
21:20:57.194,0,-2.11,4,500,0,0,-100000,424,92357,35170708,430,-97159,-82438360
21:20:57.199,0,-2.12,4,500,0,0,-100000,519,99978,35171268,681,-115350,-82438976
21:20:57.204,0,-2.13,4,500,0,0,-100000,573,113036,35171844,106,-87022,-82439280
21:20:57.210,0,-2.12,4,500,0,0,-100000,500,122599,35172540,653,-101582,-82439856
21:20:57.215,0,-2.1,4,500,0,0,-100000,537,104849,35172952,793,-117425,-82440456
21:20:57.220,0,-2.14,4,500,0,0,-100000,564,84802,35173380,48,-88550,-82440768
21:20:57.225,0,-2.2,4,500,0,0,-100000,448,69952,35173632,264,-92547,-82441264
21:20:57.230,0,-2.26,4,500,0,0,-100000,435,61034,35173912,360,-109555,-82441848
21:20:57.235,0,-2.28,4,500,0,0,-100000,486,84900,35174408,-11,-77385,-82442152
21:20:57.240,0,-2.19,4,500,0,0,-100000,591,112205,35175048,595,-111849,-82442816
21:20:57.245,0,-2.03,4,500,0,0,-100000,533,141974,35175964,443,-107361,-82443296
21:20:57.250,0,-1.9,4,500,0,0,-100000,599,144360,35176680,78,-84594,-82443688
21:20:57.255,0,-1.87,4,500,0,0,-100000,515,110100,35177052,855,-110681,-82444352
21:20:57.261,0,-2.19,3,500,0,0,-100000,491,63789,35177240,658,-117887,-82444880
21:20:57.266,0,-2.36,3,500,0,0,-100000,501,45332,35177372,-29,-75423,-82445128
21:20:57.271,0,-2.39,3,500,0,0,-100000,357,60667,35177732,716,-110689,-82445800
21:20:57.276,0,-2.26,3,500,0,0,-100000,465,85354,35178228,209,-103982,-82446208
21:20:57.281,0,-2.04,3,500,0,0,-100000,521,132027,35179120,-48,-76746,-82446576
21:20:57.286,0,-1.87,3,500,0,0,-100000,540,155688,35179944,918,-107823,-82447352
21:20:57.291,0,-1.87,3,500,0,0,-100000,763,130329,35180604,480,-114826,-82447792
21:20:57.296,0,-2.03,3,500,0,0,-100000,553,84091,35180836,-25,-77484,-82448096
21:20:57.301,0,-2.28,3,500,0,0,-100000,403,46982,35180892,532,-104742,-82448760
21:20:57.306,0,-2.45,3,500,0,0,-100000,368,28963,35180976,343,-111020,-82449264
21:20:57.311,0,-2.42,3,500,0,0,-100000,437,51192,35181304,-239,-70214,-82449504
21:20:57.316,0,-2.21,3,500,0,0,-100000,427,99757,35182004,694,-114678,-82450248
21:20:57.321,0,-1.94,3,500,0,0,-100000,524,139231,35182824,482,-111876,-82450720
21:20:57.327,0,-1.76,3,500,0,0,-100000,595,162599,35183700,74,-84206,-82451080
21:20:57.332,0,-1.78,3,500,0,0,-100000,575,142291,35184424,737,-108362,-82451744
21:20:57.337,0,-2.0,3,500,0,0,-100000,538,89251,35184612,974,-124470,-82452360
21:20:57.342,0,-2.29,3,500,0,0,-100000,517,43687,35184676,102,-91259,-82452624
21:20:57.347,0,-2.49,3,500,0,0,-100000,361,43846,35184892,-157,-65806,-82453032
21:20:57.352,0,-2.5,3,500,0,0,-100000,342,66080,35185264,799,-125173,-82453784
21:20:57.357,0,-2.32,3,500,0,0,-100000,493,122933,35186324,515,-114766,-82454400
21:20:57.362,0,-2.07,3,500,0,0,-100000,607,154695,35187204,-41,-76770,-82454616
21:20:57.367,0,-1.92,3,500,0,0,-100000,529,161119,35187976,952,-115688,-82455472
21:20:57.372,0,-1.94,3,500,0,0,-100000,619,120731,35188524,559,-113202,-82455864
21:20:57.377,0,-2.12,3,500,0,0,-100000,491,101385,35188740,546,-97156,-82456176
21:20:57.382,0,-2.37,3,500,0,0,-100000,474,52925,35188832,852,-121086,-82456816
21:20:57.387,0,-2.51,3,500,0,0,-100000,464,40221,35188964,18,-83847,-82457072
21:20:57.392,0,-2.48,3,500,0,0,-100000,388,57471,35189296,432,-101638,-82457640
21:20:57.397,0,-2.29,3,500,0,0,-100000,436,104246,35190044,286,-104938,-82458120
21:20:57.402,0,-2.01,3,500,0,0,-100000,454,153270,35190960,62,-83787,-82458528
21:20:57.407,0,-1.83,3,500,0,0,-100000,548,182462,35192068,792,-118254,-82459208
21:20:57.412,0,-1.82,3,500,0,0,-100000,654,156844,35192700,631,-113005,-82459704
21:20:57.418,0,-2.01,3,500,0,0,-100000,615,98171,35193056,52,-82267,-82460040
21:20:57.423,0,-2.31,3,500,0,0,-100000,403,51460,35193092,58,-84028,-82460616
21:20:57.428,0,-2.55,3,500,0,0,-100000,375,31420,35193168,346,-104729,-82461120
21:20:57.433,0,-2.59,3,500,0,0,-100000,473,56202,35193532,-89,-72966,-82461424
21:20:57.438,0,-2.42,3,500,0,0,-100000,432,106836,35194220,440,-104298,-82462168
21:20:57.443,0,-2.13,3,500,0,0,-100000,552,159020,35195308,262,-100857,-82462536
21:20:57.448,0,-1.9,3,500,0,0,-100000,621,171959,35196188,-13,-78191,-82462968
21:20:57.453,0,-1.87,3,500,0,0,-100000,560,141623,35196736,978,-122184,-82463744
21:20:57.458,0,-2.04,3,500,0,0,-100000,506,79647,35196968,742,-120701,-82464240
21:20:57.463,0,-2.32,3,500,0,0,-100000,499,52845,35197108,-151,-68909,-82464432
21:20:57.468,0,-2.55,3,500,0,0,-100000,329,51064,35197340,978,-117902,-82465216
21:20:57.473,0,-2.58,3,500,0,0,-100000,607,62618,35197668,370,-111900,-82465608
21:20:57.478,0,-2.43,3,500,0,0,-100000,496,109165,35198432,-346,-63508,-82465856
21:20:57.483,0,-2.2,3,500,0,0,-100000,504,148718,35199380,738,-105950,-82466696
21:20:57.488,0,-2.0,3,500,0,0,-100000,576,149199,35200100,1141,-136027,-82467384
21:20:57.493,0,-1.97,3,500,0,0,-100000,625,123420,35200732,-145,-67505,-82467400
21:20:57.499,0,-2.11,4,500,0,0,-100000,479,90037,35200996,268,-84741,-82468112
21:20:57.504,0,-2.31,4,500,0,0,-100000,412,49827,35201060,777,-127196,-82468744
21:20:57.509,0,-2.48,4,500,0,0,-100000,470,49389,35201300,-279,-68801,-82468880
21:20:57.514,0,-2.53,4,500,0,0,-100000,481,74806,35201760,640,-108633,-82469640
21:20:57.519,0,-2.4,4,500,0,0,-100000,463,99207,35202328,436,-113416,-82470120
21:20:57.524,0,-2.19,4,500,0,0,-100000,564,134330,35203224,-7,-81308,-82470480
21:20:57.529,0,-2.02,4,500,0,0,-100000,516,149165,35203984,874,-114769,-82471168
21:20:57.534,0,-1.95,4,500,0,0,-100000,492,133907,35204676,751,-120480,-82471712
21:20:57.539,0,-2.05,4,500,0,0,-100000,602,113886,35205140,43,-81919,-82471992
21:20:57.544,0,-2.24,4,500,0,0,-100000,462,75381,35205376,670,-103330,-82472624
21:20:57.549,0,-2.42,4,500,0,0,-100000,431,50263,35205496,463,-113019,-82473144
21:20:57.555,0,-2.51,4,500,0,0,-100000,483,67921,35205924,-103,-74681,-82473416
21:20:57.560,0,-2.46,4,500,0,0,-100000,417,99898,35206512,451,-98266,-82474120
21:20:57.565,0,-2.28,4,500,0,0,-100000,593,123993,35207204,283,-101724,-82474512
21:20:57.570,0,-1.98,4,500,0,0,-100000,599,149343,35208136,19,-80975,-82474952
21:20:57.576,0,-2.01,4,500,0,0,-100000,511,150027,35208852,828,-116308,-82475648
21:20:57.581,0,-2.17,4,500,0,0,-100000,544,115553,35209392,521,-112674,-82476128
21:20:57.586,0,-2.37,4,500,0,0,-100000,551,86723,35209688,61,-80416,-82476480
21:20:57.591,0,-2.5,4,500,0,0,-100000,440,61086,35209848,739,-111362,-82477136
21:20:57.596,0,-2.49,4,500,0,0,-100000,451,55492,35210128,280,-101835,-82477536
21:20:57.601,0,-2.34,4,500,0,0,-100000,516,81613,35210612,-77,-72666,-82477872
21:20:57.606,0,-2.12,4,500,0,0,-100000,429,114605,35211340,695,-106904,-82478624
21:20:57.611,0,-1.97,4,500,0,0,-100000,537,144668,35212148,320,-106138,-82479016
21:20:57.616,0,-1.97,4,500,0,0,-100000,637,156406,35213072,0,-84003,-82479448
21:20:57.621,0,-2.11,4,500,0,0,-100000,593,122285,35213512,444,-95565,-82480096
21:20:57.626,0,-2.34,4,500,0,0,-100000,488,61742,35213640,605,-115218,-82480616
21:20:57.632,0,-2.52,4,500,0,0,-100000,403,35487,35213704,-27,-76981,-82480872
21:20:57.637,0,-2.53,4,500,0,0,-100000,408,35443,35213864,106,-83523,-82481480
21:20:57.642,0,-2.36,4,500,0,0,-100000,386,66956,35214340,344,-110065,-82482016
21:20:57.647,0,-2.09,4,500,0,0,-100000,499,114883,35215076,-193,-72342,-82482296
21:20:57.652,0,-1.87,4,500,0,0,-100000,472,156404,35215972,918,-118987,-82483072
21:20:57.657,0,-1.83,4,500,0,0,-100000,589,164273,35216932,1057,-126320,-82483656
21:20:57.662,0,-2.0,4,500,0,0,-100000,643,131425,35217432,273,-94459,-82484008
21:20:57.667,0,-2.29,4,500,0,0,-100000,532,69915,35217576,22,-77498,-82484456
21:20:57.672,0,-2.54,4,500,0,0,-100000,369,40792,35217660,668,-115949,-82485128
21:20:57.678,0,-2.61,4,500,0,0,-100000,438,48319,35217912,64,-90775,-82485432
21:20:57.683,0,-2.45,4,500,0,0,-100000,447,92212,35218564,-15,-79643,-82485912
21:20:57.688,0,-2.2,4,500,0,0,-100000,474,128759,35219400,826,-117862,-82486664
21:20:57.693,0,-2.01,4,500,0,0,-100000,567,147130,35220184,388,-105537,-82487080
21:20:57.698,0,-1.98,4,500,0,0,-100000,589,141343,35220848,66,-82477,-82487424
21:20:57.703,0,-2.14,4,500,0,0,-100000,498,101968,35221164,876,-110649,-82488168
21:20:57.708,0,-2.36,4,500,0,0,-100000,430,59654,35221348,295,-102718,-82488504
21:20:57.713,0,-2.49,4,500,0,0,-100000,451,55262,35221592,-108,-68892,-82488840
21:20:57.718,0,-2.46,4,500,0,0,-100000,370,67812,35221944,698,-116878,-82489568
21:20:57.723,0,-2.29,4,500,0,0,-100000,474,110910,35222804,322,-105005,-82490064
21:20:57.728,0,-2.06,4,500,0,0,-100000,743,145263,35223640,73,-83016,-82490472
21:20:57.733,0,-1.95,4,500,0,0,-100000,549,155212,35224520,916,-118276,-82491168
21:20:57.738,0,-2.01,4,500,0,0,-100000,598,120961,35224948,764,-113221,-82491664
21:20:57.744,0,-2.19,4,500,0,0,-100000,543,82524,35225180,-4,-80332,-82491912
21:20:57.749,0,-2.39,4,500,0,0,-100000,416,57221,35225320,426,-98528,-82492560
21:20:57.754,0,-2.47,4,500,0,0,-100000,437,57898,35225636,150,-94884,-82492888
21:20:57.759,0,-2.37,4,500,0,0,-100000,439,84432,35226140,7,-76616,-82493328
21:20:57.764,0,-2.18,4,500,0,0,-100000,465,121799,35226948,618,-113151,-82494064
21:20:57.769,0,-2.0,4,500,0,0,-100000,566,137047,35227676,150,-90994,-82494336
21:20:57.774,0,-1.94,4,500,0,0,-100000,536,140252,35228356,127,-81584,-82494856
21:20:57.779,0,-2.05,4,500,0,0,-100000,502,107750,35228832,701,-108187,-82495592
21:20:57.784,0,-2.23,4,500,0,0,-100000,514,71963,35229036,337,-102837,-82495936
21:20:57.789,0,-2.37,4,500,0,0,-100000,480,53859,35229272,-113,-68147,-82496240
21:20:57.794,0,-2.39,4,500,0,0,-100000,378,61798,35229576,712,-118255,-82497008
21:20:57.800,0,-2.26,4,500,0,0,-100000,460,97718,35230248,121,-94051,-82497320
21:20:57.805,0,-2.06,4,500,0,0,-100000,555,131665,35230996,-12,-73794,-82497744
21:20:57.810,0,-1.93,4,500,0,0,-100000,527,139680,35231784,716,-111335,-82498544
21:20:57.815,0,-1.93,4,500,0,0,-100000,566,119607,35232264,426,-105156,-82498904
21:20:57.820,0,-2.27,4,500,0,0,-100000,544,96781,35232628,-28,-77688,-82499272
21:20:57.826,0,-2.4,4,500,0,0,-100000,504,67760,35232876,270,-89773,-82499912
21:20:57.831,0,-2.38,4,500,0,0,-100000,429,53698,35233064,420,-109793,-82500400
21:20:57.836,0,-2.23,4,500,0,0,-100000,491,73079,35233540,-141,-68832,-82500656
21:20:57.841,0,-2.04,4,500,0,0,-100000,427,104212,35234136,500,-101105,-82501440
21:20:57.846,0,-1.91,4,500,0,0,-100000,563,123394,35234808,384,-107036,-82501848
21:20:57.851,0,-1.93,4,500,0,0,-100000,613,124880,35235524,-41,-77961,-82502216
21:20:57.851,0,-1.93,4,500,0,0,-100000,478,107461,35235952,613,-103457,-82502872
21:20:57.856,0,-2.05,4,500,0,0,-100000,440,83354,35236324,774,-116543,-82503448
21:20:57.861,0,-2.19,4,500,0,0,-100000,502,83611,35236724,59,-87158,-82503768
21:20:57.866,0,-2.28,4,500,0,0,-100000,439,100862,35237320,192,-84648,-82504320
21:20:57.871,0,-2.27,4,500,0,0,-100000,490,107773,35237828,751,-118826,-82504928
21:20:57.876,0,-2.19,4,500,0,0,-100000,590,100484,35238468,233,-101130,-82505432
21:20:57.881,0,-2.13,4,500,0,0,-100000,537,90429,35238952,-35,-78634,-82505832
21:20:57.886,0,-2.12,4,500,0,0,-100000,444,75176,35239232,483,-100500,-82506496
21:20:57.891,0,-2.14,4,500,0,0,-100000,502,68890,35239532,145,-94229,-82506824
21:20:57.896,0,-2.14,4,500,0,0,-100000,463,86541,35239944,88,-84558,-82507232
21:20:57.902,0,-2.07,4,500,0,0,-100000,410,115480,35240688,571,-112529,-82507792
21:20:57.907,0,-1.97,4,500,0,0,-100000,593,133504,35241404,188,-93506,-82508216
21:20:57.912,0,-1.92,4,500,0,0,-100000,563,131274,35242020,50,-80739,-82508696
21:20:57.917,0,-1.96,4,500,0,0,-100000,474,98895,35242456,805,-120341,-82509400
21:20:57.922,0,-2.08,4,500,0,0,-100000,525,68961,35242664,160,-97791,-82509744
21:20:57.927,0,-2.22,4,500,0,0,-100000,450,65080,35242932,-117,-71872,-82510128
21:20:57.932,0,-2.27,4,500,0,0,-100000,345,76784,35243364,753,-119072,-82510848
21:20:57.937,0,-2.18,4,500,0,0,-100000,505,101230,35244016,77,-90732,-82511136
21:20:57.942,0,-2.03,4,500,0,0,-100000,446,131182,35244748,-7,-79760,-82511640
21:20:57.947,0,-1.91,4,500,0,0,-100000,514,134281,35245496,980,-123733,-82512360
21:20:57.952,0,-1.9,4,500,0,0,-100000,552,102990,35245876,315,-104373,-82512752
21:20:57.957,0,-2.03,4,500,0,0,-100000,554,75466,35246120,-237,-68749,-82513064
21:20:57.962,0,-2.21,4,500,0,0,-100000,423,53786,35246324,471,-94840,-82513800
21:20:57.967,0,-2.32,4,500,0,0,-100000,422,50885,35246540,445,-117229,-82514280
21:20:57.973,0,-2.29,4,500,0,0,-100000,536,75502,35247064,-565,-58472,-82514432
21:20:57.978,0,-2.13,4,500,0,0,-100000,439,105105,35247660,1035,-121121,-82515360
21:20:57.983,0,-1.92,3,500,0,0,-100000,558,127816,35248356,926,-139964,-82515944
21:20:57.988,0,-1.78,3,500,0,0,-100000,677,146285,35249280,-256,-62226,-82515944
21:20:57.993,0,-1.8,3,500,0,0,-100000,674,128038,35249800,584,-100590,-82516792
21:20:57.998,0,-1.95,3,500,0,0,-100000,452,68622,35249940,1098,-137345,-82517520
21:20:58.003,0,-2.17,3,500,0,0,-100000,501,37859,35250004,-60,-84584,-82517656
21:20:58.008,0,-2.34,3,500,0,0,-100000,357,46436,35250268,218,-91018,-82518192
21:20:58.013,0,-2.33,3,500,0,0,-100000,466,80216,35250808,600,-121287,-82518832
21:20:58.018,0,-2.16,3,500,0,0,-100000,546,118286,35251528,-28,-78724,-82519088
21:20:58.023,0,-1.94,3,500,0,0,-100000,461,153467,35252384,897,-118585,-82519816
21:20:58.028,0,-1.79,3,500,0,0,-100000,623,152933,35253268,781,-118272,-82520336
21:20:58.033,0,-1.82,3,500,0,0,-100000,605,110726,35253640,196,-91896,-82520728
21:20:58.039,0,-2.03,3,500,0,0,-100000,440,63954,35253816,381,-93136,-82521200
21:20:58.044,0,-2.26,3,500,0,0,-100000,431,44409,35253928,561,-109948,-82521808
21:20:58.049,0,-2.41,3,500,0,0,-100000,454,64049,35254304,-2,-84117,-82522128
21:20:58.054,0,-2.36,3,500,0,0,-100000,442,104751,35255012,357,-100087,-82522680
21:20:58.059,0,-2.14,3,500,0,0,-100000,519,138415,35255796,476,-107308,-82523216
21:20:58.064,0,-1.91,3,500,0,0,-100000,586,157924,35256756,136,-89024,-82523640
21:20:58.069,0,-1.81,3,500,0,0,-100000,616,141740,35257352,866,-111917,-82524256
21:20:58.074,0,-1.9,3,500,0,0,-100000,520,84193,35257592,855,-117977,-82524816
21:20:58.079,0,-2.13,3,500,0,0,-100000,468,50932,35257688,8,-84792,-82525104
21:20:58.085,0,-2.36,3,500,0,0,-100000,391,51291,35257940,426,-94923,-82525616
21:20:58.090,0,-2.42,3,500,0,0,-100000,429,74463,35258356,330,-104730,-82526136
21:20:58.095,0,-2.3,3,500,0,0,-100000,540,125041,35259252,1,-78879,-82526488
21:20:58.100,0,-2.06,3,500,0,0,-100000,522,152175,35260088,516,-103176,-82527216
21:20:58.105,0,-1.86,3,500,0,0,-100000,598,147300,35260908,580,-114392,-82527696
21:20:58.110,0,-1.84,3,500,0,0,-100000,600,112219,35261312,152,-88474,-82528080
21:20:58.115,0,-2.02,3,500,0,0,-100000,464,75114,35261508,295,-93743,-82528600
21:20:58.120,0,-2.27,3,500,0,0,-100000,390,48654,35261656,655,-115040,-82529224
21:20:58.125,0,-2.46,3,500,0,0,-100000,474,56123,35261956,26,-85598,-82529520
21:20:58.130,0,-2.46,3,500,0,0,-100000,435,80413,35262420,266,-92952,-82530024
21:20:58.135,0,-2.27,3,500,0,0,-100000,485,117810,35263204,590,-116552,-82530664
21:20:58.140,0,-2.04,3,500,0,0,-100000,557,138188,35263940,127,-90879,-82531016
21:20:58.145,0,-1.88,3,500,0,0,-100000,558,134565,35264668,196,-86709,-82531552
21:20:58.150,0,-1.88,3,500,0,0,-100000,506,107582,35265040,817,-116011,-82532192
21:20:58.155,0,-2.05,3,500,0,0,-100000,499,68869,35265300,408,-107309,-82532640
21:20:58.160,0,-2.42,3,500,0,0,-100000,497,60930,35265560,-46,-74984,-82532944
21:20:58.166,0,-2.42,3,500,0,0,-100000,422,65943,35265916,690,-111691,-82533616
21:20:58.171,0,-2.29,3,500,0,0,-100000,499,85643,35266400,292,-102944,-82534040
21:20:58.176,0,-2.1,3,500,0,0,-100000,513,112663,35267044,-8,-82951,-82534448
21:20:58.181,0,-1.97,3,500,0,0,-100000,470,120671,35267752,767,-110912,-82535096
21:20:58.186,0,-1.98,3,500,0,0,-100000,553,102522,35268180,524,-112667,-82535608
21:20:58.191,0,-2.08,3,500,0,0,-100000,528,90863,35268564,56,-78591,-82535840
21:20:58.197,0,-2.2,3,500,0,0,-100000,436,78381,35268936,337,-95903,-82536496
21:20:58.202,0,-2.26,3,500,0,0,-100000,473,89083,35269400,658,-115968,-82537112
21:20:58.207,0,-2.23,3,500,0,0,-100000,549,105700,35270044,64,-88475,-82537432
21:20:58.212,0,-2.15,3,500,0,0,-100000,467,122118,35270660,333,-94003,-82537928
21:20:58.217,0,-2.1,3,500,0,0,-100000,457,109654,35271208,809,-115839,-82538584
21:20:58.222,0,-2.12,3,500,0,0,-100000,545,97590,35271620,242,-97989,-82538952
21:20:58.227,0,-2.19,3,500,0,0,-100000,479,83915,35272040,-26,-79900,-82539376
21:20:58.232,0,-2.26,3,500,0,0,-100000,322,79192,35272376,620,-112574,-82540016
21:20:58.237,0,-2.26,3,500,0,0,-100000,413,101741,35273044,275,-97260,-82540424
21:20:58.242,0,-2.19,3,500,0,0,-100000,535,121141,35273792,56,-83581,-82540872
21:20:58.247,0,-2.13,3,500,0,0,-100000,525,119523,35274356,260,-89757,-82541472
21:20:58.252,0,-2.12,3,500,0,0,-100000,537,99392,35274740,677,-113666,-82542040
21:20:58.257,0,-2.18,3,500,0,0,-100000,514,76749,35275104,132,-90404,-82542408
21:20:58.262,0,-2.26,3,500,0,0,-100000,365,74060,35275440,320,-95872,-82542896
21:20:58.268,0,-2.29,3,500,0,0,-100000,382,80314,35275832,455,-109291,-82543464
21:20:58.273,0,-2.22,3,500,0,0,-100000,375,102993,35276408,85,-86601,-82543840
21:20:58.278,0,-2.1,3,500,0,0,-100000,488,127256,35277192,516,-102981,-82544400
21:20:58.283,0,-2.03,3,500,0,0,-100000,571,127762,35277900,814,-115180,-82544992
21:20:58.288,0,-2.06,3,500,0,0,-100000,586,108728,35278356,363,-100527,-82545424
21:20:58.293,0,-2.19,3,500,0,0,-100000,483,82493,35278628,48,-83754,-82545776
21:20:58.298,0,-2.34,3,500,0,0,-100000,375,62008,35278868,544,-108073,-82546448
21:20:58.303,0,-2.42,3,500,0,0,-100000,506,60622,35279140,289,-103008,-82546896
21:20:58.308,0,-2.36,3,500,0,0,-100000,437,83326,35279624,-98,-75495,-82547176
21:20:58.313,0,-2.22,3,500,0,0,-100000,468,105491,35280268,677,-110425,-82547920
21:20:58.318,0,-2.06,3,500,0,0,-100000,543,121834,35280920,711,-115205,-82548464
21:20:58.323,0,-1.99,3,500,0,0,-100000,565,129366,35281684,109,-82802,-82548704
21:20:58.329,0,-2.05,3,500,0,0,-100000,535,113566,35282152,382,-90801,-82549336
21:20:58.334,0,-2.19,3,500,0,0,-100000,513,85187,35282436,919,-120832,-82550048
21:20:58.339,0,-2.35,3,500,0,0,-100000,540,62748,35282700,29,-81782,-82550200
21:20:58.344,0,-2.43,3,500,0,0,-100000,417,61359,35283016,40,-81894,-82550736
21:20:58.349,0,-2.39,3,500,0,0,-100000,413,78582,35283428,636,-116451,-82551448
21:20:58.354,0,-2.24,3,500,0,0,-100000,545,110034,35284156,96,-89626,-82551768
21:20:58.359,0,-2.07,3,500,0,0,-100000,461,135115,35284872,509,-101840,-82552320
21:20:58.364,0,-1.98,3,500,0,0,-100000,528,147955,35285768,982,-123109,-82552992
21:20:58.369,0,-2.02,3,500,0,0,-100000,628,121975,35286248,470,-107396,-82553408
21:20:58.374,0,-2.18,3,500,0,0,-100000,534,87333,35286512,-5,-79782,-82553720
21:20:58.379,0,-2.36,3,500,0,0,-100000,404,58316,35286700,523,-106673,-82554416
21:20:58.384,0,-2.46,3,500,0,0,-100000,505,57406,35286968,61,-87912,-82554672
21:20:58.389,0,-2.4,3,500,0,0,-100000,461,84143,35287464,-91,-80241,-82555168
21:20:58.395,0,-2.23,3,500,0,0,-100000,426,133540,35288468,426,-100780,-82555920
21:20:58.400,0,-2.02,3,500,0,0,-100000,509,157231,35289300,458,-106637,-82556352
21:20:58.405,0,-1.93,3,500,0,0,-100000,637,152116,35290136,71,-84355,-82556784
21:20:58.410,0,-2.01,3,500,0,0,-100000,525,113029,35290492,434,-92574,-82557408
21:20:58.415,0,-2.21,3,500,0,0,-100000,474,56859,35290592,644,-114282,-82557952
21:20:58.420,0,-2.44,3,500,0,0,-100000,443,45795,35290712,-86,-73103,-82558120
21:20:58.425,0,-2.54,3,500,0,0,-100000,389,55113,35291012,455,-110710,-82558864
21:20:58.430,0,-2.44,3,500,0,0,-100000,486,92681,35291616,185,-92232,-82559216
21:20:58.435,0,-2.22,3,500,0,0,-100000,469,141330,35292568,327,-92502,-82559688
21:20:58.440,0,-1.99,3,500,0,0,-100000,586,156181,35293372,833,-121662,-82560416
21:20:58.445,0,-1.91,3,500,0,0,-100000,678,133386,35294080,551,-113073,-82560896
21:20:58.450,0,-2.02,3,500,0,0,-100000,585,98460,35294404,-70,-73955,-82561136
21:20:58.455,0,-2.26,3,500,0,0,-100000,384,65243,35294564,994,-114524,-82561952
21:20:58.460,0,-2.53,3,500,0,0,-100000,456,45385,35294760,51,-91152,-82562152
21:20:58.465,0,-2.42,3,500,0,0,-100000,441,68490,35295176,-270,-58522,-82562496
21:20:58.471,0,-2.2,3,500,0,0,-100000,377,107347,35295868,907,-127963,-82563456
21:20:58.476,0,-2.01,3,500,0,0,-100000,550,139760,35296652,284,-107049,-82563784
21:20:58.481,0,-1.98,4,500,0,0,-100000,613,161174,35297620,137,-79800,-82564136
21:20:58.486,0,-2.1,4,500,0,0,-100000,528,131317,35298124,1325,-133927,-82565040
21:20:58.491,0,-2.34,4,500,0,0,-100000,593,79969,35298312,535,-119848,-82565432
21:20:58.496,0,-2.53,4,500,0,0,-100000,499,41938,35298404,-281,-54670,-82565536
21:20:58.501,0,-2.55,4,500,0,0,-100000,353,38919,35298552,997,-127992,-82566520
21:20:58.506,0,-2.4,4,500,0,0,-100000,516,66950,35299036,435,-115877,-82566880
21:20:58.511,0,-2.16,4,500,0,0,-100000,550,113760,35299764,-545,-47273,-82566904
21:20:58.517,0,-1.95,4,500,0,0,-100000,444,145829,35300564,869,-119953,-82567960
21:20:58.522,0,-1.93,4,500,0,0,-100000,594,146593,35301412,322,-107886,-82568248
21:20:58.527,0,-2.07,4,500,0,0,-100000,631,133813,35302012,-101,-66364,-82568592
21:20:58.532,0,-2.29,4,500,0,0,-100000,439,89926,35302308,730,-105704,-82569432
21:20:58.537,0,-2.48,4,500,0,0,-100000,499,55241,35302428,252,-103501,-82569768
21:20:58.542,0,-2.52,4,500,0,0,-100000,417,58697,35302748,-243,-63969,-82570064
21:20:58.547,0,-2.38,4,500,0,0,-100000,398,81936,35303196,750,-112406,-82570904
21:20:58.552,0,-2.21,4,500,0,0,-100000,532,115707,35303976,456,-111211,-82571352
21:20:58.557,0,-2.06,4,500,0,0,-100000,494,142938,35304752,11,-80737,-82571656
21:20:58.562,0,-2.05,4,500,0,0,-100000,367,134695,35305476,1028,-120006,-82572440
21:20:58.567,0,-2.18,4,500,0,0,-100000,621,107970,35305896,637,-118272,-82572944
21:20:58.573,0,-2.34,4,500,0,0,-100000,499,86836,35306212,-74,-71397,-82573112
21:20:58.578,0,-2.44,4,500,0,0,-100000,433,72602,35306540,647,-106566,-82573888
21:20:58.583,0,-2.43,4,500,0,0,-100000,498,76398,35306920,183,-94693,-82574184
21:20:58.588,0,-2.3,4,500,0,0,-100000,510,98204,35307544,-43,-73822,-82574592
21:20:58.593,0,-2.16,4,500,0,0,-100000,457,111487,35308116,881,-115198,-82575416
21:20:58.598,0,-2.08,4,500,0,0,-100000,554,117462,35308796,137,-92538,-82575640
21:20:58.603,0,-2.08,4,500,0,0,-100000,453,117584,35309336,6,-78775,-82576128
21:20:58.608,0,-2.17,4,500,0,0,-100000,437,109347,35309884,767,-117025,-82576912
21:20:58.613,0,-2.3,4,500,0,0,-100000,563,91133,35310240,250,-99660,-82577200
21:20:58.618,0,-2.39,4,500,0,0,-100000,538,82993,35310668,-150,-65475,-82577528
21:20:58.623,0,-2.41,4,500,0,0,-100000,419,79148,35311004,751,-114190,-82578392
21:20:58.628,0,-2.37,4,500,0,0,-100000,480,75413,35311432,493,-116916,-82578872
21:20:58.634,0,-2.28,4,500,0,0,-100000,524,89897,35311908,-117,-69287,-82579032
21:20:58.639,0,-2.18,4,500,0,0,-100000,455,98900,35312408,928,-116010,-82579888
21:20:58.644,0,-2.13,4,500,0,0,-100000,532,95806,35312932,555,-120063,-82580392
21:20:58.649,0,-2.1,4,500,0,0,-100000,513,102351,35313444,-122,-72369,-82580560
21:20:58.654,0,-2.12,4,500,0,0,-100000,449,99964,35313976,719,-108794,-82581344
21:20:58.659,0,-2.18,4,500,0,0,-100000,518,96707,35314440,368,-106086,-82581712
21:20:58.664,0,-2.22,4,500,0,0,-100000,535,95188,35314892,-73,-70588,-82582040
21:20:58.669,0,-2.26,4,500,0,0,-100000,454,93408,35315384,415,-99318,-82582792
21:20:58.674,0,-2.28,4,500,0,0,-100000,558,84746,35315740,701,-120094,-82583416
21:20:58.679,0,-2.25,4,500,0,0,-100000,523,94038,35316280,-22,-77028,-82583560
21:20:58.684,0,-2.22,4,500,0,0,-100000,434,100162,35316756,299,-90780,-82584200
21:20:58.689,0,-2.18,4,500,0,0,-100000,449,104612,35317332,820,-117793,-82584864
21:20:58.694,0,-2.16,4,500,0,0,-100000,527,125350,35318012,25,-84814,-82585088
21:20:58.699,0,-2.19,4,500,0,0,-100000,448,123653,35318692,500,-96389,-82585736
21:20:58.704,0,-2.26,4,500,0,0,-100000,598,96176,35319048,856,-119443,-82586408
21:20:58.709,0,-2.32,4,500,0,0,-100000,543,71820,35319356,73,-85116,-82586616
21:20:58.714,0,-2.35,4,500,0,0,-100000,379,67738,35319652,110,-87017,-82587176
21:20:58.719,0,-2.31,4,500,0,0,-100000,475,75581,35320036,535,-108505,-82587808
21:20:58.725,0,-2.18,4,500,0,0,-100000,477,101218,35320676,65,-84892,-82588072
21:20:58.730,0,-2.03,4,500,0,0,-100000,453,129880,35321412,361,-92199,-82588648
21:20:58.735,0,-1.96,4,500,0,0,-100000,528,146795,35322296,898,-121885,-82589360
21:20:58.740,0,-1.99,4,500,0,0,-100000,659,133869,35322868,243,-94232,-82589616
21:20:58.745,0,-2.14,4,500,0,0,-100000,550,93488,35323228,172,-83160,-82590120
21:20:58.750,0,-2.32,4,500,0,0,-100000,399,65385,35323388,645,-107245,-82590792
21:20:58.755,0,-2.4,4,500,0,0,-100000,449,56857,35323652,-35,-84325,-82591016
21:20:58.760,0,-2.35,4,500,0,0,-100000,432,85068,35324144,56,-85596,-82591560
21:20:58.765,0,-2.19,4,500,0,0,-100000,464,116430,35324900,586,-115749,-82592248
21:20:58.770,0,-2.02,4,500,0,0,-100000,571,139168,35325672,92,-84663,-82592472
21:20:58.775,0,-2.03,4,500,0,0,-100000,584,138520,35326464,289,-90814,-82593104
21:20:58.780,0,-2.19,4,500,0,0,-100000,508,99739,35326780,739,-113049,-82593784
21:20:58.786,0,-2.35,4,500,0,0,-100000,508,70359,35326996,158,-93581,-82594072
21:20:58.791,0,-2.39,4,500,0,0,-100000,479,63123,35327432,90,-88850,-82594744
21:20:58.796,0,-2.29,4,500,0,0,-100000,535,79672,35327880,205,-89691,-82595192
21:20:58.801,0,-2.13,4,500,0,0,-100000,440,111127,35328596,622,-118432,-82595864
21:20:58.806,0,-2.02,4,500,0,0,-100000,583,127389,35329260,125,-91900,-82596200
21:20:58.811,0,-2.03,4,500,0,0,-100000,536,127710,35329976,79,-81479,-82596680
21:20:58.816,0,-2.16,4,500,0,0,-100000,562,111973,35330212,871,-122938,-82597280
21:20:58.821,0,-2.33,4,500,0,0,-100000,561,87945,35330628,67,-83346,-82597464
21:20:58.826,0,-2.43,4,500,0,0,-100000,463,70348,35330880,98,-81381,-82598008
21:20:58.831,0,-2.4,4,500,0,0,-100000,421,60177,35331108,805,-118836,-82598752
21:20:58.831,0,-2.4,4,500,0,0,-100000,645,76063,35331580,-84,-78233,-82598864
21:20:58.836,0,-2.26,4,500,0,0,-100000,462,105216,35332184,80,-80424,-82599464
21:20:58.841,0,-2.09,4,500,0,0,-100000,524,117249,35332792,818,-119516,-82600232
21:20:58.846,0,-1.98,4,500,0,0,-100000,592,116171,35333464,152,-88474,-82600448
21:20:58.851,0,-2.01,4,500,0,0,-100000,518,107819,35333940,15,-80530,-82600960
21:20:58.856,0,-2.13,4,500,0,0,-100000,454,88044,35334348,877,-118815,-82601648
21:20:58.861,0,-2.27,4,500,0,0,-100000,521,74196,35334640,254,-99244,-82602000
21:20:58.866,0,-2.36,4,500,0,0,-100000,496,85608,35335152,-82,-75076,-82602392
21:20:58.872,0,-2.34,4,500,0,0,-100000,461,98755,35335644,654,-105896,-82603128
21:20:58.877,0,-2.23,4,500,0,0,-100000,537,110857,35336308,239,-97631,-82603448
21:20:58.882,0,-2.13,4,500,0,0,-100000,559,115981,35336864,-29,-81298,-82603904
21:20:58.887,0,-2.1,4,500,0,0,-100000,512,103645,35337396,536,-109499,-82604624
21:20:58.892,0,-2.14,4,500,0,0,-100000,542,83290,35337704,397,-103144,-82605072
21:20:58.897,0,-2.22,4,500,0,0,-100000,438,85794,35338116,78,-83091,-82605384
21:20:58.902,0,-2.27,4,500,0,0,-100000,402,101301,35338728,658,-107082,-82606072
21:20:58.907,0,-2.25,4,500,0,0,-100000,578,110742,35339300,218,-95291,-82606392
21:20:58.912,0,-2.2,4,500,0,0,-100000,429,118707,35339996,111,-85451,-82606896
21:20:58.917,0,-2.16,4,500,0,0,-100000,513,111948,35340508,397,-100972,-82607544
21:20:58.922,0,-2.18,4,500,0,0,-100000,488,84657,35340892,619,-112635,-82608128
21:20:58.928,0,-2.25,4,500,0,0,-100000,500,74614,35341208,49,-79667,-82608352
21:20:58.933,0,-2.32,4,500,0,0,-100000,425,86529,35341700,551,-103596,-82609024
21:20:58.938,0,-2.32,4,500,0,0,-100000,465,99712,35342204,474,-111263,-82609552
21:20:58.943,0,-2.26,4,500,0,0,-100000,534,125741,35342904,39,-80738,-82609824
21:20:58.948,0,-2.17,4,500,0,0,-100000,529,128195,35343604,506,-101413,-82610512
21:20:58.953,0,-2.14,4,500,0,0,-100000,549,103731,35344004,813,-121077,-82611144
21:20:58.958,0,-2.2,4,500,0,0,-100000,542,73495,35344312,-19,-75791,-82611264
21:20:58.963,0,-2.3,4,500,0,0,-100000,402,63963,35344564,241,-87995,-82611912
21:20:58.968,0,-2.37,4,500,0,0,-100000,437,63704,35344852,785,-120442,-82612600
21:20:58.973,0,-2.35,4,500,0,0,-100000,476,83152,35345392,-25,-76859,-82612728
21:20:58.978,0,-2.24,4,500,0,0,-100000,452,109498,35346000,380,-91803,-82613400
21:20:58.984,0,-2.08,4,500,0,0,-100000,495,129504,35346808,734,-118864,-82613968
21:20:58.989,0,-2.0,4,500,0,0,-100000,647,127450,35347436,57,-87008,-82614296
21:20:58.994,0,-2.03,4,500,0,0,-100000,432,110906,35347880,-90,-71214,-82614800
21:20:58.999,0,-2.17,4,500,0,0,-100000,467,73417,35348132,1186,-125896,-82615696
21:20:59.004,0,-2.34,4,500,0,0,-100000,511,51004,35348284,2,-82881,-82615768
21:20:59.009,0,-2.45,4,500,0,0,-100000,428,57833,35348596,-136,-72236,-82616256
21:20:59.014,0,-2.41,4,500,0,0,-100000,365,77449,35349008,662,-124078,-82617080
21:20:59.019,0,-2.25,4,500,0,0,-100000,561,119512,35349828,-4,-76310,-82617168
21:20:59.024,0,-2.06,4,500,0,0,-100000,506,153674,35350676,311,-92200,-82617840
21:20:59.029,0,-1.93,4,500,0,0,-100000,550,150810,35351524,1004,-123605,-82618584
21:20:59.035,0,-1.96,4,500,0,0,-100000,617,106900,35351872,217,-93775,-82618824
21:20:59.040,0,-2.15,4,500,0,0,-100000,507,57827,35352008,-34,-73009,-82619256
21:20:59.045,0,-2.36,4,500,0,0,-100000,380,39116,35352104,586,-108884,-82620000
21:20:59.050,0,-2.49,4,500,0,0,-100000,379,55768,35352436,-20,-81779,-82620192
21:20:59.055,0,-2.44,4,500,0,0,-100000,447,103496,35353172,129,-88460,-82620792
21:20:59.060,0,-2.23,4,500,0,0,-100000,458,141938,35353984,816,-118443,-82621480
21:20:59.065,0,-1.99,4,500,0,0,-100000,637,168791,35355048,74,-85712,-82621696
21:20:59.070,0,-1.87,4,500,0,0,-100000,475,148694,35355652,273,-92552,-82622328
21:20:59.075,0,-1.94,4,500,0,0,-100000,495,87353,35355896,762,-114518,-82623008
21:20:59.080,0,-2.18,4,500,0,0,-100000,572,43742,35355924,53,-84423,-82623208
21:20:59.085,0,-2.53,4,500,0,0,-100000,399,37801,35356092,-36,-83545,-82623728
21:20:59.090,0,-2.42,4,500,0,0,-100000,402,59204,35356444,415,-108960,-82624360
21:20:59.096,0,-2.16,4,500,0,0,-100000,515,114699,35357292,-37,-80738,-82624680
21:20:59.101,0,-1.9,4,500,0,0,-100000,526,158237,35358216,676,-116549,-82625368
21:20:59.106,0,-1.81,4,500,0,0,-100000,630,165414,35359048,681,-118269,-82625936
21:20:59.111,0,-1.94,4,500,0,0,-100000,637,127508,35359652,40,-80974,-82626176
21:20:59.116,0,-2.21,4,500,0,0,-100000,470,80198,35359828,329,-86851,-82626792
21:20:59.121,0,-2.47,4,500,0,0,-100000,378,40640,35359892,842,-124833,-82627520
21:20:59.126,0,-2.56,4,500,0,0,-100000,464,44346,35360124,-118,-68302,-82627568
21:20:59.131,0,-2.44,4,500,0,0,-100000,337,73778,35360620,484,-97914,-82628312
21:20:59.136,0,-2.21,4,500,0,0,-100000,492,108988,35361272,527,-115870,-82628872
21:20:59.141,0,-1.99,4,500,0,0,-100000,595,146258,35362104,-39,-74091,-82629056
21:20:59.146,0,-1.91,4,500,0,0,-100000,564,160448,35363044,830,-116517,-82629912
21:20:59.151,0,-2.04,4,500,0,0,-100000,635,126886,35363528,969,-127866,-82630512
21:20:59.156,0,-2.27,4,500,0,0,-100000,547,66254,35363688,-67,-73923,-82630592
21:20:59.161,0,-2.49,4,500,0,0,-100000,420,37978,35363780,-176,-64227,-82631168
21:20:59.166,0,-2.57,4,500,0,0,-100000,384,36360,35363928,880,-128522,-82631984
21:20:59.172,0,-2.45,4,500,0,0,-100000,502,74160,35364488,-35,-79754,-82632152
21:20:59.177,0,-2.21,4,500,0,0,-100000,434,111179,35365076,577,-100873,-82632768
21:20:59.182,0,-1.99,4,500,0,0,-100000,519,146260,35366024,405,-108467,-82633216
21:20:59.187,0,-1.89,4,500,0,0,-100000,603,158379,35366856,83,-79298,-82633584
21:20:59.192,0,-1.99,4,500,0,0,-100000,545,134758,35367396,231,-83937,-82634224
21:20:59.197,0,-2.23,4,500,0,0,-100000,456,82345,35367648,1024,-129726,-82634928
21:20:59.202,0,-2.45,4,500,0,0,-100000,488,46455,35367724,14,-83505,-82635136
21:20:59.207,0,-2.56,4,500,0,0,-100000,400,45275,35367948,42,-78393,-82635664
21:20:59.212,0,-2.49,4,500,0,0,-100000,470,59115,35368264,398,-110486,-82636232
21:20:59.217,0,-2.27,4,500,0,0,-100000,513,109679,35369048,-100,-72954,-82636512
21:20:59.222,0,-2.04,4,500,0,0,-100000,502,144900,35369864,497,-100310,-82637248
21:20:59.227,0,-1.92,4,500,0,0,-100000,590,153731,35370768,838,-121283,-82637888
21:20:59.232,0,-1.98,4,500,0,0,-100000,716,134355,35371348,46,-82761,-82638080
21:20:59.237,0,-2.19,4,500,0,0,-100000,500,85861,35371636,157,-84473,-82638696
21:20:59.243,0,-2.43,4,500,0,0,-100000,432,54886,35371740,780,-118117,-82639424
21:20:59.248,0,-2.56,4,500,0,0,-100000,424,56765,35372020,-13,-78360,-82639568
21:20:59.253,0,-2.52,4,500,0,0,-100000,437,83225,35372576,243,-92783,-82640208
21:20:59.258,0,-2.35,4,500,0,0,-100000,478,106339,35373176,421,-108993,-82640704
21:20:59.263,0,-2.14,4,500,0,0,-100000,552,131719,35374024,6,-76188,-82641032
21:20:59.268,0,-2.04,4,500,0,0,-100000,479,138572,35374700,473,-99762,-82641760
21:20:59.273,0,-2.08,4,500,0,0,-100000,546,125715,35375336,682,-116256,-82642272
21:20:59.278,0,-2.23,4,500,0,0,-100000,569,98703,35375692,79,-85478,-82642608
21:20:59.283,0,-2.42,4,500,0,0,-100000,448,73454,35375988,46,-80027,-82643136
21:20:59.288,0,-2.55,4,500,0,0,-100000,442,57902,35376184,729,-115610,-82643896
21:20:59.293,0,-2.56,4,500,0,0,-100000,493,62057,35376548,29,-81030,-82644032
21:20:59.298,0,-2.46,4,500,0,0,-100000,453,79824,35376996,96,-80504,-82644592
21:20:59.303,0,-2.3,4,500,0,0,-100000,520,100066,35377608,819,-124808,-82645392
21:20:59.309,0,-2.14,4,500,0,0,-100000,424,119186,35378456,712,-125950,-82646008
21:20:59.314,0,-2.05,4,500,0,0,-100000,570,131421,35379140,-44,-71436,-82646136
21:20:59.319,0,-2.07,4,500,0,0,-100000,514,125567,35379700,675,-101299,-82646920
21:20:59.324,0,-2.16,4,500,0,0,-100000,493,88672,35380072,548,-123320,-82647456
21:20:59.329,0,-2.3,4,500,0,0,-100000,575,71400,35380360,-290,-62705,-82647584
21:20:59.334,0,-2.43,4,500,0,0,-100000,392,64573,35380556,1350,-140841,-82648448
21:20:59.339,0,-2.47,4,500,0,0,-100000,579,65045,35380872,219,-106276,-82648688
21:20:59.344,0,-2.43,4,500,0,0,-100000,498,85751,35381412,-581,-44378,-82648872
21:20:59.349,0,-2.32,4,500,0,0,-100000,426,101204,35381924,1035,-121077,-82649936
21:20:59.354,0,-2.19,4,500,0,0,-100000,553,120056,35382664,90,-98165,-82650128
21:20:59.359,0,-2.11,4,500,0,0,-100000,498,145840,35383444,-50,-70922,-82650568
21:20:59.365,0,-2.13,4,500,0,0,-100000,480,130922,35384116,1101,-125589,-82651480
21:20:59.370,0,-2.21,4,500,0,0,-100000,578,99891,35384496,212,-97569,-82651688
21:20:59.375,0,-2.35,4,500,0,0,-100000,527,71521,35384784,-133,-69029,-82652080
21:20:59.380,0,-2.47,4,500,0,0,-100000,406,61495,35385012,890,-124816,-82652880
21:20:59.385,0,-2.47,4,500,0,0,-100000,505,70038,35385384,14,-84985,-82653112
21:20:59.390,0,-2.37,4,500,0,0,-100000,456,103350,35386064,140,-81574,-82653648
21:20:59.395,0,-2.19,4,500,0,0,-100000,419,133189,35386808,707,-117890,-82654280
21:20:59.400,0,-2.01,4,500,0,0,-100000,555,162335,35387832,238,-94333,-82654672
21:20:59.405,0,-1.98,4,500,0,0,-100000,596,152390,35388488,193,-89730,-82655216
21:20:59.410,0,-2.09,4,500,0,0,-100000,511,102553,35388868,645,-105774,-82655880
21:20:59.415,0,-2.5,4,500,0,0,-100000,481,57258,35388952,219,-95857,-82656192
21:20:59.420,0,-2.56,4,500,0,0,-100000,427,49356,35389176,-116,-77129,-82656592
21:20:59.426,0,-2.44,4,500,0,0,-100000,408,68223,35389560,565,-109481,-82657304
21:20:59.431,0,-2.22,4,500,0,0,-100000,533,117232,35390404,15,-83558,-82657528
21:20:59.436,0,-2.03,4,500,0,0,-100000,544,155493,35391284,247,-89851,-82658136
21:20:59.441,0,-2.0,4,500,0,0,-100000,589,156822,35392048,963,-115547,-82658864
21:20:59.446,0,-2.16,4,500,0,0,-100000,695,110421,35392512,469,-110267,-82659240
21:20:59.451,0,-2.4,4,500,0,0,-100000,538,69390,35392680,-149,-69222,-82659520
21:20:59.456,0,-2.56,4,500,0,0,-100000,480,49033,35392848,913,-113633,-82660280
21:20:59.461,0,-2.54,4,500,0,0,-100000,399,49622,35393080,309,-109458,-82660704
21:20:59.466,0,-2.35,4,500,0,0,-100000,542,81326,35393592,-261,-70354,-82660984
21:20:59.471,0,-2.11,4,500,0,0,-100000,457,131963,35394488,919,-124023,-82661784
21:20:59.476,0,-1.97,4,500,0,0,-100000,586,155712,35395308,555,-114994,-82662224
21:20:59.481,0,-2.03,4,500,0,0,-100000,667,144141,35396084,72,-83284,-82662592
21:20:59.486,0,-2.23,4,500,0,0,-100000,478,105067,35396424,101,-79414,-82663168
21:20:59.491,0,-2.47,4,500,0,0,-100000,387,53390,35396512,854,-125814,-82663848
21:20:59.497,0,-2.58,4,500,0,0,-100000,487,43323,35396680,-29,-79381,-82664040
21:20:59.502,0,-2.5,4,500,0,0,-100000,384,64476,35397044,62,-83122,-82664624
21:20:59.507,0,-2.28,4,500,0,0,-100000,434,102083,35397752,452,-111815,-82665200
21:20:59.512,0,-2.07,4,500,0,0,-100000,509,133223,35398516,68,-85161,-82665560
21:20:59.517,0,-1.99,4,500,0,0,-100000,563,141577,35399344,245,-89381,-82666168
21:20:59.522,0,-2.09,4,500,0,0,-100000,527,113962,35399780,935,-127448,-82666856
21:20:59.527,0,-2.29,4,500,0,0,-100000,566,82774,35400060,231,-100228,-82667208
21:20:59.532,0,-2.45,4,500,0,0,-100000,472,70140,35400388,11,-78028,-82667528
21:20:59.537,0,-2.47,4,500,0,0,-100000,300,72150,35400716,821,-117625,-82668296
21:20:59.542,0,-2.36,4,500,0,0,-100000,496,91721,35401284,121,-95364,-82668616
21:20:59.547,0,-2.19,4,500,0,0,-100000,452,121296,35401964,54,-83116,-82669096
21:20:59.552,0,-2.09,4,500,0,0,-100000,512,129310,35402708,627,-115482,-82669736
21:20:59.557,0,-2.11,4,500,0,0,-100000,672,116193,35403220,390,-103495,-82670176
21:20:59.562,0,-2.23,4,500,0,0,-100000,525,99519,35403716,4,-78878,-82670552
21:20:59.567,0,-2.37,4,500,0,0,-100000,490,85677,35404052,728,-113080,-82671224
21:20:59.572,0,-2.43,4,500,0,0,-100000,499,77505,35404388,375,-106719,-82671688
21:20:59.577,0,-2.38,4,500,0,0,-100000,503,101705,35405048,13,-81265,-82672040
21:20:59.583,0,-2.26,4,500,0,0,-100000,473,114040,35405624,630,-110244,-82672696
21:20:59.588,0,-2.17,4,500,0,0,-100000,541,114651,35406296,431,-110559,-82673192
21:20:59.593,0,-2.15,4,500,0,0,-100000,572,104197,35406744,10,-80204,-82673464
21:20:59.598,0,-2.21,4,500,0,0,-100000,410,94489,35407144,556,-105265,-82674168
21:20:59.603,0,-2.3,4,500,0,0,-100000,466,85251,35407572,570,-115234,-82674720
21:20:59.608,0,-2.34,4,500,0,0,-100000,555,94367,35408132,83,-85339,-82675040
21:20:59.613,0,-2.31,4,500,0,0,-100000,453,106718,35408664,603,-102232,-82675624
21:20:59.618,0,-2.27,4,500,0,0,-100000,510,101546,35409192,697,-120192,-82676232
21:20:59.623,0,-2.22,4,500,0,0,-100000,569,94153,35409624,6,-86549,-82676520
21:20:59.628,0,-2.21,4,500,0,0,-100000,451,86303,35409988,479,-97818,-82677072
21:20:59.633,0,-2.22,4,500,0,0,-100000,463,80596,35410416,718,-120378,-82677696
21:20:59.638,0,-2.21,4,500,0,0,-100000,532,80934,35410808,78,-87104,-82677992
21:20:59.643,0,-2.16,4,500,0,0,-100000,447,96812,35411312,383,-91326,-82678496
21:20:59.648,0,-2.11,4,500,0,0,-100000,443,111616,35411992,891,-124063,-82679224
21:20:59.653,0,-2.07,4,500,0,0,-100000,581,115288,35412568,369,-109082,-82679632
21:20:59.658,0,-2.09,4,500,0,0,-100000,519,109077,35413164,6,-73579,-82679904
21:20:59.663,0,-2.17,4,500,0,0,-100000,483,91270,35413492,830,-118393,-82680744
21:20:59.669,0,-2.26,4,500,0,0,-100000,490,69108,35413800,395,-111168,-82681160
21:20:59.674,0,-2.29,4,500,0,0,-100000,482,67431,35414108,-181,-64664,-82681320
21:20:59.679,0,-2.25,4,500,0,0,-100000,438,80948,35414572,328,-97814,-82682152
21:20:59.684,0,-2.14,4,500,0,0,-100000,475,109053,35415280,676,-118949,-82682776
21:20:59.689,0,-2.02,4,500,0,0,-100000,546,139847,35416072,-24,-78524,-82682928
21:20:59.694,0,-1.97,4,500,0,0,-100000,540,141398,35416872,579,-99761,-82683640
21:20:59.699,0,-2.05,4,500,0,0,-100000,553,106527,35417248,647,-116996,-82684152
21:20:59.704,0,-2.2,4,500,0,0,-100000,436,67367,35417416,40,-81814,-82684456
21:20:59.709,0,-2.35,4,500,0,0,-100000,410,55319,35417608,376,-99380,-82685040
21:20:59.714,0,-2.38,4,500,0,0,-100000,426,62966,35417964,313,-108840,-82685560
21:20:59.719,0,-2.25,4,500,0,0,-100000,493,98124,35418572,-77,-76409,-82685872
21:20:59.724,0,-2.04,4,500,0,0,-100000,453,129038,35419288,780,-116779,-82686584
21:20:59.729,0,-1.87,4,500,0,0,-100000,574,158188,35420292,581,-110595,-82687072
21:20:59.734,0,-1.85,4,500,0,0,-100000,617,143686,35420908,104,-85618,-82687456
21:20:59.739,0,-2.0,4,500,0,0,-100000,460,96255,35421264,626,-105418,-82688072
21:20:59.744,0,-2.22,4,500,0,0,-100000,412,51411,35421364,538,-117042,-82688624
21:20:59.749,0,-2.36,4,500,0,0,-100000,462,49032,35421580,-152,-71514,-82688824
21:20:59.754,0,-2.34,4,500,0,0,-100000,390,74937,35422056,562,-112155,-82689512
21:20:59.760,0,-2.15,4,500,0,0,-100000,524,111064,35422728,91,-93771,-82689856
21:20:59.765,0,-1.91,4,500,0,0,-100000,478,148423,35423576,43,-82171,-82690344
21:20:59.770,0,-1.79,4,500,0,0,-100000,531,154645,35424468,907,-125714,-82691072
21:20:59.775,0,-1.84,4,500,0,0,-100000,615,114464,35424872,380,-106255,-82691480
21:20:59.780,0,-2.04,4,500,0,0,-100000,537,65402,35425064,-73,-70282,-82691800
21:20:59.785,0,-2.26,4,500,0,0,-100000,363,46051,35425176,763,-116638,-82692544
21:20:59.790,0,-2.34,4,500,0,0,-100000,462,57753,35425496,128,-94902,-82692856
21:20:59.795,0,-2.22,4,500,0,0,-100000,469,105744,35426240,-49,-74601,-82693296
21:20:59.800,0,-2.01,4,500,0,0,-100000,500,136560,35426996,886,-127578,-82694048
21:20:59.805,0,-1.82,4,500,0,0,-100000,606,155335,35427956,235,-96025,-82694376
21:20:59.810,0,-1.8,4,500,0,0,-100000,626,137625,35428532,27,-81004,-82694872
21:20:59.815,0,-1.99,4,500,0,0,-100000,464,80441,35428740,1045,-123849,-82695600
21:20:59.820,0,-2.24,4,500,0,0,-100000,454,43247,35428796,166,-100459,-82695920
21:20:59.825,0,-2.44,4,500,0,0,-100000,470,43008,35429028,-289,-66489,-82696232
21:20:59.830,0,-2.44,4,500,0,0,-100000,381,66528,35429408,638,-104612,-82697016
21:20:59.835,0,-2.24,4,500,0,0,-100000,475,110331,35430268,425,-118774,-82697560
21:20:59.840,0,-1.81,4,500,0,0,-100000,575,132738,35431012,-103,-74657,-82697808
21:20:59.846,0,-1.8,4,500,0,0,-100000,486,138792,35431684,699,-111971,-82698568
21:20:59.851,0,-1.96,4,500,0,0,-100000,496,112781,35432232,965,-126374,-82699168
21:20:59.856,0,-2.18,4,500,0,0,-100000,563,92761,35432512,42,-78051,-82699304
21:20:59.861,0,-2.32,4,500,0,0,-100000,381,70279,35432728,904,-113683,-82700016
21:20:59.866,0,-2.33,4,500,0,0,-100000,436,57838,35432996,289,-106555,-82700408
21:20:59.871,0,-2.2,4,500,0,0,-100000,472,82543,35433472,-59,-71209,-82700744
21:20:59.876,0,-2.01,4,500,0,0,-100000,421,102208,35434088,620,-120594,-82701472
21:20:59.881,0,-1.89,4,500,0,0,-100000,590,120744,35434732,63,-89891,-82701768
21:20:59.886,0,-1.88,4,500,0,0,-100000,602,124486,35435420,70,-81950,-82702280
21:20:59.891,0,-1.97,4,500,0,0,-100000,505,106101,35435848,909,-115422,-82703056
21:20:59.897,0,-2.12,4,500,0,0,-100000,567,85999,35436276,128,-92739,-82703264
21:20:59.902,0,-2.22,4,500,0,0,-100000,477,86702,35436696,-68,-74504,-82703712
21:20:59.907,0,-2.21,4,500,0,0,-100000,446,85113,35437076,708,-110616,-82704480
21:20:59.912,0,-2.15,4,500,0,0,-100000,342,93868,35437628,119,-92105,-82704728
21:20:59.917,0,-2.06,4,500,0,0,-100000,490,109391,35438208,18,-80805,-82705232
21:20:59.922,0,-2.0,4,500,0,0,-100000,478,114233,35438848,815,-118391,-82705912
21:20:59.927,0,-2.02,4,500,0,0,-100000,578,99983,35439268,301,-98661,-82706296
21:20:59.932,0,-2.08,4,500,0,0,-100000,510,97124,35439704,0,-77694,-82706712
21:20:59.937,0,-2.13,4,500,0,0,-100000,403,91220,35440164,770,-108370,-82707456
21:20:59.942,0,-2.16,4,500,0,0,-100000,539,86833,35440636,218,-96214,-82707752
21:20:59.947,0,-2.15,4,500,0,0,-100000,496,96861,35441116,-136,-71187,-82708144
21:20:59.952,0,-2.12,4,500,0,0,-100000,441,101983,35441672,580,-108245,-82708928
21:20:59.957,0,-2.11,4,500,0,0,-100000,542,98720,35442120,314,-103165,-82709264
21:20:59.962,0,-2.13,4,500,0,0,-100000,551,94635,35442644,-217,-65646,-82709568
21:20:59.967,0,-2.14,4,500,0,0,-100000,453,88285,35443016,519,-100010,-82710352
21:20:59.972,0,-2.16,4,500,0,0,-100000,485,72236,35443304,341,-110788,-82710792
21:20:59.978,0,-2.14,4,500,0,0,-100000,480,79240,35443780,-185,-68265,-82711032
21:20:59.983,0,-2.07,4,500,0,0,-100000,455,101214,35444340,296,-87297,-82711744
21:20:59.988,0,-2.03,4,500,0,0,-100000,516,107736,35444888,650,-124706,-82712360
21:20:59.993,0,-2.03,4,500,0,0,-100000,613,110232,35445560,-17,-77080,-82712616
21:20:59.998,0,-2.08,4,500,0,0,-100000,392,98280,35445960,101,-81452,-82713232
21:21:00.003,0,-2.18,4,500,0,0,-100000,495,71069,35446240,738,-123854,-82713880
21:21:00.008,0,-2.24,4,500,0,0,-100000,505,69400,35446564,-157,-71206,-82714072
21:21:00.013,0,-2.21,4,500,0,0,-100000,396,83187,35447024,235,-83669,-82714720
21:21:00.018,0,-2.12,4,500,0,0,-100000,470,100190,35447552,516,-119133,-82715304
21:21:00.023,0,-2.02,4,500,0,0,-100000,587,130740,35448404,-66,-74900,-82715568
21:21:00.028,0,-1.97,4,500,0,0,-100000,482,142264,35449128,528,-95540,-82716288
21:21:00.033,0,-2.06,4,500,0,0,-100000,530,111568,35449652,1052,-127068,-82717016
21:21:00.038,0,-2.22,4,500,0,0,-100000,572,72895,35449864,44,-81006,-82717112
21:21:00.043,0,-2.34,4,500,0,0,-100000,420,51999,35450004,41,-79762,-82717688
21:21:00.048,0,-2.36,4,500,0,0,-100000,396,49823,35450240,434,-107796,-82718232
21:21:00.054,0,-2.21,4,500,0,0,-100000,457,84314,35450776,-47,-76823,-82718560
21:21:00.059,0,-1.96,4,500,0,0,-100000,462,126481,35451540,380,-99717,-82719248
21:21:00.064,0,-1.79,4,500,0,0,-100000,583,161577,35452584,491,-109341,-82719720
21:21:00.069,0,-1.79,4,500,0,0,-100000,662,163955,35453368,102,-87403,-82720128
21:21:00.074,0,-1.98,4,500,0,0,-100000,552,122064,35453872,436,-93570,-82720752
21:21:00.079,0,-2.27,4,500,0,0,-100000,481,66837,35453948,697,-117974,-82721328
21:21:00.084,0,-2.49,4,500,0,0,-100000,440,34383,35454004,-4,-79066,-82721584
21:21:00.089,0,-2.51,4,500,0,0,-100000,423,44494,35454236,30,-83761,-82722144
21:21:00.094,0,-2.31,4,500,0,0,-100000,444,80956,35454804,323,-108313,-82722744
21:21:00.099,0,-2.01,4,500,0,0,-100000,510,135716,35455672,-8,-80927,-82723000
21:21:00.104,0,-1.78,4,500,0,0,-100000,546,175181,35456792,850,-114507,-82723768
21:21:00.109,0,-1.77,4,500,0,0,-100000,593,159412,35457496,949,-120553,-82724344
21:21:00.114,0,-1.98,4,500,0,0,-100000,591,92608,35457796,73,-86785,-82724584
21:21:00.119,0,-2.27,4,500,0,0,-100000,427,46279,35457796,-48,-74875,-82725064
21:21:00.124,0,-2.47,4,500,0,0,-100000,396,28877,35457852,450,-113200,-82725688
21:21:00.129,0,-2.44,4,500,0,0,-100000,463,56113,35458252,-192,-71656,-82725928
21:21:00.135,0,-2.19,4,500,0,0,-100000,389,97697,35458868,453,-98418,-82726648
21:21:00.140,0,-1.9,4,500,0,0,-100000,519,151421,35459912,747,-122780,-82727288
21:21:00.145,0,-1.72,4,500,0,0,-100000,634,174618,35460824,-58,-74406,-82727424
21:21:00.145,0,-1.72,4,500,0,0,-100000,584,138974,35461448,419,-93304,-82728144
21:21:00.150,0,-1.79,4,500,0,0,-100000,490,78850,35461560,960,-127928,-82728896
21:21:00.155,0,-2.07,4,500,0,0,-100000,433,34407,35461580,-98,-77675,-82728944
21:21:00.160,0,-2.38,4,500,0,0,-100000,395,40152,35461776,37,-75712,-82729504
21:21:00.165,0,-2.55,4,500,0,0,-100000,391,57478,35462100,993,-129052,-82730328
21:21:00.170,0,-2.5,4,500,0,0,-100000,586,107330,35462884,-134,-75362,-82730376
21:21:00.175,0,-2.24,4,500,0,0,-100000,536,149074,35463752,138,-81883,-82731000
21:21:00.180,0,-1.96,4,500,0,0,-100000,560,151876,35464628,1101,-128807,-82731840
21:21:00.185,0,-1.82,4,500,0,0,-100000,633,118800,35465076,213,-95092,-82732040
21:21:00.190,0,-1.88,4,500,0,0,-100000,515,79473,35465288,-198,-64366,-82732440
21:21:00.195,0,-2.35,4,500,0,0,-100000,354,45434,35465384,1121,-130873,-82733288
21:21:00.200,0,-2.46,4,500,0,0,-100000,488,46693,35465608,10,-88995,-82733480
21:21:00.206,0,-2.37,4,500,0,0,-100000,420,91894,35466260,-69,-72688,-82733960
21:21:00.211,0,-2.16,4,500,0,0,-100000,471,116527,35466892,985,-124923,-82734784
21:21:00.216,0,-1.94,4,500,0,0,-100000,617,145703,35467832,59,-83620,-82734928
21:21:00.226,0,-1.95,4,500,0,0,-100000,535,99141,35469112,84,-83379,-82736232
21:21:00.231,0,-2.15,4,500,0,0,-100000,434,69114,35469304,778,-116692,-82736872
21:21:00.236,0,-2.34,4,500,0,0,-100000,460,59207,35469540,81,-85565,-82737168
21:21:00.241,0,-2.41,4,500,0,0,-100000,426,70567,35469956,250,-93693,-82737672
21:21:00.241,0,-2.41,4,500,0,0,-100000,499,83093,35470264,19,-83225,-82737880
21:21:00.246,0,-2.3,4,500,0,0,-100000,492,122902,35471096,43,-82839,-82738432
21:21:00.251,0,-2.09,4,500,0,0,-100000,455,145469,35471876,948,-125932,-82739248
21:21:00.256,0,-1.9,4,500,0,0,-100000,634,144642,35472560,118,-90647,-82739440
21:21:00.261,0,-1.82,4,500,0,0,-100000,653,119770,35473124,-31,-74874,-82739920
21:21:00.266,0,-1.91,4,500,0,0,-100000,446,77920,35473360,694,-108832,-82740688
21:21:00.271,0,-2.11,4,500,0,0,-100000,439,50105,35473480,104,-95110,-82740952
21:21:00.277,0,-2.3,4,500,0,0,-100000,432,62727,35473836,-94,-70420,-82741344
21:21:00.282,0,-2.39,4,500,0,0,-100000,414,83427,35474300,871,-122296,-82742176
21:21:00.287,0,-2.33,4,500,0,0,-100000,553,118969,35475104,-65,-79325,-82742288
21:21:00.292,0,-2.15,4,500,0,0,-100000,572,136584,35475820,77,-79010,-82742872
21:21:00.297,0,-1.97,4,500,0,0,-100000,567,121896,35476344,1144,-127614,-82743728
21:21:00.302,0,-1.9,4,500,0,0,-100000,482,90867,35476768,107,-95931,-82743912
21:21:00.307,0,-1.97,4,500,0,0,-100000,534,75902,35477076,-280,-55665,-82744232
21:21:00.312,0,-2.13,4,500,0,0,-100000,362,58383,35477304,707,-114083,-82745168
21:21:00.318,0,-2.28,4,500,0,0,-100000,466,66599,35477656,84,-94422,-82745368
21:21:00.323,0,-2.33,4,500,0,0,-100000,552,103754,35478300,-222,-61416,-82745744
21:21:00.328,0,-2.26,4,500,0,0,-100000,473,129754,35479092,1239,-126272,-82746728
21:21:00.333,0,-2.13,4,500,0,0,-100000,620,125938,35479688,141,-98249,-82746896
21:21:00.338,0,-2.0,4,500,0,0,-100000,628,115803,35480292,-204,-62808,-82747248
