timestamp,target_flag,sensor_torque,sensor_rpm,act_target_torque,act_target_velocity,load_target_torque,load_target_velocity,act_torque,act_vel,act_pos,load_torque,load_vel,load_pos
19:58:21.021,0,0.0,0,0,0,0,0,-3,-563,44166364,19,524,-91436648
19:58:21.026,0,0.0,0,0,0,0,0,-26,44,44166372,-5,39,-91436648
19:58:21.031,0,0.0,0,0,0,0,0,-49,544,44166372,-4,-68,-91436648
19:58:21.036,0,0.0,0,0,0,0,0,-15,-1292,44166360,22,1257,-91436632
19:58:21.041,0,0.0,0,0,0,0,0,2,-1188,44166360,11,74,-91436648
19:58:21.046,0,0.0,0,0,0,0,0,42,1143,44166376,-29,-92,-91436648
19:58:21.051,0,0.0,0,0,0,0,0,-26,-1290,44166360,-13,711,-91436648
19:58:21.056,0,0.0,0,0,0,0,0,-50,-1776,44166356,-14,180,-91436648
19:58:21.061,0,0.0,0,0,0,0,0,8,595,44166372,7,-582,-91436648
19:58:21.066,0,0.0,0,0,0,0,0,-79,58,44166372,-14,117,-91436648
19:58:21.071,0,0.0,0,0,0,0,0,-90,-1872,44166356,11,-629,-91436648
19:58:21.076,0,0.0,0,0,0,0,0,-4,44,44166372,-5,-9,-91436648
19:58:21.082,0,0.0,0,0,0,0,0,-67,-1823,44166356,-16,-682,-91436648
19:58:21.087,0,0.0,0,0,0,0,0,-32,-349,44166364,-6,606,-91436648
19:58:21.092,0,0.0,0,0,0,0,0,-3,2201,44166380,-25,597,-91436648
19:58:21.097,0,0.0,0,0,0,0,0,-27,810,44166372,-47,-100,-91436648
19:58:21.102,0,0.0,0,0,0,0,0,-14,391,44166372,-15,619,-91436648
19:58:21.107,0,0.0,0,0,0,0,0,-32,854,44166372,25,-585,-91436648
19:58:21.112,0,0.0,0,0,0,0,0,-26,147,44166372,-21,209,-91436648
19:58:21.117,0,0.0,0,0,0,0,0,-3,-2396,44166352,-41,-486,-91436648
19:58:21.122,0,0.0,0,0,0,0,0,-16,855,44166372,-8,-1057,-91436648
19:58:21.127,0,0.0,0,0,0,0,0,71,-258,44166364,17,265,-91436648
19:58:21.132,0,0.0,0,0,0,0,0,-15,-1553,44166356,1,-27,-91436648
19:58:21.137,0,0.0,0,0,0,0,0,25,951,44166372,6,-418,-91436648
19:58:21.142,0,0.0,0,0,0,0,0,-9,433,44166372,-25,225,-91436648
19:58:21.147,0,0.0,0,0,0,0,0,40,1030,44166372,-4,-407,-91436648
19:58:21.152,0,0.0,0,0,0,0,0,48,992,44166372,-5,19,-91436648
19:58:21.157,0,0.0,0,0,0,0,0,146,1036,44166372,8,-652,-91436648
19:58:21.162,0,0.0,0,0,0,0,0,-25,295,44166372,-16,158,-91436648
19:58:21.168,0,0.0,0,0,0,0,0,2,-1118,44166356,-7,596,-91436648
19:58:21.173,0,0.0,0,0,0,0,0,7,-1078,44166356,10,727,-91436648
19:58:21.178,0,0.0,0,0,0,0,0,14,-611,44166360,4,162,-91436648
19:58:21.183,0,0.0,0,0,0,0,0,-61,-1029,44166356,8,166,-91436648
19:58:21.188,0,0.0,0,0,0,0,0,-37,1473,44166372,16,1320,-91436632
19:58:21.193,0,0.0,0,0,0,0,0,-160,599,44166372,0,842,-91436648
19:58:21.198,0,0.0,0,0,0,0,0,-8,-1263,44166356,-10,169,-91436648
19:58:21.203,0,0.0,0,0,0,0,0,-26,614,44166372,-7,-608,-91436648
19:58:21.208,0,0.0,0,0,0,0,0,2,-1259,44166356,7,-631,-91436648
19:58:21.213,0,0.0,0,0,0,0,0,-9,-40,44166364,20,133,-91436648
19:58:21.218,0,0.0,0,0,0,0,0,8,1343,44166372,18,51,-91436648
19:58:21.223,0,0.0,0,0,0,0,0,-78,-556,44166360,6,-1708,-91436656
19:58:21.228,0,0.0,0,0,0,0,0,19,271,44166364,-1,-355,-91436648
19:58:21.233,0,0.0,0,0,0,0,0,7,-922,44166356,1,283,-91436648
19:58:21.238,0,0.0,0,0,0,0,0,-8,-288,44166360,-30,-482,-91436648
19:58:21.243,0,0.0,0,0,0,0,0,37,-884,44166356,20,194,-91436648
19:58:21.248,0,0.0,0,0,0,0,0,43,-1087,44166356,7,164,-91436648
19:58:21.254,0,0.0,0,0,0,0,0,66,-282,44166360,-12,101,-91436648
19:58:21.259,0,0.0,0,0,0,0,0,36,133,44166364,-16,-554,-91436648
19:58:21.264,0,0.0,0,0,0,0,0,126,1414,44166372,10,634,-91436648
19:58:21.269,0,0.0,0,0,0,0,0,-20,849,44166372,8,-579,-91436648
19:58:21.274,0,0.0,0,0,0,0,0,-32,301,44166364,-5,207,-91436648
19:58:21.279,0,0.0,0,0,0,0,0,100,1007,44166372,4,-637,-91436648
19:58:21.284,0,0.0,0,0,0,0,0,14,808,44166372,-14,198,-91436648
19:58:21.289,0,0.0,0,0,0,0,0,-20,-919,44166356,1,94,-91436648
19:58:21.294,0,0.0,0,0,0,0,0,-44,-1054,44166356,0,-654,-91436648
19:58:21.299,0,0.0,0,0,0,0,0,8,-276,44166360,1,-52,-91436648
19:58:21.304,0,0.0,0,0,0,0,0,43,962,44166372,5,-470,-91436648
19:58:21.309,0,0.0,0,0,0,0,0,-20,1046,44166372,-6,235,-91436648
19:58:21.314,0,0.0,0,0,0,0,0,13,-835,44166356,17,-443,-91436648
19:58:21.319,0,0.0,0,0,0,0,0,31,-840,44166356,-20,-32,-91436648
19:58:21.324,0,0.0,0,0,0,0,0,53,-909,44166356,16,-465,-91436648
19:58:21.329,0,0.0,0,0,0,0,0,83,351,44166364,-10,159,-91436648
19:58:21.335,0,0.0,0,0,0,0,0,14,-754,44166356,-7,-1087,-91436648
19:58:21.340,0,0.0,0,0,0,0,0,-26,831,44166372,35,-25,-91436648
19:58:21.345,0,0.0,0,0,0,0,0,25,830,44166372,-2,-499,-91436648
19:58:21.350,0,0.0,0,0,0,0,0,37,-1495,44166352,-8,-637,-91436648
19:58:21.355,0,0.0,0,0,0,0,0,-61,-932,44166356,16,-622,-91436648
19:58:21.360,0,0.0,0,0,0,0,0,26,441,44166364,0,236,-91436648
19:58:21.365,0,0.0,0,0,0,0,0,24,790,44166372,13,39,-91436648
19:58:21.370,0,0.0,0,0,0,0,0,-26,-951,44166356,3,-617,-91436648
19:58:21.375,0,0.0,0,0,0,0,0,-37,-223,44166360,-6,152,-91436648
19:58:21.380,0,0.0,0,0,0,0,0,-32,261,44166364,11,-479,-91436648
19:58:21.385,0,0.0,0,0,0,0,0,2,-991,44166356,9,91,-91436648
19:58:21.390,0,0.0,0,0,0,0,0,42,-482,44166360,-2,-555,-91436648
19:58:21.395,0,0.0,0,0,0,0,0,-3,-849,44166356,-3,707,-91436648
19:58:21.400,0,0.0,0,0,0,0,0,19,278,44166364,-4,548,-91436648
19:58:21.405,0,0.0,0,0,0,0,0,-8,417,44166364,-23,-28,-91436648
19:58:21.410,0,0.0,0,0,0,0,0,-44,-245,44166360,5,-10,-91436648
19:58:21.415,0,0.0,0,0,0,0,0,31,-339,44166360,8,57,-91436648
19:58:21.420,0,0.0,0,0,0,0,0,14,-1015,44166356,-9,1,-91436648
19:58:21.426,0,0.0,0,0,0,0,0,8,807,44166372,-6,640,-91436648
19:58:21.431,0,0.0,0,0,0,0,0,-9,-978,44166356,-8,1954,-91436632
19:58:21.436,0,0.0,0,0,0,0,0,25,-361,44166360,10,-504,-91436648
19:58:21.441,0,0.0,0,0,0,0,0,25,1619,44166372,-3,1179,-91436632
19:58:21.446,0,0.0,0,0,0,0,0,-32,-929,44166356,0,-2,-91436648
19:58:21.451,0,0.0,0,0,0,0,0,26,228,44166364,-31,611,-91436648
19:58:21.456,0,0.0,0,0,0,0,0,-3,-943,44166356,-6,-595,-91436648
19:58:21.461,0,0.0,0,0,0,0,0,-3,-266,44166360,16,637,-91436648
19:58:21.466,0,0.0,0,0,0,0,0,-14,-319,44166360,-14,92,-91436648
19:58:21.471,0,0.0,0,0,0,0,0,-14,-796,44166360,-13,244,-91436648
19:58:21.476,0,0.0,0,0,0,0,0,9,417,44166364,14,-407,-91436648
19:58:21.481,0,0.0,0,0,0,0,0,8,415,44166364,-8,28,-91436648
19:58:21.486,0,0.0,0,0,0,0,0,88,-385,44166360,4,748,-91436648
19:58:21.491,0,0.0,0,0,0,0,0,-9,-1545,44166352,-12,-453,-91436648
19:58:21.496,0,0.0,0,0,0,0,0,8,-907,44166356,-19,-604,-91436648
19:58:21.501,0,0.0,0,0,0,0,0,-3,-942,44166356,-16,6,-91436648
19:58:21.507,0,0.0,0,0,0,0,0,-54,324,44166364,-11,106,-91436648
19:58:21.512,0,0.0,0,0,0,0,0,8,-916,44166356,19,651,-91436648
19:58:21.517,0,0.0,0,0,0,0,0,96,-188,44166360,-10,223,-91436648
19:58:21.522,0,0.0,0,0,0,0,0,87,1704,44166372,5,725,-91436648
19:58:21.527,0,0.0,0,0,0,0,0,-21,1807,44166372,8,-1208,-91436648
19:58:21.532,0,0.0,0,0,0,0,0,-32,-747,44166356,15,195,-91436648
19:58:21.537,0,0.0,0,0,0,0,0,19,1597,44166372,29,614,-91436648
19:58:21.542,0,0.0,0,0,0,0,0,-118,1465,44166372,-12,-53,-91436648
19:58:21.547,0,0.0,0,0,0,0,0,7,2105,44166376,-1,1205,-91436632
19:58:21.552,0,0.0,0,0,0,0,0,-38,-1001,44166356,-21,48,-91436648
19:58:21.557,0,0.0,0,0,0,0,0,13,-819,44166356,0,825,-91436648
19:58:21.562,0,0.0,0,0,0,0,0,-9,-1415,44166352,30,54,-91436648
19:58:21.567,0,0.0,0,0,0,0,0,-14,-1249,44166352,12,-375,-91436648
19:58:21.572,0,0.0,0,0,0,0,0,37,-685,44166356,-2,-566,-91436648
19:58:21.577,0,0.0,0,0,0,0,0,-212,1665,44166372,2,-500,-91436648
19:58:21.582,0,0.0,0,0,0,0,0,61,-123,44166360,11,832,-91436648
19:58:21.587,0,0.0,0,0,0,0,0,-9,558,44166364,-47,169,-91436648
19:58:21.593,0,0.0,0,0,0,0,0,54,-304,44166360,-9,-26,-91436648
19:58:21.598,0,0.0,0,0,0,0,0,-14,-397,44166360,0,174,-91436648
19:58:21.603,0,0.0,0,0,0,0,0,142,908,44166372,-8,185,-91436648
19:58:21.608,0,0.0,0,0,0,0,0,13,-745,44166356,16,602,-91436648
19:58:21.613,0,0.0,0,0,0,0,0,13,-624,44166356,0,757,-91436648
19:58:21.618,0,0.0,0,0,0,0,0,-2,-194,44166360,-3,572,-91436648
19:58:21.623,0,0.0,0,0,0,0,0,43,-685,44166356,0,-1032,-91436648
19:58:21.628,0,0.0,0,0,0,0,0,-26,-1370,44166352,-6,-420,-91436648
19:58:21.633,0,0.0,0,0,0,0,0,30,576,44166364,-11,-608,-91436648
19:58:21.638,0,0.0,0,0,0,0,0,-33,-675,44166356,3,158,-91436648
19:58:21.643,0,0.0,0,0,0,0,0,-3,-175,44166360,2,-417,-91436648
19:58:21.648,0,0.0,0,0,0,0,0,15,661,44166364,-15,27,-91436648
19:58:21.653,0,0.0,0,0,0,0,0,8,-574,44166356,15,-2947,-91436664
19:58:21.658,0,0.0,0,0,0,0,0,-31,-144,44166360,5,201,-91436648
19:58:21.663,0,0.0,0,0,0,0,0,-20,29,44166360,-24,209,-91436648
19:58:21.668,0,0.0,0,0,0,0,0,13,-544,44166356,14,-489,-91436648
19:58:21.673,0,0.0,0,0,0,0,0,-27,-149,44166360,2,188,-91436648
19:58:21.679,0,0.0,0,0,0,0,0,-37,-218,44166360,-15,8,-91436648
19:58:21.684,0,0.0,0,0,0,0,0,31,431,44166364,12,-539,-91436648
19:58:21.689,0,0.0,0,0,0,0,0,-27,1189,44166372,0,790,-91436648
19:58:21.694,0,0.0,0,0,0,0,0,-2,-897,44166356,-5,690,-91436648
19:58:21.699,0,0.0,0,0,0,0,0,-38,-1515,44166352,10,-1858,-91436648
19:58:21.704,0,0.0,0,0,0,0,0,198,333,44166364,20,-415,-91436648
19:58:21.709,0,0.0,0,0,0,0,0,-26,-807,44166356,-6,-5,-91436648
19:58:21.714,0,0.0,0,0,0,0,0,118,1731,44166372,2,-456,-91436648
19:58:21.719,0,0.0,0,0,0,0,0,-32,1082,44166372,-8,167,-91436648
19:58:21.724,0,0.0,0,0,0,0,0,-27,1063,44166372,-3,207,-91436648
19:58:21.729,0,0.0,0,0,0,0,0,-9,-78,44166360,-16,91,-91436632
19:58:21.734,0,0.0,0,0,0,0,0,-9,-2319,44166344,0,-519,-91436648
19:58:21.739,0,0.0,0,0,0,0,0,-14,1279,44166372,7,3,-91436648
19:58:21.744,0,0.0,0,0,0,0,0,-9,92,44166360,14,-468,-91436648
19:58:21.750,0,0.0,0,0,0,0,0,-64,532,44166364,-8,54,-91436648
19:58:21.755,0,0.0,0,0,0,0,0,-8,-450,44166356,-9,-484,-91436648
19:58:21.760,0,0.0,0,0,0,0,0,14,-381,44166356,6,79,-91436648
19:58:21.765,0,0.0,0,0,0,0,0,14,-624,44166356,4,95,-91436648
19:58:21.770,0,0.0,0,0,0,0,0,8,-520,44166356,14,792,-91436648
19:58:21.775,0,0.0,0,0,0,0,0,25,-92,44166360,-9,-1056,-91436648
19:58:21.780,0,0.0,0,0,0,0,0,-2,63,44166360,-16,-531,-91436648
19:58:21.785,0,0.0,0,0,0,0,0,8,664,44166364,-23,86,-91436648
19:58:21.790,0,0.0,0,0,0,0,0,8,1150,44166372,-6,160,-91436648
19:58:21.795,0,0.0,0,0,0,0,0,-25,1157,44166372,-25,547,-91436648
19:58:21.800,0,0.0,0,0,0,0,0,2,-532,44166356,5,-58,-91436648
19:58:21.805,0,0.0,0,0,0,0,0,-38,-56,44166360,-19,2,-91436648
19:58:21.810,0,0.0,0,0,0,0,0,-9,-511,44166356,17,-639,-91436648
19:58:21.815,0,0.0,0,0,0,0,0,-14,-521,44166356,-17,-9,-91436648
19:58:21.820,0,0.0,0,0,0,0,0,31,64,44166360,-10,-717,-91436648
19:58:21.825,0,0.0,0,0,0,0,0,32,504,44166364,11,-17,-91436648
19:58:21.830,0,0.0,0,0,0,0,0,8,-1290,44166352,-4,-438,-91436648
19:58:21.835,0,0.0,0,0,0,0,0,14,-1159,44166352,5,-1898,-91436656
19:58:21.841,0,0.0,0,0,0,0,0,31,-658,44166356,0,1240,-91436632
19:58:21.846,0,0.0,0,0,0,0,0,152,497,44166364,8,-471,-91436648
19:58:21.851,0,0.0,0,0,0,0,0,-120,525,44166364,-3,16,-91436648
19:58:21.856,0,0.0,0,0,0,0,0,-9,-750,44166356,-5,33,-91436648
19:58:21.861,0,0.0,0,0,0,0,0,-9,-653,44166356,2,685,-91436648
19:58:21.866,0,0.0,0,0,0,0,0,-11,695,44166364,2,-591,-91436648
19:58:21.871,0,0.0,0,0,0,0,0,2,-13,44166360,7,1484,-91436632
19:58:21.876,0,0.0,0,0,0,0,0,-20,-17,44166360,6,4,-91436648
19:58:21.881,0,0.0,0,0,0,0,0,-4,-50,44166360,-6,28,-91436648
19:58:21.886,0,0.0,0,0,0,0,0,-31,689,44166364,0,679,-91436648
19:58:21.891,0,0.0,0,0,0,0,0,-20,-511,44166356,0,822,-91436648
19:58:21.896,0,0.0,0,0,0,0,0,2,1400,44166372,3,-435,-91436648
19:58:21.901,0,0.0,0,0,0,0,0,7,-617,44166356,24,-91,-91436648
19:58:21.906,0,0.0,0,0,0,0,0,18,-670,44166356,-6,160,-91436648
19:58:21.911,0,0.0,0,0,0,0,0,7,-584,44166356,7,10,-91436648
19:58:21.916,0,0.0,0,0,0,0,0,8,-686,44166356,-2,-1017,-91436648
19:58:21.921,0,0.0,0,0,0,0,0,20,1229,44166372,8,-356,-91436648
19:58:21.927,0,0.0,0,0,0,0,0,30,573,44166364,-16,-1168,-91436648
19:58:21.932,0,0.0,0,0,0,0,0,1,-805,44166356,-9,181,-91436648
19:58:21.937,0,0.0,0,0,0,0,0,42,83,44166360,40,-442,-91436648
19:58:21.942,0,0.0,0,0,0,0,0,8,-1179,44166352,8,-560,-91436648
19:58:21.947,0,0.0,0,0,0,0,0,43,736,44166364,3,-478,-91436648
19:58:21.952,0,0.0,0,0,0,0,0,-8,-671,44166356,-1,-424,-91436648
19:58:21.957,0,0.0,0,0,0,0,0,8,-1321,44166352,-4,234,-91436648
19:58:21.962,0,0.0,0,0,0,0,0,-14,-770,44166356,5,82,-91436648
19:58:21.967,0,0.0,0,0,0,0,0,48,125,44166360,5,1310,-91436632
19:58:21.972,0,0.0,0,0,0,0,0,-19,703,44166364,-17,16,-91436648
19:58:21.977,0,0.0,0,0,0,0,0,-3,246,44166360,14,-443,-91436648
19:58:21.982,0,0.0,0,0,0,0,0,130,824,44166364,-2,84,-91436648
19:58:21.987,0,0.0,0,0,0,0,0,2,764,44166364,-9,-639,-91436648
19:58:21.992,0,0.0,0,0,0,0,0,-8,-479,44166356,2,602,-91436648
19:58:21.997,0,0.0,0,0,0,0,0,43,1417,44166372,15,-489,-91436648
19:58:22.002,0,0.0,0,0,0,0,0,8,-669,44166356,13,146,-91436648
19:58:22.007,0,0.0,0,0,0,0,0,37,-14,44166360,-8,-489,-91436648
19:58:22.013,0,0.0,0,0,0,0,0,31,-455,44166356,-9,58,-91436648
19:58:22.018,0,0.0,0,0,0,0,0,-9,1883,44166372,18,195,-91436648
19:58:22.023,0,0.0,0,0,0,0,0,-292,1930,44166372,0,62,-91436648
19:58:22.028,0,0.0,0,0,0,0,0,-20,811,44166364,9,-607,-91436648
19:58:22.033,0,0.0,0,0,0,0,0,-15,1268,44166372,-14,-403,-91436648
19:58:22.038,0,0.0,0,0,0,0,0,-3,-444,44166356,13,182,-91436648
19:58:22.043,0,0.0,0,0,0,0,0,25,783,44166364,-6,-586,-91436648
19:58:22.048,0,0.0,0,0,0,0,0,14,1488,44166372,5,225,-91436648
19:58:22.053,0,0.0,0,0,0,0,0,-43,-1038,44166352,-5,1901,-91436632
19:58:22.058,0,0.0,0,0,0,0,0,-20,1229,44166372,0,129,-91436648
19:58:22.063,0,0.0,0,0,0,0,0,-21,858,44166364,-11,-604,-91436648
19:58:22.068,0,0.0,0,0,0,0,0,20,123,44166360,2,14,-91436648
19:58:22.073,0,0.0,0,0,0,0,0,-26,-1695,44166352,-14,578,-91436648
19:58:22.078,0,0.0,0,0,0,0,0,-21,-528,44166356,17,82,-91436648
19:58:22.083,0,0.0,0,0,0,0,0,25,-391,44166356,0,-36,-91436648
19:58:22.088,0,0.0,0,0,0,0,0,-14,-493,44166356,-4,127,-91436648
19:58:22.093,0,0.0,0,0,0,0,0,-32,-596,44166356,-18,-3,-91436648
19:58:22.098,0,0.0,0,0,0,0,0,-21,-332,44166356,0,-481,-91436648
19:58:22.104,0,0.0,0,0,0,0,0,66,1476,44166372,13,28,-91436648
19:58:22.109,0,0.0,0,0,0,0,0,8,-1175,44166352,0,176,-91436648
19:58:22.114,0,0.0,0,0,0,0,0,2,-1022,44166352,3,174,-91436648
19:58:22.119,0,0.0,0,0,0,0,0,-9,1921,44166372,16,-443,-91436648
19:58:22.124,0,0.0,0,0,0,0,0,2,-489,44166356,1,58,-91436648
19:58:22.129,0,0.0,0,0,0,0,0,-14,1914,44166360,-15,210,-91436648
19:58:22.134,0,0.0,0,0,0,0,0,-3,-1026,44166352,-14,223,-91436648
19:58:22.139,0,0.0,0,0,0,0,0,25,1937,44166372,16,832,-91436648
19:58:22.144,0,0.0,0,0,0,0,0,20,1954,44166372,-7,17,-91436648
19:58:22.149,0,0.0,0,0,0,0,0,7,223,44166360,13,166,-91436648
19:58:22.154,0,0.0,0,0,0,0,0,-26,62,44166360,20,42,-91436648
19:58:22.159,0,0.0,0,0,0,0,0,37,-468,44166356,23,62,-91436648
19:58:22.164,0,0.0,0,0,0,0,0,-9,-595,44166356,5,-372,-91436648
19:58:22.169,0,0.0,0,0,0,0,0,120,1251,44166372,4,862,-91436648
19:58:22.174,0,0.0,0,0,0,0,0,159,814,44166364,1,8,-91436648
19:58:22.179,0,0.0,0,0,0,0,0,-78,196,44166360,15,9,-91436648
19:58:22.184,0,0.0,0,0,0,0,0,-64,1983,44166372,5,707,-91436648
19:58:22.189,0,0.0,0,0,0,0,0,14,-630,44166356,-5,-11,-91436648
19:58:22.195,0,0.0,0,0,0,0,0,-14,691,44166364,8,-545,-91436648
19:58:22.200,0,0.0,0,0,0,0,0,-32,-633,44166356,-18,76,-91436648
19:58:22.205,0,0.0,0,0,0,0,0,1,-1019,44166352,-15,240,-91436648
19:58:22.210,0,0.0,0,0,0,0,0,-21,91,44166360,2,-410,-91436648
19:58:22.215,0,0.0,0,0,0,0,0,-38,-550,44166356,-5,231,-91436648
19:58:22.220,0,0.0,0,0,0,0,0,125,259,44166360,-3,-462,-91436648
19:58:22.225,0,0.0,0,0,0,0,0,-9,1543,44166372,6,-436,-91436648
19:58:22.230,0,0.0,0,0,0,0,0,8,-538,44166356,18,-1238,-91436648
19:58:22.235,0,0.0,0,0,0,0,0,43,-394,44166356,-15,630,-91436648
19:58:22.240,0,0.0,0,0,0,0,0,-9,289,44166360,12,-5,-91436648
19:58:22.245,0,0.0,0,0,0,0,0,-2,-432,44166356,-8,-468,-91436648
19:58:22.250,0,0.0,0,0,0,0,0,31,-346,44166356,-10,91,-91436648
19:58:22.255,0,0.0,0,0,0,0,0,36,-473,44166356,7,-542,-91436648
19:58:22.260,0,0.0,0,0,0,0,0,8,852,44166364,-6,1319,-91436632
19:58:22.265,0,0.0,0,0,0,0,0,-43,-368,44166356,-2,-422,-91436648
19:58:22.270,0,0.0,0,0,0,0,0,-20,100,44166360,21,1905,-91436632
19:58:22.275,0,0.0,0,0,0,0,0,2,183,44166360,0,184,-91436648
19:58:22.280,0,0.0,0,0,0,0,0,8,878,44166364,5,-1009,-91436648
19:58:22.286,0,0.0,0,0,0,0,0,-3,-357,44166356,25,38,-91436648
19:58:22.291,0,0.0,0,0,0,0,0,13,-1011,44166352,7,105,-91436648
19:58:22.296,0,0.0,0,0,0,0,0,25,706,44166364,3,-471,-91436648
19:58:22.301,0,0.0,0,0,0,0,0,60,-409,44166356,-5,-491,-91436648
19:58:22.306,0,0.0,0,0,0,0,0,136,231,44166360,0,166,-91436648
19:58:22.311,0,0.0,0,0,0,0,0,-37,-447,44166356,3,-452,-91436648
19:58:22.316,0,0.0,0,0,0,0,0,25,47,44166360,13,-488,-91436648
19:58:22.321,0,0.0,0,0,0,0,0,-15,-2165,44166344,-11,158,-91436648
19:58:22.326,0,0.0,0,0,0,0,0,-3,158,44166360,5,-448,-91436648
19:58:22.331,0,0.0,0,0,0,0,0,1,-970,44166352,20,-510,-91436648
19:58:22.336,0,0.0,0,0,0,0,0,-3,-327,44166356,-24,-499,-91436648
19:58:22.341,0,0.0,0,0,0,0,0,13,-395,44166356,3,24,-91436648
19:58:22.346,0,0.0,0,0,0,0,0,2,680,44166364,-2,-10,-91436648
19:58:22.351,0,0.0,0,0,0,0,0,59,-457,44166356,-13,17,-91436648
19:58:22.356,0,0.0,0,0,0,0,0,-31,-205,44166356,19,163,-91436648
19:58:22.361,0,0.0,0,0,0,0,0,19,193,44166360,20,661,-91436648
19:58:22.366,0,0.0,0,0,0,0,0,-185,1416,44166372,-20,1216,-91436632
19:58:22.371,0,0.0,0,0,0,0,0,14,221,44166360,-17,134,-91436648
19:58:22.377,0,0.0,0,0,0,0,0,31,-1054,44166352,15,-676,-91436648
19:58:22.382,0,0.0,0,0,0,0,0,-3,-234,44166356,-7,583,-91436648
19:58:22.387,0,0.0,0,0,0,0,0,8,-470,44166356,17,-19,-91436648
19:58:22.392,0,0.0,0,0,0,0,0,49,176,44166360,-6,1268,-91436632
19:58:22.397,0,0.0,0,0,0,0,0,-9,-228,44166356,8,715,-91436648
19:58:22.402,0,0.0,0,0,0,0,0,37,411,44166360,5,42,-91436648
19:58:22.402,0,0.0,0,0,0,0,0,-49,-482,44166356,-1,-633,-91436648
19:58:22.407,0,0.0,0,0,0,0,0,2,-510,44166356,-2,64,-91436648
19:58:22.417,0,0.0,0,0,0,0,0,20,1855,44166372,-1,55,-91436648
19:58:22.422,0,0.0,0,0,0,0,0,57,708,44166364,-22,140,-91436648
19:58:22.427,0,0.0,0,0,0,0,0,106,714,44166364,-10,-373,-91436648
19:58:22.432,0,0.0,0,0,0,0,0,-72,-1112,44166352,7,-391,-91436648
19:58:22.437,0,0.0,0,0,0,0,0,14,-1775,44166352,-28,33,-91436648
19:58:22.442,0,0.0,0,0,0,0,0,2,-297,44166356,5,-535,-91436648
19:58:22.447,0,0.0,0,0,0,0,0,20,-430,44166356,-24,17,-91436648
19:58:22.452,0,0.0,0,0,0,0,0,2,-238,44166356,-1,197,-91436648
19:58:22.452,0,0.0,0,0,0,0,0,25,-258,44166356,17,154,-91436648
19:58:22.457,0,0.0,0,0,0,0,0,44,927,44166364,-5,-624,-91436648
19:58:22.463,0,0.0,0,0,0,0,0,-10,-359,44166356,7,-648,-91436648
19:58:22.468,0,0.0,0,0,0,0,0,59,-408,44166356,0,192,-91436648
19:58:22.473,0,0.0,0,0,0,0,0,14,-455,44166356,1,-605,-91436648
19:58:22.478,0,0.0,0,0,0,0,0,-15,135,44166360,-1,644,-91436648
19:58:22.483,0,0.0,0,0,0,0,0,2,-473,44166356,-21,180,-91436648
19:58:22.488,0,0.0,0,0,0,0,0,8,320,44166360,-9,135,-91436648
19:58:22.493,0,0.0,0,0,0,0,0,-20,-290,44166356,-16,598,-91436648
19:58:22.498,0,0.0,0,0,0,0,0,1,-509,44166356,12,177,-91436648
19:58:22.503,0,0.0,0,0,0,0,0,8,-270,44166356,20,215,-91436648
19:58:22.513,0,0.0,0,0,0,0,0,-89,237,44166360,-6,85,-91436648
19:58:22.518,0,0.0,0,0,0,0,0,19,331,44166360,17,279,-91436648
19:58:22.523,0,0.0,0,0,0,0,0,-9,-397,44166356,-11,-464,-91436648
19:58:22.528,0,0.0,0,0,0,0,0,8,1052,44166364,-5,118,-91436648
19:58:22.533,0,0.0,0,0,0,0,0,14,-398,44166356,-24,79,-91436648
19:58:22.533,0,0.0,0,0,0,0,0,-8,1026,44166364,12,90,-91436648
19:58:22.538,0,0.0,0,0,0,0,0,-55,-444,44166356,-2,-431,-91436648
19:58:22.543,0,0.0,0,0,0,0,0,30,1328,44166372,-5,-600,-91436648
19:58:22.549,0,0.0,0,0,0,0,0,-27,-991,44166352,-17,179,-91436648
19:58:22.554,0,0.0,0,0,0,0,0,-91,1511,44166372,-10,-461,-91436648
19:58:22.559,0,0.0,0,0,0,0,0,14,762,44166364,8,614,-91436648
19:58:22.564,0,0.0,0,0,0,0,0,2,-404,44166356,-3,1874,-91436632
19:58:22.569,0,0.0,0,0,0,0,0,-31,-174,44166356,-8,770,-91436648
19:58:22.574,0,0.0,0,0,0,0,0,44,811,44166364,-9,-466,-91436648
19:58:22.579,0,0.0,0,0,0,0,0,8,-272,44166356,14,-593,-91436648
19:58:22.584,0,0.0,0,0,0,0,0,2,-198,44166356,17,93,-91436648
19:58:22.589,0,0.0,0,0,0,0,0,13,-395,44166356,2,-478,-91436648
19:58:22.594,0,0.0,0,0,0,0,0,-9,-148,44166356,-19,14,-91436648
19:58:22.599,0,0.0,0,0,0,0,0,-8,422,44166360,-3,-27,-91436648
19:58:22.604,0,0.0,0,0,0,0,0,30,893,44166364,6,148,-91436648
19:58:22.609,0,0.0,0,0,0,0,0,-21,-225,44166356,3,1863,-91436632
19:58:22.614,0,0.0,0,0,0,0,0,2,-830,44166352,12,-539,-91436648
19:58:22.619,0,0.0,0,0,0,0,0,14,-482,44166356,-2,108,-91436648
19:58:22.624,0,0.0,0,0,0,0,0,8,-423,44166356,13,-12,-91436648
19:58:22.630,0,0.0,0,0,0,0,0,-26,343,44166360,-15,-85,-91436648
19:58:22.635,0,0.0,0,0,0,0,0,-61,-206,44166356,-9,24,-91436648
19:58:22.640,0,0.0,0,0,0,0,0,31,976,44166364,5,-624,-91436648
19:58:22.645,0,0.0,0,0,0,0,0,14,-270,44166356,-11,194,-91436648
19:58:22.650,0,0.0,0,0,0,0,0,19,-248,44166356,11,1447,-91436632
19:58:22.655,0,0.0,0,0,0,0,0,9,1059,44166364,5,787,-91436648
19:58:22.660,0,0.0,0,0,0,0,0,31,-346,44166356,5,171,-91436648
19:58:22.665,0,0.0,0,0,0,0,0,-126,228,44166360,11,-663,-91436648
19:58:22.670,0,0.0,0,0,0,0,0,19,-879,44166352,14,195,-91436648
19:58:22.675,0,0.0,0,0,0,0,0,-4,836,44166364,-38,-466,-91436648
19:58:22.680,0,0.0,0,0,0,0,0,-32,-1457,44166352,2,-615,-91436648
19:58:22.685,0,0.0,0,0,0,0,0,-38,-729,44166352,-10,-520,-91436648
19:58:22.690,0,0.0,0,0,0,0,0,-9,-366,44166356,7,17,-91436648
19:58:22.695,0,0.0,0,0,0,0,0,-32,-378,44166356,-3,11,-91436648
19:58:22.700,0,0.0,0,0,0,0,0,-77,-216,44166356,-21,24,-91436648
19:58:22.705,0,0.0,0,0,0,0,0,14,-163,44166356,-23,-1031,-91436648
19:58:22.710,0,0.0,0,0,0,0,0,14,1066,44166364,-11,-411,-91436648
19:58:22.715,0,0.0,0,0,0,0,0,-3,150,44166360,-23,44,-91436648
19:58:22.721,0,0.0,0,0,0,0,0,36,-950,44166352,0,-1226,-91436648
19:58:22.726,0,0.0,0,0,0,0,0,-20,-1010,44166352,-2,-418,-91436648
19:58:22.731,0,0.0,0,0,0,0,0,-9,-494,44166356,-5,1285,-91436632
19:58:22.736,0,0.0,0,0,0,0,0,2,-281,44166356,4,245,-91436648
19:58:22.741,0,0.0,0,0,0,0,0,-9,-493,44166356,-10,1206,-91436632
19:58:22.746,0,0.0,0,0,0,0,0,-15,137,44166360,2,-21,-91436648
19:58:22.751,0,0.0,0,0,0,0,0,19,-333,44166356,11,-1047,-91436648
19:58:22.756,0,0.0,0,0,0,0,0,-27,-318,44166356,2,40,-91436648
19:58:22.761,0,0.0,0,0,0,0,0,-90,-213,44166356,14,1222,-91436632
19:58:22.766,0,0.0,0,0,0,0,0,2,177,44166360,18,-17,-91436648
19:58:22.771,0,0.0,0,0,0,0,0,-8,-892,44166352,2,-538,-91436648
19:58:22.776,0,0.0,0,0,0,0,0,8,830,44166364,0,-438,-91436648
19:58:22.781,0,0.0,0,0,0,0,0,2,-213,44166356,15,20,-91436648
19:58:22.786,0,0.0,0,0,0,0,0,20,-185,44166356,-15,226,-91436648
19:58:22.791,0,0.0,0,0,0,0,0,19,-1420,44166352,0,26,-91436648
19:58:22.796,0,0.0,0,0,0,0,0,-27,-219,44166356,-10,-1030,-91436648
19:58:22.801,0,0.0,0,0,0,0,0,-43,866,44166364,8,-428,-91436648
19:58:22.807,0,0.0,0,0,0,0,0,-8,-144,44166356,3,89,-91436648
19:58:22.812,0,0.0,0,0,0,0,0,-3,-316,44166356,15,-461,-91436648
19:58:22.817,0,0.0,0,0,0,0,0,-38,227,44166360,-19,-631,-91436648
19:58:22.822,0,0.0,0,0,0,0,0,-49,-163,44166356,2,179,-91436648
19:58:22.827,0,0.0,0,0,0,0,0,31,-287,44166356,10,-1042,-91436648
19:58:22.832,0,0.0,0,0,0,0,0,-9,351,44166360,21,-565,-91436648
19:58:22.837,0,0.0,0,0,0,0,0,-48,-121,44166356,0,-591,-91436648
19:58:22.842,0,0.0,0,0,0,0,0,-20,323,44166360,22,205,-91436648
19:58:22.847,0,0.0,0,0,0,0,0,-8,-208,44166356,1,25,-91436648
19:58:22.852,0,0.0,0,0,0,0,0,-14,-980,44166352,0,-13,-91436648
19:58:22.857,0,0.0,0,0,0,0,0,-20,-2785,44166340,-12,-1088,-91436648
19:58:22.862,0,0.0,0,0,0,0,0,-3,-126,44166356,5,-1073,-91436648
19:58:22.867,0,0.0,0,0,0,0,0,-38,-393,44166356,-9,28,-91436648
19:58:22.872,0,0.0,0,0,0,0,0,31,479,44166360,-24,156,-91436648
19:58:22.877,0,0.0,0,0,0,0,0,31,1680,44166372,7,60,-91436648
19:58:22.882,0,0.0,0,0,0,0,0,-15,-990,44166352,-4,-372,-91436648
19:58:22.888,0,0.0,0,0,0,0,0,48,-368,44166356,-3,751,-91436648
19:58:22.893,0,0.0,0,0,0,0,0,-38,1596,44166372,5,1447,-91436632
19:58:22.898,0,0.0,0,0,0,0,0,-20,-813,44166352,-42,204,-91436648
19:58:22.903,0,0.0,0,0,0,0,0,26,-347,44166356,-20,-2297,-91436656
19:58:22.908,0,0.0,0,0,0,0,0,-49,-278,44166356,-10,786,-91436648
19:58:22.913,0,0.0,0,0,0,0,0,-15,2320,44166372,0,-440,-91436648
19:58:22.918,0,0.0,0,0,0,0,0,14,-165,44166356,-26,-635,-91436648
19:58:22.923,0,0.0,0,0,0,0,0,7,-268,44166356,11,-618,-91436648
19:58:22.928,0,0.0,0,0,0,0,0,-32,-367,44166356,-19,1392,-91436632
19:58:22.933,0,0.0,0,0,0,0,0,-32,-439,44166356,7,-428,-91436648
19:58:22.938,0,0.0,0,0,0,0,0,-20,-232,44166356,-5,-575,-91436648
19:58:22.943,0,0.0,0,0,0,0,0,37,359,44166360,10,-639,-91436648
19:58:22.948,0,0.0,0,0,0,0,0,37,-868,44166352,-8,-523,-91436648
19:58:22.953,0,0.0,0,0,0,0,0,-26,-221,44166356,-11,65,-91436648
19:58:22.958,0,0.0,0,0,0,0,0,20,187,44166360,-3,806,-91436648
19:58:22.963,0,0.0,0,0,0,0,0,12,-237,44166356,-14,192,-91436648
19:58:22.968,0,0.0,0,0,0,0,0,-31,-277,44166356,8,63,-91436648
19:58:22.974,0,0.0,0,0,0,0,0,26,398,44166360,-1,80,-91436648
19:58:22.979,0,0.0,0,0,0,0,0,2,930,44166364,7,-490,-91436648
19:58:22.984,0,0.0,0,0,0,0,0,2,-156,44166356,14,127,-91436648
19:58:22.989,0,0.0,0,0,0,0,0,-3,224,44166360,23,-531,-91436648
19:58:22.994,0,0.0,0,0,0,0,0,37,-1459,44166352,23,72,-91436648
19:58:22.999,0,0.0,0,0,0,0,0,19,1019,44166364,21,218,-91436648
19:58:23.004,0,0.0,0,0,0,0,0,-8,262,44166360,2,94,-91436648
19:58:23.009,0,0.0,0,0,0,0,0,9,-258,44166356,-15,151,-91436648
19:58:23.014,0,0.0,0,0,0,0,0,-3,-856,44166352,-5,-670,-91436648
19:58:23.019,0,0.0,0,0,0,0,0,-9,-464,44166356,-8,-666,-91436648
19:58:23.024,0,0.0,0,0,0,0,0,8,393,44166360,17,655,-91436648
19:58:23.029,0,0.0,0,0,0,0,0,-2,2335,44166372,7,-430,-91436648
19:58:23.039,0,0.0,0,0,0,0,0,19,1023,44166364,0,-33,-91436648
19:58:23.044,0,0.0,0,0,0,0,0,14,-169,44166356,-6,-9,-91436648
19:58:23.049,0,0.0,0,0,0,0,0,2,-375,44166356,8,-502,-91436648
19:58:23.054,0,0.0,0,0,0,0,0,7,187,44166360,16,-43,-91436648
19:58:23.054,0,0.0,0,0,0,0,0,25,990,44166364,14,-637,-91436648
19:58:23.059,0,0.0,0,0,0,0,0,-9,-320,44166356,-9,1830,-91436632
19:58:23.065,0,0.0,0,0,0,0,0,8,-819,44166352,22,-19,-91436648
19:58:23.070,0,0.0,0,0,0,0,0,-50,-253,44166356,-1,1913,-91436632
19:58:23.075,0,0.0,0,0,0,0,0,148,-226,44166356,5,209,-91436648
19:58:23.080,0,0.0,0,0,0,0,0,8,-332,44166356,-9,40,-91436648
19:58:23.085,0,0.0,0,0,0,0,0,-27,-435,44166356,-7,-1048,-91436648
19:58:23.090,0,0.0,0,0,0,0,0,-26,-855,44166352,9,-24,-91436648
19:58:23.095,0,0.0,0,0,0,0,0,24,-185,44166356,-1,-375,-91436648
19:58:23.100,0,0.0,0,0,0,0,0,-3,1663,44166372,-17,185,-91436648
19:58:23.105,0,0.0,0,0,0,0,0,8,-254,44166356,-19,803,-91436648
19:58:23.110,0,0.0,0,0,0,0,0,-14,-333,44166356,7,-455,-91436648
19:58:23.115,0,0.0,0,0,0,0,0,-20,2084,44166372,-13,-587,-91436648
19:58:23.120,0,0.0,0,0,0,0,0,30,-975,44166352,-15,72,-91436648
19:58:23.125,0,0.0,0,0,0,0,0,-32,-423,44166356,1,827,-91436648
19:58:23.130,0,0.0,0,0,0,0,0,48,-358,44166356,-1,-440,-91436648
19:58:23.135,0,0.0,0,0,0,0,0,14,1566,44166372,13,-1673,-91436656
19:58:23.140,0,0.0,0,0,0,0,0,-38,-329,44166356,11,-472,-91436648
19:58:23.145,0,0.0,0,0,0,0,0,-38,898,44166364,12,-433,-91436648
19:58:23.150,0,0.0,0,0,0,0,0,31,254,44166360,-21,212,-91436648
19:58:23.156,0,0.0,0,0,0,0,0,-61,-2810,44166340,-21,229,-91436648
19:58:23.161,0,0.0,0,0,0,0,0,-72,-1071,44166352,10,158,-91436648
19:58:23.166,0,0.0,0,0,0,0,0,-26,-425,44166344,-1,-424,-91436648
19:58:23.171,0,0.0,0,0,0,0,0,42,-816,44166360,2,-425,-91436648
19:58:23.176,0,0.0,0,0,0,0,0,84,853,44166364,35,854,-91436648
19:58:23.181,0,0.0,0,0,0,0,0,-25,-141,44166356,4,152,-91436648
19:58:23.186,0,0.0,0,0,0,0,0,-9,-324,44166356,-4,-401,-91436648
19:58:23.191,0,0.0,0,0,0,0,0,43,2130,44166372,14,-1230,-91436648
19:58:23.196,0,0.0,0,0,0,0,0,-43,-202,44166356,15,27,-91436648
19:58:23.201,0,0.0,0,0,0,0,0,25,-342,44166356,-9,71,-91436648
19:58:23.206,0,0.0,0,0,0,0,0,-84,-320,44166356,-9,-374,-91436648
19:58:23.211,0,0.0,0,0,0,0,0,37,-343,44166356,-1,-1214,-91436648
19:58:23.216,0,0.0,0,0,0,0,0,-14,332,44166360,-9,604,-91436648
19:58:23.221,0,0.0,0,0,0,0,0,-50,-119,44166356,6,759,-91436648
19:58:23.226,0,0.0,0,0,0,0,0,-21,-131,44166356,24,2044,-91436632
19:58:23.231,0,0.0,0,0,0,0,0,-9,-175,44166356,-12,-571,-91436648
19:58:23.236,0,0.0,0,0,0,0,0,121,-311,44166356,11,24,-91436648
19:58:23.242,0,0.0,0,0,0,0,0,2,-351,44166356,6,855,-91436648
19:58:23.247,0,0.0,0,0,0,0,0,-15,-207,44166356,18,21,-91436648
19:58:23.252,0,0.0,0,0,0,0,0,2,962,44166364,12,-618,-91436648
19:58:23.257,0,0.0,0,0,0,0,0,-9,-117,44166356,1,21,-91436648
19:58:23.262,0,0.0,0,0,0,0,0,-33,1661,44166372,-2,-554,-91436648
19:58:23.267,0,0.0,0,0,0,0,0,19,-2014,44166344,-8,-471,-91436648
19:58:23.272,0,0.0,0,0,0,0,0,113,-1963,44166364,23,-586,-91436648
19:58:23.277,0,0.0,0,0,0,0,0,25,-250,44166356,-4,-441,-91436648
19:58:23.282,0,0.0,0,0,0,0,0,25,334,44166360,27,1427,-91436632
19:58:23.287,0,0.0,0,0,0,0,0,-37,1509,44166372,-15,-450,-91436648
19:58:23.292,0,0.0,0,0,0,0,0,8,-293,44166356,36,-486,-91436648
19:58:23.297,0,0.0,0,0,0,0,0,64,2258,44166372,4,44,-91436648
19:58:23.302,0,0.0,0,0,0,0,0,-2,-286,44166356,-4,-39,-91436648
19:58:23.307,0,0.0,0,0,0,0,0,-9,-759,44166352,-5,-635,-91436648
19:58:23.312,0,0.0,0,0,0,0,0,19,-46,44166356,-10,-531,-91436648
19:58:23.317,0,0.0,0,0,0,0,0,42,929,44166364,2,-392,-91436648
19:58:23.322,0,0.0,0,0,0,0,0,25,274,44166360,-5,181,-91436648
19:58:23.327,0,0.0,0,0,0,0,0,73,254,44166360,0,115,-91436648
19:58:23.333,0,0.0,0,0,0,0,0,13,-2171,44166344,-5,-442,-91436648
19:58:23.338,0,0.0,0,0,0,0,0,38,524,44166360,-1,91,-91436648
19:58:23.343,0,0.0,0,0,0,0,0,13,1133,44166364,-1,246,-91436648
19:58:23.348,0,0.0,0,0,0,0,0,-84,-151,44166356,-21,-392,-91436648
19:58:23.353,0,0.0,0,0,0,0,0,-3,394,44166360,13,146,-91436648
19:58:23.358,0,0.0,0,0,0,0,0,-3,-949,44166352,-1,76,-91436648
19:58:23.363,0,0.0,0,0,0,0,0,-2,-154,44166356,16,66,-91436648
19:58:23.368,0,0.0,0,0,0,0,0,-78,-157,44166356,-16,177,-91436648
19:58:23.373,0,0.0,0,0,0,0,0,-3,-173,44166356,7,-18,-91436648
19:58:23.378,0,0.0,0,0,0,0,0,8,-306,44166356,0,45,-91436648
19:58:23.383,0,0.0,0,0,0,0,0,2,-1590,44166352,-5,669,-91436648
19:58:23.388,0,0.0,0,0,0,0,0,19,488,44166360,-20,-8,-91436648
19:58:23.393,0,0.0,0,0,0,0,0,95,-108,44166356,-17,194,-91436648
19:58:23.398,0,0.0,0,0,0,0,0,-20,-297,44166356,5,-543,-91436648
19:58:23.403,0,0.0,0,0,0,0,0,25,-758,44166352,-7,-403,-91436648
19:58:23.408,0,0.0,0,0,0,0,0,8,-410,44166356,0,135,-91436648
19:58:23.413,0,0.0,0,0,0,0,0,14,1480,44166372,-3,-372,-91436648
19:58:23.418,0,0.0,0,0,0,0,0,37,-417,44166356,0,48,-91436648
19:58:23.424,0,0.0,0,0,0,0,0,-3,-755,44166352,3,-461,-91436648
19:58:23.434,0,0.0,0,0,0,0,0,2,388,44166360,10,-1080,-91436648
19:58:23.439,0,0.0,0,0,0,0,0,25,356,44166360,-32,-522,-91436648
19:58:23.444,0,0.0,0,0,0,0,0,-39,1148,44166364,-16,-1095,-91436648
19:58:23.449,0,0.0,0,0,0,0,0,-51,-140,44166356,-12,-565,-91436648
19:58:23.449,0,0.0,0,0,0,0,0,7,-256,44166356,4,193,-91436648
19:58:23.454,0,0.0,0,0,0,0,0,-14,-950,44166352,7,261,-91436648
19:58:23.459,0,0.0,0,0,0,0,0,125,317,44166360,-8,-351,-91436648
19:58:23.464,0,0.0,0,0,0,0,0,25,-1911,44166344,-4,-523,-91436648
19:58:23.469,0,0.0,0,0,0,0,0,24,-135,44166356,27,-423,-91436648
19:58:23.474,0,0.0,0,0,0,0,0,14,-141,44166356,-34,24,-91436648
19:58:23.479,0,0.0,0,0,0,0,0,19,-285,44166356,-42,-1288,-91436648
19:58:23.484,0,0.0,0,0,0,0,0,127,473,44166360,34,157,-91436648
19:58:23.489,0,0.0,0,0,0,0,0,-19,1828,44166372,-11,-466,-91436648
19:58:23.494,0,0.0,0,0,0,0,0,-48,1011,44166364,3,-585,-91436648
19:58:23.499,0,0.0,0,0,0,0,0,-20,-794,44166352,-36,184,-91436648
19:58:23.504,0,0.0,0,0,0,0,0,-33,-142,44166356,-11,-399,-91436648
19:58:23.509,0,0.0,0,0,0,0,0,8,443,44166360,-9,-458,-91436648
19:58:23.515,0,0.0,0,0,0,0,0,-9,-166,44166356,8,50,-91436648
19:58:23.520,0,0.0,0,0,0,0,0,14,-266,44166356,-7,604,-91436648
19:58:23.525,0,0.0,0,0,0,0,0,129,540,44166360,3,-513,-91436648
19:58:23.530,0,0.0,0,0,0,0,0,24,-830,44166352,14,1227,-91436632
19:58:23.535,0,0.0,0,0,0,0,0,-73,-8,44166356,21,54,-91436648
19:58:23.540,0,0.0,0,0,0,0,0,-2,-781,44166352,2,-461,-91436648
19:58:23.545,0,0.0,0,0,0,0,0,-9,237,44166360,-5,75,-91436648
19:58:23.550,0,0.0,0,0,0,0,0,20,-822,44166352,6,-500,-91436648
19:58:23.555,0,0.0,0,0,0,0,0,2,-257,44166356,21,199,-91436648
19:58:23.561,0,0.0,0,0,0,0,0,-8,-290,44166356,-17,29,-91436648
19:58:23.566,0,0.0,0,0,0,0,0,-9,-741,44166352,0,1341,-91436632
19:58:23.571,0,0.0,0,0,0,0,0,36,-1363,44166344,-8,710,-91436648
19:58:23.576,0,0.0,0,0,0,0,0,-18,2154,44166372,16,-532,-91436648
19:58:23.581,0,0.0,0,0,0,0,0,-44,1054,44166364,-3,235,-91436648
19:58:23.586,0,0.0,0,0,0,0,0,20,-270,44166356,9,603,-91436648
19:58:23.591,0,0.0,0,0,0,0,0,-38,354,44166360,7,-522,-91436648
19:58:23.596,0,0.0,0,0,0,0,0,-4,-320,44166356,2,-483,-91436648
19:58:23.601,0,0.0,0,0,0,0,0,-26,1718,44166372,7,156,-91436648
19:58:23.606,0,0.0,0,0,0,0,0,14,-159,44166356,-1,-422,-91436648
19:58:23.611,0,0.0,0,0,0,0,0,-37,-142,44166356,4,62,-91436648
19:58:23.616,0,0.0,0,0,0,0,0,-3,339,44166360,-16,155,-91436648
19:58:23.621,0,0.0,0,0,0,0,0,14,-338,44166356,20,6,-91436648
19:58:23.626,0,0.0,0,0,0,0,0,-20,-309,44166356,7,13,-91436648
19:58:23.631,0,0.0,0,0,0,0,0,-2,-132,44166356,-11,-621,-91436648
19:58:23.636,0,0.0,0,0,0,0,0,-21,-260,44166356,-13,787,-91436648
19:58:23.641,0,0.0,0,0,0,0,0,30,-973,44166352,2,48,-91436648
19:58:23.647,0,0.0,0,0,0,0,0,71,-240,44166356,2,104,-91436648
19:58:23.652,0,0.0,0,0,0,0,0,-14,-107,44166356,-22,-520,-91436648
19:58:23.657,0,0.0,0,0,0,0,0,13,307,44166360,8,15,-91436648
19:58:23.662,0,0.0,0,0,0,0,0,36,436,44166360,8,57,-91436648
19:58:23.667,0,0.0,0,0,0,0,0,42,-269,44166356,-27,15,-91436648
19:58:23.672,0,0.0,0,0,0,0,0,-102,1559,44166372,22,64,-91436648
19:58:23.677,0,0.0,0,0,0,0,0,32,2193,44166372,0,-399,-91436648
19:58:23.682,0,0.0,0,0,0,0,0,1,1078,44166364,-4,-406,-91436648
19:58:23.687,0,0.0,0,0,0,0,0,1,-1557,44166352,1,-512,-91436648
19:58:23.692,0,0.0,0,0,0,0,0,-14,1089,44166364,-8,840,-91436648
19:58:23.697,0,0.0,0,0,0,0,0,30,-152,44166356,2,-372,-91436648
19:58:23.702,0,0.0,0,0,0,0,0,-39,327,44166360,3,202,-91436648
19:58:23.707,0,0.0,0,0,0,0,0,32,970,44166356,-6,-440,-91436648
19:58:23.712,0,0.0,0,0,0,0,0,-25,1,44166356,12,-1639,-91436656
19:58:23.717,0,0.0,0,0,0,0,0,-32,350,44166360,-3,-376,-91436648
19:58:23.722,0,0.0,0,0,0,0,0,-15,-105,44166356,-8,-442,-91436648
19:58:23.728,0,0.0,0,0,0,0,0,14,-1424,44166352,-7,36,-91436648
19:58:23.733,0,0.0,0,0,0,0,0,-21,-222,44166356,17,-568,-91436648
19:58:23.738,0,0.0,0,0,0,0,0,-15,389,44166360,0,2040,-91436648
19:58:23.743,0,0.0,0,0,0,0,0,-31,-74,44166356,-17,67,-91436648
19:58:23.748,0,0.0,0,0,0,0,0,60,382,44166360,13,51,-91436648
19:58:23.753,0,0.0,0,0,0,0,0,-15,-164,44166356,-1,196,-91436648
19:58:23.758,0,0.0,0,0,0,0,0,176,286,44166360,2,39,-91436648
19:58:23.763,0,0.0,0,0,0,0,0,25,-310,44166356,4,-405,-91436648
19:58:23.768,0,0.0,0,0,0,0,0,7,321,44166360,-2,58,-91436648
19:58:23.773,0,0.0,0,0,0,0,0,-38,-704,44166352,29,1343,-91436632
19:58:23.778,0,0.0,0,0,0,0,0,25,553,44166360,-15,86,-91436648
19:58:23.783,0,0.0,0,0,0,0,0,-72,-137,44166356,-20,111,-91436648
19:58:23.788,0,0.0,0,0,0,0,0,8,-764,44166352,-26,242,-91436648
19:58:23.793,0,0.0,0,0,0,0,0,25,483,44166360,2,46,-91436648
19:58:23.798,0,0.0,0,0,0,0,0,84,2299,44166372,1,234,-91436648
19:58:23.803,0,0.0,0,0,0,0,0,-37,382,44166360,-3,2,-91436648
19:58:23.809,0,0.0,0,0,0,0,0,-31,368,44166360,5,-24,-91436648
19:58:23.814,0,0.0,0,0,0,0,0,2,-82,44166356,0,1295,-91436632
19:58:23.819,0,0.0,0,0,0,0,0,-3,1782,44166372,-7,-28,-91436648
19:58:23.824,0,0.0,0,0,0,0,0,38,-200,44166356,-4,200,-91436648
19:58:23.829,0,0.0,0,0,0,0,0,-27,328,44166360,11,731,-91436648
19:58:23.834,0,0.0,0,0,0,0,0,25,2760,44166352,14,-2238,-91436656
19:58:23.839,0,0.0,0,0,0,0,0,-32,1482,44166372,16,795,-91436648
19:58:23.844,0,0.0,0,0,0,0,0,-37,-165,44166356,32,34,-91436648
19:58:23.849,0,0.0,0,0,0,0,0,-15,416,44166360,-11,-565,-91436648
19:58:23.854,0,0.0,0,0,0,0,0,-26,-212,44166356,3,1319,-91436632
19:58:23.859,0,0.0,0,0,0,0,0,40,930,44166364,-2,28,-91436648
19:58:23.864,0,0.0,0,0,0,0,0,48,1212,44166364,10,-571,-91436648
19:58:23.869,0,0.0,0,0,0,0,0,-15,-110,44166356,11,-1035,-91436648
19:58:23.874,0,0.0,0,0,0,0,0,-3,551,44166360,5,9,-91436648
19:58:23.879,0,0.0,0,0,0,0,0,-27,-197,44166352,2,-438,-91436648
19:58:23.884,0,0.0,0,0,0,0,0,-8,-808,44166352,-1,47,-91436648
19:58:23.889,0,0.0,0,0,0,0,0,37,457,44166360,-37,40,-91436648
19:58:23.895,0,0.0,0,0,0,0,0,14,-147,44166356,-15,-422,-91436648
19:58:23.900,0,0.0,0,0,0,0,0,-33,-760,44166352,6,66,-91436648
19:58:23.905,0,0.0,0,0,0,0,0,19,-244,44166356,-13,-445,-91436648
19:58:23.910,0,0.0,0,0,0,0,0,-9,-240,44166356,29,0,-91436648
19:58:23.915,0,0.0,0,0,0,0,0,-61,-1314,44166352,10,88,-91436648
19:58:23.920,0,0.0,0,0,0,0,0,113,1621,44166372,-11,43,-91436648
19:58:23.925,0,0.0,0,0,0,0,0,-14,-169,44166356,-1,41,-91436648
19:58:23.930,0,0.0,0,0,0,0,0,-15,1829,44166372,6,-436,-91436648
19:58:23.935,0,0.0,0,0,0,0,0,43,-675,44166352,-23,-389,-91436648
19:58:23.940,0,0.0,0,0,0,0,0,14,-717,44166352,15,704,-91436648
19:58:23.945,0,0.0,0,0,0,0,0,2,981,44166364,3,45,-91436648
19:58:23.950,0,0.0,0,0,0,0,0,-2,1064,44166364,7,-413,-91436648
19:58:23.955,0,0.0,0,0,0,0,0,8,-815,44166352,15,44,-91436648
19:58:23.960,0,0.0,0,0,0,0,0,-55,-41,44166356,-16,-448,-91436648
19:58:23.965,0,0.0,0,0,0,0,0,148,573,44166360,-13,-484,-91436648
19:58:23.970,0,0.0,0,0,0,0,0,20,-193,44166356,6,213,-91436648
19:58:23.975,0,0.0,0,0,0,0,0,2,-15,44166356,8,164,-91436648
19:58:23.980,0,0.0,0,0,0,0,0,-38,-56,44166356,-21,30,-91436648
19:58:23.986,0,0.0,0,0,0,0,0,25,484,44166360,-8,197,-91436648
19:58:23.991,0,0.0,0,0,0,0,0,-55,318,44166360,9,200,-91436648
19:58:23.996,0,0.0,0,0,0,0,0,-44,-264,44166356,7,-391,-91436648
19:58:24.001,0,0.0,0,0,0,0,0,-2,292,44166360,-1,-18,-91436648
19:58:24.006,0,0.0,0,0,0,0,0,37,1116,44166364,0,180,-91436648
19:58:24.011,0,0.0,0,0,0,0,0,20,338,44166360,6,-401,-91436648
19:58:24.016,0,0.0,0,0,0,0,0,-66,-65,44166356,32,257,-91436648
19:58:24.021,0,0.0,0,0,0,0,0,-26,-248,44166356,2,41,-91436648
19:58:24.026,0,0.0,0,0,0,0,0,1,370,44166360,-19,-374,-91436648
19:58:24.031,0,0.0,0,0,0,0,0,-26,-64,44166356,4,181,-91436648
19:58:24.036,0,0.0,0,0,0,0,0,36,439,44166360,-10,53,-91436648
19:58:24.041,0,0.0,0,0,0,0,0,54,-712,44166352,12,-436,-91436648
19:58:24.046,0,0.0,0,0,0,0,0,-15,-668,44166352,-7,-423,-91436648
19:58:24.051,0,0.0,0,0,0,0,0,7,-113,44166356,-9,-442,-91436648
19:58:24.056,0,0.0,0,0,0,0,0,2,-1434,44166356,7,-584,-91436648
19:58:24.061,0,0.0,0,0,0,0,0,59,-578,44166352,-5,-449,-91436648
19:58:24.066,0,0.0,0,0,0,0,0,-4,-112,44166356,7,34,-91436648
19:58:24.072,0,0.0,0,0,0,0,0,14,435,44166360,7,125,-91436648
19:58:24.077,0,0.0,0,0,0,0,0,13,525,44166360,19,80,-91436648
19:58:24.082,0,0.0,0,0,0,0,0,-55,-1912,44166344,26,-450,-91436648
19:58:24.087,0,0.0,0,0,0,0,0,-14,-209,44166356,18,68,-91436648
19:58:24.092,0,0.0,0,0,0,0,0,-2,-262,44166356,5,49,-91436648
19:58:24.097,0,0.0,0,0,0,0,0,14,-64,44166356,8,641,-91436648
19:58:24.102,0,0.0,0,0,0,0,0,107,-96,44166356,-5,70,-91436648
19:58:24.107,0,0.0,0,0,0,0,0,19,-50,44166356,17,-395,-91436648
19:58:24.112,0,0.0,0,0,0,0,0,8,-230,44166356,0,-411,-91436648
19:58:24.117,0,0.0,0,0,0,0,0,-38,-2081,44166344,-15,90,-91436648
19:58:24.123,0,0.0,0,0,0,0,0,14,511,44166360,-43,241,-91436648
19:58:24.128,0,0.0,0,0,0,0,0,-20,532,44166356,-8,71,-91436648
19:58:24.133,0,0.0,0,0,0,0,0,-3,-752,44166352,-18,69,-91436648
19:58:24.138,0,0.0,0,0,0,0,0,19,-243,44166356,-4,110,-91436648
19:58:24.143,0,0.0,0,0,0,0,0,20,-100,44166356,19,-62,-91436648
19:58:24.148,0,0.0,0,0,0,0,0,-20,-279,44166356,-11,179,-91436648
19:58:24.153,0,0.0,0,0,0,0,0,8,370,44166360,1,237,-91436648
19:58:24.158,0,0.0,0,0,0,0,0,-14,-960,44166352,17,-5,-91436648
19:58:24.163,0,0.0,0,0,0,0,0,15,1801,44166372,1,-45,-91436648
19:58:24.168,0,0.0,0,0,0,0,0,8,318,44166360,-4,-574,-91436648
19:58:24.174,0,0.0,0,0,0,0,0,-44,-716,44166352,4,48,-91436648
19:58:24.179,0,0.0,0,0,0,0,0,-9,-123,44166356,-17,252,-91436648
19:58:24.184,0,0.0,0,0,0,0,0,107,-230,44166356,11,-556,-91436648
19:58:24.189,0,0.0,0,0,0,0,0,2,417,44166360,-4,241,-91436648
19:58:24.194,0,0.0,0,0,0,0,0,-43,997,44166364,-3,64,-91436648
19:58:24.199,0,0.0,0,0,0,0,0,-15,-1483,44166352,20,-1020,-91436648
19:58:24.204,0,0.0,0,0,0,0,0,-38,-732,44166352,-15,33,-91436648
19:58:24.209,0,0.0,0,0,0,0,0,-8,-97,44166356,-11,208,-91436648
19:58:24.214,0,0.0,0,0,0,0,0,-21,-153,44166360,-3,-618,-91436648
19:58:24.219,0,0.0,0,0,0,0,0,30,-135,44166356,-2,647,-91436648
19:58:24.224,0,0.0,0,0,0,0,0,-27,-313,44166356,16,-39,-91436648
19:58:24.229,0,0.0,0,0,0,0,0,-3,-321,44166356,3,555,-91436648
19:58:24.234,0,0.0,0,0,0,0,0,-8,-216,44166356,-7,42,-91436648
19:58:24.239,0,0.0,0,0,0,0,0,14,321,44166360,-21,1305,-91436632
19:58:24.244,0,0.0,0,0,0,0,0,8,-685,44166352,-11,-652,-91436648
19:58:24.249,0,0.0,0,0,0,0,0,25,415,44166360,48,-387,-91436648
19:58:24.255,0,0.0,0,0,0,0,0,55,-693,44166352,-1,-416,-91436648
19:58:24.260,0,0.0,0,0,0,0,0,-21,-781,44166352,-3,1934,-91436632
19:58:24.265,0,0.0,0,0,0,0,0,-20,-184,44166356,-8,-25,-91436648
19:58:24.270,0,0.0,0,0,0,0,0,43,-1952,44166344,-8,38,-91436648
19:58:24.275,0,0.0,0,0,0,0,0,-3,1180,44166364,-17,-6,-91436648
19:58:24.280,0,0.0,0,0,0,0,0,-26,1269,44166360,-4,9,-91436648
19:58:24.285,0,0.0,0,0,0,0,0,13,-234,44166356,-19,1409,-91436632
19:58:24.290,0,0.0,0,0,0,0,0,48,-180,44166356,2,42,-91436648
19:58:24.295,0,0.0,0,0,0,0,0,89,1064,44166364,-2,-16,-91436648
19:58:24.300,0,0.0,0,0,0,0,0,-43,15,44166356,7,-453,-91436648
19:58:24.305,0,0.0,0,0,0,0,0,2,-813,44166352,-12,-446,-91436648
19:58:24.310,0,0.0,0,0,0,0,0,19,-636,44166352,-5,-610,-91436648
19:58:24.315,0,0.0,0,0,0,0,0,8,-58,44166356,0,-340,-91436648
19:58:24.320,0,0.0,0,0,0,0,0,20,-18,44166356,11,134,-91436648
19:58:24.325,0,0.0,0,0,0,0,0,66,1888,44166372,24,-1,-91436648
19:58:24.330,0,0.0,0,0,0,0,0,-72,-141,44166352,13,617,-91436648
19:58:24.336,0,0.0,0,0,0,0,0,49,-60,44166356,1,52,-91436648
19:58:24.341,0,0.0,0,0,0,0,0,13,439,44166360,3,-46,-91436648
19:58:24.346,0,0.0,0,0,0,0,0,7,-111,44166356,-25,38,-91436648
19:58:24.351,0,0.0,0,0,0,0,0,14,-17,44166356,-1,237,-91436648
19:58:24.356,0,0.0,0,0,0,0,0,-14,-549,44166352,-17,43,-91436648
19:58:24.361,0,0.0,0,0,0,0,0,25,471,44166360,32,-411,-91436648
19:58:24.366,0,0.0,0,0,0,0,0,101,-1218,44166352,0,-554,-91436648
19:58:24.371,0,0.0,0,0,0,0,0,-3,-680,44166352,-15,-600,-91436648
19:58:24.376,0,0.0,0,0,0,0,0,25,34,44166356,-2,-2,-91436648
19:58:24.381,0,0.0,0,0,0,0,0,26,2548,44166372,-2,154,-91436648
19:58:24.386,0,0.0,0,0,0,0,0,-102,47,44166356,22,0,-91436648
19:58:24.391,0,0.0,0,0,0,0,0,-3,-643,44166352,2,-14,-91436648
19:58:24.396,0,0.0,0,0,0,0,0,48,360,44166360,4,304,-91436648
19:58:24.401,0,0.0,0,0,0,0,0,-8,-213,44166356,42,867,-91436648
19:58:24.406,0,0.0,0,0,0,0,0,14,48,44166356,-40,46,-91436648
19:58:24.411,0,0.0,0,0,0,0,0,-19,-518,44166352,24,-1686,-91436656
19:58:24.416,0,0.0,0,0,0,0,0,-61,21,44166356,4,736,-91436648
19:58:24.422,0,0.0,0,0,0,0,0,124,505,44166360,-3,732,-91436648
19:58:24.427,0,0.0,0,0,0,0,0,-14,-111,44166356,-7,-69,-91436648
19:58:24.432,0,0.0,0,0,0,0,0,8,-588,44166352,-9,37,-91436648
19:58:24.437,0,0.0,0,0,0,0,0,2,-519,44166352,-8,57,-91436648
19:58:24.442,0,0.0,0,0,0,0,0,-3,-73,44166356,2,201,-91436648
19:58:24.447,0,0.0,0,0,0,0,0,8,446,44166360,13,132,-91436648
19:58:24.452,0,0.0,0,0,0,0,0,20,1062,44166364,20,257,-91436648
19:58:24.457,0,0.0,0,0,0,0,0,25,-115,44166356,-9,-415,-91436648
19:58:24.462,0,0.0,0,0,0,0,0,14,-23,44166356,-13,1501,-91436632
19:58:24.467,0,0.0,0,0,0,0,0,61,2577,44166372,19,70,-91436648
19:58:24.472,0,0.0,0,0,0,0,0,20,-96,44166356,-7,212,-91436648
19:58:24.477,0,0.0,0,0,0,0,0,13,1371,44166364,4,-392,-91436648
19:58:24.482,0,0.0,0,0,0,0,0,-20,-115,44166356,-10,-440,-91436648
19:58:24.487,0,0.0,0,0,0,0,0,-37,-179,44166356,9,114,-91436648
19:58:24.492,0,0.0,0,0,0,0,0,-43,-791,44166352,-5,294,-91436648
19:58:24.497,0,0.0,0,0,0,0,0,-14,-2054,44166344,-17,-360,-91436648
19:58:24.503,0,0.0,0,0,0,0,0,31,-571,44166352,10,-551,-91436648
19:58:24.508,0,0.0,0,0,0,0,0,14,-1165,44166352,12,235,-91436648
19:58:24.513,0,0.0,0,0,0,0,0,-3,595,44166360,11,279,-91436648
19:58:24.518,0,0.0,0,0,0,0,0,-44,-105,44166356,-5,72,-91436648
19:58:24.523,0,0.0,0,0,0,0,0,-78,-1319,44166352,14,122,-91436648
19:58:24.528,0,0.0,0,0,0,0,0,-20,120,44166356,1,330,-91436648
19:58:24.533,0,0.0,0,0,0,0,0,-3,-2361,44166340,-3,-325,-91436648
19:58:24.538,0,0.0,0,0,0,0,0,-8,-1711,44166344,-7,-574,-91436648
19:58:24.543,0,0.0,0,0,0,0,0,1,509,44166360,11,-488,-91436648
19:58:24.548,0,0.0,0,0,0,0,0,15,435,44166360,11,233,-91436648
19:58:24.553,0,0.0,0,0,0,0,0,25,-632,44166352,12,886,-91436648
19:58:24.558,0,0.0,0,0,0,0,0,89,1272,44166364,24,81,-91436648
19:58:24.563,0,0.0,0,0,0,0,0,12,1345,44166364,-7,-589,-91436648
19:58:24.568,0,0.0,0,0,0,0,0,14,-1,44166356,-9,31,-91436648
19:58:24.573,0,0.0,0,0,0,0,0,25,-1324,44166352,-9,652,-91436648
19:58:24.578,0,0.0,0,0,0,0,0,31,-69,44166356,-27,-473,-91436648
19:58:24.583,0,0.0,0,0,0,0,0,107,1981,44166372,-44,-433,-91436648
19:58:24.589,0,0.0,0,0,0,0,0,60,-47,44166356,-18,-550,-91436648
19:58:24.594,0,0.0,0,0,0,0,0,-43,105,44166356,19,-520,-91436648
19:58:24.599,0,0.0,0,0,0,0,0,25,596,44166360,36,-398,-91436648
19:58:24.604,0,0.0,0,0,0,0,0,2,-41,44166356,-6,53,-91436648
19:58:24.609,0,0.0,0,0,0,0,0,9,-12,44166356,4,-452,-91436648
19:58:24.614,0,0.0,0,0,0,0,0,8,1296,44166364,10,226,-91436648
19:58:24.619,0,0.0,0,0,0,0,0,31,141,44166356,-14,56,-91436648
19:58:24.624,0,0.0,0,0,0,0,0,-3,1294,44166364,42,-443,-91436648
19:58:24.629,0,0.0,0,0,0,0,0,42,-596,44166352,7,-504,-91436648
19:58:24.634,0,0.0,0,0,0,0,0,14,508,44166360,0,1216,-91436632
19:58:24.639,0,0.0,0,0,0,0,0,13,-712,44166352,21,-463,-91436648
19:58:24.644,0,0.0,0,0,0,0,0,-45,-1790,44166344,7,-423,-91436648
19:58:24.649,0,0.0,0,0,0,0,0,-20,-381,44166352,-13,133,-91436648
19:58:24.654,0,0.0,0,0,0,0,0,-32,-1596,44166344,-7,-1054,-91436648
19:58:24.659,0,0.0,0,0,0,0,0,30,188,44166356,-5,54,-91436648
19:58:24.664,0,0.0,0,0,0,0,0,25,86,44166356,4,199,-91436648
19:58:24.670,0,0.0,0,0,0,0,0,42,98,44166356,0,-422,-91436648
19:58:24.675,0,0.0,0,0,0,0,0,2,122,44166356,11,-632,-91436648
19:58:24.680,0,0.0,0,0,0,0,0,25,45,44166356,-21,588,-91436648
19:58:24.685,0,0.0,0,0,0,0,0,-43,-765,44166352,5,212,-91436648
19:58:24.690,0,0.0,0,0,0,0,0,31,674,44166352,-4,-391,-91436648
19:58:24.695,0,0.0,0,0,0,0,0,92,1887,44166372,-50,81,-91436648
19:58:24.700,0,0.0,0,0,0,0,0,-20,123,44166356,22,672,-91436648
19:58:24.705,0,0.0,0,0,0,0,0,-37,-1757,44166344,8,172,-91436648
19:58:24.710,0,0.0,0,0,0,0,0,-14,-42,44166356,1,-439,-91436648
19:58:24.715,0,0.0,0,0,0,0,0,-19,194,44166356,-11,85,-91436648
19:58:24.720,0,0.0,0,0,0,0,0,19,-552,44166352,16,-406,-91436648
19:58:24.725,0,0.0,0,0,0,0,0,-3,-21,44166356,4,-458,-91436648
19:58:24.730,0,0.0,0,0,0,0,0,14,-104,44166356,-28,55,-91436648
19:58:24.735,0,0.0,0,0,0,0,0,-14,-50,44166356,0,52,-91436648
19:58:24.740,0,0.0,0,0,0,0,0,31,118,44166356,12,193,-91436648
19:58:24.745,0,0.0,0,0,0,0,0,13,536,44166360,3,-1102,-91436648
19:58:24.750,0,0.0,0,0,0,0,0,-3,1903,44166372,21,-3,-91436648
19:58:24.756,0,0.0,0,0,0,0,0,-15,-1239,44166352,10,-646,-91436648
19:58:24.761,0,0.0,0,0,0,0,0,8,574,44166360,-6,165,-91436648
19:58:24.766,0,0.0,0,0,0,0,0,-8,1331,44166364,-20,-444,-91436648
19:58:24.771,0,0.0,0,0,0,0,0,135,90,44166356,-11,1298,-91436632
19:58:24.776,0,0.0,0,0,0,0,0,66,-619,44166352,3,-1087,-91436648
19:58:24.781,0,0.0,0,0,0,0,0,-9,61,44166356,-4,-352,-91436648
19:58:24.786,0,0.0,0,0,0,0,0,36,125,44166356,30,121,-91436648
19:58:24.791,0,0.0,0,0,0,0,0,2,-461,44166352,-3,10,-91436648
19:58:24.796,0,0.0,0,0,0,0,0,-21,1309,44166356,3,-26,-91436648
19:58:24.801,0,0.0,0,0,0,0,0,2,-1217,44166352,31,142,-91436648
19:58:24.806,0,0.0,0,0,0,0,0,2,98,44166356,-10,144,-91436648
19:58:24.811,0,0.0,0,0,0,0,0,48,-463,44166352,16,-18,-91436648
19:58:24.816,0,0.0,0,0,0,0,0,-14,-413,44166352,-24,-565,-91436648
19:58:24.821,0,0.0,0,0,0,0,0,1,1321,44166364,-25,-1836,-91436656
19:58:24.826,0,0.0,0,0,0,0,0,2,1180,44166364,-17,36,-91436648
19:58:24.831,0,0.0,0,0,0,0,0,36,714,44166360,1,26,-91436648
19:58:24.836,0,0.0,0,0,0,0,0,-3,-1843,44166344,-4,158,-91436648
19:58:24.841,0,0.0,0,0,0,0,0,-3,624,44166360,-17,204,-91436648
19:58:24.847,0,0.0,0,0,0,0,0,-32,-1,44166356,0,663,-91436648
19:58:24.852,0,0.0,0,0,0,0,0,-21,-20,44166356,6,-531,-91436648
19:58:24.857,0,0.0,0,0,0,0,0,-3,-81,44166356,7,33,-91436648
19:58:24.862,0,0.0,0,0,0,0,0,-3,643,44166360,1,-24,-91436648
19:58:24.867,0,0.0,0,0,0,0,0,19,-537,44166352,-13,-39,-91436648
19:58:24.872,0,0.0,0,0,0,0,0,-15,644,44166360,5,-648,-91436648
19:58:24.877,0,0.0,0,0,0,0,0,-20,189,44166356,4,793,-91436648
19:58:24.882,0,0.0,0,0,0,0,0,8,233,44166356,32,-387,-91436648
19:58:24.887,0,0.0,0,0,0,0,0,8,286,44166356,0,130,-91436648
19:58:24.892,0,0.0,0,0,0,0,0,19,-405,44166352,1,-531,-91436648
19:58:24.897,0,0.0,0,0,0,0,0,-43,-425,44166352,17,157,-91436648
19:58:24.902,0,0.0,0,0,0,0,0,14,330,44166356,3,-367,-91436648
19:58:24.907,0,0.0,0,0,0,0,0,19,656,44166360,-4,167,-91436648
19:58:24.912,0,0.0,0,0,0,0,0,19,1857,44166372,-22,128,-91436648
19:58:24.917,0,0.0,0,0,0,0,0,-39,2,44166356,19,791,-91436648
19:58:24.922,0,0.0,0,0,0,0,0,-27,-10,44166356,13,153,-91436648
19:58:24.927,0,0.0,0,0,0,0,0,-43,-1016,44166352,-24,194,-91436648
19:58:24.932,0,0.0,0,0,0,0,0,-9,1449,44166364,-10,686,-91436648
19:58:24.938,0,0.0,0,0,0,0,0,-54,162,44166356,6,742,-91436648
19:58:24.943,0,0.0,0,0,0,0,0,-9,-1629,44166344,18,-85,-91436648
19:58:24.948,0,0.0,0,0,0,0,0,-8,-395,44166352,-3,28,-91436648
19:58:24.953,0,0.0,0,0,0,0,0,13,201,44166356,-8,-86,-91436648
19:58:24.958,0,0.0,0,0,0,0,0,26,1396,44166364,9,-575,-91436648
19:58:24.963,0,0.0,0,0,0,0,0,14,172,44166356,-17,-434,-91436648
19:58:24.968,0,0.0,0,0,0,0,0,30,1429,44166364,-17,226,-91436648
19:58:24.973,0,0.0,0,0,0,0,0,89,260,44166356,7,892,-91436648
19:58:24.978,0,0.0,0,0,0,0,0,25,195,44166356,-7,79,-91436648
19:58:24.983,0,0.0,0,0,0,0,0,8,-335,44166352,7,211,-91436648
19:58:24.988,0,0.0,0,0,0,0,0,-72,652,44166360,-4,-1143,-91436648
19:58:24.993,0,0.0,0,0,0,0,0,2,312,44166356,13,1329,-91436632
19:58:24.998,0,0.0,0,0,0,0,0,-20,180,44166356,6,4,-91436648
19:58:25.003,0,0.0,0,0,0,0,0,14,-302,44166352,13,-535,-91436648
19:58:25.008,0,0.0,0,0,0,0,0,-15,-482,44166352,-7,-502,-91436648
19:58:25.013,0,0.0,0,0,0,0,0,-32,744,44166360,-8,68,-91436648
19:58:25.019,0,0.0,0,0,0,0,0,-163,140,44166356,10,-368,-91436648
19:58:25.024,0,0.0,0,0,0,0,0,-32,220,44166356,1,9,-91436648
19:58:25.029,0,0.0,0,0,0,0,0,-26,98,44166356,13,209,-91436648
19:58:25.034,0,0.0,0,0,0,0,0,-32,119,44166356,-12,-30,-91436648
19:58:25.039,0,0.0,0,0,0,0,0,14,300,44166356,12,801,-91436648
19:58:25.044,0,0.0,0,0,0,0,0,-44,-391,44166352,-18,11,-91436648
19:58:25.049,0,0.0,0,0,0,0,0,2,44,44166356,17,144,-91436648
19:58:25.054,0,0.0,0,0,0,0,0,159,173,44166356,-3,-430,-91436648
19:58:25.059,0,0.0,0,0,0,0,0,-25,1469,44166364,-4,252,-91436648
19:58:25.064,0,0.0,0,0,0,0,0,-72,250,44166356,-7,609,-91436648
19:58:25.069,0,0.0,0,0,0,0,0,20,137,44166356,-2,-36,-91436648
19:58:25.074,0,0.0,0,0,0,0,0,60,-331,44166352,10,17,-91436648
19:58:25.079,0,0.0,0,0,0,0,0,7,-1024,44166352,-2,36,-91436648
19:58:25.084,0,0.0,0,0,0,0,0,-3,-1556,44166344,-1,894,-91436648
19:58:25.089,0,0.0,0,0,0,0,0,-84,247,44166356,-13,-9,-91436648
19:58:25.094,0,0.0,0,0,0,0,0,9,264,44166356,-19,31,-91436648
19:58:25.099,0,0.0,0,0,0,0,0,-32,911,44166360,4,204,-91436648
19:58:25.104,0,0.0,0,0,0,0,0,-4,1991,44166372,3,36,-91436648
19:58:25.110,0,0.0,0,0,0,0,0,14,-501,44166352,-16,238,-91436648
19:58:25.115,0,0.0,0,0,0,0,0,89,94,44166356,-11,66,-91436648
19:58:25.120,0,0.0,0,0,0,0,0,-30,102,44166356,-26,183,-91436648
19:58:25.125,0,0.0,0,0,0,0,0,138,2682,44166372,0,15,-91436648
19:58:25.130,0,0.0,0,0,0,0,0,24,715,44166360,14,669,-91436648
19:58:25.135,0,0.0,0,0,0,0,0,-32,-2412,44166340,2,-1171,-91436648
19:58:25.140,0,0.0,0,0,0,0,0,61,1362,44166364,0,110,-91436648
19:58:25.145,0,0.0,0,0,0,0,0,45,1426,44166364,-24,-539,-91436648
19:58:25.150,0,0.0,0,0,0,0,0,14,32,44166356,-17,224,-91436648
19:58:25.155,0,0.0,0,0,0,0,0,-20,-354,44166352,4,73,-91436648
19:58:25.160,0,0.0,0,0,0,0,0,-8,-1747,44166344,5,115,-91436648
19:58:25.165,0,0.0,0,0,0,0,0,1,167,44166356,8,-358,-91436648
19:58:25.170,0,0.0,0,0,0,0,0,-38,-2085,44166340,5,215,-91436648
19:58:25.175,0,0.0,0,0,0,0,0,8,287,44166356,4,88,-91436648
19:58:25.180,0,0.0,0,0,0,0,0,-3,134,44166356,5,-372,-91436648
19:58:25.185,0,0.0,0,0,0,0,0,8,151,44166356,-22,-1007,-91436648
19:58:25.191,0,0.0,0,0,0,0,0,60,-511,44166352,-1,2050,-91436632
19:58:25.196,0,0.0,0,0,0,0,0,37,266,44166356,-18,-23,-91436648
19:58:25.201,0,0.0,0,0,0,0,0,-2,326,44166356,7,616,-91436648
19:58:25.206,0,0.0,0,0,0,0,0,32,245,44166356,7,0,-91436648
19:58:25.211,0,0.0,0,0,0,0,0,19,251,44166356,2,-621,-91436648
19:58:25.216,0,0.0,0,0,0,0,0,-20,-265,44166352,-7,585,-91436648
19:58:25.221,0,0.0,0,0,0,0,0,73,910,44166360,11,664,-91436648
19:58:25.226,0,0.0,0,0,0,0,0,-3,766,44166360,-9,52,-91436648
19:58:25.231,0,0.0,0,0,0,0,0,-32,198,44166356,-17,19,-91436648
19:58:25.236,0,0.0,0,0,0,0,0,2,-1067,44166352,-3,-409,-91436648
19:58:25.241,0,0.0,0,0,0,0,0,-90,-1060,44166352,-1,15,-91436648
19:58:25.246,0,0.0,0,0,0,0,0,-3,-481,44166352,34,1537,-91436632
19:58:25.251,0,0.0,0,0,0,0,0,-78,191,44166356,-10,696,-91436648
19:58:25.256,0,0.0,0,0,0,0,0,2,232,44166356,-6,-586,-91436648
19:58:25.261,0,0.0,0,0,0,0,0,19,122,44166356,-1,664,-91436648
19:58:25.266,0,0.0,0,0,0,0,0,7,77,44166356,16,178,-91436648
19:58:25.271,0,0.0,0,0,0,0,0,31,-2202,44166340,8,-456,-91436648
19:58:25.276,0,0.0,0,0,0,0,0,-3,271,44166356,-11,-53,-91436648
19:58:25.282,0,0.0,0,0,0,0,0,2,-267,44166352,1,-601,-91436648
19:58:25.287,0,0.0,0,0,0,0,0,96,1419,44166364,9,-407,-91436648
19:58:25.292,0,0.0,0,0,0,0,0,-14,895,44166360,8,190,-91436648
19:58:25.297,0,0.0,0,0,0,0,0,-240,1389,44166364,-12,69,-91436648
19:58:25.302,0,0.0,0,0,0,0,0,14,-2233,44166340,-24,664,-91436648
19:58:25.307,0,0.0,0,0,0,0,0,13,273,44166356,-2,75,-91436648
19:58:25.312,0,0.0,0,0,0,0,0,-3,-1849,44166344,-18,-420,-91436648
19:58:25.317,0,0.0,0,0,0,0,0,-3,404,44166356,0,-389,-91436648
19:58:25.322,0,0.0,0,0,0,0,0,-26,-224,44166352,1,-545,-91436648
19:58:25.327,0,0.0,0,0,0,0,0,-3,-250,44166352,18,-423,-91436648
19:58:25.332,0,0.0,0,0,0,0,0,-67,-1020,44166352,-5,690,-91436648
19:58:25.337,0,0.0,0,0,0,0,0,-20,817,44166360,-8,-1235,-91436648
19:58:25.342,0,0.0,0,0,0,0,0,-15,-408,44166352,-3,161,-91436648
19:58:25.347,0,0.0,0,0,0,0,0,-13,304,44166356,6,239,-91436648
19:58:25.352,0,0.0,0,0,0,0,0,8,186,44166356,3,69,-91436648
19:58:25.357,0,0.0,0,0,0,0,0,-3,-1564,44166344,-8,223,-91436648
19:58:25.363,0,0.0,0,0,0,0,0,20,1014,44166356,-22,10,-91436648
19:58:25.368,0,0.0,0,0,0,0,0,43,-354,44166352,-9,113,-91436648
19:58:25.373,0,0.0,0,0,0,0,0,77,278,44166356,-20,-1189,-91436648
19:58:25.378,0,0.0,0,0,0,0,0,8,135,44166356,5,242,-91436648
19:58:25.383,0,0.0,0,0,0,0,0,-27,-305,44166352,3,25,-91436648
19:58:25.388,0,0.0,0,0,0,0,0,-14,39,44166356,10,1460,-91436632
19:58:25.393,0,0.0,0,0,0,0,0,2,-1742,44166344,0,-359,-91436648
19:58:25.398,0,0.0,0,0,0,0,0,-40,-2213,44166340,24,239,-91436648
19:58:25.403,0,0.0,0,0,0,0,0,-14,-410,44166352,10,-543,-91436648
19:58:25.408,0,0.0,0,0,0,0,0,66,-418,44166352,14,193,-91436648
19:58:25.413,0,0.0,0,0,0,0,0,-9,232,44166356,-5,-73,-91436648
19:58:25.418,0,0.0,0,0,0,0,0,-9,854,44166360,-1,106,-91436648
19:58:25.423,0,0.0,0,0,0,0,0,-26,1011,44166360,-14,-38,-91436648
19:58:25.428,0,0.0,0,0,0,0,0,-3,-217,44166352,0,638,-91436648
19:58:25.433,0,0.0,0,0,0,0,0,-44,212,44166356,8,224,-91436648
19:58:25.438,0,0.0,0,0,0,0,0,2,-244,44166352,18,42,-91436648
19:58:25.443,0,0.0,0,0,0,0,0,62,1330,44166364,-2,-582,-91436648
19:58:25.449,0,0.0,0,0,0,0,0,-38,-1535,44166344,9,179,-91436648
19:58:25.454,0,0.0,0,0,0,0,0,-20,213,44166356,6,1500,-91436632
19:58:25.459,0,0.0,0,0,0,0,0,2,321,44166356,14,-483,-91436648
19:58:25.464,0,0.0,0,0,0,0,0,-73,-841,44166352,13,-626,-91436648
19:58:25.469,0,0.0,0,0,0,0,0,-3,-859,44166352,4,-564,-91436648
19:58:25.474,0,0.0,0,0,0,0,0,48,-393,44166352,17,35,-91436648
19:58:25.479,0,0.0,0,0,0,0,0,20,348,44166356,18,677,-91436648
19:58:25.484,0,0.0,0,0,0,0,0,13,-900,44166352,1,-396,-91436648
19:58:25.489,0,0.0,0,0,0,0,0,2,-439,44166352,-8,-453,-91436648
19:58:25.494,0,0.0,0,0,0,0,0,1,-300,44166352,-5,-450,-91436648
19:58:25.499,0,0.0,0,0,0,0,0,90,1064,44166360,0,-388,-91436648
19:58:25.504,0,0.0,0,0,0,0,0,8,1677,44166364,-12,-386,-91436648
19:58:25.509,0,0.0,0,0,0,0,0,-14,230,44166356,-8,30,-91436648
19:58:25.514,0,0.0,0,0,0,0,0,43,1448,44166364,4,672,-91436648
19:58:25.519,0,0.0,0,0,0,0,0,51,2216,44166372,3,5,-91436648
19:58:25.525,0,0.0,0,0,0,0,0,135,333,44166356,3,131,-91436648
19:58:25.530,0,0.0,0,0,0,0,0,-55,-1697,44166344,-9,581,-91436648
19:58:25.535,0,0.0,0,0,0,0,0,-14,278,44166356,-10,-91,-91436648
19:58:25.540,0,0.0,0,0,0,0,0,14,744,44166360,3,-1278,-91436648
19:58:25.545,0,0.0,0,0,0,0,0,1,77,44166356,14,15,-91436648
19:58:25.550,0,0.0,0,0,0,0,0,30,-2168,44166340,-10,192,-91436648
19:58:25.555,0,0.0,0,0,0,0,0,-19,-1709,44166344,-9,794,-91436648
19:58:25.560,0,0.0,0,0,0,0,0,-20,128,44166356,8,1416,-91436632
19:58:25.565,0,0.0,0,0,0,0,0,-3,-435,44166352,35,-616,-91436648
19:58:25.570,0,0.0,0,0,0,0,0,-21,-1520,44166344,22,129,-91436648
19:58:25.575,0,0.0,0,0,0,0,0,7,-1655,44166344,-4,-491,-91436648
19:58:25.580,0,0.0,0,0,0,0,0,38,85,44166356,10,18,-91436648
19:58:25.585,0,0.0,0,0,0,0,0,-26,193,44166356,-3,-598,-91436648
19:58:25.590,0,0.0,0,0,0,0,0,-3,-361,44166352,-7,-1682,-91436656
19:58:25.595,0,0.0,0,0,0,0,0,60,202,44166356,23,-603,-91436648
19:58:25.600,0,0.0,0,0,0,0,0,20,791,44166360,7,-450,-91436648
19:58:25.605,0,0.0,0,0,0,0,0,2,-180,44166352,-5,-571,-91436648
19:58:25.611,0,0.0,0,0,0,0,0,-33,-955,44166352,-23,48,-91436648
19:58:25.616,0,0.0,0,0,0,0,0,-33,-764,44166352,-6,-377,-91436648
19:58:25.621,0,0.0,0,0,0,0,0,-3,-971,44166352,-9,-1,-91436648
19:58:25.626,0,0.0,0,0,0,0,0,8,290,44166356,-1,79,-91436648
19:58:25.631,0,0.0,0,0,0,0,0,14,276,44166356,0,-542,-91436648
19:58:25.636,0,0.0,0,0,0,0,0,-78,-902,44166352,11,718,-91436648
19:58:25.641,0,0.0,0,0,0,0,0,-8,-371,44166352,6,75,-91436648
19:58:25.646,0,0.0,0,0,0,0,0,31,2038,44166372,-7,-1051,-91436648
19:58:25.651,0,0.0,0,0,0,0,0,25,303,44166356,2,149,-91436648
19:58:25.656,0,0.0,0,0,0,0,0,72,2052,44166372,-36,-40,-91436648
19:58:25.662,0,0.0,0,0,0,0,0,2,300,44166356,1,636,-91436648
19:58:25.667,0,0.0,0,0,0,0,0,20,106,44166356,19,205,-91436648
19:58:25.672,0,0.0,0,0,0,0,0,-44,-330,44166352,2,-1105,-91436648
19:58:25.677,0,0.0,0,0,0,0,0,-9,-1732,44166344,-7,691,-91436648
19:58:25.682,0,0.0,0,0,0,0,0,65,-1098,44166352,-11,141,-91436648
19:58:25.687,0,0.0,0,0,0,0,0,-15,1458,44166364,20,-316,-91436648
19:58:25.692,0,0.0,0,0,0,0,0,-15,126,44166356,-3,104,-91436648
19:58:25.697,0,0.0,0,0,0,0,0,-55,951,44166360,16,-433,-91436648
19:58:25.702,0,0.0,0,0,0,0,0,-48,309,44166356,5,-1201,-91436648
19:58:25.707,0,0.0,0,0,0,0,0,14,-353,44166352,0,-1703,-91436656
19:58:25.712,0,0.0,0,0,0,0,0,-26,-425,44166352,22,587,-91436648
19:58:25.717,0,0.0,0,0,0,0,0,-9,186,44166356,26,-26,-91436648
19:58:25.723,0,0.0,0,0,0,0,0,-55,1549,44166364,-11,-563,-91436648
19:58:25.728,0,0.0,0,0,0,0,0,-31,-1522,44166344,-2,-467,-91436648
19:58:25.733,0,0.0,0,0,0,0,0,102,1562,44166364,7,1549,-91436632
19:58:25.738,0,0.0,0,0,0,0,0,8,171,44166356,-21,-920,-91436648
19:58:25.743,0,0.0,0,0,0,0,0,7,-388,44166352,-5,49,-91436648
19:58:25.748,0,0.0,0,0,0,0,0,153,194,44166356,-25,-440,-91436648
19:58:25.753,0,0.0,0,0,0,0,0,86,2157,44166372,19,199,-91436648
19:58:25.758,0,0.0,0,0,0,0,0,2,326,44166356,-5,18,-91436648
19:58:25.763,0,0.0,0,0,0,0,0,-26,-1049,44166352,-26,-565,-91436648
19:58:25.768,0,0.0,0,0,0,0,0,-25,-371,44166352,11,-567,-91436648
19:58:25.773,0,0.0,0,0,0,0,0,19,355,44166356,-15,907,-91436648
19:58:25.778,0,0.0,0,0,0,0,0,73,347,44166356,11,-427,-91436648
19:58:25.783,0,0.0,0,0,0,0,0,-20,-969,44166352,5,89,-91436648
19:58:25.788,0,0.0,0,0,0,0,0,-26,1449,44166364,-3,-450,-91436648
19:58:25.793,0,0.0,0,0,0,0,0,2,-304,44166352,6,-403,-91436648
19:58:25.798,0,0.0,0,0,0,0,0,9,332,44166356,-7,-1178,-91436648
19:58:25.803,0,0.0,0,0,0,0,0,-44,323,44166356,4,253,-91436648
19:58:25.808,0,0.0,0,0,0,0,0,-32,-2145,44166340,7,239,-91436648
19:58:25.814,0,0.0,0,0,0,0,0,25,230,44166356,7,-478,-91436648
19:58:25.819,0,0.0,0,0,0,0,0,13,-253,44166352,23,223,-91436648
19:58:25.824,0,0.0,0,0,0,0,0,3,265,44166356,-19,702,-91436648
19:58:25.829,0,0.0,0,0,0,0,0,8,-249,44166352,4,-388,-91436648
19:58:25.834,0,0.0,0,0,0,0,0,-90,-1007,44166352,4,831,-91436648
19:58:25.839,0,0.0,0,0,0,0,0,25,831,44166360,-4,68,-91436648
19:58:25.844,0,0.0,0,0,0,0,0,-3,310,44166356,-24,-393,-91436648
19:58:25.849,0,0.0,0,0,0,0,0,2,393,44166356,0,27,-91436648
19:58:25.854,0,0.0,0,0,0,0,0,-9,267,44166356,-22,1418,-91436632
19:58:25.859,0,0.0,0,0,0,0,0,14,1465,44166364,-5,34,-91436648
19:58:25.864,0,0.0,0,0,0,0,0,-4,-1503,44166344,0,71,-91436648
19:58:25.869,0,0.0,0,0,0,0,0,20,-1775,44166344,-19,-416,-91436648
19:58:25.875,0,0.0,0,0,0,0,0,-14,-1609,44166344,1,-28,-91436648
19:58:25.880,0,0.0,0,0,0,0,0,-62,244,44166356,4,206,-91436648
19:58:25.885,0,0.0,0,0,0,0,0,14,-465,44166352,1,664,-91436648
19:58:25.890,0,0.0,0,0,0,0,0,-14,367,44166356,-10,180,-91436648
19:58:25.895,0,0.0,0,0,0,0,0,31,-418,44166352,-22,17,-91436648
19:58:25.900,0,0.0,0,0,0,0,0,8,325,44166356,5,-630,-91436648
19:58:25.905,0,0.0,0,0,0,0,0,-27,235,44166356,4,67,-91436648
19:58:25.910,0,0.0,0,0,0,0,0,2,-1596,44166344,-16,266,-91436648
19:58:25.915,0,0.0,0,0,0,0,0,31,-1609,44166344,1,-550,-91436648
19:58:25.920,0,0.0,0,0,0,0,0,133,1544,44166364,18,212,-91436648
19:58:25.926,0,0.0,0,0,0,0,0,20,167,44166356,16,11,-91436648
19:58:25.931,0,0.0,0,0,0,0,0,13,-1579,44166344,-18,58,-91436648
19:58:25.936,0,0.0,0,0,0,0,0,8,904,44166360,-4,237,-91436648
19:58:25.941,0,0.0,0,0,0,0,0,13,865,44166360,-2,-529,-91436648
19:58:25.946,0,0.0,0,0,0,0,0,-3,406,44166356,-8,283,-91436648
19:58:25.951,0,0.0,0,0,0,0,0,24,432,44166356,0,120,-91436648
19:58:25.956,0,0.0,0,0,0,0,0,100,1647,44166364,-27,687,-91436648
19:58:25.961,0,0.0,0,0,0,0,0,-55,765,44166360,0,47,-91436648
19:58:25.966,0,0.0,0,0,0,0,0,37,-222,44166352,5,76,-91436648
19:58:25.971,0,0.0,0,0,0,0,0,2,291,44166356,-3,-5,-91436648
19:58:25.976,0,0.0,0,0,0,0,0,-32,-352,44166352,18,23,-91436648
19:58:25.981,0,0.0,0,0,0,0,0,31,351,44166356,-25,30,-91436648
19:58:25.986,0,0.0,0,0,0,0,0,7,-1491,44166344,5,822,-91436648
19:58:25.992,0,0.0,0,0,0,0,0,-73,-1468,44166344,2,-422,-91436648
19:58:25.997,0,0.0,0,0,0,0,0,2,-2070,44166340,-10,-378,-91436648
19:58:26.002,0,0.0,0,0,0,0,0,-26,477,44166356,12,-73,-91436648
19:58:26.007,0,0.0,0,0,0,0,0,14,-126,44166352,-8,-617,-91436648
19:58:26.012,0,0.0,0,0,0,0,0,101,919,44166360,-26,189,-91436648
19:58:26.017,0,0.0,0,0,0,0,0,25,-202,44166352,-16,-520,-91436648
19:58:26.022,0,0.0,0,0,0,0,0,-26,452,44166356,-6,-480,-91436648
19:58:26.027,0,0.0,0,0,0,0,0,19,320,44166356,1,62,-91436648
19:58:26.032,0,0.0,0,0,0,0,0,14,594,44166356,5,-1202,-91436648
19:58:26.037,0,0.0,0,0,0,0,0,-21,-14,44166352,11,82,-91436648
19:58:26.042,0,0.0,0,0,0,0,0,-3,-750,44166352,16,-400,-91436648
19:58:26.047,0,0.0,0,0,0,0,0,-72,-329,44166352,-8,68,-91436648
19:58:26.052,0,0.0,0,0,0,0,0,-2,251,44166356,-46,-350,-91436648
19:58:26.058,0,0.0,0,0,0,0,0,-20,339,44166356,4,869,-91436648
19:58:26.063,0,0.0,0,0,0,0,0,31,-1434,44166344,-14,670,-91436648
19:58:26.068,0,0.0,0,0,0,0,0,8,199,44166356,1,152,-91436648
19:58:26.073,0,0.0,0,0,0,0,0,-3,242,44166356,-6,79,-91436648
19:58:26.078,0,0.0,0,0,0,0,0,-20,390,44166356,-13,679,-91436648
19:58:26.083,0,0.0,0,0,0,0,0,-33,-178,44166352,22,95,-91436648
19:58:26.088,0,0.0,0,0,0,0,0,9,223,44166356,3,315,-91436648
19:58:26.093,0,0.0,0,0,0,0,0,31,420,44166356,12,87,-91436648
19:58:26.098,0,0.0,0,0,0,0,0,-3,-317,44166352,16,92,-91436648
19:58:26.103,0,0.0,0,0,0,0,0,31,341,44166356,8,-1844,-91436656
19:58:26.108,0,0.0,0,0,0,0,0,1,-363,44166352,38,788,-91436648
19:58:26.113,0,0.0,0,0,0,0,0,135,318,44166356,-5,1313,-91436632
19:58:26.118,0,0.0,0,0,0,0,0,25,-204,44166352,-2,221,-91436648
19:58:26.123,0,0.0,0,0,0,0,0,-3,-366,44166352,-4,-372,-91436648
19:58:26.128,0,0.0,0,0,0,0,0,20,-777,44166352,6,-463,-91436648
19:58:26.133,0,0.0,0,0,0,0,0,-44,491,44166356,2,-428,-91436648
19:58:26.139,0,0.0,0,0,0,0,0,-61,-1373,44166344,-11,14,-91436648
19:58:26.144,0,0.0,0,0,0,0,0,-3,-166,44166352,13,199,-91436648
19:58:26.149,0,0.0,0,0,0,0,0,-9,-269,44166352,-1,215,-91436648
19:58:26.154,0,0.0,0,0,0,0,0,25,-377,44166352,11,833,-91436648
19:58:26.159,0,0.0,0,0,0,0,0,7,-100,44166352,4,-404,-91436648
19:58:26.164,0,0.0,0,0,0,0,0,-55,339,44166356,-16,-12,-91436648
19:58:26.169,0,0.0,0,0,0,0,0,-32,-158,44166352,-8,181,-91436648
19:58:26.174,0,0.0,0,0,0,0,0,102,1499,44166364,-3,-383,-91436648
19:58:26.179,0,0.0,0,0,0,0,0,25,292,44166356,32,-349,-91436648
19:58:26.184,0,0.0,0,0,0,0,0,-49,-717,44166352,-19,246,-91436648
19:58:26.189,0,0.0,0,0,0,0,0,20,241,44166356,-20,-400,-91436648
19:58:26.194,0,0.0,0,0,0,0,0,31,-1594,44166344,17,228,-91436648
19:58:26.199,0,0.0,0,0,0,0,0,49,270,44166356,0,-422,-91436648
19:58:26.204,0,0.0,0,0,0,0,0,2,-1592,44166344,-23,30,-91436648
19:58:26.209,0,0.0,0,0,0,0,0,-9,272,44166356,-9,-411,-91436648
19:58:26.215,0,0.0,0,0,0,0,0,1,379,44166356,3,35,-91436648
19:58:26.220,0,0.0,0,0,0,0,0,-44,288,44166356,-2,24,-91436648
19:58:26.225,0,0.0,0,0,0,0,0,-20,164,44166356,-15,-13,-91436648
19:58:26.230,0,0.0,0,0,0,0,0,8,-261,44166352,0,-375,-91436648
19:58:26.235,0,0.0,0,0,0,0,0,-56,896,44166360,-13,1462,-91436632
19:58:26.240,0,0.0,0,0,0,0,0,-43,1658,44166364,10,-514,-91436648
19:58:26.245,0,0.0,0,0,0,0,0,1,255,44166356,3,813,-91436648
19:58:26.250,0,0.0,0,0,0,0,0,-44,-196,44166352,-12,-539,-91436648
19:58:26.255,0,0.0,0,0,0,0,0,31,381,44166356,7,56,-91436648
19:58:26.260,0,0.0,0,0,0,0,0,60,249,44166356,0,200,-91436648
19:58:26.265,0,0.0,0,0,0,0,0,-3,-753,44166352,-3,62,-91436648
19:58:26.270,0,0.0,0,0,0,0,0,72,378,44166356,5,720,-91436648
19:58:26.275,0,0.0,0,0,0,0,0,1,-251,44166352,-14,-549,-91436648
19:58:26.280,0,0.0,0,0,0,0,0,-37,-279,44166352,-11,254,-91436648
19:58:26.285,0,0.0,0,0,0,0,0,-32,-398,44166352,16,42,-91436648
19:58:26.290,0,0.0,0,0,0,0,0,-3,224,44166356,-12,1917,-91436632
19:58:26.295,0,0.0,0,0,0,0,0,1,-1627,44166344,3,-1146,-91436648
19:58:26.301,0,0.0,0,0,0,0,0,-96,-1504,44166344,8,-458,-91436648
19:58:26.306,0,0.0,0,0,0,0,0,71,-233,44166352,0,221,-91436648
19:58:26.311,0,0.0,0,0,0,0,0,-9,-1615,44166344,3,-405,-91436648
19:58:26.316,0,0.0,0,0,0,0,0,20,-973,44166352,13,227,-91436648
19:58:26.321,0,0.0,0,0,0,0,0,-55,272,44166356,2,-409,-91436648
19:58:26.326,0,0.0,0,0,0,0,0,-38,-900,44166352,-5,1,-91436648
19:58:26.331,0,0.0,0,0,0,0,0,14,433,44166356,-9,20,-91436648
19:58:26.336,0,0.0,0,0,0,0,0,-99,1585,44166364,-5,24,-91436648
19:58:26.341,0,0.0,0,0,0,0,0,-27,916,44166360,13,-612,-91436648
19:58:26.346,0,0.0,0,0,0,0,0,-8,-106,44166352,10,-420,-91436648
19:58:26.351,0,0.0,0,0,0,0,0,-33,625,44166356,0,81,-91436648
19:58:26.356,0,0.0,0,0,0,0,0,14,-2085,44166340,-6,-530,-91436648
19:58:26.361,0,0.0,0,0,0,0,0,31,-115,44166352,8,-1646,-91436656
19:58:26.366,0,0.0,0,0,0,0,0,32,1106,44166360,1,92,-91436648
19:58:26.371,0,0.0,0,0,0,0,0,14,-1366,44166344,-17,262,-91436648
19:58:26.376,0,0.0,0,0,0,0,0,43,397,44166356,-15,-526,-91436648
19:58:26.381,0,0.0,0,0,0,0,0,25,441,44166356,-27,1460,-91436632
19:58:26.387,0,0.0,0,0,0,0,0,-14,-77,44166352,-60,66,-91436648
19:58:26.392,0,0.0,0,0,0,0,0,-20,-1437,44166344,4,862,-91436648
19:58:26.397,0,0.0,0,0,0,0,0,-21,393,44166356,6,81,-91436648
19:58:26.402,0,0.0,0,0,0,0,0,25,2130,44166372,12,71,-91436648
19:58:26.407,0,0.0,0,0,0,0,0,130,-2098,44166340,-14,82,-91436648
19:58:26.412,0,0.0,0,0,0,0,0,36,-914,44166352,-8,-625,-91436648
19:58:26.417,0,0.0,0,0,0,0,0,-43,557,44166356,0,27,-91436648
19:58:26.422,0,0.0,0,0,0,0,0,114,385,44166356,-17,33,-91436648
19:58:26.427,0,0.0,0,0,0,0,0,2,348,44166356,-14,671,-91436648
19:58:26.432,0,0.0,0,0,0,0,0,-61,-1334,44166344,-6,1273,-91436632
19:58:26.437,0,0.0,0,0,0,0,0,-27,371,44166356,-21,88,-91436648
19:58:26.442,0,0.0,0,0,0,0,0,14,-65,44166352,7,-530,-91436648
19:58:26.447,0,0.0,0,0,0,0,0,13,-14,44166352,5,0,-91436648
19:58:26.452,0,0.0,0,0,0,0,0,43,504,44166356,-9,-496,-91436648
19:58:26.457,0,0.0,0,0,0,0,0,38,-292,44166352,-24,643,-91436648
19:58:26.463,0,0.0,0,0,0,0,0,37,-329,44166352,-1,162,-91436648
19:58:26.468,0,0.0,0,0,0,0,0,2,-890,44166352,-8,19,-91436648
19:58:26.473,0,0.0,0,0,0,0,0,-84,-871,44166352,3,49,-91436648
19:58:26.478,0,0.0,0,0,0,0,0,-9,474,44166356,-9,-660,-91436648
19:58:26.483,0,0.0,0,0,0,0,0,-3,983,44166360,20,45,-91436648
19:58:26.488,0,0.0,0,0,0,0,0,3,568,44166356,8,1476,-91436632
19:58:26.493,0,0.0,0,0,0,0,0,-267,-1530,44166344,-7,-615,-91436648
19:58:26.498,0,0.0,0,0,0,0,0,-43,-382,44166352,-20,198,-91436648
19:58:26.503,0,0.0,0,0,0,0,0,-26,-303,44166352,38,782,-91436648
19:58:26.508,0,0.0,0,0,0,0,0,25,-1492,44166344,4,66,-91436648
19:58:26.513,0,0.0,0,0,0,0,0,1,381,44166356,17,-1624,-91436656
19:58:26.518,0,0.0,0,0,0,0,0,-26,-81,44166352,-12,-383,-91436648
19:58:26.523,0,0.0,0,0,0,0,0,-3,-1272,44166344,2,-500,-91436648
19:58:26.528,0,0.0,0,0,0,0,0,13,-82,44166352,13,229,-91436648
19:58:26.533,0,0.0,0,0,0,0,0,137,921,44166360,-14,244,-91436648
19:58:26.538,0,0.0,0,0,0,0,0,8,-188,44166352,-4,693,-91436648
19:58:26.544,0,0.0,0,0,0,0,0,66,1091,44166360,6,-1198,-91436648
19:58:26.549,0,0.0,0,0,0,0,0,19,-661,44166352,-5,-480,-91436648
19:58:26.554,0,0.0,0,0,0,0,0,2,-260,44166352,-33,-452,-91436648
19:58:26.559,0,0.0,0,0,0,0,0,25,-1332,44166344,-38,-486,-91436648
19:58:26.564,0,0.0,0,0,0,0,0,2,-234,44166352,4,-559,-91436648
19:58:26.569,0,0.0,0,0,0,0,0,31,349,44166356,-4,-361,-91436648
19:58:26.574,0,0.0,0,0,0,0,0,-38,191,44166356,2,117,-91436648
19:58:26.579,0,0.0,0,0,0,0,0,31,275,44166356,10,1423,-91436632
19:58:26.584,0,0.0,0,0,0,0,0,-84,-321,44166352,22,-2350,-91436656
19:58:26.589,0,0.0,0,0,0,0,0,8,486,44166356,-15,669,-91436648
19:58:26.594,0,0.0,0,0,0,0,0,-3,1020,44166360,4,204,-91436648
19:58:26.599,0,0.0,0,0,0,0,0,-67,313,44166356,9,-566,-91436648
19:58:26.604,0,0.0,0,0,0,0,0,19,-182,44166356,-17,77,-91436648
19:58:26.609,0,0.0,0,0,0,0,0,37,323,44166356,22,-449,-91436648
19:58:26.614,0,0.0,0,0,0,0,0,-3,1632,44166364,12,-17,-91436648
19:58:26.620,0,0.0,0,0,0,0,0,14,-188,44166352,0,-549,-91436648
19:58:26.625,0,0.0,0,0,0,0,0,-50,325,44166356,20,9,-91436648
19:58:26.630,0,0.0,0,0,0,0,0,2,447,44166356,26,-417,-91436648
19:58:26.635,0,0.0,0,0,0,0,0,2,1070,44166360,0,-440,-91436648
19:58:26.640,0,0.0,0,0,0,0,0,9,488,44166356,-7,228,-91436648
19:58:26.645,0,0.0,0,0,0,0,0,31,-183,44166352,-29,199,-91436648
19:58:26.650,0,0.0,0,0,0,0,0,-9,1090,44166360,-6,-557,-91436648
19:58:26.655,0,0.0,0,0,0,0,0,8,305,44166356,-14,282,-91436648
19:58:26.660,0,0.0,0,0,0,0,0,-21,889,44166360,-21,-305,-91436648
19:58:26.665,0,0.0,0,0,0,0,0,-20,312,44166356,-2,-355,-91436648
19:58:26.670,0,0.0,0,0,0,0,0,-38,1694,44166364,-3,-403,-91436648
19:58:26.675,0,0.0,0,0,0,0,0,25,1132,44166360,-18,90,-91436648
19:58:26.680,0,0.0,0,0,0,0,0,25,966,44166360,-17,-545,-91436648
19:58:26.685,0,0.0,0,0,0,0,0,8,397,44166356,-14,-11,-91436648
19:58:26.690,0,0.0,0,0,0,0,0,-14,-987,44166352,-17,-1626,-91436656
19:58:26.695,0,0.0,0,0,0,0,0,-32,-827,44166352,-6,45,-91436648
19:58:26.700,0,0.0,0,0,0,0,0,-9,-202,44166352,9,-410,-91436648
19:58:26.705,0,0.0,0,0,0,0,0,-9,-94,44166352,7,215,-91436648
19:58:26.711,0,0.0,0,0,0,0,0,25,-96,44166340,-12,46,-91436648
19:58:26.716,0,0.0,0,0,0,0,0,-61,286,44166356,4,197,-91436648
19:58:26.721,0,0.0,0,0,0,0,0,-9,-186,44166352,4,-561,-91436648
19:58:26.726,0,0.0,0,0,0,0,0,19,-1362,44166344,-4,1346,-91436632
19:58:26.731,0,0.0,0,0,0,0,0,37,950,44166360,0,213,-91436648
19:58:26.736,0,0.0,0,0,0,0,0,72,973,44166360,6,-404,-91436648
19:58:26.741,0,0.0,0,0,0,0,0,2,307,44166356,12,746,-91436648
19:58:26.746,0,0.0,0,0,0,0,0,130,307,44166356,-17,12,-91436648
19:58:26.751,0,0.0,0,0,0,0,0,19,1104,44166360,11,-14,-91436648
19:58:26.756,0,0.0,0,0,0,0,0,2,393,44166356,0,43,-91436648
19:58:26.761,0,0.0,0,0,0,0,0,-54,-75,44166352,-2,43,-91436648
19:58:26.766,0,0.0,0,0,0,0,0,8,1744,44166364,-15,243,-91436648
19:58:26.771,0,0.0,0,0,0,0,0,-14,-690,44166352,-11,57,-91436648
19:58:26.776,0,0.0,0,0,0,0,0,37,-2416,44166336,-12,81,-91436648
19:58:26.781,0,0.0,0,0,0,0,0,-15,-186,44166352,21,90,-91436648
19:58:26.786,0,0.0,0,0,0,0,0,14,474,44166356,-10,246,-91436648
19:58:26.791,0,0.0,0,0,0,0,0,14,-69,44166352,-3,-632,-91436648
19:58:26.797,0,0.0,0,0,0,0,0,-40,1214,44166360,2,1886,-91436632
19:58:26.802,0,0.0,0,0,0,0,0,-3,-694,44166352,-3,-566,-91436648
19:58:26.807,0,0.0,0,0,0,0,0,-15,-102,44166352,-1,197,-91436648
19:58:26.812,0,0.0,0,0,0,0,0,26,-854,44166352,20,90,-91436648
19:58:26.817,0,0.0,0,0,0,0,0,-3,-881,44166352,-6,-359,-91436648
19:58:26.822,0,0.0,0,0,0,0,0,-66,-207,44166352,-4,56,-91436648
19:58:26.827,0,0.0,0,0,0,0,0,2,-28,44166352,2,-366,-91436648
19:58:26.832,0,0.0,0,0,0,0,0,-20,-82,44166352,13,131,-91436648
19:58:26.837,0,0.0,0,0,0,0,0,42,-1578,44166344,24,-345,-91436648
19:58:26.842,0,0.0,0,0,0,0,0,20,-365,44166352,-16,-1011,-91436648
19:58:26.847,0,0.0,0,0,0,0,0,7,1111,44166360,11,155,-91436648
19:58:26.852,0,0.0,0,0,0,0,0,-8,-146,44166352,15,686,-91436648
19:58:26.857,0,0.0,0,0,0,0,0,-50,-2238,44166340,6,104,-91436648
19:58:26.863,0,0.0,0,0,0,0,0,119,-176,44166352,5,82,-91436648
19:58:26.868,0,0.0,0,0,0,0,0,-14,1572,44166364,-9,93,-91436648
19:58:26.873,0,0.0,0,0,0,0,0,120,2249,44166372,-1,168,-91436648
19:58:26.878,0,0.0,0,0,0,0,0,-55,437,44166356,-5,193,-91436648
19:58:26.883,0,0.0,0,0,0,0,0,147,597,44166356,1,182,-91436648
19:58:26.888,0,0.0,0,0,0,0,0,-66,-1205,44166344,-1,564,-91436648
19:58:26.893,0,0.0,0,0,0,0,0,19,1058,44166360,-11,527,-91436648
19:58:26.898,0,0.0,0,0,0,0,0,-43,430,44166356,-22,733,-91436648
19:58:26.903,0,0.0,0,0,0,0,0,-20,591,44166356,-5,110,-91436648
19:58:26.908,0,0.0,0,0,0,0,0,-20,-135,44166352,24,-453,-91436648
19:58:26.913,0,0.0,0,0,0,0,0,37,29,44166352,7,1429,-91436632
19:58:26.918,0,0.0,0,0,0,0,0,2,620,44166356,-5,-680,-91436648
19:58:26.923,0,0.0,0,0,0,0,0,-37,694,44166356,8,647,-91436648
19:58:26.928,0,0.0,0,0,0,0,0,-14,1153,44166360,-7,22,-91436648
19:58:26.933,0,0.0,0,0,0,0,0,-20,456,44166356,1,-433,-91436648
19:58:26.938,0,0.0,0,0,0,0,0,8,-732,44166352,27,28,-91436648
19:58:26.943,0,0.0,0,0,0,0,0,19,-1247,44166344,-3,95,-91436648
19:58:26.949,0,0.0,0,0,0,0,0,7,-61,44166352,-11,730,-91436648
19:58:26.954,0,0.0,0,0,0,0,0,26,521,44166356,-12,-394,-91436648
19:58:26.959,0,0.0,0,0,0,0,0,25,14,44166352,11,177,-91436648
19:58:26.964,0,0.0,0,0,0,0,0,-56,641,44166356,-20,-1080,-91436648
19:58:26.969,0,0.0,0,0,0,0,0,-15,-198,44166352,1,-388,-91436648
19:58:26.974,0,0.0,0,0,0,0,0,-21,-823,44166352,5,-395,-91436648
19:58:26.979,0,0.0,0,0,0,0,0,-4,-1305,44166344,7,-548,-91436648
19:58:26.984,0,0.0,0,0,0,0,0,-3,409,44166356,-1,-361,-91436648
19:58:26.989,0,0.0,0,0,0,0,0,15,358,44166356,-11,-381,-91436648
19:58:26.994,0,0.0,0,0,0,0,0,19,-97,44166352,-2,1293,-91436632
19:58:26.999,0,0.0,0,0,0,0,0,2,-670,44166352,19,-405,-91436648
19:58:27.004,0,0.0,0,0,0,0,0,13,-47,44166352,5,592,-91436648
19:58:27.009,0,0.0,0,0,0,0,0,8,-1865,44166340,6,29,-91436648
19:58:27.014,0,0.0,0,0,0,0,0,-101,7,44166352,-1,186,-91436648
19:58:27.019,0,0.0,0,0,0,0,0,60,623,44166356,3,1463,-91436632
19:58:27.025,0,0.0,0,0,0,0,0,14,1103,44166360,4,118,-91436648
19:58:27.030,0,0.0,0,0,0,0,0,-20,520,44166356,4,-394,-91436648
19:58:27.035,0,0.0,0,0,0,0,0,-8,386,44166356,-30,-369,-91436648
19:58:27.040,0,0.0,0,0,0,0,0,55,15,44166352,-21,242,-91436648
19:58:27.045,0,0.0,0,0,0,0,0,2,-13,44166352,26,61,-91436648
19:58:27.050,0,0.0,0,0,0,0,0,-8,1074,44166360,-8,-548,-91436648
19:58:27.055,0,0.0,0,0,0,0,0,2,470,44166356,0,-602,-91436648
19:58:27.060,0,0.0,0,0,0,0,0,-4,612,44166356,7,162,-91436648
19:58:27.065,0,0.0,0,0,0,0,0,19,-14,44166352,18,106,-91436648
19:58:27.070,0,0.0,0,0,0,0,0,84,-37,44166352,-6,-355,-91436648
19:58:27.075,0,0.0,0,0,0,0,0,-38,-69,44166352,-15,270,-91436648
19:58:27.080,0,0.0,0,0,0,0,0,-44,-124,44166352,-20,1317,-91436632
19:58:27.085,0,0.0,0,0,0,0,0,14,-632,44166352,0,203,-91436648
19:58:27.090,0,0.0,0,0,0,0,0,37,-615,44166352,5,-1173,-91436648
19:58:27.095,0,0.0,0,0,0,0,0,-3,-136,44166352,-8,-542,-91436648
19:58:27.100,0,0.0,0,0,0,0,0,25,-1333,44166344,14,-632,-91436648
19:58:27.106,0,0.0,0,0,0,0,0,25,551,44166356,11,26,-91436648
19:58:27.111,0,0.0,0,0,0,0,0,2,-688,44166352,-23,8,-91436648
19:58:27.116,0,0.0,0,0,0,0,0,148,620,44166356,14,165,-91436648
19:58:27.121,0,0.0,0,0,0,0,0,14,613,44166356,15,226,-91436648
19:58:27.126,0,0.0,0,0,0,0,0,19,1012,44166360,-9,111,-91436648
19:58:27.131,0,0.0,0,0,0,0,0,31,386,44166356,-6,69,-91436648
19:58:27.131,0,0.0,0,0,0,0,0,-15,648,44166356,-5,-380,-91436648
19:58:27.136,0,0.0,0,0,0,0,0,31,-683,44166352,34,231,-91436648
19:58:27.141,0,0.0,0,0,0,0,0,57,677,44166356,-7,-475,-91436648
19:58:27.146,0,0.0,0,0,0,0,0,37,662,44166356,-5,-1,-91436648
19:58:27.151,0,0.0,0,0,0,0,0,49,-1334,44166344,-7,768,-91436648
19:58:27.157,0,0.0,0,0,0,0,0,20,-1356,44166344,1,-672,-91436648
19:58:27.162,0,0.0,0,0,0,0,0,-174,1824,44166364,8,-19,-91436648
19:58:27.167,0,0.0,0,0,0,0,0,-20,-1100,44166344,15,-53,-91436648
19:58:27.172,0,0.0,0,0,0,0,0,13,-38,44166352,-4,-432,-91436648
19:58:27.177,0,0.0,0,0,0,0,0,25,1345,44166352,12,-388,-91436648
19:58:27.182,0,0.0,0,0,0,0,0,-15,-1759,44166340,3,42,-91436648
19:58:27.187,0,0.0,0,0,0,0,0,-8,501,44166356,-8,28,-91436648
19:58:27.192,0,0.0,0,0,0,0,0,-44,-1136,44166344,-12,-402,-91436648
19:58:27.197,0,0.0,0,0,0,0,0,8,16,44166352,-23,708,-91436648
19:58:27.202,0,0.0,0,0,0,0,0,-156,1310,44166360,-16,-282,-91436648
19:58:27.207,0,0.0,0,0,0,0,0,13,-1907,44166340,18,309,-91436648
19:58:27.212,0,0.0,0,0,0,0,0,8,-613,44166352,5,299,-91436648
19:58:27.217,0,0.0,0,0,0,0,0,2,487,44166356,-10,-407,-91436648
19:58:27.222,0,0.0,0,0,0,0,0,-38,25,44166352,0,224,-91436648
19:58:27.228,0,0.0,0,0,0,0,0,8,-597,44166352,11,-356,-91436648
19:58:27.233,0,0.0,0,0,0,0,0,14,-650,44166352,-11,-1568,-91436656
19:58:27.238,0,0.0,0,0,0,0,0,-9,1120,44166360,46,175,-91436648
19:58:27.243,0,0.0,0,0,0,0,0,25,48,44166352,13,1484,-91436632
19:58:27.248,0,0.0,0,0,0,0,0,30,-651,44166352,-14,171,-91436648
19:58:27.253,0,0.0,0,0,0,0,0,-26,-672,44166352,25,738,-91436648
19:58:27.258,0,0.0,0,0,0,0,0,30,681,44166356,-8,-522,-91436648
19:58:27.263,0,0.0,0,0,0,0,0,-15,158,44166352,17,142,-91436648
19:58:27.268,0,0.0,0,0,0,0,0,13,-1359,44166344,8,122,-91436648
19:58:27.273,0,0.0,0,0,0,0,0,13,-1902,44166340,3,115,-91436648
19:58:27.278,0,0.0,0,0,0,0,0,31,766,44166356,1,1430,-91436632
19:58:27.283,0,0.0,0,0,0,0,0,8,-1931,44166340,1,-9,-91436648
19:58:27.288,0,0.0,0,0,0,0,0,31,558,44166356,0,1474,-91436632
19:58:27.294,0,0.0,0,0,0,0,0,25,-724,44166352,10,-379,-91436648
19:58:27.299,0,0.0,0,0,0,0,0,88,681,44166356,-13,102,-91436648
19:58:27.304,0,0.0,0,0,0,0,0,37,85,44166352,12,181,-91436648
19:58:27.309,0,0.0,0,0,0,0,0,39,499,44166356,3,190,-91436648
19:58:27.314,0,0.0,0,0,0,0,0,-50,559,44166356,6,32,-91436648
19:58:27.319,0,0.0,0,0,0,0,0,-49,-750,44166352,-6,25,-91436648
19:58:27.324,0,0.0,0,0,0,0,0,72,1238,44166360,11,197,-91436648
19:58:27.329,0,0.0,0,0,0,0,0,-43,-629,44166352,-5,203,-91436648
19:58:27.334,0,0.0,0,0,0,0,0,-9,624,44166356,-23,64,-91436648
19:58:27.339,0,0.0,0,0,0,0,0,-14,647,44166356,18,-543,-91436648
19:58:27.344,0,0.0,0,0,0,0,0,2,-195,44166352,11,59,-91436648
19:58:27.349,0,0.0,0,0,0,0,0,-21,-1357,44166344,-11,249,-91436648
19:58:27.354,0,0.0,0,0,0,0,0,2,452,44166356,-5,-1838,-91436656
19:58:27.359,0,0.0,0,0,0,0,0,-43,1194,44166360,-11,-429,-91436648
19:58:27.364,0,0.0,0,0,0,0,0,-73,418,44166372,7,-435,-91436648
19:58:27.369,0,0.0,0,0,0,0,0,-27,-541,44166352,18,77,-91436648
19:58:27.374,0,0.0,0,0,0,0,0,19,566,44166356,15,-585,-91436648
19:58:27.379,0,0.0,0,0,0,0,0,2,-715,44166352,37,94,-91436648
19:58:27.385,0,0.0,0,0,0,0,0,-9,490,44166356,-3,83,-91436648
19:58:27.390,0,0.0,0,0,0,0,0,-15,-61,44166352,10,58,-91436648
19:58:27.395,0,0.0,0,0,0,0,0,-9,-530,44166352,-8,-460,-91436648
19:58:27.400,0,0.0,0,0,0,0,0,20,709,44166356,17,-583,-91436648
19:58:27.405,0,0.0,0,0,0,0,0,-20,-1825,44166340,4,-639,-91436648
19:58:27.410,0,0.0,0,0,0,0,0,-61,-579,44166352,-1,-585,-91436648
19:58:27.415,0,0.0,0,0,0,0,0,49,-737,44166352,-2,96,-91436648
19:58:27.420,0,0.0,0,0,0,0,0,20,119,44166352,-8,-557,-91436648
19:58:27.425,0,0.0,0,0,0,0,0,71,-674,44166352,3,1457,-91436632
19:58:27.430,0,0.0,0,0,0,0,0,-55,1159,44166360,-21,-431,-91436648
19:58:27.435,0,0.0,0,0,0,0,0,-2,481,44166356,-2,-463,-91436648
19:58:27.440,0,0.0,0,0,0,0,0,-32,1668,44166364,1,-434,-91436648
19:58:27.445,0,0.0,0,0,0,0,0,-3,-114,44166352,-11,1282,-91436632
19:58:27.450,0,0.0,0,0,0,0,0,-14,467,44166356,-26,-2390,-91436656
19:58:27.455,0,0.0,0,0,0,0,0,8,-1357,44166344,-4,-422,-91436648
19:58:27.460,0,0.0,0,0,0,0,0,-60,689,44166356,10,16,-91436648
19:58:27.465,0,0.0,0,0,0,0,0,-31,513,44166356,-8,10,-91436648
19:58:27.471,0,0.0,0,0,0,0,0,8,-1150,44166344,-17,-570,-91436648
19:58:27.476,0,0.0,0,0,0,0,0,14,107,44166352,3,-379,-91436648
19:58:27.481,0,0.0,0,0,0,0,0,36,-644,44166352,28,711,-91436648
19:58:27.486,0,0.0,0,0,0,0,0,-3,-1828,44166340,-11,-385,-91436648
19:58:27.491,0,0.0,0,0,0,0,0,-8,-2027,44166340,6,42,-91436648
19:58:27.496,0,0.0,0,0,0,0,0,2,-22,44166352,2,36,-91436648
19:58:27.501,0,0.0,0,0,0,0,0,14,722,44166356,-1,637,-91436648
19:58:27.506,0,0.0,0,0,0,0,0,129,1790,44166364,8,10,-91436648
19:58:27.511,0,0.0,0,0,0,0,0,-9,723,44166356,35,29,-91436648
19:58:27.516,0,0.0,0,0,0,0,0,8,-666,44166352,14,-969,-91436648
19:58:27.521,0,0.0,0,0,0,0,0,14,704,44166356,7,-379,-91436648
19:58:27.526,0,0.0,0,0,0,0,0,-15,582,44166356,-8,213,-91436648
19:58:27.532,0,0.0,0,0,0,0,0,19,-534,44166352,11,798,-91436648
19:58:27.537,0,0.0,0,0,0,0,0,19,741,44166356,-25,-406,-91436648
19:58:27.542,0,0.0,0,0,0,0,0,-43,19,44166352,-22,74,-91436648
19:58:27.547,0,0.0,0,0,0,0,0,8,731,44166356,-4,-363,-91436648
19:58:27.552,0,0.0,0,0,0,0,0,-26,-2009,44166340,1,17,-91436648
19:58:27.557,0,0.0,0,0,0,0,0,80,1798,44166364,15,1883,-91436632
19:58:27.562,0,0.0,0,0,0,0,0,-3,5,44166352,3,6,-91436648
19:58:27.567,0,0.0,0,0,0,0,0,7,140,44166352,-14,1375,-91436632
19:58:27.573,0,0.0,0,0,0,0,0,3,-12,44166352,-8,58,-91436648
19:58:27.578,0,0.0,0,0,0,0,0,25,-407,44166352,-17,71,-91436648
19:58:27.583,0,0.0,0,0,0,0,0,-72,20,44166352,-3,132,-91436648
19:58:27.588,0,0.0,0,0,0,0,0,-119,-1189,44166344,-1,178,-91436648
19:58:27.593,0,0.0,0,0,0,0,0,-3,-583,44166352,20,207,-91436648
19:58:27.598,0,0.0,0,0,0,0,0,20,-569,44166352,4,174,-91436648
19:58:27.603,0,0.0,0,0,0,0,0,-44,-44,44166352,-12,-481,-91436648
19:58:27.608,0,0.0,0,0,0,0,0,14,545,44166356,21,-556,-91436648
19:58:27.613,0,0.0,0,0,0,0,0,-271,378,44166356,3,213,-91436648
19:58:27.618,0,0.0,0,0,0,0,0,-72,618,44166356,-4,115,-91436648
19:58:27.624,0,0.0,0,0,0,0,0,-33,-526,44166352,-8,807,-91436648
19:58:27.629,0,0.0,0,0,0,0,0,20,1776,44166364,0,166,-91436648
19:58:27.634,0,0.0,0,0,0,0,0,14,645,44166356,-14,-582,-91436648
19:58:27.639,0,0.0,0,0,0,0,0,25,-2007,44166340,14,211,-91436648
19:58:27.644,0,0.0,0,0,0,0,0,-56,632,44166356,14,-401,-91436648
19:58:27.649,0,0.0,0,0,0,0,0,129,487,44166356,-5,-1085,-91436648
19:58:27.654,0,0.0,0,0,0,0,0,7,-606,44166352,-21,61,-91436648
19:58:27.659,0,0.0,0,0,0,0,0,-78,85,44166344,-24,-42,-91436648
19:58:27.664,0,0.0,0,0,0,0,0,20,713,44166356,21,-556,-91436648
19:58:27.669,0,0.0,0,0,0,0,0,2,-725,44166352,-1,-378,-91436648
19:58:27.674,0,0.0,0,0,0,0,0,-26,552,44166356,19,-1249,-91436648
19:58:27.679,0,0.0,0,0,0,0,0,1,759,44166356,-7,238,-91436648
19:58:27.685,0,0.0,0,0,0,0,0,-8,99,44166352,8,92,-91436648
19:58:27.690,0,0.0,0,0,0,0,0,-3,-4,44166352,15,69,-91436648
19:58:27.695,0,0.0,0,0,0,0,0,-9,547,44166356,-7,-579,-91436648
19:58:27.700,0,0.0,0,0,0,0,0,-8,-455,44166352,-30,203,-91436648
19:58:27.705,0,0.0,0,0,0,0,0,25,-90,44166352,0,80,-91436648
19:58:27.710,0,0.0,0,0,0,0,0,96,637,44166356,4,-1167,-91436648
19:58:27.715,0,0.0,0,0,0,0,0,42,669,44166356,23,-524,-91436648
19:58:27.720,0,0.0,0,0,0,0,0,-8,524,44166356,43,-1008,-91436648
19:58:27.725,0,0.0,0,0,0,0,0,-20,-501,44166352,3,-373,-91436648
19:58:27.730,0,0.0,0,0,0,0,0,2,-120,44166352,-27,24,-91436648
19:58:27.735,0,0.0,0,0,0,0,0,25,162,44166352,9,108,-91436648
19:58:27.740,0,0.0,0,0,0,0,0,-8,35,44166352,6,-316,-91436648
19:58:27.745,0,0.0,0,0,0,0,0,28,849,44166356,14,222,-91436648
19:58:27.750,0,0.0,0,0,0,0,0,37,127,44166352,5,-449,-91436648
19:58:27.755,0,0.0,0,0,0,0,0,48,-1591,44166340,-14,174,-91436648
19:58:27.760,0,0.0,0,0,0,0,0,1,-993,44166344,-5,643,-91436648
19:58:27.766,0,0.0,0,0,0,0,0,-14,768,44166356,-18,-697,-91436648
19:58:27.771,0,0.0,0,0,0,0,0,-26,765,44166356,25,-44,-91436648
19:58:27.776,0,0.0,0,0,0,0,0,8,-5,44166352,15,-465,-91436648
19:58:27.781,0,0.0,0,0,0,0,0,-2,570,44166356,-15,685,-91436648
19:58:27.786,0,0.0,0,0,0,0,0,25,607,44166356,13,-602,-91436648
19:58:27.791,0,0.0,0,0,0,0,0,25,117,44166352,-12,-569,-91436648
19:58:27.796,0,0.0,0,0,0,0,0,20,3231,44166372,2,-382,-91436648
19:58:27.801,0,0.0,0,0,0,0,0,2,843,44166356,2,-419,-91436648
19:58:27.806,0,0.0,0,0,0,0,0,-44,1921,44166364,-2,855,-91436648
19:58:27.811,0,0.0,0,0,0,0,0,-14,571,44166356,-1,-382,-91436648
19:58:27.816,0,0.0,0,0,0,0,0,30,-1820,44166340,7,684,-91436648
19:58:27.821,0,0.0,0,0,0,0,0,20,613,44166356,22,248,-91436648
19:58:27.826,0,0.0,0,0,0,0,0,36,-720,44166352,28,86,-91436648
19:58:27.831,0,0.0,0,0,0,0,0,-15,1249,44166360,-13,4,-91436648
19:58:27.836,0,0.0,0,0,0,0,0,-57,-93,44166352,7,5,-91436648
19:58:27.841,0,0.0,0,0,0,0,0,-27,-1323,44166344,3,54,-91436648
19:58:27.847,0,0.0,0,0,0,0,0,19,83,44166352,19,1281,-91436632
19:58:27.852,0,0.0,0,0,0,0,0,8,-908,44166344,-26,8,-91436648
19:58:27.857,0,0.0,0,0,0,0,0,20,-56,44166352,-14,21,-91436648
19:58:27.862,0,0.0,0,0,0,0,0,-9,687,44166356,5,153,-91436648
19:58:27.867,0,0.0,0,0,0,0,0,-21,-1275,44166344,6,-482,-91436648
19:58:27.872,0,0.0,0,0,0,0,0,-9,610,44166356,-24,606,-91436648
19:58:27.877,0,0.0,0,0,0,0,0,43,119,44166352,-7,640,-91436648
19:58:27.882,0,0.0,0,0,0,0,0,-78,762,44166356,18,652,-91436648
19:58:27.887,0,0.0,0,0,0,0,0,14,-1630,44166340,1,189,-91436648
19:58:27.892,0,0.0,0,0,0,0,0,8,-731,44166352,-2,30,-91436648
19:58:27.897,0,0.0,0,0,0,0,0,8,-1777,44166340,2,-468,-91436648
19:58:27.902,0,0.0,0,0,0,0,0,49,-602,44166352,-16,-1071,-91436664
19:58:27.907,0,0.0,0,0,0,0,0,8,-13,44166352,10,-483,-91436648
19:58:27.912,0,0.0,0,0,0,0,0,-54,560,44166356,-5,628,-91436648
19:58:27.917,0,0.0,0,0,0,0,0,25,-1161,44166344,-47,229,-91436648
19:58:27.922,0,0.0,0,0,0,0,0,14,-1981,44166340,2,-510,-91436648
19:58:27.928,0,0.0,0,0,0,0,0,-107,1145,44166360,17,-425,-91436648
19:58:27.933,0,0.0,0,0,0,0,0,2,544,44166356,26,205,-91436648
19:58:27.938,0,0.0,0,0,0,0,0,8,109,44166352,-8,644,-91436648
19:58:27.943,0,0.0,0,0,0,0,0,-32,436,44166356,9,45,-91436648
19:58:27.948,0,0.0,0,0,0,0,0,19,515,44166356,11,-405,-91436648
19:58:27.953,0,0.0,0,0,0,0,0,-14,-249,44166352,19,264,-91436648
19:58:27.958,0,0.0,0,0,0,0,0,-15,543,44166356,23,94,-91436648
19:58:27.963,0,0.0,0,0,0,0,0,2,-661,44166352,-2,1429,-91436632
19:58:27.968,0,0.0,0,0,0,0,0,14,-542,44166352,-8,219,-91436648
19:58:27.973,0,0.0,0,0,0,0,0,43,585,44166356,14,68,-91436648
19:58:27.978,0,0.0,0,0,0,0,0,-26,-1335,44166344,-16,131,-91436648
19:58:27.983,0,0.0,0,0,0,0,0,-38,-121,44166352,-12,-367,-91436648
19:58:27.989,0,0.0,0,0,0,0,0,-9,1125,44166360,-15,267,-91436648
19:58:27.994,0,0.0,0,0,0,0,0,19,-117,44166352,-13,1290,-91436632
19:58:27.999,0,0.0,0,0,0,0,0,-14,0,44166352,1,172,-91436648
19:58:28.004,0,0.0,0,0,0,0,0,13,-1782,44166340,6,25,-91436648
19:58:28.009,0,0.0,0,0,0,0,0,-4,432,44166356,-11,211,-91436648
19:58:28.014,0,0.0,0,0,0,0,0,-3,642,44166356,29,678,-91436648
19:58:28.019,0,0.0,0,0,0,0,0,9,413,44166356,15,1308,-91436632
19:58:28.024,0,0.0,0,0,0,0,0,-56,-1447,44166344,17,743,-91436648
19:58:28.029,0,0.0,0,0,0,0,0,14,471,44166356,2,-283,-91436648
19:58:28.034,0,0.0,0,0,0,0,0,-3,635,44166356,-7,-365,-91436648
19:58:28.039,0,0.0,0,0,0,0,0,42,-814,44166352,-6,44,-91436648
19:58:28.044,0,0.0,0,0,0,0,0,24,121,44166352,0,302,-91436648
19:58:28.049,0,0.0,0,0,0,0,0,-9,126,44166340,-21,97,-91436648
19:58:28.055,0,0.0,0,0,0,0,0,-79,-1635,44166340,4,1342,-91436632
19:58:28.060,0,0.0,0,0,0,0,0,49,729,44166356,35,-445,-91436648
19:58:28.065,0,0.0,0,0,0,0,0,-43,2,44166352,-2,-495,-91436648
19:58:28.070,0,0.0,0,0,0,0,0,42,-1268,44166344,5,-532,-91436648
19:58:28.075,0,0.0,0,0,0,0,0,-4,657,44166356,-4,885,-91436648
19:58:28.080,0,0.0,0,0,0,0,0,-8,120,44166352,10,798,-91436648
19:58:28.085,0,0.0,0,0,0,0,0,25,-1110,44166344,3,-396,-91436648
19:58:28.090,0,0.0,0,0,0,0,0,-15,29,44166352,22,-390,-91436648
19:58:28.095,0,0.0,0,0,0,0,0,-84,601,44166356,-9,-346,-91436648
19:58:28.100,0,0.0,0,0,0,0,0,-26,-6,44166352,-1,70,-91436648
19:58:28.105,0,0.0,0,0,0,0,0,24,135,44166352,5,81,-91436648
19:58:28.110,0,0.0,0,0,0,0,0,-15,-1327,44166344,-8,67,-91436648
19:58:28.115,0,0.0,0,0,0,0,0,37,-1262,44166344,-9,65,-91436648
19:58:28.121,0,0.0,0,0,0,0,0,-37,-1217,44166344,-4,140,-91436648
19:58:28.126,0,0.0,0,0,0,0,0,-14,-529,44166352,9,-445,-91436648
19:58:28.131,0,0.0,0,0,0,0,0,31,1233,44166360,0,-430,-91436648
19:58:28.136,0,0.0,0,0,0,0,0,-9,614,44166356,21,-410,-91436648
19:58:28.141,0,0.0,0,0,0,0,0,8,819,44166356,1,-580,-91436648
19:58:28.146,0,0.0,0,0,0,0,0,-14,-1935,44166340,10,69,-91436648
19:58:28.151,0,0.0,0,0,0,0,0,-9,-565,44166352,-1,-399,-91436648
19:58:28.156,0,0.0,0,0,0,0,0,61,-1821,44166340,12,79,-91436648
19:58:28.161,0,0.0,0,0,0,0,0,8,16,44166352,30,22,-91436648
19:58:28.166,0,0.0,0,0,0,0,0,-15,1848,44166364,11,53,-91436648
19:58:28.171,0,0.0,0,0,0,0,0,24,614,44166356,4,-413,-91436648
19:58:28.176,0,0.0,0,0,0,0,0,-9,-701,44166352,-19,-548,-91436648
19:58:28.181,0,0.0,0,0,0,0,0,2,781,44166356,-19,225,-91436648
19:58:28.187,0,0.0,0,0,0,0,0,2,-1122,44166344,-10,51,-91436648
19:58:28.192,0,0.0,0,0,0,0,0,83,-548,44166352,7,79,-91436648
19:58:28.197,0,0.0,0,0,0,0,0,-3,688,44166356,-5,-454,-91436648
19:58:28.202,0,0.0,0,0,0,0,0,31,170,44166352,8,-1021,-91436648
19:58:28.207,0,0.0,0,0,0,0,0,25,-658,44166352,10,261,-91436648
19:58:28.212,0,0.0,0,0,0,0,0,-136,1191,44166360,-12,-288,-91436648
19:58:28.217,0,0.0,0,0,0,0,0,-84,781,44166356,-7,1929,-91436632
19:58:28.222,0,0.0,0,0,0,0,0,8,87,44166352,-17,-399,-91436648
19:58:28.227,0,0.0,0,0,0,0,0,107,2113,44166364,-10,46,-91436648
19:58:28.232,0,0.0,0,0,0,0,0,7,1917,44166364,0,201,-91436648
19:58:28.238,0,0.0,0,0,0,0,0,-55,-1027,44166344,-6,105,-91436648
19:58:28.243,0,0.0,0,0,0,0,0,14,-1209,44166344,17,-2261,-91436656
19:58:28.248,0,0.0,0,0,0,0,0,-15,782,44166356,-11,-364,-91436648
19:58:28.248,0,0.0,0,0,0,0,0,-8,-593,44166352,-7,81,-91436648
19:58:28.253,0,0.0,0,0,0,0,0,67,811,44166356,12,-2,-91436648
19:58:28.258,0,0.0,0,0,0,0,0,-3,-1599,44166340,-16,-444,-91436648
19:58:28.263,0,0.0,0,0,0,0,0,25,-27,44166352,-1,-703,-91436648
19:58:28.268,0,0.0,0,0,0,0,0,8,-571,44166352,10,178,-91436648
19:58:28.273,0,0.0,0,0,0,0,0,13,-640,44166352,-5,688,-91436648
19:58:28.278,0,0.0,0,0,0,0,0,-37,-416,44166352,-10,631,-91436648
19:58:28.283,0,0.0,0,0,0,0,0,-9,604,44166356,-29,78,-91436648
19:58:28.288,0,0.0,0,0,0,0,0,-3,541,44166356,-12,-523,-91436648
19:58:28.293,0,0.0,0,0,0,0,0,65,-520,44166352,14,118,-91436648
19:58:28.299,0,0.0,0,0,0,0,0,-43,145,44166352,-12,87,-91436648
19:58:28.304,0,0.0,0,0,0,0,0,19,610,44166356,15,27,-91436648
19:58:28.309,0,0.0,0,0,0,0,0,-108,-725,44166352,0,-425,-91436648
19:58:28.314,0,0.0,0,0,0,0,0,37,-1972,44166340,-8,-25,-91436648
19:58:28.319,0,0.0,0,0,0,0,0,-38,53,44166352,5,868,-91436648
19:58:28.324,0,0.0,0,0,0,0,0,-9,723,44166356,-7,56,-91436648
19:58:28.329,0,0.0,0,0,0,0,0,2,-2320,44166336,11,191,-91436648
19:58:28.334,0,0.0,0,0,0,0,0,133,1368,44166360,-17,44,-91436648
19:58:28.339,0,0.0,0,0,0,0,0,-44,-543,44166352,10,9,-91436648
19:58:28.344,0,0.0,0,0,0,0,0,7,-1147,44166344,0,652,-91436648
19:58:28.349,0,0.0,0,0,0,0,0,-14,573,44166356,-32,83,-91436648
19:58:28.354,0,0.0,0,0,0,0,0,2,-1189,44166344,1,728,-91436648
19:58:28.360,0,0.0,0,0,0,0,0,66,-1118,44166344,-3,-628,-91436648
19:58:28.365,0,0.0,0,0,0,0,0,8,192,44166352,1,-462,-91436648
19:58:28.370,0,0.0,0,0,0,0,0,-38,-543,44166352,-15,590,-91436648
19:58:28.375,0,0.0,0,0,0,0,0,31,859,44166356,8,213,-91436648
19:58:28.380,0,0.0,0,0,0,0,0,-3,-1199,44166344,16,71,-91436648
19:58:28.385,0,0.0,0,0,0,0,0,-3,-1052,44166344,19,66,-91436648
19:58:28.390,0,0.0,0,0,0,0,0,25,-485,44166352,-21,-346,-91436648
19:58:28.395,0,0.0,0,0,0,0,0,49,68,44166352,10,-423,-91436648
19:58:28.400,0,0.0,0,0,0,0,0,37,600,44166356,-20,61,-91436648
19:58:28.405,0,0.0,0,0,0,0,0,-15,195,44166352,-1,-578,-91436648
19:58:28.410,0,0.0,0,0,0,0,0,14,895,44166356,9,-400,-91436648
19:58:28.415,0,0.0,0,0,0,0,0,8,756,44166356,4,303,-91436648
19:58:28.421,0,0.0,0,0,0,0,0,-84,698,44166356,11,-375,-91436648
19:58:28.426,0,0.0,0,0,0,0,0,-27,665,44166356,26,291,-91436648
19:58:28.431,0,0.0,0,0,0,0,0,-15,794,44166356,0,1310,-91436632
19:58:28.436,0,0.0,0,0,0,0,0,-58,2489,44166372,-18,-464,-91436648
19:58:28.441,0,0.0,0,0,0,0,0,13,-1868,44166340,-29,670,-91436648
19:58:28.446,0,0.0,0,0,0,0,0,7,-1863,44166340,2,-457,-91436648
19:58:28.451,0,0.0,0,0,0,0,0,-9,516,44166356,-22,65,-91436648
19:58:28.456,0,0.0,0,0,0,0,0,-3,532,44166356,-20,-437,-91436648
19:58:28.461,0,0.0,0,0,0,0,0,2,-81,44166352,0,-1021,-91436648
19:58:28.466,0,0.0,0,0,0,0,0,26,-1257,44166344,8,55,-91436648
19:58:28.471,0,0.0,0,0,0,0,0,59,832,44166356,14,56,-91436648
19:58:28.476,0,0.0,0,0,0,0,0,-14,736,44166356,2,25,-91436648
19:58:28.481,0,0.0,0,0,0,0,0,-14,1326,44166360,1,177,-91436648
19:58:28.486,0,0.0,0,0,0,0,0,-8,558,44166356,3,185,-91436648
19:58:28.492,0,0.0,0,0,0,0,0,-8,-662,44166352,-3,197,-91436648
19:58:28.497,0,0.0,0,0,0,0,0,-9,-1273,44166344,-18,565,-91436648
19:58:28.502,0,0.0,0,0,0,0,0,25,1975,44166364,-15,171,-91436648
19:58:28.507,0,0.0,0,0,0,0,0,14,1170,44166360,-10,1315,-91436632
19:58:28.512,0,0.0,0,0,0,0,0,-8,548,44166356,5,-360,-91436648
19:58:28.517,0,0.0,0,0,0,0,0,8,-1687,44166340,-9,329,-91436648
19:58:28.522,0,0.0,0,0,0,0,0,2,-1082,44166344,-32,693,-91436648
19:58:28.527,0,0.0,0,0,0,0,0,25,1244,44166360,-1,-560,-91436648
19:58:28.532,0,0.0,0,0,0,0,0,136,1894,44166364,-14,34,-91436648
19:58:28.538,0,0.0,0,0,0,0,0,31,-1669,44166340,3,95,-91436648
19:58:28.543,0,0.0,0,0,0,0,0,-9,543,44166356,1,69,-91436648
19:58:28.548,0,0.0,0,0,0,0,0,1,650,44166356,-6,899,-91436648
19:58:28.553,0,0.0,0,0,0,0,0,-3,-1698,44166340,6,264,-91436648
19:58:28.558,0,0.0,0,0,0,0,0,2,845,44166356,-6,655,-91436648
19:58:28.563,0,0.0,0,0,0,0,0,31,-1122,44166344,0,97,-91436648
19:58:28.568,0,0.0,0,0,0,0,0,2,-1799,44166340,15,-12,-91436648
19:58:28.574,0,0.0,0,0,0,0,0,2,-1276,44166344,-6,239,-91436648
19:58:28.579,0,0.0,0,0,0,0,0,8,-649,44166352,-12,-558,-91436648
19:58:28.584,0,0.0,0,0,0,0,0,14,709,44166356,-12,188,-91436648
19:58:28.589,0,0.0,0,0,0,0,0,-56,-677,44166352,9,-460,-91436648
19:58:28.594,0,0.0,0,0,0,0,0,-27,244,44166352,9,-644,-91436648
19:58:28.599,0,0.0,0,0,0,0,0,2,88,44166352,-26,-454,-91436648
19:58:28.604,0,0.0,0,0,0,0,0,20,160,44166352,5,1450,-91436632
19:58:28.609,0,0.0,0,0,0,0,0,19,524,44166356,-13,99,-91436648
19:58:28.614,0,0.0,0,0,0,0,0,-2,-550,44166352,-8,1488,-91436632
19:58:28.619,0,0.0,0,0,0,0,0,18,-1095,44166356,-34,91,-91436648
19:58:28.624,0,0.0,0,0,0,0,0,2,89,44166352,-20,231,-91436648
19:58:28.629,0,0.0,0,0,0,0,0,8,-1758,44166340,-33,276,-91436648
19:58:28.634,0,0.0,0,0,0,0,0,7,-1060,44166344,31,-1581,-91436656
19:58:28.640,0,0.0,0,0,0,0,0,-14,-1251,44166344,-5,-412,-91436648
19:58:28.645,0,0.0,0,0,0,0,0,-94,2064,44166364,-12,163,-91436648
19:58:28.650,0,0.0,0,0,0,0,0,101,-528,44166352,13,-472,-91436648
19:58:28.655,0,0.0,0,0,0,0,0,-22,-503,44166352,-11,-35,-91436648
19:58:28.660,0,0.0,0,0,0,0,0,-26,-377,44166352,-2,-448,-91436648
19:58:28.665,0,0.0,0,0,0,0,0,30,1,44166352,11,797,-91436648
19:58:28.670,0,0.0,0,0,0,0,0,7,-604,44166352,4,17,-91436648
19:58:28.675,0,0.0,0,0,0,0,0,-95,634,44166356,-21,-356,-91436648
19:58:28.680,0,0.0,0,0,0,0,0,20,1879,44166364,-4,92,-91436648
19:58:28.685,0,0.0,0,0,0,0,0,20,573,44166356,11,-551,-91436648
19:58:28.691,0,0.0,0,0,0,0,0,-33,1199,44166360,-13,838,-91436648
19:58:28.696,0,0.0,0,0,0,0,0,72,846,44166356,1,234,-91436648
19:58:28.701,0,0.0,0,0,0,0,0,19,-1169,44166344,15,68,-91436648
19:58:28.706,0,0.0,0,0,0,0,0,2,605,44166356,11,-521,-91436648
19:58:28.711,0,0.0,0,0,0,0,0,112,1428,44166360,12,160,-91436648
19:58:28.716,0,0.0,0,0,0,0,0,-79,60,44166352,3,32,-91436648
19:58:28.721,0,0.0,0,0,0,0,0,-3,722,44166356,0,251,-91436648
19:58:28.726,0,0.0,0,0,0,0,0,26,1326,44166360,-3,-534,-91436648
19:58:28.731,0,0.0,0,0,0,0,0,-31,950,44166356,2,212,-91436648
19:58:28.736,0,0.0,0,0,0,0,0,72,-1177,44166344,8,-348,-91436648
19:58:28.741,0,0.0,0,0,0,0,0,-90,692,44166356,-9,849,-91436648
19:58:28.746,0,0.0,0,0,0,0,0,20,-998,44166344,6,-500,-91436648
19:58:28.751,0,0.0,0,0,0,0,0,-15,1356,44166360,-18,-598,-91436648
19:58:28.756,0,0.0,0,0,0,0,0,-21,70,44166352,13,644,-91436648
19:58:28.761,0,0.0,0,0,0,0,0,-15,143,44166352,-34,824,-91436648
19:58:28.766,0,0.0,0,0,0,0,0,-43,1422,44166360,-6,55,-91436648
19:58:28.771,0,0.0,0,0,0,0,0,-9,-1145,44166344,5,43,-91436648
19:58:28.777,0,0.0,0,0,0,0,0,14,-270,44166352,2,82,-91436648
19:58:28.782,0,0.0,0,0,0,0,0,8,926,44166356,-2,658,-91436648
19:58:28.787,0,0.0,0,0,0,0,0,44,304,44166352,22,59,-91436648
19:58:28.792,0,0.0,0,0,0,0,0,-9,854,44166356,-16,-387,-91436648
19:58:28.797,0,0.0,0,0,0,0,0,7,177,44166352,7,-43,-91436648
19:58:28.802,0,0.0,0,0,0,0,0,-3,726,44166356,-7,-397,-91436648
19:58:28.807,0,0.0,0,0,0,0,0,8,-572,44166352,-18,-357,-91436648
19:58:28.812,0,0.0,0,0,0,0,0,-8,-1297,44166344,-3,96,-91436648
19:58:28.817,0,0.0,0,0,0,0,0,-32,675,44166356,11,78,-91436648
19:58:28.822,0,0.0,0,0,0,0,0,-72,-1751,44166340,8,127,-91436648
19:58:28.827,0,0.0,0,0,0,0,0,26,1392,44166360,7,122,-91436648
19:58:28.832,0,0.0,0,0,0,0,0,-9,726,44166356,-5,-481,-91436648
19:58:28.837,0,0.0,0,0,0,0,0,-20,246,44166352,2,-530,-91436648
19:58:28.842,0,0.0,0,0,0,0,0,-3,-1846,44166340,-16,156,-91436648
19:58:28.847,0,0.0,0,0,0,0,0,48,628,44166356,-38,-594,-91436648
19:58:28.852,0,0.0,0,0,0,0,0,-3,-1779,44166340,-2,-565,-91436648
19:58:28.858,0,0.0,0,0,0,0,0,-26,814,44166356,3,-999,-91436648
19:58:28.863,0,0.0,0,0,0,0,0,-9,-478,44166352,29,194,-91436648
19:58:28.868,0,0.0,0,0,0,0,0,-9,196,44166352,12,1947,-91436632
19:58:28.873,0,0.0,0,0,0,0,0,-55,-1048,44166344,2,-406,-91436648
19:58:28.878,0,0.0,0,0,0,0,0,-3,140,44166352,2,239,-91436648
19:58:28.883,0,0.0,0,0,0,0,0,-3,48,44166352,-20,-425,-91436648
19:58:28.888,0,0.0,0,0,0,0,0,2,729,44166356,-9,1323,-91436632
19:58:28.893,0,0.0,0,0,0,0,0,-27,195,44166352,-26,43,-91436648
19:58:28.898,0,0.0,0,0,0,0,0,37,-412,44166352,8,38,-91436648
19:58:28.903,0,0.0,0,0,0,0,0,1,229,44166352,-8,-346,-91436648
19:58:28.909,0,0.0,0,0,0,0,0,-9,48,44166352,0,2150,-91436632
19:58:28.914,0,0.0,0,0,0,0,0,-26,-1071,44166344,-8,124,-91436648
19:58:28.919,0,0.0,0,0,0,0,0,-55,201,44166352,19,1334,-91436632
19:58:28.924,0,0.0,0,0,0,0,0,25,-1724,44166340,0,-508,-91436648
19:58:28.929,0,0.0,0,0,0,0,0,84,646,44166356,0,95,-91436648
19:58:28.934,0,0.0,0,0,0,0,0,-20,1224,44166360,-6,878,-91436648
19:58:28.939,0,0.0,0,0,0,0,0,2,712,44166356,-15,254,-91436648
19:58:28.944,0,0.0,0,0,0,0,0,42,-1014,44166344,0,111,-91436648
19:58:28.949,0,0.0,0,0,0,0,0,43,755,44166356,-8,-516,-91436648
19:58:28.954,0,0.0,0,0,0,0,0,26,727,44166356,-19,184,-91436648
19:58:28.959,0,0.0,0,0,0,0,0,85,1033,44166356,13,-1072,-91436648
19:58:28.964,0,0.0,0,0,0,0,0,-8,276,44166352,-7,157,-91436648
19:58:28.969,0,0.0,0,0,0,0,0,-72,10,44166352,16,-476,-91436648
19:58:28.974,0,0.0,0,0,0,0,0,-50,-1157,44166344,-3,235,-91436648
19:58:28.979,0,0.0,0,0,0,0,0,72,773,44166356,-1,-558,-91436648
19:58:28.984,0,0.0,0,0,0,0,0,48,14,44166352,11,219,-91436648
19:58:28.990,0,0.0,0,0,0,0,0,-3,-519,44166352,23,-421,-91436648
19:58:28.995,0,0.0,0,0,0,0,0,-8,1268,44166360,16,36,-91436648
19:58:29.000,0,0.0,0,0,0,0,0,14,-1198,44166344,-11,46,-91436648
19:58:29.005,0,0.0,0,0,0,0,0,-2,1841,44166364,-4,1314,-91436632
19:58:29.010,0,0.0,0,0,0,0,0,19,531,44166356,-2,199,-91436648
19:58:29.015,0,0.0,0,0,0,0,0,-14,1882,44166364,-1,232,-91436648
19:58:29.020,0,0.0,0,0,0,0,0,2,-1673,44166340,28,-628,-91436648
19:58:29.025,0,0.0,0,0,0,0,0,-33,881,44166356,11,266,-91436648
19:58:29.030,0,0.0,0,0,0,0,0,-15,184,44166352,-3,-334,-91436648
19:58:29.035,0,0.0,0,0,0,0,0,120,-522,44166352,2,310,-91436648
19:58:29.040,0,0.0,0,0,0,0,0,14,27,44166352,7,835,-91436648
19:58:29.045,0,0.0,0,0,0,0,0,-8,-517,44166352,-7,208,-91436648
19:58:29.050,0,0.0,0,0,0,0,0,31,-518,44166352,0,-551,-91436648
19:58:29.055,0,0.0,0,0,0,0,0,-33,741,44166356,22,83,-91436648
19:58:29.060,0,0.0,0,0,0,0,0,-21,-1121,44166344,2,325,-91436648
19:58:29.066,0,0.0,0,0,0,0,0,14,265,44166352,25,-328,-91436648
19:58:29.071,0,0.0,0,0,0,0,0,52,2614,44166372,11,-526,-91436648
19:58:29.076,0,0.0,0,0,0,0,0,-3,39,44166352,5,848,-91436648
19:58:29.081,0,0.0,0,0,0,0,0,-15,-1683,44166340,-9,196,-91436648
19:58:29.086,0,0.0,0,0,0,0,0,2,-3086,44166336,-10,214,-91436648
19:58:29.092,0,0.0,0,0,0,0,0,8,1913,44166364,-14,-546,-91436648
19:58:29.097,0,0.0,0,0,0,0,0,8,1230,44166360,14,94,-91436648
19:58:29.097,0,0.0,0,0,0,0,0,25,-1192,44166344,13,65,-91436648
19:58:29.102,0,0.0,0,0,0,0,0,14,123,44166352,14,17,-91436648
19:58:29.107,0,0.0,0,0,0,0,0,-14,846,44166356,-9,728,-91436648
19:58:29.112,0,0.0,0,0,0,0,0,54,255,44166352,-1,216,-91436648
19:58:29.117,0,0.0,0,0,0,0,0,-113,-408,44166352,5,-527,-91436648
19:58:29.122,0,0.0,0,0,0,0,0,8,664,44166356,-7,-542,-91436648
19:58:29.127,0,0.0,0,0,0,0,0,19,181,44166352,4,-394,-91436648
19:58:29.132,0,0.0,0,0,0,0,0,2,869,44166356,31,-357,-91436648
19:58:29.137,0,0.0,0,0,0,0,0,-4,318,44166352,-10,-393,-91436648
19:58:29.142,0,0.0,0,0,0,0,0,37,-309,44166352,-17,-598,-91436648
19:58:29.148,0,0.0,0,0,0,0,0,-138,-1129,44166344,3,698,-91436648
19:58:29.153,0,0.0,0,0,0,0,0,43,274,44166352,9,151,-91436648
19:58:29.158,0,0.0,0,0,0,0,0,130,3178,44166372,-1,-341,-91436648
19:58:29.163,0,0.0,0,0,0,0,0,-3,663,44166356,-11,-250,-91436648
19:58:29.168,0,0.0,0,0,0,0,0,20,915,44166356,2,248,-91436648
19:58:29.173,0,0.0,0,0,0,0,0,2,-932,44166344,5,-564,-91436648
19:58:29.178,0,0.0,0,0,0,0,0,19,-1736,44166340,-20,86,-91436648
19:58:29.183,0,0.0,0,0,0,0,0,-14,-505,44166352,-9,853,-91436648
19:58:29.188,0,0.0,0,0,0,0,0,54,906,44166356,15,184,-91436648
19:58:29.193,0,0.0,0,0,0,0,0,26,811,44166356,11,73,-91436648
19:58:29.198,0,0.0,0,0,0,0,0,-8,-567,44166352,4,140,-91436648
19:58:29.203,0,0.0,0,0,0,0,0,31,-1203,44166344,-11,-407,-91436648
19:58:29.208,0,0.0,0,0,0,0,0,8,933,44166352,0,-518,-91436648
19:58:29.213,0,0.0,0,0,0,0,0,-20,-493,44166352,6,748,-91436648
19:58:29.218,0,0.0,0,0,0,0,0,2,198,44166352,-18,120,-91436648
19:58:29.223,0,0.0,0,0,0,0,0,2,295,44166352,-16,-381,-91436648
19:58:29.228,0,0.0,0,0,0,0,0,-21,825,44166356,-15,101,-91436648
19:58:29.233,0,0.0,0,0,0,0,0,14,922,44166356,6,255,-91436648
19:58:29.238,0,0.0,0,0,0,0,0,-49,764,44166356,19,704,-91436648
19:58:29.244,0,0.0,0,0,0,0,0,2,811,44166356,16,-342,-91436648
19:58:29.249,0,0.0,0,0,0,0,0,-27,-421,44166352,0,223,-91436648
19:58:29.254,0,0.0,0,0,0,0,0,-72,713,44166356,9,664,-91436648
19:58:29.259,0,0.0,0,0,0,0,0,-8,-1654,44166340,10,154,-91436648
19:58:29.264,0,0.0,0,0,0,0,0,-61,235,44166352,-9,649,-91436648
19:58:29.269,0,0.0,0,0,0,0,0,-9,630,44166356,-9,780,-91436648
19:58:29.274,0,0.0,0,0,0,0,0,20,-555,44166352,25,131,-91436648
19:58:29.279,0,0.0,0,0,0,0,0,8,139,44166352,-36,-11,-91436648
19:58:29.284,0,0.0,0,0,0,0,0,43,757,44166356,-9,13,-91436648
19:58:29.289,0,0.0,0,0,0,0,0,31,-1019,44166344,-3,57,-91436648
19:58:29.294,0,0.0,0,0,0,0,0,-14,-546,44166352,4,-540,-91436648
19:58:29.299,0,0.0,0,0,0,0,0,-9,1265,44166360,-4,209,-91436648
19:58:29.304,0,0.0,0,0,0,0,0,8,735,44166356,-11,263,-91436648
19:58:29.309,0,0.0,0,0,0,0,0,-37,-1118,44166344,-33,0,-91436648
19:58:29.314,0,0.0,0,0,0,0,0,-49,-989,44166344,-4,-423,-91436648
19:58:29.319,0,0.0,0,0,0,0,0,84,-512,44166352,14,-419,-91436648
19:58:29.324,0,0.0,0,0,0,0,0,26,-360,44166352,14,87,-91436648
19:58:29.329,0,0.0,0,0,0,0,0,103,194,44166352,-9,1510,-91436632
19:58:29.334,0,0.0,0,0,0,0,0,-38,639,44166356,-3,43,-91436648
19:58:29.340,0,0.0,0,0,0,0,0,36,849,44166356,-2,91,-91436648
19:58:29.345,0,0.0,0,0,0,0,0,2,-1088,44166344,-6,-1070,-91436648
19:58:29.350,0,0.0,0,0,0,0,0,-15,-556,44166352,-6,24,-91436648
19:58:29.355,0,0.0,0,0,0,0,0,1,123,44166352,-8,-415,-91436648
19:58:29.360,0,0.0,0,0,0,0,0,-203,680,44166356,5,-315,-91436648
19:58:29.365,0,0.0,0,0,0,0,0,1,816,44166356,22,-532,-91436648
19:58:29.370,0,0.0,0,0,0,0,0,-3,1399,44166360,10,191,-91436648
19:58:29.375,0,0.0,0,0,0,0,0,7,-1728,44166340,21,-580,-91436648
19:58:29.380,0,0.0,0,0,0,0,0,7,361,44166352,11,-659,-91436648
19:58:29.385,0,0.0,0,0,0,0,0,81,-478,44166352,-24,-2,-91436648
19:58:29.391,0,0.0,0,0,0,0,0,14,723,44166356,2,634,-91436648
19:58:29.396,0,0.0,0,0,0,0,0,2,-325,44166352,8,122,-91436648
19:58:29.401,0,0.0,0,0,0,0,0,14,335,44166352,-17,-498,-91436648
19:58:29.406,0,0.0,0,0,0,0,0,13,-1252,44166344,2,140,-91436648
19:58:29.411,0,0.0,0,0,0,0,0,8,38,44166352,-30,185,-91436648
19:58:29.416,0,0.0,0,0,0,0,0,-14,-638,44166352,19,175,-91436648
19:58:29.421,0,0.0,0,0,0,0,0,-32,-1052,44166344,2,95,-91436648
19:58:29.426,0,0.0,0,0,0,0,0,13,-321,44166352,-18,67,-91436648
19:58:29.431,0,0.0,0,0,0,0,0,25,243,44166352,-5,107,-91436648
19:58:29.436,0,0.0,0,0,0,0,0,2,-1063,44166344,-12,-449,-91436648
19:58:29.442,0,0.0,0,0,0,0,0,-3,-416,44166352,-5,215,-91436648
19:58:29.447,0,0.0,0,0,0,0,0,-61,1031,44166356,-2,1923,-91436632
19:58:29.452,0,0.0,0,0,0,0,0,14,807,44166356,-9,90,-91436648
19:58:29.457,0,0.0,0,0,0,0,0,-56,1069,44166356,-7,661,-91436648
19:58:29.462,0,0.0,0,0,0,0,0,-2,375,44166352,34,-655,-91436648
19:58:29.467,0,0.0,0,0,0,0,0,-54,281,44166352,-10,4,-91436648
19:58:29.472,0,0.0,0,0,0,0,0,-31,1349,44166360,-6,147,-91436648
19:58:29.477,0,0.0,0,0,0,0,0,48,-440,44166352,-21,43,-91436648
19:58:29.482,0,0.0,0,0,0,0,0,95,782,44166356,5,-6,-91436648
19:58:29.487,0,0.0,0,0,0,0,0,31,850,44166356,-5,-501,-91436648
19:58:29.492,0,0.0,0,0,0,0,0,-3,-964,44166344,8,83,-91436648
19:58:29.497,0,0.0,0,0,0,0,0,-8,865,44166356,-12,-538,-91436648
19:58:29.502,0,0.0,0,0,0,0,0,8,879,44166356,-15,88,-91436648
19:58:29.507,0,0.0,0,0,0,0,0,31,-1470,44166340,-12,264,-91436648
19:58:29.512,0,0.0,0,0,0,0,0,8,2013,44166364,15,86,-91436648
19:58:29.517,0,0.0,0,0,0,0,0,-9,701,44166356,0,220,-91436648
19:58:29.522,0,0.0,0,0,0,0,0,2,54,44166352,-28,262,-91436648
19:58:29.527,0,0.0,0,0,0,0,0,20,-3,44166352,-15,274,-91436648
19:58:29.532,0,0.0,0,0,0,0,0,19,202,44166352,2,-557,-91436648
19:58:29.538,0,0.0,0,0,0,0,0,-44,689,44166356,33,-13,-91436648
19:58:29.543,0,0.0,0,0,0,0,0,-3,732,44166356,2,-37,-91436648
19:58:29.548,0,0.0,0,0,0,0,0,-32,604,44166356,10,1456,-91436632
19:58:29.553,0,0.0,0,0,0,0,0,-38,-327,44166352,-30,40,-91436648
19:58:29.558,0,0.0,0,0,0,0,0,-9,378,44166352,-10,23,-91436648
19:58:29.563,0,0.0,0,0,0,0,0,49,-423,44166352,0,205,-91436648
19:58:29.568,0,0.0,0,0,0,0,0,2,-1681,44166340,-3,758,-91436648
19:58:29.573,0,0.0,0,0,0,0,0,-15,887,44166356,15,235,-91436648
19:58:29.578,0,0.0,0,0,0,0,0,-9,-1733,44166340,-22,102,-91436648
19:58:29.583,0,0.0,0,0,0,0,0,66,-994,44166344,24,-420,-91436648
19:58:29.588,0,0.0,0,0,0,0,0,37,-456,44166352,-10,41,-91436648
19:58:29.593,0,0.0,0,0,0,0,0,8,-1618,44166340,-1,82,-91436648
19:58:29.598,0,0.0,0,0,0,0,0,20,237,44166352,10,2000,-91436632
19:58:29.603,0,0.0,0,0,0,0,0,136,162,44166352,23,-373,-91436648
19:58:29.608,0,0.0,0,0,0,0,0,26,-1184,44166344,7,-440,-91436648
19:58:29.613,0,0.0,0,0,0,0,0,-3,-419,44166352,2,38,-91436648
19:58:29.618,0,0.0,0,0,0,0,0,-9,-1661,44166340,-3,-606,-91436648
19:58:29.623,0,0.0,0,0,0,0,0,-73,-831,44166344,13,-1719,-91436656
19:58:29.628,0,0.0,0,0,0,0,0,153,830,44166356,-17,-462,-91436648
19:58:29.634,0,0.0,0,0,0,0,0,-125,346,44166352,13,179,-91436648
19:58:29.639,0,0.0,0,0,0,0,0,-15,-932,44166344,-7,60,-91436648
19:58:29.644,0,0.0,0,0,0,0,0,49,687,44166356,7,47,-91436648
19:58:29.649,0,0.0,0,0,0,0,0,-56,-1011,44166344,-24,-574,-91436648
19:58:29.654,0,0.0,0,0,0,0,0,19,-960,44166344,34,38,-91436648
19:58:29.659,0,0.0,0,0,0,0,0,26,-1074,44166344,-16,-564,-91436648
19:58:29.664,0,0.0,0,0,0,0,0,8,320,44166352,-18,236,-91436648
19:58:29.669,0,0.0,0,0,0,0,0,-14,284,44166352,0,76,-91436648
19:58:29.674,0,0.0,0,0,0,0,0,-55,-1036,44166344,30,149,-91436648
19:58:29.679,0,0.0,0,0,0,0,0,-26,746,44166356,10,-591,-91436648
19:58:29.684,0,0.0,0,0,0,0,0,-26,234,44166352,26,46,-91436648
19:58:29.689,0,0.0,0,0,0,0,0,-3,-1563,44166340,-11,1932,-91436632
19:58:29.694,0,0.0,0,0,0,0,0,-3,-328,44166352,-3,-429,-91436648
19:58:29.699,0,0.0,0,0,0,0,0,31,-1569,44166340,7,36,-91436648
19:58:29.704,0,0.0,0,0,0,0,0,-9,-368,44166352,-9,233,-91436648
19:58:29.709,0,0.0,0,0,0,0,0,-20,293,44166352,13,226,-91436648
19:58:29.714,0,0.0,0,0,0,0,0,2,-262,44166352,23,-441,-91436648
19:58:29.719,0,0.0,0,0,0,0,0,8,-1704,44166340,7,642,-91436648
19:58:29.724,0,0.0,0,0,0,0,0,-20,-1096,44166344,-12,166,-91436648
19:58:29.730,0,0.0,0,0,0,0,0,51,2738,44166372,-16,-418,-91436648
19:58:29.735,0,0.0,0,0,0,0,0,8,-1650,44166340,23,122,-91436648
19:58:29.740,0,0.0,0,0,0,0,0,48,-390,44166352,12,-524,-91436648
19:58:29.745,0,0.0,0,0,0,0,0,2,947,44166356,-8,-544,-91436648
19:58:29.750,0,0.0,0,0,0,0,0,17,868,44166356,2,43,-91436648
19:58:29.755,0,0.0,0,0,0,0,0,-113,-1113,44166344,-6,-593,-91436648
19:58:29.760,0,0.0,0,0,0,0,0,37,-429,44166352,-3,161,-91436648
19:58:29.765,0,0.0,0,0,0,0,0,2,-401,44166352,-3,-562,-91436648
19:58:29.770,0,0.0,0,0,0,0,0,2,886,44166356,-14,301,-91436648
19:58:29.775,0,0.0,0,0,0,0,0,25,-320,44166352,-12,256,-91436648
19:58:29.780,0,0.0,0,0,0,0,0,-14,2237,44166364,-14,70,-91436648
19:58:29.785,0,0.0,0,0,0,0,0,-20,1998,44166364,-11,215,-91436648
19:58:29.790,0,0.0,0,0,0,0,0,-2,685,44166356,-59,263,-91436648
19:58:29.795,0,0.0,0,0,0,0,0,25,-987,44166344,-26,10,-91436648
19:58:29.800,0,0.0,0,0,0,0,0,-26,-408,44166352,16,89,-91436648
19:58:29.805,0,0.0,0,0,0,0,0,61,-2402,44166352,-6,-532,-91436648
19:58:29.810,0,0.0,0,0,0,0,0,-27,56,44166352,6,1998,-91436632
19:58:29.815,0,0.0,0,0,0,0,0,-20,-1571,44166340,8,139,-91436648
19:58:29.820,0,0.0,0,0,0,0,0,48,829,44166356,-3,223,-91436648
19:58:29.826,0,0.0,0,0,0,0,0,83,-323,44166352,7,-396,-91436648
19:58:29.831,0,0.0,0,0,0,0,0,-14,93,44166352,16,-494,-91436648
19:58:29.836,0,0.0,0,0,0,0,0,8,-1686,44166340,1,-414,-91436648
19:58:29.841,0,0.0,0,0,0,0,0,-15,1311,44166360,5,-373,-91436648
19:58:29.846,0,0.0,0,0,0,0,0,-26,1385,44166360,5,-634,-91436648
19:58:29.851,0,0.0,0,0,0,0,0,31,-1101,44166344,6,-388,-91436648
19:58:29.856,0,0.0,0,0,0,0,0,14,-506,44166352,-17,101,-91436648
19:58:29.861,0,0.0,0,0,0,0,0,-70,779,44166356,-4,847,-91436648
19:58:29.866,0,0.0,0,0,0,0,0,25,239,44166352,-8,846,-91436648
19:58:29.871,0,0.0,0,0,0,0,0,-3,155,44166352,5,696,-91436648
19:58:29.876,0,0.0,0,0,0,0,0,-61,-1692,44166340,19,734,-91436648
19:58:29.881,0,0.0,0,0,0,0,0,119,653,44166356,-1,687,-91436648
19:58:29.886,0,0.0,0,0,0,0,0,80,-406,44166352,10,-18,-91436648
19:58:29.891,0,0.0,0,0,0,0,0,-14,238,44166352,-16,125,-91436648
19:58:29.896,0,0.0,0,0,0,0,0,-84,-1500,44166340,23,-622,-91436648
19:58:29.902,0,0.0,0,0,0,0,0,77,313,44166352,4,-560,-91436648
19:58:29.907,0,0.0,0,0,0,0,0,14,-1020,44166344,-8,-387,-91436648
19:58:29.912,0,0.0,0,0,0,0,0,43,268,44166352,-2,-411,-91436648
19:58:29.917,0,0.0,0,0,0,0,0,7,-1564,44166340,0,654,-91436648
19:58:29.922,0,0.0,0,0,0,0,0,-26,955,44166356,-29,-594,-91436648
19:58:29.927,0,0.0,0,0,0,0,0,14,-1140,44166344,-25,148,-91436648
19:58:29.932,0,0.0,0,0,0,0,0,8,311,44166352,13,141,-91436648
19:58:29.937,0,0.0,0,0,0,0,0,-14,2612,44166372,2,-611,-91436648
19:58:29.942,0,0.0,0,0,0,0,0,-3,-1608,44166340,5,-389,-91436648
19:58:29.947,0,0.0,0,0,0,0,0,2,-1650,44166340,11,-420,-91436648
19:58:29.952,0,0.0,0,0,0,0,0,74,711,44166356,-21,-477,-91436648
19:58:29.957,0,0.0,0,0,0,0,0,8,318,44166352,-9,-345,-91436648
19:58:29.962,0,0.0,0,0,0,0,0,-3,-993,44166344,-15,-369,-91436648
19:58:29.967,0,0.0,0,0,0,0,0,48,-484,44166352,10,-351,-91436648
19:58:29.972,0,0.0,0,0,0,0,0,43,-1027,44166344,-23,-587,-91436648
19:58:29.977,0,0.0,0,0,0,0,0,-26,1397,44166360,6,49,-91436648
19:58:29.982,0,0.0,0,0,0,0,0,-15,-1260,44166344,-23,242,-91436648
19:58:29.987,0,0.0,0,0,0,0,0,-38,746,44166356,-15,234,-91436648
19:58:29.992,0,0.0,0,0,0,0,0,1,745,44166356,32,274,-91436648
19:58:29.998,0,0.0,0,0,0,0,0,13,-494,44166352,16,206,-91436648
19:58:30.003,0,0.0,0,0,0,0,0,-3,806,44166356,2,207,-91436648
19:58:30.008,0,0.0,0,0,0,0,0,-14,-1627,44166340,20,-521,-91436648
19:58:30.013,0,0.0,0,0,0,0,0,-44,-1177,44166344,6,-345,-91436648
19:58:30.018,0,0.0,0,0,0,0,0,31,782,44166356,0,-1645,-91436656
19:58:30.023,0,0.0,0,0,0,0,0,19,307,44166352,-24,603,-91436648
19:58:30.028,0,0.0,0,0,0,0,0,2,994,44166356,8,784,-91436648
19:58:30.033,0,0.0,0,0,0,0,0,18,946,44166356,-6,591,-91436648
19:58:30.038,0,0.0,0,0,0,0,0,8,-1531,44166340,-5,-699,-91436648
19:58:30.043,0,0.0,0,0,0,0,0,19,221,44166352,8,154,-91436648
19:58:30.048,0,0.0,0,0,0,0,0,-4,-1136,44166344,-6,158,-91436648
19:58:30.053,0,0.0,0,0,0,0,0,3,682,44166356,23,177,-91436648
19:58:30.058,0,0.0,0,0,0,0,0,19,726,44166356,-15,-478,-91436648
19:58:30.063,0,0.0,0,0,0,0,0,25,-589,44166352,-20,1954,-91436632
19:58:30.068,0,0.0,0,0,0,0,0,-9,748,44166356,-2,-365,-91436648
19:58:30.073,0,0.0,0,0,0,0,0,36,-903,44166344,-13,737,-91436648
19:58:30.078,0,0.0,0,0,0,0,0,19,864,44166356,18,-587,-91436648
19:58:30.084,0,0.0,0,0,0,0,0,-2,161,44166352,-8,156,-91436648
19:58:30.089,0,0.0,0,0,0,0,0,8,-455,44166352,11,-446,-91436648
19:58:30.094,0,0.0,0,0,0,0,0,-9,-530,44166352,14,-534,-91436648
19:58:30.099,0,0.0,0,0,0,0,0,-3,-334,44166352,-1,215,-91436648
19:58:30.104,0,0.0,0,0,0,0,0,101,1343,44166360,42,-511,-91436648
19:58:30.109,0,0.0,0,0,0,0,0,9,-1004,44166344,20,175,-91436648
19:58:30.114,0,0.0,0,0,0,0,0,-78,-1074,44166344,17,59,-91436648
19:58:30.119,0,0.0,0,0,0,0,0,14,-1748,44166340,-3,207,-91436648
19:58:30.124,0,0.0,0,0,0,0,0,13,430,44166352,1,-370,-91436648
19:58:30.129,0,0.0,0,0,0,0,0,-3,-996,44166344,-6,-538,-91436648
19:58:30.134,0,0.0,0,0,0,0,0,-27,-451,44166352,-12,85,-91436648
19:58:30.139,0,0.0,0,0,0,0,0,142,307,44166352,7,-437,-91436648
19:58:30.144,0,0.0,0,0,0,0,0,-37,784,44166356,4,205,-91436648
19:58:30.150,0,0.0,0,0,0,0,0,-3,-456,44166352,-4,693,-91436648
19:58:30.155,0,0.0,0,0,0,0,0,155,1326,44166360,12,-382,-91436648
19:58:30.160,0,0.0,0,0,0,0,0,-3,196,44166352,5,752,-91436648
19:58:30.165,0,0.0,0,0,0,0,0,2,701,44166356,26,-401,-91436648
19:58:30.170,0,0.0,0,0,0,0,0,25,306,44166352,25,264,-91436648
19:58:30.175,0,0.0,0,0,0,0,0,-79,887,44166356,-3,-420,-91436648
19:58:30.180,0,0.0,0,0,0,0,0,-14,213,44166352,10,7,-91436648
19:58:30.185,0,0.0,0,0,0,0,0,-67,129,44166352,-14,-402,-91436648
19:58:30.191,0,0.0,0,0,0,0,0,112,675,44166356,17,-398,-91436648
19:58:30.196,0,0.0,0,0,0,0,0,95,898,44166356,-11,205,-91436648
19:58:30.201,0,0.0,0,0,0,0,0,36,755,44166356,38,-408,-91436648
19:58:30.206,0,0.0,0,0,0,0,0,26,815,44166356,-5,-1025,-91436648
19:58:30.211,0,0.0,0,0,0,0,0,-9,-1550,44166340,12,219,-91436648
19:58:30.216,0,0.0,0,0,0,0,0,8,-1179,44166344,1,86,-91436648
19:58:30.221,0,0.0,0,0,0,0,0,-9,793,44166356,-10,-419,-91436648
19:58:30.226,0,0.0,0,0,0,0,0,2,-1727,44166340,-1,165,-91436648
19:58:30.231,0,0.0,0,0,0,0,0,2,-344,44166352,4,193,-91436648
19:58:30.236,0,0.0,0,0,0,0,0,13,-298,44166352,-3,-31,-91436648
19:58:30.241,0,0.0,0,0,0,0,0,-3,958,44166356,-5,244,-91436648
19:58:30.246,0,0.0,0,0,0,0,0,19,-798,44166344,13,-584,-91436648
19:58:30.251,0,0.0,0,0,0,0,0,-2,-1025,44166344,-16,-595,-91436648
19:58:30.256,0,0.0,0,0,0,0,0,19,890,44166356,0,-600,-91436648
19:58:30.261,0,0.0,0,0,0,0,0,20,960,44166356,-5,-551,-91436648
19:58:30.266,0,0.0,0,0,0,0,0,36,-947,44166344,-6,-473,-91436648
19:58:30.271,0,0.0,0,0,0,0,0,-2,1528,44166360,-8,-491,-91436648
19:58:30.277,0,0.0,0,0,0,0,0,-39,850,44166356,25,-654,-91436648
19:58:30.282,0,0.0,0,0,0,0,0,-21,346,44166352,13,1,-91436648
19:58:30.287,0,0.0,0,0,0,0,0,-15,-967,44166344,-15,4,-91436648
19:58:30.292,0,0.0,0,0,0,0,0,13,-1078,44166344,-5,-1701,-91436656
19:58:30.297,0,0.0,0,0,0,0,0,13,-1543,44166340,-23,-431,-91436648
19:58:30.302,0,0.0,0,0,0,0,0,83,2044,44166364,-6,66,-91436648
19:58:30.307,0,0.0,0,0,0,0,0,20,-585,44166352,-5,282,-91436648
19:58:30.312,0,0.0,0,0,0,0,0,31,982,44166356,18,32,-91436648
19:58:30.317,0,0.0,0,0,0,0,0,37,691,44166356,2,231,-91436648
19:58:30.322,0,0.0,0,0,0,0,0,8,2600,44166372,15,-437,-91436648
19:58:30.327,0,0.0,0,0,0,0,0,55,346,44166352,-16,704,-91436648
19:58:30.332,0,0.0,0,0,0,0,0,-3,726,44166356,-4,1260,-91436632
19:58:30.337,0,0.0,0,0,0,0,0,-8,225,44166352,-15,-20,-91436648
19:58:30.342,0,0.0,0,0,0,0,0,-96,696,44166356,-8,847,-91436648
19:58:30.347,0,0.0,0,0,0,0,0,19,-1130,44166344,13,56,-91436648
19:58:30.352,0,0.0,0,0,0,0,0,-9,-434,44166352,0,-1121,-91436648
19:58:30.357,0,0.0,0,0,0,0,0,2,-450,44166352,13,226,-91436648
19:58:30.363,0,0.0,0,0,0,0,0,37,998,44166356,7,80,-91436648
19:58:30.368,0,0.0,0,0,0,0,0,37,206,44166352,18,2079,-91436632
19:58:30.373,0,0.0,0,0,0,0,0,14,446,44166352,-24,-456,-91436648
19:58:30.378,0,0.0,0,0,0,0,0,-61,387,44166352,0,116,-91436648
19:58:30.383,0,0.0,0,0,0,0,0,14,850,44166356,12,73,-91436648
19:58:30.388,0,0.0,0,0,0,0,0,-20,205,44166352,0,-398,-91436648
19:58:30.393,0,0.0,0,0,0,0,0,-20,1024,44166356,0,-356,-91436648
19:58:30.398,0,0.0,0,0,0,0,0,13,151,44166352,-1,-345,-91436648
19:58:30.403,0,0.0,0,0,0,0,0,-32,153,44166352,7,1482,-91436632
19:58:30.408,0,0.0,0,0,0,0,0,-9,-1702,44166340,1,311,-91436648
19:58:30.413,0,0.0,0,0,0,0,0,-49,-1131,44166344,-3,-345,-91436648
19:58:30.418,0,0.0,0,0,0,0,0,-3,754,44166356,9,-491,-91436648
19:58:30.423,0,0.0,0,0,0,0,0,101,2137,44166364,-8,213,-91436648
19:58:30.428,0,0.0,0,0,0,0,0,36,-971,44166344,14,-565,-91436648
19:58:30.434,0,0.0,0,0,0,0,0,37,285,44166352,16,-463,-91436648
19:58:30.439,0,0.0,0,0,0,0,0,85,331,44166352,26,-1283,-91436648
19:58:30.444,0,0.0,0,0,0,0,0,-26,-1580,44166340,4,163,-91436648
19:58:30.449,0,0.0,0,0,0,0,0,2,905,44166356,16,66,-91436648
19:58:30.454,0,0.0,0,0,0,0,0,-3,-855,44166344,-17,-341,-91436648
19:58:30.459,0,0.0,0,0,0,0,0,-15,1008,44166356,-2,272,-91436648
19:58:30.464,0,0.0,0,0,0,0,0,-38,1008,44166356,2,51,-91436648
19:58:30.469,0,0.0,0,0,0,0,0,-2,969,44166356,6,1948,-91436632
19:58:30.474,0,0.0,0,0,0,0,0,-32,339,44166352,4,-414,-91436648
19:58:30.479,0,0.0,0,0,0,0,0,43,1426,44166360,16,-975,-91436648
19:58:30.484,0,0.0,0,0,0,0,0,19,928,44166356,-27,-349,-91436648
19:58:30.489,0,0.0,0,0,0,0,0,54,700,44166356,5,874,-91436648
19:58:30.494,0,0.0,0,0,0,0,0,2,333,44166352,-4,-340,-91436648
19:58:30.499,0,0.0,0,0,0,0,0,-26,-1616,44166340,-6,252,-91436648
19:58:30.504,0,0.0,0,0,0,0,0,-8,-1650,44166340,12,852,-91436648
19:58:30.509,0,0.0,0,0,0,0,0,-9,-1877,44166340,6,-427,-91436648
19:58:30.515,0,0.0,0,0,0,0,0,20,-1682,44166340,-5,1938,-91436632
19:58:30.520,0,0.0,0,0,0,0,0,37,6,44166352,6,166,-91436648
19:58:30.525,0,0.0,0,0,0,0,0,-37,-911,44166344,5,6,-91436648
19:58:30.530,0,0.0,0,0,0,0,0,2,-1526,44166340,9,-438,-91436648
19:58:30.535,0,0.0,0,0,0,0,0,20,-350,44166352,2,-629,-91436648
19:58:30.540,0,0.0,0,0,0,0,0,-15,-1011,44166344,-6,245,-91436648
19:58:30.545,0,0.0,0,0,0,0,0,-38,968,44166356,-11,254,-91436648
19:58:30.550,0,0.0,0,0,0,0,0,-96,911,44166356,40,1355,-91436632
19:58:30.555,0,0.0,0,0,0,0,0,-9,228,44166352,-11,93,-91436648
19:58:30.560,0,0.0,0,0,0,0,0,-44,173,44166352,9,668,-91436648
19:58:30.565,0,0.0,0,0,0,0,0,25,-352,44166352,-3,222,-91436648
19:58:30.570,0,0.0,0,0,0,0,0,-61,885,44166356,11,170,-91436648
19:58:30.575,0,0.0,0,0,0,0,0,20,336,44166352,25,112,-91436648
19:58:30.580,0,0.0,0,0,0,0,0,2,2702,44166372,-19,250,-91436648
19:58:30.585,0,0.0,0,0,0,0,0,-26,-1494,44166340,-2,65,-91436648
19:58:30.591,0,0.0,0,0,0,0,0,58,-199,44166352,-1,-394,-91436648
19:58:30.596,0,0.0,0,0,0,0,0,-15,422,44166352,13,75,-91436648
19:58:30.601,0,0.0,0,0,0,0,0,-43,2076,44166364,-3,52,-91436648
19:58:30.606,0,0.0,0,0,0,0,0,-39,2165,44166364,0,273,-91436648
19:58:30.611,0,0.0,0,0,0,0,0,13,-778,44166344,-6,-378,-91436648
19:58:30.616,0,0.0,0,0,0,0,0,13,1009,44166356,12,217,-91436648
19:58:30.621,0,0.0,0,0,0,0,0,25,-814,44166344,-9,62,-91436648
19:58:30.626,0,0.0,0,0,0,0,0,-264,981,44166356,-28,-450,-91436648
19:58:30.631,0,0.0,0,0,0,0,0,-15,2903,44166372,-20,197,-91436648
19:58:30.636,0,0.0,0,0,0,0,0,2,1091,44166356,-1,29,-91436648
19:58:30.641,0,0.0,0,0,0,0,0,31,-311,44166352,-18,160,-91436648
19:58:30.646,0,0.0,0,0,0,0,0,-54,-1439,44166352,-1,-1096,-91436648
19:58:30.651,0,0.0,0,0,0,0,0,-26,294,44166352,7,52,-91436648
19:58:30.656,0,0.0,0,0,0,0,0,-8,-357,44166352,13,-995,-91436648
19:58:30.661,0,0.0,0,0,0,0,0,8,-953,44166344,-10,-1012,-91436648
19:58:30.666,0,0.0,0,0,0,0,0,8,350,44166352,4,269,-91436648
19:58:30.672,0,0.0,0,0,0,0,0,2,2673,44166372,-14,662,-91436648
19:58:30.677,0,0.0,0,0,0,0,0,-55,-832,44166344,19,146,-91436648
19:58:30.682,0,0.0,0,0,0,0,0,-162,395,44166352,-11,189,-91436648
19:58:30.687,0,0.0,0,0,0,0,0,49,-875,44166344,6,-382,-91436648
19:58:30.692,0,0.0,0,0,0,0,0,-25,423,44166352,-7,71,-91436648
19:58:30.697,0,0.0,0,0,0,0,0,14,-377,44166352,-10,177,-91436648
19:58:30.702,0,0.0,0,0,0,0,0,-131,866,44166364,-14,171,-91436648
19:58:30.707,0,0.0,0,0,0,0,0,-3,413,44166352,0,73,-91436648
19:58:30.712,0,0.0,0,0,0,0,0,31,-892,44166344,-22,212,-91436648
19:58:30.717,0,0.0,0,0,0,0,0,-20,-1024,44166344,1,227,-91436648
19:58:30.722,0,0.0,0,0,0,0,0,26,1003,44166356,22,70,-91436648
19:58:30.727,0,0.0,0,0,0,0,0,48,-919,44166344,-20,-1701,-91436656
19:58:30.732,0,0.0,0,0,0,0,0,31,-104,44166352,-9,-439,-91436648
19:58:30.737,0,0.0,0,0,0,0,0,66,292,44166352,-7,105,-91436648
19:58:30.742,0,0.0,0,0,0,0,0,14,-2187,44166336,-18,247,-91436648
19:58:30.747,0,0.0,0,0,0,0,0,-67,842,44166356,-28,182,-91436648
19:58:30.753,0,0.0,0,0,0,0,0,60,-1503,44166340,8,237,-91436648
19:58:30.758,0,0.0,0,0,0,0,0,8,-1397,44166340,2,176,-91436648
19:58:30.763,0,0.0,0,0,0,0,0,25,937,44166356,-14,-470,-91436648
19:58:30.768,0,0.0,0,0,0,0,0,37,515,44166352,13,-376,-91436648
19:58:30.773,0,0.0,0,0,0,0,0,-33,-1418,44166340,5,-551,-91436648
19:58:30.778,0,0.0,0,0,0,0,0,-9,409,44166352,-17,243,-91436648
19:58:30.783,0,0.0,0,0,0,0,0,14,920,44166356,-3,-504,-91436648
19:58:30.788,0,0.0,0,0,0,0,0,-44,398,44166352,2,-428,-91436648
19:58:30.793,0,0.0,0,0,0,0,0,-8,751,44166356,-2,108,-91436648
19:58:30.798,0,0.0,0,0,0,0,0,49,-2114,44166336,-3,214,-91436648
19:58:30.803,0,0.0,0,0,0,0,0,78,240,44166352,5,41,-91436648
19:58:30.808,0,0.0,0,0,0,0,0,126,2210,44166364,-16,-576,-91436648
19:58:30.813,0,0.0,0,0,0,0,0,37,-453,44166352,-8,-433,-91436648
19:58:30.819,0,0.0,0,0,0,0,0,54,160,44166352,0,199,-91436648
19:58:30.824,0,0.0,0,0,0,0,0,-3,144,44166352,-18,77,-91436648
19:58:30.829,0,0.0,0,0,0,0,0,32,154,44166356,1,-451,-91436648
19:58:30.834,0,0.0,0,0,0,0,0,19,282,44166352,10,-574,-91436648
19:58:30.839,0,0.0,0,0,0,0,0,92,991,44166356,-6,1892,-91436632
19:58:30.844,0,0.0,0,0,0,0,0,8,235,44166352,7,232,-91436648
19:58:30.849,0,0.0,0,0,0,0,0,2,433,44166352,6,258,-91436648
19:58:30.854,0,0.0,0,0,0,0,0,2,1435,44166360,-13,257,-91436648
19:58:30.859,0,0.0,0,0,0,0,0,101,823,44166364,22,17,-91436648
19:58:30.864,0,0.0,0,0,0,0,0,-13,1557,44166360,10,65,-91436648
19:58:30.870,0,0.0,0,0,0,0,0,-8,-368,44166352,1,-1766,-91436656
19:58:30.875,0,0.0,0,0,0,0,0,-61,-1404,44166340,-16,152,-91436648
19:58:30.880,0,0.0,0,0,0,0,0,-9,-1393,44166340,13,301,-91436648
19:58:30.885,0,0.0,0,0,0,0,0,-15,851,44166356,-21,264,-91436648
19:58:30.890,0,0.0,0,0,0,0,0,63,-1495,44166340,26,110,-91436648
19:58:30.895,0,0.0,0,0,0,0,0,-15,332,44166352,-2,193,-91436648
19:58:30.900,0,0.0,0,0,0,0,0,84,-282,44166352,-6,2020,-91436632
19:58:30.905,0,0.0,0,0,0,0,0,25,-726,44166344,-5,-548,-91436648
19:58:30.910,0,0.0,0,0,0,0,0,13,-1538,44166340,4,156,-91436648
19:58:30.915,0,0.0,0,0,0,0,0,77,-2805,44166352,0,14,-91436648
19:58:30.920,0,0.0,0,0,0,0,0,118,-803,44166344,17,-485,-91436648
19:58:30.925,0,0.0,0,0,0,0,0,-14,-1463,44166340,-7,184,-91436648
19:58:30.930,0,0.0,0,0,0,0,0,-50,-328,44166352,8,813,-91436648
19:58:30.935,0,0.0,0,0,0,0,0,2,934,44166356,-9,617,-91436648
19:58:30.940,0,0.0,0,0,0,0,0,-2,908,44166356,11,533,-91436648
19:58:30.945,0,0.0,0,0,0,0,0,-9,766,44166356,12,589,-91436648
19:58:30.950,0,0.0,0,0,0,0,0,97,1012,44166356,3,-376,-91436648
19:58:30.956,0,0.0,0,0,0,0,0,13,-835,44166344,15,-996,-91436648
19:58:30.961,0,0.0,0,0,0,0,0,43,-901,44166344,-9,125,-91436648
19:58:30.966,0,0.0,0,0,0,0,0,31,-795,44166344,-12,700,-91436648
19:58:30.971,0,0.0,0,0,0,0,0,-38,409,44166352,-3,1454,-91436632
19:58:30.976,0,0.0,0,0,0,0,0,-55,243,44166352,13,-441,-91436648
19:58:30.981,0,0.0,0,0,0,0,0,-8,273,44166352,-3,225,-91436648
19:58:30.986,0,0.0,0,0,0,0,0,-3,253,44166352,2,111,-91436648
19:58:30.991,0,0.0,0,0,0,0,0,-155,870,44166356,0,-615,-91436648
19:58:30.996,0,0.0,0,0,0,0,0,71,-409,44166352,-9,-1767,-91436656
19:58:31.001,0,0.0,0,0,0,0,0,25,-363,44166352,-14,-552,-91436648
19:58:31.006,0,0.0,0,0,0,0,0,19,-1426,44166340,-17,240,-91436648
19:58:31.011,0,0.0,0,0,0,0,0,31,-1556,44166340,-27,-607,-91436648
19:58:31.016,0,0.0,0,0,0,0,0,-19,977,44166356,-14,685,-91436648
19:58:31.021,0,0.0,0,0,0,0,0,76,-87,44166352,-6,213,-91436648
19:58:31.026,0,0.0,0,0,0,0,0,2,2211,44166364,9,16,-91436648
19:58:31.031,0,0.0,0,0,0,0,0,8,507,44166352,-2,-526,-91436648
19:58:31.037,0,0.0,0,0,0,0,0,-20,1454,44166360,6,36,-91436648
19:58:31.042,0,0.0,0,0,0,0,0,8,-252,44166352,-10,35,-91436648
19:58:31.047,0,0.0,0,0,0,0,0,-3,280,44166352,0,22,-91436648
19:58:31.052,0,0.0,0,0,0,0,0,37,-1532,44166340,5,-587,-91436648
19:58:31.057,0,0.0,0,0,0,0,0,2,525,44166352,0,92,-91436648
19:58:31.062,0,0.0,0,0,0,0,0,25,447,44166352,-1,221,-91436648
19:58:31.067,0,0.0,0,0,0,0,0,14,-232,44166352,11,245,-91436648
19:58:31.072,0,0.0,0,0,0,0,0,-108,-362,44166352,22,-394,-91436648
19:58:31.077,0,0.0,0,0,0,0,0,8,-1493,44166340,19,30,-91436648
19:58:31.082,0,0.0,0,0,0,0,0,51,2318,44166364,-8,687,-91436648
19:58:31.087,0,0.0,0,0,0,0,0,-3,1571,44166360,0,-363,-91436648
19:58:31.092,0,0.0,0,0,0,0,0,-4,-751,44166344,0,-407,-91436648
19:58:31.097,0,0.0,0,0,0,0,0,8,1141,44166356,-12,-458,-91436648
19:58:31.102,0,0.0,0,0,0,0,0,32,-870,44166344,-1,133,-91436648
19:58:31.108,0,0.0,0,0,0,0,0,-38,1573,44166360,7,-42,-91436648
19:58:31.113,0,0.0,0,0,0,0,0,-26,-1634,44166340,-15,-106,-91436648
19:58:31.113,0,0.0,0,0,0,0,0,-61,-362,44166352,-21,-80,-91436648
19:58:31.118,0,0.0,0,0,0,0,0,26,-386,44166352,-2,-51,-91436648
19:58:31.123,0,0.0,0,0,0,0,0,118,-1436,44166340,1,163,-91436648
19:58:31.128,0,0.0,0,0,0,0,0,43,-809,44166344,-4,595,-91436648
19:58:31.133,0,0.0,0,0,0,0,0,-4,879,44166356,-6,2,-91436648
19:58:31.138,0,0.0,0,0,0,0,0,-9,2354,44166364,-6,-549,-91436648
19:58:31.143,0,0.0,0,0,0,0,0,3,1089,44166356,5,-371,-91436648
19:58:31.148,0,0.0,0,0,0,0,0,88,-1300,44166340,2,47,-91436648
19:58:31.153,0,0.0,0,0,0,0,0,-33,485,44166352,-6,188,-91436648
19:58:31.158,0,0.0,0,0,0,0,0,25,1015,44166356,11,-46,-91436648
19:58:31.163,0,0.0,0,0,0,0,0,13,931,44166356,3,-409,-91436648
19:58:31.168,0,0.0,0,0,0,0,0,25,1086,44166356,2,168,-91436648
19:58:31.174,0,0.0,0,0,0,0,0,-21,897,44166356,6,-488,-91436648
19:58:31.179,0,0.0,0,0,0,0,0,42,903,44166356,2,55,-91436648
19:58:31.184,0,0.0,0,0,0,0,0,54,-789,44166344,4,-469,-91436648
19:58:31.189,0,0.0,0,0,0,0,0,-10,-99,44166352,17,1306,-91436632
19:58:31.194,0,0.0,0,0,0,0,0,-8,1499,44166360,-11,67,-91436648
19:58:31.199,0,0.0,0,0,0,0,0,-20,-288,44166352,0,39,-91436648
19:58:31.204,0,0.0,0,0,0,0,0,13,-1375,44166340,2,710,-91436648
19:58:31.209,0,0.0,0,0,0,0,0,19,1012,44166356,30,8,-91436648
19:58:31.214,0,0.0,0,0,0,0,0,-8,208,44166352,-11,69,-91436648
19:58:31.219,0,0.0,0,0,0,0,0,13,151,44166352,4,-307,-91436648
19:58:31.224,0,0.0,0,0,0,0,0,115,392,44166352,-24,1482,-91436632
19:58:31.229,0,0.0,0,0,0,0,0,2,218,44166352,23,135,-91436648
19:58:31.234,0,0.0,0,0,0,0,0,14,573,44166352,7,166,-91436648
19:58:31.239,0,0.0,0,0,0,0,0,-15,-725,44166344,-35,-369,-91436648
19:58:31.244,0,0.0,0,0,0,0,0,7,290,44166352,-50,-368,-91436648
19:58:31.249,0,0.0,0,0,0,0,0,-15,1477,44166360,-20,-322,-91436648
19:58:31.255,0,0.0,0,0,0,0,0,-8,-115,44166352,-8,-369,-91436648
19:58:31.260,0,0.0,0,0,0,0,0,2,-272,44166352,14,1466,-91436632
19:58:31.265,0,0.0,0,0,0,0,0,49,984,44166356,9,63,-91436648
19:58:31.270,0,0.0,0,0,0,0,0,20,-197,44166352,6,180,-91436648
19:58:31.275,0,0.0,0,0,0,0,0,-55,-335,44166352,14,-1011,-91436648
19:58:31.280,0,0.0,0,0,0,0,0,-14,522,44166352,-7,-584,-91436648
19:58:31.285,0,0.0,0,0,0,0,0,8,1689,44166360,1,-994,-91436648
19:58:31.290,0,0.0,0,0,0,0,0,-3,1077,44166356,-13,-367,-91436648
19:58:31.295,0,0.0,0,0,0,0,0,-9,-190,44166352,30,71,-91436648
19:58:31.300,0,0.0,0,0,0,0,0,-14,406,44166352,-7,654,-91436648
19:58:31.305,0,0.0,0,0,0,0,0,25,-129,44166352,-1,111,-91436648
19:58:31.310,0,0.0,0,0,0,0,0,37,-1530,44166340,-4,91,-91436648
19:58:31.315,0,0.0,0,0,0,0,0,-14,447,44166352,-14,677,-91436648
19:58:31.320,0,0.0,0,0,0,0,0,14,-791,44166344,-8,-16,-91436648
19:58:31.325,0,0.0,0,0,0,0,0,20,343,44166352,4,47,-91436648
19:58:31.331,0,0.0,0,0,0,0,0,-27,-1621,44166340,1,167,-91436648
19:58:31.336,0,0.0,0,0,0,0,0,-49,-825,44166344,6,-363,-91436648
19:58:31.341,0,0.0,0,0,0,0,0,2,-1450,44166340,0,300,-91436648
19:58:31.346,0,0.0,0,0,0,0,0,-3,243,44166352,-6,-521,-91436648
19:58:31.351,0,0.0,0,0,0,0,0,14,-1563,44166340,-7,830,-91436648
19:58:31.356,0,0.0,0,0,0,0,0,-14,380,44166352,15,787,-91436648
19:58:31.361,0,0.0,0,0,0,0,0,84,-1427,44166340,-22,1282,-91436632
19:58:31.366,0,0.0,0,0,0,0,0,-49,-769,44166344,-15,0,-91436648
19:58:31.371,0,0.0,0,0,0,0,0,-43,1205,44166356,-3,-458,-91436648
19:58:31.376,0,0.0,0,0,0,0,0,-136,1720,44166360,-49,662,-91436648
19:58:31.381,0,0.0,0,0,0,0,0,7,340,44166352,-5,800,-91436648
19:58:31.386,0,0.0,0,0,0,0,0,-20,415,44166352,-15,-1030,-91436648
19:58:31.391,0,0.0,0,0,0,0,0,-15,1071,44166356,10,2117,-91436632
19:58:31.396,0,0.0,0,0,0,0,0,8,1004,44166356,2,225,-91436648
19:58:31.401,0,0.0,0,0,0,0,0,-9,922,44166356,12,92,-91436648
19:58:31.406,0,0.0,0,0,0,0,0,-9,333,44166340,8,-346,-91436648
19:58:31.412,0,0.0,0,0,0,0,0,19,265,44166352,11,211,-91436648
19:58:31.417,0,0.0,0,0,0,0,0,31,-1009,44166344,36,231,-91436648
19:58:31.422,0,0.0,0,0,0,0,0,-42,675,44166356,-1,1268,-91436632
19:58:31.427,0,0.0,0,0,0,0,0,49,191,44166352,-18,219,-91436648
19:58:31.432,0,0.0,0,0,0,0,0,2,166,44166352,5,50,-91436648
19:58:31.437,0,0.0,0,0,0,0,0,-3,1421,44166344,-19,-389,-91436648
19:58:31.442,0,0.0,0,0,0,0,0,57,2787,44166372,6,-541,-91436648
19:58:31.447,0,0.0,0,0,0,0,0,8,1629,44166360,0,-478,-91436648
19:58:31.452,0,0.0,0,0,0,0,0,-44,-882,44166344,-26,-5,-91436648
19:58:31.457,0,0.0,0,0,0,0,0,-15,356,44166352,6,1242,-91436632
19:58:31.462,0,0.0,0,0,0,0,0,2,326,44166352,6,-28,-91436648
19:58:31.467,0,0.0,0,0,0,0,0,14,902,44166356,0,-2913,-91436664
19:58:31.472,0,0.0,0,0,0,0,0,-14,-986,44166344,-16,-396,-91436648
19:58:31.477,0,0.0,0,0,0,0,0,14,-878,44166344,14,264,-91436648
19:58:31.482,0,0.0,0,0,0,0,0,8,-648,44166344,2,-415,-91436648
19:58:31.487,0,0.0,0,0,0,0,0,-14,-1294,44166340,18,-419,-91436648
19:58:31.492,0,0.0,0,0,0,0,0,-37,1011,44166356,-22,50,-91436648
19:58:31.498,0,0.0,0,0,0,0,0,7,-1355,44166340,15,22,-91436632
19:58:31.503,0,0.0,0,0,0,0,0,2,331,44166352,19,10,-91436648
19:58:31.508,0,0.0,0,0,0,0,0,-3,-1462,44166340,16,134,-91436648
19:58:31.513,0,0.0,0,0,0,0,0,25,863,44166356,3,189,-91436648
19:58:31.518,0,0.0,0,0,0,0,0,-9,-1347,44166340,5,661,-91436648
19:58:31.523,0,0.0,0,0,0,0,0,148,1139,44166356,0,58,-91436648
19:58:31.528,0,0.0,0,0,0,0,0,14,988,44166356,40,-389,-91436648
19:58:31.533,0,0.0,0,0,0,0,0,25,-1486,44166340,0,-636,-91436648
19:58:31.538,0,0.0,0,0,0,0,0,-3,-1400,44166340,-10,-2275,-91436656
19:58:31.543,0,0.0,0,0,0,0,0,-3,-708,44166344,-5,243,-91436648
19:58:31.548,0,0.0,0,0,0,0,0,-67,-184,44166352,-18,-346,-91436648
19:58:31.553,0,0.0,0,0,0,0,0,-14,-275,44166352,-32,183,-91436648
19:58:31.558,0,0.0,0,0,0,0,0,-9,-114,44166352,-6,205,-91436648
19:58:31.563,0,0.0,0,0,0,0,0,-43,-739,44166344,19,-538,-91436648
19:58:31.568,0,0.0,0,0,0,0,0,25,2530,44166364,8,-389,-91436648
19:58:31.573,0,0.0,0,0,0,0,0,25,-785,44166344,-6,245,-91436648
19:58:31.579,0,0.0,0,0,0,0,0,37,1093,44166356,10,-367,-91436648
19:58:31.584,0,0.0,0,0,0,0,0,-32,-671,44166344,-18,36,-91436648
19:58:31.589,0,0.0,0,0,0,0,0,2,57,44166352,-11,-1199,-91436648
19:58:31.594,0,0.0,0,0,0,0,0,31,-675,44166344,23,78,-91436648
19:58:31.599,0,0.0,0,0,0,0,0,-9,-47,44166352,13,172,-91436648
19:58:31.604,0,0.0,0,0,0,0,0,-3,-786,44166344,-27,-433,-91436648
19:58:31.609,0,0.0,0,0,0,0,0,-15,1118,44166356,14,90,-91436648
19:58:31.614,0,0.0,0,0,0,0,0,2,-764,44166344,-16,743,-91436648
19:58:31.619,0,0.0,0,0,0,0,0,2,-126,44166352,5,218,-91436648
19:58:31.624,0,0.0,0,0,0,0,0,14,485,44166352,-14,-407,-91436648
19:58:31.629,0,0.0,0,0,0,0,0,-9,1065,44166356,14,1909,-91436632
19:58:31.634,0,0.0,0,0,0,0,0,7,502,44166352,2,873,-91436648
19:58:31.639,0,0.0,0,0,0,0,0,8,518,44166352,-13,162,-91436648
19:58:31.644,0,0.0,0,0,0,0,0,-3,-73,44166352,8,1390,-91436632
19:58:31.649,0,0.0,0,0,0,0,0,8,-1487,44166340,8,-459,-91436648
19:58:31.655,0,0.0,0,0,0,0,0,-3,408,44166352,3,-6,-91436648
19:58:31.660,0,0.0,0,0,0,0,0,-20,-752,44166344,-16,-654,-91436648
19:58:31.665,0,0.0,0,0,0,0,0,2,-1290,44166340,-17,185,-91436648
19:58:31.670,0,0.0,0,0,0,0,0,-20,536,44166352,6,198,-91436648
19:58:31.675,0,0.0,0,0,0,0,0,-16,939,44166356,2,-494,-91436648
19:58:31.680,0,0.0,0,0,0,0,0,2,-1300,44166340,16,-374,-91436648
19:58:31.685,0,0.0,0,0,0,0,0,-3,-1228,44166340,11,-361,-91436648
19:58:31.690,0,0.0,0,0,0,0,0,68,997,44166356,-2,79,-91436648
19:58:31.695,0,0.0,0,0,0,0,0,-2,-145,44166352,0,40,-91436648
19:58:31.700,0,0.0,0,0,0,0,0,-61,-243,44166352,11,30,-91436648
19:58:31.705,0,0.0,0,0,0,0,0,-15,-1562,44166340,-42,-466,-91436648
19:58:31.710,0,0.0,0,0,0,0,0,14,1632,44166360,-8,-541,-91436648
19:58:31.716,0,0.0,0,0,0,0,0,19,-180,44166352,9,272,-91436648
19:58:31.721,0,0.0,0,0,0,0,0,8,-17,44166352,-21,136,-91436648
19:58:31.726,0,0.0,0,0,0,0,0,3,-663,44166344,-9,-334,-91436648
19:58:31.731,0,0.0,0,0,0,0,0,-38,-1333,44166340,-10,867,-91436648
19:58:31.736,0,0.0,0,0,0,0,0,-43,-638,44166344,-14,-372,-91436648
19:58:31.741,0,0.0,0,0,0,0,0,-3,1040,44166356,0,-421,-91436648
19:58:31.746,0,0.0,0,0,0,0,0,-15,-774,44166344,-6,3,-91436648
19:58:31.751,0,0.0,0,0,0,0,0,-14,-751,44166344,-20,-536,-91436648
19:58:31.756,0,0.0,0,0,0,0,0,-9,-1468,44166340,34,-529,-91436648
19:58:31.761,0,0.0,0,0,0,0,0,-39,-1582,44166340,-10,52,-91436648
19:58:31.766,0,0.0,0,0,0,0,0,160,-194,44166352,19,-426,-91436648
19:58:31.771,0,0.0,0,0,0,0,0,8,-102,44166352,-10,740,-91436648
19:58:31.777,0,0.0,0,0,0,0,0,-3,484,44166352,23,97,-91436648
19:58:31.782,0,0.0,0,0,0,0,0,-3,1606,44166360,10,-603,-91436648
19:58:31.787,0,0.0,0,0,0,0,0,-20,-70,44166352,-9,161,-91436648
19:58:31.792,0,0.0,0,0,0,0,0,104,-1318,44166340,-14,-583,-91436648
19:58:31.797,0,0.0,0,0,0,0,0,1,-1497,44166340,0,227,-91436648
19:58:31.802,0,0.0,0,0,0,0,0,-20,-1496,44166340,24,-577,-91436648
19:58:31.807,0,0.0,0,0,0,0,0,25,415,44166352,-13,790,-91436648
19:58:31.812,0,0.0,0,0,0,0,0,-2,258,44166352,11,99,-91436648
19:58:31.817,0,0.0,0,0,0,0,0,2,-738,44166344,-21,1484,-91436632
19:58:31.822,0,0.0,0,0,0,0,0,14,-1481,44166340,-14,-388,-91436648
19:58:31.827,0,0.0,0,0,0,0,0,25,347,44166352,-3,-596,-91436648
19:58:31.832,0,0.0,0,0,0,0,0,-14,-795,44166344,13,-449,-91436648
19:58:31.837,0,0.0,0,0,0,0,0,-26,-129,44166352,-3,77,-91436648
19:58:31.842,0,0.0,0,0,0,0,0,-211,-306,44166352,10,113,-91436648
19:58:31.847,0,0.0,0,0,0,0,0,-27,1086,44166356,6,178,-91436648
19:58:31.852,0,0.0,0,0,0,0,0,2,345,44166352,16,-334,-91436648
19:58:31.857,0,0.0,0,0,0,0,0,7,621,44166352,11,-392,-91436648
19:58:31.863,0,0.0,0,0,0,0,0,2,551,44166352,9,257,-91436648
19:58:31.868,0,0.0,0,0,0,0,0,-14,575,44166352,18,-443,-91436648
19:58:31.873,0,0.0,0,0,0,0,0,-14,486,44166352,2,257,-91436648
19:58:31.878,0,0.0,0,0,0,0,0,30,-817,44166344,9,-1200,-91436648
19:58:31.883,0,0.0,0,0,0,0,0,-9,526,44166352,5,203,-91436648
19:58:31.888,0,0.0,0,0,0,0,0,19,1161,44166356,29,-570,-91436648
19:58:31.893,0,0.0,0,0,0,0,0,66,-288,44166352,-8,671,-91436648
19:58:31.898,0,0.0,0,0,0,0,0,101,-915,44166344,-9,239,-91436648
19:58:31.903,0,0.0,0,0,0,0,0,-37,-258,44166352,14,-986,-91436648
19:58:31.908,0,0.0,0,0,0,0,0,-20,-238,44166352,13,100,-91436648
19:58:31.913,0,0.0,0,0,0,0,0,-3,995,44166356,1,-541,-91436648
19:58:31.918,0,0.0,0,0,0,0,0,20,-819,44166344,-3,-564,-91436648
19:58:31.923,0,0.0,0,0,0,0,0,-3,256,44166352,8,198,-91436648
19:58:31.928,0,0.0,0,0,0,0,0,-15,337,44166356,11,-462,-91436648
19:58:31.933,0,0.0,0,0,0,0,0,-125,-135,44166352,0,94,-91436648
19:58:31.939,0,0.0,0,0,0,0,0,31,-203,44166352,2,67,-91436648
19:58:31.944,0,0.0,0,0,0,0,0,32,523,44166352,2,-1668,-91436656
19:58:31.949,0,0.0,0,0,0,0,0,14,-1421,44166340,-3,-626,-91436648
19:58:31.954,0,0.0,0,0,0,0,0,14,-260,44166352,5,-396,-91436648
19:58:31.959,0,0.0,0,0,0,0,0,14,389,44166352,-21,212,-91436648
19:58:31.964,0,0.0,0,0,0,0,0,7,-895,44166344,-7,-592,-91436648
19:58:31.969,0,0.0,0,0,0,0,0,-56,944,44166356,11,172,-91436648
19:58:31.974,0,0.0,0,0,0,0,0,-14,532,44166352,-10,269,-91436648
19:58:31.979,0,0.0,0,0,0,0,0,-32,549,44166352,26,716,-91436648
19:58:31.984,0,0.0,0,0,0,0,0,60,-74,44166352,-8,-354,-91436648
19:58:31.989,0,0.0,0,0,0,0,0,2,-1412,44166340,-56,123,-91436648
19:58:31.994,0,0.0,0,0,0,0,0,19,424,44166352,45,55,-91436648
19:58:31.999,0,0.0,0,0,0,0,0,-15,1172,44166356,-1,-428,-91436648
19:58:32.004,0,0.0,0,0,0,0,0,-3,949,44166356,15,-567,-91436648
19:58:32.010,0,0.0,0,0,0,0,0,-96,-182,44166352,0,89,-91436648
19:58:32.015,0,0.0,0,0,0,0,0,8,-1353,44166340,-14,-464,-91436648
19:58:32.020,0,0.0,0,0,0,0,0,-15,-171,44166352,0,-4,-91436648
19:58:32.025,0,0.0,0,0,0,0,0,1,1570,44166360,13,-48,-91436648
19:58:32.030,0,0.0,0,0,0,0,0,-149,-745,44166344,-12,10,-91436648
19:58:32.035,0,0.0,0,0,0,0,0,49,338,44166352,1,-1720,-91436656
19:58:32.040,0,0.0,0,0,0,0,0,-25,934,44166356,-11,94,-91436648
19:58:32.045,0,0.0,0,0,0,0,0,-3,329,44166352,23,715,-91436648
19:58:32.050,0,0.0,0,0,0,0,0,25,-277,44166352,7,202,-91436648
19:58:32.055,0,0.0,0,0,0,0,0,-49,-781,44166344,-7,81,-91436648
19:58:32.060,0,0.0,0,0,0,0,0,25,-1680,44166340,-16,-619,-91436648
19:58:32.065,0,0.0,0,0,0,0,0,-113,-1494,44166340,18,193,-91436648
19:58:32.070,0,0.0,0,0,0,0,0,-15,584,44166352,0,42,-91436648
19:58:32.076,0,0.0,0,0,0,0,0,8,1067,44166356,5,216,-91436648
19:58:32.081,0,0.0,0,0,0,0,0,-3,1013,44166356,16,257,-91436648
19:58:32.086,0,0.0,0,0,0,0,0,106,1695,44166360,14,312,-91436648
19:58:32.091,0,0.0,0,0,0,0,0,66,985,44166356,-5,-547,-91436648
19:58:32.096,0,0.0,0,0,0,0,0,43,477,44166352,-15,-376,-91436648
19:58:32.101,0,0.0,0,0,0,0,0,-15,269,44166352,-8,52,-91436648
19:58:32.106,0,0.0,0,0,0,0,0,-9,-949,44166344,-5,233,-91436648
19:58:32.111,0,0.0,0,0,0,0,0,-15,-833,44166344,-2,654,-91436648
19:58:32.116,0,0.0,0,0,0,0,0,-8,1051,44166356,-34,58,-91436648
19:58:32.121,0,0.0,0,0,0,0,0,25,284,44166352,-10,44,-91436648
19:58:32.126,0,0.0,0,0,0,0,0,-21,-1477,44166340,14,119,-91436648
19:58:32.131,0,0.0,0,0,0,0,0,-8,589,44166352,-11,60,-91436648
19:58:32.136,0,0.0,0,0,0,0,0,37,557,44166352,13,-549,-91436648
19:58:32.141,0,0.0,0,0,0,0,0,2,-1413,44166340,-9,-411,-91436648
19:58:32.146,0,0.0,0,0,0,0,0,37,997,44166356,-6,-331,-91436648
19:58:32.152,0,0.0,0,0,0,0,0,14,616,44166352,6,-567,-91436648
19:58:32.157,0,0.0,0,0,0,0,0,31,534,44166352,4,41,-91436648
19:58:32.162,0,0.0,0,0,0,0,0,31,-1477,44166340,-12,1361,-91436632
19:58:32.167,0,0.0,0,0,0,0,0,-26,275,44166352,-3,134,-91436648
19:58:32.172,0,0.0,0,0,0,0,0,19,301,44166352,3,-357,-91436648
19:58:32.177,0,0.0,0,0,0,0,0,66,-1274,44166340,6,279,-91436648
19:58:32.182,0,0.0,0,0,0,0,0,82,-780,44166344,0,-336,-91436648
19:58:32.187,0,0.0,0,0,0,0,0,26,966,44166356,2,732,-91436648
19:58:32.192,0,0.0,0,0,0,0,0,-32,-1301,44166340,-15,-500,-91436648
19:58:32.197,0,0.0,0,0,0,0,0,124,-840,44166344,14,1503,-91436632
19:58:32.202,0,0.0,0,0,0,0,0,19,1064,44166356,9,233,-91436648
19:58:32.207,0,0.0,0,0,0,0,0,25,606,44166352,17,212,-91436648
19:58:32.212,0,0.0,0,0,0,0,0,-21,-799,44166344,-5,113,-91436648
19:58:32.217,0,0.0,0,0,0,0,0,13,-61,44166352,-9,89,-91436648
19:58:32.222,0,0.0,0,0,0,0,0,-9,-147,44166352,-2,99,-91436648
19:58:32.228,0,0.0,0,0,0,0,0,31,435,44166352,-6,274,-91436648
19:58:32.233,0,0.0,0,0,0,0,0,48,-1332,44166340,-8,89,-91436648
19:58:32.238,0,0.0,0,0,0,0,0,-26,473,44166352,-2,84,-91436648
19:58:32.243,0,0.0,0,0,0,0,0,2,-1319,44166340,-7,127,-91436648
19:58:32.248,0,0.0,0,0,0,0,0,-21,-810,44166344,-7,-507,-91436648
19:58:32.253,0,0.0,0,0,0,0,0,14,386,44166352,13,-386,-91436648
19:58:32.258,0,0.0,0,0,0,0,0,110,2838,44166372,-10,-412,-91436648
19:58:32.263,0,0.0,0,0,0,0,0,2,964,44166356,-5,608,-91436648
19:58:32.268,0,0.0,0,0,0,0,0,-15,304,44166352,-25,810,-91436648
19:58:32.273,0,0.0,0,0,0,0,0,-14,864,44166356,3,-398,-91436648
19:58:32.278,0,0.0,0,0,0,0,0,-67,-750,44166344,0,43,-91436648
19:58:32.283,0,0.0,0,0,0,0,0,106,1125,44166356,0,186,-91436648
19:58:32.288,0,0.0,0,0,0,0,0,101,489,44166352,-8,-430,-91436648
19:58:32.293,0,0.0,0,0,0,0,0,8,-659,44166344,-12,45,-91436648
19:58:32.298,0,0.0,0,0,0,0,0,25,1016,44166356,16,236,-91436648
19:58:32.303,0,0.0,0,0,0,0,0,19,-1916,44166336,0,258,-91436648
19:58:32.309,0,0.0,0,0,0,0,0,-83,1108,44166356,-7,2081,-91436632
19:58:32.314,0,0.0,0,0,0,0,0,-14,1146,44166356,7,95,-91436648
19:58:32.319,0,0.0,0,0,0,0,0,118,-1251,44166340,-2,270,-91436648
19:58:32.324,0,0.0,0,0,0,0,0,8,1157,44166356,5,-385,-91436648
19:58:32.329,0,0.0,0,0,0,0,0,-38,456,44166352,-21,72,-91436648
19:58:32.334,0,0.0,0,0,0,0,0,-20,-290,44166352,-1,598,-91436648
19:58:32.339,0,0.0,0,0,0,0,0,-14,395,44166352,0,-614,-91436648
19:58:32.344,0,0.0,0,0,0,0,0,2,438,44166352,0,274,-91436648
19:58:32.349,0,0.0,0,0,0,0,0,-27,-1352,44166340,-10,236,-91436648
19:58:32.354,0,0.0,0,0,0,0,0,13,-1309,44166340,6,-1017,-91436648
19:58:32.359,0,0.0,0,0,0,0,0,2,1204,44166356,8,118,-91436648
19:58:32.364,0,0.0,0,0,0,0,0,-32,1184,44166356,14,290,-91436648
19:58:32.369,0,0.0,0,0,0,0,0,48,-1261,44166340,-13,110,-91436648
19:58:32.374,0,0.0,0,0,0,0,0,43,1585,44166360,1,-389,-91436648
19:58:32.379,0,0.0,0,0,0,0,0,-26,1097,44166356,-25,906,-91436648
19:58:32.384,0,0.0,0,0,0,0,0,-8,1050,44166356,-6,-513,-91436648
19:58:32.389,0,0.0,0,0,0,0,0,8,-1261,44166340,-3,-346,-91436648
19:58:32.395,0,0.0,0,0,0,0,0,-32,604,44166352,1,1362,-91436632
19:58:32.400,0,0.0,0,0,0,0,0,-9,-768,44166344,13,-1119,-91436648
19:58:32.405,0,0.0,0,0,0,0,0,8,-723,44166344,-13,689,-91436648
19:58:32.410,0,0.0,0,0,0,0,0,-3,1750,44166360,16,-992,-91436648
19:58:32.415,0,0.0,0,0,0,0,0,20,-884,44166344,-10,-386,-91436648
19:58:32.420,0,0.0,0,0,0,0,0,25,546,44166352,0,75,-91436648
19:58:32.425,0,0.0,0,0,0,0,0,-26,1618,44166360,-9,-992,-91436648
19:58:32.430,0,0.0,0,0,0,0,0,-26,-1413,44166340,0,175,-91436648
19:58:32.435,0,0.0,0,0,0,0,0,-9,1156,44166356,0,188,-91436648
19:58:32.440,0,0.0,0,0,0,0,0,-38,555,44166352,9,64,-91436648
19:58:32.445,0,0.0,0,0,0,0,0,-38,-1491,44166340,-13,1317,-91436632
19:58:32.450,0,0.0,0,0,0,0,0,8,-60,44166352,-18,841,-91436648
19:58:32.455,0,0.0,0,0,0,0,0,20,635,44166352,2,64,-91436648
19:58:32.460,0,0.0,0,0,0,0,0,-3,1158,44166356,5,-413,-91436648
19:58:32.466,0,0.0,0,0,0,0,0,-55,-642,44166344,7,70,-91436648
19:58:32.471,0,0.0,0,0,0,0,0,-14,-721,44166344,-7,-553,-91436648
19:58:32.476,0,0.0,0,0,0,0,0,13,713,44166352,-12,245,-91436648
19:58:32.481,0,0.0,0,0,0,0,0,-20,1107,44166356,-1,-413,-91436648
19:58:32.486,0,0.0,0,0,0,0,0,8,-1926,44166336,-7,29,-91436648
19:58:32.491,0,0.0,0,0,0,0,0,8,1030,44166356,-9,163,-91436648
19:58:32.496,0,0.0,0,0,0,0,0,-21,334,44166352,-21,13,-91436648
19:58:32.501,0,0.0,0,0,0,0,0,-32,-1539,44166340,-17,43,-91436648
19:58:32.506,0,0.0,0,0,0,0,0,-20,-1366,44166340,8,19,-91436648
19:58:32.511,0,0.0,0,0,0,0,0,2,1092,44166356,-19,-450,-91436648
19:58:32.516,0,0.0,0,0,0,0,0,-20,-368,44166352,-1,2130,-91436632
19:58:32.521,0,0.0,0,0,0,0,0,14,-194,44166352,16,-385,-91436648
19:58:32.526,0,0.0,0,0,0,0,0,14,941,44166356,33,58,-91436648
19:58:32.532,0,0.0,0,0,0,0,0,-72,357,44166352,-6,2,-91436648
19:58:32.537,0,0.0,0,0,0,0,0,2,221,44166352,7,-456,-91436648
19:58:32.542,0,0.0,0,0,0,0,0,25,-283,44166352,-1,38,-91436648
19:58:32.547,0,0.0,0,0,0,0,0,-3,-8,44166352,-11,89,-91436648
19:58:32.552,0,0.0,0,0,0,0,0,-20,-1274,44166340,-1,247,-91436648
19:58:32.557,0,0.0,0,0,0,0,0,42,932,44166356,8,229,-91436648
19:58:32.562,0,0.0,0,0,0,0,0,2,-1423,44166340,-31,-547,-91436648
19:58:32.567,0,0.0,0,0,0,0,0,-15,-1652,44166340,2,-9,-91436648
19:58:32.572,0,0.0,0,0,0,0,0,-217,961,44166356,7,713,-91436648
19:58:32.577,0,0.0,0,0,0,0,0,14,-1339,44166340,0,18,-91436648
19:58:32.582,0,0.0,0,0,0,0,0,25,-648,44166344,10,614,-91436648
19:58:32.587,0,0.0,0,0,0,0,0,2,-642,44166344,-41,162,-91436648
19:58:32.592,0,0.0,0,0,0,0,0,-15,-151,44166352,3,-397,-91436648
19:58:32.597,0,0.0,0,0,0,0,0,-3,342,44166352,-4,-561,-91436648
19:58:32.602,0,0.0,0,0,0,0,0,19,-1350,44166340,6,84,-91436648
19:58:32.607,0,0.0,0,0,0,0,0,49,-1284,44166340,-16,57,-91436648
19:58:32.612,0,0.0,0,0,0,0,0,153,568,44166352,17,-612,-91436648
19:58:32.618,0,0.0,0,0,0,0,0,14,1150,44166356,0,-467,-91436648
19:58:32.623,0,0.0,0,0,0,0,0,-38,-1319,44166340,0,-423,-91436648
19:58:32.628,0,0.0,0,0,0,0,0,13,-937,44166344,-21,595,-91436648
19:58:32.633,0,0.0,0,0,0,0,0,-33,511,44166352,8,-463,-91436648
19:58:32.638,0,0.0,0,0,0,0,0,-221,999,44166356,20,192,-91436648
19:58:32.643,0,0.0,0,0,0,0,0,81,483,44166352,4,7,-91436648
19:58:32.648,0,0.0,0,0,0,0,0,31,-2569,44166336,-12,-470,-91436648
19:58:32.653,0,0.0,0,0,0,0,0,7,-62,44166352,-18,737,-91436648
19:58:32.658,0,0.0,0,0,0,0,0,14,-99,44166352,0,279,-91436648
19:58:32.663,0,0.0,0,0,0,0,0,31,1189,44166356,-50,101,-91436648
19:58:32.668,0,0.0,0,0,0,0,0,31,675,44166352,16,-421,-91436648
19:58:32.673,0,0.0,0,0,0,0,0,49,1167,44166356,26,7,-91436648
19:58:32.678,0,0.0,0,0,0,0,0,26,1163,44166356,8,6,-91436648
19:58:32.683,0,0.0,0,0,0,0,0,-78,-1786,44166336,-12,18,-91436648
19:58:32.688,0,0.0,0,0,0,0,0,-2,-704,44166344,-5,-524,-91436648
19:58:32.693,0,0.0,0,0,0,0,0,-111,1775,44166360,0,87,-91436648
19:58:32.699,0,0.0,0,0,0,0,0,-14,502,44166352,23,1511,-91436632
19:58:32.704,0,0.0,0,0,0,0,0,-9,293,44166352,22,-464,-91436648
19:58:32.709,0,0.0,0,0,0,0,0,19,-293,44166352,7,-524,-91436648
19:58:32.714,0,0.0,0,0,0,0,0,-119,-83,44166352,-17,220,-91436648
19:58:32.719,0,0.0,0,0,0,0,0,112,3001,44166372,1,758,-91436648
19:58:32.724,0,0.0,0,0,0,0,0,7,1230,44166356,15,261,-91436648
19:58:32.729,0,0.0,0,0,0,0,0,2,-55,44166352,28,-523,-91436648
19:58:32.734,0,0.0,0,0,0,0,0,-84,-776,44166344,10,103,-91436648
19:58:32.739,0,0.0,0,0,0,0,0,13,-167,44166352,8,-391,-91436648
19:58:32.744,0,0.0,0,0,0,0,0,7,-758,44166344,-3,-18,-91436648
19:58:32.749,0,0.0,0,0,0,0,0,14,-661,44166344,6,167,-91436648
19:58:32.754,0,0.0,0,0,0,0,0,19,-149,44166352,-47,1277,-91436632
19:58:32.759,0,0.0,0,0,0,0,0,20,-783,44166344,34,44,-91436648
19:58:32.764,0,0.0,0,0,0,0,0,14,-875,44166344,-16,12,-91436648
19:58:32.769,0,0.0,0,0,0,0,0,-38,-1940,44166336,-7,-394,-91436648
19:58:32.774,0,0.0,0,0,0,0,0,14,515,44166352,-18,-431,-91436648
19:58:32.780,0,0.0,0,0,0,0,0,54,-1246,44166340,29,145,-91436648
19:58:32.785,0,0.0,0,0,0,0,0,-38,1092,44166356,23,9,-91436648
19:58:32.790,0,0.0,0,0,0,0,0,2,395,44166352,-17,222,-91436648
19:58:32.795,0,0.0,0,0,0,0,0,19,-1239,44166344,13,55,-91436648
19:58:32.800,0,0.0,0,0,0,0,0,8,386,44166352,16,-553,-91436648
19:58:32.805,0,0.0,0,0,0,0,0,25,486,44166352,-4,682,-91436648
19:58:32.810,0,0.0,0,0,0,0,0,96,2496,44166364,4,-336,-91436648
19:58:32.815,0,0.0,0,0,0,0,0,13,1243,44166356,-39,-334,-91436648
19:58:32.820,0,0.0,0,0,0,0,0,2,636,44166352,-8,172,-91436648
19:58:32.825,0,0.0,0,0,0,0,0,-21,448,44166352,5,-452,-91436648
19:58:32.830,0,0.0,0,0,0,0,0,94,1053,44166356,9,-1023,-91436648
19:58:32.836,0,0.0,0,0,0,0,0,8,326,44166352,-2,-353,-91436648
19:58:32.841,0,0.0,0,0,0,0,0,-54,-750,44166344,-42,876,-91436648
19:58:32.846,0,0.0,0,0,0,0,0,-32,1127,44166356,17,62,-91436648
19:58:32.851,0,0.0,0,0,0,0,0,83,1080,44166356,-2,143,-91436648
19:58:32.856,0,0.0,0,0,0,0,0,30,1183,44166356,11,291,-91436648
19:58:32.861,0,0.0,0,0,0,0,0,-3,-187,44166352,2,-530,-91436648
19:58:32.866,0,0.0,0,0,0,0,0,-9,-146,44166352,16,-364,-91436648
19:58:32.871,0,0.0,0,0,0,0,0,-268,-1501,44166340,48,91,-91436648
19:58:32.876,0,0.0,0,0,0,0,0,14,-1278,44166340,-3,-288,-91436648
19:58:32.881,0,0.0,0,0,0,0,0,30,454,44166352,-9,720,-91436648
19:58:32.886,0,0.0,0,0,0,0,0,-15,-1234,44166340,-17,-404,-91436648
19:58:32.891,0,0.0,0,0,0,0,0,-21,-1340,44166340,16,280,-91436648
19:58:32.897,0,0.0,0,0,0,0,0,1,-44,44166352,-4,313,-91436648
19:58:32.902,0,0.0,0,0,0,0,0,117,-2071,44166336,-9,47,-91436648
19:58:32.907,0,0.0,0,0,0,0,0,-3,-601,44166344,-8,180,-91436648
19:58:32.907,0,0.0,0,0,0,0,0,-3,-1459,44166340,-14,216,-91436648
19:58:32.912,0,0.0,0,0,0,0,0,1,-706,44166344,0,252,-91436648
19:58:32.917,0,0.0,0,0,0,0,0,-61,-682,44166344,-30,101,-91436648
19:58:32.922,0,0.0,0,0,0,0,0,60,418,44166352,5,94,-91436648
19:58:32.927,0,0.0,0,0,0,0,0,-31,-1476,44166340,-22,277,-91436648
19:58:32.932,0,0.0,0,0,0,0,0,-2,-898,44166344,-6,47,-91436648
19:58:32.937,0,0.0,0,0,0,0,0,-15,-1228,44166340,5,214,-91436648
19:58:32.942,0,0.0,0,0,0,0,0,-20,-636,44166344,11,779,-91436648
19:58:32.947,0,0.0,0,0,0,0,0,-3,-1349,44166340,-4,302,-91436648
19:58:32.952,0,0.0,0,0,0,0,0,2,924,44166356,-10,-303,-91436648
19:58:32.957,0,0.0,0,0,0,0,0,-3,-134,44166352,-9,63,-91436648
19:58:32.962,0,0.0,0,0,0,0,0,-78,-1961,44166336,-8,271,-91436648
19:58:32.967,0,0.0,0,0,0,0,0,8,-719,44166344,6,261,-91436648
19:58:32.972,0,0.0,0,0,0,0,0,7,977,44166356,2,-370,-91436648
19:58:32.977,0,0.0,0,0,0,0,0,13,-1391,44166340,-20,67,-91436648
19:58:32.983,0,0.0,0,0,0,0,0,19,587,44166352,-6,100,-91436648
19:58:32.988,0,0.0,0,0,0,0,0,71,-135,44166352,1,1974,-91436632
19:58:32.993,0,0.0,0,0,0,0,0,-14,-1399,44166340,-22,853,-91436648
19:58:32.998,0,0.0,0,0,0,0,0,2,-115,44166352,-11,-476,-91436648
19:58:33.003,0,0.0,0,0,0,0,0,-37,-671,44166352,-6,-918,-91436648
19:58:33.008,0,0.0,0,0,0,0,0,30,-914,44166344,9,281,-91436648
19:58:33.013,0,0.0,0,0,0,0,0,-3,-606,44166344,0,149,-91436648
19:58:33.018,0,0.0,0,0,0,0,0,2,467,44166352,-12,112,-91436648
19:58:33.023,0,0.0,0,0,0,0,0,-8,-547,44166344,-23,93,-91436648
19:58:33.028,0,0.0,0,0,0,0,0,-54,1041,44166356,0,-400,-91436648
19:58:33.033,0,0.0,0,0,0,0,0,19,1113,44166356,6,38,-91436648
19:58:33.038,0,0.0,0,0,0,0,0,-55,-764,44166344,-6,51,-91436648
19:58:33.043,0,0.0,0,0,0,0,0,8,644,44166352,3,686,-91436648
19:58:33.048,0,0.0,0,0,0,0,0,-15,-562,44166344,14,231,-91436648
19:58:33.053,0,0.0,0,0,0,0,0,-198,494,44166352,1,33,-91436648
19:58:33.058,0,0.0,0,0,0,0,0,-55,326,44166352,2,220,-91436648
19:58:33.063,0,0.0,0,0,0,0,0,-9,1607,44166360,0,-430,-91436648
19:58:33.069,0,0.0,0,0,0,0,0,37,547,44166352,-1,213,-91436648
19:58:33.074,0,0.0,0,0,0,0,0,-8,-1231,44166340,-47,289,-91436648
19:58:33.079,0,0.0,0,0,0,0,0,-3,-1293,44166340,20,747,-91436648
19:58:33.084,0,0.0,0,0,0,0,0,8,106,44166352,14,15,-91436648
19:58:33.089,0,0.0,0,0,0,0,0,25,-522,44166344,-27,-584,-91436648
19:58:33.094,0,0.0,0,0,0,0,0,13,1675,44166360,-18,5,-91436648
19:58:33.099,0,0.0,0,0,0,0,0,-3,-216,44166352,-5,-470,-91436648
19:58:33.104,0,0.0,0,0,0,0,0,-3,535,44166352,7,235,-91436648
19:58:33.109,0,0.0,0,0,0,0,0,-39,583,44166352,8,139,-91436648
19:58:33.114,0,0.0,0,0,0,0,0,-88,-757,44166344,-1,270,-91436648
19:58:33.119,0,0.0,0,0,0,0,0,13,2367,44166364,21,57,-91436648
19:58:33.124,0,0.0,0,0,0,0,0,25,540,44166352,-15,-380,-91436648
19:58:33.129,0,0.0,0,0,0,0,0,25,-1473,44166340,-27,130,-91436648
19:58:33.134,0,0.0,0,0,0,0,0,-15,1000,44166356,-12,-530,-91436648
19:58:33.139,0,0.0,0,0,0,0,0,-56,-897,44166344,-11,1952,-91436632
19:58:33.144,0,0.0,0,0,0,0,0,-119,1000,44166356,10,62,-91436648
19:58:33.149,0,0.0,0,0,0,0,0,-3,646,44166352,-6,260,-91436648
19:58:33.155,0,0.0,0,0,0,0,0,8,-1315,44166340,-22,-338,-91436648
19:58:33.160,0,0.0,0,0,0,0,0,14,-1332,44166340,15,140,-91436648
19:58:33.165,0,0.0,0,0,0,0,0,25,564,44166352,0,35,-91436648
19:58:33.170,0,0.0,0,0,0,0,0,-10,409,44166352,14,-446,-91436648
19:58:33.175,0,0.0,0,0,0,0,0,7,1122,44166356,2,228,-91436648
19:58:33.180,0,0.0,0,0,0,0,0,25,-146,44166352,6,108,-91436648
19:58:33.185,0,0.0,0,0,0,0,0,2,435,44166352,-11,81,-91436648
19:58:33.190,0,0.0,0,0,0,0,0,14,-146,44166352,5,107,-91436648
19:58:33.195,0,0.0,0,0,0,0,0,19,-1531,44166340,0,934,-91436648
19:58:33.200,0,0.0,0,0,0,0,0,-26,411,44166352,5,-336,-91436648
19:58:33.205,0,0.0,0,0,0,0,0,31,-1395,44166340,-30,-582,-91436648
19:58:33.210,0,0.0,0,0,0,0,0,8,-600,44166344,1,67,-91436648
19:58:33.215,0,0.0,0,0,0,0,0,37,403,44166352,-9,-976,-91436648
19:58:33.220,0,0.0,0,0,0,0,0,-9,1045,44166356,-8,735,-91436648
19:58:33.225,0,0.0,0,0,0,0,0,31,501,44166352,-8,115,-91436648
19:58:33.230,0,0.0,0,0,0,0,0,8,521,44166352,-3,1569,-91436632
19:58:33.235,0,0.0,0,0,0,0,0,66,-599,44166344,-15,-303,-91436648
19:58:33.241,0,0.0,0,0,0,0,0,-15,-1439,44166340,17,89,-91436648
19:58:33.246,0,0.0,0,0,0,0,0,2,55,44166352,12,265,-91436648
19:58:33.251,0,0.0,0,0,0,0,0,1,1081,44166356,-1,679,-91436648
19:58:33.256,0,0.0,0,0,0,0,0,-61,478,44166352,-6,41,-91436648
19:58:33.261,0,0.0,0,0,0,0,0,2,-1322,44166340,18,217,-91436648
19:58:33.266,0,0.0,0,0,0,0,0,-38,422,44166352,-15,212,-91436648
19:58:33.271,0,0.0,0,0,0,0,0,8,717,44166352,-6,109,-91436648
19:58:33.276,0,0.0,0,0,0,0,0,102,576,44166352,-12,93,-91436648
19:58:33.281,0,0.0,0,0,0,0,0,26,566,44166352,-2,-419,-91436648
19:58:33.286,0,0.0,0,0,0,0,0,13,-1342,44166340,5,-1655,-91436656
19:58:33.291,0,0.0,0,0,0,0,0,-2,-69,44166352,26,225,-91436648
19:58:33.296,0,0.0,0,0,0,0,0,42,485,44166352,-35,-421,-91436648
19:58:33.301,0,0.0,0,0,0,0,0,43,-560,44166344,-8,116,-91436648
19:58:33.306,0,0.0,0,0,0,0,0,20,-229,44166352,-13,1917,-91436632
19:58:33.311,0,0.0,0,0,0,0,0,-49,-1479,44166340,-5,266,-91436648
19:58:33.316,0,0.0,0,0,0,0,0,130,1189,44166356,-10,870,-91436648
19:58:33.321,0,0.0,0,0,0,0,0,-8,-11,44166352,-9,-334,-91436648
19:58:33.327,0,0.0,0,0,0,0,0,-32,-888,44166344,-9,178,-91436648
19:58:33.332,0,0.0,0,0,0,0,0,-85,-149,44166352,-1,20,-91436648
19:58:33.337,0,0.0,0,0,0,0,0,-38,-841,44166344,-28,-12,-91436648
19:58:33.342,0,0.0,0,0,0,0,0,1,-702,44166344,-4,661,-91436648
19:58:33.347,0,0.0,0,0,0,0,0,37,1103,44166356,-18,-615,-91436648
19:58:33.352,0,0.0,0,0,0,0,0,-49,-751,44166344,5,647,-91436648
19:58:33.357,0,0.0,0,0,0,0,0,19,-786,44166344,15,31,-91436648
19:58:33.362,0,0.0,0,0,0,0,0,-2,1049,44166356,-20,-546,-91436648
19:58:33.367,0,0.0,0,0,0,0,0,121,676,44166352,1,-557,-91436648
19:58:33.372,0,0.0,0,0,0,0,0,20,1151,44166356,-14,299,-91436648
19:58:33.377,0,0.0,0,0,0,0,0,14,-1345,44166340,-3,237,-91436648
19:58:33.382,0,0.0,0,0,0,0,0,14,-138,44166352,2,91,-91436648
19:58:33.387,0,0.0,0,0,0,0,0,14,443,44166352,11,784,-91436648
19:58:33.392,0,0.0,0,0,0,0,0,-55,-179,44166352,-16,116,-91436648
19:58:33.397,0,0.0,0,0,0,0,0,-215,16,44166352,-24,250,-91436648
19:58:33.403,0,0.0,0,0,0,0,0,79,2286,44166364,3,-493,-91436648
19:58:33.408,0,0.0,0,0,0,0,0,25,-1366,44166340,12,241,-91436648
19:58:33.413,0,0.0,0,0,0,0,0,7,650,44166352,13,203,-91436648
19:58:33.418,0,0.0,0,0,0,0,0,49,483,44166352,11,207,-91436648
19:58:33.423,0,0.0,0,0,0,0,0,-32,-1436,44166340,-10,1954,-91436632
19:58:33.428,0,0.0,0,0,0,0,0,-32,-1292,44166340,18,54,-91436648
19:58:33.433,0,0.0,0,0,0,0,0,25,533,44166352,-6,289,-91436648
19:58:33.438,0,0.0,0,0,0,0,0,48,-78,44166352,-31,84,-91436648
19:58:33.443,0,0.0,0,0,0,0,0,31,-659,44166344,1,-510,-91436648
19:58:33.448,0,0.0,0,0,0,0,0,49,-593,44166344,16,72,-91436648
19:58:33.453,0,0.0,0,0,0,0,0,-9,-1215,44166340,-11,42,-91436648
19:58:33.458,0,0.0,0,0,0,0,0,13,592,44166352,-4,236,-91436648
19:58:33.463,0,0.0,0,0,0,0,0,2,-32,44166352,-14,-407,-91436648
19:58:33.468,0,0.0,0,0,0,0,0,25,1137,44166356,6,102,-91436648
19:58:33.473,0,0.0,0,0,0,0,0,-15,1000,44166356,1,-388,-91436648
19:58:33.478,0,0.0,0,0,0,0,0,7,-1497,44166340,-2,64,-91436648
19:58:33.484,0,0.0,0,0,0,0,0,2,-178,44166352,2,-356,-91436648
19:58:33.489,0,0.0,0,0,0,0,0,7,604,44166352,15,228,-91436648
19:58:33.494,0,0.0,0,0,0,0,0,-9,-92,44166352,-11,97,-91436648
19:58:33.499,0,0.0,0,0,0,0,0,13,440,44166352,-18,-412,-91436648
19:58:33.504,0,0.0,0,0,0,0,0,25,1197,44166356,0,-643,-91436648
19:58:33.509,0,0.0,0,0,0,0,0,-20,12,44166352,6,26,-91436648
19:58:33.514,0,0.0,0,0,0,0,0,-9,-136,44166352,-16,48,-91436648
19:58:33.519,0,0.0,0,0,0,0,0,-20,1093,44166340,18,-468,-91436648
19:58:33.524,0,0.0,0,0,0,0,0,16,2267,44166364,-4,-426,-91436648
19:58:33.529,0,0.0,0,0,0,0,0,2,401,44166352,-3,-455,-91436648
19:58:33.534,0,0.0,0,0,0,0,0,-61,653,44166352,14,-357,-91436648
19:58:33.539,0,0.0,0,0,0,0,0,42,470,44166352,-7,-1003,-91436648
19:58:33.544,0,0.0,0,0,0,0,0,-300,1032,44166356,-3,223,-91436648
19:58:33.549,0,0.0,0,0,0,0,0,2,-540,44166344,-12,219,-91436648
19:58:33.554,0,0.0,0,0,0,0,0,1,-790,44166344,13,716,-91436648
19:58:33.559,0,0.0,0,0,0,0,0,31,650,44166352,-9,166,-91436648
19:58:33.564,0,0.0,0,0,0,0,0,-3,-1255,44166340,14,212,-91436648
19:58:33.569,0,0.0,0,0,0,0,0,-15,502,44166352,-1,249,-91436648
19:58:33.575,0,0.0,0,0,0,0,0,25,695,44166352,16,184,-91436648
19:58:33.580,0,0.0,0,0,0,0,0,-21,516,44166352,17,1239,-91436632
19:58:33.585,0,0.0,0,0,0,0,0,-15,-780,44166344,5,-419,-91436648
19:58:33.590,0,0.0,0,0,0,0,0,2,-1449,44166340,-20,179,-91436648
19:58:33.595,0,0.0,0,0,0,0,0,31,-1422,44166340,5,-471,-91436648
19:58:33.600,0,0.0,0,0,0,0,0,-9,-671,44166344,11,19,-91436648
19:58:33.605,0,0.0,0,0,0,0,0,-9,-1327,44166340,25,865,-91436648
19:58:33.610,0,0.0,0,0,0,0,0,20,449,44166352,-24,20,-91436648
19:58:33.615,0,0.0,0,0,0,0,0,-8,-2,44166352,1,779,-91436648
19:58:33.620,0,0.0,0,0,0,0,0,30,-1994,44166336,-9,-644,-91436648
19:58:33.625,0,0.0,0,0,0,0,0,2,632,44166352,-11,208,-91436648
19:58:33.630,0,0.0,0,0,0,0,0,26,-714,44166344,7,206,-91436648
19:58:33.635,0,0.0,0,0,0,0,0,13,2,44166352,3,79,-91436648
19:58:33.640,0,0.0,0,0,0,0,0,14,1209,44166356,-30,887,-91436648
19:58:33.645,0,0.0,0,0,0,0,0,-37,-1296,44166340,7,-514,-91436648
19:58:33.650,0,0.0,0,0,0,0,0,7,-124,44166352,-25,280,-91436648
19:58:33.655,0,0.0,0,0,0,0,0,-3,1101,44166340,-3,158,-91436648
19:58:33.661,0,0.0,0,0,0,0,0,-14,489,44166352,26,-274,-91436648
19:58:33.666,0,0.0,0,0,0,0,0,19,468,44166352,7,-536,-91436648
19:58:33.671,0,0.0,0,0,0,0,0,2,-784,44166344,18,-998,-91436648
19:58:33.676,0,0.0,0,0,0,0,0,8,-142,44166352,12,1959,-91436648
19:58:33.681,0,0.0,0,0,0,0,0,-3,-1257,44166340,15,259,-91436648
19:58:33.686,0,0.0,0,0,0,0,0,25,544,44166352,2,242,-91436648
19:58:33.691,0,0.0,0,0,0,0,0,2,1161,44166356,15,-583,-91436648
19:58:33.696,0,0.0,0,0,0,0,0,-185,1073,44166356,-11,-617,-91436648
19:58:33.701,0,0.0,0,0,0,0,0,25,-62,44166352,-21,206,-91436648
19:58:33.706,0,0.0,0,0,0,0,0,-48,1155,44166356,1,75,-91436648
19:58:33.711,0,0.0,0,0,0,0,0,-32,437,44166352,11,-374,-91436648
19:58:33.716,0,0.0,0,0,0,0,0,118,580,44166352,-4,-949,-91436648
19:58:33.721,0,0.0,0,0,0,0,0,-15,382,44166352,5,115,-91436648
19:58:33.726,0,0.0,0,0,0,0,0,-9,1005,44166356,-2,-372,-91436648
19:58:33.731,0,0.0,0,0,0,0,0,-9,-886,44166344,2,-391,-91436648
19:58:33.736,0,0.0,0,0,0,0,0,-15,-175,44166352,7,238,-91436648
19:58:33.741,0,0.0,0,0,0,0,0,-3,337,44166352,6,279,-91436648
19:58:33.747,0,0.0,0,0,0,0,0,-44,-770,44166344,-26,75,-91436648
19:58:33.752,0,0.0,0,0,0,0,0,2,453,44166352,-21,128,-91436648
19:58:33.757,0,0.0,0,0,0,0,0,19,457,44166352,3,205,-91436648
19:58:33.762,0,0.0,0,0,0,0,0,46,2948,44166372,7,793,-91436648
19:58:33.767,0,0.0,0,0,0,0,0,-20,28,44166352,-35,-645,-91436648
19:58:33.772,0,0.0,0,0,0,0,0,-44,1093,44166356,-6,-563,-91436648
19:58:33.777,0,0.0,0,0,0,0,0,-79,-1789,44166336,-4,-416,-91436648
19:58:33.782,0,0.0,0,0,0,0,0,129,1294,44166356,-37,-433,-91436648
19:58:33.787,0,0.0,0,0,0,0,0,7,1115,44166356,0,-513,-91436648
19:58:33.792,0,0.0,0,0,0,0,0,36,-1129,44166340,4,-429,-91436648
19:58:33.797,0,0.0,0,0,0,0,0,-19,1930,44166360,8,71,-91436648
19:58:33.802,0,0.0,0,0,0,0,0,20,1768,44166360,19,69,-91436648
19:58:33.807,0,0.0,0,0,0,0,0,-2,668,44166352,-8,-363,-91436648
19:58:33.812,0,0.0,0,0,0,0,0,-37,-85,44166352,-7,663,-91436648
19:58:33.817,0,0.0,0,0,0,0,0,-20,1136,44166356,2,232,-91436648
19:58:33.822,0,0.0,0,0,0,0,0,-96,-508,44166344,0,74,-91436648
19:58:33.828,0,0.0,0,0,0,0,0,31,1261,44166356,5,-532,-91436648
19:58:33.833,0,0.0,0,0,0,0,0,-9,-1215,44166340,-3,145,-91436648
19:58:33.838,0,0.0,0,0,0,0,0,-32,-1341,44166340,-1,-1804,-91436656
19:58:33.843,0,0.0,0,0,0,0,0,-27,-1359,44166340,0,33,-91436648
19:58:33.848,0,0.0,0,0,0,0,0,60,-755,44166336,13,52,-91436648
19:58:33.853,0,0.0,0,0,0,0,0,25,-666,44166344,-3,-988,-91436648
19:58:33.858,0,0.0,0,0,0,0,0,-9,-210,44166352,15,105,-91436648
19:58:33.863,0,0.0,0,0,0,0,0,49,1638,44166360,11,87,-91436648
19:58:33.868,0,0.0,0,0,0,0,0,2,-1916,44166336,-27,-594,-91436648
19:58:33.873,0,0.0,0,0,0,0,0,31,1190,44166356,-7,694,-91436648
19:58:33.878,0,0.0,0,0,0,0,0,106,1059,44166356,-7,-596,-91436648
19:58:33.883,0,0.0,0,0,0,0,0,-15,-222,44166352,29,-412,-91436648
19:58:33.888,0,0.0,0,0,0,0,0,31,-1354,44166340,5,19,-91436648
19:58:33.893,0,0.0,0,0,0,0,0,-49,672,44166352,7,-585,-91436648
19:58:33.898,0,0.0,0,0,0,0,0,20,487,44166352,5,258,-91436648
19:58:33.903,0,0.0,0,0,0,0,0,25,-1363,44166340,15,-539,-91436648
19:58:33.908,0,0.0,0,0,0,0,0,54,41,44166352,-16,220,-91436648
19:58:33.913,0,0.0,0,0,0,0,0,-26,-593,44166344,13,-1006,-91436648
19:58:33.919,0,0.0,0,0,0,0,0,7,-1175,44166340,25,-524,-91436648
19:58:33.924,0,0.0,0,0,0,0,0,25,25,44166352,-9,261,-91436648
19:58:33.929,0,0.0,0,0,0,0,0,106,562,44166352,-47,60,-91436648
19:58:33.934,0,0.0,0,0,0,0,0,25,-637,44166344,13,-621,-91436648
19:58:33.939,0,0.0,0,0,0,0,0,32,-732,44166344,3,76,-91436648
19:58:33.944,0,0.0,0,0,0,0,0,-267,658,44166352,0,-474,-91436648
19:58:33.949,0,0.0,0,0,0,0,0,8,2,44166352,11,-419,-91436648
19:58:33.954,0,0.0,0,0,0,0,0,-14,-162,44166352,-14,263,-91436648
19:58:33.959,0,0.0,0,0,0,0,0,24,1728,44166360,-10,-2293,-91436656
19:58:33.964,0,0.0,0,0,0,0,0,20,707,44166352,23,-461,-91436648
19:58:33.969,0,0.0,0,0,0,0,0,8,-1170,44166340,17,-1034,-91436648
19:58:33.974,0,0.0,0,0,0,0,0,-44,551,44166352,2,-312,-91436648
19:58:33.979,0,0.0,0,0,0,0,0,42,-1325,44166340,23,85,-91436648
19:58:33.984,0,0.0,0,0,0,0,0,-20,-816,44166344,8,53,-91436648
19:58:33.989,0,0.0,0,0,0,0,0,37,-118,44166352,-4,1483,-91436632
19:58:33.994,0,0.0,0,0,0,0,0,-31,525,44166352,-12,3,-91436648
19:58:33.999,0,0.0,0,0,0,0,0,-2,416,44166352,28,-494,-91436648
19:58:34.005,0,0.0,0,0,0,0,0,-49,-1429,44166340,21,-1138,-91436648
19:58:34.010,0,0.0,0,0,0,0,0,-9,-39,44166352,2,78,-91436648
19:58:34.015,0,0.0,0,0,0,0,0,-61,-1251,44166340,9,674,-91436648
19:58:34.020,0,0.0,0,0,0,0,0,8,638,44166352,10,85,-91436648
19:58:34.025,0,0.0,0,0,0,0,0,-3,1885,44166360,-18,287,-91436648
19:58:34.030,0,0.0,0,0,0,0,0,61,1254,44166356,-4,-597,-91436648
19:58:34.035,0,0.0,0,0,0,0,0,8,-1211,44166340,-2,-993,-91436648
19:58:34.040,0,0.0,0,0,0,0,0,-9,-592,44166344,-4,272,-91436648
19:58:34.045,0,0.0,0,0,0,0,0,-4,1040,44166356,8,-1578,-91436656
19:58:34.050,0,0.0,0,0,0,0,0,8,-2656,44166352,-5,-368,-91436648
19:58:34.055,0,0.0,0,0,0,0,0,-9,-1419,44166340,-33,59,-91436648
19:58:34.060,0,0.0,0,0,0,0,0,2,84,44166352,20,-1603,-91436656
19:58:34.065,0,0.0,0,0,0,0,0,-2,-104,44166352,-25,58,-91436648
19:58:34.070,0,0.0,0,0,0,0,0,95,53,44166352,12,152,-91436648
19:58:34.075,0,0.0,0,0,0,0,0,-21,1115,44166356,-8,37,-91436648
19:58:34.080,0,0.0,0,0,0,0,0,36,611,44166352,0,71,-91436648
19:58:34.085,0,0.0,0,0,0,0,0,3,1267,44166356,-9,78,-91436648
19:58:34.091,0,0.0,0,0,0,0,0,-9,1033,44166356,3,730,-91436648
19:58:34.096,0,0.0,0,0,0,0,0,-21,-748,44166344,-15,-404,-91436648
19:58:34.101,0,0.0,0,0,0,0,0,106,639,44166352,0,669,-91436648
19:58:34.106,0,0.0,0,0,0,0,0,-32,-1341,44166340,1,218,-91436648
19:58:34.111,0,0.0,0,0,0,0,0,-55,-93,44166352,1,-522,-91436648
19:58:34.116,0,0.0,0,0,0,0,0,-9,-702,44166344,-7,97,-91436648
19:58:34.121,0,0.0,0,0,0,0,0,66,-1279,44166340,-1,690,-91436648
19:58:34.126,0,0.0,0,0,0,0,0,-49,-686,44166344,1,261,-91436648
19:58:34.131,0,0.0,0,0,0,0,0,-27,-1939,44166336,-14,127,-91436648
19:58:34.136,0,0.0,0,0,0,0,0,37,1071,44166356,15,1504,-91436632
19:58:34.142,0,0.0,0,0,0,0,0,-38,473,44166352,-24,41,-91436648
19:58:34.147,0,0.0,0,0,0,0,0,-100,-1426,44166340,-9,-365,-91436648
19:58:34.152,0,0.0,0,0,0,0,0,3,1050,44166356,-16,99,-91436648
19:58:34.157,0,0.0,0,0,0,0,0,-44,-836,44166344,3,-974,-91436648
19:58:34.162,0,0.0,0,0,0,0,0,-3,573,44166352,-7,853,-91436648
19:58:34.167,0,0.0,0,0,0,0,0,-32,-1315,44166340,14,63,-91436648
19:58:34.172,0,0.0,0,0,0,0,0,-90,39,44166352,-9,107,-91436648
19:58:34.177,0,0.0,0,0,0,0,0,-32,-729,44166344,0,-394,-91436648
19:58:34.182,0,0.0,0,0,0,0,0,25,-1259,44166340,3,-549,-91436648
19:58:34.187,0,0.0,0,0,0,0,0,20,-1221,44166340,-2,-430,-91436648
19:58:34.192,0,0.0,0,0,0,0,0,-20,1145,44166356,-24,5,-91436648
19:58:34.197,0,0.0,0,0,0,0,0,-50,-1122,44166340,0,147,-91436648
19:58:34.202,0,0.0,0,0,0,0,0,19,-523,44166344,-7,-638,-91436648
19:58:34.207,0,0.0,0,0,0,0,0,-9,763,44166352,16,-523,-91436648
19:58:34.212,0,0.0,0,0,0,0,0,-38,-538,44166344,8,-437,-91436648
19:58:34.217,0,0.0,0,0,0,0,0,-8,-611,44166344,-20,83,-91436648
19:58:34.222,0,0.0,0,0,0,0,0,8,-1299,44166340,5,-1586,-91436656
19:58:34.228,0,0.0,0,0,0,0,0,66,1118,44166356,-21,63,-91436648
19:58:34.233,0,0.0,0,0,0,0,0,14,1286,44166356,6,-586,-91436648
19:58:34.238,0,0.0,0,0,0,0,0,20,507,44166352,-30,40,-91436648
19:58:34.243,0,0.0,0,0,0,0,0,-38,-220,44166352,2,1359,-91436632
19:58:34.248,0,0.0,0,0,0,0,0,2,1322,44166356,0,630,-91436648
19:58:34.253,0,0.0,0,0,0,0,0,37,-717,44166344,10,-588,-91436648
19:58:34.258,0,0.0,0,0,0,0,0,92,1158,44166356,-2,30,-91436648
19:58:34.263,0,0.0,0,0,0,0,0,8,1753,44166360,36,69,-91436648
19:58:34.268,0,0.0,0,0,0,0,0,8,-669,44166344,5,-1743,-91436656
19:58:34.273,0,0.0,0,0,0,0,0,-20,-1250,44166340,5,267,-91436648
19:58:34.278,0,0.0,0,0,0,0,0,20,-544,44166344,-10,772,-91436648
19:58:34.283,0,0.0,0,0,0,0,0,60,1169,44166356,8,193,-91436648
19:58:34.288,0,0.0,0,0,0,0,0,-44,500,44166352,-1,-403,-91436648
19:58:34.293,0,0.0,0,0,0,0,0,36,50,44166352,-1,-544,-91436648
19:58:34.298,0,0.0,0,0,0,0,0,25,491,44166352,-11,-407,-91436648
19:58:34.303,0,0.0,0,0,0,0,0,8,-1432,44166340,7,-576,-91436648
19:58:34.308,0,0.0,0,0,0,0,0,-33,716,44166352,-11,-480,-91436648
19:58:34.313,0,0.0,0,0,0,0,0,-26,678,44166352,-13,88,-91436648
19:58:34.319,0,0.0,0,0,0,0,0,54,-471,44166344,23,91,-91436648
19:58:34.324,0,0.0,0,0,0,0,0,-32,-749,44166344,-1,1428,-91436632
19:58:34.329,0,0.0,0,0,0,0,0,-32,-618,44166344,11,0,-91436648
19:58:34.334,0,0.0,0,0,0,0,0,43,1086,44166356,-21,32,-91436648
19:58:34.339,0,0.0,0,0,0,0,0,-32,578,44166352,-6,68,-91436648
19:58:34.344,0,0.0,0,0,0,0,0,19,1174,44166356,-12,34,-91436648
19:58:34.349,0,0.0,0,0,0,0,0,31,-38,44166352,15,-567,-91436648
19:58:34.354,0,0.0,0,0,0,0,0,25,-1281,44166340,0,69,-91436648
19:58:34.359,0,0.0,0,0,0,0,0,-9,1219,44166356,16,241,-91436648
19:58:34.364,0,0.0,0,0,0,0,0,-174,1068,44166356,-15,208,-91436648
19:58:34.369,0,0.0,0,0,0,0,0,54,-576,44166344,-29,-539,-91436648
19:58:34.374,0,0.0,0,0,0,0,0,14,-1332,44166340,8,-585,-91436648
19:58:34.379,0,0.0,0,0,0,0,0,8,-1349,44166340,-14,616,-91436648
19:58:34.384,0,0.0,0,0,0,0,0,32,-737,44166344,-1,30,-91436648
19:58:34.390,0,0.0,0,0,0,0,0,-37,-1265,44166340,-25,642,-91436648
19:58:34.395,0,0.0,0,0,0,0,0,-8,1120,44166356,-9,141,-91436648
19:58:34.400,0,0.0,0,0,0,0,0,165,-632,44166344,-6,-414,-91436648
19:58:34.405,0,0.0,0,0,0,0,0,25,-1174,44166340,-7,1473,-91436632
19:58:34.410,0,0.0,0,0,0,0,0,2,1128,44166356,3,166,-91436648
19:58:34.415,0,0.0,0,0,0,0,0,42,665,44166352,-20,217,-91436648
19:58:34.420,0,0.0,0,0,0,0,0,25,-1193,44166340,-11,11,-91436648
19:58:34.425,0,0.0,0,0,0,0,0,-49,-1177,44166340,-15,801,-91436648
19:58:34.430,0,0.0,0,0,0,0,0,-21,1175,44166356,-26,261,-91436648
19:58:34.435,0,0.0,0,0,0,0,0,78,1192,44166356,-14,-533,-91436648
19:58:34.440,0,0.0,0,0,0,0,0,14,703,44166352,2,-370,-91436648
19:58:34.445,0,0.0,0,0,0,0,0,14,-857,44166344,1,-401,-91436648
19:58:34.450,0,0.0,0,0,0,0,0,13,-667,44166344,-26,200,-91436648
19:58:34.455,0,0.0,0,0,0,0,0,-9,-1397,44166340,-2,-387,-91436648
19:58:34.460,0,0.0,0,0,0,0,0,24,354,44166352,-11,35,-91436648
19:58:34.465,0,0.0,0,0,0,0,0,-72,-949,44166344,31,-9,-91436648
19:58:34.471,0,0.0,0,0,0,0,0,60,2267,44166364,1,90,-91436648
19:58:34.476,0,0.0,0,0,0,0,0,25,10,44166352,5,-408,-91436648
19:58:34.481,0,0.0,0,0,0,0,0,-15,-1361,44166340,-3,-1060,-91436648
19:58:34.486,0,0.0,0,0,0,0,0,13,601,44166352,0,-507,-91436648
19:58:34.491,0,0.0,0,0,0,0,0,25,-1375,44166340,-15,1337,-91436632
19:58:34.496,0,0.0,0,0,0,0,0,-14,580,44166352,-5,-543,-91436648
19:58:34.501,0,0.0,0,0,0,0,0,25,-913,44166344,1,137,-91436648
19:58:34.506,0,0.0,0,0,0,0,0,7,-228,44166352,3,721,-91436648
19:58:34.511,0,0.0,0,0,0,0,0,37,966,44166356,-9,-397,-91436648
19:58:34.516,0,0.0,0,0,0,0,0,66,-1330,44166340,-33,251,-91436648
19:58:34.521,0,0.0,0,0,0,0,0,19,653,44166352,-3,-409,-91436648
19:58:34.526,0,0.0,0,0,0,0,0,-43,533,44166352,-5,43,-91436648
19:58:34.531,0,0.0,0,0,0,0,0,-9,1096,44166356,-10,863,-91436648
19:58:34.536,0,0.0,0,0,0,0,0,95,399,44166352,1,128,-91436648
19:58:34.541,0,0.0,0,0,0,0,0,19,-676,44166344,3,106,-91436648
19:58:34.546,0,0.0,0,0,0,0,0,8,-2,44166352,-9,1276,-91436632
19:58:34.551,0,0.0,0,0,0,0,0,84,787,44166352,11,-596,-91436648
19:58:34.556,0,0.0,0,0,0,0,0,3,-749,44166344,10,210,-91436648
19:58:34.562,0,0.0,0,0,0,0,0,-8,-96,44166352,8,-306,-91436648
19:58:34.567,0,0.0,0,0,0,0,0,-27,-673,44166344,4,132,-91436648
19:58:34.572,0,0.0,0,0,0,0,0,-39,2455,44166364,10,71,-91436648
19:58:34.577,0,0.0,0,0,0,0,0,8,-71,44166352,1,-535,-91436648
19:58:34.582,0,0.0,0,0,0,0,0,19,-1271,44166340,-18,-450,-91436648
19:58:34.587,0,0.0,0,0,0,0,0,-9,-1790,44166336,-20,215,-91436648
19:58:34.592,0,0.0,0,0,0,0,0,-2,-602,44166344,1,61,-91436648
19:58:34.597,0,0.0,0,0,0,0,0,2,-1124,44166340,-6,177,-91436648
19:58:34.602,0,0.0,0,0,0,0,0,-38,1783,44166360,-36,-1077,-91436648
19:58:34.607,0,0.0,0,0,0,0,0,-191,727,44166352,14,-409,-91436648
19:58:34.612,0,0.0,0,0,0,0,0,25,774,44166352,4,43,-91436648
19:58:34.617,0,0.0,0,0,0,0,0,8,717,44166352,-5,55,-91436648
19:58:34.622,0,0.0,0,0,0,0,0,-15,-54,44166352,1,1418,-91436632
19:58:34.627,0,0.0,0,0,0,0,0,2,-1127,44166340,11,-352,-91436648
19:58:34.632,0,0.0,0,0,0,0,0,-8,-472,44166344,-1,97,-91436648
19:58:34.637,0,0.0,0,0,0,0,0,49,1206,44166356,-21,224,-91436648
19:58:34.642,0,0.0,0,0,0,0,0,86,1246,44166356,-14,-379,-91436648
19:58:34.647,0,0.0,0,0,0,0,0,54,463,44166352,-2,-378,-91436648
19:58:34.653,0,0.0,0,0,0,0,0,2,1048,44166356,-4,-406,-91436648
19:58:34.658,0,0.0,0,0,0,0,0,14,-45,44166352,12,53,-91436648
19:58:34.663,0,0.0,0,0,0,0,0,-15,477,44166352,11,-442,-91436648
19:58:34.668,0,0.0,0,0,0,0,0,-3,-1893,44166336,7,262,-91436648
19:58:34.673,0,0.0,0,0,0,0,0,-8,-1263,44166340,23,266,-91436648
19:58:34.678,0,0.0,0,0,0,0,0,8,-2469,44166336,-6,7,-91436648
19:58:34.683,0,0.0,0,0,0,0,0,8,-115,44166352,18,-600,-91436648
19:58:34.688,0,0.0,0,0,0,0,0,25,-71,44166352,0,39,-91436648
19:58:34.693,0,0.0,0,0,0,0,0,7,702,44166352,26,-1206,-91436648
19:58:34.698,0,0.0,0,0,0,0,0,60,-1275,44166340,8,148,-91436648
19:58:34.703,0,0.0,0,0,0,0,0,49,-502,44166344,-5,15,-91436648
19:58:34.708,0,0.0,0,0,0,0,0,-15,-726,44166344,-16,206,-91436648
19:58:34.713,0,0.0,0,0,0,0,0,-3,-1232,44166340,8,219,-91436648
19:58:34.718,0,0.0,0,0,0,0,0,-9,688,44166352,-2,-550,-91436648
19:58:34.723,0,0.0,0,0,0,0,0,-49,-506,44166344,14,698,-91436648
19:58:34.728,0,0.0,0,0,0,0,0,42,-525,44166344,-27,1410,-91436632
19:58:34.733,0,0.0,0,0,0,0,0,7,-1134,44166340,2,-401,-91436648
19:58:34.738,0,0.0,0,0,0,0,0,7,530,44166352,5,129,-91436648
19:58:34.744,0,0.0,0,0,0,0,0,-37,632,44166352,10,-377,-91436648
19:58:34.749,0,0.0,0,0,0,0,0,-19,1413,44166356,5,251,-91436648
19:58:34.754,0,0.0,0,0,0,0,0,89,105,44166352,35,-347,-91436648
19:58:34.759,0,0.0,0,0,0,0,0,-8,128,44166352,37,70,-91436648
19:58:34.764,0,0.0,0,0,0,0,0,8,-775,44166344,23,-1622,-91436656
19:58:34.769,0,0.0,0,0,0,0,0,31,-1169,44166340,18,-518,-91436648
19:58:34.774,0,0.0,0,0,0,0,0,43,628,44166352,0,-2404,-91436656
19:58:34.779,0,0.0,0,0,0,0,0,2,138,44166352,-10,298,-91436648
19:58:34.784,0,0.0,0,0,0,0,0,19,-483,44166344,23,305,-91436648
19:58:34.789,0,0.0,0,0,0,0,0,-3,-1219,44166340,-11,751,-91436648
19:58:34.794,0,0.0,0,0,0,0,0,8,-1155,44166340,0,54,-91436648
19:58:34.799,0,0.0,0,0,0,0,0,25,-1172,44166340,-8,-434,-91436648
19:58:34.804,0,0.0,0,0,0,0,0,2,-1298,44166340,-18,-88,-91436648
19:58:34.809,0,0.0,0,0,0,0,0,8,539,44166352,-10,1881,-91436632
19:58:34.814,0,0.0,0,0,0,0,0,-3,-668,44166344,4,-582,-91436648
19:58:34.819,0,0.0,0,0,0,0,0,13,-39,44166352,0,-586,-91436648
19:58:34.824,0,0.0,0,0,0,0,0,-38,555,44166352,-9,-350,-91436648
19:58:34.830,0,0.0,0,0,0,0,0,14,753,44166352,16,-290,-91436648
19:58:34.835,0,0.0,0,0,0,0,0,25,702,44166352,7,-370,-91436648
19:58:34.840,0,0.0,0,0,0,0,0,14,98,44166352,-45,-368,-91436648
19:58:34.845,0,0.0,0,0,0,0,0,7,-59,44166352,-5,-453,-91436648
19:58:34.850,0,0.0,0,0,0,0,0,31,1370,44166356,3,110,-91436648
19:58:34.855,0,0.0,0,0,0,0,0,8,53,44166352,-1,-522,-91436648
19:58:34.860,0,0.0,0,0,0,0,0,2,236,44166352,-5,182,-91436648
19:58:34.865,0,0.0,0,0,0,0,0,19,727,44166352,-4,813,-91436648
19:58:34.870,0,0.0,0,0,0,0,0,-89,1487,44166356,24,612,-91436648
19:58:34.875,0,0.0,0,0,0,0,0,-26,-582,44166344,11,212,-91436648
19:58:34.880,0,0.0,0,0,0,0,0,54,-661,44166344,-2,693,-91436648
19:58:34.885,0,0.0,0,0,0,0,0,-3,-1380,44166340,8,41,-91436648
19:58:34.891,0,0.0,0,0,0,0,0,-9,655,44166352,5,-556,-91436648
19:58:34.896,0,0.0,0,0,0,0,0,83,1225,44166356,-4,698,-91436648
19:58:34.901,0,0.0,0,0,0,0,0,37,-1374,44166340,-25,851,-91436648
19:58:34.906,0,0.0,0,0,0,0,0,-20,-1308,44166340,-2,-511,-91436648
19:58:34.911,0,0.0,0,0,0,0,0,25,1098,44166356,1,-523,-91436648
19:58:34.926,0,0.0,0,0,0,0,0,66,1120,44166356,1,77,-91436648
19:58:34.931,0,0.0,0,0,0,0,0,8,1704,44166360,-3,217,-91436648
19:58:34.936,0,0.0,0,0,0,0,0,8,573,44166352,-18,659,-91436648
19:58:34.941,0,0.0,0,0,0,0,0,18,676,44166352,6,74,-91436648
19:58:34.946,0,0.0,0,0,0,0,0,-9,1211,44166356,0,216,-91436648
19:58:34.951,0,0.0,0,0,0,0,0,-15,-1142,44166340,11,-458,-91436648
19:58:34.956,0,0.0,0,0,0,0,0,-14,103,44166352,5,229,-91436648
19:58:34.961,0,0.0,0,0,0,0,0,60,1340,44166356,32,-344,-91436648
19:58:34.966,0,0.0,0,0,0,0,0,-369,1241,44166356,-5,169,-91436648
19:58:34.971,0,0.0,0,0,0,0,0,-78,-1332,44166340,13,-14,-91436648
19:58:34.976,0,0.0,0,0,0,0,0,-26,662,44166352,-2,52,-91436648
19:58:34.982,0,0.0,0,0,0,0,0,31,-680,44166344,11,-399,-91436648
19:58:34.987,0,0.0,0,0,0,0,0,37,-740,44166344,0,263,-91436648
19:58:34.992,0,0.0,0,0,0,0,0,19,-773,44166344,17,68,-91436648
19:58:34.997,0,0.0,0,0,0,0,0,8,669,44166352,4,-389,-91436648
19:58:35.002,0,0.0,0,0,0,0,0,2,483,44166352,-8,-400,-91436648
19:58:35.007,0,0.0,0,0,0,0,0,2,1085,44166356,3,4,-91436648
19:58:35.012,0,0.0,0,0,0,0,0,-15,-1187,44166340,12,199,-91436648
19:58:35.017,0,0.0,0,0,0,0,0,-2,1132,44166356,2,54,-91436648
19:58:35.022,0,0.0,0,0,0,0,0,-26,800,44166352,4,30,-91436648
19:58:35.027,0,0.0,0,0,0,0,0,8,186,44166352,0,-433,-91436648
19:58:35.032,0,0.0,0,0,0,0,0,-3,730,44166352,-9,-467,-91436648
19:58:35.037,0,0.0,0,0,0,0,0,-37,621,44166352,-3,89,-91436648
19:58:35.042,0,0.0,0,0,0,0,0,-15,812,44166352,-4,-503,-91436648
19:58:35.047,0,0.0,0,0,0,0,0,73,1141,44166356,-14,-23,-91436648
19:58:35.052,0,0.0,0,0,0,0,0,19,-1052,44166340,-20,-481,-91436648
19:58:35.057,0,0.0,0,0,0,0,0,-3,-940,44166340,-5,173,-91436648
19:58:35.062,0,0.0,0,0,0,0,0,31,1517,44166356,33,245,-91436648
19:58:35.067,0,0.0,0,0,0,0,0,26,1435,44166356,-19,251,-91436648
19:58:35.073,0,0.0,0,0,0,0,0,20,-1049,44166340,-5,67,-91436648
19:58:35.078,0,0.0,0,0,0,0,0,-3,171,44166352,0,-330,-91436648
19:58:35.083,0,0.0,0,0,0,0,0,119,1240,44166356,21,323,-91436648
19:58:35.088,0,0.0,0,0,0,0,0,20,1106,44166356,-4,-542,-91436648
19:58:35.093,0,0.0,0,0,0,0,0,61,2520,44166364,12,1910,-91436632
19:58:35.098,0,0.0,0,0,0,0,0,25,50,44166352,-9,227,-91436648
19:58:35.103,0,0.0,0,0,0,0,0,26,-1777,44166336,-9,98,-91436648
19:58:35.108,0,0.0,0,0,0,0,0,-56,-463,44166344,-11,741,-91436648
19:58:35.113,0,0.0,0,0,0,0,0,66,1358,44166356,18,-434,-91436648
19:58:35.118,0,0.0,0,0,0,0,0,79,-501,44166344,-7,231,-91436648
19:58:35.123,0,0.0,0,0,0,0,0,-72,-1058,44166340,10,832,-91436648
19:58:35.128,0,0.0,0,0,0,0,0,2,21,44166352,-16,46,-91436648
19:58:35.133,0,0.0,0,0,0,0,0,25,1329,44166356,-9,224,-91436648
19:58:35.138,0,0.0,0,0,0,0,0,-38,470,44166352,-1,16,-91436648
19:58:35.143,0,0.0,0,0,0,0,0,-55,-1147,44166340,-22,726,-91436648
19:58:35.148,0,0.0,0,0,0,0,0,-27,-1309,44166340,15,-426,-91436648
19:58:35.153,0,0.0,0,0,0,0,0,-3,553,44166352,34,216,-91436648
19:58:35.158,0,0.0,0,0,0,0,0,-67,52,44166352,8,-1184,-91436648
19:58:35.164,0,0.0,0,0,0,0,0,49,556,44166352,0,-463,-91436648
19:58:35.169,0,0.0,0,0,0,0,0,2,-1198,44166340,-30,168,-91436648
19:58:35.174,0,0.0,0,0,0,0,0,-26,-1188,44166340,1,-608,-91436648
19:58:35.179,0,0.0,0,0,0,0,0,48,-663,44166344,7,-15,-91436648
19:58:35.184,0,0.0,0,0,0,0,0,100,723,44166352,-7,211,-91436648
19:58:35.189,0,0.0,0,0,0,0,0,2,1392,44166356,7,-620,-91436648
19:58:35.194,0,0.0,0,0,0,0,0,2,609,44166352,11,807,-91436648
19:58:35.199,0,0.0,0,0,0,0,0,31,-431,44166344,14,-599,-91436648
19:58:35.204,0,0.0,0,0,0,0,0,2,-1254,44166340,-8,-394,-91436648
19:58:35.209,0,0.0,0,0,0,0,0,9,3027,44166372,-14,29,-91436648
19:58:35.214,0,0.0,0,0,0,0,0,-14,-20,44166352,-1,-567,-91436648
19:58:35.219,0,0.0,0,0,0,0,0,-14,53,44166352,-11,4,-91436648
19:58:35.224,0,0.0,0,0,0,0,0,14,99,44166352,3,70,-91436648
19:58:35.229,0,0.0,0,0,0,0,0,-38,602,44166352,20,-387,-91436648
19:58:35.234,0,0.0,0,0,0,0,0,-32,560,44166352,23,50,-91436648
19:58:35.239,0,0.0,0,0,0,0,0,-3,738,44166352,27,11,-91436648
19:58:35.244,0,0.0,0,0,0,0,0,8,-1021,44166340,5,670,-91436648
19:58:35.250,0,0.0,0,0,0,0,0,-3,-374,44166344,-16,729,-91436648
19:58:35.255,0,0.0,0,0,0,0,0,-9,139,44166352,-6,-380,-91436648
19:58:35.260,0,0.0,0,0,0,0,0,8,1209,44166356,-11,-455,-91436648
19:58:35.265,0,0.0,0,0,0,0,0,-38,-1781,44166336,9,109,-91436648
19:58:35.270,0,0.0,0,0,0,0,0,-8,-664,44166344,29,104,-91436648
19:58:35.275,0,0.0,0,0,0,0,0,-32,1462,44166356,-12,-460,-91436648
19:58:35.280,0,0.0,0,0,0,0,0,-9,763,44166352,-9,-331,-91436648
19:58:35.285,0,0.0,0,0,0,0,0,8,-1102,44166340,32,227,-91436648
19:58:35.290,0,0.0,0,0,0,0,0,-14,-1122,44166340,-3,-376,-91436648
19:58:35.295,0,0.0,0,0,0,0,0,2,1279,44166356,22,-388,-91436648
19:58:35.300,0,0.0,0,0,0,0,0,20,-1097,44166340,18,934,-91436648
19:58:35.305,0,0.0,0,0,0,0,0,14,-1129,44166340,-3,659,-91436648
19:58:35.310,0,0.0,0,0,0,0,0,-8,-1200,44166340,1,14,-91436648
19:58:35.315,0,0.0,0,0,0,0,0,-44,566,44166352,1,193,-91436648
19:58:35.320,0,0.0,0,0,0,0,0,-49,-706,44166344,7,-611,-91436648
19:58:35.325,0,0.0,0,0,0,0,0,14,617,44166352,8,61,-91436648
19:58:35.330,0,0.0,0,0,0,0,0,25,-553,44166344,7,286,-91436648
19:58:35.336,0,0.0,0,0,0,0,0,25,617,44166352,6,-1748,-91436656
19:58:35.341,0,0.0,0,0,0,0,0,-44,111,44166352,8,107,-91436648
19:58:35.346,0,0.0,0,0,0,0,0,19,-1180,44166340,8,212,-91436648
19:58:35.351,0,0.0,0,0,0,0,0,-43,51,44166352,8,67,-91436648
19:58:35.356,0,0.0,0,0,0,0,0,20,-681,44166344,-13,-409,-91436648
19:58:35.361,0,0.0,0,0,0,0,0,-61,701,44166352,-8,-432,-91436648
19:58:35.366,0,0.0,0,0,0,0,0,19,-515,44166344,-3,31,-91436648
19:58:35.371,0,0.0,0,0,0,0,0,-3,-1018,44166340,0,-68,-91436648
19:58:35.376,0,0.0,0,0,0,0,0,-84,1386,44166356,-8,704,-91436648
19:58:35.381,0,0.0,0,0,0,0,0,8,772,44166352,-8,-11,-91436648
19:58:35.386,0,0.0,0,0,0,0,0,-15,-1110,44166340,-8,772,-91436648
19:58:35.391,0,0.0,0,0,0,0,0,-79,-1172,44166340,-19,704,-91436648
19:58:35.396,0,0.0,0,0,0,0,0,31,1473,44166356,-29,163,-91436648
19:58:35.401,0,0.0,0,0,0,0,0,-8,-1066,44166340,-22,-545,-91436648
19:58:35.406,0,0.0,0,0,0,0,0,-21,-1045,44166340,-6,140,-91436648
19:58:35.412,0,0.0,0,0,0,0,0,37,-1198,44166340,26,-381,-91436648
19:58:35.417,0,0.0,0,0,0,0,0,8,-744,44166344,2,-316,-91436648
19:58:35.422,0,0.0,0,0,0,0,0,20,1201,44166356,-4,76,-91436648
19:58:35.427,0,0.0,0,0,0,0,0,54,202,44166352,1,243,-91436648
19:58:35.432,0,0.0,0,0,0,0,0,-14,-1039,44166340,14,-392,-91436648
19:58:35.437,0,0.0,0,0,0,0,0,19,820,44166352,-8,-382,-91436648
19:58:35.442,0,0.0,0,0,0,0,0,8,361,44166352,11,1307,-91436632
19:58:35.447,0,0.0,0,0,0,0,0,-3,781,44166352,24,647,-91436648
19:58:35.452,0,0.0,0,0,0,0,0,19,709,44166352,-22,35,-91436648
19:58:35.457,0,0.0,0,0,0,0,0,31,-524,44166344,-3,7,-91436648
19:58:35.462,0,0.0,0,0,0,0,0,-26,-1193,44166340,-18,246,-91436648
19:58:35.467,0,0.0,0,0,0,0,0,-67,140,44166352,-10,-518,-91436648
19:58:35.472,0,0.0,0,0,0,0,0,-26,-562,44166344,-1,230,-91436648
19:58:35.477,0,0.0,0,0,0,0,0,-26,-1058,44166340,-22,-405,-91436648
19:58:35.482,0,0.0,0,0,0,0,0,8,-11,44166352,8,53,-91436648
19:58:35.487,0,0.0,0,0,0,0,0,-27,1269,44166356,1,25,-91436648
19:58:35.492,0,0.0,0,0,0,0,0,-106,1280,44166356,14,1210,-91436632
19:58:35.498,0,0.0,0,0,0,0,0,31,184,44166352,7,190,-91436648
19:58:35.503,0,0.0,0,0,0,0,0,31,-618,44166344,-3,-444,-91436648
19:58:35.508,0,0.0,0,0,0,0,0,38,690,44166352,-6,-610,-91436648
19:58:35.513,0,0.0,0,0,0,0,0,54,-389,44166344,-1,219,-91436648
19:58:35.518,0,0.0,0,0,0,0,0,119,1827,44166360,24,315,-91436648
19:58:35.523,0,0.0,0,0,0,0,0,2,-618,44166344,-3,85,-91436648
19:58:35.528,0,0.0,0,0,0,0,0,84,812,44166352,9,258,-91436648
19:58:35.533,0,0.0,0,0,0,0,0,2,-1669,44166336,9,-529,-91436648
19:58:35.538,0,0.0,0,0,0,0,0,-20,152,44166352,7,1278,-91436632
19:58:35.543,0,0.0,0,0,0,0,0,31,-490,44166344,25,15,-91436648
19:58:35.548,0,0.0,0,0,0,0,0,7,-1738,44166336,20,214,-91436648
19:58:35.553,0,0.0,0,0,0,0,0,13,-503,44166344,-8,-654,-91436648
19:58:35.558,0,0.0,0,0,0,0,0,37,73,44166352,-5,-593,-91436648
19:58:35.563,0,0.0,0,0,0,0,0,-8,-628,44166344,2,669,-91436648
19:58:35.568,0,0.0,0,0,0,0,0,-20,1199,44166356,-12,693,-91436648
19:58:35.573,0,0.0,0,0,0,0,0,-43,34,44166352,-8,-547,-91436648
19:58:35.579,0,0.0,0,0,0,0,0,-15,159,44166352,5,251,-91436648
19:58:35.584,0,0.0,0,0,0,0,0,8,724,44166352,-7,-412,-91436648
19:58:35.589,0,0.0,0,0,0,0,0,120,608,44166352,-1,97,-91436648
19:58:35.594,0,0.0,0,0,0,0,0,-15,200,44166352,-23,74,-91436648
19:58:35.599,0,0.0,0,0,0,0,0,-3,-28,44166352,-7,-681,-91436648
19:58:35.604,0,0.0,0,0,0,0,0,19,-8,44166352,10,-630,-91436648
19:58:35.609,0,0.0,0,0,0,0,0,-38,-563,44166344,21,0,-91436648
19:58:35.614,0,0.0,0,0,0,0,0,7,-564,44166344,4,-404,-91436648
19:58:35.619,0,0.0,0,0,0,0,0,-67,660,44166352,-24,253,-91436648
19:58:35.624,0,0.0,0,0,0,0,0,-3,-1066,44166340,-44,-416,-91436648
19:58:35.629,0,0.0,0,0,0,0,0,-3,1324,44166356,9,211,-91436648
19:58:35.634,0,0.0,0,0,0,0,0,-3,-1653,44166336,0,26,-91436648
19:58:35.639,0,0.0,0,0,0,0,0,-21,152,44166352,-6,240,-91436648
19:58:35.644,0,0.0,0,0,0,0,0,-44,-969,44166340,-2,50,-91436648
19:58:35.649,0,0.0,0,0,0,0,0,14,-624,44166344,-15,699,-91436648
19:58:35.654,0,0.0,0,0,0,0,0,86,2507,44166364,8,213,-91436648
19:58:35.660,0,0.0,0,0,0,0,0,-20,782,44166352,6,104,-91436648
19:58:35.665,0,0.0,0,0,0,0,0,65,850,44166352,-1,207,-91436648
19:58:35.670,0,0.0,0,0,0,0,0,25,1394,44166352,-12,-511,-91436648
19:58:35.675,0,0.0,0,0,0,0,0,-94,759,44166352,1,-1553,-91436656
19:58:35.680,0,0.0,0,0,0,0,0,2,-489,44166344,-11,224,-91436648
19:58:35.685,0,0.0,0,0,0,0,0,25,-1222,44166340,-4,48,-91436648
19:58:35.690,0,0.0,0,0,0,0,0,37,-465,44166344,7,105,-91436648
19:58:35.695,0,0.0,0,0,0,0,0,-3,1287,44166356,-27,650,-91436648
19:58:35.700,0,0.0,0,0,0,0,0,43,-1104,44166340,10,848,-91436648
19:58:35.705,0,0.0,0,0,0,0,0,13,-1259,44166340,3,-1769,-91436656
19:58:35.710,0,0.0,0,0,0,0,0,20,1352,44166356,7,125,-91436648
19:58:35.715,0,0.0,0,0,0,0,0,-26,-1080,44166340,2,827,-91436648
19:58:35.720,0,0.0,0,0,0,0,0,-31,-442,44166344,10,1354,-91436632
19:58:35.725,0,0.0,0,0,0,0,0,-3,-385,44166344,-1,247,-91436648
19:58:35.730,0,0.0,0,0,0,0,0,107,-1074,44166340,-14,-386,-91436648
19:58:35.735,0,0.0,0,0,0,0,0,-15,-317,44166344,-7,-689,-91436648
19:58:35.740,0,0.0,0,0,0,0,0,-14,268,44166352,0,40,-91436648
19:58:35.746,0,0.0,0,0,0,0,0,84,818,44166352,3,1891,-91436632
19:58:35.751,0,0.0,0,0,0,0,0,8,1405,44166356,12,-566,-91436648
19:58:35.756,0,0.0,0,0,0,0,0,13,803,44166352,4,-430,-91436648
19:58:35.761,0,0.0,0,0,0,0,0,20,670,44166352,-12,190,-91436648
19:58:35.766,0,0.0,0,0,0,0,0,13,186,44166352,15,-449,-91436648
19:58:35.771,0,0.0,0,0,0,0,0,19,-586,44166344,19,34,-91436648
19:58:35.776,0,0.0,0,0,0,0,0,-85,1944,44166360,-9,-382,-91436648
19:58:35.781,0,0.0,0,0,0,0,0,72,761,44166352,6,-337,-91436648
19:58:35.786,0,0.0,0,0,0,0,0,-26,-1123,44166340,-27,-383,-91436648
19:58:35.791,0,0.0,0,0,0,0,0,-21,562,44166352,1,-411,-91436648
19:58:35.796,0,0.0,0,0,0,0,0,2,-1293,44166340,-23,-434,-91436648
19:58:35.801,0,0.0,0,0,0,0,0,26,1282,44166356,12,-573,-91436648
19:58:35.806,0,0.0,0,0,0,0,0,37,1272,44166356,0,33,-91436648
19:58:35.811,0,0.0,0,0,0,0,0,42,1297,44166356,-22,199,-91436648
19:58:35.816,0,0.0,0,0,0,0,0,25,-384,44166344,-4,-387,-91436648
19:58:35.821,0,0.0,0,0,0,0,0,44,2053,44166360,0,135,-91436648
19:58:35.826,0,0.0,0,0,0,0,0,-3,-439,44166344,6,-427,-91436648
19:58:35.831,0,0.0,0,0,0,0,0,-3,1518,44166356,5,-339,-91436648
19:58:35.837,0,0.0,0,0,0,0,0,-38,-433,44166344,2,808,-91436648
19:58:35.842,0,0.0,0,0,0,0,0,124,-964,44166340,-5,-633,-91436648
19:58:35.847,0,0.0,0,0,0,0,0,-2,-278,44166344,-3,1287,-91436632
19:58:35.852,0,0.0,0,0,0,0,0,2,780,44166352,5,-469,-91436648
19:58:35.857,0,0.0,0,0,0,0,0,67,-965,44166340,-15,812,-91436648
19:58:35.862,0,0.0,0,0,0,0,0,-39,-380,44166344,14,-437,-91436648
19:58:35.867,0,0.0,0,0,0,0,0,25,64,44166352,-12,-613,-91436648
19:58:35.872,0,0.0,0,0,0,0,0,2,875,44166352,-14,232,-91436648
19:58:35.877,0,0.0,0,0,0,0,0,8,-470,44166344,0,24,-91436648
19:58:35.882,0,0.0,0,0,0,0,0,-15,-621,44166344,-14,76,-91436648
19:58:35.887,0,0.0,0,0,0,0,0,20,-972,44166340,2,291,-91436648
19:58:35.892,0,0.0,0,0,0,0,0,-9,-1180,44166340,-7,75,-91436648
19:58:35.897,0,0.0,0,0,0,0,0,49,1303,44166356,17,43,-91436648
19:58:35.902,0,0.0,0,0,0,0,0,-66,-466,44166344,6,-407,-91436648
19:58:35.907,0,0.0,0,0,0,0,0,-14,-1127,44166340,11,1944,-91436632
19:58:35.912,0,0.0,0,0,0,0,0,-33,-472,44166344,-15,63,-91436648
19:58:35.917,0,0.0,0,0,0,0,0,31,-1150,44166340,17,948,-91436648
19:58:35.923,0,0.0,0,0,0,0,0,-72,51,44166352,7,109,-91436648
19:58:35.928,0,0.0,0,0,0,0,0,25,1540,44166356,4,-421,-91436648
19:58:35.933,0,0.0,0,0,0,0,0,-9,620,44166352,0,719,-91436648
19:58:35.938,0,0.0,0,0,0,0,0,-2,-1203,44166340,0,49,-91436648
19:58:35.943,0,0.0,0,0,0,0,0,31,1326,44166356,-9,25,-91436648
19:58:35.948,0,0.0,0,0,0,0,0,-20,-1198,44166340,16,1334,-91436632
19:58:35.953,0,0.0,0,0,0,0,0,-9,-1591,44166336,-2,-414,-91436648
19:58:35.958,0,0.0,0,0,0,0,0,-9,-2197,44166336,45,-321,-91436648
19:58:35.963,0,0.0,0,0,0,0,0,8,953,44166352,-29,110,-91436648
19:58:35.968,0,0.0,0,0,0,0,0,-9,-1005,44166340,5,1448,-91436632
19:58:35.973,0,0.0,0,0,0,0,0,14,-1263,44166340,-11,218,-91436648
19:58:35.978,0,0.0,0,0,0,0,0,-3,-1198,44166340,-6,-411,-91436648
19:58:35.983,0,0.0,0,0,0,0,0,31,-521,44166344,8,100,-91436648
19:58:35.988,0,0.0,0,0,0,0,0,19,812,44166352,-6,218,-91436648
19:58:35.993,0,0.0,0,0,0,0,0,2,255,44166352,-29,830,-91436648
19:58:35.998,0,0.0,0,0,0,0,0,-91,677,44166352,-11,20,-91436648
19:58:36.003,0,0.0,0,0,0,0,0,-9,568,44166352,13,1396,-91436632
19:58:36.008,0,0.0,0,0,0,0,0,2,1828,44166360,-27,-563,-91436648
19:58:36.014,0,0.0,0,0,0,0,0,20,-566,44166340,-1,195,-91436648
19:58:36.019,0,0.0,0,0,0,0,0,-3,96,44166352,-16,-316,-91436648
19:58:36.024,0,0.0,0,0,0,0,0,-9,-2153,44166336,0,76,-91436648
19:58:36.029,0,0.0,0,0,0,0,0,-9,-1100,44166340,-7,-574,-91436648
19:58:36.034,0,0.0,0,0,0,0,0,-26,-1168,44166340,14,-523,-91436648
19:58:36.039,0,0.0,0,0,0,0,0,-32,-841,44166340,-6,62,-91436648
19:58:36.044,0,0.0,0,0,0,0,0,-9,790,44166352,16,-587,-91436648
19:58:36.049,0,0.0,0,0,0,0,0,-26,-331,44166344,5,-401,-91436648
19:58:36.054,0,0.0,0,0,0,0,0,-3,195,44166352,4,-496,-91436648
19:58:36.059,0,0.0,0,0,0,0,0,14,-536,44166344,3,693,-91436648
19:58:36.064,0,0.0,0,0,0,0,0,7,-2224,44166336,12,-570,-91436648
19:58:36.069,0,0.0,0,0,0,0,0,-20,-988,44166340,6,171,-91436648
19:58:36.074,0,0.0,0,0,0,0,0,8,-1048,44166340,-13,168,-91436648
19:58:36.079,0,0.0,0,0,0,0,0,-3,-1067,44166340,-10,-358,-91436648
19:58:36.084,0,0.0,0,0,0,0,0,-87,1485,44166356,-59,176,-91436648
19:58:36.089,0,0.0,0,0,0,0,0,-43,-477,44166344,-27,-621,-91436648
19:58:36.094,0,0.0,0,0,0,0,0,-21,-1009,44166340,-5,875,-91436648
19:58:36.100,0,0.0,0,0,0,0,0,-3,-414,44166344,2,20,-91436648
19:58:36.105,0,0.0,0,0,0,0,0,148,-505,44166344,-2,197,-91436648
19:58:36.110,0,0.0,0,0,0,0,0,-61,-1624,44166336,5,52,-91436648
19:58:36.115,0,0.0,0,0,0,0,0,37,-1169,44166340,0,-1774,-91436656
19:58:36.120,0,0.0,0,0,0,0,0,3,1498,44166356,-20,216,-91436648
19:58:36.125,0,0.0,0,0,0,0,0,14,-557,44166344,23,104,-91436648
19:58:36.130,0,0.0,0,0,0,0,0,-26,-1059,44166340,-6,80,-91436648
19:58:36.135,0,0.0,0,0,0,0,0,-55,-1449,44166336,16,174,-91436648
19:58:36.140,0,0.0,0,0,0,0,0,148,388,44166352,-9,128,-91436648
19:58:36.145,0,0.0,0,0,0,0,0,77,-478,44166344,-62,283,-91436648
19:58:36.150,0,0.0,0,0,0,0,0,-3,1376,44166356,12,-549,-91436648
19:58:36.155,0,0.0,0,0,0,0,0,20,-1019,44166340,-24,137,-91436648
19:58:36.160,0,0.0,0,0,0,0,0,-43,-337,44166344,-20,-339,-91436648
19:58:36.165,0,0.0,0,0,0,0,0,77,-6,44166352,17,1339,-91436632
19:58:36.170,0,0.0,0,0,0,0,0,19,-644,44166344,6,68,-91436648
19:58:36.175,0,0.0,0,0,0,0,0,88,741,44166352,14,38,-91436648
19:58:36.180,0,0.0,0,0,0,0,0,54,-1315,44166340,-21,-459,-91436648
19:58:36.185,0,0.0,0,0,0,0,0,-73,-1046,44166340,3,-464,-91436648
19:58:36.191,0,0.0,0,0,0,0,0,25,2146,44166360,30,-657,-91436648
19:58:36.196,0,0.0,0,0,0,0,0,-3,1511,44166356,-30,-432,-91436648
19:58:36.201,0,0.0,0,0,0,0,0,7,-1599,44166336,-12,256,-91436648
19:58:36.206,0,0.0,0,0,0,0,0,112,1266,44166356,0,193,-91436648
19:58:36.211,0,0.0,0,0,0,0,0,148,1274,44166356,-18,-1622,-91436656
19:58:36.216,0,0.0,0,0,0,0,0,-9,1480,44166356,-3,68,-91436648
19:58:36.221,0,0.0,0,0,0,0,0,-2,690,44166352,-4,203,-91436648
19:58:36.226,0,0.0,0,0,0,0,0,20,840,44166340,5,206,-91436648
19:58:36.231,0,0.0,0,0,0,0,0,95,827,44166352,11,-583,-91436648
19:58:36.236,0,0.0,0,0,0,0,0,14,-992,44166340,4,102,-91436648
19:58:36.241,0,0.0,0,0,0,0,0,-67,90,44166352,9,-590,-91436648
19:58:36.246,0,0.0,0,0,0,0,0,31,-280,44166344,7,197,-91436648
19:58:36.251,0,0.0,0,0,0,0,0,19,-969,44166340,-4,-399,-91436648
19:58:36.256,0,0.0,0,0,0,0,0,-44,-307,44166344,5,183,-91436648
19:58:36.261,0,0.0,0,0,0,0,0,-23,893,44166352,-3,240,-91436648
19:58:36.266,0,0.0,0,0,0,0,0,94,-937,44166340,-37,-1014,-91436648
19:58:36.271,0,0.0,0,0,0,0,0,14,866,44166352,0,71,-91436648
19:58:36.276,0,0.0,0,0,0,0,0,8,757,44166352,0,296,-91436648
19:58:36.282,0,0.0,0,0,0,0,0,2,246,44166352,4,-1003,-91436648
19:58:36.287,0,0.0,0,0,0,0,0,-55,-1842,44166336,9,-542,-91436648
19:58:36.292,0,0.0,0,0,0,0,0,36,1396,44166356,-13,246,-91436648
19:58:36.297,0,0.0,0,0,0,0,0,60,-1248,44166340,8,228,-91436648
19:58:36.302,0,0.0,0,0,0,0,0,55,-960,44166340,-24,11,-91436648
19:58:36.307,0,0.0,0,0,0,0,0,-9,665,44166352,-7,-1670,-91436656
19:58:36.312,0,0.0,0,0,0,0,0,-55,751,44166352,-8,-452,-91436648
19:58:36.317,0,0.0,0,0,0,0,0,2,159,44166352,-1,-506,-91436648
19:58:36.322,0,0.0,0,0,0,0,0,78,1361,44166356,-32,685,-91436648
19:58:36.327,0,0.0,0,0,0,0,0,2,-609,44166344,-29,1947,-91436632
19:58:36.332,0,0.0,0,0,0,0,0,25,1286,44166356,24,292,-91436648
19:58:36.337,0,0.0,0,0,0,0,0,31,-402,44166344,-11,-342,-91436648
19:58:36.342,0,0.0,0,0,0,0,0,-32,870,44166352,-9,-488,-91436648
19:58:36.347,0,0.0,0,0,0,0,0,7,-611,44166344,1,-354,-91436648
19:58:36.352,0,0.0,0,0,0,0,0,-38,791,44166352,0,253,-91436648
19:58:36.362,0,0.0,0,0,0,0,0,43,656,44166352,-9,-440,-91436648
19:58:36.367,0,0.0,0,0,0,0,0,8,1310,44166356,-11,143,-91436648
19:58:36.373,0,0.0,0,0,0,0,0,19,-1626,44166336,-1,-355,-91436648
19:58:36.378,0,0.0,0,0,0,0,0,-49,-1229,44166340,0,202,-91436648
19:58:36.383,0,0.0,0,0,0,0,0,8,1405,44166356,8,845,-91436648
19:58:36.388,0,0.0,0,0,0,0,0,-2,-1081,44166340,-9,206,-91436648
19:58:36.393,0,0.0,0,0,0,0,0,37,1518,44166356,-23,100,-91436648
19:58:36.398,0,0.0,0,0,0,0,0,31,-435,44166344,-17,-393,-91436648
19:58:36.403,0,0.0,0,0,0,0,0,-8,-1212,44166340,7,-465,-91436648
19:58:36.408,0,0.0,0,0,0,0,0,-61,-1144,44166340,-27,-665,-91436648
19:58:36.413,0,0.0,0,0,0,0,0,-3,88,44166352,6,128,-91436648
19:58:36.418,0,0.0,0,0,0,0,0,-3,42,44166352,19,250,-91436648
19:58:36.423,0,0.0,0,0,0,0,0,-27,-1219,44166340,-18,1269,-91436632
19:58:36.428,0,0.0,0,0,0,0,0,-44,-1214,44166340,0,177,-91436648
19:58:36.433,0,0.0,0,0,0,0,0,7,637,44166352,10,-404,-91436648
19:58:36.438,0,0.0,0,0,0,0,0,8,1854,44166360,25,72,-91436648
19:58:36.443,0,0.0,0,0,0,0,0,2,-1668,44166336,-8,266,-91436648
19:58:36.448,0,0.0,0,0,0,0,0,20,86,44166352,6,-380,-91436648
19:58:36.453,0,0.0,0,0,0,0,0,25,-965,44166340,-17,720,-91436648
19:58:36.458,0,0.0,0,0,0,0,0,-78,73,44166352,7,104,-91436648
19:58:36.464,0,0.0,0,0,0,0,0,-27,-1577,44166336,12,-428,-91436648
19:58:36.469,0,0.0,0,0,0,0,0,-14,295,44166352,12,42,-91436648
19:58:36.474,0,0.0,0,0,0,0,0,25,-915,44166340,-5,-30,-91436648
19:58:36.479,0,0.0,0,0,0,0,0,32,-290,44166344,-9,21,-91436648
19:58:36.484,0,0.0,0,0,0,0,0,-21,20,44166352,-4,-362,-91436648
19:58:36.489,0,0.0,0,0,0,0,0,31,1559,44166356,-1,159,-91436648
19:58:36.494,0,0.0,0,0,0,0,0,60,895,44166352,3,174,-91436648
19:58:36.499,0,0.0,0,0,0,0,0,43,1559,44166356,13,192,-91436648
19:58:36.504,0,0.0,0,0,0,0,0,25,-949,44166340,21,610,-91436648
19:58:36.509,0,0.0,0,0,0,0,0,30,-955,44166340,-14,-601,-91436648
19:58:36.514,0,0.0,0,0,0,0,0,-38,-1584,44166336,-10,115,-91436648
19:58:36.519,0,0.0,0,0,0,0,0,31,2005,44166360,-42,-1163,-91436648
19:58:36.524,0,0.0,0,0,0,0,0,2,202,44166352,-11,-307,-91436648
19:58:36.529,0,0.0,0,0,0,0,0,-38,-923,44166340,5,277,-91436648
19:58:36.534,0,0.0,0,0,0,0,0,-38,-303,44166344,13,248,-91436648
19:58:36.539,0,0.0,0,0,0,0,0,-9,-914,44166340,-31,629,-91436648
19:58:36.544,0,0.0,0,0,0,0,0,-3,346,44166352,-16,-43,-91436648
19:58:36.549,0,0.0,0,0,0,0,0,2,-293,44166344,-26,-690,-91436648
19:58:36.555,0,0.0,0,0,0,0,0,2,127,44166352,15,-583,-91436648
19:58:36.560,0,0.0,0,0,0,0,0,49,939,44166352,0,-443,-91436648
19:58:36.565,0,0.0,0,0,0,0,0,25,-1039,44166340,8,-614,-91436648
19:58:36.570,0,0.0,0,0,0,0,0,26,832,44166352,5,-611,-91436648
19:58:36.575,0,0.0,0,0,0,0,0,2,-1101,44166340,10,188,-91436648
19:58:36.580,0,0.0,0,0,0,0,0,-32,-1008,44166340,17,739,-91436648
19:58:36.585,0,0.0,0,0,0,0,0,48,-1057,44166340,0,-377,-91436648
19:58:36.590,0,0.0,0,0,0,0,0,8,-354,44166344,5,1462,-91436632
19:58:36.595,0,0.0,0,0,0,0,0,-21,-1130,44166340,10,-421,-91436648
19:58:36.600,0,0.0,0,0,0,0,0,-26,-1153,44166340,-7,142,-91436648
19:58:36.605,0,0.0,0,0,0,0,0,54,719,44166352,2,295,-91436648
19:58:36.610,0,0.0,0,0,0,0,0,-252,-348,44166356,-8,236,-91436648
19:58:36.615,0,0.0,0,0,0,0,0,-26,-329,44166344,25,123,-91436648
19:58:36.620,0,0.0,0,0,0,0,0,-72,138,44166352,-20,226,-91436648
19:58:36.625,0,0.0,0,0,0,0,0,-20,858,44166352,10,-349,-91436648
19:58:36.630,0,0.0,0,0,0,0,0,31,228,44166352,22,-8,-91436648
19:58:36.635,0,0.0,0,0,0,0,0,-8,2227,44166360,24,-458,-91436648
19:58:36.641,0,0.0,0,0,0,0,0,60,-949,44166340,-1,47,-91436648
19:58:36.646,0,0.0,0,0,0,0,0,14,-283,44166344,-14,221,-91436648
19:58:36.651,0,0.0,0,0,0,0,0,24,787,44166352,0,221,-91436648
19:58:36.656,0,0.0,0,0,0,0,0,25,-1044,44166340,6,-502,-91436648
19:58:36.661,0,0.0,0,0,0,0,0,25,-2395,44166336,-15,-455,-91436648
19:58:36.666,0,0.0,0,0,0,0,0,25,-297,44166344,4,1325,-91436632
19:58:36.671,0,0.0,0,0,0,0,0,-247,1390,44166356,3,241,-91436648
19:58:36.676,0,0.0,0,0,0,0,0,60,1029,44166352,23,-25,-91436648
19:58:36.681,0,0.0,0,0,0,0,0,-3,879,44166352,-4,-602,-91436648
19:58:36.686,0,0.0,0,0,0,0,0,2,-2942,44166332,2,837,-91436648
19:58:36.691,0,0.0,0,0,0,0,0,-3,-331,44166344,-42,-11,-91436648
19:58:36.696,0,0.0,0,0,0,0,0,25,299,44166352,1,-423,-91436648
19:58:36.701,0,0.0,0,0,0,0,0,-21,1393,44166356,-19,-550,-91436648
19:58:36.706,0,0.0,0,0,0,0,0,19,-950,44166340,-16,181,-91436648
19:58:36.711,0,0.0,0,0,0,0,0,9,1543,44166356,11,-521,-91436648
19:58:36.716,0,0.0,0,0,0,0,0,1,687,44166352,-10,-67,-91436648
19:58:36.721,0,0.0,0,0,0,0,0,14,971,44166352,-1,189,-91436648
19:58:36.727,0,0.0,0,0,0,0,0,-31,1539,44166356,2,193,-91436648
19:58:36.732,0,0.0,0,0,0,0,0,8,246,44166352,-65,693,-91436648
19:58:36.737,0,0.0,0,0,0,0,0,-8,147,44166352,0,684,-91436648
19:58:36.742,0,0.0,0,0,0,0,0,31,52,44166352,-6,90,-91436648
19:58:36.747,0,0.0,0,0,0,0,0,7,404,44166352,-33,741,-91436648
19:58:36.752,0,0.0,0,0,0,0,0,38,2674,44166364,-13,281,-91436648
19:58:36.757,0,0.0,0,0,0,0,0,-8,-434,44166344,6,-522,-91436648
19:58:36.762,0,0.0,0,0,0,0,0,37,-903,44166340,13,62,-91436648
19:58:36.767,0,0.0,0,0,0,0,0,84,2015,44166360,14,1285,-91436632
19:58:36.772,0,0.0,0,0,0,0,0,-8,-1078,44166340,0,-417,-91436648
19:58:36.777,0,0.0,0,0,0,0,0,-20,-1140,44166340,-8,-394,-91436648
19:58:36.782,0,0.0,0,0,0,0,0,8,-421,44166344,-1,-384,-91436648
19:58:36.787,0,0.0,0,0,0,0,0,31,-864,44166340,-26,74,-91436648
19:58:36.792,0,0.0,0,0,0,0,0,49,408,44166352,-3,283,-91436648
19:58:36.797,0,0.0,0,0,0,0,0,19,109,44166352,1,216,-91436648
19:58:36.802,0,0.0,0,0,0,0,0,-3,-1675,44166336,-4,243,-91436648
19:58:36.808,0,0.0,0,0,0,0,0,14,943,44166352,-20,-460,-91436648
19:58:36.813,0,0.0,0,0,0,0,0,31,-277,44166344,21,43,-91436648
19:58:36.818,0,0.0,0,0,0,0,0,24,2196,44166360,-27,-394,-91436648
19:58:36.818,0,0.0,0,0,0,0,0,31,-1134,44166340,8,1925,-91436632
19:58:36.823,0,0.0,0,0,0,0,0,153,1593,44166356,-6,748,-91436648
19:58:36.828,0,0.0,0,0,0,0,0,-44,-968,44166340,-17,131,-91436648
19:58:36.833,0,0.0,0,0,0,0,0,-304,2251,44166360,5,-367,-91436648
19:58:36.838,0,0.0,0,0,0,0,0,-14,-1014,44166340,-1,-418,-91436648
19:58:36.843,0,0.0,0,0,0,0,0,19,-343,44166344,-6,35,-91436648
19:58:36.848,0,0.0,0,0,0,0,0,-43,2090,44166360,-3,47,-91436648
19:58:36.853,0,0.0,0,0,0,0,0,134,2079,44166360,4,197,-91436648
19:58:36.863,0,0.0,0,0,0,0,0,-26,182,44166352,0,2020,-91436632
19:58:36.868,0,0.0,0,0,0,0,0,48,982,44166352,-3,-531,-91436648
19:58:36.873,0,0.0,0,0,0,0,0,14,-984,44166340,19,-437,-91436648
19:58:36.878,0,0.0,0,0,0,0,0,-3,-558,44166344,-6,50,-91436648
19:58:36.883,0,0.0,0,0,0,0,0,13,-419,44166344,24,85,-91436648
19:58:36.883,0,0.0,0,0,0,0,0,-44,-552,44166344,4,-390,-91436648
19:58:36.889,0,0.0,0,0,0,0,0,-15,-1008,44166340,7,54,-91436648
19:58:36.894,0,0.0,0,0,0,0,0,13,-1131,44166340,11,101,-91436648
19:58:36.899,0,0.0,0,0,0,0,0,26,-1109,44166340,-28,-1533,-91436656
19:58:36.904,0,0.0,0,0,0,0,0,-3,1388,44166356,-2,-315,-91436648
19:58:36.909,0,0.0,0,0,0,0,0,-32,-1022,44166340,0,280,-91436648
19:58:36.914,0,0.0,0,0,0,0,0,8,-481,44166344,-7,-530,-91436648
19:58:36.919,0,0.0,0,0,0,0,0,54,680,44166352,-27,85,-91436648
19:58:36.924,0,0.0,0,0,0,0,0,-96,-565,44166344,-2,667,-91436648
19:58:36.929,0,0.0,0,0,0,0,0,-3,-968,44166340,10,-1007,-91436648
19:58:36.934,0,0.0,0,0,0,0,0,43,-256,44166344,5,188,-91436648
19:58:36.939,0,0.0,0,0,0,0,0,2,-912,44166340,-15,65,-91436648
19:58:36.944,0,0.0,0,0,0,0,0,118,878,44166352,-4,79,-91436648
19:58:36.949,0,0.0,0,0,0,0,0,55,784,44166352,12,1447,-91436632
19:58:36.954,0,0.0,0,0,0,0,0,14,-952,44166340,2,-598,-91436648
19:58:36.959,0,0.0,0,0,0,0,0,19,-1069,44166340,-17,864,-91436648
19:58:36.964,0,0.0,0,0,0,0,0,8,822,44166352,-12,-402,-91436648
19:58:36.969,0,0.0,0,0,0,0,0,-9,-968,44166340,13,224,-91436648
19:58:36.974,0,0.0,0,0,0,0,0,13,-909,44166340,24,52,-91436648
19:58:36.979,0,0.0,0,0,0,0,0,60,208,44166352,-7,-1165,-91436648
19:58:36.985,0,0.0,0,0,0,0,0,-2,1573,44166356,15,35,-91436648
19:58:36.995,0,0.0,0,0,0,0,0,31,-453,44166344,11,15,-91436648
19:58:37.000,0,0.0,0,0,0,0,0,-25,1355,44166356,13,67,-91436648
19:58:37.005,0,0.0,0,0,0,0,0,8,-421,44166344,12,-388,-91436648
19:58:37.010,0,0.0,0,0,0,0,0,-38,-1025,44166340,1,-398,-91436648
19:58:37.010,0,0.0,0,0,0,0,0,-276,1705,44166356,-7,-383,-91436648
19:58:37.015,0,0.0,0,0,0,0,0,20,948,44166352,7,53,-91436648
19:58:37.020,0,0.0,0,0,0,0,0,14,1023,44166352,16,-587,-91436648
19:58:37.025,0,0.0,0,0,0,0,0,-44,1434,44166356,16,-453,-91436648
19:58:37.030,0,0.0,0,0,0,0,0,25,293,44166352,3,177,-91436648
19:58:37.035,0,0.0,0,0,0,0,0,-32,-2331,44166336,16,-347,-91436648
19:58:37.040,0,0.0,0,0,0,0,0,-26,-1105,44166340,12,-404,-91436648
19:58:37.045,0,0.0,0,0,0,0,0,-38,-401,44166344,-17,-313,-91436648
19:58:37.050,0,0.0,0,0,0,0,0,8,-1005,44166340,10,-410,-91436648
19:58:37.055,0,0.0,0,0,0,0,0,-3,684,44166352,-3,228,-91436648
19:58:37.060,0,0.0,0,0,0,0,0,-37,823,44166352,0,-371,-91436648
19:58:37.065,0,0.0,0,0,0,0,0,19,-977,44166340,-7,713,-91436648
19:58:37.070,0,0.0,0,0,0,0,0,-3,-347,44166344,-18,103,-91436648
19:58:37.076,0,0.0,0,0,0,0,0,-3,1335,44166356,14,-435,-91436648
19:58:37.081,0,0.0,0,0,0,0,0,14,1286,44166356,-4,-356,-91436648
19:58:37.086,0,0.0,0,0,0,0,0,-9,-332,44166344,16,133,-91436648
19:58:37.091,0,0.0,0,0,0,0,0,8,896,44166352,34,109,-91436648
19:58:37.096,0,0.0,0,0,0,0,0,-26,-924,44166340,-4,130,-91436648
19:58:37.101,0,0.0,0,0,0,0,0,-9,832,44166352,-6,2150,-91436632
19:58:37.106,0,0.0,0,0,0,0,0,-15,-796,44166340,-11,217,-91436648
19:58:37.111,0,0.0,0,0,0,0,0,-3,-345,44166344,0,237,-91436648
19:58:37.116,0,0.0,0,0,0,0,0,14,-380,44166344,-23,-470,-91436648
19:58:37.121,0,0.0,0,0,0,0,0,-20,-263,44166344,-51,82,-91436648
19:58:37.126,0,0.0,0,0,0,0,0,25,285,44166352,-15,832,-91436648
19:58:37.131,0,0.0,0,0,0,0,0,2,193,44166352,12,-576,-91436648
19:58:37.136,0,0.0,0,0,0,0,0,-78,-273,44166344,-9,84,-91436648
19:58:37.141,0,0.0,0,0,0,0,0,-38,-293,44166344,-14,-399,-91436648
19:58:37.147,0,0.0,0,0,0,0,0,2,882,44166352,-3,-494,-91436648
19:58:37.152,0,0.0,0,0,0,0,0,-3,-433,44166344,3,-350,-91436648
19:58:37.157,0,0.0,0,0,0,0,0,-4,102,44166352,-17,-1003,-91436648
19:58:37.162,0,0.0,0,0,0,0,0,-2,-1640,44166336,9,-381,-91436648
19:58:37.167,0,0.0,0,0,0,0,0,8,-925,44166340,1,-380,-91436648
19:58:37.172,0,0.0,0,0,0,0,0,-8,121,44166336,-11,689,-91436648
19:58:37.177,0,0.0,0,0,0,0,0,65,-941,44166340,10,59,-91436648
19:58:37.182,0,0.0,0,0,0,0,0,2,-221,44166344,-9,-536,-91436648
19:58:37.187,0,0.0,0,0,0,0,0,-14,943,44166352,7,1443,-91436632
19:58:37.192,0,0.0,0,0,0,0,0,95,899,44166352,5,27,-91436648
19:58:37.197,0,0.0,0,0,0,0,0,-72,667,44166352,-6,-365,-91436648
19:58:37.202,0,0.0,0,0,0,0,0,19,-362,44166344,-39,-553,-91436648
19:58:37.207,0,0.0,0,0,0,0,0,25,808,44166352,-9,-380,-91436648
19:58:37.212,0,0.0,0,0,0,0,0,43,2636,44166364,7,-381,-91436648
19:58:37.222,0,0.0,0,0,0,0,0,-264,782,44166352,9,285,-91436648
19:58:37.227,0,0.0,0,0,0,0,0,-43,-1581,44166336,12,-536,-91436648
19:58:37.233,0,0.0,0,0,0,0,0,-20,-351,44166344,24,-437,-91436648
19:58:37.238,0,0.0,0,0,0,0,0,8,-1533,44166336,10,246,-91436648
19:58:37.243,0,0.0,0,0,0,0,0,-3,-1014,44166340,27,671,-91436648
19:58:37.248,0,0.0,0,0,0,0,0,-49,1538,44166340,13,146,-91436648
19:58:37.248,0,0.0,0,0,0,0,0,14,995,44166352,18,98,-91436648
19:58:37.253,0,0.0,0,0,0,0,0,2,1358,44166356,3,260,-91436648
19:58:37.258,0,0.0,0,0,0,0,0,-3,-961,44166340,23,234,-91436648
19:58:37.263,0,0.0,0,0,0,0,0,77,1902,44166360,23,54,-91436648
19:58:37.268,0,0.0,0,0,0,0,0,-61,-1666,44166336,-6,-402,-91436648
19:58:37.273,0,0.0,0,0,0,0,0,13,1421,44166356,-2,-400,-91436648
19:58:37.278,0,0.0,0,0,0,0,0,14,-322,44166344,-21,114,-91436648
19:58:37.283,0,0.0,0,0,0,0,0,-8,2120,44166360,-2,-356,-91436648
19:58:37.288,0,0.0,0,0,0,0,0,-38,326,44166352,18,241,-91436648
19:58:37.293,0,0.0,0,0,0,0,0,31,-352,44166344,28,50,-91436648
19:58:37.298,0,0.0,0,0,0,0,0,-8,293,44166352,-3,-388,-91436648
19:58:37.303,0,0.0,0,0,0,0,0,-27,-340,44166344,15,99,-91436648
19:58:37.308,0,0.0,0,0,0,0,0,-44,-1041,44166340,-11,324,-91436648
19:58:37.313,0,0.0,0,0,0,0,0,8,-400,44166344,5,-1179,-91436648
19:58:37.319,0,0.0,0,0,0,0,0,-25,1478,44166356,1,-433,-91436648
19:58:37.324,0,0.0,0,0,0,0,0,-43,-1031,44166340,-11,-530,-91436648
19:58:37.329,0,0.0,0,0,0,0,0,60,-1012,44166340,5,63,-91436648
19:58:37.334,0,0.0,0,0,0,0,0,26,-449,44166344,-2,149,-91436648
19:58:37.339,0,0.0,0,0,0,0,0,38,-841,44166340,4,99,-91436648
19:58:37.344,0,0.0,0,0,0,0,0,19,-277,44166344,2,83,-91436648
19:58:37.349,0,0.0,0,0,0,0,0,-79,-279,44166344,-3,78,-91436648
19:58:37.354,0,0.0,0,0,0,0,0,19,801,44166352,8,-995,-91436648
19:58:37.359,0,0.0,0,0,0,0,0,30,-840,44166340,-16,-387,-91436648
19:58:37.364,0,0.0,0,0,0,0,0,-119,-427,44166344,-17,39,-91436648
19:58:37.369,0,0.0,0,0,0,0,0,-15,193,44166352,12,167,-91436648
19:58:37.374,0,0.0,0,0,0,0,0,2,-401,44166344,0,2095,-91436632
19:58:37.384,0,0.0,0,0,0,0,0,-32,-1029,44166340,11,253,-91436648
19:58:37.389,0,0.0,0,0,0,0,0,22,2709,44166364,-4,44,-91436648
19:58:37.394,0,0.0,0,0,0,0,0,8,-1040,44166340,-5,125,-91436648
19:58:37.399,0,0.0,0,0,0,0,0,31,-995,44166340,-5,748,-91436648
19:58:37.404,0,0.0,0,0,0,0,0,2,2042,44166360,6,-536,-91436648
19:58:37.404,0,0.0,0,0,0,0,0,14,-972,44166340,-1,4,-91436648
19:58:37.409,0,0.0,0,0,0,0,0,-3,-388,44166344,2,795,-91436648
19:58:37.415,0,0.0,0,0,0,0,0,19,-323,44166344,-5,-625,-91436648
19:58:37.420,0,0.0,0,0,0,0,0,19,-1012,44166340,10,52,-91436648
19:58:37.425,0,0.0,0,0,0,0,0,7,1046,44166352,9,-403,-91436648
19:58:37.430,0,0.0,0,0,0,0,0,-20,1398,44166356,-9,238,-91436648
19:58:37.435,0,0.0,0,0,0,0,0,-67,-1042,44166340,-2,-582,-91436648
19:58:37.440,0,0.0,0,0,0,0,0,-3,388,44166352,-5,-341,-91436648
19:58:37.445,0,0.0,0,0,0,0,0,-20,1701,44166356,31,-345,-91436648
19:58:37.450,0,0.0,0,0,0,0,0,3,222,44166352,-1,236,-91436648
19:58:37.455,0,0.0,0,0,0,0,0,-9,-378,44166344,-5,-372,-91436648
19:58:37.460,0,0.0,0,0,0,0,0,36,-417,44166344,2,-325,-91436648
19:58:37.465,0,0.0,0,0,0,0,0,101,141,44166352,-8,731,-91436648
19:58:37.470,0,0.0,0,0,0,0,0,-73,123,44166352,10,1498,-91436632
19:58:37.475,0,0.0,0,0,0,0,0,-31,797,44166352,-19,1412,-91436632
19:58:37.480,0,0.0,0,0,0,0,0,-3,283,44166352,-21,173,-91436648
19:58:37.485,0,0.0,0,0,0,0,0,54,-408,44166344,4,219,-91436648
19:58:37.490,0,0.0,0,0,0,0,0,31,-960,44166340,-11,-472,-91436648
19:58:37.495,0,0.0,0,0,0,0,0,42,-991,44166340,13,171,-91436648
19:58:37.501,0,0.0,0,0,0,0,0,14,230,44166352,16,12,-91436648
19:58:37.506,0,0.0,0,0,0,0,0,54,-1037,44166340,15,51,-91436648
19:58:37.511,0,0.0,0,0,0,0,0,25,-382,44166344,9,-1085,-91436648
19:58:37.516,0,0.0,0,0,0,0,0,-14,1396,44166356,8,-452,-91436648
19:58:37.521,0,0.0,0,0,0,0,0,-9,-372,44166344,-21,-494,-91436648
19:58:37.526,0,0.0,0,0,0,0,0,30,-461,44166344,-3,-582,-91436648
19:58:37.531,0,0.0,0,0,0,0,0,26,-431,44166344,-2,-2251,-91436656
19:58:37.536,0,0.0,0,0,0,0,0,-15,-403,44166344,19,1920,-91436632
19:58:37.541,0,0.0,0,0,0,0,0,7,-849,44166340,25,310,-91436648
19:58:37.546,0,0.0,0,0,0,0,0,13,1453,44166356,15,1371,-91436632
19:58:37.551,0,0.0,0,0,0,0,0,-3,1437,44166356,-12,251,-91436648
19:58:37.556,0,0.0,0,0,0,0,0,-20,1438,44166356,-6,-360,-91436648
19:58:37.561,0,0.0,0,0,0,0,0,-20,1355,44166356,-7,752,-91436648
19:58:37.566,0,0.0,0,0,0,0,0,-9,-1055,44166340,-15,191,-91436648
19:58:37.571,0,0.0,0,0,0,0,0,13,-837,44166340,6,29,-91436648
19:58:37.576,0,0.0,0,0,0,0,0,-55,-461,44166344,20,-365,-91436648
19:58:37.582,0,0.0,0,0,0,0,0,2,1042,44166352,-3,-404,-91436648
19:58:37.587,0,0.0,0,0,0,0,0,8,-219,44166344,0,722,-91436648
19:58:37.592,0,0.0,0,0,0,0,0,-8,-1330,44166336,5,54,-91436648
19:58:37.597,0,0.0,0,0,0,0,0,30,-862,44166340,1,13,-91436648
19:58:37.602,0,0.0,0,0,0,0,0,37,277,44166352,3,272,-91436648
19:58:37.607,0,0.0,0,0,0,0,0,-66,-316,44166344,-47,-389,-91436648
19:58:37.612,0,0.0,0,0,0,0,0,118,-277,44166344,5,143,-91436648
19:58:37.617,0,0.0,0,0,0,0,0,31,793,44166352,-2,-513,-91436648
19:58:37.622,0,0.0,0,0,0,0,0,2,-227,44166344,26,77,-91436648
19:58:37.627,0,0.0,0,0,0,0,0,48,-1113,44166340,13,-365,-91436648
19:58:37.632,0,0.0,0,0,0,0,0,2,-1002,44166340,-13,-400,-91436648
19:58:37.637,0,0.0,0,0,0,0,0,-44,808,44166352,-47,97,-91436648
19:58:37.642,0,0.0,0,0,0,0,0,2,-1060,44166340,1,788,-91436648
19:58:37.647,0,0.0,0,0,0,0,0,37,332,44166352,-10,-1074,-91436648
19:58:37.652,0,0.0,0,0,0,0,0,-119,-832,44166340,-2,659,-91436648
19:58:37.657,0,0.0,0,0,0,0,0,-26,1014,44166352,4,1403,-91436632
19:58:37.663,0,0.0,0,0,0,0,0,2,1651,44166356,26,141,-91436648
19:58:37.668,0,0.0,0,0,0,0,0,-21,-892,44166340,-18,1501,-91436632
19:58:37.673,0,0.0,0,0,0,0,0,72,1635,44166356,-36,129,-91436648
19:58:37.678,0,0.0,0,0,0,0,0,-3,802,44166352,-11,-592,-91436648
19:58:37.683,0,0.0,0,0,0,0,0,8,-301,44166344,-12,101,-91436648
19:58:37.688,0,0.0,0,0,0,0,0,14,-909,44166340,-18,-379,-91436648
19:58:37.693,0,0.0,0,0,0,0,0,-37,-1450,44166336,7,-356,-91436648
19:58:37.698,0,0.0,0,0,0,0,0,-15,-993,44166340,13,-1560,-91436656
19:58:37.703,0,0.0,0,0,0,0,0,14,-714,44166340,-6,-297,-91436648
19:58:37.708,0,0.0,0,0,0,0,0,65,-411,44166344,-2,-486,-91436648
19:58:37.713,0,0.0,0,0,0,0,0,-20,350,44166352,-18,-515,-91436648
19:58:37.718,0,0.0,0,0,0,0,0,48,-267,44166344,19,168,-91436648
19:58:37.723,0,0.0,0,0,0,0,0,-27,-861,44166340,4,33,-91436648
19:58:37.728,0,0.0,0,0,0,0,0,-26,-844,44166340,-8,-461,-91436648
19:58:37.733,0,0.0,0,0,0,0,0,-9,-362,44166344,9,36,-91436648
19:58:37.738,0,0.0,0,0,0,0,0,-15,538,44166352,17,69,-91436648
19:58:37.743,0,0.0,0,0,0,0,0,25,-904,44166340,-7,1323,-91436632
19:58:37.748,0,0.0,0,0,0,0,0,8,-173,44166344,11,43,-91436648
19:58:37.754,0,0.0,0,0,0,0,0,-14,869,44166352,-28,1321,-91436632
19:58:37.759,0,0.0,0,0,0,0,0,154,1563,44166356,-1,77,-91436648
19:58:37.764,0,0.0,0,0,0,0,0,-3,-275,44166344,6,64,-91436648
19:58:37.769,0,0.0,0,0,0,0,0,48,827,44166352,-2,213,-91436648
19:58:37.774,0,0.0,0,0,0,0,0,-9,-1555,44166336,2,258,-91436648
19:58:37.779,0,0.0,0,0,0,0,0,-15,-1011,44166340,22,117,-91436648
19:58:37.789,0,0.0,0,0,0,0,0,20,-520,44166344,-12,-572,-91436648
19:58:37.794,0,0.0,0,0,0,0,0,-32,1372,44166356,16,26,-91436648
19:58:37.794,0,0.0,0,0,0,0,0,90,-375,44166344,10,856,-91436648
19:58:37.799,0,0.0,0,0,0,0,0,-15,-454,44166344,7,123,-91436648
19:58:37.804,0,0.0,0,0,0,0,0,-3,-296,44166344,16,87,-91436648
19:58:37.809,0,0.0,0,0,0,0,0,54,1155,44166352,-10,738,-91436648
19:58:37.814,0,0.0,0,0,0,0,0,66,-1082,44166340,0,1495,-91436632
19:58:37.819,0,0.0,0,0,0,0,0,-20,-870,44166340,3,103,-91436648
19:58:37.824,0,0.0,0,0,0,0,0,13,-893,44166340,5,292,-91436648
19:58:37.829,0,0.0,0,0,0,0,0,8,-348,44166344,25,319,-91436648
19:58:37.834,0,0.0,0,0,0,0,0,20,966,44166352,-8,-359,-91436648
19:58:37.839,0,0.0,0,0,0,0,0,-15,-805,44166340,4,210,-91436648
19:58:37.844,0,0.0,0,0,0,0,0,7,-1085,44166344,17,7,-91436648
19:58:37.850,0,0.0,0,0,0,0,0,-55,-956,44166340,5,108,-91436648
19:58:37.855,0,0.0,0,0,0,0,0,8,1427,44166356,7,100,-91436648
19:58:37.860,0,0.0,0,0,0,0,0,-14,-407,44166344,7,-1181,-91436648
19:58:37.865,0,0.0,0,0,0,0,0,2,1025,44166352,15,290,-91436648
19:58:37.870,0,0.0,0,0,0,0,0,2,-904,44166340,7,-374,-91436648
19:58:37.875,0,0.0,0,0,0,0,0,-43,-874,44166352,29,36,-91436648
19:58:37.880,0,0.0,0,0,0,0,0,-49,-1182,44166340,-5,148,-91436648
19:58:37.885,0,0.0,0,0,0,0,0,31,-496,44166344,0,102,-91436648
19:58:37.890,0,0.0,0,0,0,0,0,31,376,44166352,-14,-1739,-91436656
19:58:37.895,0,0.0,0,0,0,0,0,-32,834,44166352,-18,13,-91436648
19:58:37.900,0,0.0,0,0,0,0,0,-15,-1506,44166336,-17,48,-91436648
19:58:37.905,0,0.0,0,0,0,0,0,7,-898,44166340,3,197,-91436648
19:58:37.910,0,0.0,0,0,0,0,0,-20,-962,44166340,-19,205,-91436648
19:58:37.915,0,0.0,0,0,0,0,0,-66,-947,44166340,4,72,-91436648
19:58:37.920,0,0.0,0,0,0,0,0,-9,-602,44166344,5,97,-91436648
19:58:37.925,0,0.0,0,0,0,0,0,25,2209,44166360,0,-353,-91436648
19:58:37.930,0,0.0,0,0,0,0,0,36,1493,44166356,6,1320,-91436632
19:58:37.935,0,0.0,0,0,0,0,0,-49,273,44166352,-7,12,-91436648
19:58:37.940,0,0.0,0,0,0,0,0,19,-327,44166344,-14,160,-91436648
19:58:37.946,0,0.0,0,0,0,0,0,20,-364,44166344,12,59,-91436648
19:58:37.951,0,0.0,0,0,0,0,0,-50,-389,44166344,-35,84,-91436648
19:58:37.956,0,0.0,0,0,0,0,0,-173,-360,44166344,2,-569,-91436648
19:58:37.961,0,0.0,0,0,0,0,0,-14,-975,44166340,-15,208,-91436648
19:58:37.966,0,0.0,0,0,0,0,0,-39,-876,44166340,3,23,-91436648
19:58:37.971,0,0.0,0,0,0,0,0,-38,1025,44166352,0,1509,-91436632
19:58:37.976,0,0.0,0,0,0,0,0,2,-391,44166344,16,-435,-91436648
19:58:37.981,0,0.0,0,0,0,0,0,-55,433,44166352,-3,1328,-91436632
19:58:37.986,0,0.0,0,0,0,0,0,-61,874,44166352,23,64,-91436648
19:58:37.991,0,0.0,0,0,0,0,0,-21,-287,44166344,1,-457,-91436648
19:58:37.996,0,0.0,0,0,0,0,0,8,-205,44166344,-1,-430,-91436648
19:58:38.001,0,0.0,0,0,0,0,0,25,-968,44166340,17,62,-91436648
19:58:38.006,0,0.0,0,0,0,0,0,13,1007,44166352,15,-385,-91436648
19:58:38.011,0,0.0,0,0,0,0,0,31,385,44166352,0,-1154,-91436648
19:58:38.016,0,0.0,0,0,0,0,0,-14,-432,44166344,11,233,-91436648
19:58:38.021,0,0.0,0,0,0,0,0,-15,-249,44166344,11,843,-91436648
19:58:38.027,0,0.0,0,0,0,0,0,-50,2697,44166364,12,-376,-91436648
19:58:38.032,0,0.0,0,0,0,0,0,7,-389,44166344,7,68,-91436648
19:58:38.037,0,0.0,0,0,0,0,0,-15,-910,44166340,-9,29,-91436648
19:58:38.042,0,0.0,0,0,0,0,0,-55,-1600,44166336,-23,73,-91436648
19:58:38.047,0,0.0,0,0,0,0,0,119,1477,44166356,-1,-574,-91436648
19:58:38.052,0,0.0,0,0,0,0,0,-25,-1069,44166340,-27,94,-91436648
19:58:38.057,0,0.0,0,0,0,0,0,2,1390,44166356,24,-538,-91436648
19:58:38.062,0,0.0,0,0,0,0,0,2,199,44166352,-14,-986,-91436648
19:58:38.067,0,0.0,0,0,0,0,0,-72,-336,44166344,0,113,-91436648
19:58:38.073,0,0.0,0,0,0,0,0,-43,289,44166352,11,-492,-91436648
19:58:38.078,0,0.0,0,0,0,0,0,25,1450,44166356,-20,129,-91436648
19:58:38.083,0,0.0,0,0,0,0,0,-55,466,44166352,6,240,-91436648
19:58:38.088,0,0.0,0,0,0,0,0,-9,-353,44166344,-42,-1242,-91436648
19:58:38.093,0,0.0,0,0,0,0,0,-79,-847,44166340,23,185,-91436648
19:58:38.098,0,0.0,0,0,0,0,0,3,-135,44166344,-2,211,-91436648
19:58:38.104,0,0.0,0,0,0,0,0,14,-150,44166344,2,56,-91436648
19:58:38.109,0,0.0,0,0,0,0,0,-3,-265,44166344,-21,55,-91436648
19:58:38.114,0,0.0,0,0,0,0,0,-3,871,44166352,17,48,-91436648
19:58:38.119,0,0.0,0,0,0,0,0,25,309,44166352,0,-451,-91436648
19:58:38.124,0,0.0,0,0,0,0,0,2,196,44166352,-3,-605,-91436648
19:58:38.129,0,0.0,0,0,0,0,0,101,-421,44166344,-17,-32,-91436648
19:58:38.134,0,0.0,0,0,0,0,0,25,229,44166352,-26,-52,-91436648
19:58:38.139,0,0.0,0,0,0,0,0,-26,422,44166352,8,138,-91436648
19:58:38.144,0,0.0,0,0,0,0,0,13,1003,44166352,-13,87,-91436648
19:58:38.149,0,0.0,0,0,0,0,0,2,415,44166352,0,-414,-91436648
19:58:38.154,0,0.0,0,0,0,0,0,42,-860,44166352,13,89,-91436648
19:58:38.159,0,0.0,0,0,0,0,0,-32,-868,44166340,28,-337,-91436648
19:58:38.164,0,0.0,0,0,0,0,0,-3,923,44166352,-24,117,-91436648
19:58:38.169,0,0.0,0,0,0,0,0,-32,-803,44166340,-13,173,-91436648
19:58:38.174,0,0.0,0,0,0,0,0,-15,-346,44166344,-15,272,-91436648
19:58:38.180,0,0.0,0,0,0,0,0,2,283,44166352,8,22,-91436648
19:58:38.185,0,0.0,0,0,0,0,0,13,1652,44166356,-4,-387,-91436648
19:58:38.190,0,0.0,0,0,0,0,0,-32,-418,44166344,16,214,-91436648
19:58:38.195,0,0.0,0,0,0,0,0,142,2799,44166364,7,166,-91436648
19:58:38.200,0,0.0,0,0,0,0,0,-3,1014,44166352,-16,245,-91436648
19:58:38.205,0,0.0,0,0,0,0,0,32,176,44166352,8,-554,-91436648
19:58:38.210,0,0.0,0,0,0,0,0,-3,-863,44166340,-2,-583,-91436648
19:58:38.215,0,0.0,0,0,0,0,0,-20,238,44166352,-12,166,-91436648
19:58:38.220,0,0.0,0,0,0,0,0,-32,228,44166352,-25,-429,-91436648
19:58:38.225,0,0.0,0,0,0,0,0,-26,257,44166352,-10,61,-91436648
19:58:38.230,0,0.0,0,0,0,0,0,-4,1512,44166356,3,-998,-91436648
19:58:38.235,0,0.0,0,0,0,0,0,-63,2721,44166364,13,197,-91436648
19:58:38.236,1,0.0,0,0,0,500,50000,,,,,,
19:58:38.240,0,0.0,0,0,0,500,50000,-21,-826,44166340,-27,87,-91436648
19:58:38.245,0,0.0,0,0,0,500,50000,2,1065,44166352,-42,18,-91436648
19:58:38.250,0,0.0,0,0,0,500,50000,20,-3256,44166340,-448,88986,-91435960
19:58:38.255,0,0.0,0,0,0,500,50000,2,-27879,44166092,840,2456,-91436216
19:58:38.261,0,-0.2,0,0,0,500,50000,22,-42967,44165832,-392,78392,-91435456
19:58:38.266,0,-0.7,0,0,0,500,50000,-29,-58142,44165440,495,26375,-91435640
19:58:38.271,0,-1.5,0,0,0,500,50000,17,-72393,44165052,137,40506,-91435216
19:58:38.276,0,-2.3,0,0,0,500,50000,-19,-74296,44164620,-87,61342,-91434936
19:58:38.281,0,-2.7,0,0,0,500,50000,-14,-77286,44164264,312,27825,-91434840
19:58:38.286,0,-2.7,0,0,0,500,50000,45,-73315,44163884,-145,69317,-91434304
19:58:38.291,0,-2.2,0,0,0,500,50000,-52,-68429,44163584,263,32971,-91434320
19:58:38.296,0,-1.4,0,0,0,500,50000,32,-54858,44163228,-55,54766,-91433840
19:58:38.301,0,-0.8,0,0,0,500,50000,-77,-42247,44163084,78,48074,-91433664
19:58:38.306,0,-0.2,0,0,0,500,50000,-20,-40706,44162872,79,43317,-91433392
19:58:38.311,0,0.0,0,0,0,500,50000,1,-37157,44162724,95,51404,-91433160
19:58:38.316,0,0.0,0,0,0,500,50000,12,-36013,44162532,108,42378,-91432920
19:58:38.321,0,0.0,0,0,0,500,50000,14,-37495,44162380,163,44772,-91432776
19:58:38.326,0,-0.4,0,0,0,500,50000,12,-40380,44162176,33,44584,-91432480
19:58:38.331,0,-0.8,0,0,0,500,50000,-22,-40061,44161992,42,48453,-91432288
19:58:38.336,0,-1.2,0,0,0,500,50000,3,-40476,44161768,51,47370,-91432000
19:58:38.341,0,-1.5,0,0,0,500,50000,-2,-36803,44161616,-43,53745,-91431728
19:58:38.347,0,-1.8,0,0,0,500,50000,4,-38128,44161400,313,35990,-91431592
19:58:38.352,0,-2.1,0,0,0,500,50000,2,-41537,44161192,106,54476,-91431264
19:58:38.357,0,-2.4,0,0,0,500,50000,0,-50215,44160920,242,40864,-91431112
19:58:38.362,0,-2.8,0,0,0,500,50000,32,-61241,44160544,124,48661,-91430792
19:58:38.367,0,-3.1,0,0,0,500,50000,102,-78212,44160100,104,47686,-91430608
19:58:38.372,0,-3.3,0,0,0,500,50000,-28,-85715,44159588,48,45282,-91430336
19:58:38.377,0,-3.1,0,0,0,500,50000,-14,-79931,44159232,36,55415,-91430032
19:58:38.382,0,-2.6,0,0,0,500,50000,-26,-70939,44158868,99,43665,-91429824
19:58:38.387,0,-1.7,0,0,0,500,50000,-14,-56824,44158656,-45,56711,-91429544
19:58:38.392,0,-0.7,0,0,0,500,50000,-16,-43242,44158504,85,42524,-91429344
19:58:38.397,0,0.2,0,0,0,500,50000,8,-19325,44158488,-148,56862,-91429008
19:58:38.402,0,0.8,0,0,0,500,50000,0,-11555,44158468,238,37672,-91428904
19:58:38.407,0,1.0,0,0,0,500,50000,56,-8751,44158436,-22,58438,-91428520
19:58:38.412,0,0.8,0,0,0,500,50000,26,-15682,44158340,310,35830,-91428464
19:58:38.417,0,0.2,0,0,0,500,50000,15,-24260,44158196,57,53208,-91428088
19:58:38.422,0,-0.6,0,0,0,500,50000,10,-41862,44157900,146,49909,-91427888
19:58:38.427,0,-1.6,0,0,0,500,50000,-2,-48746,44157604,143,41642,-91427648
19:58:38.433,0,-2.5,0,0,0,500,50000,38,-43756,44157412,28,55492,-91427368
19:58:38.438,0,-3.4,0,0,0,500,50000,31,-43540,44157164,267,37379,-91427216
19:58:38.443,0,-3.3,0,0,0,500,50000,-12,-44944,44156948,-13,58414,-91426864
19:58:38.448,0,-3.2,0,0,0,500,50000,8,-51712,44156640,260,38977,-91426744
19:58:38.453,0,-3.1,0,0,0,500,50000,20,-58322,44156344,12,52822,-91426416
19:58:38.458,0,-2.9,0,0,0,500,50000,9,-65323,44155956,87,50477,-91426208
19:58:38.463,0,-2.6,0,0,0,500,50000,-14,-68592,44155624,12,45268,-91425936
19:58:38.468,0,-2.2,0,0,0,500,50000,-2,-65318,44155264,24,53207,-91425696
19:58:38.473,0,-1.6,0,0,0,500,50000,6,-56693,44155024,68,43155,-91425464
19:58:38.478,0,-1.0,0,0,0,500,50000,-5,-43079,44154876,-41,57930,-91425128
19:58:38.483,0,-0.5,0,0,0,500,50000,-4,-30159,44154760,201,37970,-91424984
19:58:38.488,0,-0.2,0,0,0,500,50000,0,-20552,44154708,-42,56679,-91424664
19:58:38.493,0,-0.3,0,0,0,500,50000,10,-20543,44154592,328,35920,-91424536
19:58:38.499,0,-0.7,0,0,0,500,50000,28,-27479,44154440,-14,52345,-91424176
19:58:38.504,0,-1.3,0,0,0,500,50000,79,-40629,44154164,264,39059,-91424072
19:58:38.509,0,-1.9,0,0,0,500,50000,35,-45720,44153924,38,49469,-91423728
19:58:38.514,0,-2.5,0,0,0,500,50000,-19,-41320,44153744,50,51631,-91423488
19:58:38.519,0,-2.9,0,0,0,500,50000,-34,-33214,44153592,216,38071,-91423304
19:58:38.524,0,-3.0,0,0,0,500,50000,10,-29681,44153472,119,54180,-91423016
19:58:38.529,0,-3.2,0,0,0,500,50000,-15,-37599,44153268,348,35425,-91422880
19:58:38.534,0,-3.4,0,0,0,500,50000,48,-55165,44152904,39,49992,-91422528
19:58:38.539,0,-3.7,0,0,0,500,50000,-41,-69257,44152520,198,43090,-91422384
19:58:38.544,0,-3.8,0,0,0,500,50000,9,-88296,44151956,113,49082,-91422072
19:58:38.549,0,-3.7,1,0,0,500,50000,-8,-90108,44151520,100,49823,-91421808
19:58:38.554,0,-3.1,1,0,0,500,50000,-29,-79613,44151124,23,53989,-91421536
19:58:38.559,0,-2.1,1,0,0,500,50000,-117,-60768,44150924,51,44112,-91421344
19:58:38.564,0,-1.0,1,0,0,500,50000,-13,-36577,44150824,26,52985,-91421064
19:58:38.569,0,-0.1,1,0,0,500,50000,11,-19725,44150808,160,42410,-91420880
19:58:38.574,0,0.2,1,0,0,500,50000,53,-10447,44150788,72,47903,-91420584
19:58:38.580,0,0.2,1,0,0,500,50000,13,-9978,44150736,189,42042,-91420416
19:58:38.585,0,-0.4,1,0,0,500,50000,17,-18938,44150612,187,46137,-91420136
19:58:38.590,0,-1.3,1,0,0,500,50000,2,-35527,44150360,152,46026,-91419896
19:58:38.595,0,-2.5,1,0,0,500,50000,-50,-47235,44150100,107,46744,-91419672
19:58:38.600,0,-3.5,1,0,0,500,50000,3,-62263,44149696,50,53861,-91419376
19:58:38.605,0,-4.2,1,0,0,500,50000,-37,-66212,44149376,141,43955,-91419184
19:58:38.610,0,-4.4,1,0,0,500,50000,6,-64950,44149016,64,50488,-91418944
19:58:38.615,0,-4.1,1,0,0,500,50000,21,-64456,44148712,132,46383,-91418704
19:58:38.620,0,-3.4,1,0,0,500,50000,-4,-64747,44148356,-37,53052,-91418384
19:58:38.625,0,-2.6,1,0,0,500,50000,3,-65096,44148048,100,44518,-91418232
19:58:38.630,0,-1.9,1,0,0,500,50000,-25,-59988,44147792,-27,55159,-91417896
19:58:38.635,0,-1.4,1,0,0,500,50000,-24,-48552,44147568,116,46832,-91417680
19:58:38.640,0,-1.0,1,0,0,500,50000,-8,-40227,44147416,35,51690,-91417384
19:58:38.645,0,-0.7,1,0,0,500,50000,-20,-30401,44147284,184,43002,-91417232
19:58:38.650,0,-0.7,1,0,0,500,50000,17,-31861,44147136,93,48482,-91416944
19:58:38.655,0,-0.8,1,0,0,500,50000,19,-34665,44146956,116,48648,-91416704
19:58:38.660,0,-1.2,1,0,0,500,50000,118,-48281,44146596,122,46123,-91416448
19:58:38.666,0,-1.7,1,0,0,500,50000,-25,-60906,44146260,1,49308,-91416184
19:58:38.671,0,-2.2,1,0,0,500,50000,-5,-66833,44145928,97,48542,-91415960
19:58:38.676,0,-2.5,1,0,0,500,50000,-66,-69048,44145532,99,50687,-91415680
19:58:38.681,0,-2.5,1,0,0,500,50000,-25,-61686,44145272,99,45315,-91415440
19:58:38.686,0,-2.1,1,0,0,500,50000,-18,-52538,44145052,53,52435,-91415192
19:58:38.691,0,-1.5,1,0,0,500,50000,-7,-44318,44144880,100,45972,-91414992
19:58:38.696,0,-0.9,1,0,0,500,50000,-14,-36883,44144700,-46,54398,-91414688
19:58:38.701,0,-0.5,1,0,0,500,50000,-30,-37297,44144532,96,43950,-91414520
19:58:38.706,0,-0.4,1,0,0,500,50000,-24,-36598,44144340,-7,55430,-91414208
19:58:38.711,0,-0.6,1,0,0,500,50000,12,-42398,44144084,199,40826,-91414024
19:58:38.716,0,-0.9,1,0,0,500,50000,-7,-41317,44143896,-19,57795,-91413696
19:58:38.721,0,-1.3,1,0,0,500,50000,-25,-42474,44143656,210,42673,-91413544
19:58:38.726,0,-1.6,1,0,0,500,50000,-41,-41436,44143472,-9,53736,-91413240
19:58:38.731,0,-1.8,1,0,0,500,50000,-14,-36531,44143284,185,45228,-91413064
19:58:38.736,0,-1.9,1,0,0,500,50000,-8,-35106,44143128,54,41394,-91412800
19:58:38.741,0,-2.0,1,0,0,500,50000,11,-29803,44142988,21,59823,-91412456
19:58:38.746,0,-2.2,1,0,0,500,50000,40,-33424,44142816,175,35971,-91412384
19:58:38.751,0,-2.5,1,0,0,500,50000,-6,-41021,44142556,-20,57906,-91411992
19:58:38.757,0,-2.9,1,0,0,500,50000,-25,-54608,44142240,171,41916,-91411856
19:58:38.762,0,-3.2,1,0,0,500,50000,-7,-62503,44141860,-1,55447,-91411536
19:58:38.767,0,-3.4,1,0,0,500,50000,-2,-62718,44141564,201,42640,-91411376
19:58:38.772,0,-3.3,1,0,0,500,50000,8,-57213,44141268,13,53260,-91411016
19:58:38.777,0,-2.8,1,0,0,500,50000,7,-52570,44141040,52,50367,-91410800
19:58:38.782,0,-2.2,1,0,0,500,50000,6,-52224,44140780,-10,50983,-91410552
19:58:38.787,0,-1.5,1,0,0,500,50000,-9,-45500,44140548,69,50043,-91410328
19:58:38.792,0,-0.9,1,0,0,500,50000,-57,-44081,44140352,-5,49446,-91410088
19:58:38.797,0,-0.7,1,0,0,500,50000,14,-41642,44140168,66,51602,-91409824
19:58:38.802,0,-0.6,1,0,0,500,50000,23,-43241,44139924,197,39182,-91409632
19:58:38.807,0,-0.7,1,0,0,500,50000,43,-46256,44139704,67,54649,-91409336
19:58:38.812,0,-1.0,1,0,0,500,50000,-88,-48375,44139436,84,39398,-91409160
19:58:38.817,0,-1.3,1,0,0,500,50000,-7,-42578,44139216,-60,53699,-91408760
19:58:38.822,0,-1.6,1,0,0,500,50000,6,-42495,44138980,57,49319,-91408528
19:58:38.827,0,-1.8,1,0,0,500,50000,13,-48143,44138740,30,48165,-91408304
19:58:38.832,0,-2.0,1,0,0,500,50000,2,-59411,44138376,50,52810,-91408032
19:58:38.838,0,-2.2,1,0,0,500,50000,-3,-65015,44138060,46,49746,-91407816
19:58:38.843,0,-2.0,1,0,0,500,50000,2,-66012,44137816,55,49520,-91407608
19:58:38.848,0,-1.7,1,0,0,500,50000,2,-62852,44137492,-21,54920,-91407344
19:58:38.853,0,-1.2,1,0,0,500,50000,-12,-51574,44137268,62,48474,-91407104
19:58:38.858,0,-0.6,1,0,0,500,50000,-89,-41111,44137116,17,50149,-91406824
19:58:38.863,0,-0.1,1,0,0,500,50000,19,-32145,44136980,55,45541,-91406640
19:58:38.868,0,0.0,1,0,0,500,50000,61,-32484,44136832,110,49377,-91406352
19:58:38.873,0,-0.2,1,0,0,500,50000,-12,-34482,44136644,125,45231,-91406136
19:58:38.878,0,-0.8,1,0,0,500,50000,41,-37995,44136456,67,47477,-91405912
19:58:38.883,0,-1.6,1,0,0,500,50000,-78,-47263,44136156,163,46701,-91405672
19:58:38.888,0,-2.3,1,0,0,500,50000,11,-53094,44135880,44,48251,-91405392
19:58:38.893,0,-2.8,1,0,0,500,50000,8,-56463,44135548,120,49680,-91405184
19:58:38.898,0,-3.0,1,0,0,500,50000,7,-59462,44135260,83,47087,-91404928
19:58:38.904,0,-2.8,1,0,0,500,50000,-120,-62145,44134908,0,50194,-91404648
19:58:38.909,0,-2.4,1,0,0,500,50000,0,-61844,44134616,121,44263,-91404424
19:58:38.914,0,-1.9,1,0,0,500,50000,8,-59540,44134340,39,53382,-91404152
19:58:38.919,0,-1.3,1,0,0,500,50000,-39,-54829,44134052,113,44360,-91403952
19:58:38.924,0,-0.8,1,0,0,500,50000,18,-49461,44133844,22,54871,-91403616
19:58:38.929,0,-0.4,1,0,0,500,50000,7,-46846,44133588,48,44331,-91403456
19:58:38.934,0,-0.2,1,0,0,500,50000,24,-43150,44133400,37,53018,-91403152
19:58:38.939,0,-0.1,1,0,0,500,50000,-35,-45641,44133176,89,44749,-91402928
19:58:38.944,0,-0.3,1,0,0,500,50000,11,-40231,44132976,88,50177,-91402696
19:58:38.949,0,-0.6,1,0,0,500,50000,3,-43257,44132764,-11,45129,-91402464
19:58:38.954,0,-0.9,1,0,0,500,50000,13,-49482,44132468,39,54069,-91402144
19:58:38.959,0,-1.2,1,0,0,500,50000,-25,-55496,44132180,121,45741,-91401976
19:58:38.964,0,-1.4,1,0,0,500,50000,-12,-52254,44131948,46,52267,-91401680
19:58:38.969,0,-1.6,1,0,0,500,50000,-5,-48204,44131704,43,49079,-91401464
19:58:38.974,0,-1.5,1,0,0,500,50000,11,-52152,44131408,46,50408,-91401200
19:58:38.979,0,-1.4,1,0,0,500,50000,-77,-59842,44131108,93,48594,-91400936
19:58:38.984,0,-1.3,1,0,0,500,50000,-52,-62342,44130760,71,48238,-91400728
19:58:38.989,0,-1.2,1,0,0,500,50000,-41,-55492,44130532,-4,50887,-91400416
19:58:38.995,0,-1.0,1,0,0,500,50000,-14,-51771,44130260,87,48157,-91400224
19:58:39.000,0,-0.7,1,0,0,500,50000,20,-46507,44130064,-36,52981,-91399912
19:58:39.005,0,-0.5,1,0,0,500,50000,7,-42705,44129848,135,45856,-91399712
19:58:39.010,0,-0.4,1,0,0,500,50000,-15,-35374,44129716,89,51114,-91399448
19:58:39.015,0,-0.4,1,0,0,500,50000,11,-32474,44129540,163,45573,-91399240
19:58:39.020,0,-0.6,1,0,0,500,50000,0,-33038,44129384,207,48535,-91398968
19:58:39.025,0,-1.1,1,0,0,500,50000,-26,-34804,44129192,117,46840,-91398736
19:58:39.030,0,-1.6,1,0,0,500,50000,2,-42346,44128964,174,46946,-91398520
19:58:39.035,0,-2.2,1,0,0,500,50000,0,-52762,44128632,152,47157,-91398264
19:58:39.040,0,-2.7,1,0,0,500,50000,6,-61422,44128260,121,50598,-91397936
19:58:39.045,0,-3.0,1,0,0,500,50000,-4,-65114,44127948,131,47673,-91397744
19:58:39.050,0,-3.0,1,0,0,500,50000,-13,-72996,44127572,76,49358,-91397520
19:58:39.055,0,-2.8,2,0,0,500,50000,0,-79880,44127164,69,49161,-91397256
19:58:39.061,0,-2.2,2,0,0,500,50000,-5,-75616,44126756,42,52490,-91396960
19:58:39.066,0,-1.5,2,0,0,500,50000,-8,-68358,44126456,33,51089,-91396696
19:58:39.071,0,-0.8,2,0,0,500,50000,-31,-56776,44126184,-36,48809,-91396480
19:58:39.076,0,-0.1,2,0,0,500,50000,-18,-40355,44126056,44,50463,-91396200
19:58:39.081,0,0.4,2,0,0,500,50000,-36,-27796,44125972,79,46904,-91396000
19:58:39.086,0,0.7,2,0,0,500,50000,44,-20086,44125892,49,50550,-91395720
19:58:39.091,0,0.7,2,0,0,500,50000,4,-19036,44125812,151,42818,-91395504
19:58:39.096,0,0.4,2,0,0,500,50000,19,-24859,44125656,73,49434,-91395248
19:58:39.101,0,-0.1,2,0,0,500,50000,9,-32257,44125476,162,44851,-91395032
19:58:39.106,0,-0.9,2,0,0,500,50000,6,-44831,44125188,112,50984,-91394768
19:58:39.111,0,-1.6,2,0,0,500,50000,-26,-51401,44124920,146,47803,-91394528
19:58:39.116,0,-2.2,2,0,0,500,50000,-113,-54369,44124612,20,50683,-91394240
19:58:39.121,0,-2.5,2,0,0,500,50000,36,-50984,44124388,128,46522,-91394048
19:58:39.126,0,-2.4,2,0,0,500,50000,-65,-55433,44124072,25,51069,-91393776
19:58:39.131,0,-2.1,2,0,0,500,50000,-54,-56958,44123808,144,45082,-91393552
19:58:39.136,0,-1.7,2,0,0,500,50000,-12,-56740,44123504,-5,52104,-91393280
19:58:39.141,0,-1.3,2,0,0,500,50000,-26,-53341,44123232,95,47441,-91393048
19:58:39.147,0,-0.9,2,0,0,500,50000,-6,-46852,44123044,40,52201,-91392752
19:58:39.152,0,-0.7,2,0,0,500,50000,-97,-43483,44122852,68,48875,-91392520
19:58:39.157,0,-0.5,2,0,0,500,50000,5,-40448,44122644,1,49615,-91392296
19:58:39.162,0,-0.4,2,0,0,500,50000,2,-39263,44122468,66,47217,-91392064
19:58:39.167,0,-0.4,2,0,0,500,50000,10,-38529,44122264,55,48130,-91391784
19:58:39.172,0,-0.5,2,0,0,500,50000,-12,-39774,44122072,141,45782,-91391592
19:58:39.177,0,-0.8,2,0,0,500,50000,10,-42822,44121860,56,49736,-91391320
19:58:39.182,0,-1.1,2,0,0,500,50000,74,-51869,44121544,55,49278,-91391056
19:58:39.187,0,-1.4,2,0,0,500,50000,-45,-55239,44121264,2,48778,-91390792
19:58:39.192,0,-1.6,2,0,0,500,50000,-37,-54165,44120968,117,46736,-91390592
19:58:39.197,0,-1.7,2,0,0,500,50000,-17,-49727,44120752,32,52022,-91390288
19:58:39.202,0,-1.7,2,0,0,500,50000,-71,-49578,44120520,156,44628,-91390088
19:58:39.207,0,-1.5,2,0,0,500,50000,-7,-53632,44120204,31,52279,-91389824
19:58:39.212,0,-1.2,2,0,0,500,50000,-13,-54738,44119836,45,53376,-91389456
19:58:39.217,0,-0.9,2,0,0,500,50000,-17,-58518,44119496,89,45997,-91389264
19:58:39.222,0,-0.7,2,0,0,500,50000,10,-60403,44119204,17,51991,-91388976
19:58:39.227,0,-0.4,2,0,0,500,50000,-22,-60585,44118868,-11,49893,-91388696
19:58:39.232,0,-0.2,2,0,0,500,50000,-21,-55222,44118740,22,47656,-91388600
19:58:39.238,0,0.0,2,0,0,500,50000,-10,-44957,44118532,7,51838,-91388312
19:58:39.243,0,0.1,2,0,0,500,50000,0,-38676,44118384,66,45244,-91388080
19:58:39.248,0,0.1,2,0,0,500,50000,27,-32319,44118236,43,50561,-91387848
19:58:39.253,0,0.1,2,0,0,500,50000,-14,-34499,44118068,97,45882,-91387600
19:58:39.258,0,0.0,2,0,0,500,50000,-11,-39047,44117844,52,50409,-91387368
19:58:39.263,0,-0.8,2,0,0,500,50000,-20,-42400,44117636,142,46280,-91387120
19:58:39.268,0,-1.3,2,0,0,500,50000,18,-44676,44117388,42,51188,-91386832
19:58:39.273,0,-1.6,2,0,0,500,50000,15,-46701,44117156,146,48982,-91386632
19:58:39.278,0,-1.9,2,0,0,500,50000,78,-54246,44116828,95,47566,-91386384
19:58:39.283,0,-1.9,2,0,0,500,50000,10,-61008,44116472,120,51940,-91386096
19:58:39.288,0,-1.8,2,0,0,500,50000,-29,-66219,44116140,57,51116,-91385840
19:58:39.293,0,-1.6,2,0,0,500,50000,-12,-68647,44115808,-20,52732,-91385600
19:58:39.298,0,-1.2,2,0,0,500,50000,-8,-69891,44115412,-2,47938,-91385368
19:58:39.303,0,-0.7,2,0,0,500,50000,-1,-65980,44115112,6,51195,-91385072
19:58:39.308,0,-0.2,2,0,0,500,50000,-3,-57625,44114872,40,51614,-91384848
19:58:39.313,0,0.1,2,0,0,500,50000,12,-45435,44114664,70,50239,-91384608
19:58:39.318,0,0.4,2,0,0,500,50000,-13,-36130,44114528,83,48360,-91384344
19:58:39.324,0,0.5,2,0,0,500,50000,22,-28961,44114392,65,50660,-91384072
19:58:39.329,0,0.4,2,0,0,500,50000,9,-28284,44114260,91,48724,-91383864
19:58:39.334,0,0.2,2,0,0,500,50000,-39,-26834,44114136,119,48321,-91383616
19:58:39.339,0,-0.2,2,0,0,500,50000,120,-30573,44113948,121,47773,-91383376
19:58:39.344,0,-0.8,2,0,0,500,50000,55,-40341,44113684,154,44420,-91383136
19:58:39.349,0,-1.4,2,0,0,500,50000,-70,-53078,44113380,86,47867,-91382904
19:58:39.354,0,-2.0,2,0,0,500,50000,3,-71418,44112904,106,50069,-91382632
19:58:39.359,0,-2.2,2,0,0,500,50000,-10,-83466,44112456,50,49953,-91382392
19:58:39.364,0,-2.1,2,0,0,500,50000,8,-86571,44112040,3,51030,-91382112
19:58:39.369,0,-1.6,2,0,0,500,50000,-25,-84266,44111592,25,52537,-91381888
19:58:39.374,0,-0.9,2,0,0,500,50000,-59,-78071,44111256,81,49799,-91381632
19:58:39.379,0,-0.1,2,0,0,500,50000,-16,-61820,44110976,-6,53144,-91381328
19:58:39.384,0,0.5,2,0,0,500,50000,-9,-42104,44110864,65,46727,-91381144
19:58:39.389,0,0.8,2,0,0,500,50000,-3,-20193,44110836,-13,51982,-91380840
19:58:39.394,0,1.0,2,0,0,500,50000,4,-6175,44110868,101,42657,-91380680
19:58:39.399,0,0.9,2,0,0,500,50000,49,-3317,44110864,-10,52419,-91380360
19:58:39.404,0,0.5,2,0,0,500,50000,94,-13158,44110764,252,41633,-91380184
19:58:39.409,0,0.0,2,0,0,500,50000,32,-29598,44110548,95,45325,-91379896
19:58:39.415,0,-0.9,2,0,0,500,50000,100,-43024,44110260,232,51170,-91379672
19:58:39.420,0,-1.8,2,0,0,500,50000,36,-57423,44109936,217,40174,-91379464
19:58:39.425,0,-2.5,2,0,0,500,50000,14,-66337,44109588,-30,60173,-91379088
19:58:39.430,0,-2.8,2,0,0,500,50000,-9,-81260,44109072,130,39318,-91378992
19:58:39.435,0,-2.6,2,0,0,500,50000,11,-86408,44108644,-116,62598,-91378576
19:58:39.440,0,-2.0,2,0,0,500,50000,-27,-88360,44108148,156,39379,-91378456
19:58:39.445,0,-1.2,2,0,0,500,50000,-27,-84614,44107768,-113,62818,-91378032
19:58:39.450,0,-0.3,2,0,0,500,50000,-24,-72038,44107416,86,42700,-91377920
19:58:39.455,0,0.3,2,0,0,500,50000,116,-58394,44107192,-77,60113,-91377560
19:58:39.460,0,0.7,2,0,0,500,50000,-13,-43864,44107044,178,42127,-91377392
19:58:39.465,0,1.0,2,0,0,500,50000,2,-27740,44106952,9,56940,-91377096
19:58:39.470,0,1.1,2,0,0,500,50000,17,-10462,44106976,129,45013,-91376888
19:58:39.475,0,1.1,2,0,0,500,50000,16,-3649,44106988,43,52417,-91376592
19:58:39.480,0,1.0,2,0,0,500,50000,26,-8614,44106924,162,42840,-91376440
19:58:39.485,0,0.5,2,0,0,500,50000,-4,-24474,44106728,69,52672,-91376128
19:58:39.490,0,0.0,2,0,0,500,50000,-30,-42145,44106452,146,44354,-91375920
19:58:39.495,0,-0.9,2,0,0,500,50000,-9,-55852,44106132,50,52608,-91375648
19:58:39.501,0,-1.7,2,0,0,500,50000,-7,-74285,44105648,98,47522,-91375424
19:58:39.506,0,-2.2,2,0,0,500,50000,20,-84593,44105220,41,53976,-91375152
19:58:39.511,0,-2.2,2,0,0,500,50000,-12,-86082,44104736,54,46166,-91374936
19:58:39.516,0,-1.6,2,0,0,500,50000,18,-82176,44104376,-22,55531,-91374592
19:58:39.521,0,-0.8,2,0,0,500,50000,-14,-70749,44104028,87,47284,-91374432
19:58:39.526,0,0.0,2,0,0,500,50000,-18,-50022,44103828,15,50485,-91374120
19:58:39.531,0,0.5,2,0,0,500,50000,6,-31216,44103764,32,51657,-91373888
19:58:39.536,0,0.9,2,0,0,500,50000,18,-14530,44103748,90,47393,-91373656
19:58:39.541,0,1.0,2,0,0,500,50000,-7,-9627,44103736,140,46073,-91373408
19:58:39.546,0,0.8,2,0,0,500,50000,15,-12438,44103668,183,45264,-91373168
19:58:39.551,0,0.3,2,0,0,500,50000,3,-27538,44103464,167,48318,-91372904
19:58:39.557,0,-0.3,2,0,0,500,50000,5,-43928,44103188,217,45048,-91372720
19:58:39.562,0,-1.3,2,0,0,500,50000,18,-65334,44102744,62,49181,-91372440
19:58:39.567,0,-2.2,2,0,0,500,50000,0,-72252,44102384,160,47641,-91372192
19:58:39.572,0,-2.7,2,0,0,500,50000,-25,-83236,44101940,61,50981,-91371952
19:58:39.577,0,-2.8,2,0,0,500,50000,0,-89675,44101492,50,46302,-91371720
19:58:39.582,0,-2.3,2,0,0,500,50000,-121,-90802,44100976,28,52250,-91371408
19:58:39.587,0,-1.5,2,0,0,500,50000,-27,-89648,44100472,50,47225,-91371184
19:58:39.592,0,-0.6,2,0,0,500,50000,-47,-77256,44100088,-5,55743,-91370848
19:58:39.597,0,0.1,2,0,0,500,50000,-42,-68185,44099860,61,46854,-91370680
19:58:39.602,0,0.6,2,0,0,500,50000,-2,-54473,44099664,19,51967,-91370440
19:58:39.607,0,0.9,2,0,0,500,50000,-105,-31154,44099568,-29,50756,-91370160
19:58:39.612,0,1.1,2,0,0,500,50000,0,-15370,44099556,49,50707,-91369896
19:58:39.617,0,1.1,2,0,0,500,50000,5,-4049,44099588,127,47231,-91369696
19:58:39.622,0,1.0,2,0,0,500,50000,33,-6858,44099552,58,49691,-91369432
19:58:39.627,0,0.7,2,0,0,500,50000,24,-17117,44099420,218,45633,-91369208
19:58:39.633,0,0.2,2,0,0,500,50000,2,-32463,44099212,167,47470,-91368984
19:58:39.638,0,-0.6,2,0,0,500,50000,9,-49872,44098880,143,48330,-91368728
19:58:39.643,0,-1.5,2,0,0,500,50000,0,-68255,44098488,159,46634,-91368520
19:58:39.648,0,-2.2,2,0,0,500,50000,-35,-85829,44097952,80,50347,-91368240
19:58:39.653,0,-2.4,2,0,0,500,50000,-31,-92787,44097508,94,47399,-91368032
19:58:39.658,0,-1.9,2,0,0,500,50000,-16,-90717,44097008,-20,55399,-91367696
19:58:39.663,0,-1.0,2,0,0,500,50000,-7,-83086,44096644,54,47150,-91367472
19:58:39.668,0,-0.2,2,0,0,500,50000,-32,-63245,44096364,38,54083,-91367232
19:58:39.673,0,0.3,2,0,0,500,50000,-14,-44018,44096232,33,51648,-91366944
19:58:39.678,0,0.7,2,0,0,500,50000,23,-26463,44096176,68,47731,-91366712
19:58:39.683,0,0.8,2,0,0,500,50000,5,-13646,44096156,81,48130,-91366456
19:58:39.688,0,0.6,2,0,0,500,50000,9,-8635,44096140,153,44116,-91366272
19:58:39.693,0,0.1,2,0,0,500,50000,28,-15129,44096028,191,44329,-91366016
19:58:39.698,0,-0.5,2,0,0,500,50000,8,-26606,44095860,148,47317,-91365752
19:58:39.703,0,-1.3,2,0,0,500,50000,19,-40411,44095588,211,46057,-91365560
19:58:39.709,0,-2.1,2,0,0,500,50000,-143,-52729,44095292,109,48147,-91365296
19:58:39.714,0,-2.8,2,0,0,500,50000,8,-68989,44094900,48,47271,-91365040
19:58:39.719,0,-3.0,2,0,0,500,50000,-20,-90303,44094316,22,49944,-91364760
19:58:39.724,0,-2.7,2,0,0,500,50000,-39,-98203,44093828,61,48182,-91364552
19:58:39.729,0,-2.1,2,0,0,500,50000,-21,-99761,44093252,51,54342,-91364256
19:58:39.734,0,-1.2,2,0,0,500,50000,-21,-88860,44092708,82,47481,-91363992
19:58:39.739,0,-0.2,2,0,0,500,50000,-8,-72571,44092436,-32,54804,-91363656
19:58:39.744,0,0.5,2,0,0,500,50000,-7,-57797,44092232,-15,46836,-91363472
19:58:39.749,0,1.0,2,0,0,500,50000,-21,-29664,44092180,-2,55550,-91363152
19:58:39.754,0,1.3,2,0,0,500,50000,-7,-9436,44092224,86,43439,-91362992
19:58:39.759,0,1.3,2,0,0,500,50000,4,-695,44092264,59,51897,-91362736
19:58:39.764,0,1.1,2,0,0,500,50000,-8,-553,44092264,45,47043,-91362536
19:58:39.769,0,0.7,2,0,0,500,50000,6,-5339,44092224,68,52668,-91362256
19:58:39.774,0,0.0,2,0,0,500,50000,28,-12506,44092132,209,42678,-91362064
19:58:39.779,0,-0.8,2,0,0,500,50000,-47,-23797,44091964,78,53034,-91361792
19:58:39.784,0,-1.7,2,0,0,500,50000,19,-33804,44091764,209,45421,-91361584
19:58:39.789,0,-2.5,2,0,0,500,50000,11,-49127,44091444,97,47588,-91361352
19:58:39.795,0,-3.1,2,0,0,500,50000,-7,-63540,44091092,108,50805,-91361072
19:58:39.800,0,-3.3,2,0,0,500,50000,0,-78512,44090608,68,46003,-91360824
19:58:39.805,0,-3.1,2,0,0,500,50000,-19,-81972,44090212,-30,52314,-91360576
19:58:39.810,0,-2.6,2,0,0,500,50000,-1,-80634,44089764,13,51658,-91360304
19:58:39.815,0,-1.7,2,0,0,500,50000,-11,-73139,44089452,39,51354,-91360040
19:58:39.820,0,-0.8,2,0,0,500,50000,39,-57324,44089188,78,50925,-91359816
19:58:39.825,0,-0.1,2,0,0,500,50000,-8,-45897,44089012,133,47805,-91359568
19:58:39.830,0,0.2,2,0,0,500,50000,-12,-29754,44088908,-8,53403,-91359256
19:58:39.835,0,0.4,2,0,0,500,50000,8,-21062,44088840,83,45335,-91359072
19:58:39.840,0,0.3,2,0,0,500,50000,9,-15549,44088796,9,51369,-91358792
19:58:39.845,0,0.0,2,0,0,500,50000,-16,-16540,44088692,215,43583,-91358608
19:58:39.850,0,-0.4,2,0,0,500,50000,19,-24711,44088544,161,45986,-91358328
19:58:39.855,0,-1.1,2,0,0,500,50000,0,-35899,44088308,110,49216,-91358112
19:58:39.860,0,-1.8,2,0,0,500,50000,27,-49178,44088016,161,43966,-91357880
19:58:39.865,0,-2.5,2,0,0,500,50000,8,-66413,44087640,37,53760,-91357560
19:58:39.871,0,-2.9,2,0,0,500,50000,20,-82811,44087124,108,43194,-91357360
19:58:39.876,0,-2.9,2,0,0,500,50000,-37,-89247,44086676,3,55489,-91357080
19:58:39.881,0,-2.4,2,0,0,500,50000,-5,-94761,44086120,65,41565,-91356880
19:58:39.886,0,-1.6,2,0,0,500,50000,-21,-89102,44085736,-101,59447,-91356504
19:58:39.891,0,-0.7,2,0,0,500,50000,-22,-74607,44085384,128,41263,-91356384
19:58:39.896,0,0.0,2,0,0,500,50000,-17,-55862,44085204,-97,60718,-91356000
19:58:39.901,0,0.6,2,0,0,500,50000,-9,-35483,44085084,162,39804,-91355904
19:58:39.906,0,0.9,2,0,0,500,50000,23,-13504,44085108,-92,59249,-91355528
19:58:39.911,0,0.9,2,0,0,500,50000,-15,-7093,44085096,186,36466,-91355400
19:58:39.916,0,0.6,2,0,0,500,50000,-11,-5867,44085076,-44,57753,-91355064
19:58:39.922,0,0.0,2,0,0,500,50000,0,-10701,44085012,342,35625,-91354952
19:58:39.927,0,-0.8,2,0,0,500,50000,46,-24668,44084836,45,56225,-91354600
19:58:39.932,0,-1.8,2,0,0,500,50000,-10,-39809,44084592,214,42920,-91354448
19:58:39.937,0,-2.9,2,0,0,500,50000,-7,-59373,44084208,54,50101,-91354112
19:58:39.942,0,-3.7,2,0,0,500,50000,-10,-77917,44083764,105,48111,-91353936
19:58:39.947,0,-4.0,2,0,0,500,50000,-6,-87442,44083244,-73,52817,-91353608
19:58:39.952,0,-3.7,2,0,0,500,50000,-10,-92391,44082792,113,50747,-91353392
19:58:39.957,0,-3.0,2,0,0,500,50000,4,-86755,44082328,36,50843,-91353072
19:58:39.962,0,-1.9,2,0,0,500,50000,-42,-77349,44081992,133,42161,-91352960
19:58:39.967,0,-0.8,2,0,0,500,50000,9,-63675,44081748,-103,58527,-91352536
19:58:39.972,0,0.0,2,0,0,500,50000,-50,-46940,44081544,176,43674,-91352400
19:58:39.977,0,0.5,2,0,0,500,50000,16,-32698,44081444,-110,58476,-91352064
19:58:39.982,0,0.7,2,0,0,500,50000,7,-19766,44081404,186,42695,-91351912
19:58:39.987,0,0.6,2,0,0,500,50000,20,-15388,44081340,109,46455,-91351616
19:58:39.992,0,0.2,2,0,0,500,50000,-3,-23289,44081208,74,52102,-91351360
19:58:39.997,0,-0.3,2,0,0,500,50000,14,-34482,44080984,126,45508,-91351176
19:58:40.003,0,-1.2,2,0,0,500,50000,7,-50023,44080676,16,55955,-91350872
19:58:40.008,0,-2.0,2,0,0,500,50000,5,-72815,44080192,124,44452,-91350664
19:58:40.013,0,-2.6,2,0,0,500,50000,-3,-84107,44079748,44,54913,-91350392
19:58:40.018,0,-2.7,2,0,0,500,50000,5,-87096,44079328,89,44391,-91350168
19:58:40.023,0,-1.5,2,0,0,500,50000,-19,-83823,44078868,-58,56121,-91349832
19:58:40.028,0,-0.5,2,0,0,500,50000,-22,-70705,44078524,30,46647,-91349648
19:58:40.033,0,0.4,2,0,0,500,50000,22,-48291,44078392,78,53861,-91349344
19:58:40.038,0,1.0,2,0,0,500,50000,-10,-26865,44078328,17,47097,-91349152
19:58:40.043,0,1.3,2,0,0,500,50000,-2,-10174,44078360,101,48958,-91348880
19:58:40.048,0,1.0,2,0,0,500,50000,10,-10446,44078308,126,42235,-91348672
19:58:40.053,0,0.3,2,0,0,500,50000,21,-21168,44078172,87,49896,-91348408
19:58:40.058,0,-0.6,2,0,0,500,50000,25,-39768,44077896,127,45524,-91348184
19:58:40.063,0,-1.7,2,0,0,500,50000,0,-57128,44077520,80,50722,-91347888
19:58:40.068,0,-2.5,2,0,0,500,50000,-14,-64053,44077200,52,48662,-91347672
19:58:40.073,0,-2.8,2,0,0,500,50000,-10,-67693,44076868,-15,54017,-91347384
19:58:40.079,0,-2.5,2,0,0,500,50000,3,-72513,44076456,48,49530,-91347128
19:58:40.084,0,-1.9,2,0,0,500,50000,-13,-70962,44076124,-18,52231,-91346896
19:58:40.089,0,-1.1,2,0,0,500,50000,4,-61982,44075812,-51,50143,-91346624
19:58:40.094,0,-0.3,2,0,0,500,50000,0,-57006,44075560,-44,50925,-91346360
19:58:40.099,0,0.2,2,0,0,500,50000,102,-49322,44075320,-12,47894,-91346112
19:58:40.104,0,0.7,2,0,0,500,50000,30,-37661,44075156,10,52276,-91345808
19:58:40.109,0,0.8,2,0,0,500,50000,14,-30729,44075040,122,45370,-91345656
19:58:40.114,0,0.7,2,0,0,500,50000,-1,-28605,44074916,12,50787,-91345352
19:58:40.119,0,0.4,2,0,0,500,50000,18,-28726,44074760,199,44841,-91345136
19:58:40.124,0,-0.1,2,0,0,500,50000,-43,-38966,44074536,37,53432,-91344872
19:58:40.129,0,-0.7,2,0,0,500,50000,-7,-50465,44074244,129,47154,-91344664
19:58:40.134,0,-1.3,2,0,0,500,50000,15,-60677,44073912,53,53765,-91344384
19:58:40.139,0,-1.5,2,0,0,500,50000,2,-63730,44073548,62,45704,-91344200
19:58:40.144,0,-1.5,2,0,0,500,50000,-10,-64698,44073240,67,48561,-91343896
19:58:40.149,0,-1.0,2,0,0,500,50000,2,-63096,44072900,84,48996,-91343688
19:58:40.155,0,-0.4,2,0,0,500,50000,4,-58078,44072652,44,50855,-91343384
19:58:40.160,0,0.0,2,0,0,500,50000,-16,-49054,44072404,62,50446,-91343128
19:58:40.165,0,0.5,2,0,0,500,50000,1,-42571,44072228,0,52207,-91342896
19:58:40.170,0,0.8,2,0,0,500,50000,12,-40343,44072020,34,49669,-91342640
19:58:40.175,0,0.8,2,0,0,500,50000,-67,-36343,44071844,67,47222,-91342448
19:58:40.180,0,0.6,2,0,0,500,50000,55,-32189,44071712,76,48715,-91342160
19:58:40.185,0,0.2,2,0,0,500,50000,-14,-38554,44071480,106,47770,-91341904
19:58:40.190,0,-0.2,2,0,0,500,50000,15,-41654,44071284,47,50201,-91341672
19:58:40.195,0,-0.6,2,0,0,500,50000,14,-44958,44071036,114,44348,-91341448
19:58:40.200,0,-1.1,2,0,0,500,50000,-68,-45367,44070832,62,48305,-91341152
19:58:40.205,0,-1.4,2,0,0,500,50000,-1,-51177,44070532,175,46060,-91340960
19:58:40.211,0,-1.6,2,0,0,500,50000,-6,-53934,44070268,67,50625,-91340664
19:58:40.216,0,-1.7,2,0,0,500,50000,-12,-57694,44069924,125,45776,-91340456
19:58:40.221,0,-1.7,2,0,0,500,50000,7,-61570,44069632,77,49414,-91340208
19:58:40.226,0,-1.6,2,0,0,500,50000,-6,-68111,44069284,47,48845,-91339952
19:58:40.231,0,-1.4,2,0,0,500,50000,-9,-68933,44068896,65,47966,-91339688
19:58:40.236,0,-1.0,2,0,0,500,50000,22,-70703,44068552,-12,51060,-91339400
19:58:40.241,0,-0.5,2,0,0,500,50000,-19,-70021,44068164,12,48794,-91339184
19:58:40.246,0,0.0,2,0,0,500,50000,18,-63297,44067892,53,47775,-91338944
19:58:40.251,0,0.4,2,0,0,500,50000,77,-55625,44067676,36,51240,-91338640
19:58:40.256,0,0.8,2,0,0,500,50000,7,-35711,44067552,38,48564,-91338432
19:58:40.261,0,1.0,2,0,0,500,50000,35,-20109,44067500,72,49652,-91338120
19:58:40.266,0,0.9,2,0,0,500,50000,11,-20027,44067396,85,46996,-91337872
19:58:40.271,0,0.4,2,0,0,500,50000,16,-26087,44067252,148,47193,-91337672
19:58:40.276,0,-0.2,2,0,0,500,50000,13,-43858,44066976,134,46890,-91337416
19:58:40.281,0,-1.0,2,0,0,500,50000,5,-61922,44066616,57,50195,-91337176
19:58:40.287,0,-1.8,2,0,0,500,50000,-9,-72141,44066232,48,48642,-91336976
19:58:40.292,0,-2.3,2,0,0,500,50000,24,-80291,44065760,37,50903,-91336688
19:58:40.297,0,-2.2,2,0,0,500,50000,-53,-82897,44065368,78,50815,-91336416
19:58:40.302,0,-1.6,2,0,0,500,50000,-24,-76886,44064964,-1,52312,-91336184
19:58:40.307,0,-0.8,2,0,0,500,50000,-13,-66503,44064644,53,47125,-91335936
19:58:40.312,0,0.0,2,0,0,500,50000,-84,-50764,44064472,6,55301,-91335664
19:58:40.317,0,0.7,2,0,0,500,50000,-68,-39017,44064304,118,43842,-91335472
19:58:40.322,0,1.1,2,0,0,500,50000,-12,-22778,44064268,21,53447,-91335144
19:58:40.327,0,1.1,2,0,0,500,50000,-3,-16854,44064212,205,43141,-91334992
19:58:40.332,0,0.7,2,0,0,500,50000,18,-20514,44064108,55,53052,-91334672
19:58:40.337,0,0.1,2,0,0,500,50000,5,-32799,44063892,161,45031,-91334472
19:58:40.342,0,-0.7,2,0,0,500,50000,10,-42588,44063652,139,49178,-91334232
19:58:40.347,0,-1.6,2,0,0,500,50000,-1,-53835,44063352,147,46601,-91334000
19:58:40.352,0,-2.3,2,0,0,500,50000,5,-65741,44062932,3,52650,-91333688
19:58:40.357,0,-2.6,2,0,0,500,50000,-24,-66677,44062608,95,49175,-91333496
19:58:40.363,0,-2.4,2,0,0,500,50000,-28,-66272,44062244,-61,52401,-91333200
19:58:40.368,0,-1.9,2,0,0,500,50000,-22,-63395,44061956,8,49092,-91332960
19:58:40.373,0,-1.2,2,0,0,500,50000,15,-62706,44061608,7,52207,-91332656
19:58:40.378,0,-0.4,2,0,0,500,50000,19,-56289,44061368,101,44091,-91332496
19:58:40.383,0,0.1,2,0,0,500,50000,-72,-50310,44061156,42,52012,-91332176
19:58:40.388,0,0.7,2,0,0,500,50000,-27,-46935,44060900,98,47107,-91331952
19:58:40.393,0,0.7,2,0,0,500,50000,-75,-43412,44060712,46,51083,-91331712
19:58:40.398,0,0.7,2,0,0,500,50000,0,-37276,44060528,81,45699,-91331488
19:58:40.403,0,0.5,2,0,0,500,50000,10,-33306,44060388,39,51028,-91331184
19:58:40.408,0,0.2,2,0,0,500,50000,18,-34477,44060220,50,47221,-91330944
19:58:40.413,0,0.0,2,0,0,500,50000,-6,-32249,44060052,90,48755,-91330720
19:58:40.418,0,-0.4,2,0,0,500,50000,-2,-34585,44059876,134,45228,-91330488
19:58:40.423,0,-0.8,2,0,0,500,50000,-41,-41784,44059624,60,50233,-91330232
19:58:40.428,0,-1.2,2,0,0,500,50000,12,-45384,44059400,85,46838,-91329992
19:58:40.433,0,-1.4,2,0,0,500,50000,2,-46119,44059140,16,50043,-91329696
19:58:40.439,0,-1.4,2,0,0,500,50000,-20,-41580,44058964,87,46615,-91329512
19:58:40.444,0,-1.4,2,0,0,500,50000,9,-44049,44058720,106,49237,-91329224
19:58:40.449,0,-1.3,2,0,0,500,50000,-29,-48143,44058452,67,49468,-91329024
19:58:40.454,0,-1.2,2,0,0,500,50000,15,-53356,44058188,39,48140,-91328744
19:58:40.459,0,-1.1,2,0,0,500,50000,-2,-56170,44057864,48,52095,-91328464
19:58:40.464,0,-1.0,2,0,0,500,50000,-1,-54365,44057576,12,46535,-91328208
19:58:40.469,0,-0.7,2,0,0,500,50000,-7,-49765,44057352,61,51937,-91327928
19:58:40.474,0,-0.5,2,0,0,500,50000,18,-46273,44057108,107,48267,-91327720
19:58:40.479,0,-0.2,2,0,0,500,50000,4,-44120,44056908,-3,51901,-91327456
19:58:40.484,0,-0.1,2,0,0,500,50000,-18,-42848,44056680,101,44661,-91327216
19:58:40.489,0,-0.2,2,0,0,500,50000,3,-37043,44056556,112,50256,-91326984
19:58:40.495,0,-0.4,2,0,0,500,50000,5,-36933,44056352,-20,49005,-91326760
19:58:40.500,0,-0.7,2,0,0,500,50000,68,-38782,44056156,58,50211,-91326512
19:58:40.505,0,-1.1,2,0,0,500,50000,-2,-46329,44055916,50,46184,-91326264
19:58:40.510,0,-1.3,2,0,0,500,50000,19,-50396,44055620,87,50260,-91326040
19:58:40.515,0,-1.5,2,0,0,500,50000,-38,-49310,44055392,80,46862,-91325784
19:58:40.520,0,-1.4,2,0,0,500,50000,-10,-46768,44055144,46,52828,-91325488
19:58:40.525,0,-1.3,2,0,0,500,50000,14,-50822,44054892,135,43513,-91325280
19:58:40.530,0,-1.0,2,0,0,500,50000,152,-54864,44054612,47,51830,-91325024
19:58:40.535,0,-0.7,2,0,0,500,50000,-11,-56398,44054296,81,46757,-91324776
19:58:40.541,0,-0.5,2,0,0,500,50000,-27,-55179,44054036,31,49868,-91324512
19:58:40.546,0,-0.2,2,0,0,500,50000,23,-55629,44053728,-20,49641,-91324288
19:58:40.551,0,0.0,2,0,0,500,50000,-12,-55631,44053460,156,47468,-91324032
19:58:40.556,0,0.0,2,0,0,500,50000,-11,-52059,44053180,-14,52539,-91323728
19:58:40.561,0,0.2,2,0,0,500,50000,-7,-41733,44053028,133,44229,-91323552
19:58:40.566,0,0.2,2,0,0,500,50000,8,-27779,44052932,-5,51213,-91323248
19:58:40.571,0,0.0,2,0,0,500,50000,3,-25458,44052828,225,42467,-91323096
19:58:40.576,0,-0.4,2,0,0,500,50000,12,-28921,44052672,71,51436,-91322776
19:58:40.581,0,-1.0,2,0,0,500,50000,10,-40692,44052436,184,45618,-91322576
19:58:40.586,0,-1.8,2,0,0,500,50000,6,-52937,44052104,37,50106,-91322312
19:58:40.591,0,-2.3,2,0,0,500,50000,-1,-56314,44051832,70,51857,-91322056
19:58:40.596,0,-2.6,2,0,0,500,50000,15,-60516,44051496,61,49394,-91321832
19:58:40.602,0,-2.5,2,0,0,500,50000,36,-61469,44051204,44,50895,-91321568
19:58:40.607,0,-2.1,2,0,0,500,50000,-7,-65546,44050828,-30,51519,-91321288
19:58:40.612,0,-1.6,2,0,0,500,50000,-3,-65669,44050516,19,49611,-91321048
19:58:40.617,0,-1.1,2,0,0,500,50000,3,-61004,44050196,13,52851,-91320800
19:58:40.622,0,-0.5,2,0,0,500,50000,-15,-56792,44049940,73,50218,-91320560
19:58:40.627,0,-0.1,2,0,0,500,50000,7,-51303,44049672,-11,52010,-91320264
19:58:40.632,0,0.1,2,0,0,500,50000,-14,-43630,44049492,101,46440,-91320096
19:58:40.637,0,0.2,2,0,0,500,50000,8,-38195,44049336,44,50425,-91319816
19:58:40.642,0,0.2,2,0,0,500,50000,-15,-35285,44049148,116,44508,-91319592
19:58:40.647,0,0.0,2,0,0,500,50000,141,-38727,44048952,74,52837,-91319296
19:58:40.652,0,-0.3,2,0,0,500,50000,18,-50192,44048556,123,48020,-91319016
19:58:40.657,0,-0.8,2,0,0,500,50000,-9,-55742,44048272,57,48961,-91318744
19:58:40.662,0,-1.2,2,0,0,500,50000,-13,-57134,44048004,111,49229,-91318552
19:58:40.667,0,-1.4,2,0,0,500,50000,-28,-59629,44047668,82,49010,-91318264
19:58:40.672,0,-1.3,2,0,0,500,50000,-34,-62440,44047476,64,47693,-91318112
19:58:40.677,0,-1.0,2,0,0,500,50000,-19,-63208,44047124,29,53826,-91317808
19:58:40.682,0,-0.6,2,0,0,500,50000,-12,-60805,44046856,96,46470,-91317624
19:58:40.687,0,-0.1,2,0,0,500,50000,-1,-56011,44046616,4,51824,-91317320
19:58:40.693,0,0.2,2,0,0,500,50000,-24,-49517,44046364,16,45116,-91317096
19:58:40.698,0,0.5,2,0,0,500,50000,-1,-42691,44046160,58,53337,-91316816
19:58:40.703,0,0.7,2,0,0,500,50000,4,-38304,44046000,109,43461,-91316616
19:58:40.708,0,0.7,2,0,0,500,50000,48,-30701,44045860,35,52428,-91316352
19:58:40.713,0,0.3,2,0,0,500,50000,-4,-27752,44045744,169,42664,-91316144
19:58:40.718,0,-0.1,2,0,0,500,50000,-47,-27102,44045608,71,49778,-91315832
19:58:40.723,0,-0.8,2,0,0,500,50000,14,-32053,44045440,148,45897,-91315656
19:58:40.728,0,-1.5,2,0,0,500,50000,-67,-44362,44045160,147,44424,-91315392
19:58:40.733,0,-2.0,2,0,0,500,50000,10,-52245,44044880,47,53396,-91315128
19:58:40.738,0,-2.3,2,0,0,500,50000,-27,-54744,44044564,175,42526,-91314936
19:58:40.743,0,-2.2,2,0,0,500,50000,9,-52051,44044340,-45,54310,-91314600
19:58:40.748,0,-2.0,2,0,0,500,50000,-11,-54071,44044028,154,41664,-91314464
19:58:40.753,0,-1.6,2,0,0,500,50000,4,-59028,44043728,-50,55581,-91314096
19:58:40.758,0,-1.2,2,0,0,500,50000,-3,-62450,44043364,44,47448,-91313896
19:58:40.763,0,-0.7,2,0,0,500,50000,-22,-62060,44043076,-28,53237,-91313592
19:58:40.768,0,-0.3,2,0,0,500,50000,2,-61491,44042792,131,44174,-91313440
19:58:40.773,0,0.0,2,0,0,500,50000,15,-56057,44042496,-37,57686,-91313080
19:58:40.779,0,0.4,2,0,0,500,50000,-18,-51959,44042256,133,44498,-91312888
19:58:40.784,0,0.6,2,0,0,500,50000,12,-42693,44042052,-12,56612,-91312552
19:58:40.789,0,0.7,2,0,0,500,50000,-11,-28168,44041984,177,40197,-91312400
19:58:40.794,0,0.5,2,0,0,500,50000,25,-20093,44041908,13,55769,-91312080
19:58:40.799,0,0.1,2,0,0,500,50000,19,-23060,44041788,212,41166,-91311920
19:58:40.804,0,-0.4,2,0,0,500,50000,4,-29974,44041620,-7,54445,-91311624
19:58:40.809,0,-1.1,2,0,0,500,50000,30,-45679,44041304,203,43590,-91311448
19:58:40.814,0,-1.7,2,0,0,500,50000,-13,-55120,44041012,100,48050,-91311136
19:58:40.819,0,-1.9,2,0,0,500,50000,-12,-58184,44040724,148,47465,-91310944
19:58:40.824,0,-1.7,2,0,0,500,50000,-2,-64652,44040352,48,48639,-91310648
19:58:40.829,0,-1.3,2,0,0,500,50000,0,-67655,44040020,-5,49462,-91310432
19:58:40.834,0,-0.8,2,0,0,500,50000,-18,-65619,44039668,18,49291,-91310160
19:58:40.839,0,-0.2,2,0,0,500,50000,-33,-62737,44039384,24,49745,-91309888
19:58:40.844,0,0.3,2,0,0,500,50000,-124,-56127,44039104,34,50718,-91309648
19:58:40.849,0,0.7,2,0,0,500,50000,-4,-46567,44038884,40,50235,-91309384
19:58:40.854,0,0.9,2,0,0,500,50000,-11,-37370,44038756,33,49497,-91309104
19:58:40.859,0,0.9,2,0,0,500,50000,235,-26242,44038660,53,48195,-91308896
19:58:40.865,0,0.7,2,0,0,500,50000,-25,-22274,44038580,132,46968,-91308640
19:58:40.870,0,0.2,2,0,0,500,50000,-13,-25238,44038432,118,50790,-91308408
19:58:40.875,0,-0.4,2,0,0,500,50000,22,-29811,44038284,170,43288,-91308200
19:58:40.880,0,-1.2,2,0,0,500,50000,20,-40246,44038028,69,48300,-91307912
19:58:40.885,0,-1.9,2,0,0,500,50000,24,-53282,44037732,124,46762,-91307720
19:58:40.890,0,-2.3,2,0,0,500,50000,-3,-59188,44037380,21,48439,-91307448
19:58:40.895,0,-2.4,2,0,0,500,50000,2,-63286,44037060,-20,50202,-91307168
19:58:40.900,0,-2.2,2,0,0,500,50000,6,-70539,44036644,114,47992,-91306920
19:58:40.905,0,-1.6,2,0,0,500,50000,0,-71289,44036308,70,51058,-91306696
19:58:40.910,0,-0.9,2,0,0,500,50000,2,-76130,44035936,-23,50160,-91306416
19:58:40.915,0,-0.2,2,0,0,500,50000,-2,-70509,44035560,101,49957,-91306160
19:58:40.920,0,0.3,2,0,0,500,50000,-67,-65522,44035268,-12,52134,-91305920
19:58:40.925,0,0.8,2,0,0,500,50000,-2,-55869,44035000,97,48294,-91305688
19:58:40.930,0,1.1,2,0,0,500,50000,69,-44061,44034836,35,50020,-91305392
19:58:40.935,0,1.3,2,0,0,500,50000,-14,-30345,44034740,107,47696,-91305168
19:58:40.940,0,1.2,2,0,0,500,50000,31,-20249,44034668,-5,52884,-91304904
19:58:40.945,0,0.8,2,0,0,500,50000,-12,-18423,44034592,155,44723,-91304720
19:58:40.951,0,0.2,2,0,0,500,50000,14,-29138,44034404,132,48086,-91304424
19:58:40.956,0,-0.6,2,0,0,500,50000,15,-45845,44034116,162,46614,-91304232
19:58:40.961,0,-1.4,2,0,0,500,50000,-45,-56923,44033800,98,49836,-91303936
19:58:40.966,0,-1.9,2,0,0,500,50000,-18,-68398,44033372,121,47299,-91303752
19:58:40.971,0,-2.0,2,0,0,500,50000,-14,-70510,44032988,21,52972,-91303424
19:58:40.976,0,-1.6,2,0,0,500,50000,-3,-75674,44032616,73,45972,-91303200
19:58:40.981,0,-0.9,2,0,0,500,50000,-23,-72906,44032228,-4,55248,-91302864
19:58:40.986,0,-0.1,2,0,0,500,50000,-31,-62970,44031928,123,45064,-91302712
19:58:40.992,0,0.4,2,0,0,500,50000,-35,-54519,44031704,-8,56202,-91302376
19:58:40.997,0,0.8,2,0,0,500,50000,-20,-41506,44031528,18,49499,-91302184
19:58:41.002,0,1.0,2,0,0,500,50000,-24,-25925,44031480,39,51451,-91301904
19:58:41.007,0,0.9,2,0,0,500,50000,16,-17574,44031424,48,49491,-91301688
19:58:41.012,0,0.6,2,0,0,500,50000,4,-18631,44031332,149,47937,-91301464
19:58:41.017,0,0.0,2,0,0,500,50000,77,-30493,44031144,223,43230,-91301224
19:58:41.022,0,-0.9,2,0,0,500,50000,3,-49109,44030776,25,54585,-91300904
19:58:41.027,0,-1.7,2,0,0,500,50000,-117,-59910,44030452,121,43888,-91300712
19:58:41.032,0,-2.2,2,0,0,500,50000,-12,-65967,44030056,-36,53737,-91300376
19:58:41.037,0,-2.3,2,0,0,500,50000,-20,-62965,44029828,101,45553,-91300216
19:58:41.042,0,-1.8,2,0,0,500,50000,15,-58529,44029576,35,49669,-91299984
19:58:41.047,0,-1.2,2,0,0,500,50000,24,-61880,44029224,87,44989,-91299728
19:58:41.052,0,-0.5,2,0,0,500,50000,137,-60513,44028944,59,50375,-91299448
19:58:41.057,0,0.0,2,0,0,500,50000,-8,-61188,44028596,94,47878,-91299184
19:58:41.062,0,0.3,2,0,0,500,50000,-27,-60749,44028312,63,46291,-91298992
19:58:41.062,0,0.3,2,0,0,500,50000,4,-58081,44028052,31,50610,-91298680
19:58:41.067,0,0.5,2,0,0,500,50000,-46,-53002,44027780,85,47660,-91298456
19:58:41.072,0,0.7,2,0,0,500,50000,-14,-46548,44027592,-4,55162,-91298160
19:58:41.078,0,0.9,2,0,0,500,50000,-14,-37527,44027416,125,43881,-91297976
19:58:41.083,0,1.0,2,0,0,500,50000,1,-27107,44027332,42,53585,-91297640
19:58:41.088,0,1.0,2,0,0,500,50000,6,-22086,44027252,130,42563,-91297488
19:58:41.093,0,0.8,2,0,0,500,50000,18,-21465,44027144,37,51710,-91297168
19:58:41.098,0,0.5,2,0,0,500,50000,10,-30815,44026960,227,43377,-91297024
19:58:41.103,0,-0.5,2,0,0,500,50000,-17,-42416,44026688,12,50151,-91296704
19:58:41.108,0,-1.1,2,0,0,500,50000,-21,-50655,44026372,92,51261,-91296456
19:58:41.113,0,-1.6,2,0,0,500,50000,0,-54287,44026104,37,48288,-91296224
19:58:41.118,0,-1.8,2,0,0,500,50000,27,-58593,44025764,8,54740,-91295944
19:58:41.123,0,-1.6,2,0,0,500,50000,-25,-62497,44025460,36,50137,-91295720
19:58:41.128,0,-1.2,2,0,0,500,50000,-44,-62548,44025124,-15,54552,-91295448
19:58:41.133,0,-0.7,2,0,0,500,50000,-32,-58041,44024880,86,45305,-91295216
19:58:41.138,0,-0.1,2,0,0,500,50000,20,-47952,44024648,99,51417,-91294992
19:58:41.143,0,0.2,2,0,0,500,50000,-8,-44877,44024452,55,43803,-91294728
19:58:41.148,0,0.4,2,0,0,500,50000,0,-33965,44024304,3,57079,-91294408
19:58:41.153,0,0.5,2,0,0,500,50000,18,-33695,44024140,-2,48066,-91294216
19:58:41.159,0,0.3,2,0,0,500,50000,16,-33023,44023988,-20,54947,-91293944
19:58:41.164,0,0.0,2,0,0,500,50000,4,-39097,44023744,108,40097,-91293744
19:58:41.169,0,-0.3,2,0,0,500,50000,2,-44164,44023448,-53,57061,-91293328
19:58:41.174,0,-0.7,2,0,0,500,50000,-4,-54558,44023140,139,42402,-91293176
19:58:41.179,0,-1.0,2,0,0,500,50000,-36,-54882,44022880,-78,60827,-91292816
19:58:41.184,0,-1.1,2,0,0,500,50000,-27,-56050,44022568,197,42109,-91292688
19:58:41.189,0,-1.0,2,0,0,500,50000,-33,-52059,44022348,-54,57397,-91292312
19:58:41.194,0,-0.7,2,0,0,500,50000,2,-53566,44022132,170,39375,-91292272
19:58:41.199,0,-0.4,2,0,0,500,50000,80,-57846,44021792,-42,61533,-91291864
19:58:41.204,0,-0.1,2,0,0,500,50000,-41,-60519,44021492,88,43169,-91291696
19:58:41.209,0,0.1,2,0,0,500,50000,21,-60180,44021208,14,55768,-91291408
19:58:41.214,0,0.3,2,0,0,500,50000,-3,-60947,44020856,111,45547,-91291192
19:58:41.219,0,0.5,2,0,0,500,50000,0,-58419,44020584,89,51990,-91290944
19:58:41.224,0,0.7,2,0,0,500,50000,-7,-50686,44020340,32,51248,-91290664
19:58:41.229,0,0.9,2,0,0,500,50000,-13,-38623,44020212,83,50049,-91290408
19:58:41.234,0,1.0,2,0,0,500,50000,-28,-27117,44020116,-4,49774,-91290184
19:58:41.239,0,0.9,2,0,0,500,50000,7,-24073,44020008,125,45169,-91289960
19:58:41.244,0,0.7,2,0,0,500,50000,41,-26052,44019888,116,48523,-91289656
19:58:41.250,0,0.2,2,0,0,500,50000,-40,-39461,44019624,141,46127,-91289472
19:58:41.255,0,-0.4,2,0,0,500,50000,5,-51065,44019348,114,47425,-91289200
19:58:41.260,0,-1.1,2,0,0,500,50000,65,-59626,44018996,50,48987,-91288976
19:58:41.265,0,-1.7,2,0,0,500,50000,0,-61606,44018712,79,47658,-91288728
19:58:41.270,0,-2.0,2,0,0,500,50000,6,-70576,44018292,-34,54522,-91288416
19:58:41.275,0,-1.9,2,0,0,500,50000,-24,-71707,44017956,38,48240,-91288216
19:58:41.280,0,-1.5,2,0,0,500,50000,-3,-72435,44017556,-30,50103,-91287944
19:58:41.285,0,-0.9,2,0,0,500,50000,-10,-68354,44017256,42,50347,-91287664
19:58:41.290,0,-0.3,2,0,0,500,50000,19,-58806,44016960,32,51672,-91287384
19:58:41.295,0,0.1,2,0,0,500,50000,-19,-49101,44016772,6,49073,-91287176
19:58:41.300,0,0.6,2,0,0,500,50000,0,-36923,44016644,56,49162,-91286912
19:58:41.305,0,0.8,2,0,0,500,50000,3,-28661,44016516,90,47298,-91286656
19:58:41.310,0,0.8,2,0,0,500,50000,70,-29854,44016372,82,46961,-91286456
19:58:41.315,0,0.5,2,0,0,500,50000,-4,-39693,44016120,64,47044,-91286192
19:58:41.320,0,0.1,2,0,0,500,50000,54,-50187,44015840,68,48311,-91285928
19:58:41.325,0,-0.4,2,0,0,500,50000,19,-57758,44015488,68,48237,-91285672
19:58:41.331,0,-0.9,2,0,0,500,50000,40,-61221,44015188,34,50984,-91285432
19:58:41.336,0,-1.1,2,0,0,500,50000,-4,-64922,44014872,37,47082,-91285184
19:58:41.341,0,-1.1,2,0,0,500,50000,11,-70545,44014452,20,51989,-91284888
19:58:41.346,0,-0.7,2,0,0,500,50000,-8,-68183,44014148,1,49345,-91284672
19:58:41.351,0,-0.2,2,0,0,500,50000,-18,-64272,44013808,0,51773,-91284400
19:58:41.356,0,0.2,2,0,0,500,50000,-18,-60922,44013540,-35,48950,-91284184
19:58:41.361,0,0.7,2,0,0,500,50000,10,-49036,44013312,23,52534,-91283896
19:58:41.366,0,1.0,2,0,0,500,50000,5,-38414,44013176,62,46440,-91283656
19:58:41.371,0,1.1,2,0,0,500,50000,-32,-24306,44013100,6,51273,-91283408
19:58:41.376,0,1.1,2,0,0,500,50000,-13,-14655,44013064,94,43720,-91283184
19:58:41.381,0,0.9,2,0,0,500,50000,68,-14938,44012992,4,51811,-91282880
19:58:41.386,0,0.4,2,0,0,500,50000,31,-28488,44012788,163,42995,-91282736
19:58:41.391,0,-0.3,2,0,0,500,50000,-6,-46580,44012468,120,48675,-91282392
19:58:41.396,0,-1.2,2,0,0,500,50000,-123,-63909,44012056,137,50194,-91282168
19:58:41.401,0,-2.1,2,0,0,500,50000,17,-65697,44011796,13,52511,-91281928
19:58:41.406,0,-2.6,2,0,0,500,50000,-8,-66274,44011424,81,50203,-91281680
19:58:41.411,0,-2.6,2,0,0,500,50000,0,-68338,44011088,-46,53236,-91281384
19:58:41.417,0,-2.1,2,0,0,500,50000,-2,-66112,44010724,118,48980,-91281200
19:58:41.422,0,-1.3,2,0,0,500,50000,-9,-62182,44010456,-15,55061,-91280872
19:58:41.427,0,-0.5,2,0,0,500,50000,4,-56064,44010212,137,46924,-91280672
19:58:41.432,0,0.1,2,0,0,500,50000,32,-50816,44009940,-18,53951,-91280400
19:58:41.437,0,0.6,2,0,0,500,50000,4,-44955,44009748,117,47806,-91280160
19:58:41.442,0,0.9,2,0,0,500,50000,17,-35394,44009580,14,53749,-91279864
19:58:41.447,0,1.0,2,0,0,500,50000,18,-30508,44009456,42,48353,-91279672
19:58:41.452,0,1.0,2,0,0,500,50000,15,-27608,44009316,96,47688,-91279424
19:58:41.457,0,0.8,2,0,0,500,50000,9,-30928,44009156,99,47266,-91279168
19:58:41.462,0,0.4,2,0,0,500,50000,-3,-43062,44008908,80,49935,-91278896
19:58:41.467,0,-0.1,2,0,0,500,50000,-11,-56832,44008544,122,44901,-91278720
19:58:41.472,0,-0.7,2,0,0,500,50000,-36,-57415,44008276,54,50771,-91278424
19:58:41.477,0,-1.1,2,0,0,500,50000,-29,-58499,44007940,-3,48243,-91278176
19:58:41.482,0,-1.3,2,0,0,500,50000,9,-62810,44007620,95,49347,-91277952
19:58:41.487,0,-1.2,2,0,0,500,50000,0,-66813,44007240,41,48264,-91277680
19:58:41.492,0,-0.8,2,0,0,500,50000,-27,-64963,44006952,28,49447,-91277448
19:58:41.498,0,-0.3,2,0,0,500,50000,24,-59766,44006644,62,49380,-91277168
19:58:41.503,0,0.0,2,0,0,500,50000,-31,-53289,44006428,5,49478,-91276912
19:58:41.508,0,0.5,2,0,0,500,50000,2,-44914,44006212,33,49710,-91276672
19:58:41.513,0,0.8,2,0,0,500,50000,-18,-37967,44006072,82,46218,-91276432
19:58:41.518,0,1.0,2,0,0,500,50000,-7,-26829,44005972,-6,51064,-91276184
19:58:41.523,0,0.7,2,0,0,500,50000,16,-21721,44005876,130,43422,-91275976
19:58:41.528,0,0.2,2,0,0,500,50000,-19,-26824,44005732,71,49668,-91275680
19:58:41.533,0,-0.4,2,0,0,500,50000,-17,-40019,44005476,159,47402,-91275440
19:58:41.538,0,-1.3,2,0,0,500,50000,-25,-57045,44005108,53,46161,-91275176
19:58:41.543,0,-1.9,2,0,0,500,50000,-33,-67931,44004744,67,50257,-91274952
19:58:41.548,0,-2.3,2,0,0,500,50000,-10,-66595,44004440,71,47708,-91274688
19:58:41.553,0,-2.2,2,0,0,500,50000,-15,-65331,44004136,41,52950,-91274456
19:58:41.558,0,-1.7,2,0,0,500,50000,0,-67610,44003748,-8,50079,-91274192
19:58:41.563,0,-1.1,2,0,0,500,50000,-11,-70109,44003408,30,52093,-91273928
19:58:41.568,0,-0.4,2,0,0,500,50000,14,-67030,44003040,-7,53912,-91273672
19:58:41.573,0,0.0,2,0,0,500,50000,-15,-64651,44002740,10,48947,-91273448
19:58:41.578,0,0.5,2,0,0,500,50000,-3,-57118,44002496,-24,53872,-91273144
19:58:41.584,0,0.8,2,0,0,500,50000,-2,-45921,44002276,83,45978,-91272928
19:58:41.589,0,1.0,2,0,0,500,50000,0,-34940,44002160,28,53677,-91272664
19:58:41.594,0,1.0,2,0,0,500,50000,3,-23222,44002068,127,45211,-91272456
19:58:41.599,0,0.8,2,0,0,500,50000,52,-17507,44002016,35,50840,-91272176
19:58:41.604,0,0.2,2,0,0,500,50000,29,-24750,44001860,131,47940,-91271976
19:58:41.609,0,-0.5,2,0,0,500,50000,27,-43924,44001572,47,48316,-91271712
19:58:41.614,0,-1.5,2,0,0,500,50000,-5,-63089,44001192,46,47549,-91271464
19:58:41.619,0,-2.2,2,0,0,500,50000,0,-74900,44000728,126,51981,-91271208
19:58:41.624,0,-2.5,2,0,0,500,50000,-18,-78094,44000360,101,48653,-91270960
19:58:41.629,0,-2.2,2,0,0,500,50000,-33,-82809,43999888,1,55204,-91270688
19:58:41.634,0,-1.4,2,0,0,500,50000,-15,-75534,43999572,80,45545,-91270480
19:58:41.639,0,-0.5,2,0,0,500,50000,3,-58713,43999316,-10,54624,-91270128
19:58:41.644,0,0.2,2,0,0,500,50000,-26,-45425,43999120,75,44919,-91269984
19:58:41.649,0,0.8,2,0,0,500,50000,3,-33846,43999012,-7,53441,-91269656
19:58:41.654,0,1.1,2,0,0,500,50000,62,-24861,43998916,171,41344,-91269528
19:58:41.659,0,0.9,2,0,0,500,50000,34,-25387,43998804,8,53336,-91269176
19:58:41.664,0,0.3,2,0,0,500,50000,-5,-31296,43998620,204,42533,-91268992
19:58:41.669,0,-0.4,2,0,0,500,50000,5,-41202,43998384,55,52553,-91268712
19:58:41.674,0,-1.2,2,0,0,500,50000,-7,-53906,43998040,129,43705,-91268520
19:58:41.680,0,-2.0,2,0,0,500,50000,11,-64730,43997688,58,54214,-91268184
19:58:41.685,0,-2.3,2,0,0,500,50000,-17,-69102,43997332,80,44511,-91268000
19:58:41.690,0,-2.3,2,0,0,500,50000,20,-65102,43996932,66,53304,-91267664
19:58:41.695,0,-1.9,2,0,0,500,50000,38,-65082,43996628,121,48087,-91267440
19:58:41.700,0,-1.3,2,0,0,500,50000,2,-63962,43996328,-33,54722,-91267160
19:58:41.705,0,-0.6,2,0,0,500,50000,-9,-59049,43996008,81,45835,-91266960
19:58:41.710,0,-0.1,2,0,0,500,50000,30,-52987,43995784,22,51362,-91266640
19:58:41.715,0,0.3,2,0,0,500,50000,12,-45096,43995604,87,43486,-91266480
19:58:41.720,0,0.6,2,0,0,500,50000,12,-40781,43995432,24,50171,-91266232
19:58:41.725,0,0.7,2,0,0,500,50000,-5,-33964,43995264,109,46666,-91265984
19:58:41.730,0,0.7,2,0,0,500,50000,-16,-34776,43995100,90,51020,-91265704
19:58:41.735,0,0.4,2,0,0,500,50000,75,-37302,43994912,24,46419,-91265472
19:58:41.740,0,0.0,2,0,0,500,50000,-10,-42104,43994668,56,49389,-91265240
19:58:41.745,0,-0.4,2,0,0,500,50000,58,-43525,43994464,161,48473,-91264984
19:58:41.750,0,-0.8,2,0,0,500,50000,10,-47916,43994188,156,47696,-91264776
19:58:41.755,0,-1.1,2,0,0,500,50000,6,-50384,43993940,65,51871,-91264480
19:58:41.760,0,-1.3,2,0,0,500,50000,-16,-48522,43993684,129,46838,-91264248
19:58:41.765,0,-1.4,2,0,0,500,50000,-9,-45065,43993492,35,52424,-91263992
19:58:41.770,0,-1.4,2,0,0,500,50000,8,-44807,43993252,154,44725,-91263792
19:58:41.776,0,-1.4,2,0,0,500,50000,13,-47565,43993028,25,52419,-91263456
19:58:41.781,0,-1.4,2,0,0,500,50000,-14,-52280,43992728,111,46687,-91263288
19:58:41.786,0,-1.4,2,0,0,500,50000,-1,-55856,43992452,0,51022,-91262984
19:58:41.791,0,-1.4,2,0,0,500,50000,-3,-54365,43992168,106,44087,-91262816
19:58:41.796,0,-1.3,2,0,0,500,50000,3,-51198,43991900,59,51495,-91262496
19:58:41.801,0,-1.1,2,0,0,500,50000,-40,-48484,43991688,56,50367,-91262256
19:58:41.806,0,-0.9,2,0,0,500,50000,0,-47374,43991468,96,48748,-91262040
19:58:41.811,0,-0.6,2,0,0,500,50000,10,-42460,43991256,60,48222,-91261784
19:58:41.816,0,-0.5,2,0,0,500,50000,-4,-40281,43991072,50,48462,-91261520
19:58:41.821,0,-0.5,2,0,0,500,50000,9,-37288,43990884,156,45652,-91261288
19:58:41.826,0,-0.7,2,0,0,500,50000,1,-41370,43990696,94,48206,-91261064
19:58:41.831,0,-1.0,2,0,0,500,50000,7,-48920,43990420,39,50185,-91260784
19:58:41.836,0,-1.4,2,0,0,500,50000,-1,-56319,43990080,55,48751,-91260528
19:58:41.841,0,-1.6,2,0,0,500,50000,-18,-54139,43989832,104,47352,-91260320
19:58:41.846,0,-1.7,2,0,0,500,50000,22,-50413,43989572,56,49191,-91260048
19:58:41.851,0,-1.6,2,0,0,500,50000,19,-51542,43989328,19,49724,-91259784
19:58:41.856,0,-1.3,2,0,0,500,50000,22,-54645,43989056,68,48467,-91259520
19:58:41.861,0,-1.0,2,0,0,500,50000,-48,-55436,43988740,72,50204,-91259296
19:58:41.866,0,-0.8,2,0,0,500,50000,75,-55691,43988480,77,47242,-91259056
19:58:41.872,0,-0.6,2,0,0,500,50000,4,-55708,43988172,100,49024,-91258768
19:58:41.877,0,-0.4,2,0,0,500,50000,-19,-55616,43987908,98,49743,-91258552
19:58:41.882,0,-0.2,2,0,0,500,50000,-5,-48858,43987664,36,47411,-91258288
19:58:41.887,0,0.0,2,0,0,500,50000,-11,-43131,43987492,37,50977,-91258056
19:58:41.892,0,0.0,2,0,0,500,50000,9,-33759,43987360,123,44870,-91257832
19:58:41.897,0,0.0,2,0,0,500,50000,-1,-36342,43987156,33,48607,-91257560
19:58:41.902,0,-0.2,2,0,0,500,50000,12,-48360,43986856,121,49455,-91257288
19:58:41.907,0,-0.7,2,0,0,500,50000,18,-58119,43986544,78,47083,-91257040
19:58:41.912,0,-1.3,2,0,0,500,50000,37,-57218,43986244,68,52124,-91256784
19:58:41.917,0,-1.7,2,0,0,500,50000,8,-55976,43985988,83,44420,-91256568
19:58:41.922,0,-1.9,2,0,0,500,50000,-14,-57860,43985720,47,51283,-91256312
19:58:41.927,0,-1.8,2,0,0,500,50000,15,-60631,43985384,16,51996,-91256072
19:58:41.932,0,-1.4,2,0,0,500,50000,-11,-58428,43985112,104,47885,-91255848
19:58:41.937,0,-1.1,2,0,0,500,50000,-10,-57826,43984844,-2,49443,-91255560
19:58:41.942,0,-0.7,2,0,0,500,50000,-1,-58204,43984516,107,48499,-91255328
19:58:41.947,0,-0.4,2,0,0,500,50000,-4,-58120,43984248,0,51559,-91255072
19:58:41.952,0,-0.1,2,0,0,500,50000,49,-55099,43983948,75,49947,-91254824
19:58:41.958,0,0.0,2,0,0,500,50000,-32,-47966,43983744,0,50169,-91254544
19:58:41.963,0,0.1,2,0,0,500,50000,0,-40262,43983584,29,48501,-91254344
19:58:41.968,0,0.1,2,0,0,500,50000,-14,-39232,43983364,52,48371,-91254080
19:58:41.973,0,0.0,2,0,0,500,50000,17,-41835,43983156,59,49415,-91253816
19:58:41.978,0,-0.1,2,0,0,500,50000,-20,-44468,43982896,110,49855,-91253560
19:58:41.983,0,-0.9,2,0,0,500,50000,6,-49275,43982644,118,48840,-91253352
19:58:41.988,0,-1.2,2,0,0,500,50000,-4,-54881,43982356,101,49437,-91253088
19:58:41.993,0,-1.4,2,0,0,500,50000,-3,-59644,43982012,47,51038,-91252808
19:58:41.998,0,-1.3,2,0,0,500,50000,15,-61805,43981712,118,48983,-91252616
19:58:42.003,0,-1.0,2,0,0,500,50000,-16,-60562,43981380,3,52261,-91252312
19:58:42.008,0,-0.5,2,0,0,500,50000,-23,-54352,43981156,90,45868,-91252096
19:58:42.013,0,0.0,2,0,0,500,50000,-16,-48414,43980916,20,54467,-91251824
19:58:42.018,0,0.3,2,0,0,500,50000,-6,-44895,43980728,101,45467,-91251608
19:58:42.023,0,0.5,2,0,0,500,50000,19,-41397,43980520,8,52626,-91251288
19:58:42.028,0,0.5,2,0,0,500,50000,-23,-41116,43980324,24,46518,-91251112
19:58:42.034,0,0.3,2,0,0,500,50000,-15,-37557,43980132,87,49826,-91250816
19:58:42.039,0,0.0,2,0,0,500,50000,-32,-32905,43980000,119,47621,-91250616
19:58:42.044,0,-0.4,2,0,0,500,50000,59,-38346,43979764,99,48886,-91250352
19:58:42.049,0,-0.9,2,0,0,500,50000,38,-51233,43979444,85,46720,-91250104
19:58:42.054,0,-1.3,2,0,0,500,50000,14,-53597,43979188,108,47659,-91249880
19:58:42.059,0,-1.6,2,0,0,500,50000,-34,-51962,43978916,49,46977,-91249608
19:58:42.064,0,-1.7,2,0,0,500,50000,45,-50065,43978684,115,50094,-91249384
19:58:42.069,0,-1.5,2,0,0,500,50000,9,-59543,43978324,10,48907,-91249112
19:58:42.074,0,-1.3,2,0,0,500,50000,8,-61264,43978040,43,55498,-91248808
19:58:42.079,0,-0.9,2,0,0,500,50000,-8,-61381,43977636,60,43275,-91248560
19:58:42.084,0,-0.5,2,0,0,500,50000,-22,-55746,43977352,11,53922,-91248224
19:58:42.089,0,-0.1,2,0,0,500,50000,9,-53406,43977108,101,42030,-91248040
19:58:42.094,0,0.2,2,0,0,500,50000,-37,-48005,43976868,-28,52288,-91247760
19:58:42.099,0,0.6,2,0,0,500,50000,24,-42010,43976688,146,42236,-91247536
19:58:42.104,0,0.8,2,0,0,500,50000,-41,-37430,43976592,60,50843,-91247336
19:58:42.109,0,0.9,2,0,0,500,50000,1,-31634,43976440,111,44805,-91247088
19:58:42.115,0,0.8,2,0,0,500,50000,-19,-28714,43976324,51,54763,-91246792
19:58:42.120,0,0.4,2,0,0,500,50000,-67,-37449,43976088,138,42566,-91246640
19:58:42.125,0,0.0,2,0,0,500,50000,12,-43911,43975860,-17,56542,-91246304
19:58:42.130,0,-0.6,2,0,0,500,50000,-111,-51820,43975584,206,40324,-91246152
19:58:42.135,0,-1.1,2,0,0,500,50000,37,-52925,43975280,-11,57927,-91245808
19:58:42.140,0,-1.3,2,0,0,500,50000,-3,-57914,43974984,146,41071,-91245672
19:58:42.145,0,-1.3,2,0,0,500,50000,4,-57360,43974672,17,55441,-91245296
19:58:42.150,0,-1.0,2,0,0,500,50000,-14,-55787,43974412,100,46284,-91245128
19:58:42.155,0,-0.6,2,0,0,500,50000,-18,-52531,43974132,66,54665,-91244800
19:58:42.160,0,-0.1,2,0,0,500,50000,-32,-48426,43973924,84,45795,-91244624
19:58:42.165,0,0.1,2,0,0,500,50000,8,-43017,43973716,46,51220,-91244344
19:58:42.170,0,0.4,2,0,0,500,50000,-10,-39596,43973548,108,47786,-91244104
19:58:42.175,0,0.4,2,0,0,500,50000,46,-40718,43973328,74,50365,-91243856
19:58:42.180,0,0.3,2,0,0,500,50000,-8,-40010,43973108,73,49359,-91243600
19:58:42.186,0,0.0,2,0,0,500,50000,26,-42954,43972900,95,49602,-91243328
19:58:42.191,0,-0.4,2,0,0,500,50000,102,-43395,43972664,135,46566,-91243136
19:58:42.196,0,-0.8,2,0,0,500,50000,-6,-44069,43972460,104,47006,-91242872
19:58:42.201,0,-1.3,2,0,0,500,50000,16,-49237,43972168,75,50555,-91242592
19:58:42.206,0,-1.6,2,0,0,500,50000,14,-54328,43971888,139,46583,-91242400
19:58:42.211,0,-1.9,2,0,0,500,50000,3,-51762,43971600,56,49863,-91242128
19:58:42.216,0,-2.0,2,0,0,500,50000,-19,-55620,43971320,128,48056,-91241880
19:58:42.221,0,-1.9,2,0,0,500,50000,34,-61247,43970964,17,52848,-91241576
19:58:42.226,0,-1.7,2,0,0,500,50000,66,-66728,43970624,147,46935,-91241400
19:58:42.231,0,-1.4,2,0,0,500,50000,-67,-65400,43970316,53,54385,-91241088
19:58:42.236,0,-1.0,2,0,0,500,50000,-165,-62762,43969980,131,45775,-91240864
19:58:42.241,0,-0.5,2,0,0,500,50000,-4,-54211,43969764,60,51350,-91240624
19:58:42.246,0,0.0,2,0,0,500,50000,-14,-46909,43969560,30,48169,-91240376
19:58:42.252,0,0.4,2,0,0,500,50000,-5,-41372,43969340,69,50325,-91240096
19:58:42.257,0,0.7,2,0,0,500,50000,8,-36523,43969188,29,48462,-91239896
19:58:42.262,0,0.7,2,0,0,500,50000,10,-33811,43969012,88,49122,-91239632
19:58:42.267,0,0.5,2,0,0,500,50000,65,-39228,43968808,118,47139,-91239376
19:58:42.272,0,0.1,2,0,0,500,50000,-2,-44613,43968580,105,52077,-91239088
19:58:42.277,0,-0.3,2,0,0,500,50000,-12,-49906,43968276,196,44407,-91238920
19:58:42.282,0,-0.8,2,0,0,500,50000,157,-48213,43968056,70,50293,-91238624
19:58:42.287,0,-1.2,2,0,0,500,50000,11,-50244,43967776,140,45008,-91238448
19:58:42.292,0,-1.3,2,0,0,500,50000,15,-55104,43967512,75,49726,-91238152
19:58:42.297,0,-1.4,2,0,0,500,50000,-4,-65519,43967116,25,51123,-91237880
19:58:42.302,0,-1.3,2,0,0,500,50000,-23,-69688,43966772,16,51380,-91237640
19:58:42.307,0,-1.1,2,0,0,500,50000,-2,-67987,43966408,53,53088,-91237368
19:58:42.312,0,-0.8,2,0,0,500,50000,-32,-58540,43966124,17,50401,-91237152
19:58:42.317,0,-0.4,2,0,0,500,50000,12,-48811,43965944,108,48456,-91236912
19:58:42.322,0,0.0,2,0,0,500,50000,0,-36257,43965796,40,52126,-91236600
19:58:42.327,0,0.3,2,0,0,500,50000,-19,-29051,43965684,144,45537,-91236440
19:58:42.332,0,0.4,2,0,0,500,50000,7,-26157,43965576,121,50163,-91236128
19:58:42.338,0,0.2,2,0,0,500,50000,22,-27245,43965420,157,50057,-91235904
19:58:42.343,0,-0.2,2,0,0,500,50000,10,-37151,43965204,112,48073,-91235680
19:58:42.348,0,-1.0,2,0,0,500,50000,20,-48013,43964900,72,49993,-91235432
19:58:42.353,0,-1.7,2,0,0,500,50000,20,-56543,43964592,85,45118,-91235192
19:58:42.358,0,-2.3,2,0,0,500,50000,-1,-62519,43964272,131,47436,-91234960
19:58:42.363,0,-2.4,2,0,0,500,50000,-2,-66252,43963896,136,46715,-91234712
19:58:42.368,0,-2.0,2,0,0,500,50000,-41,-74371,43963508,45,51355,-91234416
19:58:42.373,0,-1.4,2,0,0,500,50000,-9,-73505,43963096,64,48636,-91234160
19:58:42.378,0,-0.6,2,0,0,500,50000,-28,-72271,43962756,-34,53450,-91233912
19:58:42.383,0,0.0,2,0,0,500,50000,-24,-65369,43962420,85,47355,-91233680
19:58:42.388,0,0.6,2,0,0,500,50000,29,-49275,43962264,41,51913,-91233384
19:58:42.393,0,1.1,2,0,0,500,50000,-5,-33041,43962180,4,46530,-91233200
19:58:42.398,0,1.2,2,0,0,500,50000,21,-18566,43962132,60,49713,-91232920
19:58:42.403,0,1.1,2,0,0,500,50000,-34,-13325,43962096,164,45115,-91232696
19:58:42.408,0,0.6,2,0,0,500,50000,-1,-18079,43961992,72,49624,-91232456
19:58:42.414,0,-0.1,2,0,0,500,50000,-8,-27921,43961796,24,46533,-91232224
19:58:42.419,0,-1.0,2,0,0,500,50000,0,-42640,43961508,180,45614,-91231968
19:58:42.424,0,-1.8,2,0,0,500,50000,64,-53810,43961212,99,49480,-91231688
19:58:42.429,0,-2.3,2,0,0,500,50000,-1,-60232,43960856,154,48479,-91231480
19:58:42.434,0,-2.4,2,0,0,500,50000,48,-58353,43960596,81,48425,-91231208
19:58:42.439,0,-2.1,2,0,0,500,50000,-33,-55728,43960304,102,50637,-91230984
19:58:42.444,0,-1.6,2,0,0,500,50000,-4,-57476,43960036,39,49752,-91230704
19:58:42.449,0,-1.2,2,0,0,500,50000,102,-51986,43959776,103,47780,-91230504
19:58:42.454,0,-0.7,2,0,0,500,50000,-8,-51795,43959496,58,52258,-91230160
19:58:42.459,0,-0.5,2,0,0,500,50000,-36,-45379,43959272,50,48021,-91229960
19:58:42.464,0,-0.3,2,0,0,500,50000,-84,-37706,43959124,77,46204,-91229704
19:58:42.469,0,-0.3,2,0,0,500,50000,9,-32059,43958996,122,51046,-91229480
19:58:42.474,0,-0.4,2,0,0,500,50000,47,-33645,43958832,124,44198,-91229256
19:58:42.479,0,-0.6,2,0,0,500,50000,22,-37414,43958644,142,49555,-91229024
19:58:42.484,0,-1.0,2,0,0,500,50000,10,-43811,43958380,177,40181,-91228824
19:58:42.489,0,-1.4,2,0,0,500,50000,-9,-45067,43958172,3,55570,-91228456
19:58:42.495,0,-1.7,2,0,0,500,50000,-1,-46297,43957912,204,42931,-91228296
19:58:42.500,0,-2.0,2,0,0,500,50000,16,-47048,43957696,9,55437,-91227984
19:58:42.505,0,-2.0,2,0,0,500,50000,2,-52707,43957380,207,41864,-91227832
19:58:42.510,0,-2.0,2,0,0,500,50000,-25,-51031,43957152,17,52502,-91227480
19:58:42.515,0,-1.9,2,0,0,500,50000,13,-52782,43956892,159,45083,-91227328
19:58:42.520,0,-1.7,2,0,0,500,50000,8,-60874,43956532,29,51240,-91227000
19:58:42.525,0,-1.5,2,0,0,500,50000,26,-62695,43956232,64,48758,-91226776
19:58:42.530,0,-1.2,2,0,0,500,50000,-23,-63319,43955872,15,54665,-91226512
19:58:42.535,0,-0.7,2,0,0,500,50000,-6,-58273,43955620,33,45595,-91226304
19:58:42.540,0,-0.3,2,0,0,500,50000,-17,-53019,43955396,-22,52058,-91225976
19:58:42.545,0,0.0,2,0,0,500,50000,-7,-42966,43955188,153,46061,-91225816
19:58:42.550,0,0.3,2,0,0,500,50000,13,-36179,43955044,17,50291,-91225520
19:58:42.555,0,0.3,2,0,0,500,50000,8,-31951,43954892,122,46606,-91225288
19:58:42.560,0,0.1,2,0,0,500,50000,4,-29901,43954772,105,48351,-91225056
19:58:42.565,0,-0.2,2,0,0,500,50000,16,-29314,43954620,112,47998,-91224808
19:58:42.570,0,-0.8,2,0,0,500,50000,12,-37088,43954388,144,46832,-91224552
19:58:42.575,0,-1.5,2,0,0,500,50000,7,-48096,43954120,148,48870,-91224328
19:58:42.581,0,-2.0,2,0,0,500,50000,-27,-56686,43953780,112,46642,-91224072
19:58:42.586,0,-2.4,2,0,0,500,50000,-8,-56225,43953528,44,53626,-91223808
19:58:42.591,0,-2.4,2,0,0,500,50000,-65,-54329,43953232,90,45784,-91223584
19:58:42.596,0,-2.2,2,0,0,500,50000,45,-54730,43952980,12,53937,-91223272
19:58:42.601,0,-1.9,2,0,0,500,50000,1,-56072,43952664,107,46788,-91223096
19:58:42.606,0,-1.5,2,0,0,500,50000,-8,-57483,43952288,12,51493,-91222760
19:58:42.611,0,-1.3,2,0,0,500,50000,4,-56716,43952024,194,47771,-91222528
19:58:42.616,0,-1.1,2,0,0,500,50000,-1,-57748,43951752,68,47957,-91222264
19:58:42.621,0,-1.0,2,0,0,500,50000,11,-53137,43951480,112,47173,-91222072
19:58:42.626,0,-1.0,2,0,0,500,50000,5,-53210,43951224,87,47624,-91221792
19:58:42.631,0,-0.9,2,0,0,500,50000,-25,-50454,43951044,78,48259,-91221592
19:58:42.636,0,-0.9,2,0,0,500,50000,23,-45312,43950808,63,50678,-91221352
19:58:42.641,0,-0.9,2,0,0,500,50000,26,-42569,43950612,112,47784,-91221104
19:58:42.646,0,-0.9,2,0,0,500,50000,22,-40048,43950436,44,51898,-91220816
19:58:42.651,0,-1.0,2,0,0,500,50000,21,-30801,43950296,124,46132,-91220600
19:58:42.656,0,-1.1,2,0,0,500,50000,-25,-29909,43950164,102,47398,-91220400
19:58:42.662,0,-1.3,2,0,0,500,50000,14,-32144,43949988,143,45139,-91220152
19:58:42.667,0,-1.7,2,0,0,500,50000,23,-39685,43949776,98,49602,-91219872
19:58:42.672,0,-2.2,2,0,0,500,50000,-17,-56192,43949448,167,46557,-91219688
19:58:42.677,0,-2.7,2,0,0,500,50000,9,-75848,43948948,-6,50950,-91219392
19:58:42.682,0,-2.9,2,0,0,500,50000,6,-90095,43948468,-17,50183,-91219128
19:58:42.687,0,-2.7,2,0,0,500,50000,-10,-88123,43947984,-8,50734,-91218904
19:58:42.692,0,-2.0,2,0,0,500,50000,-53,-79276,43947652,11,50253,-91218624
19:58:42.697,0,-1.0,2,0,0,500,50000,-94,-55518,43947428,-13,50802,-91218400
19:58:42.702,0,0.0,2,0,0,500,50000,16,-28836,43947408,58,50303,-91218128
19:58:42.707,0,0.9,2,0,0,500,50000,48,-10883,43947420,138,43669,-91217936
19:58:42.712,0,1.2,2,0,0,500,50000,22,-7942,43947396,84,52296,-91217656
19:58:42.717,0,0.8,2,0,0,500,50000,65,-14107,43947304,134,45609,-91217432
19:58:42.722,0,-0.1,2,0,0,500,50000,-17,-30651,43947072,97,48832,-91217200
19:58:42.727,0,-1.2,2,0,0,500,50000,-25,-45694,43946804,125,46043,-91216968
19:58:42.732,0,-2.2,2,0,0,500,50000,1,-53720,43946484,92,52294,-91216656
19:58:42.737,0,-2.9,2,0,0,500,50000,18,-55695,43946212,94,47855,-91216480
19:58:42.743,0,-3.1,2,0,0,500,50000,5,-56600,43945892,87,51625,-91216184
19:58:42.748,0,-2.9,2,0,0,500,50000,25,-62128,43945572,85,47485,-91215944
19:58:42.753,0,-2.6,2,0,0,500,50000,10,-64325,43945208,86,51601,-91215696
19:58:42.758,0,-2.1,2,0,0,500,50000,-6,-64462,43944904,47,48158,-91215448
19:58:42.763,0,-1.6,2,0,0,500,50000,4,-58331,43944656,123,52084,-91215152
19:58:42.768,0,-1.0,2,0,0,500,50000,-148,-55290,43944352,122,52546,-91214880
19:58:42.773,0,0.1,2,0,0,500,50000,-9,-47004,43944164,14,49889,-91214680
19:58:42.778,0,0.5,2,0,0,500,50000,-42,-37364,43943988,32,48262,-91214432
19:58:42.783,0,0.6,2,0,0,500,50000,-32,-31615,43943864,78,49761,-91214152
19:58:42.788,0,0.4,2,0,0,500,50000,12,-27445,43943744,108,47169,-91213960
19:58:42.793,0,0.0,2,0,0,500,50000,118,-28508,43943600,92,49135,-91213688
19:58:42.798,0,-0.6,2,0,0,500,50000,25,-37673,43943356,134,47560,-91213432
19:58:42.803,0,-1.2,2,0,0,500,50000,152,-50267,43943072,148,47006,-91213216
19:58:42.808,0,-1.7,2,0,0,500,50000,34,-56774,43942724,-6,48307,-91212952
19:58:42.813,0,-1.9,2,0,0,500,50000,-2,-58894,43942428,54,49699,-91212680
19:58:42.818,0,-1.8,2,0,0,500,50000,3,-64120,43942116,-35,48290,-91212464
19:58:42.824,0,-1.4,2,0,0,500,50000,8,-65154,43941752,1,50291,-91212176
19:58:42.829,0,-0.8,2,0,0,500,50000,-17,-59614,43941440,34,50502,-91211944
19:58:42.834,0,-0.1,2,0,0,500,50000,5,-53132,43941228,97,47998,-91211712
19:58:42.839,0,0.4,2,0,0,500,50000,6,-41178,43941048,55,48657,-91211416
19:58:42.844,0,0.8,2,0,0,500,50000,-2,-36406,43940900,112,47424,-91211232
19:58:42.849,0,0.8,2,0,0,500,50000,-30,-31705,43940756,2,47771,-91210936
19:58:42.854,0,0.5,2,0,0,500,50000,57,-33203,43940596,60,51341,-91210664
19:58:42.859,0,0.0,2,0,0,500,50000,3,-41330,43940336,22,49993,-91210440
19:58:42.864,0,-0.7,2,0,0,500,50000,21,-45957,43940096,58,51461,-91210184
19:58:42.869,0,-1.3,2,0,0,500,50000,34,-52743,43939784,54,50283,-91209960
19:58:42.874,0,-1.6,2,0,0,500,50000,2,-53753,43939532,56,49261,-91209704
19:58:42.879,0,-1.6,2,0,0,500,50000,-5,-51983,43939236,31,50838,-91209424
19:58:42.884,0,-1.4,2,0,0,500,50000,-15,-49969,43939012,141,48442,-91209192
19:58:42.889,0,-1.2,2,0,0,500,50000,0,-45240,43938780,38,51122,-91208952
19:58:42.894,0,-1.0,2,0,0,500,50000,20,-45716,43938564,50,49851,-91208696
19:58:42.900,0,-0.9,2,0,0,500,50000,0,-50048,43938312,83,50887,-91208432
19:58:42.905,0,-0.9,2,0,0,500,50000,14,-58061,43937960,65,47986,-91208224
19:58:42.910,0,-0.8,2,0,0,500,50000,110,-63682,43937648,-15,52533,-91207928
19:58:42.915,0,-0.6,2,0,0,500,50000,26,-63003,43937296,69,49751,-91207688
19:58:42.920,0,-0.3,2,0,0,500,50000,-43,-62578,43936996,52,53684,-91207432
19:58:42.925,0,0.0,2,0,0,500,50000,116,-56439,43936756,76,48164,-91207200
19:58:42.930,0,0.3,2,0,0,500,50000,-8,-46616,43936524,48,52527,-91206904
19:58:42.935,0,0.5,2,0,0,500,50000,-4,-38179,43936384,109,46997,-91206680
19:58:42.940,0,0.4,2,0,0,500,50000,36,-35367,43936204,83,49520,-91206456
19:58:42.945,0,0.1,2,0,0,500,50000,6,-41784,43935984,90,46552,-91206192
19:58:42.950,0,-0.3,2,0,0,500,50000,-2,-45430,43935756,32,51664,-91205912
19:58:42.955,0,-0.8,2,0,0,500,50000,4,-48256,43935476,88,48156,-91205712
19:58:42.960,0,-1.1,2,0,0,500,50000,4,-48359,43935208,135,47439,-91205456
19:58:42.966,0,-1.2,2,0,0,500,50000,16,-51709,43934952,69,49774,-91205224
19:58:42.971,0,-1.1,2,0,0,500,50000,10,-60746,43934592,40,51736,-91204896
19:58:42.976,0,-0.9,2,0,0,500,50000,45,-67910,43934200,-8,52781,-91204648
19:58:42.981,0,-0.7,2,0,0,500,50000,-13,-66990,43933892,53,49505,-91204408
19:58:42.986,0,-0.3,2,0,0,500,50000,-8,-62263,43933576,-49,53979,-91204144
19:58:42.991,0,0.0,2,0,0,500,50000,-22,-50867,43933388,114,42959,-91203992
19:58:42.996,0,0.4,2,0,0,500,50000,53,-39920,43933252,-123,58154,-91203608
19:58:43.001,0,0.6,2,0,0,500,50000,174,-29487,43933140,173,39236,-91203480
19:58:43.006,0,0.6,2,0,0,500,50000,46,-23736,43933056,-12,53036,-91203176
19:58:43.011,0,0.2,2,0,0,500,50000,-1,-30521,43932864,137,41066,-91203000
19:58:43.017,0,-0.5,2,0,0,500,50000,-56,-39373,43932648,-10,52718,-91202656
19:58:43.022,0,-1.2,2,0,0,500,50000,0,-54408,43932288,138,47417,-91202440
19:58:43.027,0,-1.9,2,0,0,500,50000,-5,-63978,43931948,-69,53164,-91202184
19:58:43.032,0,-2.1,2,0,0,500,50000,-13,-61545,43931656,61,48179,-91201960
19:58:43.037,0,-2.0,2,0,0,500,50000,16,-61071,43931320,58,50967,-91201664
19:58:43.042,0,-1.5,2,0,0,500,50000,0,-63236,43931016,63,48148,-91201464
19:58:43.047,0,-0.9,2,0,0,500,50000,-9,-63365,43930664,23,52902,-91201168
19:58:43.052,0,-0.3,2,0,0,500,50000,43,-61091,43930404,88,45090,-91200944
19:58:43.057,0,0.0,2,0,0,500,50000,-24,-56031,43930156,6,53145,-91200624
19:58:43.062,0,0.4,2,0,0,500,50000,-1,-53573,43929860,52,46608,-91200456
19:58:43.067,0,0.6,2,0,0,500,50000,41,-46685,43929676,-19,55748,-91200120
19:58:43.072,0,0.8,2,0,0,500,50000,-10,-40297,43929484,80,43230,-91199928
19:58:43.077,0,0.9,2,0,0,500,50000,-7,-32694,43929356,50,54737,-91199632
19:58:43.082,0,0.8,2,0,0,500,50000,-1,-32619,43929208,118,42537,-91199448
19:58:43.087,0,0.5,2,0,0,500,50000,18,-29664,43929056,39,51597,-91199120
19:58:43.092,0,0.1,2,0,0,500,50000,16,-37038,43928856,136,42892,-91198960
19:58:43.098,0,-0.4,2,0,0,500,50000,-4,-47912,43928560,-14,51207,-91198640
19:58:43.103,0,-0.9,2,0,0,500,50000,2,-51350,43928312,113,45831,-91198480
19:58:43.108,0,-1.3,2,0,0,500,50000,18,-53786,43928000,-13,52170,-91198144
19:58:43.113,0,-1.5,2,0,0,500,50000,17,-52652,43927720,77,49584,-91197920
19:58:43.118,0,-1.4,2,0,0,500,50000,47,-55197,43927460,7,54623,-91197640
19:58:43.123,0,-1.2,2,0,0,500,50000,-8,-60821,43927108,76,47528,-91197432
19:58:43.128,0,-0.6,2,0,0,500,50000,-28,-60312,43926832,-53,55744,-91197136
19:58:43.133,0,-0.2,2,0,0,500,50000,20,-50636,43926540,77,48984,-91196880
19:58:43.138,0,0.1,2,0,0,500,50000,34,-44768,43926356,-40,51370,-91196576
19:58:43.143,0,0.4,2,0,0,500,50000,-43,-39757,43926188,118,46422,-91196400
19:58:43.148,0,0.4,2,0,0,500,50000,0,-33373,43926020,-11,52512,-91196088
19:58:43.153,0,0.3,2,0,0,500,50000,5,-33408,43925892,142,44470,-91195928
19:58:43.158,0,0.0,2,0,0,500,50000,10,-34099,43925704,6,53221,-91195616
19:58:43.163,0,-0.3,2,0,0,500,50000,16,-39108,43925496,84,46856,-91195440
19:58:43.168,0,-0.8,2,0,0,500,50000,23,-43818,43925236,116,51218,-91195160
19:58:43.173,0,-1.3,2,0,0,500,50000,19,-54896,43924936,118,46465,-91194920
19:58:43.179,0,-1.5,2,0,0,500,50000,-11,-60144,43924628,41,51115,-91194680
19:58:43.184,0,-1.5,2,0,0,500,50000,-64,-61729,43924284,81,47804,-91194432
19:58:43.189,0,-1.2,2,0,0,500,50000,-3,-60038,43924024,14,52029,-91194136
19:58:43.194,0,-0.8,2,0,0,500,50000,36,-65374,43923636,82,48732,-91193888
19:58:43.199,0,-0.4,2,0,0,500,50000,-27,-66425,43923316,-7,53106,-91193632
19:58:43.204,0,0.0,2,0,0,500,50000,-59,-64417,43923028,64,49067,-91193408
19:58:43.209,0,0.4,2,0,0,500,50000,-29,-58042,43922740,-2,53486,-91193096
19:58:43.214,0,0.7,2,0,0,500,50000,-11,-55655,43922484,31,48315,-91192896
19:58:43.219,0,0.9,2,0,0,500,50000,-7,-47128,43922260,68,53883,-91192592
19:58:43.224,0,1.0,2,0,0,500,50000,-21,-39410,43922116,52,47590,-91192400
19:58:43.229,0,0.8,2,0,0,500,50000,-3,-28586,43922012,42,49515,-91192136
19:58:43.234,0,0.4,2,0,0,500,50000,5,-23032,43921924,121,45728,-91191896
19:58:43.239,0,-0.2,2,0,0,500,50000,18,-28514,43921752,111,46879,-91191680
19:58:43.244,0,-1.0,2,0,0,500,50000,31,-45986,43921444,150,46992,-91191416
19:58:43.249,0,-1.7,2,0,0,500,50000,20,-58293,43921124,82,51133,-91191136
19:58:43.254,0,-2.2,2,0,0,500,50000,-31,-68551,43920708,59,48822,-91190920
19:58:43.259,0,-2.2,2,0,0,500,50000,-4,-70702,43920372,54,52254,-91190648
19:58:43.265,0,-1.8,2,0,0,500,50000,-23,-74506,43919960,-24,55661,-91190384
19:58:43.270,0,-1.1,2,0,0,500,50000,-6,-70924,43919632,58,45379,-91190176
19:58:43.275,0,-0.4,2,0,0,500,50000,-8,-66042,43919276,31,54011,-91189848
19:58:43.280,0,0.2,2,0,0,500,50000,4,-60963,43919004,87,45988,-91189640
19:58:43.285,0,0.6,2,0,0,500,50000,-7,-52360,43918792,128,54161,-91189368
19:58:43.290,0,0.8,2,0,0,500,50000,3,-42516,43918584,44,45552,-91189136
19:58:43.295,0,0.8,2,0,0,500,50000,-28,-35975,43918440,23,52903,-91188840
19:58:43.300,0,0.6,2,0,0,500,50000,78,-30585,43918284,148,45641,-91188656
19:58:43.305,0,0.2,2,0,0,500,50000,36,-33427,43918116,41,50166,-91188384
19:58:43.310,0,-0.3,2,0,0,500,50000,44,-39944,43917912,99,42585,-91188168
19:58:43.315,0,-1.0,2,0,0,500,50000,-26,-49211,43917604,90,51038,-91187928
19:58:43.320,0,-1.5,2,0,0,500,50000,7,-55750,43917316,151,44517,-91187704
19:58:43.325,0,-1.8,2,0,0,500,50000,-20,-56655,43916996,25,52370,-91187392
19:58:43.330,0,-1.8,2,0,0,500,50000,10,-63493,43916616,94,47943,-91187160
19:58:43.335,0,-1.6,2,0,0,500,50000,-7,-67585,43916344,58,52173,-91186920
19:58:43.340,0,-1.1,2,0,0,500,50000,-10,-68761,43915888,33,48666,-91186624
19:58:43.345,0,-0.6,2,0,0,500,50000,-14,-64296,43915604,-42,54001,-91186360
19:58:43.351,0,0.0,2,0,0,500,50000,-9,-58437,43915320,118,47423,-91186136
19:58:43.356,0,0.4,2,0,0,500,50000,-10,-48892,43915136,-79,54888,-91185856
19:58:43.361,0,0.7,2,0,0,500,50000,3,-41742,43914968,145,44708,-91185704
19:58:43.366,0,0.8,2,0,0,500,50000,-1,-32986,43914828,70,55593,-91185368
19:58:43.371,0,0.6,2,0,0,500,50000,-15,-28307,43914724,171,41820,-91185208
19:58:43.376,0,0.0,2,0,0,500,50000,-18,-28027,43914580,56,53251,-91184912
19:58:43.381,0,-0.7,2,0,0,500,50000,67,-30026,43914436,233,40649,-91184760
19:58:43.386,0,-1.5,2,0,0,500,50000,65,-44258,43914152,29,51724,-91184448
19:58:43.391,0,-2.3,2,0,0,500,50000,38,-54522,43913864,83,49051,-91184240
19:58:43.396,0,-2.7,2,0,0,500,50000,-11,-58524,43913524,105,42884,-91183984
19:58:43.401,0,-2.8,2,0,0,500,50000,-3,-55283,43913288,35,53659,-91183712
19:58:43.406,0,-2.5,2,0,0,500,50000,2,-53997,43912996,168,41697,-91183512
19:58:43.411,0,-2.1,2,0,0,500,50000,2,-54860,43912736,52,56650,-91183160
19:58:43.416,0,-1.6,2,0,0,500,50000,-6,-56886,43912416,77,42960,-91183024
19:58:43.421,0,-1.2,2,0,0,500,50000,-1,-51174,43912196,12,55234,-91182680
19:58:43.426,0,-0.9,2,0,0,500,50000,-7,-49900,43911956,118,43359,-91182496
19:58:43.431,0,-0.6,2,0,0,500,50000,-26,-51465,43911660,35,48369,-91182200
19:58:43.437,0,-0.3,2,0,0,500,50000,7,-52071,43911408,76,46019,-91182000
19:58:43.442,0,-0.1,2,0,0,500,50000,114,-45623,43911172,8,52786,-91181704
19:58:43.447,0,0.0,2,0,0,500,50000,24,-40944,43910996,154,42972,-91181512
19:58:43.452,0,0.0,2,0,0,500,50000,10,-32340,43910884,31,51577,-91181240
19:58:43.457,0,-0.2,2,0,0,500,50000,-65,-31583,43910716,193,44303,-91181040
19:58:43.462,0,-0.6,2,0,0,500,50000,26,-36257,43910532,90,48277,-91180752
19:58:43.467,0,-1.3,2,0,0,500,50000,13,-46878,43910232,82,50996,-91180496
19:58:43.472,0,-2.0,2,0,0,500,50000,-3,-51040,43909976,140,43892,-91180328
19:58:43.477,0,-2.5,2,0,0,500,50000,6,-52210,43909736,84,54843,-91180008
19:58:43.482,0,-2.8,2,0,0,500,50000,21,-51891,43909452,216,42805,-91179840
19:58:43.487,0,-2.9,2,0,0,500,50000,-8,-54424,43909188,-2,53651,-91179536
19:58:43.492,0,-2.7,2,0,0,500,50000,-1,-54888,43908888,150,44769,-91179352
19:58:43.497,0,-2.5,2,0,0,500,50000,-1,-52153,43908608,58,47592,-91179040
19:58:43.502,0,-2.2,2,0,0,500,50000,-35,-50661,43908372,161,46989,-91178856
19:58:43.507,0,-1.8,2,0,0,500,50000,15,-50064,43908116,51,48499,-91178552
19:58:43.513,0,-1.5,2,0,0,500,50000,-42,-48171,43907904,106,47806,-91178368
19:58:43.518,0,-1.2,2,0,0,500,50000,3,-49305,43907640,118,44044,-91178096
19:58:43.523,0,-1.1,2,0,0,500,50000,3,-45427,43907364,29,51521,-91177752
19:58:43.528,0,-1.1,2,0,0,500,50000,19,-41249,43907156,197,43908,-91177560
19:58:43.533,0,-1.2,2,0,0,500,50000,0,-41570,43906972,105,45807,-91177264
19:58:43.538,0,-1.5,2,0,0,500,50000,23,-43987,43906716,149,50598,-91177040
19:58:43.543,0,-2.4,2,0,0,500,50000,0,-43868,43906584,112,48194,-91176896
19:58:43.548,0,-2.8,2,0,0,500,50000,5,-43475,43906328,127,51725,-91176632
19:58:43.553,0,-3.2,2,0,0,500,50000,0,-46160,43906100,219,40918,-91176448
19:58:43.558,0,-3.5,2,0,0,500,50000,5,-48198,43905872,65,52163,-91176168
19:58:43.563,0,-3.6,2,0,0,500,50000,21,-56712,43905520,199,44504,-91175968
19:58:43.568,0,-3.4,2,0,0,500,50000,14,-63925,43905184,124,49410,-91175664
19:58:43.573,0,-3.1,2,0,0,500,50000,15,-61439,43904852,139,47526,-91175480
19:58:43.578,0,-2.6,2,0,0,500,50000,4,-56154,43904612,91,48366,-91175216
19:58:43.583,0,-2.0,2,0,0,500,50000,-40,-50436,43904360,51,49997,-91174952
19:58:43.588,0,-1.7,2,0,0,500,50000,-32,-49647,43904128,146,45508,-91174712
19:58:43.594,0,-1.5,2,0,0,500,50000,28,-49991,43903896,82,51821,-91174472
19:58:43.599,0,-1.5,2,0,0,500,50000,1,-50447,43903604,123,45779,-91174248
19:58:43.604,0,-1.6,2,0,0,500,50000,19,-43400,43903428,120,48322,-91173984
19:58:43.609,0,-1.8,2,0,0,500,50000,-28,-50142,43903128,136,45773,-91173784
19:58:43.614,0,-1.9,2,0,0,500,50000,5,-52436,43902868,57,47748,-91173512
19:58:43.619,0,-2.0,2,0,0,500,50000,-2,-53311,43902612,140,45055,-91173280
19:58:43.624,0,-2.1,2,0,0,500,50000,2,-44265,43902404,165,48329,-91173040
19:58:43.629,0,-2.1,2,0,0,500,50000,6,-39505,43902240,46,45338,-91172800
19:58:43.634,0,-2.3,2,0,0,500,50000,-23,-42513,43902004,26,50930,-91172504
19:58:43.639,0,-2.6,2,0,0,500,50000,-12,-52179,43901684,225,45225,-91172344
19:58:43.644,0,-2.8,2,0,0,500,50000,-7,-57051,43901400,73,48285,-91172048
19:58:43.649,0,-2.9,2,0,0,500,50000,-9,-53916,43901116,135,47837,-91171848
19:58:43.654,0,-2.9,2,0,0,500,50000,-8,-43020,43900932,212,43382,-91171616
19:58:43.659,0,-2.9,2,0,0,500,50000,89,-38579,43900772,114,49043,-91171336
19:58:43.664,0,-3.0,2,0,0,500,50000,-23,-41108,43900540,212,46125,-91171112
19:58:43.669,0,-3.2,2,0,0,500,50000,5,-50180,43900280,85,46774,-91170888
19:58:43.674,0,-3.6,2,0,0,500,50000,0,-56626,43899984,106,46392,-91170680
19:58:43.680,0,-3.7,2,0,0,500,50000,-6,-61614,43899616,110,46569,-91170416
19:58:43.685,0,-3.4,2,0,0,500,50000,-8,-63648,43899300,78,49273,-91170152
19:58:43.690,0,-2.9,2,0,0,500,50000,-10,-56156,43899012,94,47325,-91169896
19:58:43.695,0,-2.2,2,0,0,500,50000,-10,-39819,43898884,94,47862,-91169696
19:58:43.700,0,-1.7,2,0,0,500,50000,10,-33384,43898756,199,44504,-91169472
19:58:43.705,0,-1.7,2,0,0,500,50000,10,-34918,43898564,147,45720,-91169216
19:58:43.710,0,-2.0,2,0,0,500,50000,-251,-47534,43898284,110,48963,-91168992
19:58:43.715,0,-2.5,2,0,0,500,50000,-31,-62364,43897872,120,47635,-91168736
19:58:43.720,0,-2.8,2,0,0,500,50000,-15,-63708,43897556,26,51788,-91168448
19:58:43.725,0,-2.7,2,0,0,500,50000,62,-59521,43897284,131,43898,-91168232
19:58:43.730,0,-2.3,2,0,0,500,50000,-17,-45117,43897076,59,50802,-91167984
19:58:43.735,0,-1.8,2,0,0,500,50000,0,-29311,43897000,235,42186,-91167800
19:58:43.740,0,-1.6,2,0,0,500,50000,-7,-25346,43896884,140,46779,-91167504
19:58:43.745,0,-1.9,2,0,0,500,50000,15,-28389,43896740,203,44213,-91167336
19:58:43.750,0,-2.4,2,0,0,500,50000,2,-38581,43896516,174,44429,-91167072
19:58:43.755,0,-3.1,2,0,0,500,50000,13,-48224,43896208,50,53583,-91166760
19:58:43.761,0,-3.5,2,0,0,500,50000,-11,-55671,43895916,236,41796,-91166616
19:58:43.766,0,-3.6,2,0,0,500,50000,0,-57438,43895608,17,53794,-91166272
19:58:43.771,0,-3.3,2,0,0,500,50000,-68,-53360,43895380,195,43886,-91166088
19:58:43.776,0,-2.8,2,0,0,500,50000,62,-49420,43895132,68,52051,-91165800
19:58:43.776,0,-2.8,2,0,0,500,50000,20,-44990,43894900,101,50671,-91165568
19:58:43.781,0,-2.4,2,0,0,500,50000,-57,-47775,43894672,147,40947,-91165408
19:58:43.786,0,-2.2,2,0,0,500,50000,-48,-52623,43894372,-30,57571,-91165048
19:58:43.791,0,-2.2,2,0,0,500,50000,-2,-55375,43894108,242,38358,-91164912
19:58:43.796,0,-2.1,2,0,0,500,50000,46,-51573,43893848,-63,58431,-91164552
19:58:43.801,0,-2.2,2,0,0,500,50000,3,-46233,43893644,191,43989,-91164408
19:58:43.806,0,-2.0,2,0,0,500,50000,-15,-45719,43893400,6,54169,-91164104
19:58:43.811,0,-1.9,2,0,0,500,50000,-21,-39243,43893236,62,52655,-91163880
19:58:43.816,0,-1.8,2,0,0,500,50000,-15,-34926,43893056,204,40261,-91163664
19:58:43.821,0,-1.8,2,0,0,500,50000,9,-26815,43892972,-59,59335,-91163304
19:58:43.826,0,-2.0,2,0,0,500,50000,-1,-28776,43892824,341,33349,-91163264
19:58:43.831,0,-2.4,2,0,0,500,50000,10,-31433,43892644,47,55269,-91162872
19:58:43.836,0,-2.9,2,0,0,500,50000,0,-39398,43892424,160,46018,-91162696
19:58:43.841,0,-3.5,2,0,0,500,50000,7,-53277,43892084,192,41961,-91162464
19:58:43.847,0,-4.1,2,0,0,500,50000,-41,-59924,43891780,16,54673,-91162176
19:58:43.852,0,-4.4,2,0,0,500,50000,-38,-66350,43891388,223,36918,-91162032
19:58:43.857,0,-4.3,2,0,0,500,50000,-38,-69583,43891044,6,55906,-91161632
19:58:43.862,0,-3.9,2,0,0,500,50000,38,-75417,43890596,146,44694,-91161464
19:58:43.867,0,-3.2,2,0,0,500,50000,-12,-73822,43890252,-100,58168,-91161136
19:58:43.872,0,-2.3,2,0,0,500,50000,58,-67481,43889952,121,44210,-91160984
19:58:43.877,0,-1.4,2,0,0,500,50000,-7,-53873,43889708,-1,51463,-91160640
19:58:43.882,0,-0.5,2,0,0,500,50000,-16,-39452,43889580,157,43483,-91160504
19:58:43.887,0,0.0,2,0,0,500,50000,11,-26536,43889488,147,43333,-91160192
19:58:43.892,0,0.3,2,0,0,500,50000,9,-21167,43889396,72,48358,-91159968
19:58:43.897,0,0.2,2,0,0,500,50000,8,-23882,43889272,224,41850,-91159744
19:58:43.902,0,-0.2,2,0,0,500,50000,15,-25246,43889152,32,50472,-91159480
19:58:43.907,0,-1.1,2,0,0,500,50000,11,-32841,43888948,259,39484,-91159344
19:58:43.912,0,-2.2,2,0,0,500,50000,34,-39994,43888744,76,50381,-91159016
19:58:43.917,0,-3.2,2,0,0,500,50000,-46,-51283,43888428,142,51387,-91158760
19:58:43.923,0,-3.9,2,0,0,500,50000,0,-57002,43888148,82,47107,-91158552
19:58:43.928,0,-4.3,2,0,0,500,50000,37,-61074,43887808,64,52152,-91158264
19:58:43.933,0,-4.3,2,0,0,500,50000,-19,-68828,43887460,76,47882,-91158064
19:58:43.938,0,-4.1,2,0,0,500,50000,-30,-74503,43887032,27,52461,-91157768
19:58:43.943,0,-3.6,2,0,0,500,50000,-12,-68525,43886732,8,53472,-91157480
19:58:43.948,0,-2.9,2,0,0,500,50000,0,-56552,43886456,158,48076,-91157296
19:58:43.953,0,-1.4,2,0,0,500,50000,2,-50010,43886248,-9,50439,-91157024
19:58:43.958,0,-0.8,2,0,0,500,50000,3,-43116,43886068,40,46487,-91156800
19:58:43.963,0,-0.6,2,0,0,500,50000,3,-41012,43885844,121,46230,-91156584
19:58:43.968,0,-0.6,2,0,0,500,50000,-1,-41685,43885640,135,47446,-91156328
19:58:43.973,0,-1.0,2,0,0,500,50000,80,-39256,43885428,168,46390,-91156072
19:58:43.978,0,-1.5,2,0,0,500,50000,-14,-40489,43885228,64,47955,-91155816
19:58:43.983,0,-2.0,2,0,0,500,50000,-18,-39533,43885052,110,47618,-91155608
19:58:43.988,0,-2.5,2,0,0,500,50000,37,-40654,43884824,37,50139,-91155344
19:58:43.993,0,-2.9,2,0,0,500,50000,9,-42733,43884612,159,43339,-91155128
19:58:43.998,0,-3.3,2,0,0,500,50000,20,-50731,43884304,71,51095,-91154864
19:58:44.003,0,-3.4,2,0,0,500,50000,22,-60361,43883972,170,45462,-91154648
19:58:44.008,0,-3.4,2,0,0,500,50000,39,-71208,43883596,11,51971,-91154336
19:58:44.014,0,-3.1,2,0,0,500,50000,-2,-80821,43883104,42,49372,-91154080
19:58:44.019,0,-2.6,2,0,0,500,50000,-26,-79171,43882740,43,51947,-91153840
19:58:44.024,0,-1.8,2,0,0,500,50000,-21,-70846,43882388,43,47775,-91153592
19:58:44.029,0,-1.0,2,0,0,500,50000,-19,-54721,43882148,-35,50279,-91153368
19:58:44.034,0,-0.2,2,0,0,500,50000,-31,-38609,43882036,117,48908,-91153096
19:58:44.039,0,0.1,2,0,0,500,50000,4,-19188,43881984,164,45360,-91152816
19:58:44.044,0,0.1,2,0,0,500,50000,32,-12618,43881940,74,46320,-91152560
19:58:44.049,0,-0.2,2,0,0,500,50000,31,-13540,43881872,113,49226,-91152328
19:58:44.054,0,-1.0,2,0,0,500,50000,-8,-22270,43881716,93,50720,-91152072
19:58:44.059,0,-2.1,2,0,0,500,50000,-104,-40122,43881460,194,44544,-91151896
19:58:44.064,0,-3.1,2,0,0,500,50000,-19,-52638,43881172,26,54684,-91151616
19:58:44.069,0,-3.8,2,0,0,500,50000,-32,-56677,43880892,191,42636,-91151488
19:58:44.074,0,-4.1,2,0,0,500,50000,-91,-50476,43880644,30,53444,-91151136
19:58:44.079,0,-4.0,2,0,0,500,50000,-16,-46866,43880436,160,47173,-91150944
19:58:44.084,0,-3.7,2,0,0,500,50000,16,-50967,43880184,30,52200,-91150664
19:58:44.089,0,-3.3,2,0,0,500,50000,0,-60151,43879816,100,49016,-91150448
19:58:44.094,0,-2.9,2,0,0,500,50000,6,-66576,43879476,6,48803,-91150144
19:58:44.099,0,-2.6,2,0,0,500,50000,3,-66899,43879104,69,49220,-91149952
19:58:44.104,0,-2.2,2,0,0,500,50000,-6,-68320,43878772,62,43405,-91149696
19:58:44.110,0,-1.7,2,0,0,500,50000,-2,-62522,43878444,79,58342,-91149368
19:58:44.115,0,-1.1,2,0,0,500,50000,20,-52533,43878240,181,41127,-91149192
19:58:44.120,0,-0.6,2,0,0,500,50000,36,-40091,43878100,-13,57313,-91148880
19:58:44.125,0,-0.2,2,0,0,500,50000,-67,-31542,43877956,189,38501,-91148744
19:58:44.130,0,-0.1,2,0,0,500,50000,117,-28577,43877844,15,57887,-91148344
19:58:44.135,0,-0.3,2,0,0,500,50000,6,-29368,43877680,210,39277,-91148264
19:58:44.140,0,-0.7,2,0,0,500,50000,55,-31344,43877524,25,55909,-91147888
19:58:44.145,0,-1.2,2,0,0,500,50000,-1,-34619,43877352,204,44652,-91147720
19:58:44.150,0,-1.7,2,0,0,500,50000,10,-35976,43877148,141,43435,-91147456
19:58:44.155,0,-2.2,2,0,0,500,50000,2,-36385,43876968,119,50820,-91147224
19:58:44.160,0,-2.6,2,0,0,500,50000,18,-42643,43876708,221,40992,-91147008
19:58:44.165,0,-3.0,2,0,0,500,50000,25,-53186,43876420,83,56504,-91146712
19:58:44.170,0,-3.2,2,0,0,500,50000,-1,-68494,43875984,103,42705,-91146520
19:58:44.175,0,-3.3,2,0,0,500,50000,1,-76669,43875600,-88,59919,-91146136
19:58:44.180,0,-3.0,2,0,0,500,50000,23,-79308,43875156,91,42260,-91146024
19:58:44.185,0,-2.5,2,0,0,500,50000,19,-67916,43874892,-15,57861,-91145656
19:58:44.190,0,-1.6,2,0,0,500,50000,-31,-51307,43874660,80,46556,-91145488
19:58:44.196,0,-0.7,2,0,0,500,50000,-8,-34472,43874568,-3,54353,-91145192
19:58:44.201,0,0.0,2,0,0,500,50000,-8,-17075,43874548,124,41939,-91144992
19:58:44.206,0,0.2,2,0,0,500,50000,24,-10938,43874520,80,48661,-91144760
19:58:44.211,0,0.0,2,0,0,500,50000,-77,-20375,43874396,207,41314,-91144544
19:58:44.216,0,-0.8,2,0,0,500,50000,7,-34865,43874164,-8,51589,-91144224
19:58:44.221,0,-1.8,2,0,0,500,50000,-8,-51993,43873848,201,40457,-91144096
19:58:44.226,0,-2.9,2,0,0,500,50000,80,-63421,43873456,86,50377,-91143768
19:58:44.231,0,-3.7,2,0,0,500,50000,-10,-65128,43873144,96,47700,-91143544
19:58:44.236,0,-3.9,2,0,0,500,50000,-6,-67896,43872824,42,48614,-91143248
19:58:44.241,0,-3.7,2,0,0,500,50000,-4,-69342,43872424,76,47731,-91143056
19:58:44.246,0,-3.2,2,0,0,500,50000,2,-70044,43872096,51,51334,-91142744
19:58:44.251,0,-2.4,2,0,0,500,50000,23,-63532,43871764,69,48807,-91142520
19:58:44.256,0,-1.7,2,0,0,500,50000,-3,-60051,43871500,25,54390,-91142248
19:58:44.261,0,-1.1,2,0,0,500,50000,31,-54445,43871256,91,47105,-91142040
19:58:44.266,0,-0.6,2,0,0,500,50000,-29,-48699,43871008,-7,52852,-91141720
19:58:44.271,0,-0.3,2,0,0,500,50000,70,-40775,43870856,159,42478,-91141592
19:58:44.277,0,-0.1,2,0,0,500,50000,28,-29277,43870744,48,52581,-91141256
19:58:44.282,0,-0.1,2,0,0,500,50000,25,-30157,43870604,232,41996,-91141072
19:58:44.287,0,-0.3,2,0,0,500,50000,-13,-35829,43870388,123,48489,-91140768
19:58:44.292,0,-0.8,2,0,0,500,50000,-8,-47064,43870120,145,44593,-91140592
19:58:44.297,0,-1.5,2,0,0,500,50000,0,-58072,43869796,144,49755,-91140296
19:58:44.302,0,-2.1,2,0,0,500,50000,3,-61719,43869452,105,51812,-91140072
19:58:44.307,0,-2.5,2,0,0,500,50000,-7,-68349,43869116,59,49375,-91139808
19:58:44.312,0,-2.5,2,0,0,500,50000,-26,-67766,43868740,6,54180,-91139512
19:58:44.317,0,-2.2,2,0,0,500,50000,-42,-59682,43868444,10,47282,-91139320
19:58:44.322,0,-1.6,2,0,0,500,50000,-49,-51429,43868236,49,52637,-91139032
19:58:44.327,0,-1.0,2,0,0,500,50000,-30,-43151,43868036,83,46557,-91138840
19:58:44.332,0,-0.5,2,0,0,500,50000,-32,-36452,43867900,32,50690,-91138568
19:58:44.337,0,-0.3,2,0,0,500,50000,0,-34422,43867716,133,44327,-91138344
19:58:44.342,0,-0.3,2,0,0,500,50000,-40,-33667,43867568,-2,54061,-91138056
19:58:44.348,0,-0.6,2,0,0,500,50000,-14,-38975,43867328,129,44162,-91137864
19:58:44.353,0,-1.1,2,0,0,500,50000,-10,-46167,43867084,130,50712,-91137560
19:58:44.358,0,-1.6,2,0,0,500,50000,-3,-53918,43866756,78,48446,-91137360
19:58:44.363,0,-2.1,2,0,0,500,50000,-5,-55667,43866488,18,50409,-91137088
19:58:44.368,0,-2.3,2,0,0,500,50000,0,-51225,43866264,-4,48358,-91136840
19:58:44.373,0,-2.3,2,0,0,500,50000,-26,-41596,43866068,50,50029,-91136560
19:58:44.378,0,-1.8,2,0,0,500,50000,-1,-39198,43865892,120,46433,-91136376
19:58:44.383,0,-1.6,2,0,0,500,50000,37,-43901,43865636,120,49405,-91136096
19:58:44.388,0,-1.5,2,0,0,500,50000,-7,-52205,43865356,106,48553,-91135848
19:58:44.393,0,-1.6,2,0,0,500,50000,-146,-60018,43865052,90,49550,-91135624
19:58:44.399,0,-1.6,2,0,0,500,50000,2,-61455,43864652,101,49796,-91135328
19:58:44.404,0,-1.4,2,0,0,500,50000,-36,-61117,43864364,99,48756,-91135104
19:58:44.409,0,-1.2,2,0,0,500,50000,-7,-58546,43864100,69,50429,-91134840
19:58:44.414,0,-0.8,2,0,0,500,50000,7,-48459,43863876,75,47698,-91134584
19:58:44.419,0,-0.4,2,0,0,500,50000,-2,-41950,43863700,36,50233,-91134360
19:58:44.424,0,-0.2,2,0,0,500,50000,-1,-34269,43863576,84,47064,-91134096
19:58:44.429,0,-0.2,2,0,0,500,50000,2,-27983,43863468,59,48036,-91133888
19:58:44.434,0,-0.4,2,0,0,500,50000,18,-30626,43863284,114,48551,-91133616
19:58:44.439,0,-0.8,2,0,0,500,50000,7,-39187,43863060,77,50227,-91133400
19:58:44.444,0,-1.3,2,0,0,500,50000,-4,-47693,43862768,70,48107,-91133144
19:58:44.449,0,-1.7,2,0,0,500,50000,14,-49057,43862536,60,51307,-91132864
19:58:44.454,0,-1.9,2,0,0,500,50000,-33,-48282,43862280,67,49731,-91132640
19:58:44.459,0,-1.9,2,0,0,500,50000,-4,-46366,43862036,69,51566,-91132384
19:58:44.464,0,-1.8,2,0,0,500,50000,67,-51633,43861776,62,51121,-91132160
19:58:44.469,0,-1.6,2,0,0,500,50000,3,-53098,43861476,71,51596,-91131896
19:58:44.474,0,-1.4,2,0,0,500,50000,18,-56852,43861192,88,45120,-91131656
19:58:44.479,0,-1.3,2,0,0,500,50000,9,-54247,43860904,10,52499,-91131400
19:58:44.485,0,-1.1,2,0,0,500,50000,-14,-47514,43860708,145,43822,-91131192
19:58:44.490,0,-0.9,2,0,0,500,50000,-10,-42010,43860532,48,54664,-91130856
19:58:44.495,0,-0.8,2,0,0,500,50000,2,-36249,43860356,84,46713,-91130680
19:58:44.500,0,-0.7,2,0,0,500,50000,6,-32275,43860224,-10,51706,-91130408
19:58:44.505,0,-0.9,2,0,0,500,50000,52,-35927,43860008,162,45758,-91130168
19:58:44.510,0,-1.1,2,0,0,500,50000,-2,-37812,43859832,94,53036,-91129872
19:58:44.515,0,-1.5,2,0,0,500,50000,1,-46515,43859576,173,43459,-91129720
19:58:44.520,0,-1.8,2,0,0,500,50000,-8,-55520,43859236,96,50508,-91129424
19:58:44.525,0,-2.0,2,0,0,500,50000,9,-56300,43858964,201,42975,-91129224
19:58:44.530,0,-2.1,2,0,0,500,50000,-45,-59442,43858620,19,53201,-91128936
19:58:44.535,0,-2.0,2,0,0,500,50000,25,-63922,43858304,129,45842,-91128736
19:58:44.540,0,-1.8,2,0,0,500,50000,32,-71347,43857884,36,52620,-91128408
19:58:44.545,0,-1.5,2,0,0,500,50000,3,-72768,43857532,65,47927,-91128184
19:58:44.550,0,-1.2,2,0,0,500,50000,-20,-70718,43857208,-25,53175,-91127920
19:58:44.555,0,-0.8,2,0,0,500,50000,-19,-63191,43856888,110,46634,-91127704
19:58:44.561,0,-0.3,2,0,0,500,50000,-7,-48972,43856664,67,50498,-91127336
19:58:44.566,0,0.0,2,0,0,500,50000,-2,-32937,43856544,-24,45327,-91127168
19:58:44.571,0,0.3,2,0,0,500,50000,-6,-22972,43856484,18,48781,-91126872
19:58:44.576,0,0.3,2,0,0,500,50000,7,-15886,43856432,52,45912,-91126688
19:58:44.581,0,0.0,2,0,0,500,50000,-8,-17285,43856356,88,48272,-91126416
19:58:44.586,0,-0.5,2,0,0,500,50000,40,-28662,43856180,104,46786,-91126216
19:58:44.591,0,-1.4,2,0,0,500,50000,4,-47253,43855860,84,48834,-91125976
19:58:44.596,0,-2.3,2,0,0,500,50000,-16,-61660,43855508,60,52851,-91125696
19:58:44.601,0,-3.0,2,0,0,500,50000,-42,-71993,43855076,100,47083,-91125464
19:58:44.606,0,-3.2,2,0,0,500,50000,6,-75787,43854708,34,51395,-91125224
19:58:44.611,0,-2.9,2,0,0,500,50000,-25,-75264,43854296,22,50411,-91124944
19:58:44.616,0,-2.3,2,0,0,500,50000,-10,-71655,43853968,52,50503,-91124728
19:58:44.621,0,-1.5,2,0,0,500,50000,-17,-64957,43853632,104,51000,-91124456
19:58:44.626,0,-0.8,2,0,0,500,50000,10,-58192,43853388,110,49722,-91124200
19:58:44.631,0,-0.2,2,0,0,500,50000,7,-50881,43853180,-24,51270,-91123920
19:58:44.636,0,0.0,2,0,0,500,50000,14,-42662,43852972,15,49868,-91123712
19:58:44.642,0,0.1,2,0,0,500,50000,-1,-36431,43852824,58,48770,-91123472
19:58:44.647,0,0.0,2,0,0,500,50000,-3,-33675,43852656,59,48780,-91123208
19:58:44.652,0,-0.2,2,0,0,500,50000,28,-35060,43852480,138,47756,-91123000
19:58:44.657,0,-0.7,2,0,0,500,50000,62,-42570,43852248,122,49050,-91122728
19:58:44.662,0,-1.2,2,0,0,500,50000,25,-49199,43851948,95,46800,-91122488
19:58:44.667,0,-1.8,2,0,0,500,50000,25,-50789,43851688,100,49232,-91122216
19:58:44.672,0,-2.1,2,0,0,500,50000,-37,-57061,43851352,74,49564,-91121992
19:58:44.677,0,-2.2,2,0,0,500,50000,19,-62272,43851040,114,46704,-91121744
19:58:44.682,0,-2.1,2,0,0,500,50000,-5,-67163,43850704,-11,51615,-91121456
19:58:44.687,0,-1.8,2,0,0,500,50000,21,-69476,43850308,-46,54363,-91121200
19:58:44.692,0,-1.3,2,0,0,500,50000,-15,-64087,43850032,43,45216,-91120992
19:58:44.697,0,-0.7,2,0,0,500,50000,1,-57010,43849748,66,50749,-91120688
19:58:44.702,0,-0.2,2,0,0,500,50000,-30,-48276,43849560,108,45979,-91120504
19:58:44.707,0,0.1,2,0,0,500,50000,-55,-37450,43849400,2,52649,-91120192
19:58:44.712,0,0.2,2,0,0,500,50000,37,-28664,43849304,135,45400,-91119976
19:58:44.718,0,0.1,2,0,0,500,50000,10,-24833,43849188,44,48879,-91119728
19:58:44.723,0,-0.1,2,0,0,500,50000,-14,-25703,43849048,140,47010,-91119496
19:58:44.728,0,-0.8,2,0,0,500,50000,24,-30409,43848892,89,46664,-91119280
19:58:44.733,0,-1.5,2,0,0,500,50000,8,-44032,43848592,72,51918,-91119000
19:58:44.738,0,-2.3,2,0,0,500,50000,-24,-55444,43848284,168,43392,-91118792
19:58:44.743,0,-2.9,2,0,0,500,50000,-30,-57631,43847960,38,53290,-91118496
19:58:44.748,0,-3.1,2,0,0,500,50000,61,-58307,43847680,139,45125,-91118296
19:58:44.753,0,-2.7,2,0,0,500,50000,5,-58101,43847364,-28,53944,-91117952
19:58:44.758,0,-2.2,2,0,0,500,50000,12,-61862,43847052,85,45219,-91117808
19:58:44.763,0,-1.6,2,0,0,500,50000,-2,-62449,43846756,-40,55056,-91117472
19:58:44.768,0,-1.0,2,0,0,500,50000,16,-58884,43846376,35,48367,-91117208
19:58:44.773,0,-0.6,2,0,0,500,50000,-4,-60622,43846092,19,52384,-91116952
19:58:44.778,0,-0.3,2,0,0,500,50000,-32,-56033,43845796,73,47837,-91116736
19:58:44.783,0,-0.1,2,0,0,500,50000,17,-50084,43845584,1,55094,-91116464
19:58:44.788,0,0.0,2,0,0,500,50000,14,-43681,43845396,109,46838,-91116264
19:58:44.794,0,-0.1,2,0,0,500,50000,32,-36269,43845260,-2,52982,-91115992
19:58:44.799,0,-0.2,2,0,0,500,50000,-21,-33758,43845108,92,49935,-91115768
19:58:44.804,0,-0.5,2,0,0,500,50000,-59,-36797,43844900,93,45758,-91115512
19:58:44.809,0,-0.8,2,0,0,500,50000,-61,-38934,43844708,71,50384,-91115296
19:58:44.814,0,-1.1,2,0,0,500,50000,-30,-39500,43844520,66,46799,-91115032
19:58:44.819,0,-1.4,2,0,0,500,50000,0,-39879,43844292,-60,55850,-91114736
19:58:44.824,0,-1.6,2,0,0,500,50000,15,-43493,43844080,138,38437,-91114616
19:58:44.829,0,-1.8,2,0,0,500,50000,11,-45716,43843820,-62,59322,-91114232
19:58:44.834,0,-1.8,2,0,0,500,50000,-7,-57770,43843492,242,40729,-91114088
19:58:44.839,0,-1.7,2,0,0,500,50000,-11,-65708,43843112,-28,60021,-91113728
19:58:44.844,0,-1.5,2,0,0,500,50000,-7,-66038,43842800,138,39835,-91113600
19:58:44.849,0,-1.1,2,0,0,500,50000,-23,-63083,43842468,-13,60742,-91113232
19:58:44.854,0,-0.7,2,0,0,500,50000,198,-57760,43842216,277,37321,-91113128
19:58:44.859,0,-0.2,2,0,0,500,50000,9,-43866,43842032,-97,58916,-91112696
19:58:44.864,0,0.0,2,0,0,500,50000,72,-32883,43841920,205,36635,-91112640
19:58:44.870,0,0.0,2,0,0,500,50000,-25,-23143,43841836,-22,56496,-91112232
19:58:44.875,0,-0.1,2,0,0,500,50000,71,-21816,43841724,295,38060,-91112160
19:58:44.880,0,-0.7,2,0,0,500,50000,14,-28807,43841572,81,50039,-91111808
19:58:44.885,0,-1.5,2,0,0,500,50000,14,-41759,43841304,162,48597,-91111584
19:58:44.890,0,-2.3,2,0,0,500,50000,47,-53632,43841008,97,46351,-91111368
19:58:44.895,0,-2.9,2,0,0,500,50000,-8,-63565,43840660,55,54544,-91111072
19:58:44.900,0,-3.1,2,0,0,500,50000,-2,-71658,43840232,69,45147,-91110856
19:58:44.905,0,-3.0,2,0,0,500,50000,10,-76780,43839852,-45,55742,-91110536
19:58:44.910,0,-2.5,2,0,0,500,50000,-23,-77096,43839412,57,47363,-91110352
19:58:44.915,0,-1.8,2,0,0,500,50000,-10,-72252,43839088,30,52267,-91110064
19:58:44.920,0,-1.0,2,0,0,500,50000,11,-67323,43838724,79,46570,-91109832
19:58:44.925,0,-0.3,2,0,0,500,50000,-9,-57695,43838488,17,50646,-91109536
19:58:44.930,0,0.2,2,0,0,500,50000,-9,-46662,43838308,66,51284,-91109312
19:58:44.935,0,0.6,2,0,0,500,50000,-14,-29648,43838200,65,49558,-91109064
19:58:44.940,0,0.7,2,0,0,500,50000,5,-20707,43838140,118,45112,-91108832
19:58:44.946,0,0.6,2,0,0,500,50000,28,-16411,43838084,101,47291,-91108616
19:58:44.951,0,0.1,2,0,0,500,50000,23,-23359,43837936,178,45922,-91108376
19:58:44.956,0,-0.6,2,0,0,500,50000,18,-46198,43837576,153,45515,-91108040
19:58:44.961,0,-1.6,2,0,0,500,50000,12,-62326,43837164,203,46960,-91107816
19:58:44.966,0,-2.4,2,0,0,500,50000,-4,-70755,43836792,45,51258,-91107520
19:58:44.971,0,-2.8,2,0,0,500,50000,-47,-73092,43836384,51,51150,-91107296
19:58:44.976,0,-2.7,2,0,0,500,50000,-23,-75035,43836152,101,48842,-91107144
19:58:44.981,0,-2.2,2,0,0,500,50000,-11,-67271,43835812,74,52633,-91106848
19:58:44.986,0,-1.5,2,0,0,500,50000,-6,-55725,43835604,87,48793,-91106640
19:58:44.991,0,-0.8,2,0,0,500,50000,-2,-40976,43835436,81,48905,-91106376
19:58:44.996,0,-0.3,2,0,0,500,50000,-8,-33554,43835320,92,48330,-91106112
19:58:45.001,0,-0.1,2,0,0,500,50000,51,-28176,43835176,133,45181,-91105928
19:58:45.006,0,-0.3,2,0,0,500,50000,-106,-26607,43835060,130,47277,-91105656
19:58:45.011,0,-0.7,2,0,0,500,50000,54,-34422,43834836,117,46859,-91105440
19:58:45.016,0,-1.2,2,0,0,500,50000,-7,-41929,43834604,112,47792,-91105176
19:58:45.021,0,-1.8,2,0,0,500,50000,8,-54966,43834256,60,48607,-91104912
19:58:45.027,0,-2.3,2,0,0,500,50000,-16,-62099,43833932,151,47531,-91104720
19:58:45.032,0,-2.5,2,0,0,500,50000,-1,-63016,43833572,87,50085,-91104440
19:58:45.037,0,-2.5,2,0,0,500,50000,74,-58944,43833300,124,47280,-91104184
19:58:45.042,0,-2.2,2,0,0,500,50000,5,-54105,43833076,56,50670,-91103904
19:58:45.047,0,-1.8,2,0,0,500,50000,-27,-49585,43832812,129,48736,-91103696
19:58:45.052,0,-1.5,2,0,0,500,50000,12,-49108,43832580,82,49373,-91103440
19:58:45.057,0,-1.2,2,0,0,500,50000,-72,-50738,43832292,7,49588,-91103168
19:58:45.062,0,-1.1,2,0,0,500,50000,14,-49674,43832068,117,46884,-91102976
19:58:45.067,0,-1.0,2,0,0,500,50000,19,-49979,43831836,73,51054,-91102680
19:58:45.072,0,-0.9,2,0,0,500,50000,14,-50255,43831556,140,47197,-91102456
19:58:45.077,0,-0.8,2,0,0,500,50000,46,-46536,43831344,86,51228,-91102168
19:58:45.082,0,-0.7,2,0,0,500,50000,-7,-43853,43831108,93,48934,-91101928
19:58:45.087,0,-0.6,2,0,0,500,50000,-21,-38830,43830912,82,49361,-91101664
19:58:45.092,0,-0.6,2,0,0,500,50000,26,-34689,43830764,90,48172,-91101456
19:58:45.097,0,-0.7,2,0,0,500,50000,1,-34098,43830604,79,48950,-91101192
19:58:45.102,0,-0.9,2,0,0,500,50000,9,-37727,43830384,208,46161,-91101000
19:58:45.107,0,-1.3,2,0,0,500,50000,4,-41464,43830184,107,50060,-91100712
19:58:45.113,0,-1.7,2,0,0,500,50000,-17,-42110,43829992,208,42858,-91100544
19:58:45.118,0,-2.1,2,0,0,500,50000,4,-38598,43829796,103,48007,-91100248
19:58:45.123,0,-2.4,2,0,0,500,50000,-32,-35478,43829620,175,44400,-91100072
19:58:45.128,0,-2.7,2,0,0,500,50000,-81,-35994,43829456,179,45101,-91099800
19:58:45.133,0,-2.9,2,0,0,500,50000,-2,-45973,43829172,72,52573,-91099504
19:58:45.138,0,-3.1,2,0,0,500,50000,15,-59504,43828840,163,43735,-91099352
19:58:45.143,0,-3.3,2,0,0,500,50000,-53,-66592,43828452,-4,55269,-91098992
19:58:45.148,0,-2.9,2,0,0,500,50000,-10,-65992,43828144,176,44134,-91098856
19:58:45.153,0,-2.3,2,0,0,500,50000,11,-60535,43827828,25,56097,-91098504
19:58:45.158,0,-1.5,2,0,0,500,50000,-3,-49667,43827640,104,44404,-91098320
19:58:45.163,0,-0.9,2,0,0,500,50000,-6,-33770,43827512,-14,54686,-91098048
19:58:45.168,0,-0.6,2,0,0,500,50000,7,-26883,43827416,110,44753,-91097840
19:58:45.173,0,-0.7,2,0,0,500,50000,8,-22624,43827328,92,51015,-91097536
19:58:45.178,0,-1.2,2,0,0,500,50000,17,-28711,43827144,136,50030,-91097312
19:58:45.183,0,-2.0,2,0,0,500,50000,22,-36229,43826952,216,45056,-91097120
19:58:45.188,0,-2.7,2,0,0,500,50000,-7,-47449,43826636,68,55677,-91096816
19:58:45.193,0,-3.1,2,0,0,500,50000,-10,-58126,43826308,222,40513,-91096640
19:58:45.199,0,-3.1,2,0,0,500,50000,-30,-63745,43825992,-35,56832,-91096336
19:58:45.204,0,-2.8,2,0,0,500,50000,-4,-60980,43825668,225,42843,-91096160
19:58:45.209,0,-2.2,2,0,0,500,50000,-36,-64806,43825348,-18,56950,-91095784
19:58:45.214,0,-1.6,2,0,0,500,50000,0,-64537,43824988,154,44933,-91095624
19:58:45.219,0,-0.9,2,0,0,500,50000,1,-60668,43824720,-31,58437,-91095296
19:58:45.224,0,-0.5,2,0,0,500,50000,-34,-56687,43824472,163,41464,-91095152
19:58:45.229,0,-0.1,2,0,0,500,50000,-14,-47841,43824240,32,54073,-91094784
19:58:45.234,0,0.0,2,0,0,500,50000,-10,-41234,43824068,161,42224,-91094656
19:58:45.239,0,0.0,2,0,0,500,50000,-2,-28403,43823956,38,53280,-91094320
19:58:45.244,0,0.0,2,0,0,500,50000,-1,-22040,43823876,220,41166,-91094176
19:58:45.249,0,-0.5,2,0,0,500,50000,17,-20156,43823784,142,45802,-91093888
19:58:45.254,0,-1.2,2,0,0,500,50000,13,-22032,43823672,110,49000,-91093624
19:58:45.259,0,-2.0,2,0,0,500,50000,21,-34158,43823448,221,43074,-91093464
19:58:45.265,0,-2.9,2,0,0,500,50000,12,-45507,43823196,113,48204,-91093168
19:58:45.270,0,-3.6,2,0,0,500,50000,-25,-59565,43822816,102,48538,-91092960
19:58:45.275,0,-4.0,2,0,0,500,50000,8,-72493,43822376,112,45884,-91092696
19:58:45.280,0,-3.9,2,0,0,500,50000,-1,-73811,43822040,42,53374,-91092392
19:58:45.285,0,-3.3,2,0,0,500,50000,15,-76307,43821612,31,50530,-91092168
19:58:45.290,0,-2.5,2,0,0,500,50000,10,-68563,43821316,42,50836,-91091920
19:58:45.295,0,-1.6,2,0,0,500,50000,-12,-60145,43821008,115,46034,-91091672
19:58:45.300,0,-0.9,2,0,0,500,50000,1,-52724,43820784,-17,53132,-91091376
19:58:45.305,0,-0.3,2,0,0,500,50000,-2,-45890,43820548,81,45714,-91091200
19:58:45.310,0,-0.1,2,0,0,500,50000,7,-38721,43820392,21,55741,-91090888
19:58:45.315,0,-0.2,2,0,0,500,50000,45,-36907,43820224,106,42741,-91090704
19:58:45.320,0,-0.4,2,0,0,500,50000,16,-34595,43820040,33,52050,-91090448
19:58:45.325,0,-0.8,2,0,0,500,50000,-40,-39097,43819816,178,48806,-91090160
19:58:45.330,0,-1.3,2,0,0,500,50000,-8,-42551,43819608,97,47623,-91089920
19:58:45.335,0,-1.7,2,0,0,500,50000,10,-46717,43819340,77,48968,-91089696
19:58:45.341,0,-2.1,2,0,0,500,50000,-80,-46529,43819160,101,49262,-91089480
19:58:45.346,0,-2.3,2,0,0,500,50000,-4,-51714,43818852,160,47102,-91089248
19:58:45.351,0,-2.4,2,0,0,500,50000,-16,-54916,43818584,89,50978,-91088952
19:58:45.356,0,-2.4,2,0,0,500,50000,20,-62363,43818268,75,44072,-91088784
19:58:45.361,0,-2.2,2,0,0,500,50000,3,-68329,43817856,98,49714,-91088488
19:58:45.366,0,-2.0,2,0,0,500,50000,-13,-71984,43817508,96,48083,-91088232
19:58:45.371,0,-1.6,2,0,0,500,50000,-15,-67486,43817164,105,49739,-91088000
19:58:45.376,0,-1.1,2,0,0,500,50000,-1,-60188,43816916,116,47748,-91087744
19:58:45.381,0,-0.5,2,0,0,500,50000,16,-51018,43816668,90,50294,-91087504
19:58:45.386,0,-0.1,2,0,0,500,50000,-3,-38476,43816552,118,48713,-91087248
19:58:45.391,0,0.0,2,0,0,500,50000,-4,-25743,43816456,93,42498,-91087024
19:58:45.396,0,-0.1,2,0,0,500,50000,-2,-19910,43816388,50,50878,-91086760
19:58:45.401,0,-0.6,2,0,0,500,50000,27,-21098,43816276,215,44198,-91086552
19:58:45.406,0,-1.4,2,0,0,500,50000,65,-30287,43816084,127,46200,-91086280
19:58:45.411,0,-2.3,2,0,0,500,50000,-79,-42458,43815836,125,50332,-91086056
19:58:45.416,0,-3.1,2,0,0,500,50000,13,-52855,43815508,145,45000,-91085808
19:58:45.422,0,-3.5,2,0,0,500,50000,-23,-49842,43815284,10,53591,-91085560
19:58:45.427,0,-3.6,2,0,0,500,50000,-23,-44411,43815060,154,43098,-91085344
19:58:45.432,0,-3.3,2,0,0,500,50000,-26,-41653,43814872,-8,55090,-91085016
19:58:45.437,0,-3.0,2,0,0,500,50000,1,-48327,43814612,146,44053,-91084832
19:58:45.442,0,-2.8,2,0,0,500,50000,8,-59027,43814244,-48,54712,-91084552
19:58:45.447,0,-2.6,2,0,0,500,50000,1,-66888,43813888,142,46024,-91084344
19:58:45.452,0,-2.4,2,0,0,500,50000,0,-75425,43813444,0,51974,-91084032
19:58:45.457,0,-2.0,2,0,0,500,50000,-51,-72725,43813108,140,46523,-91083864
19:58:45.462,0,-1.4,2,0,0,500,50000,-28,-67290,43812804,64,51803,-91083544
19:58:45.467,0,-0.8,2,0,0,500,50000,-8,-49997,43812580,110,48992,-91083320
19:58:45.472,0,-0.2,2,0,0,500,50000,-14,-34392,43812488,45,49451,-91083024
19:58:45.477,0,0.1,2,0,0,500,50000,-83,-16978,43812436,34,52836,-91082728
19:58:45.482,0,0.1,2,0,0,500,50000,7,-15757,43812356,164,43443,-91082560
19:58:45.487,0,-0.3,2,0,0,500,50000,37,-22320,43812228,38,54361,-91082248
19:58:45.492,0,-1.1,2,0,0,500,50000,42,-34086,43812024,298,42863,-91082072
19:58:45.497,0,-2.0,2,0,0,500,50000,-13,-43293,43811744,-41,53831,-91081776
19:58:45.503,0,-2.8,2,0,0,500,50000,-43,-44020,43811568,265,40764,-91081680
19:58:45.508,0,-3.3,2,0,0,500,50000,12,-52123,43811296,-5,56046,-91081336
19:58:45.513,0,-3.4,2,0,0,500,50000,4,-60300,43810980,71,46398,-91081160
19:58:45.518,0,-3.3,2,0,0,500,50000,3,-75637,43810512,-62,57684,-91080832
19:58:45.523,0,-2.9,2,0,0,500,50000,-3,-81541,43810104,82,47562,-91080656
19:58:45.528,0,-2.2,2,0,0,500,50000,-20,-77046,43809700,52,49279,-91080344
19:58:45.533,0,-0.5,2,0,0,500,50000,-100,-68239,43809364,112,46395,-91080168
19:58:45.538,0,0.1,2,0,0,500,50000,89,-51607,43809200,-35,55603,-91079800
19:58:45.543,0,0.5,2,0,0,500,50000,67,-28897,43809120,104,45446,-91079616
19:58:45.548,0,0.4,2,0,0,500,50000,9,-17423,43809096,45,53374,-91079344
19:58:45.553,0,-0.1,2,0,0,500,50000,-53,-12260,43809044,259,44026,-91079152
19:58:45.558,0,-1.1,2,0,0,500,50000,8,-20394,43808920,31,52021,-91078888
19:58:45.563,0,-2.2,2,0,0,500,50000,0,-33662,43808692,77,48847,-91078664
19:58:45.568,0,-3.1,2,0,0,500,50000,2,-45777,43808436,176,44772,-91078440
19:58:45.573,0,-3.8,2,0,0,500,50000,1,-58356,43808068,66,51790,-91078144
19:58:45.578,0,-4.0,2,0,0,500,50000,-5,-63547,43807740,198,41872,-91077992
19:58:45.584,0,-3.7,2,0,0,500,50000,15,-75474,43807280,43,53504,-91077640
19:58:45.589,0,-3.1,2,0,0,500,50000,6,-82689,43806860,95,48150,-91077432
19:58:45.594,0,-2.3,2,0,0,500,50000,-48,-81975,43806484,-27,55868,-91077136
19:58:45.599,0,-1.3,2,0,0,500,50000,-42,-81063,43806040,65,47249,-91076936
19:58:45.604,0,-0.4,2,0,0,500,50000,-94,-71028,43805740,-33,53523,-91076616
19:58:45.609,0,0.2,2,0,0,500,50000,-7,-57977,43805460,41,47229,-91076392
19:58:45.614,0,0.7,2,0,0,500,50000,104,-39797,43805352,31,52934,-91076136
19:58:45.619,0,0.8,2,0,0,500,50000,19,-30226,43805256,102,45994,-91075920
19:58:45.624,0,0.5,2,0,0,500,50000,-6,-25233,43805144,112,48850,-91075648
19:58:45.629,0,-0.1,2,0,0,500,50000,-55,-33666,43804948,162,46929,-91075440
19:58:45.634,0,-0.8,2,0,0,500,50000,-1,-45308,43804660,119,50475,-91075160
19:58:45.639,0,-1.5,2,0,0,500,50000,-2,-49558,43804400,195,44888,-91074936
19:58:45.644,0,-1.9,2,0,0,500,50000,167,-54446,43804128,36,49627,-91074696
19:58:45.649,0,-2.0,2,0,0,500,50000,-9,-55185,43803828,119,47499,-91074432
19:58:45.654,0,-1.9,2,0,0,500,50000,1,-62763,43803464,63,53085,-91074136
19:58:45.659,0,-1.6,2,0,0,500,50000,0,-63946,43803168,51,49584,-91073928
19:58:45.664,0,-1.3,2,0,0,500,50000,31,-62023,43802836,115,48722,-91073672
19:58:45.670,0,-1.0,2,0,0,500,50000,3,-61898,43802560,72,50656,-91073432
19:58:45.675,0,-0.6,2,0,0,500,50000,0,-59091,43802248,87,46091,-91073192
19:58:45.680,0,-0.4,2,0,0,500,50000,-5,-52672,43802032,25,53718,-91072872
19:58:45.685,0,-0.2,2,0,0,500,50000,-23,-42983,43801816,69,46334,-91072696
19:58:45.690,0,-0.2,2,0,0,500,50000,-18,-36728,43801664,48,50004,-91072400
19:58:45.695,0,-0.4,2,0,0,500,50000,8,-33750,43801492,222,44813,-91072224
19:58:45.700,0,-0.9,2,0,0,500,50000,30,-35182,43801316,92,49934,-91071952
19:58:45.705,0,-1.4,2,0,0,500,50000,21,-43387,43801080,180,47615,-91071704
19:58:45.710,0,-1.9,2,0,0,500,50000,7,-54545,43800732,44,49504,-91071432
19:58:45.715,0,-2.3,2,0,0,500,50000,-11,-58661,43800440,53,50154,-91071216
19:58:45.720,0,-2.4,2,0,0,500,50000,0,-62523,43800080,84,49637,-91070952
19:58:45.725,0,-2.2,2,0,0,500,50000,-23,-67823,43799732,32,52679,-91070672
19:58:45.730,0,-1.7,2,0,0,500,50000,7,-71982,43799376,64,50552,-91070464
19:58:45.735,0,-1.1,2,0,0,500,50000,-58,-67588,43799020,20,52147,-91070176
19:58:45.741,0,-0.5,2,0,0,500,50000,28,-65867,43798716,2,50719,-91069904
19:58:45.746,0,0.0,2,0,0,500,50000,1,-55964,43798436,61,51056,-91069648
19:58:45.751,0,0.4,2,0,0,500,50000,12,-47151,43798252,-20,53684,-91069416
19:58:45.756,0,0.7,2,0,0,500,50000,-20,-35369,43798136,107,48419,-91069192
19:58:45.761,0,0.7,2,0,0,500,50000,18,-25930,43798024,72,51064,-91068896
19:58:45.766,0,0.4,2,0,0,500,50000,1,-22044,43797940,69,47685,-91068672
19:58:45.771,0,0.0,2,0,0,500,50000,13,-26711,43797780,11,48771,-91068448
19:58:45.776,0,-0.6,2,0,0,500,50000,5,-35559,43797584,141,51176,-91068176
19:58:45.781,0,-1.3,2,0,0,500,50000,4,-46350,43797300,83,46598,-91067976
19:58:45.786,0,-1.8,2,0,0,500,50000,6,-51140,43797044,-43,53951,-91067672
19:58:45.791,0,-2.1,2,0,0,500,50000,-22,-54495,43796740,213,41780,-91067488
19:58:45.796,0,-2.1,2,0,0,500,50000,64,-56959,43796468,-44,55806,-91067184
19:58:45.801,0,-1.8,2,0,0,500,50000,8,-57870,43796148,169,42335,-91067008
19:58:45.807,0,-1.4,2,0,0,500,50000,25,-59508,43795864,-36,57273,-91066672
19:58:45.812,0,-1.0,2,0,0,500,50000,-4,-54553,43795584,171,44282,-91066512
19:58:45.817,0,-0.6,2,0,0,500,50000,31,-46815,43795356,-67,53203,-91066152
19:58:45.822,0,-0.4,2,0,0,500,50000,9,-43998,43795156,166,43596,-91066024
19:58:45.827,0,-0.3,2,0,0,500,50000,-47,-42532,43794968,56,48119,-91065704
19:58:45.827,0,-0.3,2,0,0,500,50000,3,-42126,43794724,88,52885,-91065440
19:58:45.832,0,-0.3,2,0,0,500,50000,-1,-44056,43794480,81,45433,-91065208
19:58:45.837,0,-0.4,2,0,0,500,50000,3,-41006,43794296,-54,57688,-91064872
19:58:45.842,0,-0.5,2,0,0,500,50000,-38,-42900,43794056,221,43150,-91064736
19:58:45.848,0,-0.7,2,0,0,500,50000,24,-43237,43793852,-22,55028,-91064408
19:58:45.853,0,-0.8,2,0,0,500,50000,3,-46273,43793624,179,40123,-91064240
19:58:45.858,0,-0.9,2,0,0,500,50000,11,-43347,43793428,-12,55018,-91063944
19:58:45.863,0,-1.1,2,0,0,500,50000,5,-44804,43793216,135,42844,-91063752
19:58:45.868,0,-1.2,2,0,0,500,50000,-3,-44617,43792972,38,53551,-91063488
19:58:45.873,0,-1.3,2,0,0,500,50000,-32,-53470,43792676,110,43758,-91063272
19:58:45.878,0,-1.4,2,0,0,500,50000,-41,-63917,43792284,26,56498,-91062936
19:58:45.883,0,-1.3,2,0,0,500,50000,24,-66249,43791964,141,43723,-91062784
19:58:45.888,0,-1.1,2,0,0,500,50000,3,-66273,43791652,56,53891,-91062464
19:58:45.893,0,-0.7,2,0,0,500,50000,-11,-67386,43791276,141,44855,-91062264
19:58:45.898,0,-0.3,2,0,0,500,50000,-18,-62838,43790996,25,56117,-91061976
19:58:45.903,0,0.0,2,0,0,500,50000,-9,-51111,43790760,39,44079,-91061760
19:58:45.909,0,0.3,2,0,0,500,50000,-12,-38492,43790636,16,54780,-91061440
19:58:45.914,0,0.4,2,0,0,500,50000,15,-29440,43790516,151,41889,-91061296
19:58:45.919,0,0.2,2,0,0,500,50000,21,-27658,43790372,-7,54025,-91060960
19:58:45.924,0,0.0,2,0,0,500,50000,28,-30400,43790220,170,43693,-91060768
19:58:45.929,0,-0.5,2,0,0,500,50000,-15,-34782,43790016,33,52684,-91060488
19:58:45.934,0,-1.1,2,0,0,500,50000,46,-38182,43789828,199,43091,-91060296
19:58:45.939,0,-1.6,2,0,0,500,50000,60,-44959,43789560,69,51146,-91060024
19:58:45.944,0,-2.1,2,0,0,500,50000,28,-60062,43789172,159,44821,-91059808
19:58:45.949,0,-2.3,2,0,0,500,50000,95,-72817,43788796,12,55823,-91059464
19:58:45.954,0,-2.4,2,0,0,500,50000,-8,-83063,43788276,99,45831,-91059304
19:58:45.959,0,-2.1,2,0,0,500,50000,-9,-90668,43787828,-90,56876,-91058944
19:58:45.964,0,-1.6,2,0,0,500,50000,-7,-85686,43787436,101,45840,-91058760
19:58:45.969,0,-0.9,2,0,0,500,50000,-6,-70717,43787092,-39,57193,-91058456
19:58:45.974,0,-0.1,2,0,0,500,50000,-21,-55057,43786896,99,46751,-91058248
19:58:45.979,0,0.4,2,0,0,500,50000,-12,-35766,43786772,70,53588,-91057944
19:58:45.984,0,0.7,2,0,0,500,50000,-157,-26655,43786684,49,47399,-91057752
19:58:45.989,0,0.7,2,0,0,500,50000,33,-22261,43786564,87,52209,-91057424
19:58:45.995,0,0.4,2,0,0,500,50000,-6,-23332,43786452,160,43949,-91057216
19:58:46.000,0,0.0,2,0,0,500,50000,14,-29789,43786288,125,49564,-91056928
19:58:46.005,0,-0.7,2,0,0,500,50000,0,-44286,43785992,185,44567,-91056752
19:58:46.010,0,-1.4,2,0,0,500,50000,23,-62413,43785628,81,50242,-91056456
19:58:46.015,0,-1.9,2,0,0,500,50000,5,-83835,43785148,68,49352,-91056240
19:58:46.020,0,-2.2,2,0,0,500,50000,-31,-97951,43784628,63,53329,-91056000
19:58:46.025,0,-2.1,2,0,0,500,50000,-24,-100406,43784156,116,49725,-91055744
19:58:46.030,0,-1.5,2,0,0,500,50000,-35,-94797,43783652,32,50391,-91055464
19:58:46.035,0,-0.7,2,0,0,500,50000,-40,-76747,43783364,37,48735,-91055256
19:58:46.040,0,0.1,2,0,0,500,50000,-26,-49152,43783196,90,48992,-91054976
19:58:46.045,0,0.9,2,0,0,500,50000,0,-21455,43783188,100,48629,-91054704
19:58:46.050,0,1.3,2,0,0,500,50000,15,-6976,43783224,59,47086,-91054504
19:58:46.055,0,1.3,2,0,0,500,50000,121,-5430,43783208,87,48750,-91054232
19:58:46.060,0,0.9,2,0,0,500,50000,23,-11280,43783136,119,46325,-91054040
19:58:46.065,0,0.2,2,0,0,500,50000,-2,-26739,43782932,45,49390,-91053744
19:58:46.070,0,-0.6,2,0,0,500,50000,-66,-40942,43782684,85,50714,-91053488
19:58:46.075,0,-1.5,2,0,0,500,50000,-11,-52790,43782352,140,46833,-91053280
19:58:46.080,0,-2.2,2,0,0,500,50000,-24,-60296,43782036,85,53665,-91052984
19:58:46.085,0,-2.5,2,0,0,500,50000,13,-74170,43781576,103,50338,-91052768
19:58:46.091,0,-2.4,2,0,0,500,50000,-21,-80090,43781176,31,51347,-91052496
19:58:46.096,0,-1.9,2,0,0,500,50000,10,-77087,43780824,-26,49642,-91052232
19:58:46.101,0,-1.2,2,0,0,500,50000,61,-75736,43780412,0,53965,-91051944
19:58:46.106,0,-0.5,2,0,0,500,50000,112,-67060,43780128,-8,52179,-91051712
19:58:46.111,0,0.1,2,0,0,500,50000,-3,-52572,43779876,39,49761,-91051472
19:58:46.116,0,0.7,2,0,0,500,50000,-3,-35418,43779784,57,49666,-91051192
19:58:46.121,0,1.0,2,0,0,500,50000,-15,-23047,43779732,9,52862,-91050928
19:58:46.126,0,1.0,2,0,0,500,50000,27,-15286,43779684,106,44640,-91050752
19:58:46.131,0,0.8,2,0,0,500,50000,66,-17580,43779592,27,54668,-91050432
19:58:46.136,0,0.3,2,0,0,500,50000,13,-33130,43779356,201,43032,-91050264
19:58:46.141,0,-0.3,2,0,0,500,50000,6,-44044,43779108,19,53327,-91049976
19:58:46.146,0,-1.1,2,0,0,500,50000,7,-52793,43778824,148,48955,-91049760
19:58:46.151,0,-1.7,2,0,0,500,50000,43,-61007,43778452,95,47380,-91049480
19:58:46.156,0,-2.0,2,0,0,500,50000,6,-69585,43778084,5,56535,-91049176
19:58:46.161,0,-1.9,2,0,0,500,50000,1,-75870,43777644,33,49296,-91048976
19:58:46.166,0,-1.4,2,0,0,500,50000,-21,-73559,43777316,46,53373,-91048696
19:58:46.172,0,-0.8,2,0,0,500,50000,8,-71109,43776932,-74,50425,-91048472
19:58:46.177,0,-0.1,2,0,0,500,50000,-27,-62397,43776680,55,52029,-91048208
19:58:46.182,0,0.4,2,0,0,500,50000,-36,-46312,43776480,8,49801,-91047912
19:58:46.187,0,0.8,2,0,0,500,50000,-25,-27296,43776404,81,47179,-91047728
19:58:46.192,0,1.1,2,0,0,500,50000,-37,-15624,43776376,41,50006,-91047424
19:58:46.197,0,1.1,2,0,0,500,50000,219,-6570,43776372,196,44722,-91047272
19:58:46.202,0,0.8,2,0,0,500,50000,-8,-15479,43776264,151,44226,-91046992
19:58:46.207,0,0.2,2,0,0,500,50000,16,-30684,43776020,65,53094,-91046648
19:58:46.212,0,-0.5,2,0,0,500,50000,20,-52097,43775692,230,43865,-91046504
19:58:46.217,0,-1.5,2,0,0,500,50000,2,-65200,43775332,43,52476,-91046168
19:58:46.222,0,-2.3,2,0,0,500,50000,-9,-74299,43774884,102,45797,-91046008
19:58:46.227,0,-2.8,2,0,0,500,50000,-7,-77929,43774564,-44,59997,-91045672
19:58:46.232,0,-2.7,2,0,0,500,50000,-10,-84317,43774064,257,41512,-91045528
19:58:46.237,0,-2.1,2,0,0,500,50000,-341,-84341,43773668,-29,60834,-91045128
19:58:46.242,0,-1.2,2,0,0,500,50000,15,-82249,43773208,169,44296,-91045000
19:58:46.248,0,-0.4,2,0,0,500,50000,104,-71438,43772916,2,54682,-91044680
19:58:46.253,0,0.3,2,0,0,500,50000,0,-61588,43772656,40,46429,-91044448
19:58:46.258,0,0.9,2,0,0,500,50000,-19,-43217,43772472,17,54779,-91044144
19:58:46.263,0,1.2,2,0,0,500,50000,-9,-26284,43772416,18,48550,-91043944
19:58:46.268,0,1.4,2,0,0,500,50000,-3,-12027,43772404,53,49364,-91043696
19:58:46.273,0,1.4,2,0,0,500,50000,55,-10228,43772368,112,47000,-91043424
19:58:46.278,0,0.6,2,0,0,500,50000,41,-19696,43772248,143,45833,-91043232
19:58:46.283,0,-0.1,2,0,0,500,50000,65,-40466,43771964,143,47369,-91042960
19:58:46.288,0,-1.0,2,0,0,500,50000,19,-56120,43771636,119,48591,-91042704
19:58:46.293,0,-1.7,2,0,0,500,50000,-4,-71859,43771184,23,47530,-91042440
19:58:46.298,0,-2.0,2,0,0,500,50000,10,-81032,43770772,52,51597,-91042192
19:58:46.303,0,-1.8,2,0,0,500,50000,-12,-84924,43770288,64,47298,-91041944
19:58:46.308,0,-1.2,2,0,0,500,50000,-2,-82862,43769908,13,54171,-91041672
19:58:46.313,0,-0.3,2,0,0,500,50000,-13,-74051,43769544,31,47312,-91041424
19:58:46.318,0,0.4,2,0,0,500,50000,-13,-56440,43769300,-38,52936,-91041128
19:58:46.323,0,1.0,2,0,0,500,50000,-68,-38703,43769196,67,48446,-91040920
19:58:46.329,0,1.4,2,0,0,500,50000,2,-20128,43769176,39,50070,-91040648
19:58:46.334,0,1.4,2,0,0,500,50000,-3,-11320,43769160,104,47038,-91040456
19:58:46.339,0,1.0,2,0,0,500,50000,53,-11778,43769116,56,49992,-91040192
19:58:46.344,0,0.3,2,0,0,500,50000,29,-26610,43768916,118,44811,-91039944
19:58:46.349,0,-0.5,2,0,0,500,50000,5,-42016,43768660,45,50776,-91039640
19:58:46.354,0,-1.4,2,0,0,500,50000,6,-60258,43768260,162,46151,-91039464
19:58:46.359,0,-2.1,2,0,0,500,50000,-51,-71580,43767868,41,53950,-91039152
19:58:46.364,0,-2.3,2,0,0,500,50000,6,-77749,43767476,56,47596,-91038912
19:58:46.369,0,-2.0,2,0,0,500,50000,13,-78848,43767028,-56,54607,-91038648
19:58:46.374,0,-1.4,2,0,0,500,50000,-38,-81761,43766624,83,46691,-91038424
19:58:46.379,0,-0.5,2,0,0,500,50000,7,-75759,43766288,65,54933,-91038104
19:58:46.384,0,0.2,2,0,0,500,50000,-46,-64080,43765964,-35,50411,-91037896
19:58:46.389,0,0.9,2,0,0,500,50000,-13,-40240,43765732,-23,55890,-91037488
19:58:46.394,0,1.4,2,0,0,500,50000,3,-30994,43765628,146,42129,-91037320
19:58:46.399,0,1.7,2,0,0,500,50000,26,-20280,43765572,-7,54967,-91037024
19:58:46.404,0,1.7,2,0,0,500,50000,-23,-13891,43765516,222,37631,-91036872
19:58:46.409,0,1.5,2,0,0,500,50000,-9,-14222,43765480,35,52809,-91036616
19:58:46.414,0,1.0,2,0,0,500,50000,-7,-21400,43765348,192,42346,-91036424
19:58:46.420,0,0.4,2,0,0,500,50000,14,-31905,43765128,-10,54635,-91036136
19:58:46.425,0,-0.2,2,0,0,500,50000,5,-45794,43764852,165,44461,-91035944
19:58:46.430,0,-0.8,2,0,0,500,50000,-17,-57720,43764492,0,51836,-91035616
19:58:46.435,0,-1.2,2,0,0,500,50000,-13,-59313,43764212,70,48717,-91035424
19:58:46.440,0,-1.3,2,0,0,500,50000,-25,-55693,43763916,8,51549,-91035120
19:58:46.445,0,-1.1,2,0,0,500,50000,-15,-51149,43763696,59,50439,-91034864
19:58:46.450,0,-0.7,2,0,0,500,50000,15,-49848,43763420,54,53269,-91034616
19:58:46.455,0,-0.3,2,0,0,500,50000,25,-50358,43763148,-2,52129,-91034344
19:58:46.460,0,0.0,2,0,0,500,50000,57,-48131,43762928,16,49884,-91034128
19:58:46.465,0,0.1,2,0,0,500,50000,98,-43512,43762708,5,53409,-91033832
19:58:46.470,0,0.2,2,0,0,500,50000,39,-40387,43762536,82,49522,-91033592
19:58:46.475,0,0.2,2,0,0,500,50000,46,-40136,43762312,15,53724,-91033336
19:58:46.480,0,0.2,2,0,0,500,50000,22,-40218,43762124,100,47244,-91033112
19:58:46.485,0,0.1,2,0,0,500,50000,-8,-40492,43761924,66,51492,-91032856
19:58:46.490,0,0.0,2,0,0,500,50000,-6,-41981,43761684,162,44370,-91032648
19:58:46.496,0,-0.1,2,0,0,500,50000,-7,-41626,43761496,-24,51567,-91032328
19:58:46.501,0,-0.2,2,0,0,500,50000,-12,-42488,43761292,99,48218,-91032088
19:58:46.506,0,-0.4,2,0,0,500,50000,0,-45430,43761032,-7,53041,-91031840
19:58:46.511,0,-0.5,2,0,0,500,50000,81,-44598,43760820,100,50603,-91031584
19:58:46.516,0,-0.6,2,0,0,500,50000,16,-42934,43760580,78,48799,-91031320
19:58:46.521,0,-0.6,2,0,0,500,50000,-53,-42238,43760344,71,50927,-91031056
19:58:46.526,0,-0.6,2,0,0,500,50000,2,-47113,43760100,105,46597,-91030800
19:58:46.531,0,-0.6,2,0,0,500,50000,-42,-54642,43759812,45,50394,-91030576
19:58:46.536,0,-0.6,2,0,0,500,50000,15,-62522,43759432,71,51891,-91030280
19:58:46.541,0,-0.5,2,0,0,500,50000,-24,-62679,43759144,67,49375,-91030088
19:58:46.546,0,-0.2,2,0,0,500,50000,12,-64801,43758832,52,52558,-91029792
19:58:46.551,0,0.0,2,0,0,500,50000,-9,-65971,43758460,69,47481,-91029552
19:58:46.556,0,0.4,2,0,0,500,50000,0,-57873,43758228,21,51080,-91029304
19:58:46.561,0,0.7,2,0,0,500,50000,-19,-44241,43758036,33,49902,-91029048
19:58:46.567,0,0.9,2,0,0,500,50000,-30,-31880,43757936,81,49122,-91028784
19:58:46.572,0,1.0,2,0,0,500,50000,5,-21397,43757860,62,49964,-91028544
19:58:46.577,0,1.0,2,0,0,500,50000,29,-16488,43757808,125,47871,-91028304
19:58:46.582,0,0.8,2,0,0,500,50000,48,-22116,43757672,189,44740,-91028112
19:58:46.587,0,0.3,2,0,0,500,50000,-8,-33392,43757476,82,48694,-91027816
19:58:46.592,0,-0.4,2,0,0,500,50000,-32,-45624,43757184,124,47506,-91027560
19:58:46.597,0,-1.2,2,0,0,500,50000,3,-54238,43756868,49,52310,-91027296
19:58:46.602,0,-1.9,2,0,0,500,50000,-32,-57682,43756588,113,46610,-91027080
19:58:46.607,0,-2.2,2,0,0,500,50000,122,-67031,43756188,1,52692,-91026816
19:58:46.612,0,-2.2,2,0,0,500,50000,-33,-74440,43755808,104,45416,-91026584
19:58:46.617,0,-1.9,2,0,0,500,50000,1,-79468,43755352,-52,54258,-91026256
19:58:46.622,0,-1.3,2,0,0,500,50000,-7,-77736,43754996,27,47886,-91026072
19:58:46.627,0,-0.7,2,0,0,500,50000,-38,-72612,43754676,77,49806,-91025800
19:58:46.632,0,-0.1,2,0,0,500,50000,-42,-62807,43754360,1,49957,-91025520
19:58:46.637,0,0.4,2,0,0,500,50000,12,-49731,43754184,-48,51844,-91025248
19:58:46.642,0,0.7,2,0,0,500,50000,-20,-37445,43754008,4,52047,-91025008
19:58:46.647,0,1.0,2,0,0,500,50000,-26,-28747,43753908,30,50794,-91024760
19:58:46.652,0,1.0,2,0,0,500,50000,-4,-23740,43753820,11,49248,-91024496
19:58:46.658,0,0.9,2,0,0,500,50000,24,-21447,43753720,118,44688,-91024312
19:58:46.663,0,0.6,2,0,0,500,50000,-14,-26523,43753572,119,47789,-91024032
19:58:46.668,0,0.1,2,0,0,500,50000,-85,-38279,43753316,114,47832,-91023776
19:58:46.673,0,-0.5,2,0,0,500,50000,4,-52025,43753016,26,51311,-91023496
19:58:46.678,0,-1.3,2,0,0,500,50000,12,-72400,43752544,49,50927,-91023272
19:58:46.683,0,-1.8,2,0,0,500,50000,-4,-87210,43752080,60,47155,-91023024
19:58:46.688,0,-1.9,2,0,0,500,50000,-24,-91170,43751636,9,53742,-91022712
19:58:46.693,0,-1.6,2,0,0,500,50000,-29,-93517,43751112,108,44518,-91022536
19:58:46.698,0,0.0,2,0,0,500,50000,-40,-73040,43750784,7,58055,-91022184
19:58:46.703,0,0.8,2,0,0,500,50000,32,-50987,43750644,29,47379,-91022008
19:58:46.708,0,1.5,2,0,0,500,50000,54,-24315,43750612,79,52182,-91021712
19:58:46.713,0,1.8,2,0,0,500,50000,-11,-6139,43750664,37,46419,-91021480
19:58:46.718,0,1.6,2,0,0,500,50000,27,-1255,43750680,70,49359,-91021240
19:58:46.723,0,1.0,2,0,0,500,50000,315,-12124,43750580,127,46636,-91020992
19:58:46.728,0,0.0,2,0,0,500,50000,-67,-28245,43750368,20,51397,-91020704
19:58:46.733,0,-1.1,2,0,0,500,50000,-29,-49383,43750016,154,42754,-91020552
19:58:46.738,0,-2.0,2,0,0,500,50000,-15,-61186,43749684,-5,55273,-91020208
19:58:46.743,0,-2.4,2,0,0,500,50000,25,-64675,43749320,166,45290,-91020000
19:58:46.748,0,-2.3,2,0,0,500,50000,-3,-71416,43748948,-128,58631,-91019688
19:58:46.754,0,-1.8,2,0,0,500,50000,-11,-73912,43748580,64,46334,-91019480
19:58:46.759,0,-1.0,2,0,0,500,50000,-2,-73898,43748168,-49,54723,-91019208
19:58:46.764,0,-0.3,2,0,0,500,50000,-4,-70543,43747848,61,47872,-91018968
19:58:46.769,0,0.3,2,0,0,500,50000,-1,-63742,43747560,1,53232,-91018680
19:58:46.774,0,0.9,2,0,0,500,50000,0,-50971,43747324,83,45857,-91018440
19:58:46.779,0,1.2,2,0,0,500,50000,-11,-31625,43747252,41,54261,-91018184
19:58:46.784,0,1.4,2,0,0,500,50000,59,-18226,43747212,95,44902,-91017960
19:58:46.789,0,1.2,2,0,0,500,50000,-22,-10395,43747188,28,52158,-91017664
19:58:46.794,0,0.8,2,0,0,500,50000,-23,-14812,43747104,128,44780,-91017496
19:58:46.799,0,0.0,2,0,0,500,50000,2,-30068,43746900,74,52091,-91017200
19:58:46.804,0,-0.9,2,0,0,500,50000,88,-55572,43746504,128,44352,-91016984
19:58:46.809,0,-1.7,2,0,0,500,50000,-31,-68091,43746132,8,56089,-91016704
19:58:46.814,0,-2.1,2,0,0,500,50000,12,-75316,43745684,129,45791,-91016480
19:58:46.819,0,-1.9,2,0,0,500,50000,-4,-78713,43745300,3,56683,-91016152
19:58:46.824,0,-1.3,2,0,0,500,50000,-21,-76500,43744888,-47,52126,-91015928
19:58:46.829,0,-0.4,2,0,0,500,50000,-22,-63879,43744648,5,52912,-91015664
19:58:46.835,0,0.5,2,0,0,500,50000,-5,-50469,43744420,-56,54684,-91015400
19:58:46.840,0,1.3,2,0,0,500,50000,30,-37111,43744308,76,46903,-91015192
19:58:46.845,0,1.7,2,0,0,500,50000,18,-22659,43744240,25,52374,-91014880
19:58:46.850,0,1.7,2,0,0,500,50000,-6,-18003,43744176,194,43942,-91014728
19:58:46.855,0,1.2,2,0,0,500,50000,79,-23861,43744032,70,50591,-91014408
19:58:46.860,0,0.5,2,0,0,500,50000,-2,-36695,43743784,179,45594,-91014248
19:58:46.865,0,-0.4,2,0,0,500,50000,2,-47862,43743508,70,49048,-91013936
19:58:46.870,0,-1.2,2,0,0,500,50000,2,-58635,43743148,131,52415,-91013672
19:58:46.875,0,-1.7,2,0,0,500,50000,0,-63892,43742824,27,52619,-91013432
19:58:46.880,0,-1.8,2,0,0,500,50000,-9,-59317,43742500,153,50032,-91013200
19:58:46.886,0,-1.5,2,0,0,500,50000,7,-50738,43742292,83,48425,-91012912
19:58:46.891,0,-1.1,2,0,0,500,50000,16,-46839,43742088,91,49950,-91012656
19:58:46.896,0,-0.7,2,0,0,500,50000,17,-48789,43741820,121,51430,-91012424
19:58:46.901,0,-0.5,2,0,0,500,50000,43,-55879,43741536,91,48348,-91012184
19:58:46.906,0,-0.5,1,0,0,500,50000,-2,-63551,43741156,-42,51785,-91011880
19:58:46.911,0,-0.6,1,0,0,500,50000,6,-68205,43740696,57,51732,-91011576
19:58:46.916,0,-0.6,1,0,0,500,50000,-9,-68507,43740372,74,50375,-91011304
19:58:46.921,0,-0.4,1,0,0,500,50000,-9,-60135,43740116,49,52460,-91011080
19:58:46.926,0,0.0,1,0,0,500,50000,-6,-49010,43739888,20,51028,-91010816
19:58:46.931,0,0.4,1,0,0,500,50000,17,-40026,43739732,79,48464,-91010568
19:58:46.936,0,0.8,1,0,0,500,50000,-15,-34991,43739620,53,52799,-91010368
19:58:46.941,0,0.7,1,0,0,500,50000,3,-40740,43739404,152,44123,-91010168
19:58:46.946,0,0.4,1,0,0,500,50000,-2,-46295,43739124,79,51552,-91009904
19:58:46.952,0,0.0,1,0,0,500,50000,-23,-48328,43738884,73,47920,-91009664
19:58:46.957,0,-0.6,1,0,0,500,50000,-1,-47904,43738608,122,47752,-91009400
19:58:46.962,0,-0.9,1,0,0,500,50000,6,-49071,43738380,9,50739,-91009152
19:58:46.967,0,-1.1,1,0,0,500,50000,-26,-54829,43738068,182,49207,-91008896
19:58:46.972,0,-1.1,1,0,0,500,50000,22,-61464,43737764,38,53314,-91008640
19:58:46.977,0,-1.0,1,0,0,500,50000,-42,-60174,43737436,25,47479,-91008408
19:58:46.982,0,-0.8,1,0,0,500,50000,0,-53935,43737216,25,53503,-91008096
19:58:46.987,0,-0.6,1,0,0,500,50000,244,-50041,43736964,107,44047,-91007944
19:58:46.992,0,-0.4,1,0,0,500,50000,43,-45351,43736740,15,53297,-91007608
19:58:46.997,0,-0.2,1,0,0,500,50000,-21,-45858,43736524,97,45080,-91007440
19:58:47.002,0,-0.2,1,0,0,500,50000,-6,-40399,43736328,1,55200,-91007104
19:58:47.007,0,-0.4,1,0,0,500,50000,27,-39312,43736140,160,44398,-91006912
19:58:47.012,0,-0.8,1,0,0,500,50000,19,-41283,43735940,-10,53699,-91006640
19:58:47.017,0,-1.3,1,0,0,500,50000,2,-51723,43735620,190,46804,-91006416
19:58:47.022,0,-1.8,1,0,0,500,50000,-2,-52837,43735364,51,50184,-91006136
19:58:47.027,0,-2.1,1,0,0,500,50000,-18,-58023,43735016,86,47587,-91005896
19:58:47.032,0,-2.2,1,0,0,500,50000,-16,-53456,43734784,64,51965,-91005640
19:58:47.037,0,-2.2,1,0,0,500,50000,6,-56631,43734452,106,49672,-91005392
19:58:47.042,0,-1.9,1,0,0,500,50000,5,-59180,43734164,-25,52539,-91005112
19:58:47.048,0,-1.6,1,0,0,500,50000,8,-57364,43733892,65,50842,-91004896
19:58:47.053,0,-1.1,1,0,0,500,50000,0,-48077,43733664,45,50623,-91004632
19:58:47.058,0,-0.6,1,0,0,500,50000,34,-41290,43733496,92,47867,-91004392
19:58:47.063,0,-0.3,1,0,0,500,50000,3,-40657,43733308,88,48046,-91004128
19:58:47.068,0,-0.1,1,0,0,500,50000,30,-39235,43733108,50,49789,-91003920
19:58:47.073,0,-0.2,1,0,0,500,50000,-5,-42789,43732900,110,47634,-91003672
19:58:47.078,0,-0.5,1,0,0,500,50000,0,-46770,43732620,107,51695,-91003384
19:58:47.083,0,-1.0,1,0,0,500,50000,-8,-45987,43732404,62,48232,-91003192
19:58:47.088,0,-1.9,1,0,0,500,50000,3,-44883,43732196,130,47556,-91002928
19:58:47.093,0,-2.2,1,0,0,500,50000,15,-44347,43731956,93,50423,-91002656
19:58:47.098,0,-2.3,1,0,0,500,50000,14,-45951,43731732,97,47872,-91002448
19:58:47.103,0,-2.4,1,0,0,500,50000,-11,-48251,43731464,73,46091,-91002208
19:58:47.108,0,-2.4,1,0,0,500,50000,-11,-47856,43731204,143,46645,-91001984
19:58:47.113,0,-2.4,1,0,0,500,50000,55,-54524,43730932,79,50126,-91001696
19:58:47.118,0,-2.2,1,0,0,500,50000,2,-57840,43730604,99,51942,-91001424
19:58:47.123,0,-1.9,1,0,0,500,50000,8,-56219,43730348,53,49536,-91001200
19:58:47.128,0,-1.5,1,0,0,500,50000,9,-41693,43730176,57,49999,-91000936
19:58:47.133,0,-1.2,1,0,0,500,50000,-24,-34221,43730052,115,45805,-91000736
19:58:47.139,0,-1.1,1,0,0,500,50000,-32,-26171,43729944,87,47908,-91000472
19:58:47.144,0,-1.3,1,0,0,500,50000,-9,-29311,43729796,158,46419,-91000232
19:58:47.149,0,-1.9,1,0,0,500,50000,16,-45453,43729488,31,49990,-90999992
19:58:47.154,0,-2.5,1,0,0,500,50000,3,-53971,43729196,47,50491,-90999744
19:58:47.159,0,-2.9,1,0,0,500,50000,-9,-55637,43728876,133,47333,-90999488
19:58:47.164,0,-2.9,1,0,0,500,50000,0,-49689,43728660,53,52391,-90999184
19:58:47.169,0,-2.6,1,0,0,500,50000,19,-46702,43728452,126,47491,-90999000
19:58:47.174,0,-2.2,1,0,0,500,50000,56,-45877,43728200,100,51295,-90998736
19:58:47.179,0,-2.0,1,0,0,500,50000,0,-43769,43728008,139,43443,-90998512
19:58:47.184,0,-2.0,1,0,0,500,50000,16,-40640,43727832,62,51709,-90998216
19:58:47.189,0,-2.2,1,0,0,500,50000,37,-44139,43727576,198,46367,-90998040
19:58:47.194,0,-2.4,1,0,0,500,50000,-55,-50077,43727316,104,48265,-90997768
19:58:47.199,0,-2.5,1,0,0,500,50000,8,-58566,43726952,45,53421,-90997480
19:58:47.204,0,-2.5,1,0,0,500,50000,-55,-60231,43726656,62,46313,-90997296
19:58:47.209,0,-2.2,1,0,0,500,50000,-16,-52443,43726440,40,52953,-90997000
19:58:47.215,0,-1.8,1,0,0,500,50000,6,-43746,43726228,169,45241,-90996784
19:58:47.220,0,-1.6,1,0,0,500,50000,-7,-39506,43726060,113,48453,-90996560
19:58:47.225,0,-1.5,1,0,0,500,50000,18,-40081,43725836,161,43791,-90996328
19:58:47.230,0,-1.6,1,0,0,500,50000,9,-44220,43725604,43,52924,-90996016
19:58:47.235,0,-1.9,1,0,0,500,50000,-4,-48324,43725332,238,41039,-90995872
19:58:47.240,0,-2.2,1,0,0,500,50000,71,-47912,43725128,85,54939,-90995512
19:58:47.245,0,-2.4,1,0,0,500,50000,-2,-53095,43724820,164,47651,-90995312
19:58:47.250,0,-2.5,1,0,0,500,50000,169,-56450,43724548,-1,53156,-90995032
19:58:47.255,0,-2.5,1,0,0,500,50000,-49,-48382,43724308,132,47052,-90994832
19:58:47.260,0,-2.4,1,0,0,500,50000,3,-35303,43724196,86,46775,-90994600
19:58:47.265,0,-2.5,1,0,0,500,50000,-50,-25088,43724100,52,50801,-90994344
19:58:47.270,0,-2.8,1,0,0,500,50000,-20,-26983,43723952,317,38842,-90994160
19:58:47.275,0,-3.4,1,0,0,500,50000,62,-41952,43723672,124,47523,-90993856
19:58:47.280,0,-4.0,1,0,0,500,50000,-6,-61932,43723300,-25,53854,-90993560
19:58:47.286,0,-4.5,1,0,0,500,50000,-21,-77274,43722804,133,45300,-90993392
19:58:47.291,0,-4.5,1,0,0,500,50000,4,-81281,43722404,-11,55185,-90993072
19:58:47.296,0,-3.9,1,0,0,500,50000,-1,-81240,43722012,128,48650,-90992888
19:58:47.301,0,-2.9,1,0,0,500,50000,-38,-68738,43721736,-26,54427,-90992592
19:58:47.306,0,-1.7,1,0,0,500,50000,-6,-49609,43721520,34,48328,-90992400
19:58:47.311,0,-0.8,1,0,0,500,50000,-3,-31835,43721440,13,51866,-90992120
19:58:47.316,0,-0.3,1,0,0,500,50000,95,-23317,43721368,160,42866,-90991920
19:58:47.321,0,-0.4,1,0,0,500,50000,24,-21771,43721252,36,53484,-90991600
19:58:47.326,0,-1.1,1,0,0,500,50000,9,-35728,43721028,218,41291,-90991472
19:58:47.331,0,-2.0,1,0,0,500,50000,8,-48845,43720708,82,49756,-90991168
19:58:47.336,0,-3.0,1,0,0,500,50000,-1,-56630,43720408,110,49688,-90990920
19:58:47.341,0,-3.6,1,0,0,500,50000,-13,-59469,43720112,103,49009,-90990696
19:58:47.346,0,-3.8,1,0,0,500,50000,15,-59502,43719780,120,48024,-90990464
19:58:47.351,0,-3.6,1,0,0,500,50000,-38,-60389,43719496,27,47304,-90990184
19:58:47.356,0,-3.1,1,0,0,500,50000,1,-59324,43719160,119,48361,-90989976
19:58:47.361,0,-2.6,1,0,0,500,50000,-4,-59431,43718884,66,48483,-90989696
19:58:47.366,0,-2.2,1,0,0,500,50000,-18,-57482,43718576,111,50541,-90989432
19:58:47.371,0,-1.7,1,0,0,500,50000,5,-52695,43718352,79,48601,-90989208
19:58:47.377,0,-1.4,1,0,0,500,50000,-11,-39621,43718180,17,50095,-90988944
19:58:47.382,0,-1.2,1,0,0,500,50000,-22,-28206,43718100,78,45882,-90988752
19:58:47.387,0,-1.2,2,0,0,500,50000,12,-18746,43718036,103,49787,-90988472
19:58:47.392,0,-1.5,2,0,0,500,50000,0,-21211,43717932,224,42617,-90988264
19:58:47.397,0,-2.3,2,0,0,500,50000,28,-30323,43717748,103,49555,-90988016
19:58:47.402,0,-3.3,2,0,0,500,50000,-14,-45585,43717448,166,45677,-90987792
19:58:47.407,0,-4.3,2,0,0,500,50000,64,-56557,43717140,190,45076,-90987536
19:58:47.412,0,-4.9,2,0,0,500,50000,-18,-58446,43716812,61,52702,-90987280
19:58:47.417,0,-5.0,2,0,0,500,50000,0,-62021,43716500,110,45898,-90987072
19:58:47.422,0,-4.6,2,0,0,500,50000,43,-64445,43716200,144,50701,-90986776
19:58:47.427,0,-3.9,2,0,0,500,50000,-6,-61232,43715860,111,48091,-90986568
19:58:47.432,0,-3.2,2,0,0,500,50000,-9,-52976,43715544,42,49754,-90986248
19:58:47.437,0,-2.5,2,0,0,500,50000,4,-43345,43715380,65,48602,-90985992
19:58:47.442,0,-2.0,2,0,0,500,50000,90,-40422,43715208,149,48550,-90985784
19:58:47.447,0,-1.6,2,0,0,500,50000,15,-42183,43714968,32,52423,-90985512
19:58:47.452,0,-1.5,2,0,0,500,50000,-30,-44839,43714748,206,43673,-90985296
19:58:47.457,0,-1.6,2,0,0,500,50000,60,-46039,43714564,40,55411,-90985024
19:58:47.462,0,-1.8,2,0,0,500,50000,-25,-46287,43714296,185,41305,-90984888
19:58:47.467,0,-2.0,2,0,0,500,50000,-3,-44145,43714100,57,53286,-90984552
19:58:47.473,0,-2.2,2,0,0,500,50000,60,-44185,43713892,228,41634,-90984384
19:58:47.478,0,-2.3,2,0,0,500,50000,17,-46218,43713632,36,51450,-90984056
19:58:47.483,0,-2.5,2,0,0,500,50000,-65,-47816,43713404,230,44815,-90983912
19:58:47.488,0,-2.7,2,0,0,500,50000,3,-52671,43713104,162,42097,-90983648
19:58:47.493,0,-2.9,2,0,0,500,50000,-12,-55949,43712828,-25,58885,-90983304
19:58:47.498,0,-3.0,2,0,0,500,50000,0,-68377,43712452,150,40190,-90983192
19:58:47.503,0,-2.8,2,0,0,500,50000,-21,-73004,43712040,-14,58291,-90982800
19:58:47.508,0,-2.5,2,0,0,500,50000,-13,-58854,43711764,134,43839,-90982672
19:58:47.513,0,-1.9,2,0,0,500,50000,7,-42997,43711632,51,54243,-90982344
19:58:47.518,0,-1.0,2,0,0,500,50000,1,-32907,43711500,209,42333,-90982152
19:58:47.523,0,-1.0,2,0,0,500,50000,18,-27742,43711396,71,50587,-90981896
19:58:47.528,0,-1.4,2,0,0,500,50000,-12,-34002,43711188,146,46394,-90981664
19:58:47.533,0,-2.1,2,0,0,500,50000,-35,-44539,43710932,99,49062,-90981440
19:58:47.538,0,-2.7,2,0,0,500,50000,-22,-60087,43710540,93,50917,-90981160
19:58:47.543,0,-3.1,2,0,0,500,50000,-19,-63359,43710232,113,47022,-90980920
19:58:47.548,0,-3.0,2,0,0,500,50000,14,-67033,43709844,97,53522,-90980656
19:58:47.553,0,-2.6,2,0,0,500,50000,6,-61755,43709572,69,47996,-90980432
19:58:47.558,0,-2.1,2,0,0,500,50000,-9,-57782,43709272,25,51971,-90980136
19:58:47.563,0,-1.5,2,0,0,500,50000,-2,-53037,43709052,121,46174,-90979912
19:58:47.569,0,-1.1,2,0,0,500,50000,0,-49437,43708840,0,50208,-90979672
19:58:47.574,0,-0.9,2,0,0,500,50000,38,-48655,43708576,71,49318,-90979408
19:58:47.579,0,-0.7,2,0,0,500,50000,8,-47883,43708352,74,50131,-90979144
19:58:47.584,0,-0.7,2,0,0,500,50000,74,-48294,43708088,101,47526,-90978944
19:58:47.589,0,-0.7,2,0,0,500,50000,22,-50302,43707848,96,47787,-90978688
19:58:47.594,0,-0.8,2,0,0,500,50000,-14,-53329,43707588,95,46712,-90978440
19:58:47.599,0,-0.9,2,0,0,500,50000,18,-57571,43707256,70,50988,-90978200
19:58:47.604,0,-1.0,2,0,0,500,50000,-14,-59625,43706972,136,47379,-90977944
19:58:47.609,0,-1.1,2,0,0,500,50000,-92,-53867,43706692,73,50246,-90977664
19:58:47.614,0,-1.1,2,0,0,500,50000,15,-52808,43706440,93,49346,-90977416
19:58:47.619,0,-1.1,2,0,0,500,50000,24,-49109,43706228,125,48319,-90977200
19:58:47.624,0,-1.1,2,0,0,500,50000,-12,-41853,43706020,118,50487,-90976928
19:58:47.629,0,-1.2,2,0,0,500,50000,1,-36358,43705872,200,45082,-90976704
19:58:47.634,0,-1.5,2,0,0,500,50000,-1,-35277,43705688,128,49969,-90976456
19:58:47.639,0,-1.9,2,0,0,500,50000,18,-45924,43705376,99,46542,-90976168
19:58:47.644,0,-2.4,2,0,0,500,50000,12,-58534,43705056,80,50182,-90975928
19:58:47.649,0,-2.7,2,0,0,500,50000,6,-72487,43704612,41,48712,-90975664
19:58:47.654,0,-2.7,2,0,0,500,50000,-8,-74386,43704260,11,51710,-90975416
19:58:47.659,0,-2.3,2,0,0,500,50000,-149,-71526,43703876,78,47508,-90975176
19:58:47.665,0,-1.6,2,0,0,500,50000,-10,-64796,43703660,16,51006,-90974928
19:58:47.670,0,-0.8,2,0,0,500,50000,-16,-48042,43703460,24,48822,-90974720
19:58:47.675,0,-0.2,2,0,0,500,50000,2,-33821,43703360,50,50730,-90974440
19:58:47.680,0,0.0,2,0,0,500,50000,2,-24608,43703284,179,46662,-90974208
19:58:47.685,0,-0.3,2,0,0,500,50000,45,-28003,43703124,80,48316,-90973992
19:58:47.690,0,-1.0,2,0,0,500,50000,14,-35102,43702932,69,49495,-90973728
19:58:47.695,0,-1.8,2,0,0,500,50000,7,-51280,43702580,83,47860,-90973472
19:58:47.700,0,-2.4,2,0,0,500,50000,-2,-58387,43702276,92,49000,-90973256
19:58:47.705,0,-2.7,2,0,0,500,50000,-1,-63210,43701960,84,48049,-90973000
19:58:47.710,0,-2.5,2,0,0,500,50000,-9,-70119,43701540,66,52201,-90972720
19:58:47.715,0,-2.1,2,0,0,500,50000,0,-72611,43701192,81,51645,-90972432
19:58:47.720,0,-1.4,2,0,0,500,50000,-16,-71883,43700792,60,52272,-90972208
19:58:47.725,0,-0.6,2,0,0,500,50000,-1,-64997,43700520,3,51758,-90971936
19:58:47.730,0,0.0,2,0,0,500,50000,17,-52548,43700268,31,50157,-90971680
19:58:47.735,0,0.6,2,0,0,500,50000,3,-44096,43700096,36,48315,-90971472
19:58:47.740,0,1.0,2,0,0,500,50000,3,-36035,43699964,113,48825,-90971208
19:58:47.745,0,1.1,2,0,0,500,50000,-1,-29607,43699824,121,49979,-90970944
19:58:47.750,0,0.9,2,0,0,500,50000,-8,-27150,43699708,116,47567,-90970704
19:58:47.756,0,0.3,2,0,0,500,50000,1,-30441,43699536,128,47758,-90970488
19:58:47.761,0,-0.3,2,0,0,500,50000,2,-35217,43699348,110,46608,-90970232
19:58:47.766,0,-1.1,2,0,0,500,50000,9,-46682,43699092,137,49643,-90969960
19:58:47.771,0,-1.8,2,0,0,500,50000,1,-55847,43698756,83,49008,-90969744
19:58:47.776,0,-2.2,2,0,0,500,50000,20,-61247,43698404,117,49184,-90969472
19:58:47.781,0,-2.2,2,0,0,500,50000,20,-65903,43698080,92,51503,-90969232
19:58:47.786,0,-2.0,2,0,0,500,50000,-14,-70967,43697672,22,48172,-90968976
19:58:47.791,0,-1.4,2,0,0,500,50000,-3,-67462,43697380,9,54741,-90968656
19:58:47.796,0,-0.7,2,0,0,500,50000,-44,-53350,43697136,81,46183,-90968432
19:58:47.801,0,0.0,2,0,0,500,50000,-22,-35466,43697004,12,54765,-90968144
19:58:47.806,0,0.5,2,0,0,500,50000,0,-28931,43696888,139,40120,-90967968
19:58:47.811,0,0.8,2,0,0,500,50000,16,-25127,43696784,28,55563,-90967656
19:58:47.816,0,0.7,2,0,0,500,50000,17,-28266,43696636,214,41671,-90967488
19:58:47.821,0,0.3,2,0,0,500,50000,14,-37986,43696388,-69,55570,-90967168
19:58:47.826,0,-0.2,2,0,0,500,50000,-11,-46370,43696128,182,45190,-90967000
19:58:47.831,0,-0.7,2,0,0,500,50000,53,-54415,43695712,177,40782,-90966640
19:58:47.836,0,-1.1,2,0,0,500,50000,73,-58934,43695420,-32,60959,-90966248
19:58:47.841,0,-1.2,2,0,0,500,50000,16,-57216,43695116,174,39516,-90966168
19:58:47.847,0,-1.1,2,0,0,500,50000,-9,-56505,43694948,100,53176,-90965936
19:58:47.852,0,-0.8,2,0,0,500,50000,20,-52863,43694724,139,42632,-90965712
19:58:47.857,0,-0.5,2,0,0,500,50000,-3,-56253,43694408,-19,56513,-90965424
19:58:47.862,0,-0.2,2,0,0,500,50000,-47,-60868,43694100,104,43464,-90965208
19:58:47.867,0,0.0,2,0,0,500,50000,9,-61263,43693748,-88,61894,-90964832
19:58:47.872,0,0.3,2,0,0,500,50000,-34,-59812,43693476,114,41061,-90964680
19:58:47.877,0,0.6,2,0,0,500,50000,-11,-53528,43693244,-60,58284,-90964368
19:58:47.882,0,0.9,2,0,0,500,50000,-5,-43769,43693032,38,46170,-90964144
19:58:47.887,0,1.1,2,0,0,500,50000,-4,-35000,43692900,-22,53726,-90963848
19:58:47.892,0,1.3,2,0,0,500,50000,-26,-24234,43692812,71,47010,-90963648
19:58:47.897,0,1.3,2,0,0,500,50000,14,-20490,43692740,47,51575,-90963376
19:58:47.902,0,1.0,2,0,0,500,50000,8,-26175,43692564,249,41445,-90963176
19:58:47.907,0,0.5,2,0,0,500,50000,0,-37304,43692376,69,55070,-90962880
19:58:47.912,0,-0.2,2,0,0,500,50000,-20,-53886,43692016,162,42632,-90962696
19:58:47.917,0,-1.0,2,0,0,500,50000,-29,-64294,43691676,-58,57373,-90962368
19:58:47.922,0,-1.6,2,0,0,500,50000,-15,-65254,43691316,80,45886,-90962176
19:58:47.927,0,-1.7,2,0,0,500,50000,33,-61940,43691000,11,54469,-90961840
19:58:47.932,0,-1.4,2,0,0,500,50000,0,-60566,43690728,105,45433,-90961688
19:58:47.937,0,-0.9,2,0,0,500,50000,32,-55785,43690440,-43,55588,-90961352
19:58:47.943,0,-0.4,2,0,0,500,50000,-21,-53214,43690196,51,47197,-90961176
19:58:47.948,0,-0.1,2,0,0,500,50000,-15,-51231,43689972,-27,55695,-90960864
19:58:47.953,0,0.0,2,0,0,500,50000,-2,-49384,43689700,35,49590,-90960608
19:58:47.958,0,0.1,2,0,0,500,50000,9,-50242,43689416,-5,50196,-90960344
19:58:47.963,0,0.1,2,0,0,500,50000,12,-49014,43689192,74,49722,-90960080
19:58:47.968,0,0.0,2,0,0,500,50000,0,-46731,43688932,96,49974,-90959872
19:58:47.973,0,0.0,2,0,0,500,50000,35,-44478,43688724,57,49162,-90959600
19:58:47.978,0,0.0,2,0,0,500,50000,-47,-45545,43688504,91,47423,-90959408
19:58:47.983,0,-0.1,2,0,0,500,50000,21,-43607,43688316,36,51724,-90959112
19:58:47.988,0,-0.2,2,0,0,500,50000,8,-43608,43688072,146,48560,-90958872
19:58:47.993,0,-0.4,2,0,0,500,50000,37,-42575,43687868,2,52468,-90958568
19:58:47.998,0,-0.7,2,0,0,500,50000,107,-47127,43687628,97,47483,-90958392
19:58:48.003,0,-0.9,2,0,0,500,50000,13,-57158,43687276,-3,50775,-90958104
19:58:48.008,0,-1.0,2,0,0,500,50000,-12,-69787,43686896,94,51961,-90957848
19:58:48.013,0,-0.9,2,0,0,500,50000,4,-80317,43686404,40,52335,-90957600
19:58:48.018,0,-0.6,2,0,0,500,50000,-10,-81536,43686020,100,49549,-90957368
19:58:48.023,0,-0.1,2,0,0,500,50000,-82,-75217,43685632,5,51501,-90957064
19:58:48.028,0,0.4,2,0,0,500,50000,-38,-64258,43685376,108,48899,-90956872
19:58:48.034,0,0.9,2,0,0,500,50000,-35,-43304,43685220,-15,51479,-90956576
19:58:48.039,0,1.2,2,0,0,500,50000,18,-20658,43685220,101,49023,-90956320
19:58:48.044,0,1.1,2,0,0,500,50000,0,-8673,43685220,42,48632,-90956104
19:58:48.049,0,0.7,2,0,0,500,50000,49,-6093,43685204,102,47893,-90955848
19:58:48.054,0,0.0,2,0,0,500,50000,26,-15324,43685096,89,47109,-90955632
19:58:48.059,0,-1.0,2,0,0,500,50000,24,-30175,43684884,68,51711,-90955344
19:58:48.064,0,-1.9,2,0,0,500,50000,-25,-44882,43684612,185,43362,-90955144
19:58:48.069,0,-2.6,2,0,0,500,50000,5,-58839,43684240,38,55603,-90954840
19:58:48.074,0,-2.8,2,0,0,500,50000,15,-63454,43683932,146,42184,-90954656
19:58:48.079,0,-2.7,2,0,0,500,50000,10,-69810,43683524,-49,60031,-90954312
19:58:48.084,0,-2.2,2,0,0,500,50000,2,-78770,43683112,175,40427,-90954168
19:58:48.089,0,-1.5,2,0,0,500,50000,0,-80401,43682740,-172,61408,-90953752
19:58:48.094,0,-0.8,2,0,0,500,50000,-40,-76639,43682312,189,42977,-90953616
19:58:48.099,0,0.0,2,0,0,500,50000,19,-67123,43682024,-193,63258,-90953240
19:58:48.104,0,0.5,2,0,0,500,50000,-10,-53850,43681764,144,43575,-90953112
19:58:48.109,0,1.0,2,0,0,500,50000,-33,-37723,43681652,-16,58245,-90952736
19:58:48.114,0,1.2,2,0,0,500,50000,-12,-22264,43681612,188,39305,-90952640
19:58:48.119,0,1.1,2,0,0,500,50000,21,-8038,43681624,-73,59134,-90952240
19:58:48.125,0,0.6,2,0,0,500,50000,29,-8720,43681572,237,39305,-90952128
19:58:48.130,0,0.0,2,0,0,500,50000,25,-17876,43681452,38,49895,-90951784
19:58:48.135,0,-0.9,2,0,0,500,50000,2,-34139,43681216,219,44201,-90951640
19:58:48.140,0,-1.7,2,0,0,500,50000,22,-56179,43680864,80,47008,-90951328
19:58:48.145,0,-2.3,2,0,0,500,50000,-20,-67171,43680448,9,53563,-90951048
19:58:48.150,0,-2.4,2,0,0,500,50000,-20,-75134,43680068,101,45395,-90950816
19:58:48.155,0,-2.1,2,0,0,500,50000,-3,-79543,43679608,-63,52893,-90950560
19:58:48.160,0,-1.3,2,0,0,500,50000,-39,-77801,43679188,77,45863,-90950312
19:58:48.165,0,-0.4,2,0,0,500,50000,-19,-73751,43678864,25,54816,-90949984
19:58:48.170,0,0.3,2,0,0,500,50000,-27,-60808,43678584,-7,52368,-90949752
19:58:48.175,0,1.0,2,0,0,500,50000,-38,-47956,43678420,74,47451,-90949528
19:58:48.180,0,1.4,2,0,0,500,50000,-64,-28349,43678344,43,53501,-90949256
19:58:48.185,0,1.5,2,0,0,500,50000,14,-14136,43678344,116,44589,-90949056
19:58:48.190,0,1.2,2,0,0,500,50000,-5,-8676,43678324,65,51124,-90948792
19:58:48.195,0,0.5,2,0,0,500,50000,-13,-15388,43678232,149,44743,-90948576
19:58:48.200,0,-0.4,2,0,0,500,50000,-19,-28135,43678036,103,50236,-90948280
19:58:48.205,0,-1.5,2,0,0,500,50000,15,-41412,43677792,137,46194,-90948096
19:58:48.210,0,-2.5,2,0,0,500,50000,32,-56251,43677428,37,51050,-90947792
19:58:48.216,0,-3.1,2,0,0,500,50000,1,-70164,43677056,54,50730,-90947528
19:58:48.221,0,-3.2,2,0,0,500,50000,-17,-72483,43676628,13,51859,-90947304
19:58:48.226,0,-2.9,2,0,0,500,50000,1,-73107,43676280,98,50443,-90947040
19:58:48.231,0,-2.2,2,0,0,500,50000,-9,-74365,43675924,14,52695,-90946752
19:58:48.236,0,-1.3,2,0,0,500,50000,-12,-69839,43675552,65,54274,-90946520
19:58:48.241,0,-0.4,2,0,0,500,50000,9,-62346,43675288,4,50827,-90946264
19:58:48.246,0,0.2,2,0,0,500,50000,-27,-51275,43675044,-15,50363,-90946000
19:58:48.251,0,0.7,2,0,0,500,50000,19,-42506,43674876,50,49583,-90945728
19:58:48.256,0,0.9,2,0,0,500,50000,-43,-36905,43674728,98,48601,-90945528
19:58:48.261,0,0.8,2,0,0,500,50000,7,-34521,43674544,87,48185,-90945264
19:58:48.266,0,0.4,2,0,0,500,50000,-16,-34700,43674376,51,49397,-90945008
19:58:48.271,0,0.0,2,0,0,500,50000,21,-39116,43674136,85,48031,-90944800
19:58:48.276,0,-0.7,2,0,0,500,50000,13,-47041,43673880,173,48483,-90944552
19:58:48.281,0,-1.2,2,0,0,500,50000,4,-54934,43673588,116,50144,-90944272
19:58:48.286,0,-1.5,2,0,0,500,50000,-11,-56993,43673252,49,50544,-90944040
19:58:48.291,0,-1.6,2,0,0,500,50000,-33,-55292,43673012,25,48923,-90943792
19:58:48.296,0,-1.4,2,0,0,500,50000,-10,-54084,43672724,39,51504,-90943504
19:58:48.301,0,-1.1,2,0,0,500,50000,8,-59087,43672444,0,51369,-90943272
19:58:48.307,0,-0.8,2,0,0,500,50000,52,-57363,43672140,86,52661,-90943008
19:58:48.312,0,-0.5,2,0,0,500,50000,0,-54226,43671864,45,50055,-90942792
19:58:48.317,0,-0.2,2,0,0,500,50000,-4,-48629,43671668,29,50482,-90942520
19:58:48.322,0,0.0,2,0,0,500,50000,27,-48388,43671408,34,46664,-90942264
19:58:48.327,0,0.0,2,0,0,500,50000,79,-48564,43671184,49,51336,-90942024
19:58:48.332,0,0.0,2,0,0,500,50000,-13,-47793,43670932,98,46676,-90941776
19:58:48.337,0,-0.1,2,0,0,500,50000,-5,-44443,43670736,65,50946,-90941536
19:58:48.342,0,-0.3,2,0,0,500,50000,-3,-40553,43670456,113,49108,-90941184
19:58:48.347,0,-0.6,2,0,0,500,50000,-3,-40695,43670260,85,48441,-90940976
19:58:48.352,0,-0.9,2,0,0,500,50000,2,-44106,43670036,59,49035,-90940704
19:58:48.357,0,-1.3,2,0,0,500,50000,5,-44508,43669788,149,49525,-90940448
19:58:48.362,0,-1.6,2,0,0,500,50000,-1,-46461,43669556,107,48906,-90940232
19:58:48.367,0,-1.8,2,0,0,500,50000,-26,-46153,43669384,78,47226,-90940040
19:58:48.372,0,-2.0,2,0,0,500,50000,12,-54121,43669100,61,50807,-90939800
19:58:48.377,0,-2.0,2,0,0,500,50000,43,-62019,43668724,144,49075,-90939544
19:58:48.382,0,-1.9,2,0,0,500,50000,-8,-69819,43668356,8,53467,-90939240
19:58:48.387,0,-1.6,2,0,0,500,50000,51,-73223,43668004,22,49492,-90938992
19:58:48.393,0,-1.1,2,0,0,500,50000,-13,-66766,43667648,2,51952,-90938760
19:58:48.398,0,-0.5,2,0,0,500,50000,-33,-60705,43667380,64,46336,-90938520
19:58:48.403,0,0.1,2,0,0,500,50000,-38,-48682,43667140,16,53237,-90938208
19:58:48.408,0,0.6,2,0,0,500,50000,-7,-36162,43667020,34,52116,-90937992
19:58:48.413,0,1.0,2,0,0,500,50000,-16,-22348,43666972,70,46665,-90937760
19:58:48.418,0,1.0,2,0,0,500,50000,31,-18992,43666896,55,47587,-90937496
19:58:48.423,0,0.6,2,0,0,500,50000,16,-26555,43666740,112,47453,-90937288
19:58:48.428,0,0.0,2,0,0,500,50000,2,-42358,43666452,78,49876,-90937008
19:58:48.433,0,-0.8,2,0,0,500,50000,-46,-53490,43666152,8,49103,-90936744
19:58:48.438,0,-1.9,2,0,0,500,50000,-11,-54696,43665844,37,49549,-90936520
19:58:48.443,0,-1.8,2,0,0,500,50000,8,-51632,43665620,82,47529,-90936264
19:58:48.448,0,-1.5,2,0,0,500,50000,-5,-50665,43665352,91,51279,-90936008
19:58:48.453,0,-1.1,2,0,0,500,50000,77,-50597,43665116,43,49511,-90935752
19:58:48.458,0,-0.8,2,0,0,500,50000,-8,-49677,43664848,1,52192,-90935456
19:58:48.463,0,-0.7,2,0,0,500,50000,0,-45031,43664624,93,48256,-90935264
19:58:48.468,0,-0.6,2,0,0,500,50000,4,-43716,43664420,63,51255,-90934976
19:58:48.473,0,-0.7,2,0,0,500,50000,11,-42613,43664196,111,47292,-90934744
19:58:48.478,0,-0.7,2,0,0,500,50000,-11,-46405,43663956,-5,53153,-90934488
19:58:48.484,0,-0.8,2,0,0,500,50000,-8,-48814,43663684,72,50436,-90934232
19:58:48.489,0,-0.8,2,0,0,500,50000,1,-48003,43663460,8,50649,-90933960
19:58:48.494,0,-0.8,2,0,0,500,50000,-2,-44016,43663264,-4,50683,-90933744
19:58:48.499,0,-0.8,2,0,0,500,50000,3,-44059,43663020,50,50111,-90933480
19:58:48.504,0,-0.8,2,0,0,500,50000,2,-44717,43662804,9,49668,-90933216
19:58:48.509,0,-0.8,2,0,0,500,50000,2,-48578,43662552,47,51061,-90932944
19:58:48.514,0,-0.8,2,0,0,500,50000,-4,-46740,43662300,74,47739,-90932760
19:58:48.519,0,-0.9,2,0,0,500,50000,-14,-43822,43662100,48,51245,-90932472
19:58:48.524,0,-1.0,2,0,0,500,50000,-10,-46805,43661828,148,48489,-90932232
19:58:48.529,0,-1.1,2,0,0,500,50000,-49,-53999,43661540,23,53832,-90931976
19:58:48.534,0,-1.1,2,0,0,500,50000,-32,-59191,43661232,53,48548,-90931752
19:58:48.539,0,-0.9,2,0,0,500,50000,35,-59113,43660896,29,51779,-90931448
19:58:48.544,0,-0.6,2,0,0,500,50000,-3,-54264,43660660,74,51256,-90931192
19:58:48.549,0,-0.2,2,0,0,500,50000,17,-49060,43660404,-20,54098,-90930944
19:58:48.554,0,0.1,2,0,0,500,50000,-20,-43704,43660216,89,46773,-90930720
19:58:48.559,0,0.3,2,0,0,500,50000,-13,-37646,43660064,50,54480,-90930448
19:58:48.564,0,0.2,2,0,0,500,50000,-3,-38706,43659852,132,44319,-90930256
19:58:48.570,0,-0.2,2,0,0,500,50000,22,-42035,43659620,93,49335,-90929960
19:58:48.575,0,-0.7,2,0,0,500,50000,-4,-50124,43659356,129,47378,-90929760
19:58:48.580,0,-1.3,2,0,0,500,50000,-8,-61909,43658976,56,52329,-90929448
19:58:48.585,0,-1.6,2,0,0,500,50000,-20,-63749,43658676,115,46218,-90929272
19:58:48.590,0,-1.6,2,0,0,500,50000,-43,-59070,43658380,37,52982,-90928952
19:58:48.595,0,-1.4,2,0,0,500,50000,19,-56598,43658128,120,47882,-90928728
19:58:48.600,0,-0.9,2,0,0,500,50000,5,-54006,43657844,10,54130,-90928440
19:58:48.605,0,-0.5,2,0,0,500,50000,-38,-51443,43657616,85,46887,-90928224
19:58:48.610,0,-0.2,2,0,0,500,50000,6,-46604,43657376,145,50908,-90927928
19:58:48.615,0,-0.1,2,0,0,500,50000,20,-42216,43657188,80,45404,-90927760
19:58:48.620,0,-0.2,2,0,0,500,50000,15,-46037,43656924,56,49978,-90927464
19:58:48.625,0,-0.4,2,0,0,500,50000,6,-47499,43656688,171,47748,-90927216
19:58:48.630,0,-0.7,2,0,0,500,50000,6,-48857,43656460,8,51749,-90926976
19:58:48.635,0,-1.0,2,0,0,500,50000,-10,-52688,43656144,127,45747,-90926760
19:58:48.640,0,-1.2,2,0,0,500,50000,35,-55766,43655880,65,48406,-90926472
19:58:48.645,0,-1.3,2,0,0,500,50000,-6,-56438,43655604,44,51317,-90926192
19:58:48.650,0,-1.2,2,0,0,500,50000,-67,-58351,43655268,51,48829,-90925984
19:58:48.656,0,-1.1,2,0,0,500,50000,13,-52014,43655048,66,48035,-90925728
19:58:48.661,0,-0.9,2,0,0,500,50000,-9,-44504,43654836,115,46952,-90925488
19:58:48.666,0,-0.8,2,0,0,500,50000,22,-44305,43654632,108,49326,-90925208
19:58:48.671,0,-0.8,2,0,0,500,50000,34,-52634,43654356,71,48976,-90925000
19:58:48.676,0,-0.9,2,0,0,500,50000,14,-59392,43654004,27,51214,-90924712
19:58:48.681,0,-1.0,2,0,0,500,50000,-25,-58854,43653724,67,50471,-90924456
19:58:48.686,0,-0.9,2,0,0,500,50000,-14,-53585,43653444,112,50386,-90924224
19:58:48.691,0,-0.7,2,0,0,500,50000,-19,-47145,43653252,60,48916,-90923976
19:58:48.696,0,-0.5,2,0,0,500,50000,17,-38508,43653076,52,51751,-90923736
19:58:48.701,0,-0.3,2,0,0,500,50000,-25,-34178,43652936,31,49471,-90923488
19:58:48.706,0,-0.4,2,0,0,500,50000,12,-33207,43652736,129,45054,-90923256
19:58:48.711,0,-0.8,2,0,0,500,50000,19,-35711,43652564,76,52459,-90922952
19:58:48.716,0,-1.4,2,0,0,500,50000,-4,-38756,43652340,146,48428,-90922728
19:58:48.721,0,-2.0,2,0,0,500,50000,0,-48052,43652080,74,50215,-90922480
19:58:48.726,0,-2.4,2,0,0,500,50000,20,-57011,43651736,75,52053,-90922216
19:58:48.731,0,-2.6,2,0,0,500,50000,-31,-57543,43651468,76,45083,-90922032
19:58:48.736,0,-2.6,2,0,0,500,50000,-11,-51305,43651260,86,48827,-90921808
19:58:48.742,0,-2.3,2,0,0,500,50000,-72,-48734,43650996,73,46060,-90921552
19:58:48.747,0,-2.0,2,0,0,500,50000,31,-53124,43650724,-13,54611,-90921240
19:58:48.752,0,-1.6,2,0,0,500,50000,14,-60026,43650412,96,45264,-90921088
19:58:48.757,0,-1.4,2,0,0,500,50000,-9,-59227,43650084,2,54301,-90920760
19:58:48.762,0,-1.1,2,0,0,500,50000,-28,-54658,43649844,174,45248,-90920544
19:58:48.767,0,-0.8,2,0,0,500,50000,7,-46980,43649620,46,51596,-90920240
19:58:48.772,0,-0.4,2,0,0,500,50000,2,-48566,43649380,190,44319,-90920080
19:58:48.777,0,-0.1,2,0,0,500,50000,11,-47242,43649172,23,50857,-90919760
19:58:48.782,0,0.0,2,0,0,500,50000,3,-44278,43648936,100,46710,-90919536
19:58:48.787,0,-0.1,2,0,0,500,50000,27,-37380,43648788,55,48728,-90919304
19:58:48.792,0,-0.3,2,0,0,500,50000,37,-33535,43648620,134,44560,-90919072
19:58:48.797,0,-0.6,2,0,0,500,50000,20,-36697,43648444,64,50570,-90918776
19:58:48.802,0,-1.0,2,0,0,500,50000,-2,-43729,43648208,104,49516,-90918528
19:58:48.807,0,-1.5,2,0,0,500,50000,16,-51716,43647892,90,49636,-90918304
19:58:48.812,0,-1.9,2,0,0,500,50000,-20,-53126,43647636,79,46701,-90918072
19:58:48.817,0,-2.1,2,0,0,500,50000,-8,-58693,43647292,92,49379,-90917784
19:58:48.822,0,-2.0,2,0,0,500,50000,3,-59824,43647012,142,50940,-90917552
19:58:48.827,0,-1.7,2,0,0,500,50000,3,-58562,43646692,106,47525,-90917296
19:58:48.833,0,-1.2,2,0,0,500,50000,-8,-54725,43646452,48,53257,-90917040
19:58:48.838,0,-0.7,2,0,0,500,50000,5,-50876,43646188,87,45860,-90916816
19:58:48.843,0,-0.2,2,0,0,500,50000,33,-46560,43645988,2,51357,-90916512
19:58:48.848,0,0.0,2,0,0,500,50000,14,-41772,43645780,72,46098,-90916328
19:58:48.853,0,0.2,2,0,0,500,50000,82,-39839,43645612,30,51892,-90916024
19:58:48.858,0,0.1,2,0,0,500,50000,-7,-35661,43645428,121,45721,-90915792
19:58:48.863,0,-0.1,2,0,0,500,50000,-30,-37936,43645172,55,49746,-90915504
19:58:48.868,0,-0.6,2,0,0,500,50000,-4,-38753,43644952,145,45401,-90915272
19:58:48.873,0,-1.1,2,0,0,500,50000,-15,-43003,43644736,71,49715,-90914984
19:58:48.878,0,-2.2,2,0,0,500,50000,11,-47155,43644512,155,45592,-90914808
19:58:48.883,0,-2.6,2,0,0,500,50000,0,-52471,43644196,138,50479,-90914512
19:58:48.888,0,-2.8,2,0,0,500,50000,6,-55436,43643920,36,48638,-90914280
19:58:48.893,0,-2.8,2,0,0,500,50000,7,-60839,43643660,20,51369,-90914080
19:58:48.898,0,-2.6,2,0,0,500,50000,0,-70525,43643236,83,51704,-90913824
19:58:48.903,0,-2.1,2,0,0,500,50000,16,-78696,43642832,59,50545,-90913560
19:58:48.908,0,-1.3,2,0,0,500,50000,-4,-75632,43642424,54,49607,-90913344
19:58:48.914,0,-0.5,2,0,0,500,50000,-27,-68378,43642128,73,48786,-90913080
19:58:48.919,0,0.1,2,0,0,500,50000,-43,-58219,43641900,22,51113,-90912816
19:58:48.924,0,0.6,2,0,0,500,50000,-4,-42861,43641720,62,47529,-90912552
19:58:48.929,0,0.8,2,0,0,500,50000,14,-31006,43641624,93,47849,-90912368
19:58:48.934,0,0.4,2,0,0,500,50000,20,-25808,43641528,88,45027,-90912104
19:58:48.939,0,-0.2,2,0,0,500,50000,-5,-23469,43641420,97,53149,-90911808
19:58:48.944,0,-1.0,2,0,0,500,50000,-62,-30432,43641232,186,42605,-90911656
19:58:48.949,0,-1.9,2,0,0,500,50000,3,-46985,43640900,62,54235,-90911328
19:58:48.954,0,-2.5,2,0,0,500,50000,-31,-59950,43640560,261,38151,-90911176
19:58:48.959,0,-2.8,2,0,0,500,50000,-2,-61199,43640224,-5,58356,-90910824
19:58:48.964,0,-2.6,2,0,0,500,50000,-36,-62715,43639928,143,42102,-90910664
19:58:48.969,0,-2.1,2,0,0,500,50000,-4,-66154,43639556,-33,56143,-90910312
19:58:48.974,0,-1.5,2,0,0,500,50000,-28,-67999,43639236,141,43666,-90910168
19:58:48.980,0,-0.9,2,0,0,500,50000,14,-63477,43638908,-71,55836,-90909808
19:58:48.985,0,-0.5,2,0,0,500,50000,44,-60947,43638640,223,39725,-90909704
19:58:48.990,0,-0.1,2,0,0,500,50000,-1,-58662,43638344,-26,57461,-90909312
19:58:48.995,0,0.0,2,0,0,500,50000,11,-53085,43638120,142,42502,-90909160
19:58:49.000,0,0.0,2,0,0,500,50000,-6,-44591,43637904,-37,56842,-90908824
19:58:49.005,0,-0.1,2,0,0,500,50000,-2,-36612,43637764,185,43577,-90908672
19:58:49.010,0,-0.4,2,0,0,500,50000,-41,-28620,43637636,80,48664,-90908344
19:58:49.015,0,-0.9,2,0,0,500,50000,-3,-27587,43637504,83,49117,-90908160
19:58:49.020,0,-1.4,2,0,0,500,50000,12,-35423,43637316,124,44136,-90907912
19:58:49.025,0,-2.0,2,0,0,500,50000,7,-44545,43637028,-21,55458,-90907600
19:58:49.030,0,-2.5,2,0,0,500,50000,31,-52887,43636740,184,42929,-90907456
19:58:49.035,0,-2.8,2,0,0,500,50000,12,-57584,43636396,54,53306,-90907144
19:58:49.040,0,-2.7,2,0,0,500,50000,-3,-62883,43636076,166,45097,-90906936
19:58:49.045,0,-2.4,2,0,0,500,50000,-19,-68636,43635732,2,54623,-90906592
19:58:49.050,0,-1.8,2,0,0,500,50000,19,-68199,43635348,92,44345,-90906448
19:58:49.055,0,-1.0,2,0,0,500,50000,-4,-64978,43635048,-42,56196,-90906104
19:58:49.060,0,-0.3,2,0,0,500,50000,0,-57137,43634752,71,45554,-90905904
19:58:49.066,0,0.3,2,0,0,500,50000,3,-51976,43634532,4,54643,-90905624
19:58:49.071,0,0.7,2,0,0,500,50000,-25,-42525,43634372,162,47133,-90905416
19:58:49.076,0,0.8,2,0,0,500,50000,20,-36077,43634188,28,51618,-90905112
19:58:49.081,0,0.6,2,0,0,500,50000,-3,-37097,43634000,211,43452,-90904960
19:58:49.086,0,0.2,2,0,0,500,50000,1,-40976,43633740,-4,49979,-90904608
19:58:49.091,0,-0.2,2,0,0,500,50000,9,-39896,43633556,124,49622,-90904352
19:58:49.096,0,-0.7,2,0,0,500,50000,-23,-43413,43633308,17,48735,-90904128
19:58:49.101,0,-1.1,2,0,0,500,50000,-20,-39758,43633172,194,45038,-90903952
19:58:49.106,0,-1.3,2,0,0,500,50000,-2,-39558,43632964,100,44304,-90903680
19:58:49.111,0,-1.5,2,0,0,500,50000,73,-41075,43632772,135,49936,-90903440
19:58:49.116,0,-1.7,2,0,0,500,50000,-39,-47286,43632500,166,40070,-90903232
19:58:49.121,0,-1.9,2,0,0,500,50000,-8,-54777,43632180,-4,58394,-90902896
19:58:49.127,0,-2.0,2,0,0,500,50000,-77,-58824,43631892,191,37582,-90902752
19:58:49.132,0,-1.9,2,0,0,500,50000,-6,-58310,43631576,-127,62315,-90902312
19:58:49.132,0,-1.9,2,0,0,500,50000,-24,-56890,43631304,253,38003,-90902264
19:58:49.137,0,-1.6,2,0,0,500,50000,2,-50664,43631092,-66,60143,-90901824
19:58:49.142,0,-1.1,2,0,0,500,50000,0,-46613,43630836,176,45063,-90901688
19:58:49.147,0,-0.6,2,0,0,500,50000,10,-40772,43630680,8,56336,-90901368
19:58:49.152,0,-0.1,2,0,0,500,50000,-2,-31276,43630536,126,47456,-90901184
19:58:49.157,0,0.0,2,0,0,500,50000,14,-30075,43630404,94,43414,-90900936
19:58:49.162,0,0.0,2,0,0,500,50000,24,-31506,43630256,113,54083,-90900672
19:58:49.167,0,-0.2,2,0,0,500,50000,36,-42382,43629992,299,38108,-90900512
19:58:49.172,0,-0.7,2,0,0,500,50000,32,-52338,43629704,-5,55646,-90900136
19:58:49.177,0,-1.3,2,0,0,500,50000,-26,-58942,43629348,134,46232,-90899952
19:58:49.183,0,-1.8,2,0,0,500,50000,-7,-64019,43629028,-45,55502,-90899656
19:58:49.188,0,-2.0,2,0,0,500,50000,-4,-69287,43628676,53,51299,-90899440
19:58:49.193,0,-1.9,2,0,0,500,50000,41,-66936,43628312,39,47679,-90899152
19:58:49.198,0,-0.9,2,0,0,500,50000,7,-61230,43628036,55,51728,-90898944
19:58:49.203,0,-0.9,2,0,0,500,50000,0,-52291,43627780,55,48588,-90898656
19:58:49.208,0,-0.3,2,0,0,500,50000,-9,-45599,43627588,-2,56884,-90898368
19:58:49.213,0,0.2,2,0,0,500,50000,11,-38024,43627412,61,46571,-90898184
19:58:49.218,0,0.6,2,0,0,500,50000,-48,-30274,43627300,2,56142,-90897888
19:58:49.223,0,0.7,2,0,0,500,50000,23,-33596,43627112,90,43257,-90897680
19:58:49.228,0,0.3,2,0,0,500,50000,-1,-31918,43626952,4,58773,-90897328
19:58:49.233,0,-0.2,2,0,0,500,50000,-4,-41262,43626716,45,42826,-90897192
19:58:49.238,0,-0.8,2,0,0,500,50000,-67,-50383,43626412,8,58832,-90896832
19:58:49.243,0,-1.3,2,0,0,500,50000,-13,-57157,43626120,149,44232,-90896688
19:58:49.248,0,-1.7,2,0,0,500,50000,40,-49871,43625928,-5,55892,-90896360
19:58:49.253,0,-1.7,2,0,0,500,50000,-8,-48760,43625656,130,42721,-90896224
19:58:49.258,0,-1.7,2,0,0,500,50000,17,-49924,43625428,22,54559,-90895888
19:58:49.264,0,-1.6,2,0,0,500,50000,-80,-54183,43625120,174,44053,-90895680
19:58:49.269,0,-1.6,2,0,0,500,50000,-29,-63251,43624628,3,52707,-90895304
19:58:49.274,0,-1.5,2,0,0,500,50000,53,-63841,43624436,112,45920,-90895184
19:58:49.279,0,-1.4,2,0,0,500,50000,-6,-61373,43624156,-3,56038,-90894848
19:58:49.284,0,-1.2,2,0,0,500,50000,-4,-56127,43623860,174,43852,-90894704
19:58:49.289,0,-0.9,2,0,0,500,50000,-6,-49133,43623656,45,54581,-90894384
19:58:49.294,0,-0.6,2,0,0,500,50000,19,-48138,43623420,94,46526,-90894160
19:58:49.299,0,-0.5,2,0,0,500,50000,27,-44537,43623180,85,51816,-90893920
19:58:49.304,0,-0.5,2,0,0,500,50000,-10,-46069,43622948,114,46228,-90893688
19:58:49.309,0,-0.7,2,0,0,500,50000,-67,-49143,43622652,43,53558,-90893376
19:58:49.314,0,-0.8,2,0,0,500,50000,2,-55267,43622356,116,47519,-90893144
19:58:49.319,0,-1.0,2,0,0,500,50000,-2,-57252,43622088,42,52104,-90892904
19:58:49.324,0,-1.1,2,0,0,500,50000,-16,-63284,43621704,98,46761,-90892656
19:58:49.329,0,-1.0,2,0,0,500,50000,-1,-69194,43621360,4,56185,-90892344
19:58:49.334,0,-0.8,2,0,0,500,50000,-9,-71412,43620952,104,47107,-90892160
19:58:49.340,0,-0.5,2,0,0,500,50000,-8,-66802,43620664,-27,53661,-90891864
19:58:49.345,0,-0.1,2,0,0,500,50000,8,-56456,43620404,43,44598,-90891640
19:58:49.350,0,0.2,2,0,0,500,50000,-29,-46396,43620232,47,52494,-90891376
19:58:49.355,0,0.5,2,0,0,500,50000,7,-33732,43620100,96,42411,-90891168
19:58:49.360,0,0.6,2,0,0,500,50000,-29,-28542,43619992,81,54219,-90890832
19:58:49.365,0,0.5,2,0,0,500,50000,-12,-24769,43619876,149,42750,-90890688
19:58:49.370,0,0.1,2,0,0,500,50000,3,-23931,43619776,33,56245,-90890344
19:58:49.375,0,-0.4,2,0,0,500,50000,72,-27353,43619612,198,39789,-90890232
19:58:49.380,0,-1.2,2,0,0,500,50000,19,-38819,43619368,15,56124,-90889856
19:58:49.385,0,-2.0,2,0,0,500,50000,-8,-50104,43619052,155,46134,-90889672
19:58:49.390,0,-2.6,2,0,0,500,50000,-106,-59564,43618736,127,46635,-90889368
19:58:49.395,0,-3.0,2,0,0,500,50000,-25,-61022,43618388,28,52355,-90889144
19:58:49.400,0,-3.0,2,0,0,500,50000,16,-66375,43618052,121,43343,-90888904
19:58:49.405,0,-2.6,2,0,0,500,50000,-6,-71675,43617632,-33,60665,-90888528
19:58:49.410,0,-2.1,2,0,0,500,50000,-14,-69118,43617372,123,45216,-90888392
19:58:49.416,0,-1.4,2,0,0,500,50000,-22,-60206,43617056,-64,58780,-90888056
19:58:49.421,0,-0.7,2,0,0,500,50000,47,-54824,43616816,-6,45393,-90887896
19:58:49.426,0,-0.2,2,0,0,500,50000,-2,-43227,43616664,-80,57098,-90887576
19:58:49.431,0,0.1,2,0,0,500,50000,63,-35543,43616484,187,38507,-90887424
19:58:49.436,0,0.2,2,0,0,500,50000,12,-33265,43616340,-57,56610,-90887096
19:58:49.441,0,0.1,2,0,0,500,50000,26,-34738,43616148,263,37918,-90886976
19:58:49.446,0,-0.2,2,0,0,500,50000,33,-35471,43615984,46,53996,-90886584
19:58:49.451,0,-0.6,2,0,0,500,50000,14,-41897,43615768,133,49737,-90886368
19:58:49.456,0,-1.2,2,0,0,500,50000,-42,-49444,43615464,22,52087,-90886120
19:58:49.461,0,-1.6,2,0,0,500,50000,-26,-53650,43615192,82,52225,-90885880
19:58:49.466,0,-1.8,2,0,0,500,50000,0,-50655,43614932,45,45897,-90885616
19:58:49.471,0,-1.8,2,0,0,500,50000,-55,-45979,43614728,98,51447,-90885400
19:58:49.476,0,-1.6,2,0,0,500,50000,8,-53131,43614408,115,43393,-90885152
19:58:49.481,0,-1.3,2,0,0,500,50000,2,-58395,43614112,23,59584,-90884800
19:58:49.486,0,-1.1,2,0,0,500,50000,-22,-65185,43613784,176,41701,-90884672
19:58:49.491,0,-0.8,2,0,0,500,50000,21,-62499,43613452,-85,59375,-90884304
19:58:49.497,0,-0.6,2,0,0,500,50000,-9,-56784,43613160,69,42334,-90884184
19:58:49.502,0,-0.3,2,0,0,500,50000,-52,-47245,43612976,-10,58342,-90883816
19:58:49.507,0,0.0,2,0,0,500,50000,14,-37351,43612808,214,39725,-90883672
19:58:49.512,0,0.0,2,0,0,500,50000,49,-32015,43612676,0,55414,-90883344
19:58:49.517,0,0.0,2,0,0,500,50000,-2,-31525,43612508,215,40825,-90883184
19:58:49.522,0,-0.2,2,0,0,500,50000,3,-29149,43612384,27,56440,-90882856
19:58:49.527,0,-0.8,2,0,0,500,50000,-9,-34949,43612172,222,43643,-90882688
19:58:49.532,0,-1.5,2,0,0,500,50000,19,-41385,43611920,17,50724,-90882360
19:58:49.537,0,-2.1,2,0,0,500,50000,-3,-47033,43611668,191,42605,-90882224
19:58:49.542,0,-2.6,2,0,0,500,50000,14,-53743,43611392,22,48432,-90881912
19:58:49.547,0,-2.9,2,0,0,500,50000,0,-58761,43611040,122,49761,-90881656
19:58:49.552,0,-2.9,2,0,0,500,50000,25,-68632,43610684,110,49975,-90881424
19:58:49.557,0,-2.5,2,0,0,500,50000,5,-75570,43610296,41,52693,-90881144
19:58:49.562,0,-1.9,2,0,0,500,50000,10,-79592,43609828,39,50020,-90880864
19:58:49.567,0,-1.9,2,0,0,500,50000,-24,-76636,43609476,6,52144,-90880608
19:58:49.572,0,-1.2,2,0,0,500,50000,-3,-64567,43609172,11,51037,-90880368
19:58:49.577,0,0.2,2,0,0,500,50000,-38,-47048,43609016,83,47482,-90880136
19:58:49.582,0,0.7,2,0,0,500,50000,-14,-30140,43608948,44,48367,-90879864
19:58:49.588,0,0.7,2,0,0,500,50000,-15,-17464,43608880,168,44733,-90879640
19:58:49.593,0,0.7,2,0,0,500,50000,2,-19472,43608788,147,45168,-90879376
19:58:49.598,0,0.3,2,0,0,500,50000,-8,-26884,43608636,140,47934,-90879160
19:58:49.603,0,-1.6,2,0,0,500,50000,-45,-40571,43608372,150,47737,-90878904
19:58:49.608,0,-2.6,2,0,0,500,50000,-18,-52618,43608076,156,50651,-90878632
19:58:49.613,0,-3.4,2,0,0,500,50000,3,-66406,43607704,114,46403,-90878440
19:58:49.618,0,-3.4,2,0,0,500,50000,-7,-73724,43607344,62,51718,-90878200
19:58:49.623,0,-3.3,2,0,0,500,50000,-2,-84359,43606852,30,51378,-90877920
19:58:49.628,0,-2.7,2,0,0,500,50000,-18,-85704,43606388,0,53733,-90877624
19:58:49.633,0,-1.8,2,0,0,500,50000,-37,-78164,43606060,3,51305,-90877400
19:58:49.638,0,-0.7,2,0,0,500,50000,-24,-60611,43605796,-13,53289,-90877112
19:58:49.643,0,0.1,2,0,0,500,50000,-4,-43197,43605668,55,46785,-90876880
19:58:49.648,0,0.7,2,0,0,500,50000,44,-22570,43605612,57,49918,-90876640
19:58:49.653,0,0.9,2,0,0,500,50000,19,-16074,43605564,90,45333,-90876400
19:58:49.658,0,0.5,2,0,0,500,50000,-1,-16336,43605480,131,49664,-90876176
19:58:49.663,0,-0.2,2,0,0,500,50000,25,-28167,43605296,119,47032,-90875920
19:58:49.669,0,-1.2,2,0,0,500,50000,20,-41130,43605016,17,53971,-90875624
19:58:49.674,0,-2.2,2,0,0,500,50000,20,-55014,43604696,133,44013,-90875472
19:58:49.679,0,-2.8,2,0,0,500,50000,-2,-61841,43604316,23,55345,-90875144
19:58:49.684,0,-3.1,2,0,0,500,50000,-11,-64129,43604008,55,46593,-90874936
19:58:49.689,0,-2.9,2,0,0,500,50000,-3,-58804,43603748,7,53632,-90874616
19:58:49.694,0,-2.5,2,0,0,500,50000,17,-59695,43603412,236,47237,-90874440
19:58:49.699,0,-1.9,2,0,0,500,50000,0,-61548,43603112,-14,52850,-90874136
19:58:49.704,0,-1.4,2,0,0,500,50000,66,-63162,43602760,56,52715,-90873856
19:58:49.709,0,-0.9,2,0,0,500,50000,-26,-55667,43602528,15,50041,-90873656
19:58:49.714,0,-0.5,2,0,0,500,50000,-29,-54644,43602276,78,49128,-90873408
19:58:49.719,0,-0.1,2,0,0,500,50000,12,-46890,43602052,37,50570,-90873120
19:58:49.724,0,0.1,2,0,0,500,50000,7,-39728,43601892,111,48412,-90872888
19:58:49.729,0,0.1,2,0,0,500,50000,12,-38383,43601680,36,50532,-90872648
19:58:49.734,0,0.0,2,0,0,500,50000,-14,-40957,43601444,72,51706,-90872336
19:58:49.739,0,-0.2,2,0,0,500,50000,5,-43095,43601204,125,47156,-90872104
19:58:49.744,0,-0.6,2,0,0,500,50000,8,-48094,43600964,68,49115,-90871880
19:58:49.749,0,-1.0,2,0,0,500,50000,0,-49853,43600772,61,49987,-90871656
19:58:49.754,0,-1.2,2,0,0,500,50000,8,-46662,43600532,87,50118,-90871384
19:58:49.760,0,-1.4,2,0,0,500,50000,-12,-40289,43600340,50,48064,-90871176
19:58:49.765,0,-1.5,2,0,0,500,50000,4,-35610,43600196,103,51910,-90870880
19:58:49.770,0,-1.6,2,0,0,500,50000,-2,-36737,43600000,104,46763,-90870704
19:58:49.775,0,-1.7,2,0,0,500,50000,-111,-44895,43599704,106,46927,-90870336
19:58:49.780,0,-1.9,2,0,0,500,50000,-14,-51949,43599396,53,52955,-90870072
19:58:49.785,0,-2.1,2,0,0,500,50000,2,-56967,43599208,88,46856,-90869944
19:58:49.790,0,-2.1,2,0,0,500,50000,-68,-58754,43598884,84,50259,-90869656
19:58:49.795,0,-1.9,2,0,0,500,50000,-5,-61777,43598584,76,47815,-90869440
19:58:49.800,0,-1.6,2,0,0,500,50000,-5,-58424,43598268,17,50757,-90869160
19:58:49.805,0,-1.1,2,0,0,500,50000,6,-50354,43598064,45,46142,-90868912
19:58:49.810,0,-0.7,2,0,0,500,50000,3,-40907,43597864,50,54229,-90868600
19:58:49.815,0,-0.4,2,0,0,500,50000,0,-33905,43597736,-1,46085,-90868424
19:58:49.820,0,-0.3,2,0,0,500,50000,16,-33071,43597588,10,51187,-90868152
19:58:49.825,0,-0.5,2,0,0,500,50000,25,-37561,43597372,123,47476,-90867912
19:58:49.830,0,-0.9,2,0,0,500,50000,4,-43143,43597140,38,49914,-90867680
19:58:49.836,0,-1.4,2,0,0,500,50000,11,-47669,43596852,152,47156,-90867448
19:58:49.841,0,-1.8,2,0,0,500,50000,28,-49599,43596616,87,48522,-90867168
19:58:49.846,0,-2.0,2,0,0,500,50000,-19,-50670,43596376,42,53742,-90866888
19:58:49.851,0,-2.0,2,0,0,500,50000,-14,-60358,43596000,91,46091,-90866712
19:58:49.856,0,-1.9,2,0,0,500,50000,0,-66725,43595660,20,56552,-90866400
19:58:49.861,0,-1.8,2,0,0,500,50000,-6,-65819,43595304,86,46949,-90866176
19:58:49.866,0,-1.4,2,0,0,500,50000,-5,-61716,43595024,-23,54951,-90865904
19:58:49.871,0,-1.0,2,0,0,500,50000,-11,-55761,43594772,24,47540,-90865672
19:58:49.876,0,-0.5,2,0,0,500,50000,-19,-45859,43594548,24,54309,-90865368
19:58:49.881,0,0.0,2,0,0,500,50000,1,-34883,43594436,79,50186,-90865152
19:58:49.886,0,0.2,2,0,0,500,50000,-30,-27933,43594316,111,52324,-90864888
19:58:49.891,0,0.1,2,0,0,500,50000,22,-24554,43594224,63,48594,-90864688
19:58:49.896,0,-0.2,2,0,0,500,50000,-9,-35086,43594000,164,47910,-90864440
19:58:49.901,0,-0.9,2,0,0,500,50000,8,-47638,43593700,102,47592,-90864184
19:58:49.906,0,-1.7,2,0,0,500,50000,-14,-56733,43593392,142,48494,-90863960
19:58:49.911,0,-2.4,2,0,0,500,50000,66,-62522,43593032,85,48426,-90863696
19:58:49.917,0,-2.8,2,0,0,500,50000,-1,-63250,43592740,116,49572,-90863416
19:58:49.922,0,-2.8,2,0,0,500,50000,-18,-65256,43592376,72,50314,-90863192
19:58:49.927,0,-2.5,2,0,0,500,50000,-5,-61295,43592100,50,50569,-90862912
19:58:49.932,0,-2.0,2,0,0,500,50000,-11,-54425,43591820,48,49689,-90862696
19:58:49.937,0,-1.5,2,0,0,500,50000,-16,-48656,43591612,134,47131,-90862456
19:58:49.942,0,-1.1,2,0,0,500,50000,12,-47946,43591388,20,48733,-90862192
19:58:49.947,0,-0.9,2,0,0,500,50000,4,-45829,43591136,118,48294,-90861968
19:58:49.952,0,-0.7,2,0,0,500,50000,58,-44574,43590924,142,48604,-90861704
19:58:49.957,0,-0.8,2,0,0,500,50000,-32,-45839,43590664,130,48020,-90861448
19:58:49.962,0,-0.9,2,0,0,500,50000,71,-45173,43590456,97,49612,-90861184
19:58:49.967,0,-1.1,2,0,0,500,50000,-8,-50687,43590196,135,46056,-90860992
19:58:49.972,0,-1.2,2,0,0,500,50000,-97,-52163,43589892,78,49190,-90860704
19:58:49.977,0,-1.4,2,0,0,500,50000,8,-51840,43589656,155,44417,-90860472
19:58:49.982,0,-1.6,2,0,0,500,50000,-3,-49028,43589396,89,51104,-90860232
19:58:49.988,0,-1.7,2,0,0,500,50000,65,-51848,43589140,152,45923,-90860008
19:58:49.993,0,-1.9,2,0,0,500,50000,30,-57103,43588856,48,52271,-90859712
19:58:49.998,0,-1.9,2,0,0,500,50000,-7,-67888,43588432,79,47430,-90859480
19:58:50.003,0,-1.8,2,0,0,500,50000,-3,-68268,43588112,42,52467,-90859240
19:58:50.008,0,-1.5,2,0,0,500,50000,-25,-65655,43587756,57,48648,-90858984
19:58:50.013,0,-1.0,2,0,0,500,50000,-31,-56367,43587540,35,49504,-90858720
19:58:50.018,0,-0.5,2,0,0,500,50000,-10,-41601,43587368,103,48859,-90858512
19:58:50.023,0,-0.2,2,0,0,500,50000,-18,-29454,43587288,122,49357,-90858240
19:58:50.028,0,-0.2,2,0,0,500,50000,1,-23651,43587184,210,45850,-90858048
19:58:50.033,0,-0.8,2,0,0,500,50000,19,-28574,43587012,164,46804,-90857792
19:58:50.038,0,-1.6,2,0,0,500,50000,13,-35845,43586824,122,50170,-90857504
19:58:50.043,0,-2.5,2,0,0,500,50000,25,-48931,43586512,158,45710,-90857320
19:58:50.048,0,-3.2,2,0,0,500,50000,-100,-60013,43586192,104,49285,-90857032
19:58:50.053,0,-3.5,2,0,0,500,50000,-75,-62923,43585836,71,50226,-90856752
19:58:50.058,0,-3.3,2,0,0,500,50000,-6,-55976,43585604,119,49586,-90856536
19:58:50.063,0,-2.7,2,0,0,500,50000,50,-51557,43585340,78,47718,-90856296
19:58:50.069,0,-2.1,2,0,0,500,50000,17,-52332,43585092,128,47690,-90856072
19:58:50.074,0,-1.5,2,0,0,500,50000,3,-54740,43584772,81,52339,-90855736
19:58:50.079,0,-1.1,2,0,0,500,50000,-11,-55584,43584456,189,46424,-90855512
19:58:50.084,0,-0.9,2,0,0,500,50000,-22,-53133,43584216,19,51019,-90855264
19:58:50.089,0,-0.7,2,0,0,500,50000,-19,-51853,43583972,140,48195,-90855016
19:58:50.094,0,-0.4,2,0,0,500,50000,-48,-44571,43583752,116,49090,-90854792
19:58:50.099,0,-0.3,2,0,0,500,50000,33,-39251,43583624,132,41599,-90854592
19:58:50.104,0,-0.2,2,0,0,500,50000,13,-33205,43583460,-7,50758,-90854304
19:58:50.109,0,-0.4,2,0,0,500,50000,-14,-33092,43583304,120,49394,-90854064
19:58:50.114,0,-0.8,2,0,0,500,50000,20,-38862,43583076,101,46078,-90853816
19:58:50.119,0,-1.3,2,0,0,500,50000,-12,-47887,43582816,4,54485,-90853512
19:58:50.124,0,-1.8,2,0,0,500,50000,-11,-58508,43582500,150,43667,-90853360
19:58:50.129,0,-2.0,2,0,0,500,50000,13,-54141,43582208,9,55986,-90853016
19:58:50.134,0,-2.0,2,0,0,500,50000,-11,-51216,43581976,112,43266,-90852840
19:58:50.139,0,-1.6,2,0,0,500,50000,-1,-46919,43581736,7,54021,-90852544
19:58:50.144,0,-1.2,2,0,0,500,50000,10,-49128,43581492,160,45441,-90852344
19:58:50.149,0,-0.9,2,0,0,500,50000,12,-51106,43581212,44,51701,-90852024
19:58:50.155,0,-0.8,2,0,0,500,50000,4,-51774,43580964,92,45845,-90851864
19:58:50.160,0,-0.9,2,0,0,500,50000,11,-52192,43580680,5,49802,-90851568
19:58:50.165,0,-0.9,2,0,0,500,50000,4,-53406,43580428,89,47436,-90851376
19:58:50.170,0,-1.0,2,0,0,500,50000,-18,-54071,43580124,72,47137,-90851096
19:58:50.175,0,-0.9,2,0,0,500,50000,-3,-48008,43579928,27,52457,-90850816
19:58:50.180,0,-0.9,2,0,0,500,50000,3,-43958,43579704,110,46454,-90850608
19:58:50.185,0,-0.8,2,0,0,500,50000,9,-36173,43579536,4,54200,-90850312
19:58:50.190,0,-0.9,2,0,0,500,50000,12,-31994,43579408,171,44139,-90850152
19:58:50.195,0,-1.2,2,0,0,500,50000,-15,-35494,43579204,52,52029,-90849848
19:58:50.200,0,-1.6,2,0,0,500,50000,-12,-41538,43578988,216,43035,-90849648
19:58:50.205,0,-2.1,2,0,0,500,50000,29,-50117,43578724,-3,54961,-90849344
19:58:50.210,0,-2.6,2,0,0,500,50000,3,-53256,43578368,61,50565,-90849080
19:58:50.215,0,-2.8,2,0,0,500,50000,17,-58155,43578120,61,49031,-90848856
19:58:50.220,0,-2.8,2,0,0,500,50000,4,-67891,43577652,-28,55788,-90848520
19:58:50.225,0,-2.5,2,0,0,500,50000,11,-71365,43577300,87,48029,-90848328
19:58:50.230,0,-2.1,2,0,0,500,50000,-16,-68221,43576932,33,52635,-90848048
19:58:50.235,0,-1.5,2,0,0,500,50000,16,-67236,43576628,120,47916,-90847800
19:58:50.241,0,-0.9,2,0,0,500,50000,-14,-61422,43576416,90,47755,-90847648
19:58:50.246,0,-0.3,2,0,0,500,50000,-5,-54189,43576144,97,48707,-90847368
19:58:50.251,0,0.0,2,0,0,500,50000,-4,-41473,43575996,110,48793,-90847112
19:58:50.256,0,0.1,2,0,0,500,50000,3,-33931,43575864,94,47142,-90846864
19:58:50.261,0,0.0,2,0,0,500,50000,0,-32717,43575688,102,46319,-90846664
19:58:50.266,0,-0.3,2,0,0,500,50000,11,-39440,43575476,107,45073,-90846408
19:58:50.271,0,-1.0,2,0,0,500,50000,5,-48049,43575180,58,50618,-90846120
19:58:50.276,0,-1.7,2,0,0,500,50000,-5,-52647,43574916,188,46692,-90845936
19:58:50.281,0,-2.2,2,0,0,500,50000,-4,-54716,43574604,48,51721,-90845640
19:58:50.286,0,-2.3,2,0,0,500,50000,-40,-58200,43574328,81,48325,-90845392
19:58:50.291,0,-2.1,2,0,0,500,50000,-14,-58786,43574004,104,53064,-90845152
19:58:50.296,0,-1.7,2,0,0,500,50000,0,-57556,43573744,3,50064,-90844888
19:58:50.301,0,-1.2,2,0,0,500,50000,-38,-45615,43573536,30,50130,-90844664
19:58:50.306,0,-0.8,2,0,0,500,50000,-1,-41023,43573368,46,49611,-90844408
19:58:50.311,0,-0.7,2,0,0,500,50000,9,-39316,43573172,127,44413,-90844184
19:58:50.316,0,-0.7,2,0,0,500,50000,65,-44824,43572912,81,49627,-90843928
19:58:50.321,0,-1.1,2,0,0,500,50000,-11,-55152,43572608,113,49362,-90843696
19:58:50.326,0,-1.5,2,0,0,500,50000,7,-60316,43572264,68,51955,-90843440
19:58:50.332,0,-1.7,2,0,0,500,50000,-6,-57192,43571996,94,49089,-90843192
19:58:50.337,0,-1.8,2,0,0,500,50000,0,-54790,43571748,55,49188,-90842912
19:58:50.342,0,-1.6,2,0,0,500,50000,-9,-39664,43571576,148,46348,-90842728
19:58:50.347,0,-1.3,2,0,0,500,50000,5,-33405,43571436,71,46578,-90842448
19:58:50.352,0,-1.1,2,0,0,500,50000,1,-32711,43571280,113,50308,-90842184
19:58:50.357,0,-1.3,2,0,0,500,50000,31,-35700,43571072,154,43904,-90841968
19:58:50.362,0,-1.6,2,0,0,500,50000,-6,-46851,43570800,61,48782,-90841736
19:58:50.367,0,-2.1,2,0,0,500,50000,-18,-62531,43570392,124,45207,-90841496
19:58:50.372,0,-2.4,2,0,0,500,50000,14,-69016,43570036,46,55923,-90841160
19:58:50.377,0,-2.3,2,0,0,500,50000,-23,-70756,43569640,76,45449,-90840992
19:58:50.382,0,-1.1,2,0,0,500,50000,-40,-67518,43569332,-4,55237,-90840664
19:58:50.387,0,-0.3,2,0,0,500,50000,6,-58097,43569100,93,44193,-90840472
19:58:50.392,0,0.3,2,0,0,500,50000,-28,-41005,43568932,18,51574,-90840160
19:58:50.397,0,0.5,2,0,0,500,50000,-35,-29583,43568844,196,42583,-90840008
19:58:50.402,0,0.3,2,0,0,500,50000,13,-22573,43568760,45,49363,-90839712
19:58:50.407,0,-0.3,2,0,0,500,50000,16,-23217,43568648,150,46370,-90839488
19:58:50.412,0,-1.1,2,0,0,500,50000,19,-34534,43568444,171,47148,-90839264
19:58:50.418,0,-2.1,2,0,0,500,50000,12,-46236,43568152,102,53854,-90838968
19:58:50.423,0,-2.7,2,0,0,500,50000,23,-56796,43567848,124,45407,-90838792
19:58:50.428,0,-3.0,2,0,0,500,50000,47,-51760,43567568,30,55416,-90838464
19:58:50.433,0,-2.8,2,0,0,500,50000,-84,-42368,43567364,141,45862,-90838264
19:58:50.438,0,-2.5,2,0,0,500,50000,0,-37562,43567208,80,49702,-90838032
19:58:50.443,0,-2.2,2,0,0,500,50000,1,-35298,43567028,83,50071,-90837768
19:58:50.448,0,-2.1,2,0,0,500,50000,-8,-40594,43566824,163,45742,-90837520
19:58:50.452,1,-2.2,2,500,50000,500,50000,,,,,,
19:58:50.453,0,-2.2,2,500,50000,500,50000,43,-47634,43566532,63,51329,-90837264
19:58:50.458,0,-2.3,2,500,50000,500,50000,7,-53945,43566264,128,48495,-90837032
19:58:50.463,0,-2.2,2,500,50000,500,50000,-35,-53301,43565984,9,53813,-90836768
19:58:50.468,0,-2.1,2,500,50000,500,50000,253,-28966,43565912,145,49185,-90836544
19:58:50.473,0,-2.2,2,500,50000,500,50000,397,63706,43566580,376,34196,-90836392
19:58:50.478,0,-3.3,2,500,50000,500,50000,517,144396,43567580,244,41539,-90836168
19:58:50.483,0,-6.4,2,500,50000,500,50000,670,203875,43568976,697,31780,-90836064
19:58:50.488,0,-12.1,2,500,50000,500,50000,838,160062,43569580,899,22252,-90836024
19:58:50.493,0,-19.9,2,500,50000,500,50000,594,46032,43569340,925,21018,-90835920
19:58:50.499,0,-27.6,2,500,50000,500,50000,411,-74399,43568468,740,28709,-90835720
19:58:50.504,0,-33.0,2,500,50000,500,50000,323,-121069,43567708,334,38958,-90835464
19:58:50.509,0,-34.0,2,500,50000,500,50000,385,-102594,43567188,294,45232,-90835216
19:58:50.514,0,-31.0,2,500,50000,500,50000,409,-45967,43567204,560,31742,-90835136
19:58:50.519,0,-26.6,2,500,50000,500,50000,519,3677,43567428,594,29694,-90834960
19:58:50.524,0,-23.3,2,500,50000,500,50000,574,15975,43567588,653,30792,-90834800
19:58:50.529,0,-22.7,2,500,50000,500,50000,500,4287,43567556,714,30162,-90834664
19:58:50.534,0,-24.7,2,500,50000,500,50000,509,-7468,43567476,873,24177,-90834584
19:58:50.539,0,-27.9,2,500,50000,500,50000,507,-16362,43567356,823,25181,-90834416
19:58:50.544,0,-30.8,2,500,50000,500,50000,491,-24904,43567188,639,31123,-90834232
19:58:50.549,0,-32.7,2,500,50000,500,50000,496,-28522,43567040,728,30868,-90834120
19:58:50.554,0,-33.4,2,500,50000,500,50000,474,-32641,43566816,836,26801,-90833968
19:58:50.559,0,-33.3,2,500,50000,500,50000,520,-38634,43566612,693,26462,-90833832
19:58:50.564,0,-32.7,2,500,50000,500,50000,511,-36410,43566432,542,34350,-90833616
19:58:50.570,0,-31.9,2,500,50000,500,50000,497,-27330,43566340,550,34674,-90833456
19:58:50.575,0,-31.0,2,500,50000,500,50000,501,-20088,43566264,823,24113,-90833392
19:58:50.580,0,-30.5,2,500,50000,500,50000,585,-17221,43566200,708,26380,-90833224
19:58:50.585,0,-30.4,2,500,50000,500,50000,529,-17774,43566120,725,31088,-90833072
19:58:50.590,0,-30.9,2,500,50000,500,50000,520,-23996,43565968,792,27707,-90832960
19:58:50.595,0,-31.6,2,500,50000,500,50000,492,-36096,43565748,896,21403,-90832848
19:58:50.600,0,-32.2,2,500,50000,500,50000,552,-45480,43565500,506,34389,-90832608
19:58:50.605,0,-32.2,2,500,50000,500,50000,489,-43005,43565260,477,38796,-90832416
19:58:50.610,0,-31.6,2,500,50000,500,50000,497,-30015,43565164,719,32342,-90832296
19:58:50.615,0,-30.7,2,500,50000,500,50000,510,-16172,43565144,817,24539,-90832192
19:58:50.620,0,-30.0,2,500,50000,500,50000,543,-12454,43565092,644,28973,-90832008
19:58:50.625,0,-30.0,2,500,50000,500,50000,516,-13532,43565032,723,29016,-90831896
19:58:50.631,0,-30.9,2,500,50000,500,50000,501,-24383,43564852,805,25865,-90831776
19:58:50.636,0,-32.1,2,500,50000,500,50000,476,-31188,43564680,931,22073,-90831656
19:58:50.641,0,-33.2,2,500,50000,500,50000,516,-38250,43564468,811,26737,-90831496
19:58:50.646,0,-33.7,2,500,50000,500,50000,485,-34268,43564288,579,33934,-90831296
19:58:50.651,0,-33.5,2,500,50000,500,50000,453,-29218,43564168,836,26670,-90831232
19:58:50.656,0,-33.0,2,500,50000,500,50000,505,-24039,43564076,803,23073,-90831096
19:58:50.662,0,-32.5,2,500,50000,500,50000,431,-23351,43563956,694,28841,-90830896
19:58:50.667,0,-32.4,2,500,50000,500,50000,511,-29025,43563796,694,29054,-90830784
19:58:50.672,0,-32.5,2,500,50000,500,50000,452,-35276,43563580,847,24362,-90830664
19:58:50.677,0,-32.7,2,500,50000,500,50000,518,-40944,43563364,756,26872,-90830480
19:58:50.682,0,-32.7,2,500,50000,500,50000,491,-41053,43563172,497,36003,-90830288
19:58:50.687,0,-32.2,2,500,50000,500,50000,444,-30697,43563024,552,34720,-90830136
19:58:50.692,0,-30.9,2,500,50000,500,50000,495,-21248,43562964,825,23648,-90830064
19:58:50.697,0,-30.9,2,500,50000,500,50000,540,-15688,43562908,776,27196,-90829872
19:58:50.702,0,-31.4,2,500,50000,500,50000,531,-19298,43562788,752,27252,-90829696
19:58:50.707,0,-32.4,2,500,50000,500,50000,512,-34992,43562544,568,35209,-90829536
19:58:50.713,0,-33.0,2,500,50000,500,50000,472,-50243,43562248,675,34031,-90829384
19:58:50.718,0,-32.9,2,500,50000,500,50000,462,-54399,43561964,768,26665,-90829248
19:58:50.723,0,-32.0,2,500,50000,500,50000,446,-45252,43561828,441,40673,-90829032
19:58:50.728,0,-30.6,2,500,50000,500,50000,502,-23763,43561772,573,34975,-90828904
19:58:50.733,0,-29.6,2,500,50000,500,50000,513,-12082,43561764,783,26162,-90828792
19:58:50.738,0,-29.6,2,500,50000,500,50000,533,-10704,43561716,752,24488,-90828640
19:58:50.743,0,-30.6,2,500,50000,500,50000,525,-17525,43561604,652,31753,-90828488
19:58:50.748,0,-31.9,2,500,50000,500,50000,490,-29549,43561400,716,31756,-90828344
19:58:50.753,0,-33.0,2,500,50000,500,50000,466,-37035,43561160,767,27016,-90828216
19:58:50.759,0,-33.2,2,500,50000,500,50000,478,-37630,43560980,807,26487,-90828056
19:58:50.764,0,-32.9,2,500,50000,500,50000,460,-28578,43560852,633,32324,-90827896
19:58:50.769,0,-32.4,2,500,50000,500,50000,412,-15184,43560840,753,29041,-90827768
19:58:50.774,0,-32.3,2,500,50000,500,50000,515,-9558,43560804,967,21896,-90827680
19:58:50.779,0,-32.9,2,500,50000,500,50000,501,-12494,43560736,936,19448,-90827592
19:58:50.784,0,-33.9,2,500,50000,500,50000,502,-21505,43560596,889,25007,-90827432
19:58:50.789,0,-34.9,2,500,50000,500,50000,501,-29151,43560428,827,26688,-90827296
19:58:50.794,0,-35.5,2,500,50000,500,50000,562,-38492,43560180,808,27094,-90827160
19:58:50.799,0,-35.3,2,500,50000,500,50000,521,-43847,43559952,731,27864,-90827032
19:58:50.804,0,-34.3,2,500,50000,500,50000,487,-40639,43559740,618,31545,-90826848
19:58:50.809,0,-33.1,2,500,50000,500,50000,492,-28602,43559652,731,28749,-90826744
19:58:50.814,0,-32.1,2,500,50000,500,50000,537,-16804,43559620,794,25470,-90826608
19:58:50.819,0,-31.7,2,500,50000,500,50000,594,-11094,43559592,816,25572,-90826480
19:58:50.819,0,-31.7,2,500,50000,500,50000,525,-15684,43559496,717,28303,-90826328
19:58:50.824,0,-32.2,2,500,50000,500,50000,498,-25924,43559332,815,22999,-90826240
19:58:50.829,0,-33.2,2,500,50000,500,50000,522,-42751,43559040,743,28734,-90826064
19:58:50.834,0,-34.2,2,500,50000,500,50000,473,-52062,43558756,603,32169,-90825904
19:58:50.839,0,-34.6,2,500,50000,500,50000,451,-47183,43558548,634,33770,-90825728
19:58:50.845,0,-34.1,2,500,50000,500,50000,488,-29351,43558436,673,29733,-90825584
19:58:50.850,0,-32.8,2,500,50000,500,50000,519,-15065,43558424,762,25403,-90825472
19:58:50.855,0,-31.5,2,500,50000,500,50000,535,-9535,43558404,753,27891,-90825304
19:58:50.860,0,-30.8,2,500,50000,500,50000,515,-17925,43558276,789,27742,-90825184
19:58:50.865,0,-31.0,2,500,50000,500,50000,503,-32238,43558064,658,31169,-90825008
19:58:50.870,0,-31.8,2,500,50000,500,50000,481,-47977,43557728,701,30791,-90824848
19:58:50.875,0,-32.6,2,500,50000,500,50000,436,-44789,43557524,570,32688,-90824688
19:58:50.880,0,-32.7,2,500,50000,500,50000,473,-30921,43557432,514,35618,-90824488
19:58:50.885,0,-32.0,2,500,50000,500,50000,495,-14951,43557412,726,29827,-90824392
19:58:50.890,0,-31.1,2,500,50000,500,50000,529,-10425,43557380,825,25806,-90824256
19:58:50.895,0,-30.5,2,500,50000,500,50000,560,-18237,43557252,807,21733,-90824128
19:58:50.900,0,-30.8,2,500,50000,500,50000,516,-31011,43557060,522,35250,-90823912
19:58:50.905,0,-31.7,2,500,50000,500,50000,455,-38986,43556836,511,38723,-90823736
19:58:50.910,0,-32.7,2,500,50000,500,50000,446,-37849,43556612,840,25255,-90823688
19:58:50.915,0,-33.2,2,500,50000,500,50000,395,-29437,43556504,798,20880,-90823536
19:58:50.921,0,-33.0,2,500,50000,500,50000,555,-16543,43556464,645,27895,-90823328
19:58:50.926,0,-32.5,2,500,50000,500,50000,520,-15063,43556404,599,37355,-90823160
19:58:50.931,0,-32.3,2,500,50000,500,50000,510,-20679,43556284,664,33818,-90823032
19:58:50.936,0,-32.5,2,500,50000,500,50000,496,-40286,43555992,737,29521,-90822904
19:58:50.941,0,-33.2,2,500,50000,500,50000,464,-53848,43555680,778,26733,-90822760
19:58:50.946,0,-33.7,2,500,50000,500,50000,457,-51842,43555444,558,33575,-90822560
19:58:50.951,0,-33.5,2,500,50000,500,50000,493,-28695,43555364,440,38411,-90822360
19:58:50.956,0,-32.6,2,500,50000,500,50000,526,-14799,43555360,672,32581,-90822240
19:58:50.961,0,-31.3,2,500,50000,500,50000,507,-9064,43555340,849,23882,-90822160
19:58:50.966,0,-30.4,2,500,50000,500,50000,535,-13343,43555268,889,24115,-90822016
19:58:50.971,0,-30.6,2,500,50000,500,50000,527,-23185,43555108,783,24507,-90821888
19:58:50.976,0,-31.6,2,500,50000,500,50000,498,-33356,43554920,611,34529,-90821672
19:58:50.981,0,-32.9,2,500,50000,500,50000,466,-43459,43554640,734,28098,-90821592
19:58:50.986,0,-33.9,2,500,50000,500,50000,470,-41968,43554448,690,28385,-90821408
19:58:50.992,0,-34.0,2,500,50000,500,50000,485,-27214,43554356,541,34294,-90821200
19:58:50.997,0,-33.3,2,500,50000,500,50000,511,-15223,43554340,675,31900,-90821096
19:58:51.002,0,-32.3,2,500,50000,500,50000,509,-8550,43554324,855,24157,-90821000
19:58:51.007,0,-31.8,2,500,50000,500,50000,482,-14341,43554244,883,22019,-90820864
19:58:51.012,0,-32.7,2,500,50000,500,50000,503,-23555,43554080,724,28461,-90820672
19:58:51.017,0,-33.8,2,500,50000,500,50000,463,-38403,43553812,589,32436,-90820536
19:58:51.022,0,-34.5,2,500,50000,500,50000,484,-46528,43553564,717,32999,-90820368
19:58:51.027,0,-34.4,2,500,50000,500,50000,493,-42109,43553348,764,26881,-90820232
19:58:51.033,0,-33.5,2,500,50000,500,50000,543,-27204,43553284,501,35393,-90820024
19:58:51.038,0,-32.4,2,500,50000,500,50000,500,-12147,43553272,523,35824,-90819840
19:58:51.043,0,-31.7,2,500,50000,500,50000,510,-12027,43553216,749,30826,-90819752
19:58:51.048,0,-31.9,2,500,50000,500,50000,535,-18344,43553104,908,25037,-90819632
19:58:51.053,0,-32.9,2,500,50000,500,50000,524,-28977,43552920,805,22111,-90819528
19:58:51.058,0,-34.1,2,500,50000,500,50000,495,-40769,43552696,742,28622,-90819328
19:58:51.063,0,-34.9,2,500,50000,500,50000,436,-48197,43552436,602,34777,-90819176
19:58:51.068,0,-34.7,1,500,50000,500,50000,467,-48737,43552148,775,26636,-90819056
19:58:51.073,0,-33.7,1,500,50000,500,50000,493,-35129,43552032,727,28073,-90818912
19:58:51.078,0,-32.3,1,500,50000,500,50000,521,-19731,43552004,632,29476,-90818736
19:58:51.083,0,-31.1,1,500,50000,500,50000,525,-11432,43551980,707,31127,-90818584
19:58:51.088,0,-30.7,1,500,50000,500,50000,447,-16602,43551892,899,21243,-90818536
19:58:51.093,0,-31.2,1,500,50000,500,50000,518,-31551,43551672,740,26776,-90818336
19:58:51.098,0,-32.1,1,500,50000,500,50000,509,-43332,43551420,625,33004,-90818176
19:58:51.103,0,-32.7,1,500,50000,500,50000,472,-50168,43551148,641,33252,-90818016
19:58:51.108,0,-32.6,1,500,50000,500,50000,466,-39520,43550948,715,25694,-90817872
19:58:51.114,0,-31.7,1,500,50000,500,50000,538,-21780,43550912,516,33879,-90817680
19:58:51.119,0,-30.6,1,500,50000,500,50000,558,-10186,43550912,547,36174,-90817496
19:58:51.124,0,-30.1,1,500,50000,500,50000,509,-9744,43550868,821,27264,-90817440
19:58:51.129,0,-30.5,1,500,50000,500,50000,580,-23013,43550704,902,21499,-90817320
19:58:51.134,0,-31.7,1,500,50000,500,50000,472,-40040,43550420,830,23242,-90817136
19:58:51.139,0,-32.9,1,500,50000,500,50000,466,-48945,43550148,415,41178,-90816880
19:58:51.144,0,-33.6,1,500,50000,500,50000,408,-43157,43549956,498,42648,-90816712
19:58:51.149,0,-33.4,1,500,50000,500,50000,469,-26860,43549860,903,27324,-90816632
19:58:51.154,0,-32.6,1,500,50000,500,50000,520,-15355,43549828,754,20146,-90816520
19:58:51.159,0,-32.0,1,500,50000,500,50000,585,-14334,43549760,450,35466,-90816264
19:58:51.164,0,-32.1,1,500,50000,500,50000,483,-15103,43549684,323,48062,-90816040
19:58:51.170,0,-33.0,1,500,50000,500,50000,482,-26704,43549500,1186,14892,-90816152
19:58:51.175,0,-34.2,1,500,50000,500,50000,453,-41979,43549216,1060,13088,-90815976
19:58:51.180,0,-35.2,1,500,50000,500,50000,502,-50517,43548872,866,16648,-90815752
19:58:51.185,0,-35.4,1,500,50000,500,50000,516,-45537,43548672,517,32326,-90815480
19:58:51.190,0,-34.7,1,500,50000,500,50000,515,-36339,43548508,485,41252,-90815296
19:58:51.196,0,-33.5,1,500,50000,500,50000,480,-23429,43548452,751,28636,-90815224
19:58:51.201,0,-32.3,1,500,50000,500,50000,518,-19357,43548400,930,22223,-90815128
19:58:51.206,0,-31.7,1,500,50000,500,50000,515,-20128,43548300,714,29693,-90814960
19:58:51.211,0,-31.8,1,500,50000,500,50000,513,-28962,43548116,698,30659,-90814816
19:58:51.216,0,-32.4,1,500,50000,500,50000,479,-42327,43547860,788,27064,-90814696
19:58:51.221,0,-33.0,1,500,50000,500,50000,489,-46569,43547588,758,25764,-90814544
19:58:51.226,0,-33.2,1,500,50000,500,50000,558,-37287,43547460,520,34371,-90814344
19:58:51.231,0,-32.7,1,500,50000,500,50000,374,-19678,43547412,677,32311,-90814208
19:58:51.237,0,-31.9,1,500,50000,500,50000,489,-12374,43547384,860,24072,-90814104
19:58:51.242,0,-31.4,1,500,50000,500,50000,532,-11658,43547328,773,26761,-90813960
19:58:51.247,0,-31.6,1,500,50000,500,50000,510,-23699,43547176,642,30990,-90813800
19:58:51.252,0,-32.6,1,500,50000,500,50000,498,-38113,43546916,744,31505,-90813632
19:58:51.257,0,-33.7,1,500,50000,500,50000,438,-43120,43546660,678,28048,-90813504
19:58:51.262,0,-34.5,1,500,50000,500,50000,420,-35889,43546528,657,31812,-90813336
19:58:51.267,0,-34.7,1,500,50000,500,50000,508,-21988,43546468,659,31431,-90813184
19:58:51.272,0,-34.3,1,500,50000,500,50000,535,-15837,43546432,803,25377,-90813080
19:58:51.277,0,-33.9,1,500,50000,500,50000,516,-15483,43546360,788,24807,-90812952
19:58:51.282,0,-34.8,1,500,50000,500,50000,497,-24327,43546192,712,28954,-90812792
19:58:51.287,0,-35.5,1,500,50000,500,50000,484,-37104,43545956,755,27678,-90812680
19:58:51.292,0,-35.9,1,500,50000,500,50000,461,-46884,43545652,836,27277,-90812520
19:58:51.297,0,-35.6,1,500,50000,500,50000,480,-41801,43545480,747,26999,-90812352
19:58:51.302,0,-34.6,1,500,50000,500,50000,506,-31894,43545380,605,33859,-90812184
19:58:51.307,0,-33.5,1,500,50000,500,50000,523,-22330,43545280,770,27847,-90812088
19:58:51.312,0,-32.8,1,500,50000,500,50000,503,-22292,43545184,929,22265,-90811992
19:58:51.318,0,-32.7,1,500,50000,500,50000,514,-25620,43545036,795,23342,-90811840
19:58:51.323,0,-33.0,1,500,50000,500,50000,517,-32211,43544860,698,28786,-90811664
19:58:51.328,0,-33.4,1,500,50000,500,50000,504,-41076,43544628,654,30552,-90811544
19:58:51.333,0,-33.4,1,500,50000,500,50000,420,-43601,43544372,833,26729,-90811416
19:58:51.338,0,-32.9,1,500,50000,500,50000,502,-38361,43544216,843,23332,-90811264
19:58:51.343,0,-32.2,1,500,50000,500,50000,501,-28804,43544084,639,30602,-90811088
19:58:51.348,0,-31.5,1,500,50000,500,50000,416,-23869,43543996,631,33883,-90810928
19:58:51.353,0,-31.2,1,500,50000,500,50000,533,-28452,43543844,810,25316,-90810856
19:58:51.358,0,-31.3,1,500,50000,500,50000,497,-34991,43543636,693,30175,-90810656
19:58:51.363,0,-31.5,1,500,50000,500,50000,476,-32213,43543492,669,31770,-90810520
19:58:51.368,0,-31.7,1,500,50000,500,50000,542,-27280,43543348,787,27993,-90810368
19:58:51.373,0,-31.9,1,500,50000,500,50000,515,-15440,43543320,729,28815,-90810200
19:58:51.378,0,-32.2,1,500,50000,500,50000,533,-10712,43543284,723,30283,-90810072
19:58:51.383,0,-32.9,1,500,50000,500,50000,507,-13136,43543208,779,28847,-90809944
19:58:51.388,0,-33.9,1,500,50000,500,50000,461,-21030,43543076,900,22984,-90809832
19:58:51.394,0,-35.0,1,500,50000,500,50000,519,-32488,43542876,741,25139,-90809664
19:58:51.399,0,-35.7,1,500,50000,500,50000,486,-43513,43542592,617,34869,-90809480
19:58:51.404,0,-35.7,1,500,50000,500,50000,403,-44577,43542372,665,35285,-90809312
19:58:51.409,0,-35.0,1,500,50000,500,50000,469,-28083,43542268,825,26628,-90809216
19:58:51.414,0,-34.0,1,500,50000,500,50000,560,-16612,43542244,796,25120,-90809080
19:58:51.419,0,-33.3,1,500,50000,500,50000,521,-8287,43542244,714,26529,-90808936
19:58:51.424,0,-33.4,1,500,50000,500,50000,525,-14783,43542144,764,31836,-90808768
19:58:51.429,0,-34.1,1,500,50000,500,50000,515,-24093,43541996,883,27804,-90808664
19:58:51.434,0,-35.1,1,500,50000,500,50000,488,-42370,43541700,819,25051,-90808552
19:58:51.439,0,-35.5,1,500,50000,500,50000,485,-57498,43541372,499,38232,-90808296
19:58:51.444,0,-35.0,1,500,50000,500,50000,459,-50855,43541104,508,40354,-90808112
19:58:51.450,0,-33.7,1,500,50000,500,50000,514,-25749,43541056,810,26116,-90808064
19:58:51.455,0,-32.2,1,500,50000,500,50000,498,-12324,43541056,886,22539,-90807928
19:58:51.460,0,-31.2,1,500,50000,500,50000,540,-9143,43541028,889,22392,-90807800
19:58:51.465,0,-31.4,1,500,50000,500,50000,502,-8992,43540992,896,23526,-90807672
19:58:51.470,0,-32.5,1,500,50000,500,50000,450,-15348,43540880,950,22943,-90807584
19:58:51.475,0,-34.0,1,500,50000,500,50000,483,-24057,43540728,973,21284,-90807480
19:58:51.480,0,-35.2,1,500,50000,500,50000,513,-34550,43540496,936,20554,-90807352
19:58:51.485,0,-35.7,1,500,50000,500,50000,478,-41779,43540280,743,28997,-90807184
19:58:51.490,0,-35.3,1,500,50000,500,50000,428,-37047,43540084,719,31494,-90807032
19:58:51.495,0,-34.4,1,500,50000,500,50000,495,-25292,43540012,906,25064,-90806944
19:58:51.500,0,-33.5,1,500,50000,500,50000,520,-11765,43540004,942,21568,-90806840
19:58:51.505,0,-33.1,1,500,50000,500,50000,555,-8186,43539984,1010,20381,-90806728
19:58:51.510,0,-33.4,1,500,50000,500,50000,516,-14353,43539892,876,23927,-90806576
19:58:51.515,0,-34.3,1,500,50000,500,50000,519,-24491,43539740,827,25073,-90806464
19:58:51.520,0,-35.4,1,500,50000,500,50000,481,-37929,43539480,770,28830,-90806272
19:58:51.525,0,-36.1,1,500,50000,500,50000,471,-45184,43539188,666,31081,-90806128
19:58:51.531,0,-35.9,1,500,50000,500,50000,503,-43977,43538980,625,32857,-90805944
19:58:51.536,0,-35.0,1,500,50000,500,50000,496,-28305,43538912,744,28366,-90805832
19:58:51.541,0,-33.8,1,500,50000,500,50000,509,-12588,43538904,847,24898,-90805688
19:58:51.546,0,-32.9,1,500,50000,500,50000,545,-11143,43538864,695,30343,-90805528
19:58:51.551,0,-32.8,1,500,50000,500,50000,525,-16102,43538772,672,32026,-90805376
19:58:51.556,0,-33.5,1,500,50000,500,50000,501,-24783,43538624,793,26773,-90805288
19:58:51.561,0,-34.5,1,500,50000,500,50000,517,-37124,43538380,835,25353,-90805136
19:58:51.566,0,-35.4,1,500,50000,500,50000,490,-45721,43538136,630,31317,-90804968
19:58:51.571,0,-35.5,1,500,50000,500,50000,577,-44077,43537888,434,39784,-90804728
19:58:51.576,0,-34.8,1,500,50000,500,50000,499,-34935,43537752,467,40848,-90804544
19:58:51.581,0,-33.6,1,500,50000,500,50000,451,-25003,43537672,923,24633,-90804520
19:58:51.586,0,-32.6,1,500,50000,500,50000,466,-18308,43537600,932,18302,-90804368
19:58:51.591,0,-32.0,1,500,50000,500,50000,510,-21970,43537492,486,38666,-90804096
19:58:51.596,0,-32.2,1,500,50000,500,50000,511,-26643,43537336,446,42505,-90803920
19:58:51.602,0,-32.8,1,500,50000,500,50000,484,-35064,43537124,657,36582,-90803808
19:58:51.607,0,-33.5,1,500,50000,500,50000,498,-39429,43536916,967,21840,-90803752
19:58:51.612,0,-33.8,1,500,50000,500,50000,488,-29478,43536788,801,23759,-90803584
19:58:51.617,0,-33.7,1,500,50000,500,50000,497,-20871,43536728,800,26190,-90803416
19:58:51.622,0,-33.4,1,500,50000,500,50000,520,-12620,43536704,794,27389,-90803304
19:58:51.627,0,-33.3,1,500,50000,500,50000,531,-14662,43536620,925,25205,-90803184
19:58:51.632,0,-33.8,1,500,50000,500,50000,540,-22520,43536484,916,22416,-90803072
19:58:51.637,0,-34.5,1,500,50000,500,50000,504,-36228,43536228,797,25356,-90802928
19:58:51.642,0,-35.2,1,500,50000,500,50000,493,-48606,43535944,588,36474,-90802712
19:58:51.647,0,-34.7,1,500,50000,500,50000,472,-46221,43535732,712,33279,-90802584
19:58:51.652,0,-33.4,1,500,50000,500,50000,479,-36341,43535552,817,25185,-90802456
19:58:51.657,0,-32.2,1,500,50000,500,50000,446,-26511,43535476,654,29227,-90802296
19:58:51.662,0,-31.5,1,500,50000,500,50000,525,-15841,43535420,733,29498,-90802112
19:58:51.667,0,-31.5,1,500,50000,500,50000,526,-18527,43535312,662,32940,-90801952
19:58:51.672,0,-32.1,1,500,50000,500,50000,485,-25314,43535172,839,23030,-90801888
19:58:51.678,0,-32.9,1,500,50000,500,50000,525,-36239,43534932,729,27490,-90801696
19:58:51.683,0,-33.4,1,500,50000,500,50000,469,-38790,43534776,552,39154,-90801496
19:58:51.688,0,-33.4,1,500,50000,500,50000,456,-31997,43534620,702,30898,-90801384
19:58:51.693,0,-33.1,1,500,50000,500,50000,409,-25365,43534532,808,24390,-90801280
19:58:51.698,0,-32.9,1,500,50000,500,50000,519,-14883,43534504,738,28041,-90801104
19:58:51.703,0,-33.1,1,500,50000,500,50000,595,-15086,43534436,682,33048,-90800928
19:58:51.708,0,-33.8,1,500,50000,500,50000,494,-20393,43534308,826,27072,-90800864
19:58:51.713,0,-34.7,1,500,50000,500,50000,492,-32657,43534104,816,24897,-90800720
19:58:51.718,0,-35.2,1,500,50000,500,50000,514,-41650,43533844,679,29505,-90800536
19:58:51.723,0,-35.1,1,500,50000,500,50000,483,-46106,43533608,547,35366,-90800344
19:58:51.728,0,-34.2,1,500,50000,500,50000,527,-35273,43533444,753,27739,-90800256
19:58:51.733,0,-33.2,1,500,50000,500,50000,511,-16814,43533420,886,23464,-90800120
19:58:51.738,0,-32.6,1,500,50000,500,50000,666,-12164,43533384,786,27233,-90799936
19:58:51.743,0,-32.8,1,500,50000,500,50000,511,-13904,43533300,766,29815,-90799808
19:58:51.748,0,-33.6,1,500,50000,500,50000,489,-27896,43533108,904,24157,-90799712
19:58:51.753,0,-34.5,1,500,50000,500,50000,429,-46283,43532824,755,27437,-90799560
19:58:51.758,0,-34.7,1,500,50000,500,50000,478,-57917,43532452,575,35352,-90799336
19:58:51.763,0,-33.9,1,500,50000,500,50000,443,-46414,43532268,557,37797,-90799160
19:58:51.769,0,-32.6,1,500,50000,500,50000,509,-24722,43532212,845,26638,-90799088
19:58:51.774,0,-31.5,1,500,50000,500,50000,519,-13021,43532204,852,24169,-90798944
19:58:51.779,0,-31.2,1,500,50000,500,50000,520,-10676,43532172,667,29828,-90798792
19:58:51.784,0,-31.9,1,500,50000,500,50000,527,-19233,43532032,703,31557,-90798640
19:58:51.789,0,-33.2,1,500,50000,500,50000,486,-34950,43531800,843,27893,-90798520
19:58:51.794,0,-34.1,1,500,50000,500,50000,446,-51836,43531484,813,27291,-90798376
19:58:51.799,0,-34.2,1,500,50000,500,50000,475,-49206,43531216,543,35926,-90798144
19:58:51.804,0,-33.4,1,500,50000,500,50000,515,-31218,43531136,597,34113,-90797992
19:58:51.809,0,-32.4,1,500,50000,500,50000,527,-13858,43531132,809,26658,-90797920
19:58:51.814,0,-31.9,1,500,50000,500,50000,528,-11178,43531092,883,22970,-90797776
19:58:51.819,0,-32.3,1,500,50000,500,50000,523,-13026,43531028,661,33363,-90797592
19:58:51.824,0,-33.5,1,500,50000,500,50000,500,-25517,43530852,724,28983,-90797480
19:58:51.829,0,-34.7,1,500,50000,500,50000,507,-41932,43530580,815,26997,-90797336
19:58:51.834,0,-35.3,1,500,50000,500,50000,460,-51240,43530256,705,31146,-90797160
19:58:51.839,0,-35.0,1,500,50000,500,50000,494,-43169,43530088,589,34819,-90796968
19:58:51.845,0,-33.9,1,500,50000,500,50000,468,-25907,43530036,622,33164,-90796824
19:58:51.850,0,-32.9,1,500,50000,500,50000,524,-13929,43530004,842,23819,-90796768
19:58:51.855,0,-32.5,1,500,50000,500,50000,559,-16373,43529920,902,25295,-90796600
19:58:51.860,0,-32.8,1,500,50000,500,50000,513,-30954,43529700,840,29788,-90796432
19:58:51.865,0,-33.4,1,500,50000,500,50000,498,-51519,43529380,554,35222,-90796240
19:58:51.870,0,-33.6,1,500,50000,500,50000,455,-62931,43529032,613,31601,-90796112
19:58:51.875,0,-33.0,1,500,50000,500,50000,450,-45823,43528836,609,31838,-90795920
19:58:51.880,0,-31.7,1,500,50000,500,50000,504,-22637,43528804,746,29835,-90795760
19:58:51.885,0,-30.3,1,500,50000,500,50000,522,-9653,43528820,690,29315,-90795648
19:58:51.890,0,-29.9,1,500,50000,500,50000,524,-10719,43528752,890,27429,-90795536
19:58:51.895,0,-30.5,1,500,50000,500,50000,493,-16969,43528656,982,21790,-90795432
19:58:51.900,0,-31.9,1,500,50000,500,50000,516,-27897,43528468,951,23844,-90795312
19:58:51.905,0,-33.4,1,500,50000,500,50000,537,-35905,43528280,822,27580,-90795144
19:58:51.910,0,-34.4,1,500,50000,500,50000,463,-33429,43528100,823,27618,-90794992
19:58:51.915,0,-34.7,1,500,50000,500,50000,481,-28568,43527984,950,24452,-90794872
19:58:51.920,0,-34.6,1,500,50000,500,50000,535,-15040,43527960,857,26176,-90794752
19:58:51.925,0,-34.6,1,500,50000,500,50000,533,-9294,43527944,845,26085,-90794624
19:58:51.930,0,-35.0,1,500,50000,500,50000,560,-14680,43527848,893,22933,-90794528
19:58:51.936,0,-35.7,1,500,50000,500,50000,492,-23535,43527700,1014,21452,-90794440
19:58:51.941,0,-36.6,1,500,50000,500,50000,413,-36944,43527440,783,28136,-90794264
19:58:51.946,0,-37.0,1,500,50000,500,50000,451,-52079,43527088,651,34855,-90794080
19:58:51.951,0,-36.5,1,500,50000,500,50000,449,-51180,43526852,723,31638,-90793920
19:58:51.956,0,-35.2,1,500,50000,500,50000,466,-38822,43526676,689,30157,-90793792
19:58:51.961,0,-33.4,1,500,50000,500,50000,525,-23682,43526636,695,30764,-90793632
19:58:51.966,0,-31.8,1,500,50000,500,50000,501,-13946,43526600,729,31298,-90793464
19:58:51.971,0,-31.1,1,500,50000,500,50000,509,-14768,43526528,746,26902,-90793336
19:58:51.976,0,-31.3,1,500,50000,500,50000,507,-27907,43526324,671,28580,-90793192
19:58:51.981,0,-32.1,1,500,50000,500,50000,458,-36299,43526120,653,35931,-90792984
19:58:51.986,0,-32.9,1,500,50000,500,50000,459,-40563,43525912,631,33503,-90792832
19:58:51.991,0,-33.2,1,500,50000,500,50000,478,-31688,43525764,798,25392,-90792736
19:58:51.996,0,-32.9,1,500,50000,500,50000,503,-21880,43525704,725,29601,-90792552
19:58:52.001,0,-32.5,1,500,50000,500,50000,513,-15340,43525640,638,32090,-90792368
19:58:52.006,0,-32.4,1,500,50000,500,50000,502,-20869,43525524,789,31032,-90792256
19:58:52.011,0,-32.8,1,500,50000,500,50000,539,-27480,43525372,828,25470,-90792144
19:58:52.016,0,-33.4,1,500,50000,500,50000,504,-36813,43525128,703,30344,-90791960
19:58:52.037,0,-34.0,1,500,50000,500,50000,517,-14577,43524668,986,21010,-90791304
19:58:52.042,0,-34.2,1,500,50000,500,50000,538,-20563,43524576,826,27993,-90791176
19:58:52.047,0,-34.9,1,500,50000,500,50000,493,-29234,43524400,1046,22141,-90791104
19:58:52.052,0,-35.9,1,500,50000,500,50000,561,-40387,43524132,879,23451,-90790960
19:58:52.057,0,-36.9,1,500,50000,500,50000,454,-42546,43523924,720,32354,-90790744
19:58:52.062,0,-37.3,1,500,50000,500,50000,429,-35919,43523784,706,32274,-90790624
19:58:52.067,0,-37.0,1,500,50000,500,50000,474,-27006,43523656,897,26030,-90790512
19:58:52.072,0,-36.1,1,500,50000,500,50000,538,-25479,43523544,871,22478,-90790392
19:58:52.077,0,-34.3,1,500,50000,500,50000,455,-27295,43523396,787,31919,-90790208
19:58:52.082,0,-34.0,1,500,50000,500,50000,522,-29967,43523244,768,26635,-90790096
19:58:52.087,0,-33.9,1,500,50000,500,50000,491,-42972,43522984,732,29007,-90789920
19:58:52.092,0,-33.7,1,500,50000,500,50000,472,-45059,43522716,631,35732,-90789704
19:58:52.097,0,-33.3,1,500,50000,500,50000,469,-35211,43522580,634,33498,-90789576
19:58:52.102,0,-32.5,1,500,50000,500,50000,500,-20628,43522540,697,29684,-90789424
19:58:52.107,0,-31.7,1,500,50000,500,50000,519,-12334,43522508,778,24801,-90789296
19:58:52.113,0,-31.3,1,500,50000,500,50000,552,-13627,43522448,689,32219,-90789128
19:58:52.118,0,-31.7,1,500,50000,500,50000,526,-24805,43522276,724,34622,-90788976
19:58:52.123,0,-32.6,1,500,50000,500,50000,458,-36901,43522052,813,26392,-90788872
19:58:52.128,0,-33.6,1,500,50000,500,50000,468,-45906,43521760,617,32622,-90788680
19:58:52.133,0,-34.1,1,500,50000,500,50000,475,-42011,43521572,493,39099,-90788472
19:58:52.138,0,-33.8,1,500,50000,500,50000,531,-23184,43521492,638,33621,-90788312
19:58:52.143,0,-32.9,1,500,50000,500,50000,513,-12202,43521492,915,24916,-90788248
19:58:52.148,0,-32.1,1,500,50000,500,50000,470,-11102,43521436,974,20665,-90788120
19:58:52.153,0,-32.0,1,500,50000,500,50000,514,-19278,43521324,873,22145,-90787968
19:58:52.158,0,-32.7,1,500,50000,500,50000,498,-31696,43521108,564,36442,-90787752
19:58:52.163,0,-33.8,1,500,50000,500,50000,506,-40084,43520884,827,33414,-90787656
19:58:52.168,0,-34.8,1,500,50000,500,50000,561,-46528,43520636,919,24582,-90787544
19:58:52.173,0,-35.0,1,500,50000,500,50000,452,-41124,43520424,859,21501,-90787384
19:58:52.178,0,-34.5,1,500,50000,500,50000,563,-26446,43520376,562,33163,-90787168
19:58:52.183,0,-33.5,1,500,50000,500,50000,531,-13071,43520356,614,34907,-90787008
19:58:52.188,0,-32.8,1,500,50000,500,50000,529,-13214,43520292,689,32553,-90786888
19:58:52.193,0,-32.8,1,500,50000,500,50000,497,-23195,43520124,993,20845,-90786848
19:58:52.198,0,-33.5,1,500,50000,500,50000,451,-39566,43519872,873,21693,-90786688
19:58:52.203,0,-34.4,1,500,50000,500,50000,481,-52946,43519524,760,28519,-90786480
19:58:52.209,0,-34.9,1,500,50000,500,50000,475,-51367,43519284,511,39654,-90786272
19:58:52.214,0,-34.4,1,500,50000,500,50000,458,-37230,43519156,719,33566,-90786144
19:58:52.219,0,-33.2,1,500,50000,500,50000,505,-19612,43519112,784,25802,-90786016
19:58:52.224,0,-31.8,1,500,50000,500,50000,524,-12155,43519092,771,29913,-90785864
19:58:52.229,0,-30.9,1,500,50000,500,50000,516,-13692,43519032,719,30668,-90785728
19:58:52.234,0,-31.0,1,500,50000,500,50000,500,-24047,43518864,963,26173,-90785632
19:58:52.239,0,-31.9,1,500,50000,500,50000,558,-36830,43518640,841,23899,-90785488
19:58:52.244,0,-33.0,1,500,50000,500,50000,458,-47774,43518332,624,30508,-90785264
19:58:52.249,0,-33.7,1,500,50000,500,50000,388,-38915,43518184,541,38949,-90785080
19:58:52.254,0,-33.6,1,500,50000,500,50000,453,-26814,43518104,705,32260,-90784952
19:58:52.259,0,-32.9,1,500,50000,500,50000,508,-16019,43518064,853,23082,-90784872
19:58:52.264,0,-32.2,1,500,50000,500,50000,549,-16585,43517988,736,26811,-90784672
19:58:52.269,0,-32.1,1,500,50000,500,50000,560,-25138,43517824,643,32859,-90784480
19:58:52.274,0,-32.6,1,500,50000,500,50000,493,-37090,43517600,764,28953,-90784392
19:58:52.279,0,-33.5,1,500,50000,500,50000,481,-52084,43517284,744,28414,-90784208
19:58:52.284,0,-34.2,1,500,50000,500,50000,529,-50020,43517008,589,32476,-90783984
19:58:52.289,0,-34.0,1,500,50000,500,50000,492,-28840,43516956,497,40294,-90783792
19:58:52.294,0,-33.1,1,500,50000,500,50000,538,-12418,43516948,707,31574,-90783688
19:58:52.300,0,-32.1,1,500,50000,500,50000,515,-13152,43516888,845,24351,-90783568
19:58:52.305,0,-31.6,1,500,50000,500,50000,504,-22865,43516744,743,30973,-90783400
19:58:52.310,0,-32.0,1,500,50000,500,50000,518,-38585,43516480,572,37749,-90783200
19:58:52.315,0,-33.0,1,500,50000,500,50000,480,-53029,43516168,693,32624,-90783072
19:58:52.320,0,-34.0,1,500,50000,500,50000,449,-53504,43515864,737,29786,-90782936
19:58:52.325,0,-34.2,1,500,50000,500,50000,530,-39410,43515736,614,34813,-90782720
19:58:52.330,0,-33.5,1,500,50000,500,50000,507,-20941,43515688,667,32732,-90782584
19:58:52.335,0,-32.2,1,500,50000,500,50000,526,-10601,43515684,925,25388,-90782488
19:58:52.340,0,-31.3,1,500,50000,500,50000,532,-12706,43515612,906,23468,-90782376
19:58:52.345,0,-31.3,1,500,50000,500,50000,501,-27481,43515428,736,29682,-90782192
19:58:52.350,0,-32.1,1,500,50000,500,50000,487,-43582,43515124,710,33825,-90782024
19:58:52.355,0,-33.4,1,500,50000,500,50000,470,-52129,43514840,841,28696,-90781928
19:58:52.360,0,-34.2,1,500,50000,500,50000,460,-45637,43514600,705,29312,-90781752
19:58:52.365,0,-34.0,1,500,50000,500,50000,515,-32473,43514496,602,33189,-90781560
19:58:52.370,0,-33.0,1,500,50000,500,50000,542,-20417,43514436,709,34412,-90781408
19:58:52.375,0,-31.6,1,500,50000,500,50000,489,-17901,43514356,859,22709,-90781344
19:58:52.380,0,-30.7,1,500,50000,500,50000,531,-24011,43514224,749,28169,-90781152
19:58:52.385,0,-30.6,1,500,50000,500,50000,505,-33404,43514000,628,35538,-90780960
19:58:52.391,0,-31.2,1,500,50000,500,50000,416,-39161,43513788,781,29139,-90780856
19:58:52.396,0,-32.0,1,500,50000,500,50000,474,-32298,43513636,755,28080,-90780696
19:58:52.401,0,-32.6,1,500,50000,500,50000,502,-22159,43513576,665,30203,-90780512
19:58:52.406,0,-32.7,1,500,50000,500,50000,526,-18263,43513496,643,34188,-90780360
19:58:52.411,0,-32.7,1,500,50000,500,50000,624,-19146,43513396,821,28300,-90780248
19:58:52.416,0,-32.9,1,500,50000,500,50000,531,-30523,43513204,827,26294,-90780104
19:58:52.421,0,-33.5,1,500,50000,500,50000,465,-39179,43512948,595,32341,-90779920
19:58:52.426,0,-34.2,1,500,50000,500,50000,483,-43080,43512724,627,36707,-90779728
19:58:52.431,0,-34.7,1,500,50000,500,50000,486,-36717,43512568,787,31047,-90779616
19:58:52.436,0,-34.6,1,500,50000,500,50000,485,-30156,43512424,889,25172,-90779504
19:58:52.441,0,-34.0,1,500,50000,500,50000,591,-25519,43512324,742,29522,-90779320
19:58:52.446,0,-33.2,1,500,50000,500,50000,606,-29877,43512140,695,33379,-90779176
19:58:52.451,0,-32.6,1,500,50000,500,50000,469,-42258,43511892,822,28775,-90779040
19:58:52.456,0,-32.3,1,500,50000,500,50000,509,-45753,43511620,834,25338,-90778888
19:58:52.461,0,-32.2,1,500,50000,500,50000,522,-36515,43511492,553,35593,-90778688
19:58:52.466,0,-32.0,1,500,50000,500,50000,471,-26179,43511412,746,30844,-90778552
19:58:52.471,0,-31.6,1,500,50000,500,50000,487,-18782,43511336,803,28001,-90778424
19:58:52.476,0,-31.3,1,500,50000,500,50000,521,-25233,43511188,826,25175,-90778312
19:58:52.482,0,-31.2,1,500,50000,500,50000,507,-39187,43510924,686,31476,-90778128
19:58:52.487,0,-31.4,1,500,50000,500,50000,475,-45414,43510672,682,33223,-90777976
19:58:52.492,0,-31.8,1,500,50000,500,50000,491,-35858,43510536,678,33207,-90777792
19:58:52.502,0,-31.7,1,500,50000,500,50000,535,-9064,43510500,825,27750,-90777456
19:58:52.507,0,-31.5,1,500,50000,500,50000,528,-18334,43510372,886,26980,-90777312
19:58:52.512,0,-31.6,1,500,50000,500,50000,508,-25485,43510228,744,29058,-90777192
19:58:52.517,0,-32.5,1,500,50000,500,50000,465,-44230,43509940,755,29472,-90777024
19:58:52.522,0,-33.9,1,500,50000,500,50000,417,-55234,43509680,695,34102,-90776896
19:58:52.527,0,-35.2,1,500,50000,500,50000,465,-52445,43509436,667,32429,-90776728
19:58:52.532,0,-35.0,1,500,50000,500,50000,470,-39850,43509304,604,32781,-90776568
19:58:52.537,0,-33.6,1,500,50000,500,50000,513,-19487,43509284,725,34629,-90776392
19:58:52.542,0,-32.2,1,500,50000,500,50000,538,-10487,43509268,702,31312,-90776264
19:58:52.547,0,-31.6,1,500,50000,500,50000,502,-14060,43509184,830,27880,-90776152
19:58:52.552,0,-31.9,1,500,50000,500,50000,510,-32904,43508932,964,20397,-90776072
19:58:52.557,0,-32.9,1,500,50000,500,50000,484,-47735,43508656,694,31923,-90775840
19:58:52.562,0,-33.6,1,500,50000,500,50000,440,-54459,43508316,496,39913,-90775632
19:58:52.568,0,-33.5,1,500,50000,500,50000,384,-44511,43508148,716,30958,-90775536
19:58:52.573,0,-32.5,1,500,50000,500,50000,475,-26897,43508064,870,25120,-90775392
19:58:52.578,0,-31.1,1,500,50000,500,50000,512,-22070,43507988,752,28799,-90775192
19:58:52.583,0,-30.0,1,500,50000,500,50000,525,-25332,43507852,624,32610,-90775016
19:58:52.588,0,-29.7,1,500,50000,500,50000,485,-30773,43507664,700,34335,-90774880
19:58:52.593,0,-30.0,1,500,50000,500,50000,477,-37672,43507448,787,29761,-90774744
19:58:52.598,0,-30.6,1,500,50000,500,50000,550,-34625,43507272,747,27755,-90774584
19:58:52.603,0,-30.9,1,500,50000,500,50000,502,-23873,43507200,588,37665,-90774384
19:58:52.608,0,-31.0,1,500,50000,500,50000,494,-17760,43507128,771,32212,-90774256
19:58:52.613,0,-31.0,1,500,50000,500,50000,520,-16918,43507064,868,25409,-90774152
19:58:52.618,0,-31.5,1,500,50000,500,50000,509,-18921,43506948,942,23808,-90774008
19:58:52.623,0,-32.3,1,500,50000,500,50000,489,-31847,43506724,689,29120,-90773816
19:58:52.628,0,-33.3,1,500,50000,500,50000,508,-44425,43506472,615,36346,-90773632
19:58:52.633,0,-34.1,1,500,50000,500,50000,467,-47489,43506232,644,37390,-90773464
19:58:52.638,0,-34.1,1,500,50000,500,50000,461,-34704,43506076,785,28117,-90773360
19:58:52.643,0,-33.5,1,500,50000,500,50000,492,-22864,43506040,792,27276,-90773184
19:58:52.648,0,-32.5,1,500,50000,500,50000,535,-12704,43506012,614,34243,-90773016
19:58:52.653,0,-31.8,1,500,50000,500,50000,520,-11138,43505972,731,30442,-90772880
19:58:52.659,0,-31.9,1,500,50000,500,50000,503,-20239,43505844,921,23484,-90772808
19:58:52.664,0,-32.7,1,500,50000,500,50000,510,-35679,43505592,914,22368,-90772656
19:58:52.669,0,-33.7,1,500,50000,500,50000,513,-49564,43505300,692,29683,-90772432
19:58:52.674,0,-34.3,1,500,50000,500,50000,499,-53223,43504984,423,44240,-90772200
19:58:52.679,0,-34.0,1,500,50000,500,50000,466,-40726,43504836,594,36983,-90772056
19:58:52.684,0,-32.8,1,500,50000,500,50000,473,-25870,43504776,765,25865,-90771960
19:58:52.689,0,-31.3,1,500,50000,500,50000,533,-16487,43504724,670,28171,-90771760
19:58:52.694,0,-30.1,1,500,50000,500,50000,540,-15613,43504664,496,36187,-90771536
19:58:52.699,0,-29.9,1,500,50000,500,50000,494,-23791,43504516,553,42186,-90771376
19:58:52.704,0,-30.6,1,500,50000,500,50000,457,-40810,43504220,775,35595,-90771248
19:58:52.709,0,-31.6,1,500,50000,500,50000,495,-52845,43503916,888,17857,-90771192
19:58:52.714,0,-32.2,1,500,50000,500,50000,495,-48759,43503672,350,37588,-90770856
19:58:52.719,0,-32.1,1,500,50000,500,50000,517,-32694,43503588,57,58448,-90770536
19:58:52.724,0,-31.3,1,500,50000,500,50000,408,-24416,43503496,871,27745,-90770632
19:58:52.729,0,-30.3,1,500,50000,500,50000,471,-22345,43503380,1284,4560,-90770576
19:58:52.734,0,-29.8,1,500,50000,500,50000,569,-30357,43503228,618,21270,-90770248
19:58:52.739,0,-30.0,1,500,50000,500,50000,560,-33334,43503040,-54,67230,-90769848
19:58:52.744,0,-30.7,1,500,50000,500,50000,356,-32974,43502872,912,32982,-90769904
19:58:52.750,0,-31.5,1,500,50000,500,50000,443,-38106,43502632,1369,3195,-90769888
19:58:52.755,0,-32.1,1,500,50000,500,50000,554,-37992,43502468,619,24510,-90769512
19:58:52.760,0,-32.3,1,500,50000,500,50000,536,-32166,43502320,-70,69419,-90769112
19:58:52.765,0,-32.1,1,500,50000,500,50000,390,-26269,43502208,833,33507,-90769192
19:58:52.770,0,-31.9,1,500,50000,500,50000,449,-30453,43502024,1318,-210,-90769200
19:58:52.775,0,-31.7,1,500,50000,500,50000,590,-31535,43501896,79,52366,-90768672
19:58:52.780,0,-31.8,1,500,50000,500,50000,560,-30476,43501736,65,65469,-90768456
19:58:52.785,0,-31.9,1,500,50000,500,50000,442,-32096,43501568,1080,28659,-90768544
19:58:52.790,0,-32.1,1,500,50000,500,50000,464,-39161,43501332,1400,-3991,-90768512
19:58:52.795,0,-32.3,1,500,50000,500,50000,544,-39293,43501164,-85,67862,-90767896
19:58:52.800,0,-32.2,1,500,50000,500,50000,484,-34662,43500980,405,51619,-90767880
19:58:52.805,0,-31.9,1,500,50000,500,50000,478,-35694,43500804,1487,3024,-90767984
19:58:52.810,0,-31.6,1,500,50000,500,50000,555,-35269,43500640,218,45829,-90767488
19:58:52.815,0,-31.2,1,500,50000,500,50000,548,-27718,43500532,-152,72336,-90767200
19:58:52.820,0,-31.0,1,500,50000,500,50000,412,-24826,43500404,1096,24809,-90767360
19:58:52.825,0,-31.1,1,500,50000,500,50000,512,-39629,43500168,886,11589,-90767216
19:58:52.830,0,-31.4,1,500,50000,500,50000,588,-47630,43499892,21,59889,-90766728
19:58:52.836,0,-31.6,1,500,50000,500,50000,441,-44472,43499688,140,63694,-90766576
19:58:52.841,0,-31.5,1,500,50000,500,50000,435,-41428,43499492,1282,1967,-90766792
19:58:52.846,0,-31.1,1,500,50000,500,50000,548,-28695,43499404,663,24660,-90766424
19:58:52.851,0,-30.5,1,500,50000,500,50000,548,-17957,43499368,161,54350,-90766120
19:58:52.856,0,-30.0,1,500,50000,500,50000,521,-18609,43499256,571,44035,-90766024
19:58:52.861,0,-30.2,1,500,50000,500,50000,466,-29878,43499060,1085,14037,-90766056
19:58:52.866,0,-30.8,1,500,50000,500,50000,525,-40772,43498832,765,26472,-90765784
19:58:52.871,0,-31.7,1,500,50000,500,50000,513,-43650,43498584,404,41950,-90765512
19:58:52.876,0,-32.5,1,500,50000,500,50000,456,-35209,43498440,660,35913,-90765416
19:58:52.881,0,-32.8,1,500,50000,500,50000,468,-24572,43498336,855,27536,-90765280
19:58:52.886,0,-32.6,1,500,50000,500,50000,528,-21352,43498248,784,25196,-90765152
19:58:52.891,0,-32.4,1,500,50000,500,50000,563,-28892,43498084,612,34875,-90764928
19:58:52.896,0,-32.4,1,500,50000,500,50000,521,-48104,43497748,514,37873,-90764728
19:58:52.901,0,-32.7,1,500,50000,500,50000,425,-56043,43497448,654,34044,-90764600
19:58:52.906,0,-32.8,1,500,50000,500,50000,390,-43849,43497236,732,30641,-90764416
19:58:52.911,0,-32.5,1,500,50000,500,50000,493,-28712,43497168,646,29284,-90764224
19:58:52.916,0,-31.6,1,500,50000,500,50000,490,-16766,43497140,485,39868,-90764016
19:58:52.922,0,-30.6,1,500,50000,500,50000,509,-17932,43497044,698,34231,-90763888
19:58:52.927,0,-30.0,1,500,50000,500,50000,573,-30637,43496852,782,27136,-90763776
19:58:52.932,0,-30.3,1,500,50000,500,50000,481,-51405,43496480,632,32360,-90763584
19:58:52.937,0,-31.1,1,500,50000,500,50000,485,-52334,43496224,463,42921,-90763328
19:58:52.942,0,-31.8,1,500,50000,500,50000,457,-38221,43496068,575,35546,-90763184
19:58:52.947,0,-31.8,1,500,50000,500,50000,506,-23019,43496020,835,25912,-90763072
19:58:52.952,0,-31.0,1,500,50000,500,50000,518,-15611,43495976,697,29589,-90762896
19:58:52.957,0,-30.0,1,500,50000,500,50000,527,-18183,43495888,586,34923,-90762712
19:58:52.962,0,-30.2,1,500,50000,500,50000,511,-30985,43495668,590,35988,-90762544
19:58:52.967,0,-31.3,1,500,50000,500,50000,500,-41092,43495428,851,27940,-90762472
19:58:52.972,0,-32.3,1,500,50000,500,50000,507,-40226,43495204,697,30575,-90762256
19:58:52.977,0,-32.8,1,500,50000,500,50000,476,-28903,43495124,571,36135,-90762056
19:58:52.987,0,-32.7,1,500,50000,500,50000,522,-21077,43494916,668,32815,-90761744
19:58:52.992,0,-33.0,1,500,50000,500,50000,507,-31823,43494728,742,32328,-90761608
19:58:52.998,0,-33.6,1,500,50000,500,50000,474,-43972,43494436,830,26953,-90761496
19:58:52.998,0,-33.6,1,500,50000,500,50000,459,-44477,43494304,631,35885,-90761336
19:58:53.003,0,-34.3,1,500,50000,500,50000,482,-34204,43494152,723,31730,-90761184
19:58:53.008,0,-34.4,1,500,50000,500,50000,519,-22039,43494096,719,30836,-90761024
19:58:53.013,0,-34.0,1,500,50000,500,50000,504,-14195,43494048,784,29080,-90760888
19:58:53.018,0,-33.4,1,500,50000,500,50000,453,-16675,43493964,946,25998,-90760792
19:58:53.023,0,-33.0,1,500,50000,500,50000,512,-31400,43493740,880,24848,-90760640
19:58:53.028,0,-33.2,1,500,50000,500,50000,500,-48547,43493444,648,33785,-90760416
19:58:53.033,0,-33.9,1,500,50000,500,50000,470,-58000,43493128,568,38644,-90760248
19:58:53.038,0,-34.4,1,500,50000,500,50000,448,-45751,43492900,734,30256,-90760120
19:58:53.043,0,-34.1,1,500,50000,500,50000,495,-26232,43492852,667,31835,-90759944
19:58:53.048,0,-33.0,1,500,50000,500,50000,532,-15434,43492828,561,37300,-90759744
19:58:53.053,0,-31.5,1,500,50000,500,50000,536,-13038,43492772,720,32627,-90759608
19:58:53.058,0,-30.3,1,500,50000,500,50000,490,-22327,43492628,794,28425,-90759504
19:58:53.063,0,-30.2,1,500,50000,500,50000,497,-42667,43492312,749,28457,-90759336
19:58:53.068,0,-31.0,1,500,50000,500,50000,504,-52038,43492024,507,38238,-90759112
19:58:53.074,0,-32.1,1,500,50000,500,50000,418,-46319,43491812,425,42704,-90758888
19:58:53.079,0,-32.7,1,500,50000,500,50000,479,-27705,43491708,567,37051,-90758744
19:58:53.084,0,-32.5,1,500,50000,500,50000,507,-17206,43491672,847,24577,-90758664
19:58:53.089,0,-31.6,1,500,50000,500,50000,554,-14561,43491604,747,25679,-90758480
19:58:53.094,0,-30.8,1,500,50000,500,50000,513,-22154,43491476,584,37176,-90758272
19:58:53.099,0,-30.7,1,500,50000,500,50000,466,-34544,43491264,488,39906,-90758104
19:58:53.109,0,-32.8,1,500,50000,500,50000,536,-48450,43490932,683,35279,-90757960
19:58:53.114,0,-33.7,1,500,50000,500,50000,450,-47511,43490664,792,28990,-90757816
19:58:53.119,0,-33.9,1,500,50000,500,50000,478,-35057,43490544,631,29581,-90757664
19:58:53.119,0,-33.9,1,500,50000,500,50000,519,-21851,43490496,618,37092,-90757440
19:58:53.124,0,-33.2,1,500,50000,500,50000,496,-15576,43490452,753,27142,-90757376
19:58:53.129,0,-32.1,1,500,50000,500,50000,527,-20511,43490328,816,25654,-90757224
19:58:53.135,0,-31.5,1,500,50000,500,50000,535,-33910,43490124,713,30250,-90757032
19:58:53.140,0,-31.6,1,500,50000,500,50000,487,-41903,43489892,589,36177,-90756816
19:58:53.145,0,-32.3,1,500,50000,500,50000,472,-41520,43489656,658,38762,-90756664
19:58:53.150,0,-33.0,1,500,50000,500,50000,470,-35589,43489508,777,29988,-90756544
19:58:53.155,0,-33.3,1,500,50000,500,50000,488,-28597,43489380,805,24866,-90756392
19:58:53.160,0,-32.9,1,500,50000,500,50000,529,-21322,43489296,677,38921,-90756168
19:58:53.165,0,-32.1,1,500,50000,500,50000,423,-26667,43489152,709,32800,-90756032
19:58:53.170,0,-31.5,1,500,50000,500,50000,505,-34902,43488932,851,27810,-90755888
19:58:53.175,0,-31.4,1,500,50000,500,50000,417,-37364,43488756,591,32722,-90755704
19:58:53.180,0,-31.6,1,500,50000,500,50000,510,-32333,43488600,469,40007,-90755472
19:58:53.185,0,-32.0,1,500,50000,500,50000,482,-24585,43488520,526,39976,-90755312
19:58:53.190,0,-32.2,1,500,50000,500,50000,493,-21157,43488412,723,32676,-90755184
19:58:53.195,0,-32.3,1,500,50000,500,50000,482,-28637,43488248,906,24181,-90755096
19:58:53.200,0,-32.4,1,500,50000,500,50000,502,-38364,43488004,747,30244,-90754888
19:58:53.205,0,-32.5,1,500,50000,500,50000,501,-43068,43487780,592,36031,-90754680
19:58:53.210,0,-32.8,1,500,50000,500,50000,462,-36116,43487600,803,30798,-90754584
19:58:53.216,0,-32.9,1,500,50000,500,50000,478,-21468,43487532,919,23048,-90754464
19:58:53.221,0,-32.7,1,500,50000,500,50000,555,-14719,43487496,915,22445,-90754312
19:58:53.226,0,-32.1,1,500,50000,500,50000,585,-17619,43487400,802,28419,-90754120
19:58:53.231,0,-31.7,1,500,50000,500,50000,546,-30034,43487204,651,34396,-90753968
19:58:53.236,0,-31.9,1,500,50000,500,50000,460,-56561,43486832,763,32915,-90753824
19:58:53.241,0,-32.6,1,500,50000,500,50000,442,-62523,43486452,751,29754,-90753680
19:58:53.246,0,-33.4,1,500,50000,500,50000,459,-45365,43486304,552,34105,-90753456
19:58:53.251,0,-33.7,1,500,50000,500,50000,523,-19343,43486292,507,36564,-90753264
19:58:53.256,0,-33.0,1,500,50000,500,50000,530,-8662,43486300,728,28312,-90753184
19:58:53.261,0,-31.6,1,500,50000,500,50000,573,-12351,43486228,894,26251,-90753040
19:58:53.266,0,-30.4,1,500,50000,500,50000,534,-20698,43486096,801,28203,-90752896
19:58:53.271,0,-30.2,1,500,50000,500,50000,504,-41510,43485820,621,33049,-90752704
19:58:53.276,0,-31.1,1,500,50000,500,50000,479,-56886,43485432,538,37975,-90752496
19:58:53.281,0,-32.6,1,500,50000,500,50000,411,-53756,43485184,695,32374,-90752376
19:58:53.286,0,-33.8,1,500,50000,500,50000,489,-37768,43485076,732,28365,-90752192
19:58:53.291,0,-34.0,1,500,50000,500,50000,497,-17080,43485064,553,36643,-90751992
19:58:53.296,0,-33.0,1,500,50000,500,50000,524,-13825,43485016,632,34577,-90751848
19:58:53.302,0,-31.7,1,500,50000,500,50000,586,-23851,43484852,806,34047,-90751696
19:58:53.307,0,-30.7,1,500,50000,500,50000,517,-35735,43484632,846,26162,-90751592
19:58:53.312,0,-30.7,1,500,50000,500,50000,538,-45536,43484368,585,34872,-90751360
19:58:53.317,0,-31.5,1,500,50000,500,50000,496,-40157,43484152,487,40904,-90751136
19:58:53.322,0,-32.6,1,500,50000,500,50000,507,-30886,43484036,763,31729,-90751048
19:58:53.327,0,-33.2,1,500,50000,500,50000,462,-26562,43483924,835,23729,-90750912
19:58:53.332,0,-33.0,1,500,50000,500,50000,500,-32336,43483732,730,29789,-90750688
19:58:53.337,0,-32.4,1,500,50000,500,50000,518,-40874,43483508,468,42795,-90750472
19:58:53.342,0,-31.9,1,500,50000,500,50000,475,-46991,43483220,585,36468,-90750336
19:58:53.347,0,-31.7,1,500,50000,500,50000,476,-39839,43483060,829,28927,-90750192
19:58:53.352,0,-31.7,1,500,50000,500,50000,499,-32566,43482912,819,26597,-90750016
19:58:53.357,0,-31.4,1,500,50000,500,50000,502,-27961,43482804,564,35272,-90749832
19:58:53.362,0,-31.0,1,500,50000,500,50000,518,-28766,43482648,646,34955,-90749664
19:58:53.367,0,-30.7,1,500,50000,500,50000,526,-37750,43482436,726,32693,-90749520
19:58:53.372,0,-30.7,1,500,50000,500,50000,478,-36054,43482244,754,28218,-90749392
19:58:53.377,0,-31.0,1,500,50000,500,50000,480,-26458,43482164,619,36836,-90749168
19:58:53.382,0,-31.2,1,500,50000,500,50000,502,-15825,43482112,692,33751,-90749024
19:58:53.387,0,-31.5,1,500,50000,500,50000,523,-15289,43482036,986,24366,-90748976
19:58:53.393,0,-31.9,1,500,50000,500,50000,515,-24369,43481884,973,23863,-90748824
19:58:53.398,0,-32.7,1,500,50000,500,50000,482,-40633,43481604,847,27133,-90748640
19:58:53.403,0,-33.6,1,500,50000,500,50000,413,-47124,43481364,605,36381,-90748424
19:58:53.408,0,-34.4,1,500,50000,500,50000,478,-39682,43481176,687,35934,-90748288
19:58:53.413,0,-34.5,1,500,50000,500,50000,448,-29395,43481072,837,27274,-90748168
19:58:53.418,0,-34.0,1,500,50000,500,50000,620,-22518,43480992,786,29113,-90747984
19:58:53.423,0,-33.1,1,500,50000,500,50000,503,-21238,43480884,631,32333,-90747816
19:58:53.428,0,-32.6,1,500,50000,500,50000,509,-33419,43480676,811,30799,-90747704
19:58:53.433,0,-32.6,1,500,50000,500,50000,491,-46126,43480412,833,28095,-90747544
19:58:53.438,0,-33.0,1,500,50000,500,50000,499,-51808,43480104,652,33734,-90747344
19:58:53.443,0,-33.4,1,500,50000,500,50000,492,-42153,43479948,469,40962,-90747120
19:58:53.448,0,-33.3,1,500,50000,500,50000,476,-32096,43479828,657,34216,-90747000
19:58:53.453,0,-32.7,1,500,50000,500,50000,489,-24646,43479724,845,25813,-90746888
19:58:53.468,0,-30.8,1,500,50000,500,50000,490,-42177,43479220,671,32767,-90746464
19:58:53.473,0,-31.0,1,500,50000,500,50000,496,-42567,43479016,563,37471,-90746264
19:58:53.479,0,-31.2,1,500,50000,500,50000,502,-39120,43478832,765,30843,-90746160
19:58:53.479,0,-31.2,1,500,50000,500,50000,532,-35614,43478716,629,33416,-90746032
19:58:53.484,0,-31.1,1,500,50000,500,50000,458,-30672,43478592,641,36197,-90745840
19:58:53.489,0,-30.8,1,500,50000,500,50000,425,-30564,43478448,689,34555,-90745696
19:58:53.494,0,-30.4,1,500,50000,500,50000,455,-37192,43478212,834,27019,-90745584
19:58:53.499,0,-30.2,1,500,50000,500,50000,430,-35746,43478052,590,32943,-90745360
19:58:53.504,0,-30.1,1,500,50000,500,50000,484,-16920,43478028,634,34048,-90745224
19:58:53.509,0,-30.2,1,500,50000,500,50000,421,-9686,43478008,832,28447,-90745096
19:58:53.514,0,-30.5,1,500,50000,500,50000,556,-14784,43477924,946,25200,-90744952
19:58:53.519,0,-31.0,1,500,50000,500,50000,564,-23311,43477768,691,31455,-90744768
19:58:53.524,0,-32.1,1,500,50000,500,50000,499,-32764,43477568,661,34963,-90744592
19:58:53.529,0,-33.5,1,500,50000,500,50000,496,-41992,43477300,811,28522,-90744480
19:58:53.534,0,-34.8,1,500,50000,500,50000,475,-50736,43477044,776,29470,-90744320
19:58:53.539,0,-35.6,1,500,50000,500,50000,508,-48106,43476820,476,40480,-90744064
19:58:53.544,0,-35.4,1,500,50000,500,50000,496,-33636,43476684,501,40815,-90743888
19:58:53.549,0,-34.5,1,500,50000,500,50000,489,-21945,43476632,874,29926,-90743808
19:58:53.554,0,-33.2,1,500,50000,500,50000,533,-19571,43476544,870,27010,-90743656
19:58:53.559,0,-32.1,1,500,50000,500,50000,534,-24883,43476416,772,28353,-90743496
19:58:53.564,0,-31.8,1,500,50000,500,50000,455,-41885,43476132,561,36284,-90743280
19:58:53.570,0,-32.1,1,500,50000,500,50000,478,-55732,43475816,791,29197,-90743200
19:58:53.575,0,-32.8,1,500,50000,500,50000,450,-51541,43475540,698,30705,-90742984
19:58:53.580,0,-33.1,1,500,50000,500,50000,488,-31969,43475436,554,35087,-90742760
19:58:53.585,0,-32.5,1,500,50000,500,50000,515,-14908,43475428,652,36980,-90742576
19:58:53.590,0,-31.3,1,500,50000,500,50000,515,-14396,43475364,876,30287,-90742464
19:58:53.595,0,-30.0,1,500,50000,500,50000,499,-23391,43475204,826,27826,-90742352
19:58:53.600,0,-29.5,1,500,50000,500,50000,517,-35331,43475000,763,30911,-90742224
19:58:53.605,0,-29.9,1,500,50000,500,50000,587,-43628,43474772,763,30306,-90742064
19:58:53.610,0,-30.9,1,500,50000,500,50000,469,-43966,43474532,790,32114,-90741888
19:58:53.615,0,-31.8,1,500,50000,500,50000,490,-31074,43474436,841,27431,-90741744
19:58:53.620,0,-32.1,1,500,50000,500,50000,553,-16383,43474404,678,33652,-90741576
19:58:53.625,0,-31.7,1,500,50000,500,50000,608,-12269,43474372,789,32803,-90741424
19:58:53.630,0,-31.1,1,500,50000,500,50000,536,-20721,43474224,912,26940,-90741320
19:58:53.635,0,-30.9,1,500,50000,500,50000,459,-34199,43474008,872,24251,-90741184
19:58:53.640,0,-31.4,1,500,50000,500,50000,470,-35013,43473844,639,35740,-90740960
19:58:53.645,0,-32.4,1,500,50000,500,50000,500,-31741,43473672,648,37428,-90740776
19:58:53.650,0,-33.3,1,500,50000,500,50000,498,-28305,43473552,810,31339,-90740672
19:58:53.656,0,-33.9,1,500,50000,500,50000,505,-24364,43473428,865,24100,-90740552
19:58:53.661,0,-34.0,1,500,50000,500,50000,506,-25255,43473304,603,33187,-90740336
19:58:53.666,0,-33.9,1,500,50000,500,50000,460,-22636,43473204,632,34710,-90740160
19:58:53.671,0,-33.9,1,500,50000,500,50000,514,-23227,43473068,660,32680,-90740024
19:58:53.676,0,-34.1,1,500,50000,500,50000,497,-29352,43472892,901,26761,-90739928
19:58:53.681,0,-34.6,1,500,50000,500,50000,487,-38614,43472676,807,26608,-90739768
19:58:53.686,0,-35.0,1,500,50000,500,50000,541,-48856,43472368,562,38669,-90739504
19:58:53.691,0,-35.3,1,500,50000,500,50000,491,-49465,43472120,580,38427,-90739360
19:58:53.696,0,-35.1,1,500,50000,500,50000,411,-40436,43471904,704,32466,-90739192
19:58:53.701,0,-34.2,1,500,50000,500,50000,504,-29292,43471808,649,31940,-90739024
19:58:53.706,0,-32.8,1,500,50000,500,50000,487,-18088,43471772,556,38319,-90738800
19:58:53.711,0,-31.3,1,500,50000,500,50000,496,-18111,43471676,659,35389,-90738648
19:58:53.716,0,-30.0,1,500,50000,500,50000,492,-25044,43471532,784,33060,-90738536
19:58:53.721,0,-29.5,1,500,50000,500,50000,475,-41753,43471232,835,27441,-90738384
19:58:53.726,0,-29.8,1,500,50000,500,50000,596,-44634,43471000,710,28148,-90738184
19:58:53.731,0,-30.6,1,500,50000,500,50000,465,-37008,43470852,506,40383,-90737960
19:58:53.736,0,-31.3,1,500,50000,500,50000,516,-23928,43470764,668,34255,-90737832
19:58:53.741,0,-31.4,1,500,50000,500,50000,468,-17502,43470704,902,27614,-90737720
19:58:53.747,0,-30.9,1,500,50000,500,50000,528,-18956,43470596,876,26095,-90737584
19:58:53.752,0,-30.4,1,500,50000,500,50000,582,-32277,43470392,632,35176,-90737360
19:58:53.757,0,-30.3,1,500,50000,500,50000,500,-37773,43470196,520,39612,-90737168
19:58:53.762,0,-30.8,1,500,50000,500,50000,469,-38583,43469960,672,31327,-90737080
19:58:53.767,0,-31.7,1,500,50000,500,50000,488,-29626,43469864,752,29808,-90736896
19:58:53.772,0,-32.3,1,500,50000,500,50000,511,-13238,43469864,655,32764,-90736712
19:58:53.777,0,-32.6,1,500,50000,500,50000,533,-8157,43469844,727,32579,-90736560
19:58:53.782,0,-32.5,1,500,50000,500,50000,515,-12224,43469760,965,25581,-90736488
19:58:53.787,0,-32.7,1,500,50000,500,50000,522,-26998,43469572,917,25380,-90736336
19:58:53.792,0,-33.5,1,500,50000,500,50000,524,-43126,43469284,723,31117,-90736136
19:58:53.797,0,-34.7,1,500,50000,500,50000,488,-50412,43469012,658,34871,-90735984
19:58:53.802,0,-36.6,1,500,50000,500,50000,439,-46883,43468756,772,30339,-90735824
19:58:53.807,0,-36.2,1,500,50000,500,50000,748,-39768,43468568,779,27973,-90735664
19:58:53.812,0,-34.9,1,500,50000,500,50000,511,-31195,43468468,617,33534,-90735440
19:58:53.817,0,-33.1,1,500,50000,500,50000,502,-27234,43468336,512,36049,-90735296
19:58:53.822,0,-31.5,1,500,50000,500,50000,466,-28101,43468208,767,32176,-90735144
19:58:53.827,0,-30.6,1,500,50000,500,50000,526,-30426,43468036,811,29469,-90734976
19:58:53.833,0,-30.4,1,500,50000,500,50000,469,-34791,43467860,581,36367,-90734784
19:58:53.838,0,-30.7,1,500,50000,500,50000,494,-29775,43467720,597,36375,-90734624
19:58:53.843,0,-31.1,1,500,50000,500,50000,502,-29768,43467576,832,29765,-90734496
19:58:53.848,0,-31.3,1,500,50000,500,50000,487,-31034,43467404,798,27348,-90734360
19:58:53.853,0,-31.4,1,500,50000,500,50000,493,-37903,43467196,665,35051,-90734136
19:58:53.858,0,-31.5,1,500,50000,500,50000,477,-34722,43467032,571,38311,-90733952
19:58:53.863,0,-31.5,1,500,50000,500,50000,483,-26413,43466908,840,28919,-90733880
19:58:53.868,0,-31.5,1,500,50000,500,50000,506,-18577,43466852,974,24202,-90733736
19:58:53.873,0,-31.5,1,500,50000,500,50000,536,-16696,43466788,850,26714,-90733584
19:58:53.878,0,-31.8,1,500,50000,500,50000,535,-22429,43466660,759,31660,-90733408
19:58:53.883,0,-32.6,1,500,50000,500,50000,500,-32971,43466472,682,33034,-90733256
19:58:53.888,0,-33.6,1,500,50000,500,50000,458,-56299,43466068,839,27875,-90733152
19:58:53.893,0,-34.6,1,500,50000,500,50000,437,-58379,43465780,702,32901,-90732928
19:58:53.898,0,-35.0,1,500,50000,500,50000,479,-36137,43465692,618,35406,-90732728
19:58:53.903,0,-34.5,1,500,50000,500,50000,540,-16038,43465688,733,34715,-90732608
19:58:53.909,0,-33.4,1,500,50000,500,50000,486,-9403,43465672,880,25175,-90732496
19:58:53.914,0,-32.4,1,500,50000,500,50000,545,-12171,43465600,847,28384,-90732352
19:58:53.919,0,-32.2,1,500,50000,500,50000,559,-21762,43465456,791,29506,-90732200
19:58:53.924,0,-33.0,1,500,50000,500,50000,497,-47222,43465108,698,35121,-90732000
19:58:53.929,0,-34.6,1,500,50000,500,50000,472,-63823,43464736,701,32921,-90731872
19:58:53.934,0,-35.8,1,500,50000,500,50000,459,-59918,43464468,704,32616,-90731680
19:58:53.939,0,-36.1,1,500,50000,500,50000,472,-33971,43464272,685,31849,-90731456
19:58:53.944,0,-35.0,1,500,50000,500,50000,539,-19528,43464240,688,33748,-90731248
19:58:53.949,0,-33.1,1,500,50000,500,50000,576,-12432,43464216,646,35883,-90731080
19:58:53.954,0,-31.2,1,500,50000,500,50000,518,-27521,43464008,870,27186,-90730992
19:58:53.959,0,-30.2,1,500,50000,500,50000,515,-37872,43463844,599,35347,-90730792
19:58:53.965,0,-30.3,1,500,50000,500,50000,481,-50282,43463508,560,36770,-90730648
19:58:53.970,0,-31.1,1,500,50000,500,50000,470,-47264,43463300,733,31673,-90730488
19:58:53.975,0,-31.9,1,500,50000,500,50000,481,-30576,43463192,762,29503,-90730304
19:58:53.980,0,-32.0,1,500,50000,500,50000,517,-16520,43463172,719,33769,-90730152
19:58:53.985,0,-31.4,1,500,50000,500,50000,517,-13426,43463116,747,30010,-90730016
19:58:53.990,0,-30.9,1,500,50000,500,50000,440,-23897,43462948,949,25771,-90729888
19:58:53.995,0,-30.8,1,500,50000,500,50000,538,-40164,43462692,916,27584,-90729712
19:58:54.000,0,-31.5,1,500,50000,500,50000,501,-49327,43462388,589,36116,-90729520
19:58:54.005,0,-32.6,1,500,50000,500,50000,453,-38435,43462260,632,36087,-90729352
19:58:54.010,0,-33.3,1,500,50000,500,50000,485,-22913,43462184,855,28666,-90729232
19:58:54.015,0,-33.3,1,500,50000,500,50000,526,-12659,43462164,911,24486,-90729128
19:58:54.021,0,-32.9,1,500,50000,500,50000,519,-13292,43462096,786,28910,-90728944
19:58:54.026,0,-32.5,1,500,50000,500,50000,514,-22421,43461952,779,31915,-90728808
19:58:54.031,0,-32.6,1,500,50000,500,50000,515,-34568,43461716,831,27671,-90728696
19:58:54.036,0,-33.4,1,500,50000,500,50000,434,-41106,43461504,745,30637,-90728512
19:58:54.041,0,-34.5,1,500,50000,500,50000,545,-37611,43461312,741,32214,-90728336
19:58:54.046,0,-35.2,1,500,50000,500,50000,531,-35236,43461160,767,30540,-90728176
19:58:54.051,0,-35.4,1,500,50000,500,50000,561,-28052,43461044,744,28193,-90728064
19:58:54.056,0,-34.9,1,500,50000,500,50000,522,-28349,43460908,872,26987,-90727912
19:58:54.061,0,-34.2,1,500,50000,500,50000,529,-33475,43460704,694,30878,-90727728
19:58:54.066,0,-33.7,1,500,50000,500,50000,508,-40620,43460488,698,36809,-90727544
19:58:54.071,0,-33.4,1,500,50000,500,50000,474,-40235,43460264,734,33954,-90727376
19:58:54.076,0,-33.2,1,500,50000,500,50000,491,-32869,43460132,664,31437,-90727208
19:58:54.082,0,-32.9,1,500,50000,500,50000,533,-24622,43460048,687,33043,-90727064
19:58:54.087,0,-32.4,1,500,50000,500,50000,490,-23625,43459928,855,30147,-90726912
19:58:54.092,0,-31.9,1,500,50000,500,50000,498,-26683,43459800,776,29405,-90726768
19:58:54.097,0,-31.5,1,500,50000,500,50000,507,-34306,43459600,630,35311,-90726568
19:58:54.102,0,-31.6,1,500,50000,500,50000,466,-39016,43459368,614,37262,-90726408
19:58:54.107,0,-31.9,1,500,50000,500,50000,507,-34969,43459220,841,29669,-90726272
19:58:54.112,0,-32.2,1,500,50000,500,50000,509,-29004,43459108,907,25694,-90726120
19:58:54.117,0,-32.3,1,500,50000,500,50000,531,-20848,43459024,744,31207,-90725944
19:58:54.122,0,-32.2,1,500,50000,500,50000,520,-19588,43458932,664,35496,-90725768
19:58:54.127,0,-32.0,1,500,50000,500,50000,414,-25048,43458764,851,28016,-90725688
19:58:54.132,0,-32.0,1,500,50000,500,50000,485,-32475,43458584,844,27900,-90725528
19:58:54.137,0,-33.0,1,500,50000,500,50000,568,-34001,43458420,753,30579,-90725328
19:58:54.142,0,-33.5,1,500,50000,500,50000,488,-35346,43458212,688,36286,-90725152
19:58:54.147,0,-33.7,1,500,50000,500,50000,427,-32111,43458068,836,31035,-90725016
19:58:54.152,0,-33.6,1,500,50000,500,50000,516,-31934,43457924,845,26020,-90724864
19:58:54.157,0,-33.3,1,500,50000,500,50000,512,-27799,43457784,571,35648,-90724656
19:58:54.162,0,-33.0,1,500,50000,500,50000,432,-29956,43457636,637,37210,-90724480
19:58:54.168,0,-32.9,1,500,50000,500,50000,483,-31381,43457460,694,31680,-90724352
19:58:54.173,0,-32.9,1,500,50000,500,50000,499,-32432,43457300,791,30407,-90724208
19:58:54.178,0,-33.0,1,500,50000,500,50000,507,-33878,43457136,691,35009,-90724000
19:58:54.183,0,-33.0,1,500,50000,500,50000,500,-32173,43456964,571,39535,-90723808
19:58:54.188,0,-32.9,1,500,50000,500,50000,480,-28596,43456836,682,34535,-90723664
19:58:54.193,0,-32.7,1,500,50000,500,50000,509,-27739,43456692,917,25479,-90723584
19:58:54.198,0,-32.5,1,500,50000,500,50000,503,-30611,43456552,695,32941,-90723368
19:58:54.203,0,-32.4,1,500,50000,500,50000,489,-37232,43456324,598,39656,-90723152
19:58:54.208,0,-32.3,1,500,50000,500,50000,452,-40468,43456088,769,30442,-90723064
19:58:54.213,0,-32.2,1,500,50000,500,50000,513,-31801,43455976,764,29477,-90722880
19:58:54.218,0,-32.0,1,500,50000,500,50000,495,-18452,43455940,588,36198,-90722656
19:58:54.223,0,-31.7,1,500,50000,500,50000,529,-12502,43455908,608,38350,-90722472
19:58:54.228,0,-31.8,1,500,50000,500,50000,524,-15752,43455812,982,24900,-90722440
19:58:54.233,0,-32.4,1,500,50000,500,50000,523,-25901,43455652,970,23400,-90722280
19:58:54.238,0,-33.5,1,500,50000,500,50000,502,-43147,43455364,799,28747,-90722072
19:58:54.243,0,-34.8,1,500,50000,500,50000,453,-52009,43455088,560,41530,-90721856
19:58:54.248,0,-35.6,1,500,50000,500,50000,418,-46239,43454844,734,32330,-90721744
19:58:54.254,0,-35.5,1,500,50000,500,50000,475,-23968,43454788,896,25930,-90721616
19:58:54.259,0,-34.6,1,500,50000,500,50000,581,-13699,43454772,919,25585,-90721440
19:58:54.264,0,-33.5,1,500,50000,500,50000,543,-9799,43454744,855,28753,-90721312
19:58:54.269,0,-32.9,1,500,50000,500,50000,552,-17899,43454632,821,29722,-90721168
19:58:54.274,0,-33.3,1,500,50000,500,50000,521,-39551,43454336,993,25574,-90721064
19:58:54.279,0,-34.4,1,500,50000,500,50000,493,-62969,43453944,746,29244,-90720864
19:58:54.284,0,-35.4,1,500,50000,500,50000,448,-69799,43453572,547,36286,-90720616
19:58:54.289,0,-35.5,1,500,50000,500,50000,472,-47419,43453376,452,42217,-90720416
19:58:54.294,0,-34.3,1,500,50000,500,50000,513,-20187,43453368,575,39273,-90720208
19:58:54.299,0,-32.2,1,500,50000,500,50000,498,-9172,43453368,948,27691,-90720144
19:58:54.304,0,-30.2,1,500,50000,500,50000,470,-12006,43453296,807,28403,-90719992
19:58:54.309,0,-29.2,1,500,50000,500,50000,567,-20640,43453168,693,34447,-90719792
19:58:54.314,0,-29.6,1,500,50000,500,50000,511,-40128,43452868,696,32038,-90719672
19:58:54.319,0,-30.9,1,500,50000,500,50000,457,-51703,43452568,765,30665,-90719488
19:58:54.324,0,-32.3,1,500,50000,500,50000,483,-46469,43452372,654,33093,-90719272
19:58:54.329,0,-32.9,1,500,50000,500,50000,493,-28864,43452272,524,39812,-90719080
19:58:54.334,0,-32.5,1,500,50000,500,50000,494,-20523,43452212,716,34477,-90718936
19:58:54.340,0,-31.7,1,500,50000,500,50000,528,-17690,43452144,781,28059,-90718824
19:58:54.345,0,-31.0,1,500,50000,500,50000,548,-26683,43451968,685,33159,-90718608
19:58:54.350,0,-31.1,1,500,50000,500,50000,517,-39574,43451728,569,38878,-90718408
19:58:54.355,0,-31.9,1,500,50000,500,50000,477,-44176,43451464,721,33578,-90718296
19:58:54.360,0,-32.8,1,500,50000,500,50000,437,-37105,43451316,877,27475,-90718152
19:58:54.365,0,-33.4,1,500,50000,500,50000,491,-26759,43451240,762,27882,-90717976
19:58:54.370,0,-33.3,1,500,50000,500,50000,571,-19769,43451156,722,32167,-90717824
19:58:54.375,0,-33.0,1,500,50000,500,50000,514,-23226,43451040,926,28944,-90717696
19:58:54.380,0,-32.7,1,500,50000,500,50000,485,-34914,43450812,923,25735,-90717560
19:58:54.385,0,-33.0,1,500,50000,500,50000,516,-46518,43450540,886,27512,-90717376
19:58:54.390,0,-33.5,1,500,50000,500,50000,503,-48950,43450300,581,39890,-90717160
19:58:54.395,0,-33.9,1,500,50000,500,50000,455,-44637,43450072,629,34193,-90717024
19:58:54.400,0,-33.7,1,500,50000,500,50000,475,-37439,43449900,780,28825,-90716880
19:58:54.405,0,-33.0,1,500,50000,500,50000,520,-32307,43449776,603,36743,-90716688
19:58:54.410,0,-31.9,1,500,50000,500,50000,446,-26911,43449656,521,40637,-90716480
19:58:54.415,0,-31.0,1,500,50000,500,50000,490,-27893,43449520,692,33400,-90716352
19:58:54.420,0,-30.6,1,500,50000,500,50000,511,-29406,43449304,791,32612,-90716168
19:58:54.425,0,-30.8,1,500,50000,500,50000,429,-32921,43449136,895,24483,-90716040
19:58:54.431,0,-31.4,1,500,50000,500,50000,371,-36198,43448932,768,28766,-90715832
19:58:54.436,0,-32.1,1,500,50000,500,50000,503,-39070,43448744,534,42102,-90715608
19:58:54.441,0,-32.6,1,500,50000,500,50000,495,-32660,43448580,673,36859,-90715464
19:58:54.446,0,-32.8,1,500,50000,500,50000,492,-31111,43448492,700,31563,-90715368
19:58:54.451,0,-32.8,1,500,50000,500,50000,497,-24184,43448392,700,34408,-90715176
19:58:54.456,0,-32.6,1,500,50000,500,50000,548,-18886,43448316,736,32119,-90715048
19:58:54.461,0,-32.7,1,500,50000,500,50000,540,-22873,43448192,845,27949,-90714936
19:58:54.466,0,-33.0,1,500,50000,500,50000,495,-32146,43448004,892,25532,-90714792
19:58:54.471,0,-33.7,1,500,50000,500,50000,470,-43394,43447724,730,29119,-90714600
19:58:54.476,0,-34.5,1,500,50000,500,50000,467,-48375,43447476,636,38430,-90714392
19:58:54.481,0,-35.0,1,500,50000,500,50000,481,-42766,43447252,735,31943,-90714256
19:58:54.486,0,-35.0,1,500,50000,500,50000,493,-31795,43447148,801,28238,-90714128
19:58:54.491,0,-34.3,1,500,50000,500,50000,517,-19666,43447104,803,30341,-90713968
19:58:54.496,0,-33.3,1,500,50000,500,50000,522,-16325,43447032,990,26856,-90713864
19:58:54.501,0,-32.5,1,500,50000,500,50000,508,-24836,43446880,973,25001,-90713720
19:58:54.506,0,-32.2,1,500,50000,500,50000,470,-36578,43446664,816,28949,-90713544
19:58:54.511,0,-32.7,1,500,50000,500,50000,494,-49812,43446340,662,34803,-90713376
19:58:54.516,0,-33.4,1,500,50000,500,50000,468,-51856,43446080,692,32938,-90713208
19:58:54.522,0,-33.9,1,500,50000,500,50000,492,-40437,43445892,804,30129,-90713040
19:58:54.527,0,-33.7,1,500,50000,500,50000,520,-29386,43445800,624,35563,-90712848
19:58:54.532,0,-32.8,1,500,50000,500,50000,513,-21896,43445728,653,37517,-90712672
19:58:54.537,0,-31.7,1,500,50000,500,50000,547,-22111,43445600,820,27355,-90712608
19:58:54.542,0,-30.8,1,500,50000,500,50000,426,-31926,43445412,773,30390,-90712408
19:58:54.547,0,-30.7,1,500,50000,500,50000,491,-41015,43445156,583,38092,-90712168
19:58:54.552,0,-31.1,1,500,50000,500,50000,480,-40693,43444960,712,36078,-90712032
19:58:54.557,0,-31.8,1,500,50000,500,50000,470,-35205,43444776,835,27630,-90711896
19:58:54.562,0,-32.2,1,500,50000,500,50000,526,-26123,43444700,731,30772,-90711696
19:58:54.567,0,-32.2,1,500,50000,500,50000,488,-23131,43444604,692,36429,-90711520
19:58:54.572,0,-31.9,1,500,50000,500,50000,500,-26087,43444464,642,35436,-90711360
19:58:54.577,0,-31.7,1,500,50000,500,50000,489,-35846,43444232,794,29102,-90711224
19:58:54.582,0,-32.0,1,500,50000,500,50000,516,-42577,43444008,631,35362,-90711024
19:58:54.587,0,-32.4,1,500,50000,500,50000,482,-34943,43443832,543,43669,-90710784
19:58:54.592,0,-32.5,1,500,50000,500,50000,486,-24431,43443756,716,35645,-90710672
19:58:54.597,0,-32.4,1,500,50000,500,50000,499,-14907,43443712,940,26695,-90710576
19:58:54.602,0,-32.3,1,500,50000,500,50000,526,-17854,43443624,854,28013,-90710416
19:58:54.608,0,-32.5,1,500,50000,500,50000,538,-29339,43443432,729,33646,-90710240
19:58:54.613,0,-33.2,1,500,50000,500,50000,452,-43197,43443172,669,37849,-90710040
19:58:54.618,0,-34.0,1,500,50000,500,50000,443,-55923,43442804,752,30872,-90709944
19:58:54.623,0,-34.3,1,500,50000,500,50000,453,-43778,43442604,799,29629,-90709760
19:58:54.628,0,-33.8,1,500,50000,500,50000,429,-23298,43442580,692,30239,-90709584
19:58:54.633,0,-32.8,1,500,50000,500,50000,547,-11273,43442564,774,30616,-90709432
19:58:54.638,0,-31.8,1,500,50000,500,50000,533,-10939,43442520,792,30552,-90709312
19:58:54.643,0,-31.5,1,500,50000,500,50000,539,-23524,43442344,861,28312,-90709184
19:58:54.648,0,-32.2,1,500,50000,500,50000,508,-37234,43442120,891,26497,-90709048
19:58:54.653,0,-33.4,1,500,50000,500,50000,478,-53094,43441772,732,30698,-90708880
19:58:54.658,0,-34.3,1,500,50000,500,50000,482,-52795,43441520,605,37350,-90708656
19:58:54.663,0,-34.3,1,500,50000,500,50000,477,-36025,43441380,560,38206,-90708472
19:58:54.668,0,-33.4,1,500,50000,500,50000,491,-20976,43441344,874,31680,-90708344
19:58:54.673,0,-32.0,1,500,50000,500,50000,533,-15379,43441296,781,27540,-90708208
19:58:54.678,0,-31.0,1,500,50000,500,50000,484,-18596,43441204,644,33101,-90708008
19:58:54.683,0,-30.9,1,500,50000,500,50000,506,-31801,43441000,620,37096,-90707840
19:58:54.688,0,-31.6,1,500,50000,500,50000,481,-46056,43440692,780,34576,-90707680
19:58:54.694,0,-32.6,1,500,50000,500,50000,458,-42059,43440504,873,28157,-90707528
19:58:54.699,0,-33.2,1,500,50000,500,50000,495,-29244,43440412,695,32189,-90707336
19:58:54.704,0,-33.0,1,500,50000,500,50000,518,-15570,43440384,564,36114,-90707136
19:58:54.709,0,-32.6,1,500,50000,500,50000,516,-12912,43440340,803,32341,-90707040
19:58:54.714,0,-32.4,1,500,50000,500,50000,486,-23672,43440168,930,26093,-90706904
19:58:54.719,0,-32.8,1,500,50000,500,50000,457,-39994,43439912,840,26530,-90706704
19:58:54.724,0,-33.7,1,500,50000,500,50000,474,-56478,43439576,366,46114,-90706416
19:58:54.729,0,-34.4,1,500,50000,500,50000,453,-56118,43439256,390,46956,-90706224
19:58:54.734,0,-34.5,1,500,50000,500,50000,480,-42770,43439100,844,27346,-90706184
19:58:54.739,0,-33.5,1,500,50000,500,50000,438,-24798,43439032,799,27208,-90705968
19:58:54.744,0,-32.0,1,500,50000,500,50000,564,-19389,43438964,700,30443,-90705768
19:58:54.749,0,-30.6,1,500,50000,500,50000,530,-20219,43438868,620,36494,-90705584
19:58:54.754,0,-30.0,1,500,50000,500,50000,626,-33584,43438628,675,33302,-90705440
19:58:54.759,0,-30.3,1,500,50000,500,50000,477,-41123,43438400,879,27521,-90705296
19:58:54.764,0,-31.0,1,500,50000,500,50000,596,-38959,43438216,647,31562,-90705104
19:58:54.769,0,-31.6,1,500,50000,500,50000,534,-33736,43438048,524,39633,-90704872
19:58:54.774,0,-31.6,1,500,50000,500,50000,485,-31329,43437908,526,39312,-90704696
19:58:54.780,0,-31.3,1,500,50000,500,50000,480,-31374,43437752,819,29761,-90704616
19:58:54.785,0,-30.9,1,500,50000,500,50000,511,-33853,43437560,639,28944,-90704424
19:58:54.790,0,-30.6,1,500,50000,500,50000,531,-32548,43437412,388,41250,-90704152
19:58:54.795,0,-30.7,1,500,50000,500,50000,506,-28641,43437264,694,35953,-90704032
19:58:54.800,0,-30.9,1,500,50000,500,50000,479,-27016,43437140,843,30895,-90703880
19:58:54.805,0,-31.2,1,500,50000,500,50000,490,-23546,43437028,889,28037,-90703720
19:58:54.810,0,-31.5,1,500,50000,500,50000,510,-26523,43436896,658,34911,-90703536
19:58:54.815,0,-32.0,1,500,50000,500,50000,501,-29135,43436728,559,39196,-90703328
19:58:54.820,0,-32.6,1,500,50000,500,50000,487,-31798,43436564,710,35596,-90703184
19:58:54.825,0,-33.1,1,500,50000,500,50000,474,-33061,43436372,848,30083,-90703048
19:58:54.830,0,-33.5,1,500,50000,500,50000,557,-30643,43436244,763,27061,-90702912
19:58:54.835,0,-33.7,1,500,50000,500,50000,518,-28710,43436100,616,37325,-90702680
19:58:54.840,0,-33.6,1,500,50000,500,50000,484,-29092,43435944,692,36250,-90702528
19:58:54.845,0,-33.5,1,500,50000,500,50000,504,-36972,43435740,941,25937,-90702456
19:58:54.850,0,-33.4,1,500,50000,500,50000,495,-45476,43435464,769,31489,-90702224
19:58:54.855,0,-33.3,1,500,50000,500,50000,510,-45694,43435252,528,38257,-90702000
19:58:54.860,0,-33.1,1,500,50000,500,50000,501,-34860,43435100,491,42896,-90701784
19:58:54.865,0,-32.5,1,500,50000,500,50000,478,-24483,43435028,894,26936,-90701744
19:58:54.871,0,-31.8,1,500,50000,500,50000,510,-20701,43434940,926,22641,-90701592
19:58:54.876,0,-31.2,1,500,50000,500,50000,553,-26048,43434804,585,37297,-90701352
19:58:54.881,0,-31.0,1,500,50000,500,50000,527,-40292,43434532,631,38919,-90701184
19:58:54.886,0,-31.4,1,500,50000,500,50000,470,-47434,43434180,634,39294,-90700960
19:58:54.891,0,-32.0,1,500,50000,500,50000,467,-38983,43434020,736,29286,-90700816
19:58:54.896,0,-32.3,1,500,50000,500,50000,512,-19068,43433988,708,32754,-90700632
19:58:54.901,0,-32.1,1,500,50000,500,50000,534,-12198,43433964,711,32615,-90700472
19:58:54.906,0,-31.7,1,500,50000,500,50000,528,-13958,43433892,881,29830,-90700360
19:58:54.911,0,-31.5,1,500,50000,500,50000,501,-33591,43433632,809,26912,-90700216
19:58:54.916,0,-31.9,1,500,50000,500,50000,507,-53236,43433304,702,32459,-90699976
19:58:54.921,0,-33.1,1,500,50000,500,50000,401,-58870,43433004,426,45049,-90699744
19:58:54.926,0,-34.2,1,500,50000,500,50000,451,-51732,43432836,743,29222,-90699728
19:58:54.931,0,-34.6,1,500,50000,500,50000,529,-35905,43432740,613,31914,-90699504
19:58:54.936,0,-34.0,1,500,50000,500,50000,564,-16492,43432724,583,40249,-90699296
19:58:54.941,0,-32.8,1,500,50000,500,50000,509,-17662,43432644,819,32789,-90699168
19:58:54.946,0,-31.7,1,500,50000,500,50000,481,-35234,43432396,869,28194,-90699024
19:58:54.951,0,-31.5,1,500,50000,500,50000,514,-56799,43432036,505,40427,-90698768
19:58:54.956,0,-32.0,1,500,50000,500,50000,401,-60007,43431732,431,45400,-90698552
19:58:54.962,0,-32.7,1,500,50000,500,50000,415,-48705,43431492,631,35855,-90698424
19:58:54.967,0,-32.7,1,500,50000,500,50000,474,-33163,43431396,759,29266,-90698280
19:58:54.972,0,-31.8,1,500,50000,500,50000,541,-21815,43431336,520,40193,-90698016
19:58:54.977,0,-30.4,1,500,50000,500,50000,539,-19113,43431260,547,43919,-90697832
19:58:54.982,0,-29.2,1,500,50000,500,50000,516,-28504,43431084,679,36696,-90697696
19:58:54.987,0,-29.0,1,500,50000,500,50000,482,-43727,43430780,870,26489,-90697608
19:58:54.992,0,-29.8,1,500,50000,500,50000,507,-46739,43430556,729,30326,-90697392
19:58:54.997,0,-31.0,1,500,50000,500,50000,481,-33650,43430424,586,37542,-90697168
19:58:55.002,0,-31.9,1,500,50000,500,50000,468,-22229,43430364,850,30754,-90697080
19:58:55.007,0,-32.1,1,500,50000,500,50000,515,-16548,43430276,883,28530,-90696896
19:58:55.012,0,-31.9,1,500,50000,500,50000,528,-22069,43430152,897,27447,-90696768
19:58:55.017,0,-31.8,1,500,50000,500,50000,439,-34081,43429924,757,32474,-90696576
19:58:55.022,0,-33.1,1,500,50000,500,50000,483,-43337,43429684,743,33188,-90696416
19:58:55.027,0,-34.0,1,500,50000,500,50000,459,-42784,43429508,733,29962,-90696288
19:58:55.032,0,-34.3,1,500,50000,500,50000,489,-33114,43429352,690,33152,-90696088
19:58:55.037,0,-34.0,1,500,50000,500,50000,509,-23603,43429284,666,34855,-90695904
19:58:55.042,0,-33.5,1,500,50000,500,50000,519,-21655,43429172,906,28398,-90695824
19:58:55.047,0,-33.2,1,500,50000,500,50000,502,-28960,43429012,895,26944,-90695664
19:58:55.053,0,-33.2,1,500,50000,500,50000,503,-42497,43428728,677,34610,-90695424
19:58:55.058,0,-33.5,1,500,50000,500,50000,557,-47261,43428484,638,35884,-90695296
19:58:55.063,0,-33.6,1,500,50000,500,50000,428,-40339,43428272,734,29164,-90695144
19:58:55.068,0,-33.1,1,500,50000,500,50000,541,-35505,43428120,738,28564,-90694944
19:58:55.073,0,-32.2,1,500,50000,500,50000,523,-27411,43428004,479,44058,-90694696
19:58:55.078,0,-31.3,1,500,50000,500,50000,454,-23612,43427908,712,35852,-90694560
19:58:55.083,0,-30.7,1,500,50000,500,50000,508,-28363,43427756,832,26758,-90694472
19:58:55.088,0,-30.7,1,500,50000,500,50000,508,-30653,43427572,749,30845,-90694256
19:58:55.093,0,-31.2,1,500,50000,500,50000,508,-32999,43427404,555,37401,-90694072
19:58:55.098,0,-31.8,1,500,50000,500,50000,477,-29884,43427272,708,35351,-90693912
19:58:55.103,0,-32.2,1,500,50000,500,50000,492,-32142,43427076,843,29870,-90693768
19:58:55.108,0,-32.3,1,500,50000,500,50000,517,-38211,43426872,749,32402,-90693584
19:58:55.113,0,-32.3,1,500,50000,500,50000,508,-38413,43426696,472,42453,-90693328
19:58:55.118,0,-32.2,1,500,50000,500,50000,494,-32956,43426528,528,42500,-90693152
19:58:55.123,0,-32.1,1,500,50000,500,50000,457,-28589,43426408,821,29956,-90693096
19:58:55.128,0,-32.1,1,500,50000,500,50000,482,-20002,43426324,930,27226,-90692944
19:58:55.133,0,-32.2,1,500,50000,500,50000,514,-21840,43426216,840,29582,-90692776
19:58:55.138,0,-32.6,1,500,50000,500,50000,521,-26643,43426080,662,37050,-90692560
19:58:55.144,0,-33.4,1,500,50000,500,50000,511,-33827,43425876,641,39842,-90692384
19:58:55.149,0,-34.2,1,500,50000,500,50000,508,-43676,43425624,921,28088,-90692312
19:58:55.154,0,-34.8,1,500,50000,500,50000,492,-50069,43425316,813,25351,-90692128
19:58:55.159,0,-35.0,1,500,50000,500,50000,519,-47778,43425108,551,35894,-90691864
19:58:55.164,0,-34.5,1,500,50000,500,50000,508,-39550,43424960,382,46071,-90691656
19:58:55.169,0,-33.6,1,500,50000,500,50000,547,-34030,43424776,705,36764,-90691528
19:58:55.174,0,-32.5,1,500,50000,500,50000,501,-32742,43424628,870,28395,-90691376
19:58:55.179,0,-31.6,1,500,50000,500,50000,515,-29530,43424484,619,32782,-90691176
19:58:55.184,0,-31.1,1,500,50000,500,50000,512,-30705,43424344,567,37665,-90690968
19:58:55.189,0,-31.1,1,500,50000,500,50000,492,-27854,43424216,656,39036,-90690784
19:58:55.194,0,-31.4,1,500,50000,500,50000,496,-29131,43424052,808,33613,-90690656
19:58:55.199,0,-31.9,1,500,50000,500,50000,505,-34254,43423880,869,24387,-90690560
19:58:55.204,0,-32.2,1,500,50000,500,50000,505,-40904,43423640,560,36853,-90690280
19:58:55.209,0,-32.4,1,500,50000,500,50000,486,-42715,43423400,360,48210,-90690016
19:58:55.214,0,-32.4,1,500,50000,500,50000,469,-36179,43423256,785,32673,-90689976
19:58:55.219,0,-32.1,1,500,50000,500,50000,460,-27018,43423136,1032,22050,-90689848
19:58:55.224,0,-31.6,1,500,50000,500,50000,517,-22406,43423060,875,23434,-90689640
19:58:55.230,0,-31.3,1,500,50000,500,50000,512,-26009,43422920,597,35653,-90689384
19:58:55.235,0,-31.4,1,500,50000,500,50000,527,-33168,43422736,611,40328,-90689232
19:58:55.240,0,-31.9,1,500,50000,500,50000,451,-47310,43422412,898,33383,-90689104
19:58:55.245,0,-32.5,1,500,50000,500,50000,376,-46403,43422200,916,24787,-90688944
19:58:55.250,0,-32.8,1,500,50000,500,50000,508,-27224,43422128,529,38400,-90688696
19:58:55.255,0,-32.7,1,500,50000,500,50000,555,-13167,43422100,705,34710,-90688512
19:58:55.260,0,-32.4,1,500,50000,500,50000,540,-9767,43422072,736,35545,-90688360
19:58:55.265,0,-32.4,1,500,50000,500,50000,525,-15982,43421968,1011,23522,-90688336
19:58:55.270,0,-33.1,1,500,50000,500,50000,539,-33010,43421748,921,26059,-90688160
19:58:55.275,0,-34.4,1,500,50000,500,50000,511,-55305,43421420,669,34869,-90687928
19:58:55.280,0,-35.8,1,500,50000,500,50000,466,-66292,43420976,557,40363,-90687744
19:58:55.285,0,-36.5,1,500,50000,500,50000,449,-55422,43420748,737,34708,-90687592
19:58:55.290,0,-35.8,1,500,50000,500,50000,494,-33507,43420676,749,28421,-90687464
19:58:55.295,0,-34.2,1,500,50000,500,50000,529,-16907,43420656,625,36329,-90687224
19:58:55.300,0,-32.1,1,500,50000,500,50000,570,-11307,43420624,651,35963,-90687056
19:58:55.305,0,-30.8,1,500,50000,500,50000,494,-26204,43420420,853,30094,-90686960
19:58:55.311,0,-30.6,1,500,50000,500,50000,459,-46296,43420116,847,27854,-90686792
19:58:55.316,0,-31.5,1,500,50000,500,50000,455,-57898,43419800,461,42853,-90686536
19:58:55.321,0,-32.5,1,500,50000,500,50000,457,-52522,43419508,452,44567,-90686320
19:58:55.326,0,-32.9,1,500,50000,500,50000,440,-40002,43419368,623,36034,-90686176
19:58:55.331,0,-32.2,1,500,50000,500,50000,520,-25029,43419284,700,32780,-90686016
19:58:55.336,0,-30.9,1,500,50000,500,50000,559,-23137,43419188,539,39485,-90685784
19:58:55.341,0,-29.7,1,500,50000,500,50000,621,-25817,43419060,600,40682,-90685584
19:58:55.346,0,-29.4,1,500,50000,500,50000,475,-33691,43418836,804,29373,-90685504
19:58:55.351,0,-29.9,1,500,50000,500,50000,458,-37306,43418644,803,29296,-90685312
19:58:55.356,0,-31.0,1,500,50000,500,50000,509,-37436,43418436,713,32275,-90685104
19:58:55.361,0,-32.0,1,500,50000,500,50000,443,-32440,43418308,508,41890,-90684904
19:58:55.366,0,-32.6,1,500,50000,500,50000,487,-30600,43418168,734,33732,-90684784
19:58:55.371,0,-32.9,1,500,50000,500,50000,491,-27244,43418032,843,28242,-90684632
19:58:55.376,0,-33.0,1,500,50000,500,50000,517,-30458,43417880,813,28669,-90684456
19:58:55.381,0,-33.2,1,500,50000,500,50000,533,-37361,43417640,707,37083,-90684272
19:58:55.387,0,-33.6,1,500,50000,500,50000,492,-40583,43417368,626,38975,-90684032
19:58:55.392,0,-34.0,1,500,50000,500,50000,482,-39921,43417188,838,30404,-90683936
19:58:55.397,0,-34.1,1,500,50000,500,50000,471,-38037,43416984,767,28389,-90683760
19:58:55.402,0,-33.9,1,500,50000,500,50000,532,-34553,43416836,612,36148,-90683528
19:58:55.407,0,-33.5,1,500,50000,500,50000,484,-31738,43416724,819,30910,-90683456
19:58:55.412,0,-32.9,1,500,50000,500,50000,530,-28758,43416576,912,25549,-90683312
19:58:55.417,0,-32.4,1,500,50000,500,50000,572,-27338,43416464,616,34520,-90683112
19:58:55.422,0,-32.2,1,500,50000,500,50000,498,-29835,43416296,626,38827,-90682920
19:58:55.427,0,-32.3,1,500,50000,500,50000,470,-35433,43416100,702,33437,-90682784
19:58:55.432,0,-32.6,1,500,50000,500,50000,512,-43208,43415828,822,30359,-90682640
19:58:55.437,0,-33.2,1,500,50000,500,50000,565,-44353,43415624,604,38080,-90682400
19:58:55.442,0,-33.0,1,500,50000,500,50000,478,-36680,43415444,527,37851,-90682216
19:58:55.447,0,-32.6,1,500,50000,500,50000,461,-31332,43415324,800,33655,-90682080
19:58:55.452,0,-32.1,1,500,50000,500,50000,497,-23961,43415232,925,27471,-90681968
19:58:55.457,0,-32.0,1,500,50000,500,50000,526,-27731,43415100,776,29063,-90681800
19:58:55.463,0,-32.2,1,500,50000,500,50000,524,-36827,43414864,577,41560,-90681576
19:58:55.468,0,-32.8,1,500,50000,500,50000,483,-43469,43414628,796,33143,-90681464
19:58:55.473,0,-33.4,1,500,50000,500,50000,482,-45782,43414396,804,27472,-90681296
19:58:55.478,0,-33.6,1,500,50000,500,50000,499,-39370,43414208,601,36781,-90681088
19:58:55.483,0,-33.3,1,500,50000,500,50000,496,-33022,43414076,571,40002,-90680888
19:58:55.488,0,-32.8,1,500,50000,500,50000,505,-24767,43414000,876,30835,-90680808
19:58:55.493,0,-32.6,1,500,50000,500,50000,507,-36168,43413752,895,26218,-90680656
19:58:55.498,0,-32.6,1,500,50000,500,50000,591,-41940,43413536,695,34149,-90680424
19:58:55.503,0,-32.9,1,500,50000,500,50000,457,-44905,43413272,605,40017,-90680240
19:58:55.508,0,-33.2,1,500,50000,500,50000,467,-40091,43413096,706,34859,-90680088
19:58:55.513,0,-33.0,1,500,50000,500,50000,474,-26362,43412996,842,29269,-90679936
19:58:55.518,0,-32.7,1,500,50000,500,50000,510,-20927,43412920,715,33460,-90679752
19:58:55.523,0,-32.4,1,500,50000,500,50000,513,-20034,43412832,580,38682,-90679560
19:58:55.528,0,-32.5,1,500,50000,500,50000,548,-26669,43412664,873,31072,-90679464
19:58:55.533,0,-33.2,1,500,50000,500,50000,502,-37329,43412440,881,26651,-90679304
19:58:55.539,0,-34.1,1,500,50000,500,50000,491,-42382,43412216,791,30692,-90679088
19:58:55.544,0,-34.9,1,500,50000,500,50000,431,-39549,43412008,627,39249,-90678896
19:58:55.549,0,-35.2,1,500,50000,500,50000,493,-34003,43411868,707,34162,-90678760
19:58:55.554,0,-34.9,1,500,50000,500,50000,495,-35634,43411664,787,32227,-90678600
19:58:55.559,0,-34.3,1,500,50000,500,50000,523,-37662,43411472,701,33396,-90678440
19:58:55.564,0,-33.7,1,500,50000,500,50000,535,-41955,43411260,581,37021,-90678224
19:58:55.569,0,-33.2,1,500,50000,500,50000,496,-33293,43411104,627,40382,-90678032
19:58:55.574,0,-32.8,1,500,50000,500,50000,506,-29105,43410984,855,30942,-90677920
19:58:55.579,0,-32.5,1,500,50000,500,50000,505,-30031,43410820,826,29388,-90677776
19:58:55.584,0,-32.4,1,500,50000,500,50000,516,-35948,43410636,623,34846,-90677560
19:58:55.589,0,-32.4,1,500,50000,500,50000,488,-47257,43410336,538,42578,-90677328
19:58:55.594,0,-32.4,1,500,50000,500,50000,449,-44823,43410128,697,36695,-90677184
19:58:55.599,0,-32.2,1,500,50000,500,50000,384,-32766,43409996,807,27936,-90677080
19:58:55.604,0,-31.8,1,500,50000,500,50000,555,-18075,43409976,757,31863,-90676880
19:58:55.609,0,-31.5,1,500,50000,500,50000,511,-10947,43409940,818,33931,-90676712
19:58:55.615,0,-31.6,1,500,50000,500,50000,560,-17470,43409816,1011,24493,-90676656
19:58:55.620,0,-32.4,1,500,50000,500,50000,516,-32139,43409604,1035,24574,-90676504
19:58:55.625,0,-33.6,1,500,50000,500,50000,366,-53164,43409236,790,30417,-90676288
19:58:55.630,0,-34.8,1,500,50000,500,50000,442,-53714,43408988,629,38556,-90676104
19:58:55.635,0,-35.2,1,500,50000,500,50000,551,-31105,43408896,762,32981,-90675960
19:58:55.640,0,-34.7,1,500,50000,500,50000,530,-14298,43408900,896,28391,-90675816
19:58:55.645,0,-33.8,1,500,50000,500,50000,534,-9409,43408876,860,28695,-90675656
19:58:55.650,0,-33.2,1,500,50000,500,50000,573,-13257,43408800,860,30607,-90675536
19:58:55.655,0,-33.4,1,500,50000,500,50000,485,-25315,43408616,822,29593,-90675384
19:58:55.661,0,-34.5,1,500,50000,500,50000,489,-42761,43408336,856,29796,-90675240
19:58:55.666,0,-35.8,1,500,50000,500,50000,510,-56072,43408020,620,36901,-90675016
19:58:55.671,0,-36.6,1,500,50000,500,50000,468,-52146,43407736,663,38852,-90674800
19:58:55.676,0,-36.4,1,500,50000,500,50000,512,-35760,43407628,755,33726,-90674680
19:58:55.681,0,-35.2,1,500,50000,500,50000,526,-17914,43407600,764,32703,-90674504
19:58:55.686,0,-33.7,1,500,50000,500,50000,529,-12919,43407568,832,27958,-90674368
19:58:55.691,0,-32.8,1,500,50000,500,50000,510,-22243,43407428,761,33320,-90674200
19:58:55.696,0,-32.7,1,500,50000,500,50000,508,-41301,43407144,785,34748,-90674016
19:58:55.701,0,-33.5,1,500,50000,500,50000,470,-60044,43406788,761,32598,-90673872
19:58:55.706,0,-34.3,1,500,50000,500,50000,546,-63926,43406416,490,38468,-90673632
19:58:55.712,0,-34.5,1,500,50000,500,50000,498,-47579,43406256,348,48902,-90673352
19:58:55.717,0,-33.6,1,500,50000,500,50000,486,-30268,43406176,740,31575,-90673312
19:58:55.722,0,-31.9,1,500,50000,500,50000,530,-16235,43406140,913,24793,-90673160
19:58:55.727,0,-30.3,1,500,50000,500,50000,687,-16267,43406068,637,35330,-90672928
19:58:55.732,0,-29.6,1,500,50000,500,50000,521,-28998,43405864,655,37576,-90672744
19:58:55.737,0,-30.0,1,500,50000,500,50000,499,-42347,43405576,592,38775,-90672528
19:58:55.742,0,-31.2,1,500,50000,500,50000,471,-48048,43405316,758,31013,-90672440
19:58:55.747,0,-32.4,1,500,50000,500,50000,434,-44473,43405076,831,28249,-90672272
19:58:55.752,0,-32.8,1,500,50000,500,50000,454,-31361,43405016,585,37545,-90672056
19:58:55.757,0,-32.4,1,500,50000,500,50000,506,-15127,43405004,772,31711,-90671960
19:58:55.762,0,-31.5,1,500,50000,500,50000,489,-8279,43404984,942,26168,-90671824
19:58:55.767,0,-31.0,1,500,50000,500,50000,550,-12437,43404916,935,26332,-90671656
19:58:55.772,0,-32.7,1,500,50000,500,50000,542,-19912,43404784,747,32283,-90671448
19:58:55.777,0,-34.6,1,500,50000,500,50000,535,-32520,43404576,660,37429,-90671288
19:58:55.782,0,-36.2,1,500,50000,500,50000,486,-41563,43404308,759,36825,-90671120
19:58:55.787,0,-37.1,1,500,50000,500,50000,448,-45016,43404084,815,29851,-90670992
19:58:55.792,0,-37.0,1,500,50000,500,50000,428,-39952,43403892,684,31330,-90670824
19:58:55.798,0,-36.2,1,500,50000,500,50000,501,-31311,43403788,591,40743,-90670584
19:58:55.803,0,-35.3,1,500,50000,500,50000,561,-24172,43403680,715,36649,-90670440
19:58:55.808,0,-34.7,1,500,50000,500,50000,513,-21950,43403592,906,30209,-90670320
19:58:55.813,0,-34.7,1,500,50000,500,50000,524,-27400,43403432,844,28027,-90670184
19:58:55.818,0,-35.2,1,500,50000,500,50000,518,-34240,43403248,684,34682,-90669968
19:58:55.823,0,-35.7,1,500,50000,500,50000,495,-49279,43402916,629,38330,-90669792
19:58:55.828,0,-35.9,1,500,50000,500,50000,420,-58873,43402560,797,30758,-90669680
19:58:55.833,0,-35.3,1,500,50000,500,50000,455,-51972,43402352,714,31128,-90669472
19:58:55.838,0,-34.0,1,500,50000,500,50000,506,-36470,43402212,563,38385,-90669240
19:58:55.843,0,-32.4,1,500,50000,500,50000,456,-24378,43402148,567,37987,-90669064
19:58:55.848,0,-31.2,1,500,50000,500,50000,524,-18864,43402084,956,28383,-90668992
19:58:55.853,0,-30.8,1,500,50000,500,50000,570,-29899,43401884,961,27154,-90668824
19:58:55.858,0,-31.1,1,500,50000,500,50000,495,-45745,43401608,615,37600,-90668600
19:58:55.863,0,-31.8,1,500,50000,500,50000,476,-46040,43401384,521,40268,-90668400
19:58:55.868,0,-32.3,1,500,50000,500,50000,490,-27171,43401220,596,39623,-90668192
19:58:55.873,0,-32.4,1,500,50000,500,50000,515,-14976,43401200,862,29457,-90668080
19:58:55.878,0,-32.3,1,500,50000,500,50000,532,-14216,43401144,967,25679,-90667968
19:58:55.884,0,-32.6,1,500,50000,500,50000,582,-25694,43400972,724,31678,-90667744
19:58:55.889,0,-33.5,1,500,50000,500,50000,489,-31472,43400844,928,28748,-90667672
19:58:55.894,0,-34.8,1,500,50000,500,50000,428,-45906,43400532,794,28872,-90667488
19:58:55.899,0,-35.8,1,500,50000,500,50000,481,-43256,43400340,607,39581,-90667264
19:58:55.904,0,-36.2,1,500,50000,500,50000,474,-34250,43400208,664,38561,-90667096
19:58:55.909,0,-35.9,1,500,50000,500,50000,507,-21304,43400136,900,28897,-90666976
19:58:55.914,0,-35.4,1,500,50000,500,50000,628,-22377,43400032,834,30389,-90666824
19:58:55.919,0,-35.2,1,500,50000,500,50000,530,-27344,43399872,722,34648,-90666632
19:58:55.924,0,-35.6,1,500,50000,500,50000,542,-47256,43399560,692,37080,-90666480
19:58:55.929,0,-36.0,1,500,50000,500,50000,496,-65067,43399168,727,34866,-90666304
19:58:55.934,0,-35.9,1,500,50000,500,50000,469,-63908,43398812,740,31693,-90666112
19:58:55.939,0,-34.9,1,500,50000,500,50000,472,-47659,43398652,524,39894,-90665888
19:58:55.944,0,-33.0,1,500,50000,500,50000,509,-31395,43398568,559,42751,-90665704
19:58:55.949,0,-30.9,1,500,50000,500,50000,519,-21148,43398484,774,33748,-90665568
19:58:55.954,0,-29.5,1,500,50000,500,50000,528,-21122,43398388,850,26511,-90665456
19:58:55.959,0,-29.2,1,500,50000,500,50000,528,-33093,43398164,767,33664,-90665248
19:58:55.964,0,-30.0,1,500,50000,500,50000,500,-38140,43397960,579,38579,-90665032
19:58:55.970,0,-31.1,1,500,50000,500,50000,478,-38541,43397748,686,33857,-90664888
19:58:55.975,0,-32.0,1,500,50000,500,50000,487,-32131,43397624,853,29396,-90664768
19:58:55.980,0,-32.5,1,500,50000,500,50000,537,-26705,43397508,762,30995,-90664592
19:58:55.985,0,-32.7,1,500,50000,500,50000,556,-32464,43397320,701,37596,-90664392
19:58:55.990,0,-32.9,1,500,50000,500,50000,465,-36191,43397140,714,37393,-90664240
19:58:55.995,0,-33.1,1,500,50000,500,50000,503,-38039,43396916,873,28457,-90664136
19:58:56.000,0,-33.5,1,500,50000,500,50000,481,-27330,43396836,742,33499,-90663920
19:58:56.005,0,-33.8,1,500,50000,500,50000,524,-13461,43396820,788,32728,-90663776
19:58:56.010,0,-34.1,1,500,50000,500,50000,493,-8796,43396800,1086,23928,-90663720
19:58:56.015,0,-34.6,1,500,50000,500,50000,508,-13520,43396724,1152,21054,-90663592
19:58:56.020,0,-35.6,1,500,50000,500,50000,501,-22439,43396576,1028,24663,-90663424
19:58:56.025,0,-37.0,1,500,50000,500,50000,509,-34881,43396356,833,31558,-90663272
19:58:56.030,0,-38.1,1,500,50000,500,50000,480,-50038,43396020,771,34046,-90663096
19:58:56.035,0,-38.6,1,500,50000,500,50000,530,-54078,43395704,844,30201,-90662944
19:58:56.040,0,-38.1,1,500,50000,500,50000,479,-47297,43395512,743,33517,-90662760
19:58:56.045,0,-36.6,1,500,50000,500,50000,490,-37925,43395368,664,34664,-90662584
19:58:56.050,0,-34.6,1,500,50000,500,50000,506,-28860,43395248,788,33542,-90662416
19:58:56.055,0,-32.8,1,500,50000,500,50000,523,-27511,43395124,752,31781,-90662272
19:58:56.061,0,-31.7,1,500,50000,500,50000,521,-29727,43394980,619,33188,-90662080
19:58:56.066,0,-31.3,1,500,50000,500,50000,521,-37627,43394740,562,42531,-90661832
19:58:56.071,0,-31.6,1,500,50000,500,50000,478,-40975,43394528,877,30782,-90661760
19:58:56.076,0,-31.9,1,500,50000,500,50000,501,-41625,43394328,791,26644,-90661592
19:58:56.081,0,-32.0,1,500,50000,500,50000,517,-39235,43394124,649,35430,-90661336
19:58:56.086,0,-31.7,1,500,50000,500,50000,491,-29709,43394020,533,40096,-90661160
19:58:56.091,0,-31.2,1,500,50000,500,50000,482,-19376,43393948,805,32049,-90661032
19:58:56.096,0,-30.9,1,500,50000,500,50000,507,-15905,43393888,932,27316,-90660920
19:58:56.101,0,-31.2,1,500,50000,500,50000,640,-22715,43393760,871,29201,-90660736
19:58:56.106,0,-31.9,1,500,50000,500,50000,493,-29493,43393572,787,32578,-90660560
19:58:56.111,0,-33.1,1,500,50000,500,50000,492,-36644,43393368,931,30298,-90660456
19:58:56.116,0,-34.1,1,500,50000,500,50000,480,-42325,43393108,893,28237,-90660288
19:58:56.121,0,-34.6,1,500,50000,500,50000,468,-43726,43392904,680,35544,-90660104
19:58:56.126,0,-34.4,1,500,50000,500,50000,505,-32207,43392792,678,36688,-90659920
19:58:56.131,0,-33.7,1,500,50000,500,50000,506,-14061,43392772,890,30940,-90659784
19:58:56.136,0,-32.9,1,500,50000,500,50000,527,-10226,43392740,898,28255,-90659656
19:58:56.142,0,-32.5,1,500,50000,500,50000,430,-10569,43392680,826,33256,-90659472
19:58:56.147,0,-32.9,1,500,50000,500,50000,497,-20181,43392548,737,33479,-90659320
19:58:56.152,0,-34.1,1,500,50000,500,50000,453,-31264,43392360,996,26643,-90659232
19:58:56.157,0,-35.7,1,500,50000,500,50000,496,-48353,43392028,879,29048,-90659040
19:58:56.162,0,-37.0,1,500,50000,500,50000,491,-58297,43391716,559,38040,-90658800
19:58:56.167,0,-37.3,1,500,50000,500,50000,456,-55107,43391464,565,42708,-90658616
19:58:56.172,0,-36.6,1,500,50000,500,50000,462,-36708,43391320,736,34472,-90658472
19:58:56.177,0,-35.0,1,500,50000,500,50000,500,-24731,43391228,848,27647,-90658312
19:58:56.182,0,-33.2,1,500,50000,500,50000,546,-21694,43391152,626,37970,-90658096
19:58:56.187,0,-31.8,1,500,50000,500,50000,551,-28049,43390984,593,36541,-90657944
19:58:56.192,0,-31.4,1,500,50000,500,50000,467,-44418,43390708,820,35305,-90657760
19:58:56.197,0,-31.7,1,500,50000,500,50000,447,-51025,43390404,753,30159,-90657592
19:58:56.202,0,-32.3,1,500,50000,500,50000,497,-41956,43390244,464,43760,-90657344
19:58:56.207,0,-31.8,1,500,50000,500,50000,537,-24486,43390180,550,39972,-90657168
19:58:56.212,0,-31.1,1,500,50000,500,50000,547,-17341,43390124,833,31712,-90657048
19:58:56.217,0,-30.8,1,500,50000,500,50000,501,-22904,43389976,860,27510,-90656936
19:58:56.222,0,-31.1,1,500,50000,500,50000,479,-40581,43389664,833,29057,-90656712
19:58:56.228,0,-31.7,1,500,50000,500,50000,466,-43889,43389444,624,35953,-90656472
19:58:56.233,0,-32.2,1,500,50000,500,50000,536,-37055,43389304,591,37903,-90656336
19:58:56.238,0,-32.4,1,500,50000,500,50000,483,-25401,43389236,888,28105,-90656240
19:58:56.243,0,-32.3,1,500,50000,500,50000,514,-15381,43389204,867,28773,-90656080
19:58:56.248,0,-32.5,1,500,50000,500,50000,530,-17238,43389124,785,32484,-90655888
19:58:56.253,0,-33.1,1,500,50000,500,50000,511,-29913,43388932,811,32916,-90655776
19:58:56.258,0,-34.0,1,500,50000,500,50000,468,-50055,43388576,882,31189,-90655600
19:58:56.263,0,-34.6,1,500,50000,500,50000,460,-47235,43388356,839,29396,-90655416
19:58:56.268,0,-34.5,1,500,50000,500,50000,497,-29284,43388260,529,39457,-90655184
19:58:56.273,0,-33.9,1,500,50000,500,50000,503,-17558,43388224,614,37396,-90655016
19:58:56.278,0,-33.4,1,500,50000,500,50000,521,-11628,43388196,923,26906,-90654960
19:58:56.283,0,-33.6,1,500,50000,500,50000,512,-19203,43388072,1033,25300,-90654792
19:58:56.288,0,-34.6,1,500,50000,500,50000,561,-33720,43387852,876,28798,-90654600
19:58:56.293,0,-35.8,1,500,50000,500,50000,505,-57555,43387444,567,39674,-90654400
19:58:56.298,0,-36.3,1,500,50000,500,50000,456,-69128,43387068,550,42619,-90654176
19:58:56.303,0,-35.6,1,500,50000,500,50000,425,-63089,43386776,718,32920,-90654064
19:58:56.308,0,-33.7,1,500,50000,500,50000,525,-38447,43386648,578,35477,-90653840
19:58:56.313,0,-31.3,1,500,50000,500,50000,496,-18920,43386644,583,38108,-90653624
19:58:56.319,0,-29.5,1,500,50000,500,50000,523,-11325,43386612,837,31328,-90653528
19:58:56.324,0,-28.9,1,500,50000,500,50000,472,-23941,43386452,933,27864,-90653368
19:58:56.329,0,-29.6,1,500,50000,500,50000,615,-41458,43386192,591,37465,-90653144
19:58:56.334,0,-30.9,1,500,50000,500,50000,506,-49869,43385860,470,45409,-90652912
19:58:56.339,0,-31.8,1,500,50000,500,50000,452,-42500,43385676,664,36186,-90652768
19:58:56.344,0,-32.1,1,500,50000,500,50000,488,-27860,43385604,874,28274,-90652616
19:58:56.354,0,-31.7,1,500,50000,500,50000,580,-19475,43385464,866,29780,-90652272
19:58:56.359,0,-32.3,1,500,50000,500,50000,528,-34715,43385240,701,35289,-90652096
19:58:56.364,0,-33.4,1,500,50000,500,50000,502,-55037,43384848,759,34282,-90651936
19:58:56.364,0,-33.4,1,500,50000,500,50000,457,-62278,43384588,625,37371,-90651792
19:58:56.369,0,-34.5,1,500,50000,500,50000,434,-45769,43384440,586,41073,-90651576
19:58:56.374,0,-34.7,1,500,50000,500,50000,530,-22196,43384404,778,35013,-90651456
19:58:56.379,0,-34.0,1,500,50000,500,50000,531,-9017,43384420,1018,25377,-90651376
19:58:56.384,0,-32.9,1,500,50000,500,50000,536,-12378,43384344,958,26528,-90651200
19:58:56.390,0,-32.2,1,500,50000,500,50000,509,-23688,43384196,844,30646,-90651016
19:58:56.395,0,-32.5,1,500,50000,500,50000,517,-44145,43383880,715,37376,-90650856
19:58:56.400,0,-33.7,1,500,50000,500,50000,483,-54432,43383572,764,34873,-90650688
19:58:56.405,0,-35.1,1,500,50000,500,50000,400,-55429,43383264,830,28864,-90650536
19:58:56.410,0,-35.9,1,500,50000,500,50000,466,-46926,43383040,707,32342,-90650304
19:58:56.415,0,-35.3,1,500,50000,500,50000,569,-30992,43382968,518,43036,-90650080
19:58:56.420,0,-33.8,1,500,50000,500,50000,574,-22038,43382880,729,36677,-90649944
19:58:56.425,0,-32.1,1,500,50000,500,50000,490,-23675,43382768,910,30754,-90649792
19:58:56.430,0,-30.9,1,500,50000,500,50000,545,-34465,43382544,747,33024,-90649624
19:58:56.435,0,-30.7,1,500,50000,500,50000,517,-44480,43382300,559,41442,-90649408
19:58:56.440,0,-31.3,1,500,50000,500,50000,471,-50157,43382036,583,42061,-90649216
19:58:56.446,0,-32.2,1,500,50000,500,50000,494,-44723,43381780,748,30973,-90649112
19:58:56.451,0,-32.6,1,500,50000,500,50000,492,-35109,43381648,703,33922,-90648888
19:58:56.456,0,-32.2,1,500,50000,500,50000,545,-21142,43381580,612,40033,-90648656
19:58:56.461,0,-31.4,1,500,50000,500,50000,529,-17456,43381524,891,31004,-90648584
19:58:56.466,0,-30.7,1,500,50000,500,50000,519,-23935,43381372,905,26085,-90648448
19:58:56.471,0,-30.6,1,500,50000,500,50000,507,-36851,43381144,837,30140,-90648264
19:58:56.476,0,-31.3,1,500,50000,500,50000,498,-51796,43380840,709,33092,-90648096
19:58:56.481,0,-32.4,1,500,50000,500,50000,434,-55397,43380504,607,38902,-90647872
19:58:56.486,0,-33.1,1,500,50000,500,50000,440,-34805,43380416,785,32205,-90647744
19:58:56.492,0,-33.1,1,500,50000,500,50000,528,-16619,43380416,675,34168,-90647544
19:58:56.497,0,-32.2,1,500,50000,500,50000,520,-8463,43380404,701,35844,-90647360
19:58:56.502,0,-31.2,1,500,50000,500,50000,507,-14541,43380308,968,28270,-90647280
19:58:56.507,0,-30.7,1,500,50000,500,50000,508,-25215,43380152,968,25795,-90647128
19:58:56.512,0,-31.3,1,500,50000,500,50000,501,-39559,43379892,667,35807,-90646928
19:58:56.517,0,-32.8,1,500,50000,500,50000,487,-50391,43379604,615,40474,-90646720
19:58:56.522,0,-34.5,1,500,50000,500,50000,470,-54116,43379276,710,35056,-90646552
19:58:56.527,0,-35.6,1,500,50000,500,50000,512,-39228,43379148,733,32772,-90646392
19:58:56.532,0,-35.6,1,500,50000,500,50000,424,-28093,43379064,621,34919,-90646200
19:58:56.537,0,-34.7,1,500,50000,500,50000,549,-24474,43378944,586,39032,-90645992
19:58:56.542,0,-33.4,1,500,50000,500,50000,538,-36505,43378728,816,29974,-90645912
19:58:56.547,0,-32.0,1,500,50000,500,50000,517,-45842,43378440,756,31598,-90645712
19:58:56.552,0,-32.1,1,500,50000,500,50000,513,-49542,43378188,538,39531,-90645456
19:58:56.557,0,-32.2,1,500,50000,500,50000,502,-42304,43377992,524,43941,-90645232
19:58:56.562,0,-31.9,1,500,50000,500,50000,466,-32768,43377880,801,30603,-90645160
19:58:56.567,0,-31.1,1,500,50000,500,50000,511,-31577,43377716,790,26926,-90645008
19:58:56.573,0,-30.3,1,500,50000,500,50000,478,-29837,43377600,716,31571,-90644792
19:58:56.578,0,-29.8,1,500,50000,500,50000,461,-28559,43377448,691,36205,-90644632
19:58:56.583,0,-29.7,1,500,50000,500,50000,460,-30300,43377292,803,33764,-90644480
19:58:56.588,0,-30.1,1,500,50000,500,50000,494,-26506,43377160,944,27458,-90644344
19:58:56.593,0,-30.6,1,500,50000,500,50000,482,-25683,43377028,891,28619,-90644192
19:58:56.598,0,-31.3,1,500,50000,500,50000,489,-23938,43376928,736,33761,-90644000
19:58:56.603,0,-31.9,1,500,50000,500,50000,506,-32270,43376724,790,34668,-90643848
19:58:56.608,0,-32.6,1,500,50000,500,50000,504,-39392,43376520,921,28528,-90643712
19:58:56.613,0,-33.1,1,500,50000,500,50000,482,-45538,43376244,695,33220,-90643528
19:58:56.618,0,-33.3,1,500,50000,500,50000,389,-30822,43376164,574,40022,-90643296
19:58:56.623,0,-33.2,1,500,50000,500,50000,527,-15445,43376144,658,36808,-90643144
19:58:56.628,0,-32.9,1,500,50000,500,50000,495,-12041,43376100,961,27588,-90643064
19:58:56.633,0,-32.9,1,500,50000,500,50000,534,-17418,43375988,957,27067,-90642904
19:58:56.638,0,-33.5,1,500,50000,500,50000,511,-34180,43375764,697,34109,-90642680
19:58:56.643,0,-34.6,1,500,50000,500,50000,491,-51827,43375416,600,40173,-90642504
19:58:56.648,0,-35.7,1,500,50000,500,50000,479,-60036,43375084,666,34186,-90642344
19:58:56.654,0,-36.1,1,500,50000,500,50000,468,-49789,43374884,745,31337,-90642136
19:58:56.659,0,-35.4,1,500,50000,500,50000,501,-29512,43374796,528,40965,-90641912
19:58:56.664,0,-33.9,1,500,50000,500,50000,521,-18008,43374768,652,39285,-90641728
19:58:56.669,0,-32.2,1,500,50000,500,50000,523,-17601,43374692,880,27457,-90641656
19:58:56.674,0,-31.3,1,500,50000,500,50000,528,-34174,43374452,792,29040,-90641464
19:58:56.679,0,-31.4,1,500,50000,500,50000,539,-53196,43374132,435,42944,-90641168
19:58:56.684,0,-32.0,1,500,50000,500,50000,435,-62361,43373732,552,42869,-90641016
19:58:56.689,0,-32.5,1,500,50000,500,50000,417,-53006,43373508,783,33704,-90640864
19:58:56.694,0,-32.0,1,500,50000,500,50000,427,-35047,43373424,820,26464,-90640680
19:58:56.699,0,-30.7,1,500,50000,500,50000,567,-17451,43373384,733,31280,-90640456
19:58:56.704,0,-29.2,1,500,50000,500,50000,548,-15994,43373316,714,34562,-90640256
19:58:56.709,0,-28.3,1,500,50000,500,50000,496,-24476,43373164,872,28961,-90640200
19:58:56.714,0,-28.5,1,500,50000,500,50000,546,-40867,43372904,837,29288,-90640008
19:58:56.719,0,-29.5,1,500,50000,500,50000,475,-49096,43372640,603,35511,-90639768
19:58:56.724,0,-30.7,1,500,50000,500,50000,484,-48231,43372372,484,44356,-90639560
19:58:56.729,0,-31.3,1,500,50000,500,50000,463,-32220,43372288,683,34820,-90639424
19:58:56.735,0,-31.0,1,500,50000,500,50000,525,-14502,43372276,888,26972,-90639280
19:58:56.740,0,-30.4,1,500,50000,500,50000,548,-10176,43372252,694,35063,-90639080
19:58:56.745,0,-30.0,1,500,50000,500,50000,576,-12793,43372176,627,38691,-90638888
19:58:56.750,0,-30.4,1,500,50000,500,50000,493,-26471,43371972,855,34047,-90638744
19:58:56.755,0,-31.7,1,500,50000,500,50000,511,-36155,43371764,959,29439,-90638592
19:58:56.760,0,-33.4,1,500,50000,500,50000,505,-40480,43371524,659,35014,-90638408
19:58:56.765,0,-34.8,1,500,50000,500,50000,483,-43436,43371316,569,38981,-90638192
19:58:56.770,0,-35.4,1,500,50000,500,50000,501,-40995,43371096,629,38774,-90638016
19:58:56.775,0,-35.1,1,500,50000,500,50000,473,-36392,43370948,834,30372,-90637904
19:58:56.780,0,-34.2,1,500,50000,500,50000,390,-29347,43370816,726,34387,-90637680
19:58:56.785,0,-33.1,1,500,50000,500,50000,519,-29711,43370684,589,39918,-90637456
19:58:56.790,0,-32.3,1,500,50000,500,50000,475,-31251,43370508,581,40718,-90637272
19:58:56.795,0,-31.9,1,500,50000,500,50000,371,-38593,43370296,782,32585,-90637176
19:58:56.800,0,-31.9,1,500,50000,500,50000,479,-45614,43370020,767,30172,-90636992
19:58:56.806,0,-32.0,1,500,50000,500,50000,533,-47977,43369752,498,41931,-90636696
19:58:56.811,0,-31.9,1,500,50000,500,50000,471,-40053,43369588,408,46308,-90636456
19:58:56.816,0,-31.4,1,500,50000,500,50000,451,-27773,43369472,723,35574,-90636376
19:58:56.821,0,-30.7,1,500,50000,500,50000,502,-19640,43369416,897,26955,-90636232
19:58:56.826,0,-30.0,1,500,50000,500,50000,496,-23198,43369292,939,28166,-90636032
19:58:56.831,0,-29.7,1,500,50000,500,50000,487,-38313,43368988,787,28047,-90635832
19:58:56.836,0,-30.2,1,500,50000,500,50000,505,-45455,43368744,542,41204,-90635592
19:58:56.841,0,-31.0,1,500,50000,500,50000,462,-47974,43368504,606,35199,-90635440
19:58:56.846,0,-31.7,1,500,50000,500,50000,465,-33006,43368372,803,31388,-90635296
19:58:56.851,0,-32.0,1,500,50000,500,50000,510,-23415,43368356,647,38034,-90635104
19:58:56.856,0,-31.8,1,500,50000,500,50000,512,-13040,43368316,776,26898,-90635048
19:58:56.861,0,-31.3,1,500,50000,500,50000,533,-16526,43368212,878,29514,-90634840
19:58:56.867,0,-31.2,1,500,50000,500,50000,529,-29095,43368008,617,39362,-90634640
19:58:56.872,0,-31.8,1,500,50000,500,50000,485,-42804,43367756,753,37519,-90634472
19:58:56.877,0,-33.0,1,500,50000,500,50000,478,-49916,43367484,862,31209,-90634312
19:58:56.882,0,-34.2,1,500,50000,500,50000,490,-44216,43367264,634,34696,-90634120
19:58:56.887,0,-34.9,1,500,50000,500,50000,531,-33013,43367160,532,41063,-90633896
19:58:56.892,0,-34.8,1,500,50000,500,50000,480,-31529,43367012,792,35251,-90633784
19:58:56.897,0,-34.1,1,500,50000,500,50000,571,-41963,43366752,842,29946,-90633616
19:58:56.902,0,-33.3,1,500,50000,500,50000,516,-54315,43366452,699,34361,-90633376
19:58:56.907,0,-32.7,1,500,50000,500,50000,489,-55063,43366136,342,46731,-90633128
19:58:56.912,0,-32.3,1,500,50000,500,50000,457,-48865,43365920,475,44725,-90632928
19:58:56.917,0,-31.8,1,500,50000,500,50000,499,-40451,43365764,681,35233,-90632784
19:58:56.922,0,-30.8,1,500,50000,500,50000,508,-31282,43365620,704,31084,-90632592
19:58:56.927,0,-28.5,1,500,50000,500,50000,522,-31068,43365476,474,42291,-90632368
19:58:56.932,0,-28.0,1,500,50000,500,50000,515,-29426,43365316,641,41087,-90632184
19:58:56.937,0,-28.1,1,500,50000,500,50000,477,-29965,43365168,783,34207,-90632040
19:58:56.942,0,-28.7,1,500,50000,500,50000,518,-31031,43365000,857,28358,-90631920
19:58:56.948,0,-29.5,1,500,50000,500,50000,532,-33402,43364832,655,36097,-90631696
19:58:56.953,0,-30.2,1,500,50000,500,50000,472,-36966,43364616,567,41744,-90631480
19:58:56.958,0,-30.8,1,500,50000,500,50000,461,-37245,43364404,716,37554,-90631328
19:58:56.963,0,-31.1,1,500,50000,500,50000,433,-32548,43364272,867,30730,-90631160
19:58:56.968,0,-31.2,1,500,50000,500,50000,540,-21118,43364204,678,35972,-90630968
19:58:56.973,0,-31.4,1,500,50000,500,50000,468,-12730,43364180,693,35235,-90630808
19:58:56.978,0,-32.0,1,500,50000,500,50000,424,-14907,43364104,901,29366,-90630712
19:58:56.983,0,-32.9,1,500,50000,500,50000,505,-25705,43363924,903,28524,-90630552
19:58:56.988,0,-34.3,1,500,50000,500,50000,468,-41076,43363648,761,34303,-90630336
19:58:56.993,0,-35.7,1,500,50000,500,50000,520,-57190,43363320,557,42185,-90630104
19:58:56.998,0,-36.3,1,500,50000,500,50000,480,-59839,43362968,705,36600,-90629984
19:58:57.003,0,-35.9,1,500,50000,500,50000,452,-48266,43362780,793,30626,-90629816
19:58:57.008,0,-34.4,1,500,50000,500,50000,515,-31388,43362708,709,30549,-90629608
19:58:57.013,0,-32.4,1,500,50000,500,50000,542,-19996,43362648,551,42142,-90629384
19:58:57.018,0,-30.8,1,500,50000,500,50000,506,-21331,43362540,801,36765,-90629240
19:58:57.023,0,-30.2,1,500,50000,500,50000,494,-38114,43362268,910,28650,-90629128
19:58:57.029,0,-30.5,1,500,50000,500,50000,509,-51208,43361972,604,36749,-90628872
19:58:57.034,0,-31.3,1,500,50000,500,50000,467,-50576,43361736,414,46920,-90628608
19:58:57.039,0,-31.7,1,500,50000,500,50000,444,-42119,43361520,689,35728,-90628528
19:58:57.044,0,-31.4,1,500,50000,500,50000,590,-32731,43361404,815,30417,-90628352
19:58:57.049,0,-30.5,1,500,50000,500,50000,529,-24203,43361332,719,34649,-90628152
19:58:57.054,0,-29.8,1,500,50000,500,50000,513,-17285,43361272,635,36596,-90627968
19:58:57.059,0,-29.7,1,500,50000,500,50000,518,-24231,43361128,628,38423,-90627768
19:58:57.064,0,-30.4,1,500,50000,500,50000,458,-34587,43360900,862,32382,-90627672
19:58:57.069,0,-31.7,1,500,50000,500,50000,491,-41839,43360676,867,27902,-90627504
19:58:57.074,0,-33.0,1,500,50000,500,50000,426,-44051,43360456,585,38261,-90627264
19:58:57.079,0,-33.6,1,500,50000,500,50000,449,-40284,43360248,436,47140,-90627016
19:58:57.084,0,-33.6,1,500,50000,500,50000,509,-34734,43360104,633,41301,-90626856
19:58:57.089,0,-33.0,1,500,50000,500,50000,520,-23540,43360024,795,28689,-90626776
19:58:57.095,0,-32.4,1,500,50000,500,50000,535,-25658,43359900,740,32163,-90626552
19:58:57.100,0,-32.1,1,500,50000,500,50000,474,-28049,43359760,551,40802,-90626312
19:58:57.105,0,-32.3,1,500,50000,500,50000,498,-38799,43359508,636,43346,-90626112
19:58:57.110,0,-32.9,1,500,50000,500,50000,481,-48414,43359240,795,30604,-90626040
19:58:57.115,0,-33.3,1,500,50000,500,50000,450,-55576,43358896,596,35078,-90625784
19:58:57.120,0,-33.2,1,500,50000,500,50000,504,-45549,43358724,320,49081,-90625472
19:58:57.125,0,-32.4,1,500,50000,500,50000,490,-28475,43358660,503,44911,-90625360
19:58:57.130,0,-31.1,1,500,50000,500,50000,484,-17873,43358596,1049,24460,-90625288
19:58:57.135,0,-29.9,1,500,50000,500,50000,532,-24214,43358468,1145,17017,-90625112
19:58:57.140,0,-29.5,1,500,50000,500,50000,572,-34670,43358268,525,39400,-90624760
19:58:57.145,0,-29.8,1,500,50000,500,50000,505,-47142,43357956,48,63428,-90624424
19:58:57.151,0,-30.7,1,500,50000,500,50000,429,-51169,43357692,999,31291,-90624480
19:58:57.156,0,-31.4,1,500,50000,500,50000,417,-39844,43357508,1220,10787,-90624376
19:58:57.161,0,-31.5,1,500,50000,500,50000,577,-27351,43357452,599,32183,-90624016
19:58:57.166,0,-31.1,1,500,50000,500,50000,523,-19266,43357380,213,61881,-90623704
19:58:57.171,0,-30.6,1,500,50000,500,50000,442,-21198,43357264,801,38063,-90623680
19:58:57.176,0,-30.6,1,500,50000,500,50000,517,-34428,43357040,1069,22255,-90623576
19:58:57.181,0,-31.3,1,500,50000,500,50000,449,-44237,43356740,905,23571,-90623368
19:58:57.186,0,-32.4,1,500,50000,500,50000,467,-41757,43356564,655,32221,-90623120
19:58:57.191,0,-33.3,1,500,50000,500,50000,571,-30626,43356436,530,44976,-90622896
19:58:57.196,0,-33.8,1,500,50000,500,50000,517,-27645,43356324,679,42866,-90622712
19:58:57.201,0,-33.8,1,500,50000,500,50000,503,-32055,43356184,909,25413,-90622656
19:58:57.206,0,-33.6,1,500,50000,500,50000,538,-44576,43355904,497,42489,-90622376
19:58:57.212,0,-33.6,1,500,50000,500,50000,488,-56503,43355584,405,49121,-90622136
19:58:57.217,0,-33.6,1,500,50000,500,50000,446,-48821,43355312,537,44958,-90621968
19:58:57.222,0,-33.3,1,500,50000,500,50000,482,-34290,43355200,928,24802,-90621904
19:58:57.227,0,-32.5,1,500,50000,500,50000,547,-21785,43355156,672,31752,-90621656
19:58:57.232,0,-31.5,1,500,50000,500,50000,556,-20489,43355064,401,52038,-90621384
19:58:57.237,0,-30.7,1,500,50000,500,50000,516,-27421,43354896,801,37026,-90621296
19:58:57.242,0,-30.9,1,500,50000,500,50000,517,-52187,43354544,1046,22243,-90621184
19:58:57.247,0,-31.7,1,500,50000,500,50000,583,-61555,43354172,365,41527,-90620848
19:58:57.252,0,-32.6,1,500,50000,500,50000,474,-51670,43353972,34,66125,-90620488
19:58:57.257,0,-33.0,1,500,50000,500,50000,454,-37497,43353800,925,26871,-90620592
19:58:57.262,0,-32.5,1,500,50000,500,50000,449,-33443,43353652,1008,20113,-90620400
19:58:57.267,0,-31.5,1,500,50000,500,50000,511,-29833,43353536,716,29108,-90620128
19:58:57.272,0,-30.5,1,500,50000,500,50000,522,-32067,43353348,333,50193,-90619840
19:58:57.277,0,-30.3,1,500,50000,500,50000,486,-33122,43353180,658,42769,-90619712
19:58:57.282,0,-31.0,1,500,50000,500,50000,647,-31084,43353012,974,31639,-90619592
19:58:57.287,0,-31.8,1,500,50000,500,50000,499,-29758,43352876,849,28653,-90619440
19:58:57.292,0,-32.6,1,500,50000,500,50000,531,-30889,43352740,718,33622,-90619248
19:58:57.297,0,-33.3,1,500,50000,500,50000,475,-37888,43352500,703,38988,-90619032
19:58:57.303,0,-33.8,1,500,50000,500,50000,480,-48737,43352224,721,37526,-90618872
19:58:57.308,0,-34.0,1,500,50000,500,50000,483,-47948,43351956,768,31939,-90618728
19:58:57.313,0,-33.8,1,500,50000,500,50000,492,-40497,43351800,534,38513,-90618488
19:58:57.318,0,-33.1,1,500,50000,500,50000,513,-30859,43351660,552,40377,-90618288
19:58:57.323,0,-32.4,1,500,50000,500,50000,509,-30322,43351524,801,32520,-90618184
19:58:57.328,0,-31.9,1,500,50000,500,50000,545,-34929,43351316,817,31449,-90618000
19:58:57.333,0,-31.8,1,500,50000,500,50000,533,-40152,43351036,818,32042,-90617768
19:58:57.338,0,-32.0,1,500,50000,500,50000,504,-39593,43350852,563,36769,-90617544
19:58:57.343,0,-32.2,1,500,50000,500,50000,349,-37178,43350664,501,43131,-90617320
19:58:57.348,0,-32.1,1,500,50000,500,50000,468,-30911,43350544,869,29028,-90617256
19:58:57.353,0,-31.9,1,500,50000,500,50000,473,-30725,43350404,631,35428,-90617048
19:58:57.358,0,-31.8,1,500,50000,500,50000,496,-30255,43350260,483,42711,-90616848
19:58:57.363,0,-32.0,1,500,50000,500,50000,556,-32674,43350068,836,33119,-90616720
19:58:57.368,0,-32.4,1,500,50000,500,50000,555,-33492,43349904,851,27622,-90616568
19:58:57.373,0,-32.8,1,500,50000,500,50000,502,-37874,43349688,695,37580,-90616352
19:58:57.378,0,-33.3,1,500,50000,500,50000,505,-39725,43349496,688,37910,-90616192
19:58:57.383,0,-33.4,1,500,50000,500,50000,466,-46040,43349252,822,34522,-90616016
19:58:57.388,0,-33.3,1,500,50000,500,50000,478,-43481,43349024,817,33380,-90615864
19:58:57.394,0,-32.9,1,500,50000,500,50000,506,-32178,43348916,617,37954,-90615648
19:58:57.399,0,-32.5,1,500,50000,500,50000,519,-24201,43348808,766,35216,-90615528
19:58:57.404,0,-32.2,1,500,50000,500,50000,558,-24686,43348692,932,29977,-90615392
19:58:57.409,0,-32.4,1,500,50000,500,50000,524,-35829,43348484,894,27008,-90615232
19:58:57.414,0,-33.0,1,500,50000,500,50000,484,-56888,43348100,530,41168,-90614976
19:58:57.419,0,-33.5,1,500,50000,500,50000,506,-60111,43347796,380,48821,-90614736
19:58:57.424,0,-33.5,1,500,50000,500,50000,492,-49856,43347592,801,35101,-90614648
19:58:57.429,0,-32.7,1,500,50000,500,50000,409,-26898,43347524,819,28432,-90614480
19:58:57.434,0,-31.5,1,500,50000,500,50000,544,-17709,43347484,766,31318,-90614264
19:58:57.439,0,-30.6,1,500,50000,500,50000,534,-21370,43347368,628,40064,-90614064
19:58:57.444,0,-30.5,1,500,50000,500,50000,519,-30891,43347184,773,36644,-90613912
19:58:57.449,0,-31.3,1,500,50000,500,50000,517,-44333,43346912,862,31409,-90613736
19:58:57.454,0,-32.4,1,500,50000,500,50000,478,-51409,43346588,521,39898,-90613512
19:58:57.459,0,-33.1,1,500,50000,500,50000,485,-38650,43346452,507,44879,-90613280
19:58:57.464,0,-33.0,1,500,50000,500,50000,519,-30251,43346320,699,40214,-90613120
19:58:57.469,0,-32.4,1,500,50000,500,50000,515,-28404,43346196,710,28921,-90613024
19:58:57.474,0,-31.8,1,500,50000,500,50000,526,-32712,43346036,637,36547,-90612784
19:58:57.480,0,-31.7,1,500,50000,500,50000,493,-37340,43345812,511,41537,-90612576
19:58:57.485,0,-32.0,1,500,50000,500,50000,498,-37038,43345632,751,34542,-90612464
19:58:57.490,0,-32.6,1,500,50000,500,50000,499,-34582,43345476,875,26986,-90612328
19:58:57.495,0,-33.0,1,500,50000,500,50000,509,-31086,43345324,903,27890,-90612144
19:58:57.500,0,-33.1,1,500,50000,500,50000,508,-31684,43345152,762,33392,-90611936
19:58:57.505,0,-33.1,1,500,50000,500,50000,455,-38604,43344952,721,35086,-90611800
19:58:57.510,0,-33.1,1,500,50000,500,50000,462,-38600,43344740,888,32154,-90611640
19:58:57.515,0,-33.0,1,500,50000,500,50000,491,-38250,43344572,897,27934,-90611472
19:58:57.520,0,-32.9,1,500,50000,500,50000,511,-28910,43344456,699,35661,-90611280
19:58:57.525,0,-32.8,1,500,50000,500,50000,628,-22624,43344384,708,34774,-90611120
19:58:57.530,0,-32.8,1,500,50000,500,50000,501,-23078,43344260,785,33831,-90610968
19:58:57.535,0,-33.1,1,500,50000,500,50000,510,-29456,43344104,887,30613,-90610824
19:58:57.540,0,-33.6,1,500,50000,500,50000,548,-40406,43343844,797,30966,-90610656
19:58:57.546,0,-34.2,1,500,50000,500,50000,521,-47170,43343600,547,41618,-90610408
19:58:57.551,0,-34.6,1,500,50000,500,50000,513,-42051,43343380,588,42246,-90610224
19:58:57.556,0,-34.4,1,500,50000,500,50000,463,-27113,43343284,849,29062,-90610152
19:58:57.561,0,-33.8,1,500,50000,500,50000,526,-18520,43343232,852,28834,-90609960
19:58:57.566,0,-33.1,1,500,50000,500,50000,550,-21316,43343124,719,34913,-90609736
19:58:57.571,0,-32.8,1,500,50000,500,50000,496,-31646,43342920,651,36234,-90609592
19:58:57.576,0,-33.1,1,500,50000,500,50000,487,-45133,43342656,754,33986,-90609424
19:58:57.581,0,-33.9,1,500,50000,500,50000,482,-53027,43342372,770,32852,-90609224
19:58:57.586,0,-34.4,1,500,50000,500,50000,475,-43825,43342156,541,38872,-90609008
19:58:57.591,0,-34.3,1,500,50000,500,50000,492,-26566,43342100,620,39429,-90608816
19:58:57.597,0,-33.6,1,500,50000,500,50000,527,-13444,43342080,848,31512,-90608720
19:58:57.602,0,-32.8,1,500,50000,500,50000,520,-17645,43341984,959,25994,-90608584
19:58:57.607,0,-32.6,1,500,50000,500,50000,530,-29218,43341812,895,28336,-90608376
19:58:57.612,0,-33.1,1,500,50000,500,50000,521,-49754,43341464,596,41574,-90608136
19:58:57.617,0,-34.2,1,500,50000,500,50000,460,-60784,43341124,472,47530,-90607912
19:58:57.622,0,-34.9,1,500,50000,500,50000,396,-55014,43340824,800,33997,-90607824
19:58:57.627,0,-34.7,1,500,50000,500,50000,495,-38942,43340700,774,30323,-90607656
19:58:57.632,0,-33.4,1,500,50000,500,50000,511,-21858,43340676,697,33218,-90607416
19:58:57.637,0,-31.8,1,500,50000,500,50000,562,-15019,43340628,655,38437,-90607240
19:58:57.642,0,-30.5,1,500,50000,500,50000,542,-21916,43340500,812,35288,-90607080
19:58:57.647,0,-30.4,1,500,50000,500,50000,503,-42629,43340188,845,30391,-90606928
19:58:57.652,0,-32.4,1,500,50000,500,50000,470,-50192,43339908,680,34616,-90606736
19:58:57.657,0,-33.0,1,500,50000,500,50000,428,-48392,43339676,528,44570,-90606472
19:58:57.662,0,-32.7,1,500,50000,500,50000,469,-34790,43339524,522,44023,-90606272
19:58:57.667,0,-31.9,1,500,50000,500,50000,492,-23092,43339464,738,35541,-90606136
19:58:57.673,0,-31.2,1,500,50000,500,50000,522,-17866,43339400,819,29711,-90606000
19:58:57.678,0,-31.3,1,500,50000,500,50000,530,-21554,43339276,673,35686,-90605776
19:58:57.683,0,-32.1,1,500,50000,500,50000,520,-32061,43339076,555,41514,-90605568
19:58:57.688,0,-33.3,1,500,50000,500,50000,489,-39740,43338832,920,28663,-90605504
19:58:57.693,0,-34.3,1,500,50000,500,50000,458,-39657,43338612,851,30621,-90605264
19:58:57.698,0,-34.7,1,500,50000,500,50000,498,-37175,43338420,691,37205,-90605056
19:58:57.703,0,-34.5,1,500,50000,500,50000,523,-36887,43338252,555,43249,-90604832
19:58:57.708,0,-34.0,1,500,50000,500,50000,492,-33174,43338120,718,37651,-90604680
19:58:57.713,0,-33.5,1,500,50000,500,50000,441,-31364,43337952,918,31934,-90604544
19:58:57.718,0,-33.2,1,500,50000,500,50000,562,-31953,43337816,822,29854,-90604384
19:58:57.723,0,-33.3,1,500,50000,500,50000,507,-35310,43337620,650,41125,-90604168
19:58:57.728,0,-33.5,1,500,50000,500,50000,491,-43049,43337396,646,39134,-90604008
19:58:57.733,0,-33.5,1,500,50000,500,50000,441,-50319,43337088,775,34959,-90603848
19:58:57.738,0,-33.2,1,500,50000,500,50000,481,-48210,43336872,842,30115,-90603680
19:58:57.743,0,-32.5,1,500,50000,500,50000,519,-32576,43336752,580,39496,-90603464
19:58:57.748,0,-31.6,1,500,50000,500,50000,511,-18060,43336740,613,36650,-90603304
19:58:57.753,0,-31.1,1,500,50000,500,50000,521,-12335,43336696,818,34097,-90603160
19:58:57.759,0,-31.4,1,500,50000,500,50000,559,-24105,43336540,1039,26880,-90603064
19:58:57.764,0,-32.5,1,500,50000,500,50000,506,-45832,43336212,866,31106,-90602848
19:58:57.769,0,-33.8,1,500,50000,500,50000,479,-58760,43335876,575,43674,-90602616
19:58:57.774,0,-34.5,1,500,50000,500,50000,450,-48069,43335684,620,41545,-90602432
19:58:57.779,0,-34.3,1,500,50000,500,50000,485,-24073,43335628,887,31931,-90602320
19:58:57.784,0,-33.5,1,500,50000,500,50000,512,-12166,43335624,891,26810,-90602176
19:58:57.789,0,-32.9,1,500,50000,500,50000,540,-13348,43335556,753,33194,-90601960
19:58:57.794,0,-33.2,1,500,50000,500,50000,539,-27425,43335364,731,35566,-90601816
19:58:57.799,0,-34.3,1,500,50000,500,50000,513,-47113,43335064,835,33098,-90601656
19:58:57.804,0,-35.7,1,500,50000,500,50000,471,-60628,43334664,864,29176,-90601480
19:58:57.809,0,-36.2,1,500,50000,500,50000,438,-55108,43334420,557,41244,-90601224
19:58:57.815,0,-35.6,1,500,50000,500,50000,493,-43348,43334264,527,42298,-90601024
19:58:57.820,0,-34.0,1,500,50000,500,50000,562,-32132,43334132,864,31902,-90600944
19:58:57.825,0,-32.3,1,500,50000,500,50000,559,-33048,43333972,809,31087,-90600728
19:58:57.830,0,-31.1,1,500,50000,500,50000,603,-38099,43333748,557,38815,-90600480
19:58:57.835,0,-30.8,1,500,50000,500,50000,547,-38093,43333564,794,38189,-90600344
19:58:57.840,0,-30.9,1,500,50000,500,50000,475,-38752,43333312,712,36624,-90600136
19:58:57.845,0,-31.3,1,500,50000,500,50000,451,-40167,43333156,820,30285,-90600016
19:58:57.850,0,-31.4,1,500,50000,500,50000,494,-39172,43332948,788,30548,-90599800
19:58:57.855,0,-31.4,1,500,50000,500,50000,496,-35378,43332764,637,40118,-90599600
19:58:57.860,0,-31.2,1,500,50000,500,50000,503,-27995,43332660,821,33193,-90599464
19:58:57.866,0,-31.3,1,500,50000,500,50000,516,-22145,43332584,943,25415,-90599344
19:58:57.871,0,-31.6,1,500,50000,500,50000,532,-19807,43332512,785,30469,-90599208
19:58:57.876,0,-32.3,1,500,50000,500,50000,524,-23401,43332384,800,35179,-90599024
19:58:57.881,0,-33.3,1,500,50000,500,50000,515,-33309,43332168,889,34332,-90598872
19:58:57.886,0,-34.4,1,500,50000,500,50000,489,-42602,43331936,886,30105,-90598728
19:58:57.891,0,-35.3,1,500,50000,500,50000,480,-48261,43331652,706,36527,-90598528
19:58:57.896,0,-35.5,1,500,50000,500,50000,547,-43732,43331468,631,39261,-90598320
19:58:57.901,0,-35.1,1,500,50000,500,50000,510,-26821,43331376,752,34056,-90598184
19:58:57.906,0,-34.4,1,500,50000,500,50000,524,-14839,43331360,955,28799,-90598048
19:58:57.911,0,-33.8,1,500,50000,500,50000,506,-11591,43331316,1048,25035,-90597944
19:58:57.916,0,-33.9,1,500,50000,500,50000,498,-25948,43331124,841,29851,-90597744
19:58:57.921,0,-34.7,1,500,50000,500,50000,502,-40986,43330888,728,33822,-90597560
19:58:57.926,0,-35.8,1,500,50000,500,50000,369,-55993,43330524,763,37590,-90597400
19:58:57.931,0,-36.6,1,500,50000,500,50000,475,-59173,43330228,819,34444,-90597224
19:58:57.936,0,-36.3,1,500,50000,500,50000,423,-41973,43330052,799,31886,-90597040
19:58:57.941,0,-35.0,1,500,50000,500,50000,525,-28050,43329976,649,41544,-90596824
19:58:57.947,0,-33.3,1,500,50000,500,50000,548,-18391,43329928,634,38807,-90596656
19:58:57.952,0,-31.9,1,500,50000,500,50000,508,-19440,43329824,895,29391,-90596544
19:58:57.957,0,-31.5,1,500,50000,500,50000,509,-35227,43329592,882,31696,-90596360
19:58:57.962,0,-32.1,1,500,50000,500,50000,526,-49644,43329304,569,42119,-90596096
19:58:57.967,0,-32.9,1,500,50000,500,50000,475,-50507,43329012,619,40009,-90595960
19:58:57.972,0,-33.4,1,500,50000,500,50000,442,-40581,43328856,868,32506,-90595808
19:58:57.977,0,-33.0,1,500,50000,500,50000,490,-24725,43328772,905,28972,-90595648
19:58:57.982,0,-32.2,1,500,50000,500,50000,506,-16181,43328744,774,33771,-90595464
19:58:57.987,0,-31.5,1,500,50000,500,50000,491,-17088,43328660,793,35711,-90595280
19:58:57.992,0,-31.6,1,500,50000,500,50000,484,-29714,43328452,976,27130,-90595208
19:58:57.997,0,-32.4,1,500,50000,500,50000,527,-40556,43328224,934,27316,-90595040
19:58:58.002,0,-34.4,1,500,50000,500,50000,504,-44241,43328000,712,33146,-90594800
19:58:58.007,0,-34.6,1,500,50000,500,50000,467,-40156,43327780,698,37000,-90594640
19:58:58.012,0,-34.1,1,500,50000,500,50000,471,-32947,43327656,820,32362,-90594496
19:58:58.017,0,-33.4,1,500,50000,500,50000,497,-27744,43327524,862,30781,-90594344
19:58:58.023,0,-33.0,1,500,50000,500,50000,536,-23279,43327440,746,36008,-90594120
19:58:58.028,0,-33.1,1,500,50000,500,50000,501,-24663,43327316,712,34650,-90593952
19:58:58.033,0,-33.7,1,500,50000,500,50000,529,-32150,43327108,812,32641,-90593824
19:58:58.038,0,-34.3,1,500,50000,500,50000,564,-34515,43326940,784,32641,-90593648
19:58:58.043,0,-34.8,1,500,50000,500,50000,469,-35376,43326740,844,30981,-90593488
19:58:58.048,0,-34.9,1,500,50000,500,50000,505,-39443,43326544,685,38020,-90593280
19:58:58.053,0,-34.6,1,500,50000,500,50000,486,-42721,43326332,619,42320,-90593064
19:58:58.058,0,-34.1,1,500,50000,500,50000,481,-39654,43326116,710,38436,-90592904
19:58:58.063,0,-33.4,1,500,50000,500,50000,465,-35382,43325960,877,33075,-90592744
19:58:58.068,0,-32.9,1,500,50000,500,50000,517,-28730,43325836,853,29904,-90592600
19:58:58.073,0,-32.6,1,500,50000,500,50000,543,-27959,43325716,750,35429,-90592384
19:58:58.078,0,-32.7,1,500,50000,500,50000,479,-35121,43325504,701,36550,-90592200
19:58:58.083,0,-32.9,1,500,50000,500,50000,489,-46544,43325240,628,38752,-90592032
19:58:58.088,0,-32.9,1,500,50000,500,50000,533,-51132,43324932,736,37487,-90591848
19:58:58.093,0,-32.5,1,500,50000,500,50000,344,-39854,43324796,815,29787,-90591696
19:58:58.098,0,-31.9,1,500,50000,500,50000,581,-20813,43324756,809,29918,-90591488
19:58:58.103,0,-31.4,1,500,50000,500,50000,578,-11350,43324748,771,36381,-90591328
19:58:58.108,0,-31.5,1,500,50000,500,50000,556,-15728,43324648,955,29453,-90591216
19:58:58.114,0,-32.5,1,500,50000,500,50000,530,-29261,43324460,1064,24075,-90591072
19:58:58.119,0,-33.8,1,500,50000,500,50000,549,-47892,43324132,735,34475,-90590856
19:58:58.124,0,-34.8,1,500,50000,500,50000,480,-52994,43323864,521,42798,-90590616
19:58:58.129,0,-34.9,1,500,50000,500,50000,406,-36096,43323716,670,37653,-90590464
19:58:58.134,0,-34.3,1,500,50000,500,50000,505,-19522,43323700,964,27415,-90590392
19:58:58.139,0,-33.6,1,500,50000,500,50000,560,-10847,43323684,938,26085,-90590224
19:58:58.144,0,-33.6,1,500,50000,500,50000,548,-13665,43323608,810,31578,-90590024
19:58:58.149,0,-34.5,1,500,50000,500,50000,516,-27085,43323424,859,35123,-90589880
19:58:58.154,0,-35.8,1,500,50000,500,50000,450,-47992,43323116,957,30099,-90589728
19:58:58.159,0,-36.7,1,500,50000,500,50000,479,-60281,43322724,655,36995,-90589520
19:58:58.164,0,-36.6,1,500,50000,500,50000,482,-52562,43322504,599,40808,-90589296
19:58:58.169,0,-35.4,1,500,50000,500,50000,482,-34990,43322408,640,39710,-90589112
19:58:58.174,0,-33.8,1,500,50000,500,50000,497,-20482,43322352,928,29638,-90589024
19:58:58.179,0,-32.6,1,500,50000,500,50000,532,-18057,43322280,963,26474,-90588864
19:58:58.184,0,-32.4,1,500,50000,500,50000,528,-33241,43322056,834,31062,-90588648
19:58:58.189,0,-32.9,1,500,50000,500,50000,521,-51012,43321744,569,44942,-90588416
19:58:58.194,0,-33.6,1,500,50000,500,50000,466,-59412,43321420,587,43450,-90588216
19:58:58.200,0,-33.7,1,500,50000,500,50000,457,-52425,43321140,788,32187,-90588104
19:58:58.205,0,-33.0,1,500,50000,500,50000,520,-35782,43321048,574,38422,-90587840
19:58:58.210,0,-31.8,1,500,50000,500,50000,562,-22672,43320972,569,42378,-90587616
19:58:58.215,0,-31.0,1,500,50000,500,50000,548,-23548,43320860,733,38268,-90587464
19:58:58.220,0,-31.0,1,500,50000,500,50000,427,-35515,43320612,942,28812,-90587376
19:58:58.225,0,-31.8,1,500,50000,500,50000,455,-40278,43320404,819,31590,-90587160
19:58:58.230,0,-32.8,1,500,50000,500,50000,522,-32433,43320284,652,39207,-90586960
19:58:58.235,0,-33.6,1,500,50000,500,50000,531,-28034,43320152,807,36321,-90586816
19:58:58.240,0,-34.1,1,500,50000,500,50000,434,-24285,43320052,961,28270,-90586704
19:58:58.245,0,-34.6,1,500,50000,500,50000,509,-28482,43319912,807,33699,-90586512
19:58:58.250,0,-35.2,1,500,50000,500,50000,495,-51381,43319268,593,38963,-90586048
19:58:58.255,0,-35.8,1,500,50000,500,50000,460,-51054,43319080,856,30868,-90585992
19:58:58.260,0,-36.0,1,500,50000,500,50000,479,-40524,43318944,742,33205,-90585808
19:58:58.265,0,-35.8,1,500,50000,500,50000,528,-30986,43318820,617,41506,-90585584
19:58:58.270,0,-34.9,1,500,50000,500,50000,489,-24659,43318736,795,35413,-90585440
19:58:58.275,0,-34.1,1,500,50000,500,50000,522,-28778,43318568,955,27528,-90585344
19:58:58.280,0,-33.6,1,500,50000,500,50000,530,-35981,43318380,733,36273,-90585104
19:58:58.286,0,-33.7,1,500,50000,500,50000,513,-42833,43318120,634,38927,-90584920
19:58:58.291,0,-34.2,1,500,50000,500,50000,500,-47674,43317880,886,31231,-90584816
19:58:58.296,0,-34.6,1,500,50000,500,50000,450,-47310,43317624,790,32576,-90584616
19:58:58.301,0,-34.6,1,500,50000,500,50000,513,-33068,43317492,707,36946,-90584400
19:58:58.306,0,-34.1,1,500,50000,500,50000,507,-26013,43317396,781,32542,-90584248
19:58:58.311,0,-33.3,1,500,50000,500,50000,504,-21452,43317300,849,30315,-90584128
19:58:58.316,0,-32.6,1,500,50000,500,50000,557,-25194,43317176,838,30196,-90583960
19:58:58.321,0,-32.5,1,500,50000,500,50000,531,-33172,43316976,772,33265,-90583776
19:58:58.326,0,-33.1,1,500,50000,500,50000,494,-40257,43316760,804,34200,-90583632
19:58:58.331,0,-34.0,1,500,50000,500,50000,480,-49826,43316480,794,31602,-90583464
19:58:58.336,0,-34.8,1,500,50000,500,50000,464,-45695,43316228,811,29211,-90583280
19:58:58.341,0,-35.1,1,500,50000,500,50000,499,-32601,43316132,666,37531,-90583072
19:58:58.346,0,-34.8,1,500,50000,500,50000,524,-15948,43316108,873,30980,-90582944
19:58:58.351,0,-34.0,1,500,50000,500,50000,530,-17617,43316020,1016,27533,-90582840
19:58:58.356,0,-33.5,1,500,50000,500,50000,553,-25922,43315876,835,26569,-90582680
19:58:58.361,0,-33.6,1,500,50000,500,50000,516,-42018,43315588,623,38008,-90582464
19:58:58.366,0,-34.5,1,500,50000,500,50000,441,-58087,43315188,527,44327,-90582200
19:58:58.372,0,-35.5,1,500,50000,500,50000,446,-53609,43314944,727,35360,-90582096
19:58:58.377,0,-36.2,1,500,50000,500,50000,523,-29099,43314868,923,30239,-90581928
19:58:58.382,0,-35.9,1,500,50000,500,50000,533,-16845,43314844,844,28223,-90581744
19:58:58.387,0,-35.0,1,500,50000,500,50000,280,-13655,43314804,759,36326,-90581560
19:58:58.392,0,-33.9,1,500,50000,500,50000,497,-24163,43314652,970,30105,-90581464
19:58:58.397,0,-33.5,1,500,50000,500,50000,497,-41330,43314392,877,29844,-90581280
19:58:58.402,0,-34.1,1,500,50000,500,50000,467,-59102,43313988,649,39152,-90581056
19:58:58.407,0,-35.2,1,500,50000,500,50000,437,-58366,43313704,566,44311,-90580824
19:58:58.412,0,-36.0,1,500,50000,500,50000,450,-41357,43313524,665,38627,-90580664
19:58:58.417,0,-35.9,1,500,50000,500,50000,502,-28242,43313444,800,32216,-90580536
19:58:58.422,0,-34.8,1,500,50000,500,50000,590,-20802,43313388,643,37721,-90580312
19:58:58.427,0,-32.1,1,500,50000,500,50000,527,-28015,43313212,675,37816,-90580128
19:58:58.432,0,-31.9,1,500,50000,500,50000,501,-39625,43312984,750,36196,-90579960
19:58:58.437,0,-32.5,1,500,50000,500,50000,470,-43646,43312724,949,32342,-90579840
19:58:58.442,0,-33.3,1,500,50000,500,50000,467,-41567,43312548,894,30489,-90579656
19:58:58.448,0,-33.8,1,500,50000,500,50000,514,-35488,43312372,715,37708,-90579432
19:58:58.453,0,-33.6,1,500,50000,500,50000,485,-33325,43312232,773,35785,-90579304
19:58:58.458,0,-33.1,1,500,50000,500,50000,493,-34797,43312032,926,31008,-90579168
19:58:58.463,0,-32.6,1,500,50000,500,50000,521,-37804,43311820,831,29272,-90578984
19:58:58.468,0,-32.3,1,500,50000,500,50000,515,-33581,43311680,731,34523,-90578760
19:58:58.473,0,-32.2,1,500,50000,500,50000,488,-23120,43311596,798,34584,-90578624
19:58:58.478,0,-32.4,1,500,50000,500,50000,472,-19538,43311512,965,28676,-90578504
19:58:58.483,0,-32.8,1,500,50000,500,50000,482,-21611,43311380,1025,25238,-90578352
19:58:58.488,0,-33.4,1,500,50000,500,50000,530,-30357,43311208,842,31509,-90578176
19:58:58.493,0,-34.2,1,500,50000,500,50000,572,-33392,43311020,661,40062,-90577960
19:58:58.498,0,-34.9,1,500,50000,500,50000,494,-34048,43310852,776,36145,-90577808
19:58:58.503,0,-35.4,1,500,50000,500,50000,468,-34496,43310664,958,28852,-90577680
19:58:58.508,0,-35.6,1,500,50000,500,50000,510,-29966,43310544,783,31030,-90577496
19:58:58.513,0,-35.6,1,500,50000,500,50000,477,-27791,43310404,696,37423,-90577280
19:58:58.518,0,-35.5,1,500,50000,500,50000,494,-27938,43310276,712,38270,-90577104
19:58:58.523,0,-35.5,1,500,50000,500,50000,510,-33577,43310068,893,32372,-90577008
19:58:58.528,0,-35.7,1,500,50000,500,50000,511,-42261,43309828,869,29118,-90576824
19:58:58.534,0,-35.9,1,500,50000,500,50000,514,-48150,43309576,556,41700,-90576568
19:58:58.539,0,-35.8,1,500,50000,500,50000,478,-43127,43309348,495,47967,-90576336
19:58:58.544,0,-35.4,1,500,50000,500,50000,465,-31585,43309248,650,38701,-90576192
19:58:58.549,0,-34.6,1,500,50000,500,50000,513,-26252,43309140,896,29281,-90576088
19:58:58.554,0,-33.7,1,500,50000,500,50000,522,-25153,43309012,875,31336,-90575888
19:58:58.559,0,-33.3,1,500,50000,500,50000,537,-33362,43308824,630,40758,-90575672
19:58:58.564,0,-33.3,1,500,50000,500,50000,483,-47458,43308504,696,40177,-90575480
19:58:58.569,0,-33.7,1,500,50000,500,50000,440,-51650,43308232,806,33605,-90575328
19:58:58.574,0,-34.0,1,500,50000,500,50000,460,-41728,43308036,855,28968,-90575144
19:58:58.579,0,-33.7,1,500,50000,500,50000,442,-26152,43307980,686,36816,-90574928
19:58:58.584,0,-33.1,1,500,50000,500,50000,530,-21036,43307892,718,35037,-90574760
19:58:58.589,0,-32.4,1,500,50000,500,50000,472,-18842,43307836,863,36321,-90574624
19:58:58.594,0,-32.2,1,500,50000,500,50000,482,-33969,43307592,906,30043,-90574472
19:58:58.599,0,-32.7,1,500,50000,500,50000,507,-49058,43307312,701,35093,-90574272
19:58:58.604,0,-33.6,1,500,50000,500,50000,469,-44417,43307076,510,42940,-90574032
19:58:58.609,0,-34.3,1,500,50000,500,50000,465,-29186,43306996,636,41107,-90573856
19:58:58.614,0,-34.4,1,500,50000,500,50000,492,-17587,43306964,909,29738,-90573744
19:58:58.620,0,-34.1,1,500,50000,500,50000,504,-15473,43306900,885,27486,-90573600
19:58:58.625,0,-34.0,1,500,50000,500,50000,519,-22770,43306772,700,35950,-90573368
19:58:58.630,0,-34.5,1,500,50000,500,50000,481,-39911,43306492,649,41724,-90573152
19:58:58.635,0,-35.6,1,500,50000,500,50000,471,-48976,43306212,862,33542,-90573064
19:58:58.640,0,-36.8,1,500,50000,500,50000,455,-46754,43305952,906,27837,-90572896
19:58:58.645,0,-37.4,1,500,50000,500,50000,518,-39991,43305800,723,35850,-90572648
19:58:58.650,0,-37.0,1,500,50000,500,50000,508,-29069,43305688,634,39645,-90572432
19:58:58.655,0,-35.9,1,500,50000,500,50000,497,-26914,43305568,872,33752,-90572328
19:58:58.660,0,-34.8,1,500,50000,500,50000,519,-29716,43305396,944,29973,-90572160
19:58:58.665,0,-34.1,1,500,50000,500,50000,528,-34072,43305224,876,30177,-90571976
19:58:58.670,0,-34.1,1,500,50000,500,50000,492,-38027,43305004,540,43651,-90571736
19:58:58.675,0,-34.5,1,500,50000,500,50000,490,-39592,43304816,669,40882,-90571576
19:58:58.680,0,-34.9,1,500,50000,500,50000,474,-44307,43304556,860,31676,-90571440
19:58:58.685,0,-34.9,1,500,50000,500,50000,464,-47185,43304332,816,30527,-90571248
19:58:58.690,0,-34.6,1,500,50000,500,50000,541,-40226,43304144,519,44024,-90571008
19:58:58.695,0,-33.8,1,500,50000,500,50000,520,-30095,43304040,693,38402,-90570856
19:58:58.700,0,-33.0,1,500,50000,500,50000,549,-21815,43303960,976,31283,-90570720
19:58:58.706,0,-32.4,1,500,50000,500,50000,543,-17574,43303904,892,28920,-90570584
19:58:58.711,0,-32.2,1,500,50000,500,50000,535,-28590,43303716,857,32322,-90570392
19:58:58.716,0,-32.7,1,500,50000,500,50000,491,-43051,43303460,661,43122,-90570184
19:58:58.721,0,-33.7,1,500,50000,500,50000,437,-54208,43303100,683,38427,-90570016
19:58:58.726,0,-34.6,1,500,50000,500,50000,440,-41457,43302948,838,31367,-90569856
19:58:58.731,0,-35.0,1,500,50000,500,50000,520,-18925,43302956,689,35578,-90569648
19:58:58.736,0,-34.7,1,500,50000,500,50000,548,-10899,43302932,649,39567,-90569448
19:58:58.741,0,-34.2,1,500,50000,500,50000,529,-12979,43302872,1012,30076,-90569368
19:58:58.746,0,-34.1,1,500,50000,500,50000,514,-24529,43302708,993,25309,-90569216
19:58:58.751,0,-35.0,1,500,50000,500,50000,552,-50533,43302280,860,30053,-90568968
19:58:58.756,0,-36.6,1,500,50000,500,50000,530,-58460,43302072,629,42598,-90568768
19:58:58.761,0,-38.2,1,500,50000,500,50000,486,-58164,43301688,659,40120,-90568544
19:58:58.766,0,-38.9,1,500,50000,500,50000,368,-44561,43301496,810,32139,-90568384
19:58:58.771,0,-38.3,1,500,50000,500,50000,561,-38446,43301336,821,30641,-90568184
19:58:58.776,0,-36.7,1,500,50000,500,50000,548,-36343,43301176,492,45626,-90567920
19:58:58.781,0,-34.8,1,500,50000,500,50000,464,-39613,43300996,860,30244,-90567896
19:58:58.786,0,-33.3,1,500,50000,500,50000,497,-42669,43300788,761,33064,-90567672
19:58:58.791,0,-32.4,1,500,50000,500,50000,497,-41616,43300564,506,43271,-90567408
19:58:58.797,0,-32.1,1,500,50000,500,50000,490,-38984,43300384,629,41678,-90567264
19:58:58.802,0,-32.1,1,500,50000,500,50000,480,-42759,43300164,906,34586,-90567112
19:58:58.807,0,-32.0,1,500,50000,500,50000,485,-43448,43299928,885,29767,-90566944
19:58:58.812,0,-31.9,1,500,50000,500,50000,529,-39160,43299764,523,43548,-90566680
19:58:58.817,0,-31.7,1,500,50000,500,50000,516,-31708,43299604,590,41098,-90566496
19:58:58.822,0,-31.6,1,500,50000,500,50000,495,-30148,43299468,798,31030,-90566384
19:58:58.827,0,-31.5,1,500,50000,500,50000,495,-27474,43299332,844,32188,-90566224
19:58:58.832,0,-31.6,1,500,50000,500,50000,499,-28159,43299204,708,36231,-90566024
19:58:58.837,0,-32.0,1,500,50000,500,50000,486,-25144,43299076,732,38464,-90565832
19:58:58.842,0,-32.6,1,500,50000,500,50000,627,-21303,43298996,952,31661,-90565712
19:58:58.847,0,-33.4,1,500,50000,500,50000,490,-20373,43298888,986,27586,-90565576
19:58:58.852,0,-35.4,1,500,50000,500,50000,510,-20199,43298792,878,32632,-90565376
19:58:58.857,0,-36.5,1,500,50000,500,50000,513,-24783,43298636,777,33048,-90565216
19:58:58.862,0,-37.7,1,500,50000,500,50000,548,-28919,43298468,933,31267,-90565104
19:58:58.867,0,-38.6,1,500,50000,500,50000,503,-37188,43298268,929,30247,-90564952
19:58:58.873,0,-39.3,1,500,50000,500,50000,444,-51927,43297936,857,29988,-90564768
19:58:58.878,0,-39.4,1,500,50000,500,50000,510,-61205,43297620,659,36012,-90564536
19:58:58.883,0,-38.8,1,500,50000,500,50000,569,-57736,43297312,584,41385,-90564296
19:58:58.888,0,-37.3,1,500,50000,500,50000,471,-49557,43297108,658,41539,-90564128
19:58:58.893,0,-35.4,1,500,50000,500,50000,473,-37391,43296948,810,32448,-90563976
19:58:58.898,0,-33.3,1,500,50000,500,50000,520,-30553,43296836,667,35336,-90563776
19:58:58.903,0,-31.8,1,500,50000,500,50000,527,-26079,43296732,587,41198,-90563536
19:58:58.908,0,-31.1,1,500,50000,500,50000,539,-32740,43296524,788,37835,-90563408
19:58:58.913,0,-31.2,1,500,50000,500,50000,506,-35909,43296344,893,30143,-90563272
19:58:58.918,0,-31.8,1,500,50000,500,50000,507,-37147,43296168,763,34399,-90563080
19:58:58.923,0,-32.5,1,500,50000,500,50000,505,-34942,43295988,661,40906,-90562856
19:58:58.928,0,-33.0,1,500,50000,500,50000,495,-32418,43295848,714,40076,-90562680
19:58:58.933,0,-33.2,1,500,50000,500,50000,482,-34932,43295640,918,28815,-90562592
19:58:58.938,0,-33.4,1,500,50000,500,50000,492,-33042,43295492,868,29918,-90562400
19:58:58.943,0,-33.6,1,500,50000,500,50000,586,-30738,43295364,659,39170,-90562176
19:58:58.949,0,-33.9,1,500,50000,500,50000,492,-30327,43295188,654,39410,-90561984
19:58:58.954,0,-34.2,1,500,50000,500,50000,475,-27921,43295064,739,39573,-90561800
19:58:58.959,0,-34.6,1,500,50000,500,50000,522,-19941,43294980,942,28143,-90561728
19:58:58.964,0,-35.1,1,500,50000,500,50000,525,-19838,43294884,895,28395,-90561536
19:58:58.969,0,-35.7,1,500,50000,500,50000,525,-23610,43294756,728,41611,-90561296
19:58:58.974,0,-36.6,1,500,50000,500,50000,563,-33012,43294544,778,36720,-90561152
19:58:58.979,0,-37.5,1,500,50000,500,50000,512,-42419,43294300,1020,30619,-90561016
19:58:58.984,0,-38.3,1,500,50000,500,50000,388,-51248,43293976,893,28221,-90560832
19:58:58.989,0,-38.5,1,500,50000,500,50000,502,-57508,43293684,416,48025,-90560512
19:58:58.994,0,-37.9,1,500,50000,500,50000,517,-55245,43293424,329,57728,-90560248
19:58:58.999,0,-36.6,1,500,50000,500,50000,461,-46098,43293180,591,45384,-90560120
19:58:59.004,0,-34.8,1,500,50000,500,50000,493,-34489,43293060,1036,19025,-90560088
19:58:59.009,0,-33.0,1,500,50000,500,50000,535,-28354,43292940,635,31223,-90559784
19:58:59.014,0,-31.7,1,500,50000,500,50000,544,-26475,43292836,264,55979,-90559424
19:58:59.019,0,-31.1,1,500,50000,500,50000,428,-38731,43292572,249,62964,-90559224
19:58:59.025,0,-31.3,1,500,50000,500,50000,443,-53115,43292260,1106,19768,-90559320
19:58:59.030,0,-31.8,1,500,50000,500,50000,477,-51697,43291992,947,22428,-90559056
19:58:59.035,0,-32.0,1,500,50000,500,50000,521,-31726,43291912,402,42495,-90558704
19:58:59.040,0,-31.8,1,500,50000,500,50000,558,-21328,43291860,427,53199,-90558520
19:58:59.045,0,-31.4,1,500,50000,500,50000,499,-18441,43291768,960,34955,-90558432
19:58:59.050,0,-31.3,1,500,50000,500,50000,507,-29018,43291588,1108,27979,-90558272
19:58:59.055,0,-31.9,1,500,50000,500,50000,557,-42506,43291320,671,38069,-90558040
19:58:59.060,0,-33.0,1,500,50000,500,50000,513,-44839,43291096,578,43762,-90557808
19:58:59.065,0,-34.0,1,500,50000,500,50000,458,-30817,43290964,691,39340,-90557648
19:58:59.070,0,-34.5,1,500,50000,500,50000,531,-14483,43290952,963,29386,-90557560
19:58:59.075,0,-34.6,1,500,50000,500,50000,568,-9510,43290932,1017,27674,-90557400
19:58:59.080,0,-34.6,1,500,50000,500,50000,558,-15526,43290836,795,35971,-90557160
19:58:59.085,0,-35.3,1,500,50000,500,50000,539,-28260,43290648,695,37356,-90556976
19:58:59.090,0,-36.6,1,500,50000,500,50000,522,-54852,43290248,925,33792,-90556856
19:58:59.095,0,-38.0,1,500,50000,500,50000,472,-70788,43289848,922,30029,-90556672
19:58:59.101,0,-38.9,1,500,50000,500,50000,481,-69160,43289528,479,40606,-90556416
19:58:59.106,0,-38.4,1,500,50000,500,50000,480,-55613,43289256,422,50201,-90556152
19:58:59.111,0,-36.6,1,500,50000,500,50000,487,-38375,43289136,755,39386,-90556056
19:58:59.116,0,-34.0,1,500,50000,500,50000,512,-26177,43289068,940,24965,-90555920
19:58:59.121,0,-31.5,1,500,50000,500,50000,478,-26339,43288916,800,29119,-90555672
19:58:59.126,0,-30.0,1,500,50000,500,50000,541,-34863,43288728,477,42609,-90555392
19:58:59.131,0,-29.9,1,500,50000,500,50000,481,-39163,43288520,595,47318,-90555208
19:58:59.136,0,-30.7,1,500,50000,500,50000,560,-47089,43288212,833,33002,-90555096
19:58:59.141,0,-31.8,1,500,50000,500,50000,499,-49372,43287972,924,29245,-90554904
19:58:59.146,0,-32.5,1,500,50000,500,50000,446,-39262,43287832,445,47953,-90554640
19:58:59.151,0,-32.6,1,500,50000,500,50000,464,-26121,43287756,739,39710,-90554496
19:58:59.156,0,-32.3,1,500,50000,500,50000,531,-19824,43287684,913,30693,-90554368
19:58:59.161,0,-32.1,1,500,50000,500,50000,473,-20407,43287572,1003,25938,-90554232
19:58:59.166,0,-32.4,1,500,50000,500,50000,575,-31945,43287384,783,35508,-90554024
19:58:59.171,0,-33.4,1,500,50000,500,50000,522,-50033,43287052,620,41932,-90553808
19:58:59.176,0,-34.7,1,500,50000,500,50000,452,-58089,43286736,614,40369,-90553640
19:58:59.182,0,-35.7,1,500,50000,500,50000,464,-50783,43286520,783,32392,-90553512
19:58:59.187,0,-35.8,1,500,50000,500,50000,496,-31535,43286432,675,33370,-90553304
19:58:59.192,0,-35.1,1,500,50000,500,50000,546,-19637,43286380,651,38636,-90553080
19:58:59.197,0,-34.0,1,500,50000,500,50000,514,-17750,43286308,805,35318,-90552936
19:58:59.202,0,-33.4,1,500,50000,500,50000,499,-32372,43286084,951,29432,-90552832
19:58:59.207,0,-33.5,1,500,50000,500,50000,499,-49199,43285792,836,34519,-90552600
19:58:59.212,0,-34.4,1,500,50000,500,50000,502,-60072,43285416,525,44044,-90552336
19:58:59.217,0,-35.2,1,500,50000,500,50000,431,-56278,43285172,629,41472,-90552192
19:58:59.222,0,-35.4,1,500,50000,500,50000,478,-40971,43284988,815,32182,-90552040
19:58:59.227,0,-34.6,1,500,50000,500,50000,497,-25321,43284916,719,34296,-90551816
19:58:59.232,0,-33.1,1,500,50000,500,50000,531,-21484,43284836,635,41985,-90551584
19:58:59.237,0,-31.4,1,500,50000,500,50000,537,-23061,43284704,861,33430,-90551480
19:58:59.242,0,-31.9,1,500,50000,500,50000,506,-35968,43284480,901,29961,-90551312
19:58:59.247,0,-33.0,1,500,50000,500,50000,519,-42299,43284224,805,31312,-90551120
19:58:59.253,0,-34.1,1,500,50000,500,50000,470,-44804,43284000,650,39306,-90550920
19:58:59.258,0,-34.5,1,500,50000,500,50000,459,-45196,43283732,750,37040,-90550752
19:58:59.263,0,-34.2,1,500,50000,500,50000,463,-39312,43283568,790,31859,-90550592
19:58:59.268,0,-33.6,1,500,50000,500,50000,532,-28289,43283476,869,32045,-90550432
19:58:59.273,0,-33.0,1,500,50000,500,50000,525,-26143,43283344,823,33659,-90550240
19:58:59.278,0,-32.8,1,500,50000,500,50000,529,-27964,43283208,826,36018,-90550096
19:58:59.288,0,-33.7,1,500,50000,500,50000,502,-48416,43282620,818,34303,-90549688
19:58:59.293,0,-34.1,1,500,50000,500,50000,483,-44228,43282392,620,39962,-90549472
19:58:59.298,0,-34.0,1,500,50000,500,50000,549,-28162,43282320,581,43103,-90549248
19:58:59.303,0,-33.6,1,500,50000,500,50000,507,-22920,43282260,942,29506,-90549216
19:58:59.308,0,-33.3,1,500,50000,500,50000,536,-21531,43282168,824,30511,-90549016
19:58:59.313,0,-33.4,1,500,50000,500,50000,551,-32479,43281944,618,39534,-90548768
19:58:59.318,0,-34.1,1,500,50000,500,50000,458,-48994,43281644,685,39218,-90548624
19:58:59.323,0,-34.7,1,500,50000,500,50000,538,-65628,43281204,742,36828,-90548424
19:58:59.329,0,-34.9,1,500,50000,500,50000,443,-57567,43280964,669,34449,-90548200
19:58:59.334,0,-34.1,1,500,50000,500,50000,502,-36656,43280872,429,46465,-90547944
19:58:59.339,0,-32.7,1,500,50000,500,50000,511,-20409,43280824,704,39777,-90547792
19:58:59.344,0,-31.4,1,500,50000,500,50000,524,-15702,43280768,955,30122,-90547672
19:58:59.349,0,-30.9,1,500,50000,500,50000,526,-25415,43280600,841,32327,-90547488
19:58:59.354,0,-31.6,1,500,50000,500,50000,511,-38797,43280356,745,37260,-90547280
19:58:59.359,0,-32.8,1,500,50000,500,50000,482,-42961,43280116,790,37546,-90547096
19:58:59.359,0,-32.8,1,500,50000,500,50000,472,-38814,43279896,864,30671,-90546968
19:58:59.364,0,-33.8,1,500,50000,500,50000,503,-30045,43279800,859,33008,-90546800
19:58:59.369,0,-34.2,1,500,50000,500,50000,536,-20723,43279732,701,36774,-90546608
19:58:59.374,0,-33.9,1,500,50000,500,50000,502,-26027,43279576,798,34703,-90546464
19:58:59.379,0,-33.5,1,500,50000,500,50000,487,-38658,43279352,1000,27487,-90546368
19:58:59.384,0,-33.6,1,500,50000,500,50000,500,-54430,43278988,831,32427,-90546144
19:58:59.389,0,-34.1,1,500,50000,500,50000,446,-51795,43278756,569,43431,-90545880
19:58:59.394,0,-34.6,1,500,50000,500,50000,455,-34287,43278628,763,36873,-90545768
19:58:59.399,0,-34.6,1,500,50000,500,50000,499,-18239,43278612,966,29259,-90545624
19:58:59.405,0,-33.9,1,500,50000,500,50000,494,-13159,43278568,997,28422,-90545440
19:58:59.410,0,-33.1,1,500,50000,500,50000,525,-21837,43278440,815,32830,-90545232
19:58:59.415,0,-32.7,1,500,50000,500,50000,534,-40715,43278148,633,40582,-90545040
19:58:59.420,0,-33.1,1,500,50000,500,50000,404,-55849,43277772,694,39244,-90544856
19:58:59.425,0,-34.1,1,500,50000,500,50000,464,-51607,43277544,859,31380,-90544688
19:58:59.430,0,-35.0,1,500,50000,500,50000,502,-35439,43277432,552,39829,-90544464
19:58:59.435,0,-35.2,1,500,50000,500,50000,517,-20327,43277380,654,40159,-90544264
19:58:59.440,0,-34.5,1,500,50000,500,50000,589,-15532,43277332,784,38946,-90544080
19:58:59.445,0,-33.5,1,500,50000,500,50000,540,-25164,43277180,941,28993,-90543992
19:58:59.450,0,-32.8,1,500,50000,500,50000,515,-45520,43276856,889,32639,-90543768
19:58:59.455,0,-33.0,1,500,50000,500,50000,475,-50417,43276592,565,40982,-90543504
19:58:59.460,0,-33.9,1,500,50000,500,50000,464,-48278,43276324,504,47561,-90543312
19:58:59.465,0,-34.7,1,500,50000,500,50000,461,-36630,43276192,797,38097,-90543160
19:58:59.470,0,-34.9,1,500,50000,500,50000,490,-28883,43276088,841,30744,-90543032
19:58:59.475,0,-34.2,1,500,50000,500,50000,500,-22448,43275988,832,32955,-90542824
19:58:59.480,0,-33.1,1,500,50000,500,50000,539,-27161,43275848,684,36230,-90542608
19:58:59.485,0,-32.3,1,500,50000,500,50000,515,-34835,43275624,681,42448,-90542424
19:58:59.491,0,-32.1,1,500,50000,500,50000,476,-40928,43275392,844,34310,-90542280
19:58:59.496,0,-32.7,1,500,50000,500,50000,553,-48370,43275140,768,30727,-90542120
19:58:59.501,0,-33.4,1,500,50000,500,50000,423,-48438,43274860,519,44359,-90541816
19:58:59.506,0,-33.9,1,500,50000,500,50000,476,-41727,43274684,486,49061,-90541576
19:58:59.511,0,-33.8,1,500,50000,500,50000,496,-23862,43274616,868,32483,-90541520
19:58:59.516,0,-33.1,1,500,50000,500,50000,536,-16828,43274564,808,31703,-90541304
19:58:59.521,0,-32.3,1,500,50000,500,50000,554,-14815,43274508,732,34738,-90541096
19:58:59.526,0,-31.7,1,500,50000,500,50000,488,-26785,43274324,584,41226,-90540904
19:58:59.531,0,-31.9,1,500,50000,500,50000,462,-40110,43274084,764,38689,-90540736
19:58:59.536,0,-33.0,1,500,50000,500,50000,465,-57111,43273696,794,33974,-90540568
19:58:59.541,0,-34.4,1,500,50000,500,50000,466,-56797,43273428,586,38637,-90540352
19:58:59.546,0,-35.5,1,500,50000,500,50000,495,-41630,43273300,447,47157,-90540104
19:58:59.551,0,-35.7,1,500,50000,500,50000,508,-25371,43273224,643,42171,-90539928
19:58:59.556,0,-34.9,1,500,50000,500,50000,506,-17530,43273156,826,34931,-90539784
19:58:59.561,0,-33.5,1,500,50000,500,50000,514,-26296,43272996,940,30908,-90539656
19:58:59.566,0,-32.4,1,500,50000,500,50000,502,-41130,43272724,679,36342,-90539416
19:58:59.572,0,-32.1,1,500,50000,500,50000,471,-46339,43272492,444,46142,-90539168
19:58:59.577,0,-32.6,1,500,50000,500,50000,487,-47897,43272216,601,45780,-90538968
19:58:59.582,0,-33.5,1,500,50000,500,50000,477,-43108,43272044,957,26556,-90538912
19:58:59.587,0,-34.1,1,500,50000,500,50000,506,-36117,43271880,810,32069,-90538672
19:58:59.592,0,-34.0,1,500,50000,500,50000,560,-33595,43271736,672,39384,-90538432
19:58:59.597,0,-33.4,1,500,50000,500,50000,497,-30014,43271588,690,37594,-90538312
19:58:59.602,0,-32.7,1,500,50000,500,50000,498,-28858,43271456,891,31829,-90538152
19:58:59.607,0,-32.3,1,500,50000,500,50000,512,-29762,43271300,967,28573,-90537992
19:58:59.612,0,-32.3,1,500,50000,500,50000,575,-27786,43271152,740,38361,-90537776
19:58:59.617,0,-32.7,1,500,50000,500,50000,520,-36284,43270948,710,42280,-90537576
19:58:59.622,0,-33.4,1,500,50000,500,50000,492,-47166,43270676,858,36932,-90537416
19:58:59.627,0,-34.0,1,500,50000,500,50000,480,-53004,43270348,750,34024,-90537248
19:58:59.632,0,-34.7,1,500,50000,500,50000,472,-45101,43270164,539,43101,-90536984
19:58:59.637,0,-34.4,1,500,50000,500,50000,485,-27406,43270108,595,41874,-90536792
19:58:59.642,0,-33.6,1,500,50000,500,50000,512,-17606,43270052,882,33920,-90536656
19:58:59.647,0,-32.8,1,500,50000,500,50000,509,-22577,43269908,821,29512,-90536528
19:58:59.653,0,-32.5,1,500,50000,500,50000,551,-39627,43269660,675,40656,-90536248
19:58:59.658,0,-33.0,1,500,50000,500,50000,495,-55764,43269324,589,44946,-90536064
19:58:59.663,0,-34.0,1,500,50000,500,50000,443,-55893,43268988,757,35641,-90535912
19:58:59.668,0,-34.7,1,500,50000,500,50000,494,-44998,43268820,644,36421,-90535712
19:58:59.673,0,-34.7,1,500,50000,500,50000,658,-29557,43268748,516,45173,-90535448
19:58:59.678,0,-33.8,1,500,50000,500,50000,532,-25269,43268632,761,36917,-90535352
19:58:59.688,0,-32.2,1,500,50000,500,50000,580,-36145,43268356,675,41835,-90535040
19:58:59.688,0,-32.2,1,500,50000,500,50000,514,-46415,43268168,819,30546,-90534976
19:58:59.693,0,-32.3,1,500,50000,500,50000,464,-48379,43267892,556,42901,-90534736
19:58:59.698,0,-33.0,1,500,50000,500,50000,489,-42357,43267720,658,39908,-90534568
19:58:59.703,0,-33.4,1,500,50000,500,50000,475,-41247,43267496,850,35411,-90534408
19:58:59.708,0,-33.4,1,500,50000,500,50000,488,-39837,43267312,791,34565,-90534248
19:58:59.713,0,-32.9,1,500,50000,500,50000,530,-41550,43267108,676,38680,-90534024
19:58:59.718,0,-32.3,1,500,50000,500,50000,493,-38479,43266900,714,39480,-90533840
19:58:59.723,0,-31.9,1,500,50000,500,50000,498,-32173,43266772,769,33659,-90533672
19:58:59.728,0,-31.7,1,500,50000,500,50000,487,-27119,43266644,816,34878,-90533504
19:58:59.734,0,-31.7,1,500,50000,500,50000,510,-24126,43266548,736,38180,-90533288
19:58:59.739,0,-31.9,1,500,50000,500,50000,510,-33352,43266344,665,39577,-90533096
19:58:59.744,0,-32.4,1,500,50000,500,50000,582,-46135,43266084,790,35717,-90532960
19:58:59.749,0,-33.2,1,500,50000,500,50000,452,-49862,43265800,810,33295,-90532768
19:58:59.754,0,-34.0,1,500,50000,500,50000,417,-45657,43265560,680,36458,-90532536
19:58:59.759,0,-34.4,1,500,50000,500,50000,514,-32835,43265468,609,41383,-90532312
19:58:59.764,0,-34.2,1,500,50000,500,50000,528,-27573,43265336,795,36365,-90532200
19:58:59.769,0,-33.5,1,500,50000,500,50000,450,-29203,43265196,914,28961,-90532048
19:58:59.774,0,-32.9,1,500,50000,500,50000,464,-41327,43264932,739,34528,-90531816
19:58:59.779,0,-32.6,1,500,50000,500,50000,583,-41233,43264740,625,42413,-90531608
19:58:59.784,0,-32.7,1,500,50000,500,50000,496,-40038,43264516,747,37689,-90531456
19:58:59.789,0,-32.9,1,500,50000,500,50000,533,-37517,43264348,923,32039,-90531280
19:58:59.794,0,-32.9,1,500,50000,500,50000,484,-35552,43264160,640,37180,-90531080
19:58:59.799,0,-32.6,1,500,50000,500,50000,535,-34266,43263976,778,36560,-90530856
19:58:59.804,0,-32.2,1,500,50000,500,50000,513,-35744,43263796,666,39369,-90530688
19:58:59.809,0,-31.8,1,500,50000,500,50000,474,-34661,43263604,875,34824,-90530528
19:58:59.815,0,-31.6,1,500,50000,500,50000,492,-30658,43263476,881,28611,-90530408
19:58:59.820,0,-31.7,1,500,50000,500,50000,508,-28308,43263352,573,41437,-90530160
19:58:59.825,0,-31.9,1,500,50000,500,50000,501,-31896,43263192,646,41129,-90529976
19:58:59.830,0,-32.3,1,500,50000,500,50000,496,-41754,43262952,817,36630,-90529816
19:58:59.835,0,-32.7,1,500,50000,500,50000,481,-44471,43262692,790,32651,-90529664
19:58:59.840,0,-33.2,1,500,50000,500,50000,502,-39994,43262524,603,39143,-90529408
19:58:59.845,0,-33.4,1,500,50000,500,50000,513,-31306,43262392,619,43395,-90529224
19:58:59.850,0,-33.4,1,500,50000,500,50000,525,-28574,43262268,875,34144,-90529088
19:58:59.855,0,-33.2,1,500,50000,500,50000,493,-30894,43262128,911,30199,-90528920
19:58:59.860,0,-33.0,1,500,50000,500,50000,524,-34868,43261924,665,38940,-90528696
19:58:59.865,0,-33.0,1,500,50000,500,50000,587,-38693,43261728,559,44261,-90528456
19:58:59.870,0,-33.3,1,500,50000,500,50000,468,-41325,43261476,662,43561,-90528264
19:58:59.875,0,-33.6,1,500,50000,500,50000,503,-39396,43261296,888,28995,-90528184
19:58:59.880,0,-33.7,1,500,50000,500,50000,531,-34440,43261160,715,34129,-90527936
19:58:59.885,0,-33.5,1,500,50000,500,50000,498,-40046,43260920,587,44471,-90527664
19:58:59.890,0,-33.1,1,500,50000,500,50000,466,-40247,43260724,404,49803,-90527432
19:58:59.895,0,-32.5,1,500,50000,500,50000,468,-37488,43260512,894,33476,-90527360
19:58:59.901,0,-32.1,1,500,50000,500,50000,508,-32960,43260376,939,26209,-90527184
19:58:59.906,0,-31.8,1,500,50000,500,50000,533,-27597,43260272,747,33701,-90526928
19:58:59.911,0,-31.6,1,500,50000,500,50000,548,-26910,43260136,473,50170,-90526680
19:58:59.916,0,-31.7,1,500,50000,500,50000,505,-35175,43259904,744,40484,-90526552
19:58:59.921,0,-32.1,1,500,50000,500,50000,477,-47588,43259620,893,34032,-90526384
19:58:59.926,0,-32.6,1,500,50000,500,50000,467,-51787,43259316,741,34962,-90526200
19:58:59.931,0,-33.2,1,500,50000,500,50000,500,-33356,43259240,622,41555,-90525952
19:58:59.936,0,-33.4,1,500,50000,500,50000,520,-15547,43259220,751,39530,-90525792
19:58:59.941,0,-33.2,1,500,50000,500,50000,510,-11882,43259172,956,32617,-90525664
19:58:59.946,0,-32.8,1,500,50000,500,50000,509,-20554,43259036,913,27629,-90525544
19:58:59.951,0,-32.6,1,500,50000,500,50000,543,-36220,43258812,690,37986,-90525304
19:58:59.956,0,-33.1,1,500,50000,500,50000,495,-59098,43258388,474,47930,-90525040
19:58:59.961,0,-34.2,1,500,50000,500,50000,380,-61377,43258084,800,35947,-90524952
19:58:59.966,0,-35.3,1,500,50000,500,50000,452,-44262,43257884,950,27983,-90524784
19:58:59.971,0,-35.7,1,500,50000,500,50000,518,-31705,43257792,795,28520,-90524544
19:58:59.977,0,-34.9,1,500,50000,500,50000,545,-24074,43257696,387,51479,-90524224
19:58:59.982,0,-33.4,1,500,50000,500,50000,535,-28303,43257544,342,53675,-90524016
19:58:59.987,0,-31.9,1,500,50000,500,50000,476,-43531,43257264,1116,24198,-90524040
19:58:59.992,0,-31.3,1,500,50000,500,50000,458,-49813,43256952,1034,19071,-90523832
19:58:59.997,0,-31.5,1,500,50000,500,50000,518,-44948,43256772,313,44348,-90523440
19:59:00.002,0,-32.1,1,500,50000,500,50000,483,-35576,43256648,268,63223,-90523176
19:59:00.007,0,-32.5,1,500,50000,500,50000,543,-30992,43256484,1131,29805,-90523184
19:59:00.012,0,-32.5,1,500,50000,500,50000,457,-40322,43256220,1256,9787,-90523064
19:59:00.017,0,-32.1,1,500,50000,500,50000,553,-43468,43256016,592,31447,-90522672
19:59:00.022,0,-31.8,1,500,50000,500,50000,501,-39816,43255840,51,69226,-90522296
19:59:00.027,0,-31.9,1,500,50000,500,50000,216,-42138,43255624,1225,14084,-90522480
19:59:00.032,0,-32.4,1,500,50000,500,50000,490,-44200,43255380,929,24503,-90522176
19:59:00.037,0,-32.5,1,500,50000,500,50000,549,-41911,43255196,462,44011,-90521816
19:59:00.042,0,-32.4,1,500,50000,500,50000,531,-41862,43254960,384,52086,-90521616
19:59:00.047,0,-32.3,1,500,50000,500,50000,486,-37271,43254792,728,39444,-90521488
19:59:00.053,0,-32.3,1,500,50000,500,50000,517,-39648,43254600,954,30784,-90521328
19:59:00.058,0,-32.2,1,500,50000,500,50000,510,-42057,43254368,606,38819,-90521096
19:59:00.063,0,-32.3,1,500,50000,500,50000,500,-45141,43254144,439,48297,-90520832
19:59:00.068,0,-32.4,1,500,50000,500,50000,477,-49534,43253844,675,40935,-90520680
19:59:00.073,0,-32.4,1,500,50000,500,50000,652,-42223,43253676,964,32154,-90520512
19:59:00.078,0,-32.2,1,500,50000,500,50000,511,-33701,43253524,556,41478,-90520272
19:59:00.083,0,-31.8,1,500,50000,500,50000,500,-27419,43253428,460,47345,-90520032
19:59:00.088,0,-31.6,1,500,50000,500,50000,495,-29924,43253256,652,41910,-90519880
19:59:00.093,0,-31.6,1,500,50000,500,50000,497,-40187,43253032,967,28792,-90519792
19:59:00.098,0,-32.1,1,500,50000,500,50000,499,-47988,43252740,771,32898,-90519560
19:59:00.103,0,-32.7,1,500,50000,500,50000,518,-44926,43252500,489,44720,-90519280
19:59:00.108,0,-33.2,1,500,50000,500,50000,506,-42407,43252308,640,42498,-90519152
19:59:00.113,0,-33.2,1,500,50000,500,50000,479,-37092,43252136,886,32202,-90519008
19:59:00.118,0,-32.8,1,500,50000,500,50000,505,-34125,43251992,865,29485,-90518816
19:59:00.123,0,-32.3,1,500,50000,500,50000,543,-31798,43251828,687,37927,-90518568
19:59:00.128,0,-32.0,1,500,50000,500,50000,577,-32878,43251672,769,36340,-90518432
19:59:00.133,0,-32.1,1,500,50000,500,50000,366,-31562,43251496,898,30189,-90518296
19:59:00.138,0,-32.6,1,500,50000,500,50000,547,-35789,43251316,903,31897,-90518080
19:59:00.144,0,-33.2,1,500,50000,500,50000,528,-40332,43251112,595,38051,-90517888
19:59:00.149,0,-33.8,1,500,50000,500,50000,512,-47617,43250816,640,39247,-90517680
19:59:00.154,0,-34.3,1,500,50000,500,50000,500,-50679,43250556,768,34117,-90517552
19:59:00.159,0,-34.4,1,500,50000,500,50000,492,-48578,43250292,733,36649,-90517312
19:59:00.164,0,-34.1,1,500,50000,500,50000,508,-41146,43250132,623,40963,-90517072
19:59:00.169,0,-33.4,1,500,50000,500,50000,523,-35913,43249984,674,40755,-90516920
19:59:00.174,0,-32.6,1,500,50000,500,50000,488,-32116,43249820,755,35718,-90516744
19:59:00.179,0,-31.8,1,500,50000,500,50000,502,-32877,43249664,760,35491,-90516560
19:59:00.184,0,-31.5,1,500,50000,500,50000,499,-35511,43249460,651,40506,-90516328
19:59:00.194,0,-32.0,1,500,50000,500,50000,511,-38930,43249200,658,39770,-90516104
19:59:00.199,0,-32.4,1,500,50000,500,50000,483,-42006,43248992,594,42417,-90515888
19:59:00.204,0,-32.5,1,500,50000,500,50000,453,-48316,43248692,755,35451,-90515760
19:59:00.209,0,-32.3,1,500,50000,500,50000,547,-53621,43248428,598,39193,-90515504
19:59:00.214,0,-31.8,1,500,50000,500,50000,480,-40340,43248288,561,44570,-90515256
19:59:00.214,0,-31.8,1,500,50000,500,50000,421,-28522,43248228,819,35578,-90515184
19:59:00.219,0,-31.1,1,500,50000,500,50000,495,-18584,43248188,775,32655,-90515000
19:59:00.224,0,-30.6,1,500,50000,500,50000,547,-18796,43248096,646,40428,-90514808
19:59:00.230,0,-30.6,1,500,50000,500,50000,523,-31957,43247888,736,39460,-90514640
19:59:00.235,0,-31.3,1,500,50000,500,50000,457,-49506,43247540,845,34618,-90514472
19:59:00.240,0,-32.5,1,500,50000,500,50000,468,-54963,43247256,751,35469,-90514288
19:59:00.245,0,-33.7,1,500,50000,500,50000,486,-40709,43247124,706,39196,-90514080
19:59:00.250,0,-34.4,1,500,50000,500,50000,500,-21101,43247080,706,37787,-90513904
19:59:00.255,0,-34.3,1,500,50000,500,50000,499,-12279,43247056,1017,32849,-90513768
19:59:00.260,0,-33.7,1,500,50000,500,50000,528,-23747,43246892,985,27253,-90513656
19:59:00.265,0,-33.5,1,500,50000,500,50000,538,-41244,43246644,733,37903,-90513400
19:59:00.270,0,-33.9,1,500,50000,500,50000,487,-65116,43246200,536,45625,-90513160
19:59:00.275,0,-34.8,1,500,50000,500,50000,407,-64018,43245840,820,34801,-90513056
19:59:00.280,0,-35.5,1,500,50000,500,50000,481,-54220,43245620,834,31258,-90512856
19:59:00.285,0,-35.2,1,500,50000,500,50000,519,-33686,43245524,596,39686,-90512576
19:59:00.290,0,-33.9,1,500,50000,500,50000,543,-20307,43245492,469,47042,-90512328
19:59:00.295,0,-31.9,1,500,50000,500,50000,548,-20246,43245384,819,36415,-90512240
19:59:00.300,0,-30.3,1,500,50000,500,50000,544,-26361,43245240,1028,30677,-90512072
19:59:00.305,0,-29.8,1,500,50000,500,50000,545,-40250,43244964,853,27219,-90511872
19:59:00.311,0,-30.4,1,500,50000,500,50000,496,-42390,43244760,294,55429,-90511520
19:59:00.316,0,-31.5,1,500,50000,500,50000,485,-44130,43244500,492,53173,-90511336
19:59:00.321,0,-32.5,1,500,50000,500,50000,430,-41144,43244312,784,37696,-90511216
19:59:00.326,0,-33.0,1,500,50000,500,50000,497,-37250,43244116,907,26330,-90511072
19:59:00.331,0,-32.8,1,500,50000,500,50000,554,-30604,43244012,599,35574,-90510784
19:59:00.336,0,-32.3,1,500,50000,500,50000,523,-24277,43243928,197,59280,-90510488
19:59:00.341,0,-31.9,1,500,50000,500,50000,476,-22056,43243808,835,41121,-90510416
19:59:00.346,0,-31.9,1,500,50000,500,50000,470,-26237,43243660,1180,17855,-90510392
19:59:00.351,0,-32.5,1,500,50000,500,50000,566,-32025,43243492,891,25768,-90510136
19:59:00.356,0,-33.5,1,500,50000,500,50000,575,-47542,43243172,443,43509,-90509808
19:59:00.361,0,-34.6,1,500,50000,500,50000,622,-56181,43242864,461,52040,-90509608
19:59:00.366,0,-35.4,1,500,50000,500,50000,413,-62439,43242532,768,42496,-90509464
19:59:00.371,0,-35.6,1,500,50000,500,50000,455,-58997,43242220,909,24243,-90509368
19:59:00.376,0,-35.0,1,500,50000,500,50000,551,-51441,43242004,439,44258,-90508992
19:59:00.381,0,-33.7,1,500,50000,500,50000,532,-35087,43241876,157,62274,-90508648
19:59:00.386,0,-31.9,1,500,50000,500,50000,445,-24307,43241800,925,37037,-90508664
19:59:00.391,0,-30.2,1,500,50000,500,50000,479,-23209,43241668,1324,10077,-90508600
19:59:00.397,0,-29.2,1,500,50000,500,50000,625,-32890,43241484,645,28643,-90508216
19:59:00.402,0,-29.0,1,500,50000,500,50000,539,-36826,43241300,-117,83037,-90507728
19:59:00.407,0,-29.7,1,500,50000,500,50000,424,-47178,43240972,1024,23734,-90507920
19:59:00.412,0,-30.8,1,500,50000,500,50000,475,-48597,43240732,1188,7031,-90507752
19:59:00.417,0,-31.8,1,500,50000,500,50000,562,-43069,43240532,203,49719,-90507224
19:59:00.422,0,-32.2,1,500,50000,500,50000,490,-25724,43240488,495,56216,-90507096
19:59:00.427,0,-32.1,1,500,50000,500,50000,423,-26401,43240324,1504,472,-90507224
19:59:00.432,0,-31.6,1,500,50000,500,50000,554,-30792,43240180,878,18538,-90506856
19:59:00.437,0,-31.3,1,500,50000,500,50000,540,-31671,43240024,-45,75500,-90506368
19:59:00.442,0,-31.3,1,500,50000,500,50000,453,-37190,43239816,855,44112,-90506392
19:59:00.447,0,-31.7,1,500,50000,500,50000,436,-46594,43239512,1580,-255,-90506440
19:59:00.452,0,-32.4,1,500,50000,500,50000,539,-50965,43239280,579,33683,-90505960
19:59:00.457,0,-32.9,1,500,50000,500,50000,552,-47464,43239044,-52,78831,-90505544
19:59:00.462,0,-33.0,1,500,50000,500,50000,433,-46357,43238776,1270,17799,-90505736
19:59:00.467,0,-32.1,1,500,50000,500,50000,518,-43146,43238596,1023,14050,-90505472
19:59:00.472,0,-31.4,1,500,50000,500,50000,562,-34530,43238460,-64,76486,-90504912
19:59:00.477,0,-30.9,1,500,50000,500,50000,489,-24661,43238372,588,51104,-90504912
19:59:00.482,0,-30.6,1,500,50000,500,50000,465,-29186,43238208,1240,12000,-90504936
19:59:00.487,0,-31.0,1,500,50000,500,50000,554,-40030,43237960,531,38918,-90504528
19:59:00.493,0,-31.6,1,500,50000,500,50000,506,-45077,43237732,66,62905,-90504168
19:59:00.498,0,-32.3,1,500,50000,500,50000,460,-42656,43237476,817,40852,-90504168
19:59:00.503,0,-32.9,1,500,50000,500,50000,448,-35386,43237332,1282,16416,-90504080
19:59:00.508,0,-33.0,1,500,50000,500,50000,574,-29253,43237236,430,40805,-90503720
19:59:00.513,0,-32.9,1,500,50000,500,50000,558,-25240,43237124,143,65575,-90503384
19:59:00.518,0,-33.0,1,500,50000,500,50000,448,-30559,43236948,569,49971,-90503312
19:59:00.523,0,-33.4,1,500,50000,500,50000,441,-52951,43236564,1260,8101,-90503352
19:59:00.528,0,-34.0,1,500,50000,500,50000,571,-70871,43236176,201,47614,-90502832
19:59:00.533,0,-34.6,1,500,50000,500,50000,438,-61594,43235924,-165,83730,-90502424
19:59:00.538,0,-34.5,1,500,50000,500,50000,413,-58375,43235588,1447,9413,-90502736
19:59:00.543,0,-33.6,1,500,50000,500,50000,490,-52319,43235372,724,23417,-90502344
19:59:00.548,0,-32.1,1,500,50000,500,50000,599,-32873,43235280,-192,83098,-90501816
19:59:00.553,0,-30.4,1,500,50000,500,50000,447,-23899,43235196,1122,26082,-90501992
19:59:00.558,0,-29.4,1,500,50000,500,50000,465,-27543,43235028,1252,12134,-90501816
19:59:00.563,0,-29.3,1,500,50000,500,50000,496,-37915,43234804,422,39795,-90501416
19:59:00.568,0,-30.0,1,500,50000,500,50000,576,-47081,43234544,103,65967,-90501056
19:59:00.573,0,-31.1,1,500,50000,500,50000,424,-57899,43234212,493,53351,-90500936
19:59:00.578,0,-32.1,1,500,50000,500,50000,456,-54508,43233964,1002,21597,-90500928
19:59:00.583,0,-32.5,1,500,50000,500,50000,516,-39102,43233816,286,53311,-90500536
19:59:00.589,0,-32.1,1,500,50000,500,50000,521,-25969,43233760,417,53038,-90500344
19:59:00.594,0,-31.5,1,500,50000,500,50000,493,-24643,43233632,811,39243,-90500232
19:59:00.599,0,-31.0,1,500,50000,500,50000,514,-33726,43233444,904,28092,-90500112
19:59:00.604,0,-31.1,1,500,50000,500,50000,509,-46841,43233144,586,40652,-90499824
19:59:00.609,0,-31.9,1,500,50000,500,50000,481,-43367,43232960,433,47704,-90499584
19:59:00.614,0,-32.7,1,500,50000,500,50000,438,-35882,43232772,753,39202,-90499440
19:59:00.619,0,-33.3,1,500,50000,500,50000,513,-35219,43232612,839,30303,-90499320
19:59:00.624,0,-33.3,1,500,50000,500,50000,526,-31851,43232472,509,43544,-90499008
19:59:00.629,0,-33.0,1,500,50000,500,50000,511,-33819,43232308,236,55294,-90498736
19:59:00.634,0,-32.9,1,500,50000,500,50000,500,-38578,43232068,1002,31206,-90498744
19:59:00.639,0,-33.1,1,500,50000,500,50000,478,-41629,43231860,1022,23245,-90498576
19:59:00.644,0,-33.6,1,500,50000,500,50000,515,-36212,43231680,835,29532,-90498312
19:59:00.649,0,-33.9,1,500,50000,500,50000,544,-36046,43231512,333,54581,-90497984
19:59:00.654,0,-34.0,1,500,50000,500,50000,497,-40873,43231268,628,49649,-90497832
19:59:00.659,0,-34.0,1,500,50000,500,50000,471,-46246,43231028,1130,24022,-90497808
19:59:00.664,0,-33.8,1,500,50000,500,50000,518,-44218,43230836,811,30233,-90497552
19:59:00.670,0,-33.6,1,500,50000,500,50000,526,-39821,43230628,547,39737,-90497288
19:59:00.675,0,-33.3,1,500,50000,500,50000,510,-39852,43230440,663,43153,-90497104
19:59:00.680,0,-32.9,1,500,50000,500,50000,490,-45282,43230200,746,36884,-90496936
19:59:00.685,0,-32.5,1,500,50000,500,50000,471,-42483,43229976,692,37873,-90496736
19:59:00.690,0,-31.9,1,500,50000,500,50000,525,-35052,43229848,455,46636,-90496472
19:59:00.695,0,-31.5,1,500,50000,500,50000,469,-26076,43229736,573,45349,-90496272
19:59:00.700,0,-31.3,1,500,50000,500,50000,538,-23610,43229640,930,31660,-90496192
19:59:00.705,0,-31.3,1,500,50000,500,50000,482,-29087,43229480,867,30653,-90496000
19:59:00.710,0,-31.8,1,500,50000,500,50000,545,-39360,43229236,665,38227,-90495744
19:59:00.715,0,-32.7,1,500,50000,500,50000,482,-48035,43228900,628,45223,-90495488
19:59:00.720,0,-33.7,1,500,50000,500,50000,487,-44056,43228708,595,43544,-90495304
19:59:00.725,0,-34.5,1,500,50000,500,50000,483,-40446,43228540,820,35144,-90495160
19:59:00.730,0,-34.7,1,500,50000,500,50000,467,-38771,43228340,810,30185,-90495008
19:59:00.736,0,-34.4,1,500,50000,500,50000,545,-45044,43228132,487,50946,-90494696
19:59:00.741,0,-33.8,1,500,50000,500,50000,473,-47438,43227888,438,49952,-90494496
19:59:00.746,0,-33.2,1,500,50000,500,50000,454,-46785,43227612,1035,28522,-90494456
19:59:00.751,0,-32.6,1,500,50000,500,50000,488,-39593,43227460,950,25322,-90494248
19:59:00.756,0,-32.0,1,500,50000,500,50000,564,-30230,43227348,407,43323,-90493904
19:59:00.761,0,-31.4,1,500,50000,500,50000,531,-28939,43227220,251,60312,-90493616
19:59:00.766,0,-30.9,1,500,50000,500,50000,465,-39447,43226960,991,29095,-90493656
19:59:00.771,0,-30.8,1,500,50000,500,50000,485,-48177,43226708,1073,20029,-90493472
19:59:00.776,0,-31.1,1,500,50000,500,50000,515,-42832,43226508,620,37295,-90493136
19:59:00.781,0,-31.6,1,500,50000,500,50000,455,-35191,43226372,235,58143,-90492840
19:59:00.787,0,-32.0,1,500,50000,500,50000,465,-30006,43226228,845,41116,-90492760
19:59:00.792,0,-32.1,1,500,50000,500,50000,552,-32842,43226064,1057,25067,-90492624
19:59:00.797,0,-32.2,1,500,50000,500,50000,537,-37301,43225844,803,29957,-90492360
19:59:00.802,0,-32.3,1,500,50000,500,50000,533,-30055,43225708,494,47864,-90492096
19:59:00.807,0,-32.7,1,500,50000,500,50000,497,-22476,43225636,583,43623,-90491944
19:59:00.812,0,-33.2,1,500,50000,500,50000,512,-15786,43225580,1027,29061,-90491880
19:59:00.817,0,-33.9,1,500,50000,500,50000,513,-19995,43225476,971,25537,-90491720
19:59:00.822,0,-34.7,1,500,50000,500,50000,528,-30596,43225284,847,30954,-90491496
19:59:00.827,0,-35.8,1,500,50000,500,50000,560,-47361,43225000,568,45130,-90491248
19:59:00.832,0,-37.1,1,500,50000,500,50000,472,-70970,43224564,614,43643,-90491064
19:59:00.837,0,-38.2,1,500,50000,500,50000,464,-79216,43224068,793,31748,-90490944
19:59:00.842,0,-38.5,1,500,50000,500,50000,475,-66767,43223808,484,42878,-90490632
19:59:00.847,0,-35.3,1,500,50000,500,50000,521,-39418,43223684,307,56037,-90490320
19:59:00.852,0,-32.4,1,500,50000,500,50000,533,-22206,43223656,878,35216,-90490288
19:59:00.857,0,-30.0,1,500,50000,500,50000,531,-20655,43223564,1087,19202,-90490168
19:59:00.862,0,-28.9,1,500,50000,500,50000,643,-32859,43223360,409,45976,-90489800
19:59:00.868,0,-29.3,1,500,50000,500,50000,539,-41282,43223144,115,65372,-90489480
19:59:00.873,0,-30.8,1,500,50000,500,50000,565,-46946,43222856,603,50964,-90489376
19:59:00.878,0,-32.4,1,500,50000,500,50000,460,-52275,43222588,1174,15703,-90489392
19:59:00.883,0,-33.4,1,500,50000,500,50000,559,-48455,43222388,468,37616,-90489008
19:59:00.888,0,-33.6,1,500,50000,500,50000,504,-41622,43222184,177,57923,-90488672
19:59:00.893,0,-33.3,1,500,50000,500,50000,511,-33540,43222044,862,35479,-90488680
19:59:00.898,0,-33.0,1,500,50000,500,50000,479,-31420,43221876,1117,25512,-90488512
19:59:00.903,0,-33.0,1,500,50000,500,50000,480,-35281,43221700,895,30358,-90488264
19:59:00.908,0,-33.3,1,500,50000,500,50000,506,-37768,43221516,495,45700,-90487960
19:59:00.913,0,-34.0,1,500,50000,500,50000,499,-46122,43221216,597,44495,-90487808
19:59:00.918,0,-34.6,1,500,50000,500,50000,470,-48664,43220964,736,38731,-90487640
19:59:00.923,0,-34.9,1,500,50000,500,50000,456,-46382,43220712,887,30897,-90487472
19:59:00.929,0,-34.7,1,500,50000,500,50000,623,-43843,43220528,551,42453,-90487216
19:59:00.934,0,-34.0,1,500,50000,500,50000,428,-41375,43220320,494,47286,-90486984
19:59:00.939,0,-33.3,1,500,50000,500,50000,457,-40087,43220140,679,43040,-90486808
19:59:00.944,0,-32.6,1,500,50000,500,50000,465,-37468,43219940,947,32717,-90486672
19:59:00.949,0,-32.3,1,500,50000,500,50000,440,-38101,43219732,823,33203,-90486496
19:59:00.954,0,-32.3,1,500,50000,500,50000,495,-41475,43219524,569,44238,-90486224
19:59:00.959,0,-32.3,1,500,50000,500,50000,467,-38480,43219320,511,46119,-90486024
19:59:00.964,0,-32.4,1,500,50000,500,50000,456,-40149,43219128,964,30421,-90485952
19:59:00.969,0,-32.5,1,500,50000,500,50000,555,-40065,43218912,808,32368,-90485736
19:59:00.974,0,-32.5,1,500,50000,500,50000,518,-35145,43218776,659,38950,-90485496
19:59:00.979,0,-32.6,1,500,50000,500,50000,503,-32133,43218608,729,38976,-90485344
19:59:00.984,0,-32.9,1,500,50000,500,50000,490,-35414,43218420,943,31467,-90485200
19:59:00.989,0,-33.2,1,500,50000,500,50000,499,-45294,43218128,923,31833,-90484992
19:59:00.995,0,-33.6,1,500,50000,500,50000,507,-49568,43217880,631,41343,-90484768
19:59:01.000,0,-33.9,1,500,50000,500,50000,484,-44750,43217660,667,43631,-90484560
19:59:01.005,0,-33.9,1,500,50000,500,50000,450,-30367,43217536,867,32153,-90484456
19:59:01.010,0,-33.5,1,500,50000,500,50000,506,-20150,43217488,832,33210,-90484240
19:59:01.015,0,-33.2,1,500,50000,500,50000,531,-14728,43217432,742,37773,-90484024
19:59:01.020,0,-33.3,1,500,50000,500,50000,560,-20843,43217320,730,37473,-90483888
19:59:01.025,0,-34.1,1,500,50000,500,50000,517,-37494,43217076,910,36563,-90483704
19:59:01.030,0,-35.5,1,500,50000,500,50000,491,-60735,43216648,898,29549,-90483576
19:59:01.035,0,-37.0,1,500,50000,500,50000,483,-70407,43216276,554,42286,-90483288
19:59:01.040,0,-37.8,1,500,50000,500,50000,511,-74682,43215836,386,52509,-90483000
19:59:01.045,0,-37.1,1,500,50000,500,50000,467,-55381,43215644,730,37379,-90482904
19:59:01.050,0,-35.1,1,500,50000,500,50000,537,-28910,43215616,807,32790,-90482696
19:59:01.055,0,-32.6,1,500,50000,500,50000,582,-17600,43215568,637,37045,-90482448
19:59:01.060,0,-30.4,1,500,50000,500,50000,502,-17254,43215496,654,46136,-90482248
19:59:01.065,0,-29.5,1,500,50000,500,50000,487,-29988,43215288,896,37641,-90482112
19:59:01.071,0,-30.1,1,500,50000,500,50000,507,-52740,43214940,1013,31119,-90481952
19:59:01.076,0,-31.7,1,500,50000,500,50000,484,-65447,43214572,565,40996,-90481696
19:59:01.081,0,-33.2,1,500,50000,500,50000,464,-50382,43214340,452,50884,-90481424
19:59:01.086,0,-33.9,1,500,50000,500,50000,505,-27168,43214268,673,40537,-90481288
19:59:01.091,0,-33.4,1,500,50000,500,50000,514,-14452,43214256,874,33924,-90481136
19:59:01.096,0,-32.5,1,500,50000,500,50000,525,-15073,43214180,916,31206,-90481000
19:59:01.101,0,-32.0,1,500,50000,500,50000,526,-30462,43213988,780,35597,-90480792
19:59:01.106,0,-32.4,1,500,50000,500,50000,517,-55334,43213600,550,43902,-90480552
19:59:01.111,0,-33.7,1,500,50000,500,50000,469,-56192,43213332,841,34180,-90480456
19:59:01.116,0,-34.9,1,500,50000,500,50000,406,-39680,43213168,975,30906,-90480272
19:59:01.121,0,-35.5,1,500,50000,500,50000,487,-15102,43213152,980,30160,-90480024
19:59:01.126,0,-35.2,1,500,50000,500,50000,533,-10976,43213148,822,34430,-90479880
19:59:01.131,0,-34.4,1,500,50000,500,50000,559,-14863,43213060,905,33597,-90479752
19:59:01.136,0,-34.1,1,500,50000,500,50000,490,-35944,43212792,974,32966,-90479584
19:59:01.141,0,-34.7,1,500,50000,500,50000,536,-60540,43212416,838,35514,-90479376
19:59:01.146,0,-35.8,1,500,50000,500,50000,420,-73567,43211940,570,45472,-90479120
19:59:01.152,0,-36.7,1,500,50000,500,50000,389,-66890,43211644,537,47893,-90478896
19:59:01.157,0,-36.3,1,500,50000,500,50000,478,-36994,43211544,740,37928,-90478728
19:59:01.162,0,-34.6,1,500,50000,500,50000,536,-19851,43211524,652,33705,-90478560
19:59:01.167,0,-32.1,1,500,50000,500,50000,552,-15322,43211488,562,44953,-90478280
19:59:01.172,0,-30.1,1,500,50000,500,50000,539,-27317,43211288,629,46311,-90478120
19:59:01.177,0,-29.5,1,500,50000,500,50000,474,-38260,43211060,892,34735,-90478000
19:59:01.182,0,-30.2,1,500,50000,500,50000,472,-43445,43210788,953,25697,-90477856
19:59:01.187,0,-31.7,1,500,50000,500,50000,573,-46275,43210572,543,39105,-90477560
19:59:01.192,0,-33.1,1,500,50000,500,50000,501,-38359,43210424,465,50186,-90477288
19:59:01.197,0,-33.7,1,500,50000,500,50000,509,-33715,43210240,711,40555,-90477184
19:59:01.202,0,-33.7,1,500,50000,500,50000,500,-34708,43210068,873,35964,-90477008
19:59:01.207,0,-33.4,1,500,50000,500,50000,457,-40272,43209828,952,29939,-90476848
19:59:01.212,0,-33.2,1,500,50000,500,50000,570,-40467,43209640,651,38831,-90476616
19:59:01.217,0,-33.3,1,500,50000,500,50000,453,-44020,43209420,589,47194,-90476368
19:59:01.222,0,-33.2,1,500,50000,500,50000,494,-34848,43209248,819,38214,-90476248
19:59:01.227,0,-32.9,1,500,50000,500,50000,487,-28026,43209140,848,30810,-90476072
19:59:01.232,0,-32.8,1,500,50000,500,50000,542,-22426,43209064,762,32518,-90475856
19:59:01.238,0,-32.9,1,500,50000,500,50000,534,-25625,43208900,719,39210,-90475624
19:59:01.243,0,-33.5,1,500,50000,500,50000,545,-34356,43208708,511,44871,-90475392
19:59:01.248,0,-34.5,1,500,50000,500,50000,495,-51311,43208392,802,39114,-90475280
19:59:01.253,0,-35.3,1,500,50000,500,50000,465,-66576,43207956,822,33820,-90475088
19:59:01.258,0,-35.4,1,500,50000,500,50000,458,-59359,43207724,421,50420,-90474776
19:59:01.263,0,-34.6,1,500,50000,500,50000,480,-40453,43207612,470,50817,-90474568
19:59:01.268,0,-33.1,1,500,50000,500,50000,497,-21261,43207560,701,40047,-90474416
19:59:01.273,0,-31.6,1,500,50000,500,50000,547,-20411,43207472,887,28496,-90474312
19:59:01.278,0,-30.9,1,500,50000,500,50000,516,-26782,43207320,743,37500,-90474056
19:59:01.283,0,-31.2,1,500,50000,500,50000,525,-40162,43207076,633,44449,-90473824
19:59:01.288,0,-32.2,1,500,50000,500,50000,494,-53158,43206724,798,37776,-90473712
19:59:01.293,0,-33.2,1,500,50000,500,50000,503,-56153,43206452,896,33970,-90473512
19:59:01.298,0,-33.4,1,500,50000,500,50000,387,-53423,43206164,790,33441,-90473304
19:59:01.303,0,-32.7,1,500,50000,500,50000,565,-36872,43206064,606,41924,-90473040
19:59:01.308,0,-31.4,1,500,50000,500,50000,505,-19502,43206024,781,39666,-90472904
19:59:01.313,0,-30.2,1,500,50000,500,50000,533,-19074,43205924,952,30176,-90472776
19:59:01.318,0,-30.0,1,500,50000,500,50000,497,-27704,43205768,821,32421,-90472568
19:59:01.324,0,-30.7,1,500,50000,500,50000,507,-41465,43205488,677,40918,-90472368
19:59:01.329,0,-32.0,1,500,50000,500,50000,431,-47142,43205240,729,38334,-90472184
19:59:01.334,0,-33.2,1,500,50000,500,50000,491,-46315,43205028,820,35236,-90471984
19:59:01.339,0,-33.7,1,500,50000,500,50000,509,-33162,43204888,639,40066,-90471784
19:59:01.344,0,-33.6,1,500,50000,500,50000,524,-22733,43204820,667,40511,-90471584
19:59:01.349,0,-33.4,1,500,50000,500,50000,514,-21781,43204704,985,31992,-90471480
19:59:01.354,0,-33.4,1,500,50000,500,50000,519,-25819,43204564,970,29414,-90471296
19:59:01.359,0,-34.1,1,500,50000,500,50000,524,-33966,43204372,780,35277,-90471064
19:59:01.364,0,-35.3,1,500,50000,500,50000,504,-52222,43204016,674,44071,-90470848
19:59:01.369,0,-36.3,1,500,50000,500,50000,499,-67787,43203620,683,40842,-90470656
19:59:01.374,0,-36.6,1,500,50000,500,50000,466,-63267,43203284,639,38128,-90470472
19:59:01.379,0,-35.9,1,500,50000,500,50000,511,-50936,43203092,517,44275,-90470208
19:59:01.384,0,-34.2,1,500,50000,500,50000,484,-38531,43202968,572,45736,-90469984
19:59:01.389,0,-32.1,1,500,50000,500,50000,431,-29287,43202840,802,34714,-90469880
19:59:01.394,0,-30.4,1,500,50000,500,50000,654,-33008,43202676,835,34356,-90469664
19:59:01.399,0,-29.7,1,500,50000,500,50000,529,-35506,43202476,645,41904,-90469408
19:59:01.404,0,-30.0,1,500,50000,500,50000,421,-36159,43202300,737,36449,-90469288
19:59:01.409,0,-30.9,1,500,50000,500,50000,475,-42731,43202072,839,34425,-90469104
19:59:01.415,0,-31.8,1,500,50000,500,50000,497,-51507,43201756,719,35919,-90468888
19:59:01.420,0,-32.4,1,500,50000,500,50000,468,-54332,43201480,539,46352,-90468656
19:59:01.425,0,-32.4,1,500,50000,500,50000,442,-35029,43201348,797,37373,-90468504
19:59:01.430,0,-31.9,1,500,50000,500,50000,516,-17025,43201348,908,32465,-90468320
19:59:01.435,0,-31.4,1,500,50000,500,50000,539,-12622,43201316,872,29859,-90468160
19:59:01.440,0,-31.4,1,500,50000,500,50000,533,-11413,43201272,880,34159,-90468008
19:59:01.445,0,-32.3,1,500,50000,500,50000,501,-21221,43201124,1004,30316,-90467864
19:59:01.450,0,-34.0,1,500,50000,500,50000,488,-41558,43200808,1049,28238,-90467696
19:59:01.455,0,-35.9,1,500,50000,500,50000,495,-55620,43200496,893,33388,-90467472
19:59:01.460,0,-37.4,1,500,50000,500,50000,409,-62660,43200172,581,42216,-90467248
19:59:01.465,0,-37.9,1,500,50000,500,50000,445,-54085,43199912,600,44589,-90467040
19:59:01.470,0,-37.1,1,500,50000,500,50000,377,-41652,43199764,785,37974,-90466888
19:59:01.475,0,-35.5,1,500,50000,500,50000,519,-30351,43199652,863,33222,-90466744
19:59:01.480,0,-33.6,1,500,50000,500,50000,536,-28233,43199532,682,40080,-90466496
19:59:01.485,0,-32.2,1,500,50000,500,50000,546,-37878,43199300,577,45118,-90466272
19:59:01.490,0,-31.6,1,500,50000,500,50000,495,-46904,43199016,931,34254,-90466184
19:59:01.495,0,-31.8,1,500,50000,500,50000,475,-52024,43198748,888,31747,-90465992
19:59:01.500,0,-32.2,1,500,50000,500,50000,526,-54105,43198484,668,38318,-90465720
19:59:01.506,0,-32.3,1,500,50000,500,50000,484,-38570,43198328,593,43597,-90465520
19:59:01.511,0,-31.8,1,500,50000,500,50000,496,-23288,43198276,792,38482,-90465360
19:59:01.516,0,-31.1,1,500,50000,500,50000,435,-15663,43198236,907,35021,-90465192
19:59:01.521,0,-30.6,1,500,50000,500,50000,538,-21863,43198092,1035,28531,-90465080
19:59:01.526,0,-30.9,1,500,50000,500,50000,517,-33677,43197896,860,33159,-90464880
19:59:01.531,0,-32.0,1,500,50000,500,50000,517,-53059,43197528,637,39531,-90464688
19:59:01.536,0,-33.2,1,500,50000,500,50000,415,-55261,43197248,809,35888,-90464512
19:59:01.541,0,-34.0,1,500,50000,500,50000,458,-35365,43197152,795,34074,-90464304
19:59:01.546,0,-33.9,1,500,50000,500,50000,556,-15914,43197140,691,40101,-90464096
19:59:01.551,0,-33.2,1,500,50000,500,50000,528,-10330,43197120,736,38111,-90463920
19:59:01.556,0,-32.5,1,500,50000,500,50000,498,-17224,43196996,950,27660,-90463840
19:59:01.561,0,-32.6,1,500,50000,500,50000,552,-33320,43196788,799,32855,-90463616
19:59:01.566,0,-33.7,1,500,50000,500,50000,542,-51305,43196472,678,40442,-90463368
19:59:01.571,0,-35.2,1,500,50000,500,50000,468,-65407,43196052,650,42350,-90463200
19:59:01.576,0,-36.3,1,500,50000,500,50000,488,-56969,43195812,759,39097,-90462976
19:59:01.581,0,-36.3,1,500,50000,500,50000,498,-41127,43195632,657,38830,-90462752
19:59:01.586,0,-35.0,1,500,50000,500,50000,526,-31578,43195524,487,47629,-90462528
19:59:01.592,0,-33.0,1,500,50000,500,50000,481,-26862,43195412,663,41026,-90462352
19:59:01.597,0,-31.3,1,500,50000,500,50000,510,-35860,43195176,791,36087,-90462176
19:59:01.602,0,-30.3,1,500,50000,500,50000,495,-45435,43194916,710,37048,-90461992
19:59:01.607,0,-30.2,1,500,50000,500,50000,512,-47946,43194644,487,47338,-90461712
19:59:01.612,0,-30.5,1,500,50000,500,50000,479,-44841,43194452,548,45298,-90461520
19:59:01.617,0,-30.7,1,500,50000,500,50000,489,-38827,43194256,750,35689,-90461384
19:59:01.622,0,-30.5,1,500,50000,500,50000,495,-30765,43194152,758,33304,-90461224
19:59:01.627,0,-29.9,1,500,50000,500,50000,551,-23552,43194020,889,29815,-90460976
19:59:01.632,0,-29.5,1,500,50000,500,50000,523,-26162,43193892,658,40651,-90460752
19:59:01.637,0,-29.5,1,500,50000,500,50000,490,-31061,43193708,729,40715,-90460568
19:59:01.642,0,-30.2,1,500,50000,500,50000,485,-39378,43193488,846,36846,-90460408
19:59:01.647,0,-31.3,1,500,50000,500,50000,429,-44345,43193220,861,32166,-90460256
19:59:01.652,0,-32.5,1,500,50000,500,50000,443,-36658,43193108,614,41360,-90460040
19:59:01.657,0,-33.5,1,500,50000,500,50000,480,-25608,43193036,910,34886,-90459920
19:59:01.662,0,-33.5,1,500,50000,500,50000,513,-18662,43192964,949,28255,-90459768
19:59:01.667,0,-33.7,1,500,50000,500,50000,545,-22221,43192852,921,31481,-90459544
19:59:01.673,0,-34.3,1,500,50000,500,50000,547,-35414,43192616,633,41640,-90459328
19:59:01.678,0,-35.4,1,500,50000,500,50000,506,-42119,43192392,653,46150,-90459112
19:59:01.683,0,-36.3,1,500,50000,500,50000,477,-60534,43191988,829,37732,-90458968
19:59:01.688,0,-36.6,1,500,50000,500,50000,485,-70752,43191616,728,35148,-90458800
19:59:01.693,0,-35.7,1,500,50000,500,50000,479,-59297,43191380,496,45229,-90458488
19:59:01.698,0,-33.9,1,500,50000,500,50000,507,-35861,43191264,543,47231,-90458312
19:59:01.703,0,-31.7,1,500,50000,500,50000,484,-22797,43191208,857,33441,-90458176
19:59:01.708,0,-30.0,1,500,50000,500,50000,544,-20339,43191124,849,32236,-90457976
19:59:01.713,0,-29.4,1,500,50000,500,50000,562,-33616,43190908,586,43661,-90457736
19:59:01.718,0,-29.9,1,500,50000,500,50000,485,-51905,43190584,529,48810,-90457504
19:59:01.723,0,-30.8,1,500,50000,500,50000,448,-61065,43190200,760,35849,-90457392
19:59:01.728,0,-31.4,1,500,50000,500,50000,443,-51500,43189996,711,35073,-90457160
19:59:01.733,0,-31.2,1,500,50000,500,50000,510,-34145,43189908,605,41641,-90456896
19:59:01.738,0,-30.4,1,500,50000,500,50000,491,-18309,43189876,750,39271,-90456752
19:59:01.743,0,-29.8,1,500,50000,500,50000,519,-19066,43189792,920,32255,-90456600
19:59:01.748,0,-29.9,1,500,50000,500,50000,475,-35928,43189532,793,37004,-90456416
19:59:01.754,0,-31.0,1,500,50000,500,50000,491,-47143,43189252,729,42465,-90456176
19:59:01.759,0,-32.4,1,500,50000,500,50000,477,-42411,43189032,816,39246,-90456008
19:59:01.764,0,-33.4,1,500,50000,500,50000,460,-33606,43188920,919,33084,-90455856
19:59:01.769,0,-33.9,1,500,50000,500,50000,544,-29075,43188808,855,33234,-90455648
19:59:01.774,0,-33.8,1,500,50000,500,50000,520,-39037,43188560,664,40093,-90455448
19:59:01.779,0,-33.7,1,500,50000,500,50000,500,-50005,43188272,668,43352,-90455224
19:59:01.784,0,-33.7,1,500,50000,500,50000,477,-55812,43187936,668,39629,-90455032
19:59:01.789,0,-33.5,1,500,50000,500,50000,471,-52956,43187704,647,40624,-90454848
19:59:01.794,0,-32.9,1,500,50000,500,50000,473,-45909,43187480,585,42900,-90454608
19:59:01.799,0,-31.8,1,500,50000,500,50000,486,-34011,43187372,690,39562,-90454416
19:59:01.804,0,-30.5,1,500,50000,500,50000,462,-27271,43187256,761,37664,-90454256
19:59:01.809,0,-29.7,1,500,50000,500,50000,555,-25452,43187148,770,37294,-90454064
19:59:01.814,0,-29.6,1,500,50000,500,50000,497,-29960,43186964,782,39722,-90453840
19:59:01.819,0,-30.3,1,500,50000,500,50000,415,-43330,43186708,792,35589,-90453704
19:59:01.824,0,-31.3,1,500,50000,500,50000,532,-55805,43186360,659,41976,-90453448
19:59:01.829,0,-32.1,1,500,50000,500,50000,460,-56119,43186088,543,45610,-90453208
19:59:01.834,0,-32.2,1,500,50000,500,50000,448,-37613,43185940,651,42713,-90453032
19:59:01.840,0,-31.6,1,500,50000,500,50000,478,-20982,43185912,918,28229,-90452952
19:59:01.845,0,-30.9,1,500,50000,500,50000,519,-17944,43185828,849,31177,-90452744
19:59:01.850,0,-30.7,1,500,50000,500,50000,532,-25780,43185688,725,38166,-90452520
19:59:01.855,0,-31.3,1,500,50000,500,50000,468,-45689,43185360,866,33495,-90452408
19:59:01.860,0,-32.6,1,500,50000,500,50000,466,-58777,43185020,855,32679,-90452200
19:59:01.865,0,-33.7,1,500,50000,500,50000,524,-53412,43184784,502,46496,-90451944
19:59:01.870,0,-34.1,1,500,50000,500,50000,472,-44016,43184572,547,44821,-90451736
19:59:01.875,0,-33.5,1,500,50000,500,50000,488,-39257,43184424,862,35552,-90451584
19:59:01.880,0,-32.3,1,500,50000,500,50000,502,-35427,43184264,734,35154,-90451392
19:59:01.885,0,-31.2,1,500,50000,500,50000,483,-34392,43184088,526,44074,-90451120
19:59:01.890,0,-30.7,1,500,50000,500,50000,496,-37368,43183900,666,40994,-90450984
19:59:01.895,0,-30.7,1,500,50000,500,50000,452,-41848,43183656,899,34861,-90450800
19:59:01.900,0,-31.1,1,500,50000,500,50000,477,-49606,43183396,857,30602,-90450608
19:59:01.905,0,-31.5,1,500,50000,500,50000,496,-52815,43183136,470,46988,-90450320
19:59:01.910,0,-31.5,1,500,50000,500,50000,411,-48711,43182868,485,47436,-90450096
19:59:01.915,0,-31.0,1,500,50000,500,50000,498,-33415,43182772,755,38050,-90449968
19:59:01.921,0,-30.3,1,500,50000,500,50000,523,-20953,43182708,825,33017,-90449784
19:59:01.926,0,-29.7,1,500,50000,500,50000,606,-22437,43182596,694,39324,-90449552
19:59:01.931,0,-29.7,1,500,50000,500,50000,533,-38824,43182328,613,40592,-90449352
19:59:01.936,0,-30.4,1,500,50000,500,50000,490,-56777,43181984,760,40208,-90449192
19:59:01.941,0,-31.4,1,500,50000,500,50000,447,-60242,43181680,644,40190,-90448968
19:59:01.946,0,-32.1,1,500,50000,500,50000,474,-45719,43181480,805,35639,-90448776
19:59:01.951,0,-32.2,1,500,50000,500,50000,502,-29992,43181420,659,41002,-90448568
19:59:01.956,0,-31.5,1,500,50000,500,50000,541,-18616,43181364,791,38557,-90448400
19:59:01.961,0,-30.8,1,500,50000,500,50000,498,-22499,43181228,945,33479,-90448248
19:59:01.966,0,-30.7,1,500,50000,500,50000,486,-38995,43180984,878,32706,-90448064
19:59:01.971,0,-31.3,1,500,50000,500,50000,517,-53465,43180648,541,45805,-90447800
19:59:01.976,0,-32.3,1,500,50000,500,50000,476,-56064,43180380,486,49422,-90447560
19:59:01.981,0,-33.1,1,500,50000,500,50000,425,-50098,43180120,642,41270,-90447392
19:59:01.986,0,-33.0,1,500,50000,500,50000,525,-38530,43179988,811,32948,-90447264
19:59:01.991,0,-32.1,1,500,50000,500,50000,540,-26827,43179892,723,37568,-90447024
19:59:01.996,0,-30.9,1,500,50000,500,50000,530,-23403,43179780,702,37332,-90446800
19:59:02.002,0,-30.0,1,500,50000,500,50000,542,-28119,43179616,649,43889,-90446608
19:59:02.007,0,-29.9,1,500,50000,500,50000,483,-35536,43179412,865,35262,-90446448
19:59:02.012,0,-30.5,1,500,50000,500,50000,436,-45602,43179128,963,29460,-90446272
19:59:02.017,0,-31.4,1,500,50000,500,50000,575,-49468,43178924,567,44133,-90445984
19:59:02.022,0,-32.2,1,500,50000,500,50000,489,-50958,43178628,400,51962,-90445776
19:59:02.027,0,-32.3,1,500,50000,500,50000,463,-42827,43178456,746,43758,-90445584
19:59:02.032,0,-31.7,1,500,50000,500,50000,498,-33403,43178344,846,31514,-90445464
19:59:02.037,0,-30.8,1,500,50000,500,50000,523,-24237,43178252,766,33065,-90445232
19:59:02.042,0,-30.0,1,500,50000,500,50000,519,-25586,43178124,598,42590,-90444968
19:59:02.047,0,-29.7,1,500,50000,500,50000,555,-36994,43177884,534,49764,-90444760
19:59:02.052,0,-30.2,1,500,50000,500,50000,273,-45647,43177636,710,41153,-90444600
19:59:02.057,0,-31.1,1,500,50000,500,50000,526,-53282,43177344,792,35382,-90444408
19:59:02.062,0,-31.9,1,500,50000,500,50000,427,-52840,43177052,557,40208,-90444184
19:59:02.067,0,-31.7,1,500,50000,500,50000,485,-41182,43176904,444,49774,-90443888
19:59:02.072,0,-30.9,1,500,50000,500,50000,496,-33246,43176744,707,40878,-90443776
19:59:02.078,0,-30.1,1,500,50000,500,50000,506,-31094,43176616,855,34429,-90443592
19:59:02.083,0,-29.6,1,500,50000,500,50000,524,-33261,43176452,741,37168,-90443344
19:59:02.088,0,-29.7,1,500,50000,500,50000,524,-40236,43176200,491,47845,-90443104
19:59:02.093,0,-30.1,1,500,50000,500,50000,486,-42339,43175988,502,47909,-90442888
19:59:02.098,0,-30.3,1,500,50000,500,50000,474,-39855,43175776,751,39262,-90442736
19:59:02.103,0,-30.3,1,500,50000,500,50000,501,-38483,43175604,708,33410,-90442568
19:59:02.108,0,-30.0,1,500,50000,500,50000,508,-35503,43175448,487,46137,-90442256
19:59:02.113,0,-29.8,1,500,50000,500,50000,521,-31045,43175296,331,53152,-90442000
19:59:02.118,0,-29.8,1,500,50000,500,50000,496,-27430,43175176,857,38365,-90441928
19:59:02.123,0,-30.1,1,500,50000,500,50000,464,-30612,43174980,1128,23961,-90441800
19:59:02.128,0,-30.8,1,500,50000,500,50000,532,-37104,43174792,863,29479,-90441536
19:59:02.133,0,-31.6,1,500,50000,500,50000,570,-38536,43174592,350,50679,-90441168
19:59:02.138,0,-32.4,1,500,50000,500,50000,521,-40624,43174392,584,51686,-90441024
19:59:02.143,0,-32.8,1,500,50000,500,50000,499,-45781,43174100,1095,25536,-90440984
19:59:02.148,0,-32.9,1,500,50000,500,50000,373,-49224,43173864,1126,17267,-90440792
19:59:02.154,0,-32.6,1,500,50000,500,50000,509,-40098,43173660,936,25590,-90440496
19:59:02.159,0,-32.1,1,500,50000,500,50000,596,-37431,43173480,346,54527,-90440136
19:59:02.164,0,-31.6,1,500,50000,500,50000,481,-40393,43173284,513,50246,-90439960
19:59:02.169,0,-31.5,1,500,50000,500,50000,488,-46000,43173008,778,37595,-90439824
19:59:02.174,0,-31.5,1,500,50000,500,50000,511,-44129,43172852,556,43535,-90439640
19:59:02.179,0,-31.5,1,500,50000,500,50000,522,-38151,43172660,463,48434,-90439400
19:59:02.184,0,-31.4,1,500,50000,500,50000,505,-35940,43172500,845,35518,-90439312
19:59:02.189,0,-31.1,1,500,50000,500,50000,480,-38564,43172308,894,32327,-90439104
19:59:02.194,0,-30.9,1,500,50000,500,50000,513,-40248,43172076,600,39625,-90438832
19:59:02.199,0,-30.8,1,500,50000,500,50000,490,-36745,43171920,507,48023,-90438608
19:59:02.204,0,-30.9,1,500,50000,500,50000,492,-27349,43171796,764,39920,-90438456
19:59:02.209,0,-31.1,1,500,50000,500,50000,500,-28373,43171656,852,31324,-90438296
19:59:02.214,0,-31.5,1,500,50000,500,50000,530,-36205,43171456,627,39746,-90438048
19:59:02.219,0,-32.0,1,500,50000,500,50000,514,-51125,43171124,427,49026,-90437776
19:59:02.224,0,-32.5,1,500,50000,500,50000,464,-55164,43170836,711,43006,-90437632
19:59:02.230,0,-32.7,1,500,50000,500,50000,429,-48381,43170580,816,31588,-90437480
19:59:02.235,0,-32.3,1,500,50000,500,50000,507,-37723,43170460,748,34912,-90437224
19:59:02.240,0,-31.6,1,500,50000,500,50000,650,-31236,43170336,532,48379,-90436968
19:59:02.245,0,-30.8,1,500,50000,500,50000,509,-38044,43170096,723,41564,-90436808
19:59:02.250,0,-30.4,1,500,50000,500,50000,510,-47396,43169828,835,34013,-90436640
19:59:02.255,0,-30.5,1,500,50000,500,50000,465,-47612,43169556,684,39864,-90436416
19:59:02.260,0,-30.7,1,500,50000,500,50000,519,-42265,43169380,467,47930,-90436168
19:59:02.265,0,-30.7,1,500,50000,500,50000,485,-39471,43169204,573,43260,-90435984
19:59:02.270,0,-30.6,1,500,50000,500,50000,482,-40677,43168972,899,32074,-90435872
19:59:02.275,0,-30.4,1,500,50000,500,50000,540,-42450,43168772,574,41381,-90435584
19:59:02.280,0,-30.4,1,500,50000,500,50000,502,-38931,43168604,434,48261,-90435336
19:59:02.285,0,-30.5,1,500,50000,500,50000,479,-35608,43168420,655,42077,-90435168
19:59:02.290,0,-30.8,1,500,50000,500,50000,492,-36174,43168224,848,31051,-90435056
19:59:02.295,0,-31.1,1,500,50000,500,50000,531,-41738,43168020,625,38884,-90434792
19:59:02.300,0,-31.5,1,500,50000,500,50000,519,-47784,43167732,439,49359,-90434504
19:59:02.306,0,-31.7,1,500,50000,500,50000,447,-43759,43167540,690,40419,-90434384
19:59:02.311,0,-31.7,1,500,50000,500,50000,511,-32556,43167412,887,31078,-90434232
19:59:02.316,0,-31.6,1,500,50000,500,50000,494,-22788,43167360,830,33138,-90434008
19:59:02.321,0,-31.5,1,500,50000,500,50000,543,-20540,43167272,702,37757,-90433784
19:59:02.326,0,-31.8,1,500,50000,500,50000,504,-33914,43167044,780,40152,-90433624
19:59:02.331,0,-32.7,1,500,50000,500,50000,462,-52224,43166724,921,34100,-90433456
19:59:02.336,0,-33.7,1,500,50000,500,50000,483,-64419,43166324,869,32420,-90433248
19:59:02.341,0,-34.3,1,500,50000,500,50000,468,-53588,43166120,476,47771,-90432968
19:59:02.346,0,-34.0,1,500,50000,500,50000,493,-38832,43165988,614,45500,-90432776
19:59:02.351,0,-32.7,1,500,50000,500,50000,488,-25340,43165896,822,35060,-90432632
19:59:02.356,0,-31.3,1,500,50000,500,50000,526,-21851,43165808,849,33888,-90432456
19:59:02.361,0,-30.6,1,500,50000,500,50000,535,-26413,43165672,609,41354,-90432208
19:59:02.366,0,-30.8,1,500,50000,500,50000,521,-39807,43165396,896,36372,-90432096
19:59:02.371,0,-31.8,1,500,50000,500,50000,476,-49355,43165120,851,30505,-90431920
19:59:02.376,0,-33.0,1,500,50000,500,50000,505,-58770,43164760,537,42399,-90431664
19:59:02.382,0,-33.6,1,500,50000,500,50000,498,-56266,43164504,408,52881,-90431360
19:59:02.387,0,-33.3,1,500,50000,500,50000,459,-42840,43164356,509,48909,-90431160
19:59:02.392,0,-32.2,1,500,50000,500,50000,496,-23663,43164292,832,34218,-90431072
19:59:02.397,0,-31.0,1,500,50000,500,50000,559,-18423,43164228,922,30672,-90430880
19:59:02.402,0,-30.3,1,500,50000,500,50000,529,-27614,43164052,742,33886,-90430640
19:59:02.407,0,-30.5,1,500,50000,500,50000,608,-36915,43163844,548,47749,-90430392
19:59:02.412,0,-31.4,1,500,50000,500,50000,464,-54639,43163508,579,48799,-90430168
19:59:02.417,0,-32.5,1,500,50000,500,50000,416,-55648,43163172,784,39215,-90429992
19:59:02.422,0,-33.0,1,500,50000,500,50000,476,-41976,43163028,650,36938,-90429800
19:59:02.427,0,-32.6,1,500,50000,500,50000,555,-21093,43162996,483,48148,-90429512
19:59:02.432,0,-31.7,1,500,50000,500,50000,527,-16874,43162932,608,46020,-90429328
19:59:02.437,0,-30.9,1,500,50000,500,50000,523,-25219,43162784,963,31515,-90429256
19:59:02.442,0,-31.8,1,500,50000,500,50000,499,-49635,43162420,919,32811,-90429024
19:59:02.447,0,-32.9,1,500,50000,500,50000,493,-65083,43162056,673,37463,-90428768
19:59:02.453,0,-33.3,1,500,50000,500,50000,463,-60345,43161736,477,52323,-90428504
19:59:02.458,0,-32.6,1,500,50000,500,50000,447,-47218,43161560,712,40511,-90428352
19:59:02.463,0,-31.2,1,500,50000,500,50000,501,-31432,43161444,789,35519,-90428160
19:59:02.468,0,-29.9,1,500,50000,500,50000,506,-22879,43161384,732,36950,-90427936
19:59:02.473,0,-29.3,1,500,50000,500,50000,503,-19869,43161296,731,41539,-90427752
19:59:02.478,0,-29.8,1,500,50000,500,50000,536,-31960,43161092,925,33727,-90427608
19:59:02.483,0,-30.9,1,500,50000,500,50000,525,-42765,43160816,864,31710,-90427408
19:59:02.488,0,-32.0,1,500,50000,500,50000,489,-48393,43160564,474,47598,-90427128
19:59:02.493,0,-32.4,1,500,50000,500,50000,473,-45927,43160308,506,50274,-90426896
19:59:02.498,0,-32.1,1,500,50000,500,50000,439,-33262,43160160,773,36128,-90426776
19:59:02.503,0,-31.5,1,500,50000,500,50000,531,-21058,43160116,912,28864,-90426592
19:59:02.508,0,-31.1,1,500,50000,500,50000,508,-16787,43160052,665,42033,-90426336
19:59:02.513,0,-31.6,1,500,50000,500,50000,552,-20760,43159940,466,46492,-90426120
19:59:02.518,0,-32.8,1,500,50000,500,50000,568,-32577,43159716,820,38034,-90425992
19:59:02.523,0,-34.4,1,500,50000,500,50000,493,-52133,43159360,906,29306,-90425864
19:59:02.529,0,-35.6,1,500,50000,500,50000,505,-69663,43158964,528,40963,-90425544
19:59:02.534,0,-35.8,1,500,50000,500,50000,495,-65092,43158672,355,55583,-90425288
19:59:02.539,0,-34.9,1,500,50000,500,50000,450,-47740,43158512,756,42186,-90425144
