timestamp,target_flag,sensor_torque,sensor_rpm,act_target_torque,act_target_velocity,load_target_torque,load_target_velocity,act_torque,act_vel,act_pos,load_torque,load_vel,load_pos
20:37:22.773,0,0.0,0,0,0,0,0,129,342,26790820,55,-1483,-74061216
20:37:22.778,0,0.0,0,0,0,0,0,4,-86,26790816,8,909,-74061208
20:37:22.783,0,0.0,0,0,0,0,0,8,-247,26790816,8,-1967,-74061232
20:37:22.788,0,0.0,0,0,0,0,0,-17,1602,26790828,0,489,-74061216
20:37:22.793,0,0.0,0,0,0,0,0,-6,970,26790822,-24,-1627,-74061216
20:37:22.798,0,0.0,0,0,0,0,0,-9,-760,26790812,24,841,-74061208
20:37:22.803,0,0.0,0,0,0,0,0,0,-701,26790812,16,450,-74061216
20:37:22.808,0,0.0,0,0,0,0,0,0,1242,26790822,33,425,-74061216
20:37:22.813,0,0.0,0,0,0,0,0,20,1114,26790822,34,395,-74061216
20:37:22.818,0,0.0,0,0,0,0,0,8,410,26790820,24,582,-74061216
20:37:22.823,0,0.0,0,0,0,0,0,-1,1139,26790822,15,-1509,-74061216
20:37:22.828,0,0.0,0,0,0,0,0,1,-1377,26790808,-16,534,-74061216
20:37:22.833,0,0.0,0,0,0,0,0,6,-960,26790812,9,-224,-74061216
20:37:22.838,0,0.0,0,0,0,0,0,-5,-1297,26790808,47,-683,-74061216
20:37:22.844,0,0.0,0,0,0,0,0,10,-1366,26790808,36,-127,-74061216
20:37:22.849,0,0.0,0,0,0,0,0,1,882,26790822,-5,528,-74061216
20:37:22.854,0,0.0,0,0,0,0,0,1,913,26790822,11,479,-74061216
20:37:22.859,0,0.0,0,0,0,0,0,7,1079,26790822,-22,-179,-74061216
20:37:22.864,0,0.0,0,0,0,0,0,11,-806,26790812,-36,1064,-74061208
20:37:22.869,0,0.0,0,0,0,0,0,-20,-1525,26790808,-19,589,-74061216
20:37:22.874,0,0.0,0,0,0,0,0,24,922,26790822,-45,-1485,-74061216
20:37:22.879,0,0.0,0,0,0,0,0,-6,925,26790822,18,-571,-74061216
20:37:22.884,0,0.0,0,0,0,0,0,2,336,26790820,48,-1875,-74061232
20:37:22.889,0,0.0,0,0,0,0,0,1,796,26790822,-12,-668,-74061216
20:37:22.894,0,0.0,0,0,0,0,0,-8,944,26790822,31,-313,-74061216
20:37:22.899,0,0.0,0,0,0,0,0,-2,-1588,26790808,3,1067,-74061216
20:37:22.904,0,0.0,0,0,0,0,0,-7,1133,26790822,28,-880,-74061216
20:37:22.909,0,0.0,0,0,0,0,0,5,-370,26790816,-50,1841,-74061208
20:37:22.914,0,0.0,0,0,0,0,0,21,-1529,26790808,8,1423,-74061216
20:37:22.919,0,0.0,0,0,0,0,0,-1,-371,26790816,-44,1291,-74061216
20:37:22.925,0,0.0,0,0,0,0,0,-7,-993,26790812,17,-1126,-74061232
20:37:22.930,0,0.0,0,0,0,0,0,0,809,26790822,19,-547,-74061216
20:37:22.935,0,0.0,0,0,0,0,0,20,-1080,26790812,39,1497,-74061216
20:37:22.940,0,0.0,0,0,0,0,0,0,822,26790822,-16,768,-74061216
20:37:22.945,0,0.0,0,0,0,0,0,-8,821,26790822,33,-541,-74061216
20:37:22.950,0,0.0,0,0,0,0,0,-3,958,26790822,12,1509,-74061216
20:37:22.955,0,0.0,0,0,0,0,0,15,-988,26790812,0,-359,-74061216
20:37:22.960,0,0.0,0,0,0,0,0,17,-851,26790812,-67,-944,-74061232
20:37:22.965,0,0.0,0,0,0,0,0,-56,-251,26790816,65,-277,-74061216
20:37:22.970,0,0.0,0,0,0,0,0,8,204,26790820,-10,-491,-74061216
20:37:22.975,0,0.0,0,0,0,0,0,1,-1566,26790808,-2,1548,-74061216
20:37:22.980,0,0.0,0,0,0,0,0,3,-1092,26790812,29,1546,-74061216
20:37:22.985,0,0.0,0,0,0,0,0,7,709,26790822,-37,-960,-74061232
20:37:22.990,0,0.0,0,0,0,0,0,9,902,26790822,-45,-443,-74061216
20:37:22.995,0,0.0,0,0,0,0,0,3,771,26790822,-41,1317,-74061216
20:37:23.000,0,0.0,0,0,0,0,0,8,938,26790822,24,-485,-74061216
20:37:23.005,0,0.0,0,0,0,0,0,-1,-1105,26790812,-53,206,-74061216
20:37:23.010,0,0.0,0,0,0,0,0,-7,-1102,26790812,0,-647,-74061216
20:37:23.016,0,0.0,0,0,0,0,0,-1,947,26790822,-17,-985,-74061232
20:37:23.021,0,0.0,0,0,0,0,0,15,811,26790822,-6,-902,-74061232
20:37:23.026,0,0.0,0,0,0,0,0,3,-264,26790816,-49,-322,-74061216
20:37:23.031,0,0.0,0,0,0,0,0,-5,364,26790820,46,-878,-74061232
20:37:23.036,0,0.0,0,0,0,0,0,-2,-894,26790812,64,-770,-74061232
20:37:23.041,0,0.0,0,0,0,0,0,5,450,26790820,-45,383,-74061216
20:37:23.046,0,0.0,0,0,0,0,0,10,-498,26790816,46,-796,-74061232
20:37:23.051,0,0.0,0,0,0,0,0,-8,-231,26790816,-20,455,-74061216
20:37:23.056,0,0.0,0,0,0,0,0,-6,887,26790822,-6,855,-74061216
20:37:23.061,0,0.0,0,0,0,0,0,6,409,26790820,0,360,-74061216
20:37:23.066,0,0.0,0,0,0,0,0,-12,1020,26790822,44,-401,-74061216
20:37:23.071,0,0.0,0,0,0,0,0,1,434,26790820,-9,-227,-74061216
20:37:23.076,0,0.0,0,0,0,0,0,15,348,26790820,61,385,-74061216
20:37:23.081,0,0.0,0,0,0,0,0,0,917,26790822,129,-338,-74061216
20:37:23.086,0,0.0,0,0,0,0,0,11,-896,26790812,-12,-824,-74061232
20:37:23.091,0,0.0,0,0,0,0,0,0,861,26790822,4,1415,-74061216
20:37:23.096,0,0.0,0,0,0,0,0,-4,-1484,26790808,-12,-383,-74061216
20:37:23.101,0,0.0,0,0,0,0,0,-1,-1503,26790808,-10,-388,-74061216
20:37:23.107,0,0.0,0,0,0,0,0,3,-198,26790816,42,900,-74061216
20:37:23.112,0,0.0,0,0,0,0,0,7,-888,26790812,63,-328,-74061216
20:37:23.117,0,0.0,0,0,0,0,0,9,-969,26790812,44,388,-74061216
20:37:23.122,0,0.0,0,0,0,0,0,-6,896,26790822,-8,358,-74061216
20:37:23.127,0,0.0,0,0,0,0,0,-7,365,26790820,20,-386,-74061216
20:37:23.132,0,0.0,0,0,0,0,0,5,-361,26790816,-24,-420,-74061216
20:37:23.137,0,0.0,0,0,0,0,0,-2,1052,26790822,42,391,-74061216
20:37:23.142,0,0.0,0,0,0,0,0,-2,-1007,26790812,62,-392,-74061216
20:37:23.147,0,0.0,0,0,0,0,0,1,-546,26790816,6,1577,-74061216
20:37:23.152,0,0.0,0,0,0,0,0,8,799,26790822,-8,-921,-74061232
20:37:23.157,0,0.0,0,0,0,0,0,-8,-930,26790812,-53,309,-74061216
20:37:23.162,0,0.0,0,0,0,0,0,7,330,26790820,-1,-868,-74061232
20:37:23.167,0,0.0,0,0,0,0,0,-3,-867,26790812,19,-796,-74061232
20:37:23.172,0,0.0,0,0,0,0,0,-13,812,26790822,10,-835,-74061232
20:37:23.177,0,0.0,0,0,0,0,0,-31,1468,26790828,19,-181,-74061216
20:37:23.182,0,0.0,0,0,0,0,0,10,-325,26790816,11,437,-74061216
20:37:23.187,0,0.0,0,0,0,0,0,13,-1405,26790808,-48,-342,-74061216
20:37:23.192,0,0.0,0,0,0,0,0,-1,324,26790820,41,-200,-74061216
20:37:23.197,0,0.0,0,0,0,0,0,-7,970,26790822,-69,-237,-74061216
20:37:23.203,0,0.0,0,0,0,0,0,-7,-919,26790812,60,-196,-74061216
20:37:23.208,0,0.0,0,0,0,0,0,16,814,26790822,-7,-825,-74061232
20:37:23.213,0,0.0,0,0,0,0,0,1,809,26790822,-69,1437,-74061216
20:37:23.218,0,0.0,0,0,0,0,0,-3,791,26790822,-43,-318,-74061216
20:37:23.223,0,0.0,0,0,0,0,0,-10,235,26790820,39,-828,-74061232
20:37:23.228,0,0.0,0,0,0,0,0,-4,406,26790820,71,-793,-74061232
20:37:23.233,0,0.0,0,0,0,0,0,5,-218,26790816,-46,-356,-74061216
20:37:23.238,0,0.0,0,0,0,0,0,-21,1428,26790828,28,-411,-74061216
20:37:23.243,0,0.0,0,0,0,0,0,-6,1030,26790822,-27,-342,-74061216
20:37:23.248,0,0.0,0,0,0,0,0,18,360,26790820,35,-303,-74061216
20:37:23.253,0,0.0,0,0,0,0,0,-1,1484,26790828,8,-377,-74061216
20:37:23.258,0,0.0,0,0,0,0,0,19,-474,26790816,-52,-197,-74061216
20:37:23.263,0,0.0,0,0,0,0,0,-9,710,26790822,0,-777,-74061232
20:37:23.268,0,0.0,0,0,0,0,0,90,872,26790822,8,-779,-74061232
20:37:23.273,0,0.0,0,0,0,0,0,-2,941,26790822,-4,-710,-74061232
20:37:23.278,0,0.0,0,0,0,0,0,23,-915,26790812,65,1782,-74061216
20:37:23.283,0,0.0,0,0,0,0,0,-3,1051,26790822,-66,393,-74061216
20:37:23.288,0,0.0,0,0,0,0,0,17,1077,26790822,-51,1629,-74061216
20:37:23.294,0,0.0,0,0,0,0,0,13,-1632,26790808,29,-350,-74061216
20:37:23.299,0,0.0,0,0,0,0,0,-3,765,26790822,-11,-387,-74061216
20:37:23.304,0,0.0,0,0,0,0,0,-5,945,26790822,-16,-403,-74061216
20:37:23.309,0,0.0,0,0,0,0,0,-8,258,26790820,-56,-235,-74061216
20:37:23.314,0,0.0,0,0,0,0,0,11,-1162,26790812,61,-274,-74061216
20:37:23.319,0,0.0,0,0,0,0,0,8,2027,26790830,26,-786,-74061232
20:37:23.324,0,0.0,0,0,0,0,0,9,1675,26790828,-39,-438,-74061216
20:37:23.329,0,0.0,0,0,0,0,0,-5,344,26790820,-71,-748,-74061232
20:37:23.334,0,0.0,0,0,0,0,0,11,303,26790820,21,957,-74061216
20:37:23.339,0,0.0,0,0,0,0,0,-3,739,26790822,78,-283,-74061216
20:37:23.344,0,0.0,0,0,0,0,0,15,1019,26790822,5,1113,-74061216
20:37:23.349,0,0.0,0,0,0,0,0,0,-317,26790816,2,-686,-74061232
20:37:23.354,0,0.0,0,0,0,0,0,-6,-873,26790812,31,-183,-74061216
20:37:23.359,0,0.0,0,0,0,0,0,-29,993,26790822,-33,-661,-74061232
20:37:23.364,0,0.0,0,0,0,0,0,0,-999,26790812,23,400,-74061216
20:37:23.369,0,0.0,0,0,0,0,0,-11,1407,26790828,-62,-64,-74061216
20:37:23.374,0,0.0,0,0,0,0,0,-7,780,26790822,43,-241,-74061216
20:37:23.379,0,0.0,0,0,0,0,0,1,187,26790820,-12,-331,-74061216
20:37:23.384,0,0.0,0,0,0,0,0,-1,-1498,26790808,-54,-324,-74061216
20:37:23.390,0,0.0,0,0,0,0,0,4,1055,26790822,-53,1750,-74061216
20:37:23.395,0,0.0,0,0,0,0,0,-9,-249,26790816,-13,-711,-74061232
20:37:23.400,0,0.0,0,0,0,0,0,8,-975,26790812,30,-55,-74061216
20:37:23.405,0,0.0,0,0,0,0,0,9,912,26790822,-53,327,-74061216
20:37:23.410,0,0.0,0,0,0,0,0,7,175,26790820,23,-309,-74061216
20:37:23.415,0,0.0,0,0,0,0,0,21,-2211,26790802,29,-682,-74061232
20:37:23.420,0,0.0,0,0,0,0,0,4,-1598,26790808,-45,-243,-74061216
20:37:23.425,0,0.0,0,0,0,0,0,23,-1505,26790808,-45,56,-74061216
20:37:23.430,0,0.0,0,0,0,0,0,26,888,26790822,24,-640,-74061232
20:37:23.435,0,0.0,0,0,0,0,0,-16,1014,26790822,-30,-85,-74061216
20:37:23.440,0,0.0,0,0,0,0,0,-4,-1569,26790808,-39,-109,-74061216
20:37:23.445,0,0.0,0,0,0,0,0,-2,-498,26790816,-15,447,-74061216
20:37:23.450,0,0.0,0,0,0,0,0,10,-987,26790812,-49,-197,-74061216
20:37:23.455,0,0.0,0,0,0,0,0,-2,-1451,26790808,-47,-111,-74061216
20:37:23.460,0,0.0,0,0,0,0,0,0,805,26790822,-14,-590,-74061232
20:37:23.465,0,0.0,0,0,0,0,0,-1,174,26790820,-23,-87,-74061216
20:37:23.470,0,0.0,0,0,0,0,0,-15,212,26790820,42,-594,-74061232
20:37:23.475,0,0.0,0,0,0,0,0,-2,-364,26790816,21,-126,-74061216
20:37:23.480,0,0.0,0,0,0,0,0,8,-484,26790816,-16,-122,-74061216
20:37:23.486,0,0.0,0,0,0,0,0,2,-901,26790812,-10,-136,-74061216
20:37:23.491,0,0.0,0,0,0,0,0,0,804,26790822,15,-115,-74061216
20:37:23.496,0,0.0,0,0,0,0,0,-7,-460,26790816,-31,517,-74061216
20:37:23.501,0,0.0,0,0,0,0,0,1,315,26790820,20,1112,-74061216
20:37:23.506,0,0.0,0,0,0,0,0,4,750,26790822,23,1869,-74061216
20:37:23.511,0,0.0,0,0,0,0,0,-3,1383,26790828,50,-86,-74061216
20:37:23.516,0,0.0,0,0,0,0,0,13,-478,26790816,49,-204,-74061216
20:37:23.521,0,0.0,0,0,0,0,0,7,-856,26790812,35,-155,-74061216
20:37:23.526,0,0.0,0,0,0,0,0,9,-1641,26790808,-39,363,-74061216
20:37:23.531,0,0.0,0,0,0,0,0,-19,254,26790820,8,-208,-74061216
20:37:23.536,0,0.0,0,0,0,0,0,2,810,26790822,12,9,-74061216
20:37:23.541,0,0.0,0,0,0,0,0,-12,335,26790820,7,-209,-74061216
20:37:23.546,0,0.0,0,0,0,0,0,-9,800,26790822,-41,-164,-74061216
20:37:23.551,0,0.0,0,0,0,0,0,5,1340,26790828,-105,-139,-74061216
20:37:23.556,0,0.0,0,0,0,0,0,-16,-305,26790816,40,-127,-74061216
20:37:23.561,0,0.0,0,0,0,0,0,-24,854,26790822,59,-207,-74061216
20:37:23.566,0,0.0,0,0,0,0,0,8,378,26790820,9,-365,-74061216
20:37:23.571,0,0.0,0,0,0,0,0,-17,800,26790822,2,-333,-74061216
20:37:23.577,0,0.0,0,0,0,0,0,-14,-1004,26790812,11,-179,-74061216
20:37:23.582,0,0.0,0,0,0,0,0,3,-955,26790820,-50,401,-74061216
20:37:23.587,0,0.0,0,0,0,0,0,215,944,26790822,35,42,-74061216
20:37:23.592,0,0.0,0,0,0,0,0,-110,822,26790822,25,-143,-74061216
20:37:23.597,0,0.0,0,0,0,0,0,13,696,26790822,-55,1870,-74061216
20:37:23.602,0,0.0,0,0,0,0,0,-84,174,26790816,19,-92,-74061216
20:37:23.607,0,0.0,0,0,0,0,0,0,236,26790808,-40,-170,-74061216
20:37:23.612,0,0.0,0,0,0,0,0,3,923,26790822,-15,-249,-74061216
20:37:23.617,0,0.0,0,0,0,0,0,-7,944,26790822,28,-677,-74061232
20:37:23.622,0,0.0,0,0,0,0,0,-7,-501,26790816,8,1670,-74061216
20:37:23.627,0,0.0,0,0,0,0,0,-28,831,26790822,39,1027,-74061216
20:37:23.632,0,0.0,0,0,0,0,0,3,1033,26790822,32,-59,-74061216
20:37:23.637,0,0.0,0,0,0,0,0,-2,-996,26790812,28,-187,-74061216
20:37:23.642,0,0.0,0,0,0,0,0,11,-826,26790812,-69,-185,-74061216
20:37:23.647,0,0.0,0,0,0,0,0,6,-1541,26790808,53,-172,-74061216
20:37:23.652,0,0.0,0,0,0,0,0,-22,138,26790820,38,-239,-74061216
20:37:23.657,0,0.0,0,0,0,0,0,0,-514,26790816,37,-314,-74061216
20:37:23.663,0,0.0,0,0,0,0,0,7,337,26790820,59,-781,-74061232
20:37:23.668,0,0.0,0,0,0,0,0,11,-1698,26790808,-50,-301,-74061216
20:37:23.673,0,0.0,0,0,0,0,0,-9,-293,26790816,-53,-255,-74061216
20:37:23.678,0,0.0,0,0,0,0,0,23,-1777,26790808,32,1158,-74061216
20:37:23.683,0,0.0,0,0,0,0,0,-7,-1561,26790808,63,1766,-74061216
20:37:23.688,0,0.0,0,0,0,0,0,19,197,26790820,5,995,-74061216
20:37:23.693,0,0.0,0,0,0,0,0,-29,779,26790822,38,-52,-74061216
20:37:23.698,0,0.0,0,0,0,0,0,3,884,26790822,19,-625,-74061232
20:37:23.703,0,0.0,0,0,0,0,0,-9,719,26790822,-17,-117,-74061216
20:37:23.708,0,0.0,0,0,0,0,0,5,-921,26790812,57,-560,-74061232
20:37:23.713,0,0.0,0,0,0,0,0,-3,-1088,26790812,34,-99,-74061216
20:37:23.718,0,0.0,0,0,0,0,0,0,950,26790822,24,-132,-74061216
20:37:23.723,0,0.0,0,0,0,0,0,10,-612,26790816,56,-1274,-74061232
20:37:23.728,0,0.0,0,0,0,0,0,-6,-1663,26790808,-80,989,-74061216
20:37:23.733,0,0.0,0,0,0,0,0,-5,727,26790822,1,-152,-74061216
20:37:23.738,0,0.0,0,0,0,0,0,-9,-2164,26790802,30,5,-74061216
20:37:23.743,0,0.0,0,0,0,0,0,-22,-879,26790812,-28,-169,-74061216
20:37:23.749,0,0.0,0,0,0,0,0,-5,-313,26790816,-65,-147,-74061216
20:37:23.754,0,0.0,0,0,0,0,0,0,-438,26790816,30,-237,-74061216
20:37:23.759,0,0.0,0,0,0,0,0,5,888,26790822,4,-125,-74061216
20:37:23.764,0,0.0,0,0,0,0,0,-1,-369,26790816,-5,-187,-74061216
20:37:23.769,0,0.0,0,0,0,0,0,-9,809,26790822,-12,-230,-74061216
20:37:23.774,0,0.0,0,0,0,0,0,5,-1039,26790812,-6,439,-74061216
20:37:23.779,0,0.0,0,0,0,0,0,4,760,26790822,34,475,-74061216
20:37:23.784,0,0.0,0,0,0,0,0,22,864,26790822,-15,1626,-74061216
20:37:23.789,0,0.0,0,0,0,0,0,6,721,26790822,-12,-269,-74061216
20:37:23.794,0,0.0,0,0,0,0,0,1,723,26790822,34,-239,-74061216
20:37:23.799,0,0.0,0,0,0,0,0,5,849,26790822,10,-208,-74061216
20:37:23.804,0,0.0,0,0,0,0,0,8,712,26790822,-49,372,-74061216
20:37:23.809,0,0.0,0,0,0,0,0,-6,737,26790822,19,1028,-74061216
20:37:23.814,0,0.0,0,0,0,0,0,-28,-477,26790816,-75,-37,-74061216
20:37:23.819,0,0.0,0,0,0,0,0,-9,245,26790820,-43,1622,-74061216
20:37:23.824,0,0.0,0,0,0,0,0,-7,1352,26790828,-3,-306,-74061216
20:37:23.829,0,0.0,0,0,0,0,0,6,-1611,26790808,45,-189,-74061216
20:37:23.834,0,0.0,0,0,0,0,0,11,-517,26790816,-2,52,-74061216
20:37:23.840,0,0.0,0,0,0,0,0,15,-871,26790812,-10,-627,-74061232
20:37:23.845,0,0.0,0,0,0,0,0,-6,-1525,26790808,-10,-162,-74061216
20:37:23.850,0,0.0,0,0,0,0,0,-28,333,26790820,5,-205,-74061216
20:37:23.855,0,0.0,0,0,0,0,0,5,853,26790822,-26,-637,-74061232
20:37:23.860,0,0.0,0,0,0,0,0,3,283,26790820,-28,-183,-74061216
20:37:23.865,0,0.0,0,0,0,0,0,-3,914,26790822,-15,-629,-74061232
20:37:23.870,0,0.0,0,0,0,0,0,18,-1810,26790808,-1,-682,-74061232
20:37:23.875,0,0.0,0,0,0,0,0,1,-993,26790812,39,-182,-74061216
20:37:23.880,0,0.0,0,0,0,0,0,-13,785,26790822,4,-209,-74061216
20:37:23.885,0,0.0,0,0,0,0,0,26,209,26790820,11,490,-74061216
20:37:23.890,0,0.0,0,0,0,0,0,7,123,26790820,-60,-18,-74061216
20:37:23.895,0,0.0,0,0,0,0,0,3,94,26790820,-40,402,-74061216
20:37:23.900,0,0.0,0,0,0,0,0,1,769,26790822,-13,-688,-74061232
20:37:23.905,0,0.0,0,0,0,0,0,15,-572,26790816,65,-200,-74061216
20:37:23.910,0,0.0,0,0,0,0,0,18,895,26790822,24,-216,-74061216
20:37:23.915,0,0.0,0,0,0,0,0,-11,-414,26790816,46,482,-74061216
20:37:23.920,0,0.0,0,0,0,0,0,-37,310,26790820,-50,-665,-74061232
20:37:23.925,0,0.0,0,0,0,0,0,11,979,26790822,47,1210,-74061216
20:37:23.931,0,0.0,0,0,0,0,0,-4,-1076,26790812,-42,-585,-74061232
20:37:23.936,0,0.0,0,0,0,0,0,-2,215,26790820,26,-88,-74061216
20:37:23.941,0,0.0,0,0,0,0,0,-10,360,26790820,27,-263,-74061216
20:37:23.946,0,0.0,0,0,0,0,0,-56,904,26790822,48,-696,-74061232
20:37:23.951,0,0.0,0,0,0,0,0,-11,283,26790820,9,-609,-74061232
20:37:23.956,0,0.0,0,0,0,0,0,4,-872,26790812,-30,-574,-74061232
20:37:23.961,0,0.0,0,0,0,0,0,2,-1090,26790812,-42,-541,-74061232
20:37:23.966,0,0.0,0,0,0,0,0,0,-300,26790816,-20,-602,-74061232
20:37:23.971,0,0.0,0,0,0,0,0,-6,-369,26790816,-51,-582,-74061232
20:37:23.976,0,0.0,0,0,0,0,0,2,-1179,26790812,-9,-607,-74061232
20:37:23.981,0,0.0,0,0,0,0,0,4,720,26790822,15,1817,-74061216
20:37:23.986,0,0.0,0,0,0,0,0,11,-1607,26790808,34,-71,-74061216
20:37:23.991,0,0.0,0,0,0,0,0,8,279,26790820,20,26,-74061216
20:37:23.996,0,0.0,0,0,0,0,0,22,-475,26790816,-48,-623,-74061232
20:37:24.001,0,0.0,0,0,0,0,0,1,-428,26790816,-4,1110,-74061216
20:37:24.006,0,0.0,0,0,0,0,0,7,162,26790820,-38,-1871,-74061232
20:37:24.011,0,0.0,0,0,0,0,0,19,-421,26790816,-32,506,-74061216
20:37:24.016,0,0.0,0,0,0,0,0,6,760,26790822,15,-651,-74061232
20:37:24.021,0,0.0,0,0,0,0,0,-9,-430,26790816,25,-579,-74061232
20:37:24.027,0,0.0,0,0,0,0,0,-39,802,26790822,-111,1772,-74061216
20:37:24.032,0,0.0,0,0,0,0,0,-6,792,26790822,33,617,-74061216
20:37:24.037,0,0.0,0,0,0,0,0,7,249,26790820,17,-625,-74061232
20:37:24.042,0,0.0,0,0,0,0,0,-1,946,26790822,-36,-581,-74061232
20:37:24.047,0,0.0,0,0,0,0,0,8,-1102,26790812,50,-133,-74061216
20:37:24.052,0,0.0,0,0,0,0,0,-43,928,26790822,-2,-782,-74061232
20:37:24.057,0,0.0,0,0,0,0,0,21,325,26790820,-1,-691,-74061232
20:37:24.062,0,0.0,0,0,0,0,0,-14,-1728,26790808,70,-182,-74061216
20:37:24.067,0,0.0,0,0,0,0,0,5,202,26790820,23,-275,-74061216
20:37:24.072,0,0.0,0,0,0,0,0,4,396,26790820,20,17,-74061216
20:37:24.077,0,0.0,0,0,0,0,0,6,-880,26790812,49,-108,-74061216
20:37:24.082,0,0.0,0,0,0,0,0,-2,-271,26790816,3,-612,-74061232
20:37:24.087,0,0.0,0,0,0,0,0,-93,879,26790822,20,664,-74061216
20:37:24.092,0,0.0,0,0,0,0,0,-13,681,26790822,-27,-609,-74061232
20:37:24.097,0,0.0,0,0,0,0,0,-1,855,26790822,-21,-136,-74061216
20:37:24.102,0,0.0,0,0,0,0,0,-8,-1516,26790808,12,-545,-74061232
20:37:24.107,0,0.0,0,0,0,0,0,12,1409,26790828,62,452,-74061216
20:37:24.112,0,0.0,0,0,0,0,0,152,980,26790822,10,1905,-74061216
20:37:24.117,0,0.0,0,0,0,0,0,19,694,26790822,-4,1202,-74061216
20:37:24.123,0,0.0,0,0,0,0,0,9,-1545,26790808,-38,541,-74061216
20:37:24.128,0,0.0,0,0,0,0,0,-27,809,26790822,7,-639,-74061232
20:37:24.133,0,0.0,0,0,0,0,0,4,822,26790822,7,-148,-74061216
20:37:24.138,0,0.0,0,0,0,0,0,-9,207,26790820,45,-119,-74061216
20:37:24.143,0,0.0,0,0,0,0,0,-8,-1568,26790808,0,2381,-74061208
20:37:24.148,0,0.0,0,0,0,0,0,-6,-365,26790816,-68,1699,-74061216
20:37:24.153,0,0.0,0,0,0,0,0,-37,-1065,26790812,-43,-8,-74061216
20:37:24.158,0,0.0,0,0,0,0,0,-31,2144,26790830,-9,30,-74061216
20:37:24.163,0,0.0,0,0,0,0,0,-3,386,26790820,26,-24,-74061216
20:37:24.168,0,0.0,0,0,0,0,0,0,-406,26790816,11,60,-74061216
20:37:24.173,0,0.0,0,0,0,0,0,-1,821,26790822,-17,531,-74061216
20:37:24.178,0,0.0,0,0,0,0,0,-10,-891,26790812,-10,-565,-74061232
20:37:24.183,0,0.0,0,0,0,0,0,17,145,26790820,-21,-201,-74061216
20:37:24.188,0,0.0,0,0,0,0,0,9,889,26790822,41,-195,-74061216
20:37:24.193,0,0.0,0,0,0,0,0,11,-355,26790816,41,-711,-74061232
20:37:24.198,0,0.0,0,0,0,0,0,15,-369,26790816,14,-162,-74061216
20:37:24.203,0,0.0,0,0,0,0,0,-4,185,26790820,15,-31,-74061216
20:37:24.208,0,0.0,0,0,0,0,0,-12,928,26790822,-19,-163,-74061216
20:37:24.214,0,0.0,0,0,0,0,0,-4,-368,26790816,7,1910,-74061216
20:37:24.219,0,0.0,0,0,0,0,0,-8,335,26790820,4,-64,-74061216
20:37:24.224,0,0.0,0,0,0,0,0,22,-879,26790812,2,-677,-74061232
20:37:24.229,0,0.0,0,0,0,0,0,8,-368,26790816,-34,-184,-74061216
20:37:24.234,0,0.0,0,0,0,0,0,-4,-819,26790812,-54,-99,-74061216
20:37:24.239,0,0.0,0,0,0,0,0,-9,924,26790822,31,-59,-74061216
20:37:24.244,0,0.0,0,0,0,0,0,16,-208,26790816,-52,194,-74061216
20:37:24.249,0,0.0,0,0,0,0,0,9,1036,26790822,2,136,-74061216
20:37:24.254,0,0.0,0,0,0,0,0,13,-1447,26790808,28,259,-74061216
20:37:24.259,0,0.0,0,0,0,0,0,0,304,26790820,46,-430,-74061232
20:37:24.264,0,0.0,0,0,0,0,0,-9,256,26790820,31,64,-74061216
20:37:24.269,0,0.0,0,0,0,0,0,-12,357,26790820,42,851,-74061216
20:37:24.274,0,0.0,0,0,0,0,0,-5,765,26790822,90,45,-74061216
20:37:24.279,0,0.0,0,0,0,0,0,1,102,26790820,-19,12,-74061216
20:37:24.284,0,0.0,0,0,0,0,0,18,-563,26790816,-62,55,-74061216
20:37:24.289,0,0.0,0,0,0,0,0,-3,821,26790822,21,85,-74061216
20:37:24.294,0,0.0,0,0,0,0,0,3,68,26790820,-8,73,-74061216
20:37:24.299,0,0.0,0,0,0,0,0,-7,-1579,26790808,-23,178,-74061216
20:37:24.305,0,0.0,0,0,0,0,0,-12,962,26790822,41,856,-74061216
20:37:24.310,0,0.0,0,0,0,0,0,18,934,26790822,-12,1333,-74061216
20:37:24.315,0,0.0,0,0,0,0,0,13,309,26790820,26,-528,-74061232
20:37:24.320,0,0.0,0,0,0,0,0,-40,357,26790820,45,-354,-74061232
20:37:24.325,0,0.0,0,0,0,0,0,-6,277,26790820,-52,206,-74061216
20:37:24.330,0,0.0,0,0,0,0,0,-10,-939,26790812,2,66,-74061216
20:37:24.335,0,0.0,0,0,0,0,0,-11,216,26790820,26,913,-74061216
20:37:24.340,0,0.0,0,0,0,0,0,17,-493,26790816,-2,123,-74061216
20:37:24.345,0,0.0,0,0,0,0,0,-4,-449,26790816,-62,195,-74061216
20:37:24.350,0,0.0,0,0,0,0,0,-1,223,26790820,-57,-1086,-74061232
20:37:24.355,0,0.0,0,0,0,0,0,-22,306,26790820,2,-309,-74061232
20:37:24.360,0,0.0,0,0,0,0,0,-26,861,26790822,65,93,-74061216
20:37:24.365,0,0.0,0,0,0,0,0,5,785,26790822,60,-326,-74061232
20:37:24.370,0,0.0,0,0,0,0,0,13,358,26790820,-21,-255,-74061232
20:37:24.375,0,0.0,0,0,0,0,0,-16,-1009,26790812,79,-2219,-74061232
20:37:24.380,0,0.0,0,0,0,0,0,-24,932,26790822,-39,-252,-74061232
20:37:24.385,0,0.0,0,0,0,0,0,9,109,26790820,35,-302,-74061232
20:37:24.390,0,0.0,0,0,0,0,0,1,-1108,26790812,-33,935,-74061216
20:37:24.396,0,0.0,0,0,0,0,0,-2,-241,26790816,22,-303,-74061232
20:37:24.401,0,0.0,0,0,0,0,0,-7,-1515,26790808,-71,170,-74061216
20:37:24.406,0,0.0,0,0,0,0,0,15,-1481,26790808,7,188,-74061216
20:37:24.411,0,0.0,0,0,0,0,0,-9,206,26790820,-32,764,-74061216
20:37:24.416,0,0.0,0,0,0,0,0,-3,-947,26790812,50,-350,-74061232
20:37:24.421,0,0.0,0,0,0,0,0,15,-1088,26790812,-6,-130,-74061232
20:37:24.426,0,0.0,0,0,0,0,0,-24,708,26790822,-45,-132,-74061232
20:37:24.431,0,0.0,0,0,0,0,0,-14,288,26790820,6,-89,-74061232
20:37:24.436,0,0.0,0,0,0,0,0,-28,2756,26790836,0,15,-74061232
20:37:24.441,0,0.0,0,0,0,0,0,-1,-448,26790816,15,429,-74061216
20:37:24.446,0,0.0,0,0,0,0,0,0,830,26790822,61,-72,-74061232
20:37:24.451,0,0.0,0,0,0,0,0,17,-1059,26790812,-75,-800,-74061232
20:37:24.456,0,0.0,0,0,0,0,0,-27,741,26790822,0,-146,-74061232
20:37:24.461,0,0.0,0,0,0,0,0,-7,148,26790820,-14,29,-74061232
20:37:24.466,0,0.0,0,0,0,0,0,-51,892,26790822,37,447,-74061216
20:37:24.471,0,0.0,0,0,0,0,0,16,1346,26790828,41,-1319,-74061232
20:37:24.476,0,0.0,0,0,0,0,0,9,705,26790822,55,-31,-74061232
20:37:24.482,0,0.0,0,0,0,0,0,-3,707,26790822,-45,113,-74061232
20:37:24.487,0,0.0,0,0,0,0,0,-4,635,26790822,-23,582,-74061216
20:37:24.492,0,0.0,0,0,0,0,0,-19,810,26790822,0,-1232,-74061232
20:37:24.497,0,0.0,0,0,0,0,0,-20,66,26790820,21,155,-74061232
20:37:24.502,0,0.0,0,0,0,0,0,6,-1189,26790812,-43,3,-74061232
20:37:24.507,0,0.0,0,0,0,0,0,0,-1851,26790808,-56,137,-74061232
20:37:24.512,0,0.0,0,0,0,0,0,-3,-930,26790812,-64,128,-74061232
20:37:24.517,0,0.0,0,0,0,0,0,-9,-1150,26790812,-1,143,-74061232
20:37:24.522,0,0.0,0,0,0,0,0,10,658,26790822,26,91,-74061232
20:37:24.527,0,0.0,0,0,0,0,0,-17,836,26790822,-39,84,-74061232
20:37:24.532,0,0.0,0,0,0,0,0,2,311,26790820,-6,-1071,-74061232
20:37:24.537,0,0.0,0,0,0,0,0,-2,855,26790822,-29,191,-74061232
20:37:24.542,0,0.0,0,0,0,0,0,-6,-443,26790816,10,157,-74061232
20:37:24.547,0,0.0,0,0,0,0,0,-4,737,26790822,7,-495,-74061232
20:37:24.553,0,0.0,0,0,0,0,0,6,-957,26790812,19,-1289,-74061232
20:37:24.558,0,0.0,0,0,0,0,0,3,889,26790822,9,588,-74061216
20:37:24.563,0,0.0,0,0,0,0,0,-4,-1620,26790808,59,133,-74061232
20:37:24.568,0,0.0,0,0,0,0,0,6,-1572,26790808,13,534,-74061216
20:37:24.573,0,0.0,0,0,0,0,0,-8,-1887,26790808,15,133,-74061232
20:37:24.578,0,0.0,0,0,0,0,0,-5,-402,26790816,-40,132,-74061232
20:37:24.583,0,0.0,0,0,0,0,0,-61,227,26790820,-73,91,-74061232
20:37:24.588,0,0.0,0,0,0,0,0,-15,684,26790822,35,34,-74061232
20:37:24.593,0,0.0,0,0,0,0,0,1,-393,26790816,-47,72,-74061232
20:37:24.598,0,0.0,0,0,0,0,0,-29,1957,26790830,-44,622,-74061216
20:37:24.603,0,0.0,0,0,0,0,0,0,942,26790822,-60,604,-74061216
20:37:24.608,0,0.0,0,0,0,0,0,-48,317,26790820,20,671,-74061216
20:37:24.613,0,0.0,0,0,0,0,0,-17,721,26790822,60,625,-74061216
20:37:24.618,0,0.0,0,0,0,0,0,-5,-1110,26790812,-32,552,-74061216
20:37:24.623,0,0.0,0,0,0,0,0,-7,694,26790822,0,125,-74061232
20:37:24.628,0,0.0,0,0,0,0,0,17,-989,26790812,15,53,-74061232
20:37:24.634,0,0.0,0,0,0,0,0,-6,846,26790822,31,124,-74061232
20:37:24.639,0,0.0,0,0,0,0,0,0,699,26790822,55,534,-74061216
20:37:24.644,0,0.0,0,0,0,0,0,1,608,26790822,-9,103,-74061232
20:37:24.649,0,0.0,0,0,0,0,0,8,792,26790822,22,159,-74061232
20:37:24.654,0,0.0,0,0,0,0,0,-8,770,26790822,-57,566,-74061216
20:37:24.659,0,0.0,0,0,0,0,0,14,217,26790820,0,179,-74061232
20:37:24.664,0,0.0,0,0,0,0,0,-1,348,26790820,15,28,-74061232
20:37:24.669,0,0.0,0,0,0,0,0,-5,702,26790822,45,611,-74061216
20:37:24.674,0,0.0,0,0,0,0,0,0,185,26790820,11,-1731,-74061232
20:37:24.679,0,0.0,0,0,0,0,0,-4,-1672,26790808,74,-1107,-74061232
20:37:24.684,0,0.0,0,0,0,0,0,13,246,26790820,-18,141,-74061232
20:37:24.689,0,0.0,0,0,0,0,0,-17,-487,26790816,23,535,-74061216
20:37:24.694,0,0.0,0,0,0,0,0,-5,-527,26790816,0,100,-74061232
20:37:24.699,0,0.0,0,0,0,0,0,11,-1038,26790812,-45,243,-74061232
20:37:24.704,0,0.0,0,0,0,0,0,10,-1596,26790808,-58,274,-74061232
20:37:24.709,0,0.0,0,0,0,0,0,14,761,26790822,-61,636,-74061216
20:37:24.714,0,0.0,0,0,0,0,0,-9,-1639,26790808,6,-1023,-74061232
20:37:24.720,0,0.0,0,0,0,0,0,-1,890,26790822,3,235,-74061232
20:37:24.725,0,0.0,0,0,0,0,0,6,641,26790822,32,151,-74061232
20:37:24.730,0,0.0,0,0,0,0,0,0,925,26790822,13,301,-74061232
20:37:24.735,0,0.0,0,0,0,0,0,-2,-1034,26790812,-32,311,-74061232
20:37:24.740,0,0.0,0,0,0,0,0,2,813,26790822,-39,-546,-74061232
20:37:24.745,0,0.0,0,0,0,0,0,-20,128,26790820,-63,176,-74061232
20:37:24.750,0,0.0,0,0,0,0,0,7,-1645,26790808,51,236,-74061232
20:37:24.755,0,0.0,0,0,0,0,0,7,725,26790822,24,-1168,-74061232
20:37:24.760,0,0.0,0,0,0,0,0,10,-1799,26790808,17,707,-74061216
20:37:24.765,0,0.0,0,0,0,0,0,-14,694,26790822,-9,140,-74061232
20:37:24.770,0,0.0,0,0,0,0,0,-1,936,26790822,-63,-1010,-74061232
20:37:24.775,0,0.0,0,0,0,0,0,5,765,26790822,37,-1742,-74061232
20:37:24.780,0,0.0,0,0,0,0,0,20,-1085,26790812,53,684,-74061216
20:37:24.785,0,0.0,0,0,0,0,0,-1,263,26790820,15,551,-74061216
20:37:24.790,0,0.0,0,0,0,0,0,-5,720,26790822,69,533,-74061216
20:37:24.795,0,0.0,0,0,0,0,0,1,-1647,26790808,-10,-1170,-74061232
20:37:24.801,0,0.0,0,0,0,0,0,2,743,26790822,8,-1219,-74061232
20:37:24.806,0,0.0,0,0,0,0,0,-2,1327,26790828,-3,-2401,-74061248
20:37:24.811,0,0.0,0,0,0,0,0,8,-405,26790816,-47,588,-74061216
20:37:24.816,0,0.0,0,0,0,0,0,10,988,26790822,2,-1096,-74061232
20:37:24.821,0,0.0,0,0,0,0,0,12,867,26790822,13,697,-74061216
20:37:24.826,0,0.0,0,0,0,0,0,-3,-1181,26790812,-71,-1024,-74061232
20:37:24.831,0,0.0,0,0,0,0,0,16,41,26790820,2,672,-74061216
20:37:24.836,0,0.0,0,0,0,0,0,-6,290,26790820,-59,71,-74061232
20:37:24.841,0,0.0,0,0,0,0,0,5,-1573,26790808,8,556,-74061216
20:37:24.846,0,0.0,0,0,0,0,0,2,691,26790822,9,112,-74061232
20:37:24.851,0,0.0,0,0,0,0,0,-2,2057,26790830,38,569,-74061216
20:37:24.856,0,0.0,0,0,0,0,0,4,-1323,26790812,-44,507,-74061216
20:37:24.861,0,0.0,0,0,0,0,0,-2,692,26790822,37,95,-74061232
20:37:24.866,0,0.0,0,0,0,0,0,-6,827,26790822,-50,653,-74061216
20:37:24.871,0,0.0,0,0,0,0,0,-30,653,26790822,-15,625,-74061216
20:37:24.876,0,0.0,0,0,0,0,0,-4,239,26790820,-2,214,-74061232
20:37:24.881,0,0.0,0,0,0,0,0,7,671,26790822,37,718,-74061216
20:37:24.887,0,0.0,0,0,0,0,0,-3,-444,26790816,-81,643,-74061216
20:37:24.892,0,0.0,0,0,0,0,0,0,592,26790822,55,-1541,-74061232
20:37:24.897,0,0.0,0,0,0,0,0,9,-47,26790820,30,-2206,-74061248
20:37:24.902,0,0.0,0,0,0,0,0,-7,794,26790822,17,705,-74061216
20:37:24.907,0,0.0,0,0,0,0,0,-11,-978,26790812,-49,656,-74061216
20:37:24.912,0,0.0,0,0,0,0,0,-9,873,26790822,-13,-1681,-74061232
20:37:24.917,0,0.0,0,0,0,0,0,-10,-1732,26790808,-41,217,-74061232
20:37:24.922,0,0.0,0,0,0,0,0,4,661,26790822,0,101,-74061232
20:37:24.927,0,0.0,0,0,0,0,0,19,-1218,26790812,33,671,-74061216
20:37:24.932,0,0.0,0,0,0,0,0,0,294,26790820,4,746,-74061216
20:37:24.937,0,0.0,0,0,0,0,0,-4,271,26790820,-14,-218,-74061232
20:37:24.942,0,0.0,0,0,0,0,0,16,-1618,26790808,-14,907,-74061216
20:37:24.947,0,0.0,0,0,0,0,0,4,886,26790822,17,390,-74061232
20:37:24.952,0,0.0,0,0,0,0,0,-15,-1058,26790812,-6,858,-74061216
20:37:24.957,0,0.0,0,0,0,0,0,115,237,26790820,-64,-965,-74061232
20:37:24.962,0,0.0,0,0,0,0,0,-7,-1134,26790812,-77,-263,-74061232
20:37:24.968,0,0.0,0,0,0,0,0,7,787,26790822,68,249,-74061232
20:37:24.973,0,0.0,0,0,0,0,0,-2,-460,26790816,-54,211,-74061232
20:37:24.978,0,0.0,0,0,0,0,0,-111,1240,26790828,-35,188,-74061232
20:37:24.983,0,0.0,0,0,0,0,0,16,623,26790822,-41,-1838,-74061232
20:37:24.988,0,0.0,0,0,0,0,0,-74,1129,26790828,83,2573,-74061216
20:37:24.993,0,0.0,0,0,0,0,0,-13,143,26790820,2,666,-74061216
20:37:24.998,0,0.0,0,0,0,0,0,-4,77,26790820,56,-1529,-74061232
20:37:25.003,0,0.0,0,0,0,0,0,12,102,26790820,0,341,-74061232
20:37:25.008,0,0.0,0,0,0,0,0,4,-1707,26790808,-19,-280,-74061232
20:37:25.013,0,0.0,0,0,0,0,0,0,731,26790822,-8,388,-74061232
20:37:25.018,0,0.0,0,0,0,0,0,0,603,26790822,-36,-1705,-74061232
20:37:25.023,0,0.0,0,0,0,0,0,-7,88,26790820,23,346,-74061232
20:37:25.028,0,0.0,0,0,0,0,0,4,626,26790822,41,281,-74061232
20:37:25.033,0,0.0,0,0,0,0,0,-8,-1026,26790812,55,-1680,-74061232
20:37:25.038,0,0.0,0,0,0,0,0,11,-1808,26790808,-4,-1463,-74061232
20:37:25.044,0,0.0,0,0,0,0,0,8,-518,26790816,-42,372,-74061232
20:37:25.049,0,0.0,0,0,0,0,0,7,-462,26790816,-69,156,-74061232
20:37:25.054,0,0.0,0,0,0,0,0,-7,1464,26790828,33,-1016,-74061232
20:37:25.059,0,0.0,0,0,0,0,0,197,745,26790822,-3,407,-74061232
20:37:25.064,0,0.0,0,0,0,0,0,4,26,26790820,-32,393,-74061232
20:37:25.069,0,0.0,0,0,0,0,0,-5,-1277,26790812,24,414,-74061232
20:37:25.074,0,0.0,0,0,0,0,0,5,-381,26790816,63,786,-74061216
20:37:25.079,0,0.0,0,0,0,0,0,-19,-608,26790808,31,-1725,-74061232
20:37:25.084,0,0.0,0,0,0,0,0,8,-1010,26790812,-27,823,-74061216
20:37:25.089,0,0.0,0,0,0,0,0,7,-421,26790816,-10,810,-74061216
20:37:25.094,0,0.0,0,0,0,0,0,4,679,26790822,28,-824,-74061232
20:37:25.099,0,0.0,0,0,0,0,0,3,607,26790822,17,-1638,-74061232
20:37:25.104,0,0.0,0,0,0,0,0,-6,-589,26790816,7,392,-74061232
20:37:25.109,0,0.0,0,0,0,0,0,-3,-1907,26790808,28,210,-74061232
20:37:25.114,0,0.0,0,0,0,0,0,2,734,26790822,9,913,-74061216
20:37:25.119,0,0.0,0,0,0,0,0,7,-1228,26790812,24,-463,-74061232
20:37:25.124,0,0.0,0,0,0,0,0,22,1369,26790828,15,-1580,-74061232
20:37:25.129,0,0.0,0,0,0,0,0,-11,-1065,26790812,-12,875,-74061216
20:37:25.135,0,0.0,0,0,0,0,0,15,226,26790820,46,-1454,-74061232
20:37:25.140,0,0.0,0,0,0,0,0,-2,685,26790822,84,-217,-74061232
20:37:25.145,0,0.0,0,0,0,0,0,-5,513,26790822,13,-1642,-74061232
20:37:25.150,0,0.0,0,0,0,0,0,-19,2514,26790836,-12,-120,-74061232
20:37:25.155,0,0.0,0,0,0,0,0,-1,716,26790822,-2,876,-74061216
20:37:25.160,0,0.0,0,0,0,0,0,2,89,26790820,17,-899,-74061232
20:37:25.165,0,0.0,0,0,0,0,0,3,200,26790820,37,369,-74061232
20:37:25.170,0,0.0,0,0,0,0,0,62,-413,26790816,44,375,-74061232
20:37:25.175,0,0.0,0,0,0,0,0,-30,-1122,26790812,17,-1508,-74061232
20:37:25.180,0,0.0,0,0,0,0,0,0,829,26790822,12,-315,-74061232
20:37:25.185,0,0.0,0,0,0,0,0,13,914,26790822,-2,-1603,-74061232
20:37:25.190,0,0.0,0,0,0,0,0,17,809,26790822,39,391,-74061232
20:37:25.195,0,0.0,0,0,0,0,0,-8,603,26790822,-53,838,-74061216
20:37:25.200,0,0.0,0,0,0,0,0,0,65,26790820,-39,-2148,-74061248
20:37:25.205,0,0.0,0,0,0,0,0,-54,181,26790820,-16,332,-74061232
20:37:25.210,0,0.0,0,0,0,0,0,9,563,26790822,23,278,-74061232
20:37:25.216,0,0.0,0,0,0,0,0,-1,161,26790820,-45,-140,-74061232
20:37:25.221,0,0.0,0,0,0,0,0,-1,1176,26790828,59,-2068,-74061248
20:37:25.226,0,0.0,0,0,0,0,0,-16,771,26790822,0,322,-74061232
20:37:25.231,0,0.0,0,0,0,0,0,-59,2437,26790836,-49,345,-74061232
20:37:25.236,0,0.0,0,0,0,0,0,-9,701,26790822,-41,867,-74061216
20:37:25.241,0,0.0,0,0,0,0,0,-7,-581,26790816,-43,439,-74061232
20:37:25.246,0,0.0,0,0,0,0,0,-7,48,26790820,-12,473,-74061232
20:37:25.251,0,0.0,0,0,0,0,0,131,-1910,26790808,-51,-882,-74061232
20:37:25.256,0,0.0,0,0,0,0,0,6,664,26790822,13,945,-74061216
20:37:25.261,0,0.0,0,0,0,0,0,1,-631,26790816,-14,979,-74061216
20:37:25.266,0,0.0,0,0,0,0,0,-8,865,26790822,4,-870,-74061232
20:37:25.271,0,0.0,0,0,0,0,0,7,841,26790822,28,453,-74061232
20:37:25.276,0,0.0,0,0,0,0,0,-30,-1623,26790808,2,474,-74061232
20:37:25.281,0,0.0,0,0,0,0,0,-5,724,26790822,-10,512,-74061232
20:37:25.286,0,0.0,0,0,0,0,0,15,-456,26790816,-72,590,-74061232
20:37:25.291,0,0.0,0,0,0,0,0,1,190,26790820,30,964,-74061232
20:37:25.296,0,0.0,0,0,0,0,0,-1,1353,26790828,-12,322,-74061232
20:37:25.302,0,0.0,0,0,0,0,0,-5,78,26790820,26,-389,-74061232
20:37:25.307,0,0.0,0,0,0,0,0,0,-1684,26790808,-46,-1697,-74061232
20:37:25.312,0,0.0,0,0,0,0,0,7,-1558,26790808,17,-1745,-74061232
20:37:25.317,0,0.0,0,0,0,0,0,-3,-1614,26790822,26,111,-74061232
20:37:25.322,0,0.0,0,0,0,0,0,-16,136,26790820,-33,315,-74061232
20:37:25.327,0,0.0,0,0,0,0,0,-12,-520,26790816,26,390,-74061232
20:37:25.332,0,0.0,0,0,0,0,0,-7,759,26790822,29,365,-74061232
20:37:25.337,0,0.0,0,0,0,0,0,-14,611,26790822,-75,-732,-74061232
20:37:25.342,0,0.0,0,0,0,0,0,0,-483,26790812,11,-1398,-74061232
20:37:25.347,0,0.0,0,0,0,0,0,-4,675,26790822,19,427,-74061232
20:37:25.352,0,0.0,0,0,0,0,0,-6,-1030,26790812,31,544,-74061232
20:37:25.357,0,0.0,0,0,0,0,0,-10,852,26790822,61,467,-74061232
20:37:25.362,0,0.0,0,0,0,0,0,-7,637,26790822,23,381,-74061232
20:37:25.367,0,0.0,0,0,0,0,0,5,768,26790822,35,349,-74061232
20:37:25.372,0,0.0,0,0,0,0,0,13,-560,26790816,46,-821,-74061232
20:37:25.377,0,0.0,0,0,0,0,0,8,-1155,26790812,-12,-25,-74061232
20:37:25.382,0,0.0,0,0,0,0,0,14,563,26790822,-7,-102,-74061232
20:37:25.388,0,0.0,0,0,0,0,0,-6,-1222,26790812,6,691,-74061232
20:37:25.393,0,0.0,0,0,0,0,0,3,808,26790822,-79,796,-74061232
20:37:25.398,0,0.0,0,0,0,0,0,5,1226,26790828,13,273,-74061232
20:37:25.403,0,0.0,0,0,0,0,0,19,-645,26790816,63,-490,-74061232
20:37:25.408,0,0.1,0,0,0,0,0,2,-1214,26790812,-25,884,-74061232
20:37:25.413,0,0.1,0,0,0,0,0,-8,-718,26790816,-60,161,-74061232
20:37:25.418,0,0.1,0,0,0,0,0,3,-1772,26790808,32,-1137,-74061232
20:37:25.423,0,0.1,0,0,0,0,0,29,138,26790820,-6,868,-74061232
20:37:25.428,0,0.1,0,0,0,0,0,-18,-1283,26790812,19,-895,-74061232
20:37:25.433,0,0.1,0,0,0,0,0,-24,-1727,26790808,10,-1534,-74061248
20:37:25.438,0,0.1,0,0,0,0,0,156,715,26790822,-55,873,-74061232
20:37:25.443,0,0.1,0,0,0,0,0,2,200,26790820,-56,98,-74061232
20:37:25.448,0,0.1,0,0,0,0,0,5,-1131,26790812,39,-1067,-74061232
20:37:25.453,0,0.1,0,0,0,0,0,5,752,26790822,-10,-1007,-74061232
20:37:25.458,0,0.1,0,0,0,0,0,-5,-577,26790816,15,861,-74061232
20:37:25.463,0,0.1,0,0,0,0,0,-1,-1676,26790808,-45,-1503,-74061248
20:37:25.469,0,0.1,0,0,0,0,0,8,9,26790820,-28,315,-74061232
20:37:25.474,0,0.1,0,0,0,0,0,20,131,26790820,7,-988,-74061232
20:37:25.479,0,0.1,0,0,0,0,0,-8,700,26790822,-3,-315,-74061232
20:37:25.484,0,0.1,0,0,0,0,0,-5,623,26790822,-25,-471,-74061232
20:37:25.489,0,0.1,0,0,0,0,0,0,-1672,26790808,33,869,-74061232
20:37:25.494,0,0.1,0,0,0,0,0,-2,1260,26790828,61,741,-74061232
20:37:25.499,0,0.1,0,0,0,0,0,-5,753,26790822,9,1376,-74061216
20:37:25.504,0,0.1,0,0,0,0,0,-6,271,26790820,6,890,-74061232
20:37:25.509,0,0.1,0,0,0,0,0,10,-1621,26790808,13,-348,-74061232
20:37:25.514,0,0.1,0,0,0,0,0,1,-1619,26790808,-39,385,-74061232
20:37:25.519,0,0.1,0,0,0,0,0,-10,1368,26790828,28,897,-74061232
20:37:25.524,0,0.1,0,0,0,0,0,-1,821,26790822,-11,-1524,-74061248
20:37:25.529,0,0.1,0,0,0,0,0,0,223,26790820,-79,-924,-74061232
20:37:25.534,0,0.1,0,0,0,0,0,1,76,26790820,33,-279,-74061232
20:37:25.539,0,0.1,0,0,0,0,0,4,1329,26790828,21,1330,-74061216
20:37:25.545,0,0.1,0,0,0,0,0,7,675,26790822,31,658,-74061232
20:37:25.550,0,0.1,0,0,0,0,0,-16,263,26790820,54,-1055,-74061232
20:37:25.555,0,0.1,0,0,0,0,0,-8,862,26790822,-43,1449,-74061216
20:37:25.560,0,0.1,0,0,0,0,0,-5,-516,26790816,-58,232,-74061232
20:37:25.565,0,0.1,0,0,0,0,0,13,-1598,26790808,-58,108,-74061232
20:37:25.570,0,0.1,0,0,0,0,0,-10,787,26790822,43,545,-74061232
20:37:25.575,0,0.1,0,0,0,0,0,0,2066,26790830,-38,686,-74061232
20:37:25.580,0,0.1,0,0,0,0,0,-2,805,26790822,-4,-1105,-74061232
20:37:25.585,0,0.1,0,0,0,0,0,22,868,26790822,-10,946,-74061232
20:37:25.590,0,0.1,0,0,0,0,0,-1,73,26790820,18,80,-74061232
20:37:25.595,0,0.1,0,0,0,0,0,6,-1731,26790808,-23,837,-74061232
20:37:25.600,0,0.1,0,0,0,0,0,3,633,26790822,-34,766,-74061232
20:37:25.605,0,0.1,0,0,0,0,0,5,-1016,26790812,-64,597,-74061232
20:37:25.610,0,0.1,0,0,0,0,0,24,52,26790820,55,361,-74061232
20:37:25.615,0,0.1,0,0,0,0,0,2,676,26790822,-12,-563,-74061232
20:37:25.620,0,0.1,0,0,0,0,0,-1,-456,26790816,19,1375,-74061216
20:37:25.625,0,0.1,0,0,0,0,0,-1,794,26790822,-42,-1180,-74061232
20:37:25.631,0,0.1,0,0,0,0,0,-14,-1159,26790812,73,13,-74061232
20:37:25.636,0,0.1,0,0,0,0,0,-3,655,26790822,42,-1335,-74061232
20:37:25.641,0,0.1,0,0,0,0,0,-1,640,26790822,34,-1436,-74061232
20:37:25.646,0,0.1,0,0,0,0,0,139,-123,26790820,-10,-1210,-74061232
20:37:25.651,0,0.1,0,0,0,0,0,-10,-1294,26790812,38,1347,-74061216
20:37:25.656,0,0.1,0,0,0,0,0,-7,85,26790820,19,1309,-74061216
20:37:25.661,0,0.1,0,0,0,0,0,9,823,26790822,-53,197,-74061232
20:37:25.666,0,0.1,0,0,0,0,0,1,-480,26790816,13,1299,-74061216
20:37:25.671,0,0.1,0,0,0,0,0,-6,140,26790820,42,866,-74061232
20:37:25.676,0,0.1,0,0,0,0,0,1,721,26790822,-50,-509,-74061232
20:37:25.681,0,0.1,0,0,0,0,0,-2,-1107,26790812,30,-433,-74061232
20:37:25.686,0,0.0,0,0,0,0,0,20,680,26790822,-6,882,-74061232
20:37:25.691,0,0.0,0,0,0,0,0,-9,-522,26790816,-3,697,-74061232
20:37:25.696,0,0.1,0,0,0,0,0,-3,-608,26790816,-6,934,-74061232
20:37:25.701,0,0.1,0,0,0,0,0,-14,1160,26790828,-19,141,-74061232
20:37:25.706,0,0.1,0,0,0,0,0,-18,-1193,26790812,67,-1163,-74061232
20:37:25.711,0,0.1,0,0,0,0,0,4,799,26790822,50,1326,-74061216
20:37:25.716,0,0.1,0,0,0,0,0,8,-528,26790816,-36,725,-74061232
20:37:25.722,0,0.1,0,0,0,0,0,3,-1316,26790812,14,888,-74061232
20:37:25.727,0,0.1,0,0,0,0,0,0,-670,26790816,-78,-1147,-74061232
20:37:25.732,0,0.1,0,0,0,0,0,-4,-1758,26790808,41,-356,-74061232
20:37:25.737,0,0.1,0,0,0,0,0,-86,223,26790820,-90,954,-74061232
20:37:25.742,0,0.1,0,0,0,0,0,-2,-1703,26790808,-32,-238,-74061232
20:37:25.747,0,0.1,0,0,0,0,0,-12,1385,26790828,-2,-1582,-74061248
20:37:25.752,0,0.0,0,0,0,0,0,5,-534,26790816,-88,1015,-74061232
20:37:25.757,0,0.1,0,0,0,0,0,-2,-395,26790816,6,-450,-74061232
20:37:25.762,0,0.1,0,0,0,0,0,-2,-750,26790816,13,-933,-74061232
20:37:25.767,0,0.1,0,0,0,0,0,7,599,26790822,-14,894,-74061232
20:37:25.772,0,0.1,0,0,0,0,0,1,735,26790822,-69,1043,-74061232
20:37:25.777,0,0.1,0,0,0,0,0,4,-1743,26790808,15,824,-74061232
20:37:25.782,0,0.1,0,0,0,0,0,3,100,26790820,-23,-1016,-74061232
20:37:25.787,0,0.1,0,0,0,0,0,2,113,26790820,16,929,-74061232
20:37:25.792,0,0.1,0,0,0,0,0,1,314,26790820,-71,935,-74061232
20:37:25.797,0,0.1,0,0,0,0,0,1,959,26790822,-54,-971,-74061232
20:37:25.803,0,0.1,0,0,0,0,0,-4,38,26790820,55,223,-74061232
20:37:25.808,0,0.0,0,0,0,0,0,17,621,26790822,-69,-490,-74061232
20:37:25.813,0,0.0,0,0,0,0,0,-9,736,26790822,56,837,-74061232
20:37:25.818,0,0.0,0,0,0,0,0,6,1158,26790828,26,-1751,-74061248
20:37:25.823,0,0.0,0,0,0,0,0,0,-1768,26790808,-79,1606,-74061216
20:37:25.828,0,0.0,0,0,0,0,0,-4,163,26790820,-10,874,-74061232
20:37:25.833,0,0.0,0,0,0,0,0,-4,622,26790822,-18,1414,-74061216
20:37:25.838,0,0.0,0,0,0,0,0,0,-617,26790816,-39,-288,-74061232
20:37:25.843,0,0.1,0,0,0,0,0,-18,-540,26790816,24,856,-74061232
20:37:25.848,0,0.1,0,0,0,0,0,3,625,26790822,0,747,-74061232
20:37:25.853,0,0.0,0,0,0,0,0,-5,62,26790820,57,-1053,-74061232
20:37:25.858,0,0.0,0,0,0,0,0,-2,-1092,26790812,6,-1135,-74061232
20:37:25.863,0,0.0,0,0,0,0,0,5,75,26790820,19,1376,-74061216
20:37:25.868,0,0.0,0,0,0,0,0,-19,-422,26790816,18,-518,-74061232
20:37:25.873,0,0.0,0,0,0,0,0,-23,709,26790822,-52,755,-74061232
20:37:25.878,0,0.0,0,0,0,0,0,1,-395,26790816,-36,533,-74061232
20:37:25.884,0,0.0,0,0,0,0,0,6,117,26790820,-64,622,-74061232
20:37:25.889,0,0.0,0,0,0,0,0,-9,556,26790822,60,69,-74061232
20:37:25.894,0,0.0,0,0,0,0,0,-5,615,26790822,-50,834,-74061232
20:37:25.899,0,0.0,0,0,0,0,0,1,-358,26790816,29,-1158,-74061232
20:37:25.904,0,0.0,0,0,0,0,0,-3,-1706,26790808,67,-1603,-74061248
20:37:25.909,0,0.0,0,0,0,0,0,1,680,26790822,-12,-1093,-74061232
20:37:25.914,0,0.0,0,0,0,0,0,1,677,26790822,32,-525,-74061232
20:37:25.914,0,0.0,0,0,0,0,0,-27,39,26790820,27,1306,-74061216
20:37:25.919,0,0.0,0,0,0,0,0,1,95,26790820,39,586,-74061232
20:37:25.924,0,0.0,0,0,0,0,0,-17,738,26790822,-1,1348,-74061216
20:37:25.929,0,0.0,0,0,0,0,0,34,29,26790820,-68,-1772,-74061248
20:37:25.934,0,0.0,0,0,0,0,0,1,684,26790822,22,-471,-74061232
20:37:25.939,0,0.0,0,0,0,0,0,12,-62,26790820,-4,706,-74061232
20:37:25.945,0,0.0,0,0,0,0,0,5,-1187,26790812,15,1240,-74061216
20:37:25.950,0,0.0,0,0,0,0,0,-5,-1804,26790808,20,767,-74061232
20:37:25.955,0,0.0,0,0,0,0,0,-4,1339,26790828,-25,840,-74061232
20:37:25.960,0,0.0,0,0,0,0,0,16,548,26790822,-49,-1251,-74061232
20:37:25.970,0,0.0,0,0,0,0,0,1,715,26790822,-12,598,-74061232
20:37:25.975,0,0.0,0,0,0,0,0,4,-3,26790820,31,-1055,-74061232
20:37:25.980,0,0.0,0,0,0,0,0,-10,-1102,26790812,39,-422,-74061232
20:37:25.985,0,0.0,0,0,0,0,0,-5,28,26790820,-45,170,-74061232
20:37:25.985,0,0.0,0,0,0,0,0,-22,508,26790822,-77,587,-74061232
20:37:25.990,0,0.0,0,0,0,0,0,15,-481,26790816,-34,-610,-74061232
20:37:25.995,0,0.0,0,0,0,0,0,1,583,26790822,-38,836,-74061232
20:37:26.000,0,0.0,0,0,0,0,0,11,237,26790820,54,-1561,-74061248
20:37:26.005,0,0.0,0,0,0,0,0,0,-1291,26790812,3,782,-74061232
20:37:26.010,0,0.0,0,0,0,0,0,-4,-1323,26790812,55,607,-74061232
20:37:26.016,0,0.0,0,0,0,0,0,3,1353,26790828,-11,-1225,-74061232
20:37:26.021,0,0.0,0,0,0,0,0,18,-1228,26790812,20,700,-74061232
20:37:26.026,0,0.0,0,0,0,0,0,-6,30,26790820,2,-1220,-74061232
20:37:26.031,0,0.0,0,0,0,0,0,23,733,26790822,-2,878,-74061232
20:37:26.036,0,0.0,0,0,0,0,0,-1,216,26790820,-12,810,-74061232
20:37:26.041,0,0.0,0,0,0,0,0,-14,693,26790822,-44,53,-74061232
20:37:26.046,0,0.0,0,0,0,0,0,-5,793,26790822,76,1253,-74061216
20:37:26.051,0,0.0,0,0,0,0,0,6,213,26790820,-81,782,-74061232
20:37:26.056,0,0.0,0,0,0,0,0,-6,-422,26790816,-71,837,-74061232
20:37:26.061,0,0.0,0,0,0,0,0,-22,479,26790822,2,922,-74061232
20:37:26.066,0,0.0,0,0,0,0,0,5,120,26790820,9,-1141,-74061232
20:37:26.071,0,0.0,0,0,0,0,0,-12,129,26790820,87,793,-74061232
20:37:26.076,0,0.0,0,0,0,0,0,10,707,26790822,24,-863,-74061232
20:37:26.081,0,0.0,0,0,0,0,0,12,-1119,26790812,-9,-1324,-74061232
20:37:26.086,0,0.0,0,0,0,0,0,-12,651,26790822,-27,1162,-74061216
20:37:26.091,0,0.0,0,0,0,0,0,-6,-490,26790816,-70,759,-74061232
20:37:26.097,0,0.0,0,0,0,0,0,-1,46,26790820,11,-443,-74061232
20:37:26.102,0,0.0,0,0,0,0,0,2,723,26790822,13,-1239,-74061232
20:37:26.107,0,0.0,0,0,0,0,0,-2,714,26790822,-41,-417,-74061232
20:37:26.112,0,0.0,0,0,0,0,0,0,-74,26790820,-8,-1144,-74061232
20:37:26.117,0,0.0,0,0,0,0,0,25,-635,26790816,-8,1311,-74061216
20:37:26.122,0,0.0,0,0,0,0,0,16,-501,26790816,2,-1182,-74061232
20:37:26.127,0,0.0,0,0,0,0,0,11,626,26790822,-112,-465,-74061232
20:37:26.132,0,0.0,0,0,0,0,0,-51,1868,26790830,44,831,-74061232
20:37:26.137,0,0.0,0,0,0,0,0,17,711,26790822,-40,937,-74061232
20:37:26.142,0,0.0,0,0,0,0,0,8,842,26790822,39,-1015,-74061232
20:37:26.147,0,0.0,0,0,0,0,0,-13,780,26790822,17,771,-74061232
20:37:26.152,0,0.0,0,0,0,0,0,5,-1655,26790808,65,1123,-74061216
20:37:26.158,0,0.0,0,0,0,0,0,-1,605,26790822,-79,1267,-74061248
20:37:26.163,0,0.0,0,0,0,0,0,0,47,26790820,-6,-1637,-74061248
20:37:26.168,0,0.0,0,0,0,0,0,-1,156,26790820,-30,714,-74061232
20:37:26.173,0,0.0,0,0,0,0,0,-2,631,26790822,-32,-1145,-74061232
20:37:26.178,0,0.0,0,0,0,0,0,2,-1710,26790808,-23,1103,-74061216
20:37:26.183,0,0.0,0,0,0,0,0,64,634,26790822,-97,-1147,-74061232
20:37:26.188,0,0.0,0,0,0,0,0,-2,644,26790822,-59,793,-74061232
20:37:26.193,0,0.0,0,0,0,0,0,3,-1679,26790808,-1,246,-74061232
20:37:26.198,0,0.0,0,0,0,0,0,0,-47,26790820,10,1025,-74061232
20:37:26.203,0,0.0,0,0,0,0,0,15,589,26790822,-88,-1558,-74061248
20:37:26.208,0,0.0,0,0,0,0,0,25,-1713,26790808,-56,1463,-74061216
20:37:26.213,0,0.0,0,0,0,0,0,-2,-1192,26790812,11,-499,-74061232
20:37:26.218,0,0.0,0,0,0,0,0,10,648,26790822,-26,739,-74061232
20:37:26.223,0,0.0,0,0,0,0,0,-14,-1719,26790808,53,-1063,-74061232
20:37:26.228,0,0.0,0,0,0,0,0,2,44,26790820,-31,1038,-74061232
20:37:26.234,0,0.0,0,0,0,0,0,63,-1177,26790812,50,1343,-74061216
20:37:26.239,0,0.0,0,0,0,0,0,4,639,26790822,11,1357,-74061216
20:37:26.244,0,0.0,0,0,0,0,0,9,-1073,26790812,-65,-1585,-74061248
20:37:26.249,0,0.0,0,0,0,0,0,-16,58,26790820,77,-949,-74061232
20:37:26.254,0,0.0,0,0,0,0,0,-10,-1702,26790808,-97,1531,-74061216
20:37:26.259,0,0.0,0,0,0,0,0,-17,784,26790822,4,1035,-74061232
20:37:26.264,0,0.0,0,0,0,0,0,-7,120,26790820,-66,994,-74061232
20:37:26.269,0,0.0,0,0,0,0,0,-1,775,26790822,-40,-1525,-74061248
20:37:26.274,0,0.0,0,0,0,0,0,-7,216,26790820,-4,160,-74061232
20:37:26.279,0,0.1,0,0,0,0,0,15,706,26790822,14,1525,-74061216
20:37:26.284,0,0.1,0,0,0,0,0,5,-1692,26790808,48,1430,-74061216
20:37:26.289,0,0.1,0,0,0,0,0,-15,39,26790820,-8,-1136,-74061232
20:37:26.294,0,0.1,0,0,0,0,0,2,846,26790822,33,-438,-74061232
20:37:26.299,0,0.0,0,0,0,0,0,-7,-1234,26790812,31,-1670,-74061248
20:37:26.305,0,0.0,0,0,0,0,0,16,333,26790820,9,284,-74061232
20:37:26.310,0,0.0,0,0,0,0,0,-8,805,26790822,53,704,-74061232
20:37:26.315,0,0.0,0,0,0,0,0,11,951,26790822,-33,791,-74061232
20:37:26.320,0,0.0,0,0,0,0,0,-8,879,26790822,22,-580,-74061232
20:37:26.325,0,0.0,0,0,0,0,0,124,876,26790822,55,935,-74061232
20:37:26.330,0,0.0,0,0,0,0,0,0,-51,26790820,9,-846,-74061232
20:37:26.335,0,0.0,0,0,0,0,0,41,744,26790822,43,897,-74061232
20:37:26.340,0,0.0,0,0,0,0,0,-3,733,26790822,-6,638,-74061232
20:37:26.345,0,0.0,0,0,0,0,0,7,558,26790822,43,-1008,-74061232
20:37:26.350,0,0.0,0,0,0,0,0,1,682,26790822,-3,-1514,-74061248
20:37:26.355,0,0.0,0,0,0,0,0,10,598,26790822,-84,-907,-74061232
20:37:26.360,0,0.0,0,0,0,0,0,-38,635,26790822,52,-974,-74061232
20:37:26.365,0,0.0,0,0,0,0,0,9,-633,26790816,112,1029,-74061232
20:37:26.370,0,0.0,0,0,0,0,0,-12,660,26790822,-60,365,-74061232
20:37:26.375,0,0.0,0,0,0,0,0,5,-1698,26790808,-45,871,-74061232
20:37:26.381,0,0.0,0,0,0,0,0,5,212,26790820,-30,-1580,-74061248
20:37:26.386,0,0.0,0,0,0,0,0,4,692,26790822,-90,1381,-74061216
20:37:26.391,0,0.0,0,0,0,0,0,-7,598,26790822,0,-1123,-74061232
20:37:26.396,0,0.0,0,0,0,0,0,20,558,26790822,-43,-1117,-74061232
20:37:26.401,0,0.0,0,0,0,0,0,101,134,26790820,8,-902,-74061232
20:37:26.406,0,0.0,0,0,0,0,0,-7,2,26790820,-17,392,-74061232
20:37:26.411,0,0.0,0,0,0,0,0,-8,722,26790822,-12,1490,-74061216
20:37:26.416,0,0.0,0,0,0,0,0,7,656,26790822,-82,1485,-74061216
20:37:26.421,0,0.0,0,0,0,0,0,16,-369,26790816,4,792,-74061232
20:37:26.426,0,0.0,0,0,0,0,0,8,-980,26790812,13,1063,-74061232
20:37:26.432,0,0.0,0,0,0,0,0,0,909,26790822,9,937,-74061232
20:37:26.437,0,0.0,0,0,0,0,0,12,828,26790822,-61,840,-74061232
20:37:26.442,0,0.0,0,0,0,0,0,-6,742,26790822,-29,670,-74061232
20:37:26.447,0,0.0,0,0,0,0,0,238,676,26790822,5,-567,-74061232
20:37:26.452,0,0.0,0,0,0,0,0,-5,635,26790822,24,729,-74061232
20:37:26.457,0,0.0,0,0,0,0,0,-3,772,26790822,-10,-894,-74061232
20:37:26.462,0,0.0,0,0,0,0,0,-12,570,26790822,-25,331,-74061232
20:37:26.467,0,0.0,0,0,0,0,0,4,123,26790820,-74,1453,-74061216
20:37:26.472,0,0.0,0,0,0,0,0,16,750,26790822,13,-1566,-74061248
20:37:26.477,0,0.0,0,0,0,0,0,12,836,26790822,13,-336,-74061232
20:37:26.482,0,0.0,0,0,0,0,0,19,817,26790822,-10,1200,-74061216
20:37:26.487,0,0.0,0,0,0,0,0,-20,914,26790822,-28,170,-74061232
20:37:26.493,0,0.0,0,0,0,0,0,8,855,26790822,-28,284,-74061232
20:37:26.498,0,0.0,0,0,0,0,0,22,80,26790820,30,-1610,-74061248
20:37:26.503,0,0.0,0,0,0,0,0,0,806,26790822,-28,863,-74061232
20:37:26.508,0,0.0,0,0,0,0,0,-6,-591,26790816,-63,-1160,-74061232
20:37:26.513,0,0.0,0,0,0,0,0,5,848,26790816,-79,228,-74061232
20:37:26.518,0,0.0,0,0,0,0,0,20,661,26790822,-32,1185,-74061216
20:37:26.523,0,0.0,0,0,0,0,0,3,-528,26790816,-30,539,-74061232
20:37:26.528,0,0.0,0,0,0,0,0,-2,-2,26790820,-24,57,-74061232
20:37:26.533,0,0.0,0,0,0,0,0,10,575,26790822,33,-1694,-74061248
20:37:26.538,0,0.0,0,0,0,0,0,-17,578,26790822,11,880,-74061232
20:37:26.543,0,0.0,0,0,0,0,0,14,-1953,26790808,37,656,-74061232
20:37:26.548,0,0.0,0,0,0,0,0,3,-69,26790820,63,-1706,-74061248
20:37:26.554,0,0.0,0,0,0,0,0,23,129,26790820,-47,715,-74061232
20:37:26.559,0,0.0,0,0,0,0,0,1,592,26790822,-71,1454,-74061216
20:37:26.564,0,0.0,0,0,0,0,0,-2,1957,26790830,43,927,-74061232
20:37:26.569,0,0.0,0,0,0,0,0,-3,201,26790820,-43,-903,-74061232
20:37:26.574,0,0.0,0,0,0,0,0,5,-948,26790812,77,-319,-74061232
20:37:26.579,0,0.0,0,0,0,0,0,-6,-398,26790816,13,1430,-74061216
20:37:26.584,0,0.0,0,0,0,0,0,-8,291,26790820,-26,-716,-74061232
20:37:26.589,0,0.0,0,0,0,0,0,-6,-357,26790816,55,-382,-74061232
20:37:26.594,0,0.0,0,0,0,0,0,20,36,26790820,-46,1462,-74061216
20:37:26.599,0,0.0,0,0,0,0,0,0,-1004,26790812,-6,-402,-74061232
20:37:26.604,0,0.0,0,0,0,0,0,11,808,26790822,-42,783,-74061232
20:37:26.609,0,0.0,0,0,0,0,0,9,-685,26790816,46,-1060,-74061232
20:37:26.614,0,0.0,0,0,0,0,0,11,-1139,26790812,-14,-307,-74061232
20:37:26.619,0,0.0,0,0,0,0,0,5,605,26790822,9,-371,-74061232
20:37:26.624,0,0.0,0,0,0,0,0,-1,790,26790822,-36,227,-74061232
20:37:26.629,0,0.0,0,0,0,0,0,6,652,26790822,17,817,-74061232
20:37:26.635,0,0.0,0,0,0,0,0,1,55,26790820,-39,-394,-74061232
20:37:26.640,0,0.0,0,0,0,0,0,-3,617,26790822,-78,-1008,-74061232
20:37:26.645,0,0.0,0,0,0,0,0,-83,608,26790822,9,-473,-74061232
20:37:26.650,0,0.0,0,0,0,0,0,-17,1857,26790830,4,283,-74061232
20:37:26.655,0,0.0,0,0,0,0,0,-2,160,26790820,2,801,-74061232
20:37:26.660,0,0.0,0,0,0,0,0,-1,-1285,26790812,-45,926,-74061232
20:37:26.665,0,0.0,0,0,0,0,0,146,229,26790820,-64,-879,-74061232
20:37:26.670,0,0.0,0,0,0,0,0,-4,190,26790820,-40,764,-74061232
20:37:26.675,0,0.0,0,0,0,0,0,0,-1651,26790808,-6,120,-74061232
20:37:26.680,0,0.0,0,0,0,0,0,-36,248,26790820,-44,1399,-74061216
20:37:26.685,0,0.0,0,0,0,0,0,2,-1111,26790812,-42,741,-74061232
20:37:26.690,0,0.0,0,0,0,0,0,-22,58,26790820,13,-820,-74061232
20:37:26.696,0,0.0,0,0,0,0,0,-4,-506,26790816,13,346,-74061232
20:37:26.701,0,0.0,0,0,0,0,0,-5,1237,26790828,-4,-977,-74061232
20:37:26.706,0,0.0,0,0,0,0,0,10,780,26790822,8,269,-74061232
20:37:26.711,0,0.0,0,0,0,0,0,-5,706,26790822,56,911,-74061232
20:37:26.716,0,0.0,0,0,0,0,0,4,-612,26790816,-60,-1048,-74061232
20:37:26.722,0,0.0,0,0,0,0,0,16,-2508,26790802,7,998,-74061232
20:37:26.727,0,0.0,0,0,0,0,0,-3,-1726,26790808,-80,1082,-74061232
20:37:26.732,0,0.0,0,0,0,0,0,0,222,26790820,135,-1030,-74061232
20:37:26.737,0,0.0,0,0,0,0,0,0,229,26790820,-119,837,-74061232
20:37:26.742,0,0.0,0,0,0,0,0,-4,-1645,26790808,19,-478,-74061232
20:37:26.747,0,0.0,0,0,0,0,0,4,-613,26790816,8,1353,-74061216
20:37:26.752,0,0.0,0,0,0,0,0,5,668,26790822,78,956,-74061232
20:37:26.757,0,0.0,0,0,0,0,0,-9,144,26790820,-96,158,-74061232
20:37:26.762,0,0.0,0,0,0,0,0,-1,663,26790822,-10,903,-74061232
20:37:26.767,0,0.0,0,0,0,0,0,2,51,26790820,80,-865,-74061232
20:37:26.772,0,0.0,0,0,0,0,0,-20,-428,26790816,18,887,-74061232
20:37:26.778,0,0.0,0,0,0,0,0,0,725,26790822,21,-477,-74061232
20:37:26.783,0,0.0,0,0,0,0,0,-10,-617,26790816,-37,309,-74061232
20:37:26.788,0,0.0,0,0,0,0,0,-4,650,26790822,-80,-531,-74061232
20:37:26.793,0,0.0,0,0,0,0,0,0,834,26790822,39,-1134,-74061232
20:37:26.798,0,0.0,0,0,0,0,0,-38,649,26790822,-65,316,-74061232
20:37:26.803,0,0.0,0,0,0,0,0,-6,-1095,26790812,34,-1691,-74061248
20:37:26.808,0,0.0,0,0,0,0,0,-19,39,26790820,48,871,-74061232
20:37:26.813,0,0.0,0,0,0,0,0,-3,682,26790822,23,817,-74061232
20:37:26.818,0,0.0,0,0,0,0,0,-1,106,26790820,-28,-570,-74061232
20:37:26.823,0,0.0,0,0,0,0,0,-10,1525,26790828,-30,1294,-74061216
20:37:26.828,0,0.0,0,0,0,0,0,5,665,26790822,-3,775,-74061232
20:37:26.833,0,0.0,0,0,0,0,0,20,172,26790820,-17,960,-74061232
20:37:26.838,0,0.0,0,0,0,0,0,-10,307,26790820,31,1173,-74061232
20:37:26.843,0,0.0,0,0,0,0,0,12,-537,26790816,-54,404,-74061232
20:37:26.848,0,0.0,0,0,0,0,0,3,-1381,26790812,-35,-858,-74061232
20:37:26.853,0,0.0,0,0,0,0,0,153,1422,26790828,-8,-1345,-74061248
20:37:26.859,0,0.0,0,0,0,0,0,-23,-1197,26790812,0,458,-74061232
20:37:26.864,0,0.0,0,0,0,0,0,11,-463,26790816,18,-310,-74061232
20:37:26.869,0,0.0,0,0,0,0,0,-3,199,26790820,-17,-1361,-74061248
20:37:26.874,0,0.0,0,0,0,0,0,0,676,26790822,4,-1095,-74061232
20:37:26.879,0,0.0,0,0,0,0,0,5,835,26790822,-34,-1487,-74061248
20:37:26.884,0,0.0,0,0,0,0,0,0,663,26790822,70,-141,-74061232
20:37:26.889,0,0.0,0,0,0,0,0,8,8,26790820,-34,866,-74061232
20:37:26.894,0,0.0,0,0,0,0,0,-13,-682,26790816,26,-1341,-74061248
20:37:26.899,0,0.0,0,0,0,0,0,14,-1296,26790812,13,-1419,-74061248
20:37:26.904,0,0.0,0,0,0,0,0,1,734,26790822,-26,-939,-74061232
20:37:26.909,0,0.0,0,0,0,0,0,19,-1347,26790812,-39,-784,-74061232
20:37:26.914,0,0.0,0,0,0,0,0,0,626,26790822,-26,856,-74061232
20:37:26.919,0,0.0,0,0,0,0,0,5,-540,26790816,-59,157,-74061232
20:37:26.924,0,0.0,0,0,0,0,0,-7,22,26790820,-7,-1007,-74061232
20:37:26.929,0,0.0,0,0,0,0,0,0,790,26790822,-16,944,-74061232
20:37:26.934,0,0.0,0,0,0,0,0,6,-1766,26790808,22,-1004,-74061232
20:37:26.939,0,0.0,0,0,0,0,0,15,1218,26790828,57,-508,-74061232
20:37:26.945,0,0.0,0,0,0,0,0,0,-600,26790816,-32,-217,-74061232
20:37:26.950,0,0.0,0,0,0,0,0,3,1451,26790828,-34,1005,-74061232
20:37:26.955,0,0.0,0,0,0,0,0,153,745,26790822,22,-1530,-74061248
20:37:26.960,0,0.0,0,0,0,0,0,-18,-95,26790820,-38,1033,-74061232
20:37:26.965,0,0.0,0,0,0,0,0,16,-60,26790820,-39,839,-74061232
20:37:26.970,0,0.0,0,0,0,0,0,5,-1287,26790812,-69,-1499,-74061248
20:37:26.975,0,0.0,0,0,0,0,0,-14,-1219,26790812,39,1036,-74061232
20:37:26.980,0,0.0,0,0,0,0,0,16,743,26790822,65,808,-74061232
20:37:26.985,0,0.0,0,0,0,0,0,-14,754,26790822,17,-901,-74061232
20:37:26.990,0,0.0,0,0,0,0,0,-81,130,26790820,-5,-859,-74061232
20:37:26.995,0,0.0,0,0,0,0,0,9,-1290,26790812,-51,-1087,-74061232
20:37:27.000,0,0.0,0,0,0,0,0,9,801,26790822,-14,907,-74061232
20:37:27.005,0,0.0,0,0,0,0,0,2,30,26790820,19,115,-74061232
20:37:27.010,0,0.0,0,0,0,0,0,-7,-1121,26790812,23,965,-74061232
20:37:27.015,0,0.0,0,0,0,0,0,4,5,26790820,6,344,-74061232
20:37:27.020,0,0.0,0,0,0,0,0,5,779,26790822,-8,-325,-74061232
20:37:27.025,0,0.0,0,0,0,0,0,47,651,26790822,7,1470,-74061216
20:37:27.030,0,0.0,0,0,0,0,0,22,591,26790822,-8,-1063,-74061232
20:37:27.036,0,0.0,0,0,0,0,0,3,614,26790822,-84,-952,-74061232
20:37:27.041,0,0.0,0,0,0,0,0,-51,177,26790820,-100,922,-74061232
20:37:27.046,0,0.0,0,0,0,0,0,5,-422,26790816,-46,1090,-74061232
20:37:27.051,0,0.0,0,0,0,0,0,15,224,26790820,-6,-769,-74061232
20:37:27.056,0,0.0,0,0,0,0,0,-12,601,26790822,27,1001,-74061232
20:37:27.061,0,0.0,0,0,0,0,0,1,707,26790822,-19,-519,-74061232
20:37:27.066,0,0.0,0,0,0,0,0,12,-1336,26790812,-8,-1442,-74061248
20:37:27.071,0,0.0,0,0,0,0,0,10,-758,26790816,-51,-1093,-74061232
20:37:27.076,0,0.0,0,0,0,0,0,21,529,26790822,-71,997,-74061232
20:37:27.081,0,0.0,0,0,0,0,0,5,692,26790822,-1,-964,-74061232
20:37:27.087,0,0.0,0,0,0,0,0,0,592,26790822,19,1187,-74061232
20:37:27.092,0,0.0,0,0,0,0,0,5,19,26790820,-14,-692,-74061232
20:37:27.097,0,0.0,0,0,0,0,0,-2,580,26790822,-67,1178,-74061232
20:37:27.102,0,0.0,0,0,0,0,0,6,764,26790822,-62,966,-74061232
20:37:27.107,0,0.0,0,0,0,0,0,1,643,26790822,24,973,-74061232
20:37:27.112,0,0.0,0,0,0,0,0,-18,599,26790822,-8,-834,-74061232
20:37:27.117,0,0.0,0,0,0,0,0,5,596,26790822,43,1695,-74061216
20:37:27.122,0,0.0,0,0,0,0,0,2,645,26790822,-59,1180,-74061232
20:37:27.127,0,0.0,0,0,0,0,0,-5,-441,26790816,-38,424,-74061232
20:37:27.132,0,0.0,0,0,0,0,0,4,90,26790820,24,-738,-74061232
20:37:27.137,0,0.0,0,0,0,0,0,5,-416,26790816,25,407,-74061232
20:37:27.142,0,0.0,0,0,0,0,0,3,798,26790822,-12,277,-74061232
20:37:27.147,0,0.0,0,0,0,0,0,8,239,26790820,13,-834,-74061232
20:37:27.152,0,0.0,0,0,0,0,0,0,789,26790822,-12,1180,-74061232
20:37:27.158,0,0.0,0,0,0,0,0,-13,2024,26790830,1,978,-74061232
20:37:27.163,0,0.0,0,0,0,0,0,-4,-2,26790820,39,-961,-74061232
20:37:27.168,0,0.0,0,0,0,0,0,2,598,26790822,0,-988,-74061232
20:37:27.173,0,0.0,0,0,0,0,0,7,-1690,26790808,88,123,-74061232
20:37:27.178,0,0.0,0,0,0,0,0,-9,-1601,26790808,61,356,-74061232
20:37:27.183,0,0.0,0,0,0,0,0,-31,842,26790822,-60,-411,-74061232
20:37:27.188,0,0.0,0,0,0,0,0,9,516,26790822,-8,-152,-74061232
20:37:27.193,0,0.0,0,0,0,0,0,3,576,26790822,48,1061,-74061232
20:37:27.198,0,0.0,0,0,0,0,0,-2,-464,26790816,-4,1132,-74061232
20:37:27.203,0,0.0,0,0,0,0,0,-2,562,26790822,65,1635,-74061216
20:37:27.208,0,0.0,0,0,0,0,0,-16,-1128,26790812,57,534,-74061232
20:37:27.213,0,0.0,0,0,0,0,0,-6,-1152,26790812,-25,-747,-74061232
20:37:27.219,0,0.0,0,0,0,0,0,-48,1276,26790828,16,1621,-74061216
20:37:27.224,0,0.0,0,0,0,0,0,10,684,26790822,-23,455,-74061232
20:37:27.229,0,0.0,0,0,0,0,0,5,1341,26790828,44,-799,-74061232
20:37:27.234,0,0.0,0,0,0,0,0,-6,127,26790820,14,961,-74061232
20:37:27.239,0,0.0,0,0,0,0,0,3,585,26790822,-37,-629,-74061232
20:37:27.244,0,0.0,0,0,0,0,0,-3,559,26790822,-65,-739,-74061232
20:37:27.249,0,0.0,0,0,0,0,0,-2,809,26790822,34,1672,-74061216
20:37:27.254,0,0.0,0,0,0,0,0,10,-1711,26790808,11,1593,-74061216
20:37:27.259,0,0.0,0,0,0,0,0,-7,-481,26790816,26,1120,-74061232
20:37:27.264,0,0.0,0,0,0,0,0,-6,162,26790820,-41,1733,-74061216
20:37:27.269,0,0.0,0,0,0,0,0,-11,586,26790822,28,-228,-74061232
20:37:27.274,0,0.0,0,0,0,0,0,-5,545,26790822,2,-1359,-74061248
20:37:27.279,0,0.0,0,0,0,0,0,11,487,26790822,-34,1779,-74061216
20:37:27.284,0,0.0,0,0,0,0,0,0,719,26790822,-59,1287,-74061232
20:37:27.289,0,0.0,0,0,0,0,0,9,107,26790820,9,-594,-74061232
20:37:27.295,0,0.1,0,0,0,0,0,18,847,26790822,-37,-1094,-74061248
20:37:27.300,0,0.1,0,0,0,0,0,0,855,26790822,-48,-601,-74061232
20:37:27.305,0,0.1,0,0,0,0,0,15,23,26790820,-67,-481,-74061232
20:37:27.310,0,0.1,0,0,0,0,0,4,-1642,26790808,-19,-598,-74061232
20:37:27.315,0,0.1,0,0,0,0,0,1,634,26790822,-15,-516,-74061232
20:37:27.320,0,0.1,0,0,0,0,0,11,-1280,26790812,24,-484,-74061232
20:37:27.325,0,0.1,0,0,0,0,0,19,-1713,26790808,13,-541,-74061232
20:37:27.330,0,0.1,0,0,0,0,0,29,-1713,26790808,-25,1584,-74061232
20:37:27.335,0,0.1,0,0,0,0,0,-1,72,26790820,4,-585,-74061232
20:37:27.340,0,0.1,0,0,0,0,0,-5,-546,26790816,-62,-661,-74061232
20:37:27.345,0,0.1,0,0,0,0,0,-11,74,26790820,41,-476,-74061232
20:37:27.350,0,0.1,0,0,0,0,0,8,-39,26790820,33,670,-74061232
20:37:27.355,0,0.1,0,0,0,0,0,-4,776,26790822,-41,-486,-74061232
20:37:27.360,0,0.1,0,0,0,0,0,21,715,26790822,-66,-1058,-74061248
20:37:27.365,0,0.1,0,0,0,0,0,-11,693,26790822,-51,190,-74061232
20:37:27.371,0,0.1,0,0,0,0,0,-15,744,26790822,41,-497,-74061232
20:37:27.376,0,0.1,0,0,0,0,0,-16,-1116,26790812,26,-395,-74061232
20:37:27.381,0,0.1,0,0,0,0,0,7,735,26790822,-21,1413,-74061232
20:37:27.386,0,0.1,0,0,0,0,0,0,-465,26790816,-73,-44,-74061232
20:37:27.391,0,0.1,0,0,0,0,0,0,78,26790820,8,277,-74061232
20:37:27.396,0,0.1,0,0,0,0,0,-11,478,26790822,-12,-323,-74061232
20:37:27.401,0,0.1,0,0,0,0,0,-2,-1197,26790812,-30,-426,-74061232
20:37:27.406,0,0.1,0,0,0,0,0,-17,638,26790822,-39,739,-74061232
20:37:27.411,0,0.1,0,0,0,0,0,-13,607,26790822,11,-530,-74061232
20:37:27.416,0,0.1,0,0,0,0,0,-6,35,26790820,8,-504,-74061232
20:37:27.421,0,0.1,0,0,0,0,0,8,709,26790822,-10,893,-74061232
20:37:27.426,0,0.1,0,0,0,0,0,-13,-723,26790816,-4,-916,-74061248
20:37:27.431,0,0.1,0,0,0,0,0,3,629,26790822,37,-812,-74061248
20:37:27.436,0,0.1,0,0,0,0,0,-3,-1282,26790812,-47,-774,-74061248
20:37:27.441,0,0.1,0,0,0,0,0,10,-557,26790816,9,-850,-74061248
20:37:27.446,0,0.1,0,0,0,0,0,-9,625,26790822,6,-786,-74061248
20:37:27.452,0,0.1,0,0,0,0,0,0,66,26790820,7,-411,-74061232
20:37:27.457,0,0.1,0,0,0,0,0,-3,-552,26790816,8,481,-74061232
20:37:27.462,0,0.1,0,0,0,0,0,7,95,26790820,48,-248,-74061232
20:37:27.467,0,0.1,0,0,0,0,0,44,205,26790820,10,-288,-74061232
20:37:27.472,0,0.1,0,0,0,0,0,-60,575,26790822,-17,-57,-74061232
20:37:27.477,0,0.1,0,0,0,0,0,-6,707,26790822,39,-782,-74061248
20:37:27.482,0,0.1,0,0,0,0,0,2,69,26790820,22,-388,-74061232
20:37:27.487,0,0.1,0,0,0,0,0,-5,-542,26790816,-60,1387,-74061232
20:37:27.492,0,0.1,0,0,0,0,0,4,-1802,26790808,48,-935,-74061248
20:37:27.497,0,0.1,0,0,0,0,0,-24,1331,26790828,-9,-340,-74061232
20:37:27.502,0,0.1,0,0,0,0,0,17,562,26790822,-26,-232,-74061232
20:37:27.507,0,0.1,0,0,0,0,0,-48,665,26790822,-16,-358,-74061232
20:37:27.512,0,0.1,0,0,0,0,0,16,601,26790822,-37,-354,-74061232
20:37:27.517,0,0.1,0,0,0,0,0,-7,-104,26790820,17,247,-74061232
20:37:27.522,0,0.1,0,0,0,0,0,-6,850,26790822,-10,2195,-74061216
20:37:27.527,0,0.1,0,0,0,0,0,-5,7,26790820,33,-209,-74061232
20:37:27.532,0,0.1,0,0,0,0,0,20,-94,26790820,59,244,-74061232
20:37:27.538,0,0.1,0,0,0,0,0,7,541,26790822,26,215,-74061232
20:37:27.543,0,0.1,0,0,0,0,0,9,765,26790822,-34,1666,-74061232
20:37:27.548,0,0.1,0,0,0,0,0,16,736,26790822,26,-478,-74061232
20:37:27.553,0,0.1,0,0,0,0,0,-13,597,26790822,-43,-825,-74061248
20:37:27.558,0,0.1,0,0,0,0,0,-15,118,26790820,-13,-806,-74061248
20:37:27.563,0,0.1,0,0,0,0,0,6,209,26790820,30,-345,-74061232
20:37:27.568,0,0.1,0,0,0,0,0,-13,-637,26790816,28,-155,-74061232
20:37:27.573,0,0.1,0,0,0,0,0,5,721,26790822,-15,-120,-74061232
20:37:27.578,0,0.1,0,0,0,0,0,2,-591,26790816,-4,395,-74061232
20:37:27.583,0,0.1,0,0,0,0,0,-13,-1112,26790812,17,-387,-74061232
20:37:27.588,0,0.1,0,0,0,0,0,-15,1111,26790828,30,1452,-74061232
20:37:27.593,0,0.1,0,0,0,0,0,7,-125,26790820,-8,-330,-74061232
20:37:27.598,0,0.1,0,0,0,0,0,3,482,26790822,43,-288,-74061232
20:37:27.603,0,0.1,0,0,0,0,0,-18,561,26790822,-9,-699,-74061248
20:37:27.608,0,0.1,0,0,0,0,0,11,613,26790822,13,-108,-74061232
20:37:27.613,0,0.1,0,0,0,0,0,-24,545,26790822,15,-398,-74061232
20:37:27.619,0,0.1,0,0,0,0,0,-15,531,26790822,23,1065,-74061232
20:37:27.624,0,0.1,0,0,0,0,0,-8,-537,26790816,57,-141,-74061232
20:37:27.629,0,0.1,0,0,0,0,0,1,-1873,26790808,6,-667,-74061248
20:37:27.634,0,0.1,0,0,0,0,0,12,119,26790820,-8,499,-74061232
20:37:27.639,0,0.1,0,0,0,0,0,7,600,26790822,7,-974,-74061248
20:37:27.644,0,0.1,0,0,0,0,0,-5,-1142,26790812,48,-795,-74061248
20:37:27.649,0,0.1,0,0,0,0,0,0,-420,26790816,10,1608,-74061232
20:37:27.654,0,0.1,0,0,0,0,0,-5,756,26790822,-23,-756,-74061248
20:37:27.659,0,0.1,0,0,0,0,0,2,-1897,26790808,19,1537,-74061232
20:37:27.664,0,0.1,0,0,0,0,0,-23,162,26790820,54,-334,-74061232
20:37:27.669,0,0.1,0,0,0,0,0,3,-616,26790816,45,-342,-74061232
20:37:27.674,0,0.1,0,0,0,0,0,-22,116,26790820,4,-380,-74061232
20:37:27.679,0,0.1,0,0,0,0,0,-2,-1082,26790812,-97,-214,-74061232
20:37:27.684,0,0.1,0,0,0,0,0,-8,622,26790822,6,-380,-74061232
20:37:27.689,0,0.1,0,0,0,0,0,8,-1835,26790808,67,-101,-74061232
20:37:27.694,0,0.1,0,0,0,0,0,-21,-1746,26790808,50,-253,-74061232
20:37:27.700,0,0.1,0,0,0,0,0,10,596,26790822,-32,-677,-74061248
20:37:27.705,0,0.1,0,0,0,0,0,-40,580,26790822,44,1750,-74061232
20:37:27.710,0,0.1,0,0,0,0,0,-21,628,26790822,-32,-352,-74061232
20:37:27.715,0,0.1,0,0,0,0,0,-7,-1152,26790812,39,-757,-74061248
20:37:27.720,0,0.1,0,0,0,0,0,-15,-585,26790816,-37,437,-74061232
20:37:27.725,0,0.1,0,0,0,0,0,3,24,26790820,29,-171,-74061232
20:37:27.730,0,0.1,0,0,0,0,0,-5,756,26790822,11,-754,-74061248
20:37:27.735,0,0.1,0,0,0,0,0,-6,698,26790822,39,560,-74061232
20:37:27.740,0,0.1,0,0,0,0,0,-6,-1275,26790812,-69,1672,-74061232
20:37:27.745,0,0.1,0,0,0,0,0,-2,652,26790822,8,1599,-74061232
20:37:27.750,0,0.1,0,0,0,0,0,8,463,26790822,-51,-34,-74061232
20:37:27.755,0,0.1,0,0,0,0,0,-6,-546,26790816,46,-226,-74061232
20:37:27.760,0,0.1,0,0,0,0,0,0,-108,26790820,70,1658,-74061232
20:37:27.765,0,0.1,0,0,0,0,0,6,-1262,26790812,-13,-124,-74061232
20:37:27.770,0,0.1,0,0,0,0,0,-61,-1171,26790812,-82,-647,-74061248
20:37:27.775,0,0.1,0,0,0,0,0,-10,-12,26790820,18,-294,-74061232
20:37:27.780,0,0.1,0,0,0,0,0,4,667,26790822,43,-155,-74061232
20:37:27.785,0,0.1,0,0,0,0,0,-8,-559,26790816,24,-585,-74061248
20:37:27.791,0,0.1,0,0,0,0,0,6,472,26790822,15,-27,-74061232
20:37:27.796,0,0.1,0,0,0,0,0,10,-724,26790816,-23,-37,-74061232
20:37:27.801,0,0.1,0,0,0,0,0,3,-698,26790816,-23,-68,-74061232
20:37:27.806,0,0.1,0,0,0,0,0,90,695,26790822,2,-548,-74061248
20:37:27.811,0,0.1,0,0,0,0,0,12,-1333,26790812,68,99,-74061232
20:37:27.816,0,0.1,0,0,0,0,0,-25,-1778,26790808,-10,-451,-74061248
20:37:27.821,0,0.1,0,0,0,0,0,1,-1170,26790812,59,-439,-74061248
20:37:27.826,0,0.1,0,0,0,0,0,0,421,26790822,20,84,-74061232
20:37:27.831,0,0.1,0,0,0,0,0,0,508,26790822,-51,17,-74061232
20:37:27.836,0,0.1,0,0,0,0,0,-4,524,26790822,30,-359,-74061248
20:37:27.841,0,0.1,0,0,0,0,0,16,-776,26790816,17,-407,-74061248
20:37:27.846,0,0.1,0,0,0,0,0,-7,-1127,26790812,32,-330,-74061248
20:37:27.851,0,0.1,0,0,0,0,0,-12,560,26790822,19,141,-74061232
20:37:27.857,0,0.1,0,0,0,0,0,12,2034,26790830,-8,159,-74061232
20:37:27.862,0,0.1,0,0,0,0,0,0,533,26790822,21,312,-74061232
20:37:27.867,0,0.1,0,0,0,0,0,10,-1068,26790812,32,149,-74061232
20:37:27.872,0,0.1,0,0,0,0,0,-22,-1140,26790812,-47,115,-74061232
20:37:27.877,0,0.1,0,0,0,0,0,4,515,26790822,60,-318,-74061248
20:37:27.882,0,0.1,0,0,0,0,0,18,1825,26790830,10,-283,-74061248
20:37:27.887,0,0.1,0,0,0,0,0,-10,1965,26790830,2,206,-74061232
20:37:27.892,0,0.1,0,0,0,0,0,12,-1156,26790812,26,-263,-74061248
20:37:27.897,0,0.1,0,0,0,0,0,0,692,26790822,63,-224,-74061248
20:37:27.902,0,0.1,0,0,0,0,0,-5,-29,26790820,10,-251,-74061248
20:37:27.907,0,0.1,0,0,0,0,0,7,10,26790820,11,120,-74061232
20:37:27.912,0,0.1,0,0,0,0,0,-4,583,26790822,-41,156,-74061232
20:37:27.917,0,0.1,0,0,0,0,0,-22,363,26790822,6,-284,-74061248
20:37:27.922,0,0.1,0,0,0,0,0,-36,6,26790820,-62,170,-74061232
20:37:27.927,0,0.1,0,0,0,0,0,-7,655,26790822,30,-302,-74061248
20:37:27.932,0,0.1,0,0,0,0,0,-3,709,26790822,28,-323,-74061248
20:37:27.938,0,0.1,0,0,0,0,0,-4,-1727,26790808,4,-489,-74061248
20:37:27.943,0,0.1,0,0,0,0,0,7,-29,26790820,-65,-480,-74061248
20:37:27.948,0,0.1,0,0,0,0,0,18,487,26790822,69,177,-74061232
20:37:27.953,0,0.1,0,0,0,0,0,1,616,26790822,11,151,-74061232
20:37:27.958,0,0.1,0,0,0,0,0,2,-16,26790820,4,174,-74061232
20:37:27.963,0,0.1,0,0,0,0,0,-28,1369,26790828,50,-307,-74061248
20:37:27.968,0,0.1,0,0,0,0,0,-34,701,26790822,20,207,-74061232
20:37:27.973,0,0.1,0,0,0,0,0,18,0,26790820,-69,225,-74061232
20:37:27.978,0,0.1,0,0,0,0,0,3,521,26790822,-21,233,-74061232
20:37:27.983,0,0.1,0,0,0,0,0,-36,578,26790822,-30,234,-74061232
20:37:27.988,0,0.1,0,0,0,0,0,-4,668,26790822,33,-229,-74061248
20:37:27.993,0,0.1,0,0,0,0,0,0,-599,26790816,67,-234,-74061248
20:37:27.998,0,0.1,0,0,0,0,0,-6,516,26790822,18,-240,-74061248
20:37:28.003,0,0.1,0,0,0,0,0,-31,-1159,26790820,-4,-219,-74061248
20:37:28.008,0,0.1,0,0,0,0,0,0,564,26790822,-30,239,-74061232
20:37:28.013,0,0.1,0,0,0,0,0,-34,558,26790822,59,-199,-74061248
20:37:28.018,0,0.1,0,0,0,0,0,6,-1116,26790812,-47,-238,-74061248
20:37:28.024,0,0.1,0,0,0,0,0,23,739,26790822,-65,264,-74061232
20:37:28.029,0,0.1,0,0,0,0,0,-9,548,26790822,28,273,-74061232
20:37:28.034,0,0.1,0,0,0,0,0,18,630,26790822,19,305,-74061232
20:37:28.039,0,0.1,0,0,0,0,0,0,-738,26790816,-11,264,-74061232
20:37:28.044,0,0.1,0,0,0,0,0,24,-43,26790820,-82,254,-74061232
20:37:28.049,0,0.1,0,0,0,0,0,-12,-1098,26790812,-2,-228,-74061248
20:37:28.054,0,0.1,0,0,0,0,0,1,-477,26790816,4,239,-74061232
20:37:28.059,0,0.1,0,0,0,0,0,3,-1636,26790808,-75,-207,-74061248
20:37:28.064,0,0.1,0,0,0,0,0,-21,502,26790822,-14,243,-74061232
20:37:28.069,0,0.1,0,0,0,0,0,2,487,26790822,54,259,-74061232
20:37:28.074,0,0.1,0,0,0,0,0,-8,-117,26790820,-41,304,-74061232
20:37:28.079,0,0.1,0,0,0,0,0,-2,-157,26790820,-48,-176,-74061248
20:37:28.084,0,0.1,0,0,0,0,0,10,-518,26790816,-21,-199,-74061248
20:37:28.089,0,0.1,0,0,0,0,0,2,133,26790820,26,-180,-74061248
20:37:28.094,0,0.1,0,0,0,0,0,9,-472,26790816,9,265,-74061232
20:37:28.099,0,0.1,0,0,0,0,0,2,-1279,26790812,38,271,-74061232
20:37:28.104,0,0.1,0,0,0,0,0,2,-1768,26790808,2,-201,-74061248
20:37:28.109,0,0.1,0,0,0,0,0,5,-523,26790816,65,308,-74061232
20:37:28.115,0,0.1,0,0,0,0,0,10,585,26790822,-38,-173,-74061248
20:37:28.120,0,0.1,0,0,0,0,0,-10,689,26790822,-26,276,-74061232
20:37:28.125,0,0.1,0,0,0,0,0,11,687,26790822,11,-231,-74061248
20:37:28.130,0,0.1,0,0,0,0,0,5,-1733,26790808,-4,-190,-74061248
20:37:28.135,0,0.1,0,0,0,0,0,-4,69,26790820,11,422,-74061232
20:37:28.140,0,0.1,0,0,0,0,0,5,680,26790822,20,-224,-74061248
20:37:28.145,0,0.1,0,0,0,0,0,-6,554,26790822,-2,234,-74061232
20:37:28.150,0,0.1,0,0,0,0,0,45,650,26790822,7,-225,-74061248
20:37:28.155,0,0.1,0,0,0,0,0,-8,37,26790820,-43,-218,-74061248
20:37:28.160,0,0.1,0,0,0,0,0,7,580,26790822,11,-229,-74061248
20:37:28.165,0,0.1,0,0,0,0,0,8,735,26790822,-64,-264,-74061248
20:37:28.170,0,0.1,0,0,0,0,0,4,508,26790822,-6,-345,-74061248
20:37:28.175,0,0.1,0,0,0,0,0,-14,68,26790820,-8,-194,-74061248
20:37:28.180,0,0.1,0,0,0,0,0,3,155,26790820,-93,-206,-74061248
20:37:28.185,0,0.1,0,0,0,0,0,9,-1683,26790808,50,252,-74061232
20:37:28.191,0,0.1,0,0,0,0,0,-14,689,26790822,13,-223,-74061248
20:37:28.196,0,0.1,0,0,0,0,0,-3,761,26790822,8,248,-74061232
20:37:28.201,0,0.1,0,0,0,0,0,0,610,26790822,-5,281,-74061232
20:37:28.206,0,0.1,0,0,0,0,0,1,534,26790822,35,298,-74061232
20:37:28.211,0,0.1,0,0,0,0,0,3,635,26790822,-15,-222,-74061248
20:37:28.216,0,0.1,0,0,0,0,0,15,532,26790822,-23,-164,-74061248
20:37:28.222,0,0.1,0,0,0,0,0,-1,-1112,26790812,35,285,-74061232
20:37:28.227,0,0.1,0,0,0,0,0,9,628,26790822,13,-198,-74061248
20:37:28.232,0,0.1,0,0,0,0,0,0,-225,26790820,-14,-327,-74061248
20:37:28.237,0,0.1,0,0,0,0,0,0,-1269,26790812,32,310,-74061232
20:37:28.242,0,0.1,0,0,0,0,0,4,-187,26790820,65,-143,-74061248
20:37:28.247,0,0.1,0,0,0,0,0,-4,-151,26790820,-18,339,-74061232
20:37:28.252,0,0.1,0,0,0,0,0,0,-626,26790816,24,-150,-74061248
20:37:28.257,0,0.1,0,0,0,0,0,-17,-2,26790820,-54,285,-74061232
20:37:28.262,0,0.1,0,0,0,0,0,3,1237,26790828,-56,281,-74061232
20:37:28.267,0,0.1,0,0,0,0,0,14,625,26790822,2,-134,-74061248
20:37:28.273,0,0.1,0,0,0,0,0,0,1063,26790828,-10,-167,-74061248
20:37:28.278,0,0.1,0,0,0,0,0,-4,-1840,26790808,2,-174,-74061248
20:37:28.283,0,0.1,0,0,0,0,0,0,-1174,26790812,-65,-183,-74061248
20:37:28.288,0,0.1,0,0,0,0,0,7,1314,26790828,29,-305,-74061248
20:37:28.293,0,0.1,0,0,0,0,0,-5,51,26790820,-50,-169,-74061248
20:37:28.298,0,0.1,0,0,0,0,0,3,619,26790822,19,-153,-74061248
20:37:28.303,0,0.1,0,0,0,0,0,15,687,26790822,30,-158,-74061248
20:37:28.308,0,0.1,0,0,0,0,0,-1,-1384,26790812,22,-163,-74061248
20:37:28.313,0,0.1,0,0,0,0,0,3,-1200,26790812,-44,-165,-74061248
20:37:28.318,0,0.1,0,0,0,0,0,12,567,26790822,24,-180,-74061248
20:37:28.323,0,0.1,0,0,0,0,0,16,475,26790822,20,-184,-74061248
20:37:28.328,0,0.1,0,0,0,0,0,22,-1879,26790808,2,-153,-74061248
20:37:28.333,0,0.1,0,0,0,0,0,0,595,26790822,-54,-159,-74061248
20:37:28.339,0,0.1,0,0,0,0,0,4,98,26790820,17,-159,-74061248
20:37:28.344,0,0.1,0,0,0,0,0,-23,542,26790822,-32,309,-74061232
20:37:28.349,0,0.1,0,0,0,0,0,-9,-1227,26790812,28,317,-74061232
20:37:28.354,0,0.1,0,0,0,0,0,-21,-1168,26790812,-52,322,-74061232
20:37:28.359,0,0.1,0,0,0,0,0,4,-1231,26790812,22,-359,-74061248
20:37:28.364,0,0.1,0,0,0,0,0,-6,-1315,26790812,-17,-148,-74061248
20:37:28.369,0,0.1,0,0,0,0,0,5,533,26790822,-30,-138,-74061248
20:37:28.374,0,0.1,0,0,0,0,0,2,477,26790822,-43,363,-74061232
20:37:28.380,0,0.1,0,0,0,0,0,3,576,26790822,34,-147,-74061248
20:37:28.385,0,0.1,0,0,0,0,0,-13,1178,26790828,53,-160,-74061248
20:37:28.390,0,0.1,0,0,0,0,0,0,475,26790822,-52,300,-74061232
20:37:28.395,0,0.1,0,0,0,0,0,-4,-621,26790816,-25,336,-74061232
20:37:28.400,0,0.1,0,0,0,0,0,-46,418,26790822,-17,-328,-74061248
20:37:28.405,0,0.1,0,0,0,0,0,-9,-649,26790816,19,292,-74061232
20:37:28.410,0,0.1,0,0,0,0,0,0,15,26790820,-56,-170,-74061248
20:37:28.415,0,0.1,0,0,0,0,0,1,569,26790822,-26,320,-74061232
20:37:28.420,0,0.1,0,0,0,0,0,-7,-153,26790820,26,-168,-74061248
20:37:28.425,0,0.1,0,0,0,0,0,0,641,26790822,-4,-193,-74061248
20:37:28.426,0,0.1,0,0,0,0,0,17,-650,26790816,-30,254,-74061232
20:37:28.431,0,0.1,0,0,0,0,0,3,456,26790822,-12,-178,-74061248
20:37:28.436,0,0.1,0,0,0,0,0,-1,453,26790822,20,283,-74061232
20:37:28.441,0,0.1,0,0,0,0,0,-2,621,26790822,51,-180,-74061248
20:37:28.446,0,0.1,0,0,0,0,0,-17,43,26790820,33,334,-74061232
20:37:28.451,0,0.1,0,0,0,0,0,-3,-28,26790820,18,-88,-74061248
20:37:28.456,0,0.1,0,0,0,0,0,19,768,26790822,28,-134,-74061248
20:37:28.461,0,0.1,0,0,0,0,0,-5,547,26790822,-54,-163,-74061248
20:37:28.466,0,0.1,0,0,0,0,0,8,-1300,26790812,2,-155,-74061248
20:37:28.472,0,0.1,0,0,0,0,0,-26,757,26790822,26,282,-74061232
20:37:28.477,0,0.1,0,0,0,0,0,-7,-511,26790816,28,252,-74061232
20:37:28.482,0,0.1,0,0,0,0,0,2,615,26790822,28,300,-74061232
20:37:28.487,0,0.1,0,0,0,0,0,6,51,26790820,-2,-210,-74061248
20:37:28.492,0,0.1,0,0,0,0,0,5,688,26790822,15,-190,-74061248
20:37:28.497,0,0.1,0,0,0,0,0,4,468,26790822,-2,-198,-74061248
20:37:28.502,0,0.1,0,0,0,0,0,9,58,26790820,20,250,-74061232
20:37:28.507,0,0.1,0,0,0,0,0,-27,1294,26790828,6,-160,-74061248
20:37:28.512,0,0.1,0,0,0,0,0,23,-1476,26790812,0,-192,-74061248
20:37:28.518,0,0.1,0,0,0,0,0,-2,-780,26790816,-68,320,-74061232
20:37:28.523,0,0.1,0,0,0,0,0,-11,596,26790822,2,-196,-74061248
20:37:28.528,0,0.1,0,0,0,0,0,19,-1162,26790812,-30,275,-74061232
20:37:28.533,0,0.1,0,0,0,0,0,10,-547,26790816,-37,299,-74061232
20:37:28.538,0,0.1,0,0,0,0,0,0,-677,26790816,-12,433,-74061232
20:37:28.543,0,0.1,0,0,0,0,0,0,610,26790822,61,-178,-74061248
20:37:28.548,0,0.1,0,0,0,0,0,7,1205,26790828,-86,-216,-74061248
20:37:28.553,0,0.1,0,0,0,0,0,6,1732,26790830,-10,-221,-74061248
20:37:28.558,0,0.1,0,0,0,0,0,-14,-759,26790816,24,-227,-74061248
20:37:28.563,0,0.1,0,0,0,0,0,-11,-122,26790820,6,-240,-74061248
20:37:28.568,0,0.1,0,0,0,0,0,-9,754,26790822,-34,-210,-74061248
20:37:28.573,0,0.1,0,0,0,0,0,9,657,26790822,-11,263,-74061232
20:37:28.578,0,0.1,0,0,0,0,0,-2,473,26790822,58,313,-74061232
20:37:28.583,0,0.1,0,0,0,0,0,1,-1431,26790812,-32,291,-74061232
20:37:28.588,0,0.1,0,0,0,0,0,3,615,26790822,-54,298,-74061232
20:37:28.594,0,0.1,0,0,0,0,0,-7,497,26790822,46,287,-74061232
20:37:28.599,0,0.1,0,0,0,0,0,-11,-634,26790816,8,-186,-74061248
20:37:28.604,0,0.1,0,0,0,0,0,-6,502,26790822,-49,-187,-74061248
20:37:28.609,0,0.1,0,0,0,0,0,-2,-639,26790816,-40,-186,-74061248
20:37:28.614,0,0.1,0,0,0,0,0,26,791,26790822,52,-817,-74061248
20:37:28.619,0,0.1,0,0,0,0,0,-15,-1711,26790808,-10,247,-74061232
20:37:28.624,0,0.1,0,0,0,0,0,9,593,26790822,4,220,-74061232
20:37:28.629,0,0.1,0,0,0,0,0,-11,660,26790822,48,242,-74061232
20:37:28.634,0,0.1,0,0,0,0,0,-10,728,26790822,2,-204,-74061248
20:37:28.639,0,0.1,0,0,0,0,0,14,88,26790820,-45,275,-74061232
20:37:28.644,0,0.1,0,0,0,0,0,12,656,26790822,-12,246,-74061232
20:37:28.649,0,0.1,0,0,0,0,0,3,-549,26790816,2,-212,-74061248
20:37:28.654,0,0.1,0,0,0,0,0,-2,724,26790822,-43,-211,-74061248
20:37:28.659,0,0.1,0,0,0,0,0,20,761,26790822,0,282,-74061232
20:37:28.664,0,0.1,0,0,0,0,0,-3,-14,26790820,39,253,-74061232
20:37:28.669,0,0.1,0,0,0,0,0,1,571,26790822,39,-322,-74061248
20:37:28.674,0,0.1,0,0,0,0,0,-17,-55,26790820,-39,288,-74061232
20:37:28.680,0,0.1,0,0,0,0,0,-9,603,26790822,-32,-214,-74061248
20:37:28.685,0,0.1,0,0,0,0,0,-11,733,26790822,15,270,-74061232
20:37:28.690,0,0.1,0,0,0,0,0,4,1168,26790828,-14,-357,-74061248
20:37:28.695,0,0.1,0,0,0,0,0,-11,676,26790822,2,232,-74061232
20:37:28.700,0,0.1,0,0,0,0,0,-4,-5,26790820,18,-253,-74061248
20:37:28.705,0,0.1,0,0,0,0,0,11,504,26790822,-6,-244,-74061248
20:37:28.710,0,0.1,0,0,0,0,0,-63,471,26790822,35,-229,-74061248
20:37:28.715,0,0.1,0,0,0,0,0,-3,-584,26790816,2,-211,-74061248
20:37:28.720,0,0.1,0,0,0,0,0,-23,-1330,26790812,50,-218,-74061248
20:37:28.725,0,0.1,0,0,0,0,0,4,1163,26790828,-10,-235,-74061248
20:37:28.730,0,0.1,0,0,0,0,0,-5,1135,26790828,-17,-199,-74061248
20:37:28.735,0,0.1,0,0,0,0,0,-4,511,26790822,-13,276,-74061232
20:37:28.740,0,0.1,0,0,0,0,0,9,-1405,26790812,-67,-188,-74061248
20:37:28.745,0,0.1,0,0,0,0,0,0,-731,26790816,63,264,-74061232
20:37:28.750,0,0.1,0,0,0,0,0,4,463,26790822,33,303,-74061232
20:37:28.755,0,0.1,0,0,0,0,0,-4,-190,26790820,-76,-168,-74061248
20:37:28.761,0,0.1,0,0,0,0,0,10,358,26790822,13,-203,-74061248
20:37:28.766,0,0.1,0,0,0,0,0,6,-183,26790820,-28,276,-74061232
20:37:28.771,0,0.1,0,0,0,0,0,-15,636,26790822,-8,279,-74061232
20:37:28.776,0,0.1,0,0,0,0,0,-1,28,26790820,-77,-322,-74061248
20:37:28.781,0,0.1,0,0,0,0,0,11,-1177,26790812,0,272,-74061232
20:37:28.786,0,0.1,0,0,0,0,0,-6,522,26790822,41,1507,-74061232
20:37:28.791,0,0.1,0,0,0,0,0,-7,-39,26790820,-39,1019,-74061232
20:37:28.796,0,0.1,0,0,0,0,0,10,722,26790822,-94,-187,-74061248
20:37:28.801,0,0.1,0,0,0,0,0,26,-58,26790820,-34,334,-74061232
20:37:28.806,0,0.1,0,0,0,0,0,-5,498,26790822,41,312,-74061232
20:37:28.811,0,0.1,0,0,0,0,0,-57,582,26790822,-13,-176,-74061248
20:37:28.817,0,0.1,0,0,0,0,0,3,582,26790822,-10,311,-74061232
20:37:28.822,0,0.1,0,0,0,0,0,17,637,26790822,-13,272,-74061232
20:37:28.827,0,0.1,0,0,0,0,0,-18,-1318,26790812,28,-194,-74061248
20:37:28.832,0,0.1,0,0,0,0,0,25,-683,26790816,78,269,-74061232
20:37:28.837,0,0.1,0,0,0,0,0,7,74,26790820,23,-204,-74061248
20:37:28.842,0,0.1,0,0,0,0,0,-12,-1307,26790812,28,-168,-74061248
20:37:28.847,0,0.1,0,0,0,0,0,0,692,26790822,41,-159,-74061248
20:37:28.852,0,0.1,0,0,0,0,0,-22,1099,26790828,-14,-157,-74061248
20:37:28.857,0,0.1,0,0,0,0,0,-11,-1350,26790812,-32,-165,-74061248
20:37:28.862,0,0.1,0,0,0,0,0,-19,-1380,26790812,2,296,-74061232
20:37:28.868,0,0.1,0,0,0,0,0,11,-573,26790816,-44,268,-74061232
20:37:28.873,0,0.1,0,0,0,0,0,9,-561,26790816,-76,304,-74061232
20:37:28.878,0,0.1,0,0,0,0,0,96,1176,26790828,-2,-176,-74061248
20:37:28.883,0,0.1,0,0,0,0,0,-1,-1168,26790812,6,287,-74061232
20:37:28.888,0,0.1,0,0,0,0,0,-9,511,26790822,-52,-190,-74061248
20:37:28.893,0,0.1,0,0,0,0,0,-9,551,26790822,-12,-159,-74061248
20:37:28.898,0,0.1,0,0,0,0,0,-2,506,26790822,-14,-192,-74061248
20:37:28.903,0,0.1,0,0,0,0,0,3,-77,26790820,-21,-262,-74061248
20:37:28.908,0,0.1,0,0,0,0,0,17,-1821,26790808,26,-293,-74061248
20:37:28.913,0,0.1,0,0,0,0,0,4,-649,26790816,-30,218,-74061232
20:37:28.918,0,0.1,0,0,0,0,0,3,-171,26790820,-28,222,-74061232
20:37:28.923,0,0.1,0,0,0,0,0,9,-1807,26790808,25,393,-74061248
20:37:28.929,0,0.1,0,0,0,0,0,-10,190,26790820,-64,-222,-74061248
20:37:28.934,0,0.1,0,0,0,0,0,1,-1222,26790812,32,227,-74061232
20:37:28.939,0,0.1,0,0,0,0,0,5,608,26790822,-56,219,-74061248
20:37:28.944,0,0.1,0,0,0,0,0,-19,1949,26790830,24,226,-74061232
20:37:28.949,0,0.1,0,0,0,0,0,3,442,26790822,57,172,-74061232
20:37:28.954,0,0.1,0,0,0,0,0,14,662,26790822,21,233,-74061232
20:37:28.959,0,0.1,0,0,0,0,0,0,460,26790822,-2,-213,-74061248
20:37:28.964,0,0.1,0,0,0,0,0,-10,-575,26790816,-41,-228,-74061248
20:37:28.969,0,0.1,0,0,0,0,0,-4,97,26790820,-27,239,-74061232
20:37:28.974,0,0.1,0,0,0,0,0,3,516,26790822,6,-211,-74061248
20:37:28.979,0,0.1,0,0,0,0,0,10,61,26790820,23,-191,-74061248
20:37:28.984,0,0.1,0,0,0,0,0,10,-5,26790820,28,-209,-74061248
20:37:28.989,0,0.1,0,0,0,0,0,0,-1149,26790812,0,-181,-74061248
20:37:28.994,0,0.1,0,0,0,0,0,5,-1286,26790812,17,291,-74061232
20:37:28.999,0,0.1,0,0,0,0,0,4,-1192,26790812,9,-203,-74061248
20:37:29.004,0,0.1,0,0,0,0,0,-11,728,26790822,50,257,-74061232
20:37:29.010,0,0.1,0,0,0,0,0,-6,-413,26790816,36,249,-74061232
20:37:29.015,0,0.1,0,0,0,0,0,14,1328,26790828,37,-253,-74061248
20:37:29.020,0,0.1,0,0,0,0,0,-18,1138,26790828,4,-279,-74061248
20:37:29.025,0,0.1,0,0,0,0,0,-1,-174,26790820,-33,-258,-74061248
20:37:29.030,0,0.1,0,0,0,0,0,2,509,26790822,13,-208,-74061248
20:37:29.035,0,0.1,0,0,0,0,0,2,582,26790822,-38,221,-74061232
20:37:29.040,0,0.1,0,0,0,0,0,4,-1744,26790808,30,235,-74061232
20:37:29.045,0,0.1,0,0,0,0,0,1,-1258,26790812,-41,236,-74061232
20:37:29.050,0,0.1,0,0,0,0,0,-18,706,26790822,-74,-224,-74061248
20:37:29.055,0,0.1,0,0,0,0,0,-6,-1808,26790808,0,246,-74061232
20:37:29.060,0,0.1,0,0,0,0,0,-4,490,26790822,-45,256,-74061232
20:37:29.065,0,0.1,0,0,0,0,0,9,546,26790822,63,252,-74061232
20:37:29.070,0,0.1,0,0,0,0,0,-4,-19,26790820,46,-223,-74061248
20:37:29.075,0,0.1,0,0,0,0,0,-8,631,26790822,35,-202,-74061248
20:37:29.080,0,0.1,0,0,0,0,0,-12,689,26790822,0,-244,-74061248
20:37:29.085,0,0.1,0,0,0,0,0,-13,-1106,26790812,-19,-211,-74061248
20:37:29.091,0,0.1,0,0,0,0,0,5,-711,26790816,26,-191,-74061248
20:37:29.096,0,0.1,0,0,0,0,0,-2,570,26790822,0,230,-74061232
20:37:29.101,0,0.1,0,0,0,0,0,3,627,26790822,26,248,-74061232
20:37:29.106,0,0.1,0,0,0,0,0,1,-101,26790820,-8,-350,-74061248
20:37:29.111,0,0.1,0,0,0,0,0,-60,-1308,26790812,-12,-189,-74061248
20:37:29.116,0,0.1,0,0,0,0,0,0,636,26790822,-21,269,-74061232
20:37:29.121,0,0.1,0,0,0,0,0,15,628,26790822,28,-362,-74061248
20:37:29.127,0,0.1,0,0,0,0,0,0,562,26790822,18,251,-74061232
20:37:29.132,0,0.1,0,0,0,0,0,13,574,26790822,17,228,-74061232
20:37:29.137,0,0.1,0,0,0,0,0,2,-564,26790816,28,253,-74061232
20:37:29.142,0,0.1,0,0,0,0,0,-7,557,26790822,-45,-201,-74061248
20:37:29.147,0,0.1,0,0,0,0,0,-2,615,26790822,-67,270,-74061232
20:37:29.152,0,0.1,0,0,0,0,0,-9,480,26790822,22,205,-74061232
20:37:29.157,0,0.1,0,0,0,0,0,4,-670,26790816,-11,226,-74061232
20:37:29.162,0,0.1,0,0,0,0,0,3,50,26790820,44,206,-74061232
20:37:29.167,0,0.1,0,0,0,0,0,9,746,26790822,26,-215,-74061248
20:37:29.173,0,0.1,0,0,0,0,0,-31,104,26790820,-30,298,-74061232
20:37:29.178,0,0.1,0,0,0,0,0,10,-803,26790816,16,-236,-74061248
20:37:29.183,0,0.1,0,0,0,0,0,9,524,26790822,48,238,-74061232
20:37:29.188,0,0.1,0,0,0,0,0,-6,-1459,26790812,-15,-233,-74061248
20:37:29.193,0,0.1,0,0,0,0,0,-1,1087,26790828,-23,234,-74061232
20:37:29.198,0,0.1,0,0,0,0,0,5,377,26790822,9,-193,-74061248
20:37:29.203,0,0.1,0,0,0,0,0,-4,478,26790822,-19,-176,-74061248
20:37:29.208,0,0.1,0,0,0,0,0,1,-1394,26790812,-13,267,-74061232
20:37:29.213,0,0.1,0,0,0,0,0,2,-713,26790816,24,240,-74061232
20:37:29.218,0,0.1,0,0,0,0,0,20,564,26790822,0,214,-74061232
20:37:29.224,0,0.1,0,0,0,0,0,22,1180,26790828,31,-259,-74061248
20:37:29.229,0,0.1,0,0,0,0,0,-9,1167,26790828,-82,231,-74061232
20:37:29.234,0,0.1,0,0,0,0,0,-4,-1754,26790808,-50,223,-74061232
20:37:29.239,0,0.1,0,0,0,0,0,1,101,26790820,2,-230,-74061248
20:37:29.244,0,0.1,0,0,0,0,0,19,-129,26790820,-75,-257,-74061248
20:37:29.249,0,0.1,0,0,0,0,0,1,-146,26790820,39,234,-74061232
20:37:29.254,0,0.1,0,0,0,0,0,7,519,26790822,13,271,-74061232
20:37:29.259,0,0.1,0,0,0,0,0,0,105,26790820,-15,-210,-74061248
20:37:29.264,0,0.1,0,0,0,0,0,8,495,26790822,0,-196,-74061248
20:37:29.269,0,0.1,0,0,0,0,0,-16,-729,26790816,20,265,-74061232
20:37:29.274,0,0.1,0,0,0,0,0,-24,483,26790822,20,244,-74061232
20:37:29.279,0,0.1,0,0,0,0,0,-6,-643,26790816,-25,305,-74061232
20:37:29.284,0,0.1,0,0,0,0,0,14,477,26790822,-55,-218,-74061248
20:37:29.289,0,0.1,0,0,0,0,0,18,472,26790822,48,-210,-74061248
20:37:29.294,0,0.1,0,0,0,0,0,5,1303,26790828,11,278,-74061232
20:37:29.299,0,0.1,0,0,0,0,0,5,1182,26790828,-14,246,-74061232
20:37:29.304,0,0.1,0,0,0,0,0,-11,732,26790822,13,-241,-74061248
20:37:29.309,0,0.1,0,0,0,0,0,7,-1183,26790812,25,-211,-74061248
20:37:29.315,0,0.1,0,0,0,0,0,-37,-130,26790820,-8,-181,-74061248
20:37:29.320,0,0.1,0,0,0,0,0,22,44,26790820,54,-198,-74061248
20:37:29.325,0,0.1,0,0,0,0,0,-33,355,26790822,0,287,-74061232
20:37:29.330,0,0.1,0,0,0,0,0,7,1083,26790828,-63,256,-74061232
20:37:29.335,0,0.1,0,0,0,0,0,2,1167,26790828,-43,-207,-74061248
20:37:29.340,0,0.1,0,0,0,0,0,-4,-847,26790816,24,-206,-74061248
20:37:29.345,0,0.1,0,0,0,0,0,-5,-213,26790820,70,270,-74061232
20:37:29.350,0,0.1,0,0,0,0,0,4,-1393,26790812,18,291,-74061232
20:37:29.355,0,0.1,0,0,0,0,0,-6,-827,26790816,-37,265,-74061232
20:37:29.360,0,0.1,0,0,0,0,0,1,508,26790822,-5,247,-74061232
20:37:29.365,0,0.1,0,0,0,0,0,-3,541,26790822,-44,254,-74061232
20:37:29.370,0,0.1,0,0,0,0,0,3,-106,26790820,-46,-227,-74061248
20:37:29.375,0,0.1,0,0,0,0,0,2,48,26790820,-52,-1494,-74061248
20:37:29.380,0,0.1,0,0,0,0,0,5,9,26790820,-19,273,-74061232
20:37:29.385,0,0.1,0,0,0,0,0,-7,516,26790822,-21,-211,-74061248
20:37:29.390,0,0.1,0,0,0,0,0,19,402,26790822,22,220,-74061232
20:37:29.395,0,0.1,0,0,0,0,0,-3,526,26790822,34,197,-74061232
20:37:29.400,0,0.1,0,0,0,0,0,-14,500,26790822,-50,-247,-74061248
20:37:29.406,0,0.1,0,0,0,0,0,9,452,26790822,48,-818,-74061248
20:37:29.411,0,0.1,0,0,0,0,0,2,-1408,26790812,2,267,-74061232
20:37:29.416,0,0.1,0,0,0,0,0,20,700,26790822,-11,-212,-74061248
20:37:29.421,0,0.1,0,0,0,0,0,-9,683,26790822,-34,-210,-74061248
20:37:29.426,0,0.1,0,0,0,0,0,-4,-1199,26790812,-30,235,-74061232
20:37:29.431,0,0.1,0,0,0,0,0,-2,-1322,26790812,8,-218,-74061248
20:37:29.436,0,0.1,0,0,0,0,0,11,-790,26790816,-14,242,-74061232
20:37:29.441,0,0.1,0,0,0,0,0,13,492,26790822,-6,274,-74061232
20:37:29.446,0,0.1,0,0,0,0,0,17,-88,26790820,-1,-172,-74061248
20:37:29.451,0,0.1,0,0,0,0,0,14,-1922,26790808,6,-191,-74061248
20:37:29.456,0,0.1,0,0,0,0,0,15,-103,26790820,20,-206,-74061248
20:37:29.461,0,0.1,0,0,0,0,0,9,-142,26790820,-52,-205,-74061248
20:37:29.466,0,0.1,0,0,0,0,0,4,450,26790822,-30,229,-74061232
20:37:29.471,0,0.1,0,0,0,0,0,0,597,26790822,19,-212,-74061248
20:37:29.476,0,0.1,0,0,0,0,0,8,-1346,26790812,-6,-262,-74061248
20:37:29.482,0,0.1,0,0,0,0,0,-6,500,26790822,44,201,-74061232
20:37:29.487,0,0.1,0,0,0,0,0,-15,667,26790822,0,-225,-74061248
20:37:29.492,0,0.1,0,0,0,0,0,9,-801,26790816,4,-220,-74061248
20:37:29.497,0,0.1,0,0,0,0,0,4,-1465,26790812,17,223,-74061232
20:37:29.502,0,0.1,0,0,0,0,0,0,1019,26790828,-60,232,-74061232
20:37:29.507,0,0.1,0,0,0,0,0,-2,-695,26790828,67,280,-74061232
20:37:29.512,0,0.1,0,0,0,0,0,-33,390,26790822,-31,274,-74061232
20:37:29.517,0,0.1,0,0,0,0,0,3,-32,26790820,0,-207,-74061248
20:37:29.522,0,0.1,0,0,0,0,0,-2,-110,26790820,-8,-207,-74061248
20:37:29.527,0,0.1,0,0,0,0,0,13,-1348,26790812,-6,271,-74061232
20:37:29.532,0,0.1,0,0,0,0,0,11,-1268,26790812,-37,-225,-74061248
20:37:29.537,0,0.1,0,0,0,0,0,1,617,26790822,22,222,-74061232
20:37:29.542,0,0.1,0,0,0,0,0,-2,563,26790822,-67,-237,-74061248
20:37:29.547,0,0.1,0,0,0,0,0,2,369,26790822,67,-355,-74061248
20:37:29.552,0,0.1,0,0,0,0,0,3,-811,26790816,-10,-168,-74061248
20:37:29.557,0,0.1,0,0,0,0,0,-2,-36,26790820,-67,-185,-74061248
20:37:29.563,0,0.1,0,0,0,0,0,6,-1208,26790812,-10,279,-74061232
20:37:29.568,0,0.1,0,0,0,0,0,-16,574,26790822,11,268,-74061232
20:37:29.573,0,0.1,0,0,0,0,0,-3,822,26790822,55,-362,-74061248
20:37:29.578,0,0.1,0,0,0,0,0,-3,1419,26790828,-18,325,-74061232
20:37:29.583,0,0.1,0,0,0,0,0,3,-573,26790816,-30,338,-74061232
20:37:29.588,0,0.1,0,0,0,0,0,17,132,26790820,18,292,-74061232
20:37:29.593,0,0.1,0,0,0,0,0,1,491,26790822,52,-232,-74061248
20:37:29.598,0,0.1,0,0,0,0,0,1,645,26790822,-17,-2070,-74061248
20:37:29.603,0,0.1,0,0,0,0,0,7,-1217,26790812,-38,-216,-74061248
20:37:29.608,0,0.1,0,0,0,0,0,14,466,26790822,22,-160,-74061248
20:37:29.613,0,0.1,0,0,0,0,0,-5,408,26790822,29,302,-74061232
20:37:29.618,0,0.1,0,0,0,0,0,0,454,26790822,0,274,-74061232
20:37:29.623,0,0.1,0,0,0,0,0,18,2314,26790836,32,251,-74061232
20:37:29.628,0,0.1,0,0,0,0,0,12,577,26790822,-28,-356,-74061248
20:37:29.633,0,0.1,0,0,0,0,0,-2,598,26790822,28,-189,-74061248
20:37:29.638,0,0.1,0,0,0,0,0,-3,346,26790822,32,282,-74061232
20:37:29.644,0,0.1,0,0,0,0,0,-77,392,26790822,8,278,-74061232
20:37:29.649,0,0.1,0,0,0,0,0,2,-71,26790820,15,273,-74061232
20:37:29.654,0,0.1,0,0,0,0,0,-5,628,26790822,26,-160,-74061248
20:37:29.659,0,0.1,0,0,0,0,0,14,451,26790822,0,280,-74061232
20:37:29.664,0,0.1,0,0,0,0,0,-16,508,26790822,-26,-920,-74061248
20:37:29.669,0,0.1,0,0,0,0,0,18,1097,26790828,50,-120,-74061248
20:37:29.674,0,0.1,0,0,0,0,0,7,722,26790822,40,-168,-74061248
20:37:29.679,0,0.1,0,0,0,0,0,14,508,26790822,39,295,-74061232
20:37:29.684,0,0.1,0,0,0,0,0,-1,-616,26790816,26,302,-74061232
20:37:29.689,0,0.1,0,0,0,0,0,5,63,26790820,39,-195,-74061248
20:37:29.694,0,0.1,0,0,0,0,0,-15,480,26790822,59,264,-74061232
20:37:29.699,0,0.1,0,0,0,0,0,-3,675,26790822,46,273,-74061232
20:37:29.704,0,0.1,0,0,0,0,0,2,589,26790822,13,-157,-74061248
20:37:29.709,0,0.1,0,0,0,0,0,5,631,26790822,-12,297,-74061232
20:37:29.714,0,0.1,0,0,0,0,0,-43,2413,26790836,34,-168,-74061248
20:37:29.719,0,0.1,0,0,0,0,0,-2,-1869,26790808,-43,-137,-74061248
20:37:29.725,0,0.1,0,0,0,0,0,4,-1188,26790812,19,-142,-74061248
20:37:29.730,0,0.1,0,0,0,0,0,-3,-64,26790820,-61,-273,-74061248
20:37:29.735,0,0.1,0,0,0,0,0,28,70,26790820,-8,-131,-74061232
20:37:29.740,0,0.1,0,0,0,0,0,25,-1771,26790808,-1,344,-74061232
20:37:29.745,0,0.1,0,0,0,0,0,15,608,26790820,5,370,-74061232
20:37:29.750,0,0.1,0,0,0,0,0,-31,637,26790822,-32,-276,-74061248
20:37:29.755,0,0.1,0,0,0,0,0,0,556,26790822,52,-182,-74061248
20:37:29.760,0,0.1,0,0,0,0,0,9,681,26790822,-8,-155,-74061248
20:37:29.765,0,0.1,0,0,0,0,0,-39,708,26790822,-4,2186,-74061232
20:37:29.770,0,0.1,0,0,0,0,0,-13,658,26790822,24,-170,-74061248
20:37:29.775,0,0.1,0,0,0,0,0,15,1692,26790830,44,293,-74061232
20:37:29.780,0,0.1,0,0,0,0,0,-6,-1843,26790808,39,-97,-74061248
20:37:29.785,0,0.1,0,0,0,0,0,16,-120,26790820,2,323,-74061232
20:37:29.790,0,0.1,0,0,0,0,0,-11,633,26790822,-39,-101,-74061248
20:37:29.795,0,0.1,0,0,0,0,0,-59,-1204,26790812,39,354,-74061232
20:37:29.800,0,0.1,0,0,0,0,0,0,-496,26790816,15,-144,-74061248
20:37:29.805,0,0.1,0,0,0,0,0,0,89,26790820,48,-127,-74061248
20:37:29.811,0,0.1,0,0,0,0,0,0,-534,26790816,-39,-141,-74061248
20:37:29.816,0,0.1,0,0,0,0,0,10,-1,26790820,-64,-149,-74061248
20:37:29.821,0,0.1,0,0,0,0,0,-2,511,26790822,-30,329,-74061232
20:37:29.826,0,0.1,0,0,0,0,0,0,490,26790822,48,301,-74061232
20:37:29.831,0,0.1,0,0,0,0,0,7,637,26790822,-119,-310,-74061232
20:37:29.836,0,0.1,0,0,0,0,0,2,537,26790822,41,-137,-74061248
20:37:29.841,0,0.1,0,0,0,0,0,9,-95,26790820,0,-134,-74061248
20:37:29.846,0,0.1,0,0,0,0,0,6,-72,26790820,13,303,-74061232
20:37:29.851,0,0.1,0,0,0,0,0,17,61,26790820,-19,-165,-74061248
20:37:29.856,0,0.1,0,0,0,0,0,5,1231,26790828,-47,-168,-74061248
20:37:29.861,0,0.1,0,0,0,0,0,0,164,26790820,-11,-191,-74061248
20:37:29.866,0,0.1,0,0,0,0,0,-1,29,26790820,-49,-159,-74061248
20:37:29.871,0,0.1,0,0,0,0,0,-12,530,26790822,-92,-144,-74061248
20:37:29.876,0,0.1,0,0,0,0,0,12,492,26790822,74,-110,-74061248
20:37:29.881,0,0.1,0,0,0,0,0,-22,383,26790822,6,342,-74061232
20:37:29.886,0,0.1,0,0,0,0,0,9,1283,26790828,-20,-85,-74061248
20:37:29.891,0,0.1,0,0,0,0,0,-11,8,26790820,26,411,-74061232
20:37:29.896,0,0.1,0,0,0,0,0,-5,-1876,26790808,18,398,-74061232
20:37:29.902,0,0.1,0,0,0,0,0,-3,-1189,26790812,-18,-95,-74061248
20:37:29.907,0,0.1,0,0,0,0,0,7,-1362,26790812,-10,347,-74061232
20:37:29.912,0,0.1,0,0,0,0,0,13,-1788,26790808,19,-89,-74061248
20:37:29.917,0,0.1,0,0,0,0,0,7,-607,26790816,-13,-109,-74061248
20:37:29.922,0,0.1,0,0,0,0,0,6,486,26790822,-51,376,-74061232
20:37:29.927,0,0.1,0,0,0,0,0,16,-32,26790820,-47,-142,-74061248
20:37:29.932,0,0.1,0,0,0,0,0,0,-561,26790816,-3,322,-74061232
20:37:29.937,0,0.1,0,0,0,0,0,18,-118,26790820,22,-221,-74061248
20:37:29.942,0,0.1,0,0,0,0,0,11,481,26790822,-8,-112,-74061248
20:37:29.947,0,0.1,0,0,0,0,0,-7,575,26790822,68,-127,-74061248
20:37:29.952,0,0.1,0,0,0,0,0,-80,513,26790822,-28,373,-74061232
20:37:29.957,0,0.1,0,0,0,0,0,-5,758,26790822,13,-236,-74061248
20:37:29.962,0,0.1,0,0,0,0,0,5,-490,26790816,-72,-122,-74061248
20:37:29.967,0,0.1,0,0,0,0,0,3,-15,26790820,48,-253,-74061248
20:37:29.972,0,0.1,0,0,0,0,0,8,-697,26790816,-20,-95,-74061248
20:37:29.977,0,0.1,0,0,0,0,0,-4,-99,26790820,-2,361,-74061232
20:37:29.983,0,0.1,0,0,0,0,0,-10,6,26790820,55,363,-74061232
20:37:29.988,0,0.1,0,0,0,0,0,0,496,26790822,11,-124,-74061248
20:37:29.993,0,0.1,0,0,0,0,0,30,-18,26790820,-26,-92,-74061248
20:37:29.998,0,0.1,0,0,0,0,0,6,502,26790822,30,380,-74061232
20:37:30.003,0,0.1,0,0,0,0,0,6,349,26790822,15,50,-74061248
20:37:30.008,0,0.1,0,0,0,0,0,0,-593,26790816,0,-24,-74061248
20:37:30.013,0,0.1,0,0,0,0,0,15,587,26790822,22,-18,-74061248
20:37:30.018,0,0.1,0,0,0,0,0,-25,2293,26790836,-4,16,-74061248
20:37:30.023,0,0.1,0,0,0,0,0,-14,665,26790822,-8,420,-74061232
20:37:30.028,0,0.1,0,0,0,0,0,152,1742,26790830,15,-80,-74061248
20:37:30.033,0,0.1,0,0,0,0,0,-1,-725,26790816,40,-33,-74061248
20:37:30.038,0,0.1,0,0,0,0,0,-5,570,26790822,27,-17,-74061248
20:37:30.043,0,0.1,0,0,0,0,0,-25,617,26790822,35,-2093,-74061248
20:37:30.048,0,0.1,0,0,0,0,0,3,465,26790822,-1,-2082,-74061248
20:37:30.053,0,0.1,0,0,0,0,0,11,-1823,26790808,-73,-44,-74061248
20:37:30.058,0,0.1,0,0,0,0,0,0,-154,26790820,9,-73,-74061248
20:37:30.063,0,0.1,0,0,0,0,0,11,346,26790822,-13,-84,-74061248
20:37:30.068,0,0.1,0,0,0,0,0,-6,404,26790822,19,-81,-74061248
20:37:30.074,0,0.1,0,0,0,0,0,-69,2310,26790836,11,-82,-74061248
20:37:30.079,0,0.1,0,0,0,0,0,-1,580,26790822,-20,-74,-74061248
20:37:30.084,0,0.1,0,0,0,0,0,-5,-618,26790816,22,-39,-74061248
20:37:30.089,0,0.1,0,0,0,0,0,-15,755,26790822,24,461,-74061232
20:37:30.094,0,0.1,0,0,0,0,0,0,564,26790822,46,-43,-74061248
20:37:30.099,0,0.1,0,0,0,0,0,6,125,26790820,22,432,-74061232
20:37:30.104,0,0.1,0,0,0,0,0,1,-1800,26790808,22,-2029,-74061248
20:37:30.109,0,0.1,0,0,0,0,0,12,-2039,26790808,-28,-128,-74061232
20:37:30.114,0,0.1,0,0,0,0,0,2,512,26790822,25,40,-74061248
20:37:30.119,0,0.1,0,0,0,0,0,5,618,26790822,4,491,-74061232
20:37:30.124,0,0.1,0,0,0,0,0,9,-1827,26790808,67,-41,-74061248
20:37:30.129,0,0.1,0,0,0,0,0,-45,711,26790822,18,-22,-74061248
20:37:30.134,0,0.1,0,0,0,0,0,-7,590,26790822,-8,400,-74061232
20:37:30.139,0,0.1,0,0,0,0,0,-12,-179,26790820,-79,401,-74061232
20:37:30.144,0,0.1,0,0,0,0,0,6,1051,26790828,-97,-107,-74061248
20:37:30.149,0,0.1,0,0,0,0,0,3,1128,26790828,-2,364,-74061232
20:37:30.154,0,0.1,0,0,0,0,0,7,388,26790822,7,-785,-74061248
20:37:30.159,0,0.1,0,0,0,0,0,4,-85,26790820,-33,-165,-74061248
20:37:30.164,0,0.1,0,0,0,0,0,-13,757,26790822,-62,-755,-74061248
20:37:30.170,0,0.1,0,0,0,0,0,8,598,26790822,8,391,-74061232
20:37:30.175,0,0.1,0,0,0,0,0,19,-8,26790820,-56,404,-74061232
20:37:30.180,0,0.1,0,0,0,0,0,10,462,26790822,61,6,-74061248
20:37:30.185,0,0.1,0,0,0,0,0,1,397,26790822,-11,419,-74061232
20:37:30.190,0,0.1,0,0,0,0,0,-6,922,26790828,-45,462,-74061232
20:37:30.195,0,0.1,0,0,0,0,0,-35,536,26790822,41,-94,-74061248
20:37:30.200,0,0.1,0,0,0,0,0,-1,426,26790822,74,-229,-74061248
20:37:30.205,0,0.1,0,0,0,0,0,0,620,26790822,4,-13,-74061248
20:37:30.210,0,0.1,0,0,0,0,0,-27,705,26790822,-3,5,-74061248
20:37:30.215,0,0.1,0,0,0,0,0,-7,-1397,26790812,-4,438,-74061232
20:37:30.220,0,0.1,0,0,0,0,0,5,623,26790822,-8,-808,-74061248
20:37:30.225,0,0.1,0,0,0,0,0,0,531,26790822,-5,421,-74061232
20:37:30.230,0,0.1,0,0,0,0,0,-36,102,26790820,-14,416,-74061232
20:37:30.235,0,0.1,0,0,0,0,0,-73,-751,26790816,39,437,-74061232
20:37:30.241,0,0.1,0,0,0,0,0,3,490,26790822,29,-34,-74061248
20:37:30.246,0,0.1,0,0,0,0,0,-15,552,26790822,20,-25,-74061248
20:37:30.251,0,0.1,0,0,0,0,0,0,7,26790820,0,470,-74061232
20:37:30.256,0,0.1,0,0,0,0,0,7,566,26790822,48,446,-74061232
20:37:30.261,0,0.1,0,0,0,0,0,-8,507,26790822,-18,0,-74061248
20:37:30.266,0,0.1,0,0,0,0,0,-2,20,26790820,-34,-123,-74061248
20:37:30.271,0,0.1,0,0,0,0,0,21,530,26790822,13,580,-74061232
20:37:30.276,0,0.1,0,0,0,0,0,-2,603,26790822,-41,511,-74061232
20:37:30.281,0,0.1,0,0,0,0,0,-9,663,26790822,-45,-62,-74061248
20:37:30.286,0,0.1,0,0,0,0,0,21,-1264,26790812,0,-1942,-74061248
20:37:30.291,0,0.1,0,0,0,0,0,-11,-5,26790820,59,-512,-74061248
20:37:30.296,0,0.1,0,0,0,0,0,9,-1852,26790808,41,639,-74061232
20:37:30.301,0,0.1,0,0,0,0,0,-1,-152,26790820,22,-497,-74061248
20:37:30.306,0,0.1,0,0,0,0,0,-6,-1462,26790812,-2,-998,-74061248
20:37:30.312,0,0.1,0,0,0,0,0,-7,1750,26790830,37,665,-74061232
20:37:30.317,0,0.1,0,0,0,0,0,6,-217,26790820,-58,-2286,-74061264
20:37:30.322,0,0.1,0,0,0,0,0,-7,-815,26790816,28,-454,-74061248
20:37:30.327,0,0.1,0,0,0,0,0,0,404,26790822,-16,187,-74061248
20:37:30.332,0,0.1,0,0,0,0,0,-2,517,26790822,-30,199,-74061248
20:37:30.337,0,0.1,0,0,0,0,0,-10,-52,26790820,35,736,-74061232
20:37:30.342,0,0.1,0,0,0,0,0,-6,-1938,26790808,-58,-1095,-74061248
20:37:30.347,0,0.1,0,0,0,0,0,-3,1216,26790828,46,-1211,-74061248
20:37:30.352,0,0.1,0,0,0,0,0,17,-1496,26790812,-40,-304,-74061248
20:37:30.357,0,0.1,0,0,0,0,0,-3,454,26790822,-1,186,-74061248
20:37:30.362,0,0.1,0,0,0,0,0,-8,13,26790820,13,799,-74061232
20:37:30.367,0,0.1,0,0,0,0,0,9,438,26790822,2,242,-74061248
20:37:30.372,0,0.1,0,0,0,0,0,5,-1857,26790808,-43,-357,-74061248
20:37:30.377,0,0.1,0,0,0,0,0,14,55,26790820,30,-874,-74061248
20:37:30.382,0,0.1,0,0,0,0,0,-7,728,26790822,19,388,-74061248
20:37:30.387,0,0.1,0,0,0,0,0,1,-777,26790816,0,419,-74061248
20:37:30.392,0,0.1,0,0,0,0,0,-16,457,26790822,-8,-2080,-74061264
20:37:30.398,0,0.1,0,0,0,0,0,-32,1868,26790830,22,317,-74061248
20:37:30.403,0,0.1,0,0,0,0,0,-16,-105,26790820,7,330,-74061248
20:37:30.408,0,0.1,0,0,0,0,0,13,477,26790822,-47,917,-74061232
20:37:30.413,0,0.1,0,0,0,0,0,-1,-169,26790820,-75,-209,-74061248
20:37:30.418,0,0.1,0,0,0,0,0,8,-1841,26790808,24,860,-74061232
20:37:30.423,0,0.1,0,0,0,0,0,20,465,26790822,0,410,-74061248
20:37:30.428,0,0.1,0,0,0,0,0,12,-1332,26790812,24,-861,-74061248
20:37:30.433,0,0.1,0,0,0,0,0,10,-1809,26790808,-8,941,-74061232
20:37:30.438,0,0.1,0,0,0,0,0,0,-1725,26790808,28,838,-74061232
20:37:30.443,0,0.1,0,0,0,0,0,-8,-1895,26790808,18,-413,-74061248
20:37:30.448,0,0.1,0,0,0,0,0,-13,22,26790820,4,440,-74061248
20:37:30.453,0,0.1,0,0,0,0,0,6,36,26790820,-10,348,-74061248
20:37:30.458,0,0.1,0,0,0,0,0,-3,456,26790822,-103,-1665,-74061248
20:37:30.463,0,0.1,0,0,0,0,0,0,534,26790822,-47,-824,-74061248
20:37:30.468,0,0.1,0,0,0,0,0,-8,525,26790822,22,910,-74061232
20:37:30.473,0,0.1,0,0,0,0,0,-2,565,26790822,10,904,-74061232
20:37:30.478,0,0.1,0,0,0,0,0,-28,1625,26790830,13,501,-74061248
20:37:30.484,0,0.1,0,0,0,0,0,-1,315,26790822,-10,952,-74061232
20:37:30.489,0,0.1,0,0,0,0,0,4,-1442,26790812,-38,-785,-74061248
20:37:30.494,0,0.1,0,0,0,0,0,5,475,26790822,-41,278,-74061248
20:37:30.499,0,0.1,0,0,0,0,0,4,450,26790822,-43,-882,-74061248
20:37:30.504,0,0.1,0,0,0,0,0,-1,532,26790822,-2,474,-74061248
20:37:30.509,0,0.1,0,0,0,0,0,-2,11,26790820,-4,-747,-74061248
20:37:30.514,0,0.1,0,0,0,0,0,-6,450,26790822,-39,418,-74061248
20:37:30.519,0,0.1,0,0,0,0,0,0,577,26790822,-8,443,-74061248
20:37:30.524,0,0.1,0,0,0,0,0,7,585,26790822,-20,522,-74061248
20:37:30.529,0,0.1,0,0,0,0,0,7,434,26790822,-128,-333,-74061248
20:37:30.534,0,0.1,0,0,0,0,0,-7,491,26790822,-5,-2091,-74061264
20:37:30.539,0,0.1,0,0,0,0,0,15,-1475,26790812,-61,-1996,-74061264
20:37:30.545,0,0.1,0,0,0,0,0,-23,501,26790822,28,-2030,-74061264
20:37:30.550,0,0.1,0,0,0,0,0,-8,-1784,26790808,-23,271,-74061248
20:37:30.555,0,0.1,0,0,0,0,0,91,1190,26790828,-68,486,-74061248
20:37:30.560,0,0.1,0,0,0,0,0,21,80,26790820,76,292,-74061248
20:37:30.565,0,0.1,0,0,0,0,0,0,-13,26790820,-4,845,-74061232
20:37:30.570,0,0.1,0,0,0,0,0,-10,596,26790822,-47,-985,-74061248
20:37:30.576,0,0.1,0,0,0,0,0,-2,32,26790820,44,-981,-74061248
20:37:30.581,0,0.1,0,0,0,0,0,4,637,26790822,32,-147,-74061248
20:37:30.586,0,0.1,0,0,0,0,0,1,399,26790822,28,890,-74061232
20:37:30.591,0,0.1,0,0,0,0,0,-9,642,26790822,-17,287,-74061248
20:37:30.596,0,0.1,0,0,0,0,0,-36,600,26790822,19,509,-74061248
20:37:30.601,0,0.1,0,0,0,0,0,-17,-2009,26790808,-6,915,-74061232
20:37:30.606,0,0.1,0,0,0,0,0,-11,478,26790822,24,370,-74061248
20:37:30.611,0,0.1,0,0,0,0,0,-7,543,26790822,0,-1445,-74061248
20:37:30.616,0,0.1,0,0,0,0,0,-4,-96,26790820,13,435,-74061248
20:37:30.621,0,0.1,0,0,0,0,0,0,441,26790822,-37,-1615,-74061248
20:37:30.626,0,0.1,0,0,0,0,0,8,-77,26790820,60,464,-74061248
20:37:30.631,0,0.1,0,0,0,0,0,-19,2522,26790836,-10,-1520,-74061248
20:37:30.636,0,0.1,0,0,0,0,0,-20,-183,26790820,25,536,-74061248
20:37:30.641,0,0.1,0,0,0,0,0,0,546,26790822,13,-1553,-74061248
20:37:30.646,0,0.1,0,0,0,0,0,-6,-17,26790820,-130,-742,-74061248
20:37:30.651,0,0.1,0,0,0,0,0,-10,-1305,26790812,-34,-740,-74061248
20:37:30.657,0,0.1,0,0,0,0,0,1,-693,26790816,-10,-1982,-74061264
20:37:30.662,0,0.1,0,0,0,0,0,3,366,26790822,50,-1553,-74061248
20:37:30.667,0,0.1,0,0,0,0,0,15,481,26790822,15,470,-74061248
20:37:30.672,0,0.1,0,0,0,0,0,-19,602,26790822,29,-194,-74061248
20:37:30.677,0,0.1,0,0,0,0,0,-13,24,26790820,-62,427,-74061248
20:37:30.682,0,0.1,0,0,0,0,0,0,529,26790822,4,-208,-74061248
20:37:30.687,0,0.1,0,0,0,0,0,163,-564,26790816,-39,429,-74061248
20:37:30.692,0,0.1,0,0,0,0,0,-2,-1302,26790812,5,-1594,-74061248
20:37:30.697,0,0.1,0,0,0,0,0,0,-1922,26790808,-67,400,-74061248
20:37:30.702,0,0.1,0,0,0,0,0,3,458,26790822,-45,476,-74061248
20:37:30.707,0,0.1,0,0,0,0,0,13,-101,26790820,48,430,-74061248
20:37:30.712,0,0.1,0,0,0,0,0,-13,-815,26790816,-6,-1394,-74061248
20:37:30.717,0,0.1,0,0,0,0,0,2,402,26790822,26,945,-74061232
20:37:30.722,0,0.1,0,0,0,0,0,2,-233,26790820,87,858,-74061232
20:37:30.727,0,0.1,0,0,0,0,0,-15,-19,26790820,52,927,-74061232
20:37:30.733,0,0.1,0,0,0,0,0,-1,59,26790820,58,455,-74061248
20:37:30.738,0,0.1,0,0,0,0,0,-31,697,26790822,-88,898,-74061232
20:37:30.743,0,0.1,0,0,0,0,0,-33,-760,26790816,-8,-275,-74061248
20:37:30.748,0,0.1,0,0,0,0,0,-7,-578,26790816,84,969,-74061232
20:37:30.753,0,0.1,0,0,0,0,0,17,1132,26790828,-33,387,-74061248
20:37:30.758,0,0.1,0,0,0,0,0,3,398,26790822,22,1010,-74061232
20:37:30.763,0,0.1,0,0,0,0,0,2,-71,26790820,39,437,-74061248
20:37:30.768,0,0.1,0,0,0,0,0,17,-643,26790816,35,535,-74061248
20:37:30.773,0,0.1,0,0,0,0,0,80,-130,26790820,-19,-97,-74061248
20:37:30.778,0,0.1,0,0,0,0,0,20,371,26790822,17,-1435,-74061248
20:37:30.783,0,0.1,0,0,0,0,0,4,-680,26790816,15,985,-74061232
20:37:30.789,0,0.1,0,0,0,0,0,4,11,26790820,-19,-1996,-74061264
20:37:30.794,0,0.1,0,0,0,0,0,4,-200,26790820,17,-2036,-74061264
20:37:30.799,0,0.1,0,0,0,0,0,-3,-1278,26790812,39,486,-74061248
20:37:30.804,0,0.1,0,0,0,0,0,11,-181,26790820,-34,483,-74061248
20:37:30.809,0,0.1,0,0,0,0,0,-3,637,26790822,28,-157,-74061248
20:37:30.814,0,0.1,0,0,0,0,0,-6,-67,26790820,-47,-845,-74061248
20:37:30.819,0,0.1,0,0,0,0,0,-25,482,26790822,58,-117,-74061248
20:37:30.824,0,0.1,0,0,0,0,0,0,-122,26790820,-82,414,-74061248
20:37:30.829,0,0.1,0,0,0,0,0,5,-1367,26790812,-1,-1009,-74061248
20:37:30.834,0,0.1,0,0,0,0,0,6,500,26790822,10,839,-74061232
20:37:30.839,0,0.1,0,0,0,0,0,-2,706,26790822,0,787,-74061232
20:37:30.844,0,0.1,0,0,0,0,0,6,-73,26790820,11,342,-74061248
20:37:30.849,0,0.1,0,0,0,0,0,9,1150,26790828,41,217,-74061248
20:37:30.854,0,0.1,0,0,0,0,0,-11,502,26790822,-13,385,-74061248
20:37:30.859,0,0.1,0,0,0,0,0,17,-789,26790816,-9,843,-74061232
20:37:30.864,0,0.1,0,0,0,0,0,2,-787,26790816,-71,271,-74061248
20:37:30.869,0,0.1,0,0,0,0,0,1,-156,26790820,-30,355,-74061248
20:37:30.874,0,0.1,0,0,0,0,0,3,432,26790822,26,367,-74061248
20:37:30.880,0,0.1,0,0,0,0,0,3,490,26790822,-28,842,-74061232
20:37:30.885,0,0.1,0,0,0,0,0,-57,587,26790822,24,159,-74061248
20:37:30.890,0,0.1,0,0,0,0,0,6,603,26790822,-6,229,-74061248
20:37:30.895,0,0.1,0,0,0,0,0,-2,-1896,26790808,-84,354,-74061248
20:37:30.900,0,0.1,0,0,0,0,0,7,-12,26790820,15,-1687,-74061248
20:37:30.905,0,0.1,0,0,0,0,0,0,624,26790822,0,-1374,-74061248
20:37:30.910,0,0.1,0,0,0,0,0,-28,588,26790822,-15,517,-74061248
20:37:30.916,0,0.1,0,0,0,0,0,1,589,26790822,-19,343,-74061248
20:37:30.921,0,0.1,0,0,0,0,0,21,605,26790822,-76,526,-74061248
20:37:30.926,0,0.1,0,0,0,0,0,-9,382,26790822,-27,446,-74061248
20:37:30.931,0,0.1,0,0,0,0,0,-10,-1930,26790808,-39,-174,-74061248
20:37:30.936,0,0.1,0,0,0,0,0,0,-618,26790816,33,-2150,-74061264
20:37:30.941,0,0.1,0,0,0,0,0,-11,-805,26790816,8,467,-74061248
20:37:30.946,0,0.1,0,0,0,0,0,13,656,26790822,32,966,-74061232
20:37:30.951,0,0.1,0,0,0,0,0,0,596,26790822,30,-188,-74061248
20:37:30.956,0,0.1,0,0,0,0,0,21,-78,26790820,20,-424,-74061248
20:37:30.961,0,0.1,0,0,0,0,0,-5,-53,26790820,28,-263,-74061248
20:37:30.966,0,0.1,0,0,0,0,0,-10,387,26790822,83,-964,-74061248
20:37:30.971,0,0.1,0,0,0,0,0,8,-36,26790820,26,848,-74061232
20:37:30.976,0,0.1,0,0,0,0,0,6,-1495,26790812,11,382,-74061248
20:37:30.982,0,0.1,0,0,0,0,0,-26,341,26790822,55,940,-74061232
20:37:30.987,0,0.1,0,0,0,0,0,-5,457,26790822,0,377,-74061248
20:37:30.992,0,0.1,0,0,0,0,0,-6,975,26790828,17,358,-74061248
20:37:30.997,0,0.1,0,0,0,0,0,-4,-1814,26790808,-14,204,-74061248
20:37:31.002,0,0.1,0,0,0,0,0,18,675,26790822,-34,357,-74061248
20:37:31.007,0,0.1,0,0,0,0,0,-9,-1171,26790812,61,-203,-74061248
20:37:31.012,0,0.1,0,0,0,0,0,-12,1194,26790828,-61,-933,-74061248
20:37:31.017,0,0.1,0,0,0,0,0,7,-636,26790816,34,-1582,-74061248
20:37:31.023,0,0.1,0,0,0,0,0,-4,347,26790822,-12,-699,-74061248
20:37:31.028,0,0.1,0,0,0,0,0,-7,387,26790822,26,465,-74061248
20:37:31.033,0,0.1,0,0,0,0,0,31,1658,26790830,-52,540,-74061248
20:37:31.033,0,0.1,0,0,0,0,0,1,412,26790822,18,316,-74061248
20:37:31.038,0,0.1,0,0,0,0,0,-9,458,26790822,-10,-273,-74061248
20:37:31.043,0,0.1,0,0,0,0,0,-83,-316,26790820,44,-1349,-74061248
20:37:31.048,0,0.1,0,0,0,0,0,-50,437,26790822,-4,989,-74061232
20:37:31.053,0,0.1,0,0,0,0,0,6,-658,26790816,-60,-181,-74061248
20:37:31.058,0,0.1,0,0,0,0,0,-10,510,26790822,-10,855,-74061232
20:37:31.063,0,0.1,0,0,0,0,0,7,520,26790822,-75,893,-74061232
20:37:31.068,0,0.1,0,0,0,0,0,-8,-1246,26790812,22,-1558,-74061248
20:37:31.073,0,0.1,0,0,0,0,0,16,-1895,26790808,-65,359,-74061248
20:37:31.079,0,0.1,0,0,0,0,0,-7,443,26790822,-33,-468,-74061248
20:37:31.084,0,0.1,0,0,0,0,0,-24,600,26790822,2,345,-74061248
20:37:31.089,0,0.1,0,0,0,0,0,10,621,26790822,-20,-411,-74061248
20:37:31.094,0,0.1,0,0,0,0,0,15,-1365,26790812,-47,239,-74061248
20:37:31.099,0,0.1,0,0,0,0,0,0,-580,26790816,-8,355,-74061248
20:37:31.104,0,0.1,0,0,0,0,0,2,-770,26790816,17,828,-74061232
20:37:31.109,0,0.1,0,0,0,0,0,2,469,26790822,-78,201,-74061248
20:37:31.114,0,0.1,0,0,0,0,0,-26,427,26790822,3,388,-74061248
20:37:31.119,0,0.1,0,0,0,0,0,15,1000,26790828,0,182,-74061248
20:37:31.125,0,0.1,0,0,0,0,0,-41,543,26790822,-41,770,-74061232
20:37:31.130,0,0.1,0,0,0,0,0,-34,1851,26790830,-8,-862,-74061248
20:37:31.135,0,0.1,0,0,0,0,0,13,611,26790822,74,-1581,-74061248
20:37:31.140,0,0.1,0,0,0,0,0,0,1189,26790828,-71,382,-74061248
20:37:31.145,0,0.1,0,0,0,0,0,-26,-210,26790820,13,-1569,-74061248
20:37:31.150,0,0.1,0,0,0,0,0,23,-616,26790816,39,898,-74061232
20:37:31.155,0,0.1,0,0,0,0,0,4,87,26790820,52,714,-74061232
20:37:31.160,0,0.1,0,0,0,0,0,-13,-1705,26790808,-65,733,-74061232
20:37:31.165,0,0.1,0,0,0,0,0,-48,-152,26790820,-25,-1182,-74061248
20:37:31.170,0,0.1,0,0,0,0,0,2,437,26790822,-23,820,-74061232
20:37:31.175,0,0.1,0,0,0,0,0,11,336,26790822,39,453,-74061248
20:37:31.181,0,0.1,0,0,0,0,0,-15,547,26790822,-40,836,-74061232
20:37:31.186,0,0.1,0,0,0,0,0,3,-13,26790820,50,340,-74061248
20:37:31.191,0,0.1,0,0,0,0,0,10,442,26790822,9,389,-74061248
20:37:31.196,0,0.1,0,0,0,0,0,8,518,26790822,44,903,-74061232
20:37:31.201,0,0.1,0,0,0,0,0,17,468,26790822,26,-179,-74061248
20:37:31.206,0,0.1,0,0,0,0,0,-8,487,26790822,11,435,-74061248
20:37:31.211,0,0.1,0,0,0,0,0,-3,375,26790822,52,-74,-74061248
20:37:31.216,0,0.1,0,0,0,0,0,1,-1403,26790812,-52,-679,-74061248
20:37:31.221,0,0.1,0,0,0,0,0,-34,386,26790822,13,856,-74061232
20:37:31.226,0,0.1,0,0,0,0,0,4,510,26790822,11,799,-74061232
20:37:31.232,0,0.1,0,0,0,0,0,-13,-1258,26790812,18,146,-74061248
20:37:31.237,0,0.1,0,0,0,0,0,-9,-639,26790816,15,-454,-74061248
20:37:31.242,0,0.1,0,0,0,0,0,3,574,26790822,37,435,-74061248
20:37:31.247,0,0.1,0,0,0,0,0,0,509,26790822,22,-209,-74061248
20:37:31.252,0,0.1,0,0,0,0,0,-8,-1292,26790812,-54,416,-74061248
20:37:31.257,0,0.1,0,0,0,0,0,2,-612,26790816,-56,-999,-74061248
20:37:31.262,0,0.1,0,0,0,0,0,-2,467,26790822,-84,831,-74061232
20:37:31.267,0,0.1,0,0,0,0,0,-12,12,26790820,-38,253,-74061248
20:37:31.272,0,0.1,0,0,0,0,0,-9,541,26790822,24,955,-74061232
20:37:31.277,0,0.1,0,0,0,0,0,3,-1893,26790808,46,502,-74061248
20:37:31.282,0,0.1,0,0,0,0,0,1,-900,26790816,63,-321,-74061248
20:37:31.287,0,0.1,0,0,0,0,0,9,40,26790820,22,-205,-74061248
20:37:31.292,0,0.1,0,0,0,0,0,11,-867,26790816,-41,830,-74061232
20:37:31.297,0,0.1,0,0,0,0,0,5,-1261,26790812,37,-914,-74061248
20:37:31.302,0,0.1,0,0,0,0,0,-14,366,26790822,-45,-1531,-74061248
20:37:31.307,0,0.1,0,0,0,0,0,3,635,26790822,35,-858,-74061248
20:37:31.313,0,0.1,0,0,0,0,0,0,-124,26790820,19,862,-74061232
20:37:31.318,0,0.1,0,0,0,0,0,9,-203,26790820,67,122,-74061248
20:37:31.323,0,0.1,0,0,0,0,0,13,382,26790822,-45,-2138,-74061264
20:37:31.328,0,0.1,0,0,0,0,0,9,425,26790822,-47,886,-74061232
20:37:31.333,0,0.1,0,0,0,0,0,4,578,26790822,9,-468,-74061248
20:37:31.339,0,0.1,0,0,0,0,0,0,476,26790822,35,-2039,-74061264
20:37:31.344,0,0.1,0,0,0,0,0,13,-153,26790820,39,893,-74061232
20:37:31.349,0,0.1,0,0,0,0,0,0,478,26790822,52,377,-74061248
20:37:31.354,0,0.1,0,0,0,0,0,-3,593,26790822,-61,419,-74061248
20:37:31.359,0,0.1,0,0,0,0,0,0,-618,26790816,21,823,-74061232
20:37:31.364,0,0.1,0,0,0,0,0,-9,763,26790822,15,356,-74061248
20:37:31.369,0,0.1,0,0,0,0,0,1,-1348,26790812,18,300,-74061248
20:37:31.375,0,0.1,0,0,0,0,0,-4,537,26790822,-34,-837,-74061248
20:37:31.380,0,0.1,0,0,0,0,0,4,-104,26790820,11,376,-74061248
20:37:31.385,0,0.1,0,0,0,0,0,-6,-234,26790820,9,212,-74061248
20:37:31.390,0,0.1,0,0,0,0,0,-20,-2115,26790808,-41,763,-74061232
20:37:31.395,0,0.1,0,0,0,0,0,-9,531,26790822,-62,77,-74061248
20:37:31.400,0,0.1,0,0,0,0,0,-8,571,26790822,55,-1727,-74061248
20:37:31.405,0,0.1,0,0,0,0,0,11,-6,26790820,-4,276,-74061248
20:37:31.410,0,0.1,0,0,0,0,0,3,458,26790822,37,-1795,-74061248
20:37:31.415,0,0.1,0,0,0,0,0,-8,332,26790822,0,346,-74061248
20:37:31.420,0,0.1,0,0,0,0,0,-25,547,26790822,19,333,-74061248
20:37:31.425,0,0.1,0,0,0,0,0,-6,-573,26790816,-74,-1675,-74061248
20:37:31.430,0,0.1,0,0,0,0,0,4,619,26790822,-10,-901,-74061248
20:37:31.435,0,0.1,0,0,0,0,0,0,627,26790822,-21,279,-74061248
20:37:31.440,0,0.1,0,0,0,0,0,0,-114,26790820,-2,277,-74061248
20:37:31.446,0,0.1,0,0,0,0,0,0,-241,26790820,50,750,-74061232
20:37:31.451,0,0.1,0,0,0,0,0,0,-1425,26790812,-67,-1573,-74061248
20:37:31.456,0,0.1,0,0,0,0,0,7,-1353,26790812,26,103,-74061248
20:37:31.461,0,0.1,0,0,0,0,0,0,458,26790822,42,-1634,-74061248
20:37:31.466,0,0.1,0,0,0,0,0,-53,407,26790822,-64,197,-74061248
20:37:31.471,0,0.1,0,0,0,0,0,-13,-808,26790816,52,51,-74061248
20:37:31.476,0,0.1,0,0,0,0,0,36,-683,26790816,-8,289,-74061248
20:37:31.481,0,0.1,0,0,0,0,0,-8,-1424,26790812,33,-1019,-74061248
20:37:31.486,0,0.1,0,0,0,0,0,-37,23,26790820,-69,-447,-74061248
20:37:31.491,0,0.1,0,0,0,0,0,16,-722,26790816,-15,710,-74061232
20:37:31.496,0,0.1,0,0,0,0,0,-13,-728,26790816,37,701,-74061232
20:37:31.501,0,0.1,0,0,0,0,0,31,660,26790822,-80,308,-74061248
20:37:31.507,0,0.1,0,0,0,0,0,5,-58,26790820,6,772,-74061232
20:37:31.512,0,0.1,0,0,0,0,0,-32,-186,26790820,0,308,-74061248
20:37:31.517,0,0.1,0,0,0,0,0,11,572,26790822,28,-521,-74061248
20:37:31.522,0,0.1,0,0,0,0,0,-14,1018,26790828,-28,764,-74061232
20:37:31.527,0,0.1,0,0,0,0,0,-6,647,26790822,24,357,-74061248
20:37:31.532,0,0.1,0,0,0,0,0,-1,483,26790822,10,-1588,-74061248
20:37:31.537,0,0.1,0,0,0,0,0,-6,501,26790822,-48,827,-74061232
20:37:31.542,0,0.1,0,0,0,0,0,-9,-146,26790820,28,216,-74061248
20:37:31.547,0,0.1,0,0,0,0,0,-2,606,26790822,9,318,-74061248
20:37:31.552,0,0.1,0,0,0,0,0,6,597,26790822,50,307,-74061248
20:37:31.557,0,0.1,0,0,0,0,0,8,-69,26790820,44,284,-74061248
20:37:31.562,0,0.1,0,0,0,0,0,-3,431,26790822,46,357,-74061248
20:37:31.567,0,0.1,0,0,0,0,0,0,-1523,26790812,-40,380,-74061248
20:37:31.572,0,0.1,0,0,0,0,0,-22,-104,26790820,-7,315,-74061248
20:37:31.578,0,0.1,0,0,0,0,0,-3,-14,26790820,16,860,-74061232
20:37:31.583,0,0.1,0,0,0,0,0,0,-77,26790820,44,238,-74061248
20:37:31.588,0,0.1,0,0,0,0,0,3,490,26790822,0,307,-74061248
20:37:31.593,0,0.1,0,0,0,0,0,-32,587,26790822,-14,818,-74061232
20:37:31.598,0,0.1,0,0,0,0,0,-9,272,26790822,6,887,-74061232
20:37:31.603,0,0.1,0,0,0,0,0,-8,-1447,26790812,24,-382,-74061248
20:37:31.608,0,0.1,0,0,0,0,0,20,-214,26790820,2,967,-74061232
20:37:31.613,0,0.1,0,0,0,0,0,14,485,26790822,-1,379,-74061248
20:37:31.618,0,0.1,0,0,0,0,0,-5,475,26790822,-67,-532,-74061248
20:37:31.623,0,0.1,0,0,0,0,0,7,593,26790822,8,-1607,-74061248
20:37:31.628,0,0.1,0,0,0,0,0,0,-62,26790820,-54,-344,-74061248
20:37:31.633,0,0.1,0,0,0,0,0,3,595,26790822,-36,246,-74061248
20:37:31.638,0,0.1,0,0,0,0,0,5,377,26790822,6,-1503,-74061248
20:37:31.643,0,0.1,0,0,0,0,0,-11,-149,26790820,-45,-1684,-74061248
20:37:31.649,0,0.1,0,0,0,0,0,-36,1067,26790828,-39,384,-74061248
20:37:31.654,0,0.1,0,0,0,0,0,-3,535,26790822,-67,-438,-74061248
20:37:31.659,0,0.1,0,0,0,0,0,-4,-2107,26790808,18,815,-74061232
20:37:31.664,0,0.1,0,0,0,0,0,-7,1284,26790828,-58,-1328,-74061248
20:37:31.669,0,0.1,0,0,0,0,0,1,708,26790822,22,-1529,-74061248
20:37:31.674,0,0.1,0,0,0,0,0,0,-788,26790816,22,299,-74061248
20:37:31.679,0,0.1,0,0,0,0,0,3,-879,26790816,-10,212,-74061248
20:37:31.684,0,0.1,0,0,0,0,0,-9,597,26790822,-73,377,-74061248
20:37:31.689,0,0.1,0,0,0,0,0,-96,-1228,26790812,-53,825,-74061232
20:37:31.694,0,0.1,0,0,0,0,0,0,-1877,26790808,40,351,-74061248
20:37:31.699,0,0.1,0,0,0,0,0,0,490,26790822,20,372,-74061248
20:37:31.704,0,0.1,0,0,0,0,0,-7,459,26790822,-75,-227,-74061248
20:37:31.709,0,0.1,0,0,0,0,0,-7,-1401,26790812,0,317,-74061248
20:37:31.714,0,0.1,0,0,0,0,0,9,643,26790822,-28,378,-74061248
20:37:31.719,0,0.1,0,0,0,0,0,-12,630,26790822,28,235,-74061248
20:37:31.724,0,0.1,0,0,0,0,0,-3,420,26790822,2,-1505,-74061248
20:37:31.730,0,0.1,0,0,0,0,0,-20,-3065,26790800,34,420,-74061248
20:37:31.735,0,0.1,0,0,0,0,0,-10,-590,26790816,-78,346,-74061248
20:37:31.740,0,0.1,0,0,0,0,0,20,332,26790822,-100,-1619,-74061248
20:37:31.745,0,0.1,0,0,0,0,0,0,445,26790822,-43,316,-74061248
20:37:31.750,0,0.1,0,0,0,0,0,0,486,26790822,-6,-825,-74061248
20:37:31.755,0,0.1,0,0,0,0,0,0,-659,26790816,-6,397,-74061248
20:37:31.760,0,0.1,0,0,0,0,0,8,994,26790828,52,312,-74061248
20:37:31.765,0,0.1,0,0,0,0,0,-4,549,26790822,37,371,-74061248
20:37:31.770,0,0.1,0,0,0,0,0,0,311,26790822,39,-974,-74061248
20:37:31.775,0,0.1,0,0,0,0,0,-7,513,26790822,-44,412,-74061248
20:37:31.780,0,0.1,0,0,0,0,0,-11,-1849,26790808,61,-1542,-74061248
20:37:31.785,0,0.1,0,0,0,0,0,-1,-783,26790816,4,-1602,-74061248
20:37:31.790,0,0.1,0,0,0,0,0,-49,-96,26790820,8,220,-74061248
20:37:31.795,0,0.1,0,0,0,0,0,7,-1974,26790808,-17,407,-74061248
20:37:31.800,0,0.1,0,0,0,0,0,-1,623,26790822,-45,388,-74061248
20:37:31.805,0,0.1,0,0,0,0,0,-6,-1242,26790812,-34,468,-74061248
20:37:31.811,0,0.1,0,0,0,0,0,-5,371,26790822,6,469,-74061248
20:37:31.816,0,0.1,0,0,0,0,0,-42,552,26790822,-45,909,-74061232
20:37:31.821,0,0.1,0,0,0,0,0,2,602,26790822,6,-1421,-74061248
20:37:31.826,0,0.1,0,0,0,0,0,-6,469,26790822,-28,-1581,-74061248
20:37:31.831,0,0.1,0,0,0,0,0,-21,635,26790822,-46,872,-74061232
20:37:31.836,0,0.1,0,0,0,0,0,15,508,26790822,-56,-1590,-74061248
20:37:31.841,0,0.1,0,0,0,0,0,1,540,26790822,-32,442,-74061248
20:37:31.846,0,0.1,0,0,0,0,0,6,727,26790822,-30,325,-74061248
20:37:31.851,0,0.1,0,0,0,0,0,8,640,26790822,17,309,-74061248
20:37:31.856,0,0.1,0,0,0,0,0,-16,142,26790820,-101,900,-74061232
20:37:31.861,0,0.1,0,0,0,0,0,-4,563,26790822,4,-303,-74061248
20:37:31.866,0,0.1,0,0,0,0,0,-3,655,26790822,44,-2007,-74061248
20:37:31.871,0,0.1,0,0,0,0,0,-7,-555,26790816,-86,513,-74061248
20:37:31.876,0,0.1,0,0,0,0,0,-10,-842,26790816,-38,991,-74061232
20:37:31.881,0,0.1,0,0,0,0,0,2,401,26790822,-59,-291,-74061248
20:37:31.886,0,0.1,0,0,0,0,0,-20,-1430,26790812,37,826,-74061232
20:37:31.891,0,0.1,0,0,0,0,0,9,680,26790822,2,459,-74061248
20:37:31.897,0,0.1,0,0,0,0,0,-4,104,26790820,37,344,-74061248
20:37:31.902,0,0.1,0,0,0,0,0,0,716,26790822,2,485,-74061248
20:37:31.907,0,0.1,0,0,0,0,0,1,454,26790822,-4,344,-74061248
20:37:31.912,0,0.1,0,0,0,0,0,-12,592,26790822,-21,-1840,-74061264
20:37:31.917,0,0.1,0,0,0,0,0,7,-1349,26790812,-52,542,-74061248
20:37:31.922,0,0.1,0,0,0,0,0,4,-75,26790820,-30,-1471,-74061248
20:37:31.927,0,0.1,0,0,0,0,0,-5,630,26790822,74,431,-74061248
20:37:31.932,0,0.1,0,0,0,0,0,0,-94,26790820,-49,433,-74061248
20:37:31.937,0,0.1,0,0,0,0,0,-7,354,26790822,26,-935,-74061248
20:37:31.942,0,0.1,0,0,0,0,0,8,362,26790822,-52,-430,-74061248
20:37:31.947,0,0.1,0,0,0,0,0,9,-895,26790822,-1,-1336,-74061248
20:37:31.952,0,0.1,0,0,0,0,0,-2,469,26790822,41,-1578,-74061248
20:37:31.957,0,0.1,0,0,0,0,0,-2,988,26790820,-52,466,-74061248
20:37:31.962,0,0.1,0,0,0,0,0,-9,-1954,26790808,-58,-2066,-74061264
20:37:31.967,0,0.1,0,0,0,0,0,6,-214,26790820,0,-1030,-74061248
20:37:31.972,0,0.1,0,0,0,0,0,-11,1764,26790830,10,886,-74061232
20:37:31.977,0,0.1,0,0,0,0,0,-2,-220,26790820,0,-307,-74061248
20:37:31.983,0,0.1,0,0,0,0,0,-7,-1210,26790812,50,-922,-74061248
20:37:31.988,0,0.1,0,0,0,0,0,10,650,26790822,-67,426,-74061248
20:37:31.993,0,0.1,0,0,0,0,0,16,450,26790822,20,432,-74061248
20:37:31.998,0,0.1,0,0,0,0,0,3,606,26790822,-56,475,-74061248
20:37:32.003,0,0.1,0,0,0,0,0,0,-63,26790820,-54,579,-74061248
20:37:32.008,0,0.1,0,0,0,0,0,-17,-197,26790820,4,-1875,-74061264
20:37:32.013,0,0.1,0,0,0,0,0,3,-1263,26790812,-74,1175,-74061232
20:37:32.018,0,0.1,0,0,0,0,0,14,441,26790822,-52,-675,-74061248
20:37:32.023,0,0.1,0,0,0,0,0,2,-817,26790816,22,-188,-74061248
20:37:32.028,0,0.1,0,0,0,0,0,-2,1087,26790828,9,496,-74061248
20:37:32.033,0,0.1,0,0,0,0,0,1,47,26790820,-8,1056,-74061232
20:37:32.038,0,0.1,0,0,0,0,0,3,627,26790822,-38,525,-74061248
20:37:32.043,0,0.1,0,0,0,0,0,5,25,26790820,20,-97,-74061248
20:37:32.048,0,0.1,0,0,0,0,0,4,-1837,26790808,-1,-1412,-74061248
20:37:32.053,0,0.1,0,0,0,0,0,22,-1386,26790812,-32,913,-74061232
20:37:32.058,0,0.1,0,0,0,0,0,3,614,26790822,-23,-334,-74061248
20:37:32.063,0,0.1,0,0,0,0,0,-11,-1199,26790812,4,459,-74061248
20:37:32.069,0,0.1,0,0,0,0,0,-16,-674,26790816,-49,457,-74061248
20:37:32.074,0,0.1,0,0,0,0,0,3,364,26790822,34,595,-74061248
20:37:32.079,0,0.1,0,0,0,0,0,-4,5,26790820,-71,-775,-74061248
20:37:32.084,0,0.1,0,0,0,0,0,-8,-1392,26790812,-52,1129,-74061232
20:37:32.089,0,0.1,0,0,0,0,0,0,64,26790820,4,-1255,-74061248
20:37:32.094,0,0.1,0,0,0,0,0,-8,-622,26790816,-8,570,-74061248
20:37:32.099,0,0.1,0,0,0,0,0,-10,509,26790822,4,6,-74061248
20:37:32.104,0,0.1,0,0,0,0,0,10,541,26790822,-65,609,-74061248
20:37:32.109,0,0.1,0,0,0,0,0,5,-1338,26790820,41,350,-74061248
20:37:32.114,0,0.1,0,0,0,0,0,-66,-96,26790820,18,917,-74061232
20:37:32.119,0,0.1,0,0,0,0,0,-9,609,26790822,42,3,-74061248
20:37:32.124,0,0.1,0,0,0,0,0,0,1034,26790828,46,780,-74061248
20:37:32.129,0,0.1,0,0,0,0,0,11,-236,26790820,55,-1436,-74061248
20:37:32.134,0,0.1,0,0,0,0,0,-9,-1293,26790812,-4,-1223,-74061248
20:37:32.139,0,0.1,0,0,0,0,0,19,380,26790822,26,-1393,-74061248
20:37:32.145,0,0.1,0,0,0,0,0,-6,-161,26790820,11,-1868,-74061264
20:37:32.150,0,0.1,0,0,0,0,0,-6,639,26790822,11,-487,-74061248
20:37:32.155,0,0.1,0,0,0,0,0,13,-208,26790820,-24,-580,-74061248
20:37:32.160,0,0.1,0,0,0,0,0,-4,-1423,26790812,4,397,-74061248
20:37:32.165,0,0.1,0,0,0,0,0,-17,-82,26790820,-36,601,-74061248
20:37:32.170,0,0.1,0,0,0,0,0,-5,521,26790822,-34,1046,-74061232
20:37:32.175,0,0.1,0,0,0,0,0,11,981,26790828,-82,-1501,-74061248
20:37:32.180,0,0.1,0,0,0,0,0,15,-1974,26790808,54,977,-74061232
20:37:32.185,0,0.1,0,0,0,0,0,7,383,26790822,-47,-126,-74061248
20:37:32.190,0,0.1,0,0,0,0,0,-4,613,26790822,28,649,-74061248
20:37:32.195,0,0.1,0,0,0,0,0,-35,523,26790822,19,1090,-74061232
20:37:32.200,0,0.1,0,0,0,0,0,-2,524,26790822,-8,-866,-74061248
20:37:32.205,0,0.1,0,0,0,0,0,-12,-144,26790820,4,318,-74061248
20:37:32.210,0,0.1,0,0,0,0,0,5,447,26790822,4,928,-74061232
20:37:32.215,0,0.1,0,0,0,0,0,14,-1765,26790808,13,431,-74061248
20:37:32.220,0,0.1,0,0,0,0,0,-8,-511,26790816,28,-1560,-74061248
20:37:32.226,0,0.1,0,0,0,0,0,6,-1221,26790812,-36,640,-74061248
20:37:32.231,0,0.1,0,0,0,0,0,-7,-1345,26790812,-47,-692,-74061248
20:37:32.236,0,0.1,0,0,0,0,0,10,-1225,26790812,17,-1257,-74061248
20:37:32.241,0,0.1,0,0,0,0,0,0,-779,26790816,-54,422,-74061248
20:37:32.246,0,0.1,0,0,0,0,0,27,-1852,26790808,61,-95,-74061248
20:37:32.251,0,0.1,0,0,0,0,0,15,17,26790820,44,-1870,-74061264
20:37:32.256,0,0.1,0,0,0,0,0,-1,495,26790822,-47,584,-74061248
20:37:32.261,0,0.1,0,0,0,0,0,-12,1151,26790828,-19,-679,-74061248
20:37:32.266,0,0.1,0,0,0,0,0,-7,-47,26790820,-50,-1437,-74061248
20:37:32.271,0,0.1,0,0,0,0,0,16,524,26790822,-45,535,-74061248
20:37:32.276,0,0.1,0,0,0,0,0,-4,521,26790822,44,589,-74061248
20:37:32.281,0,0.1,0,0,0,0,0,-79,60,26790820,-65,581,-74061248
20:37:32.286,0,0.1,0,0,0,0,0,-1,-44,26790820,32,512,-74061248
20:37:32.291,0,0.1,0,0,0,0,0,-8,-1791,26790808,59,210,-74061248
20:37:32.296,0,0.1,0,0,0,0,0,-9,567,26790822,53,431,-74061248
20:37:32.301,0,0.1,0,0,0,0,0,-6,-725,26790816,72,461,-74061248
20:37:32.306,0,0.1,0,0,0,0,0,0,-1265,26790812,-36,313,-74061248
20:37:32.311,0,0.1,0,0,0,0,0,-2,-118,26790820,15,405,-74061248
20:37:32.317,0,0.1,0,0,0,0,0,1,516,26790822,2,819,-74061232
20:37:32.317,0,0.1,0,0,0,0,0,1,-78,26790820,19,473,-74061248
20:37:32.322,0,0.1,0,0,0,0,0,-15,506,26790822,15,454,-74061248
20:37:32.327,0,0.1,0,0,0,0,0,0,-197,26790820,-37,-1972,-74061264
20:37:32.332,0,0.1,0,0,0,0,0,5,-159,26790820,32,515,-74061248
20:37:32.337,0,0.1,0,0,0,0,0,16,454,26790822,-6,-828,-74061248
20:37:32.342,0,0.1,0,0,0,0,0,16,-292,26790820,-50,-1237,-74061248
20:37:32.347,0,0.1,0,0,0,0,0,20,-107,26790820,-1,-631,-74061248
20:37:32.352,0,0.1,0,0,0,0,0,0,488,26790822,-5,710,-74061248
20:37:32.357,0,0.1,0,0,0,0,0,21,985,26790828,-1,-1208,-74061248
20:37:32.362,0,0.1,0,0,0,0,0,20,339,26790822,35,-1124,-74061248
20:37:32.367,0,0.1,0,0,0,0,0,11,1187,26790828,24,796,-74061248
20:37:32.372,0,0.1,0,0,0,0,0,3,446,26790822,29,-13,-74061248
20:37:32.377,0,0.1,0,0,0,0,0,0,601,26790822,-69,-526,-74061248
20:37:32.382,0,0.1,0,0,0,0,0,-2,515,26790822,45,-1750,-74061248
20:37:32.388,0,0.1,0,0,0,0,0,7,-1258,26790812,-39,-606,-74061248
20:37:32.393,0,0.1,0,0,0,0,0,3,764,26790822,-2,577,-74061248
20:37:32.398,0,0.1,0,0,0,0,0,-39,684,26790822,41,-426,-74061248
20:37:32.403,0,0.1,0,0,0,0,0,1,1343,26790828,-60,-55,-74061248
20:37:32.408,0,0.1,0,0,0,0,0,4,-1210,26790812,-45,-1271,-74061248
20:37:32.413,0,0.1,0,0,0,0,0,0,518,26790822,-58,479,-74061248
20:37:32.418,0,0.1,0,0,0,0,0,3,637,26790820,20,66,-74061248
20:37:32.423,0,0.1,0,0,0,0,0,18,-1279,26790812,57,506,-74061248
20:37:32.428,0,0.1,0,0,0,0,0,-4,430,26790822,-51,427,-74061248
20:37:32.433,0,0.1,0,0,0,0,0,-2,78,26790820,2,570,-74061248
20:37:32.438,0,0.1,0,0,0,0,0,1,29,26790820,-6,-1359,-74061248
20:37:32.443,0,0.1,0,0,0,0,0,7,-21,26790820,-33,503,-74061248
20:37:32.448,0,0.1,0,0,0,0,0,0,1072,26790828,13,-1,-74061248
20:37:32.453,0,0.1,0,0,0,0,0,13,575,26790822,-17,-1235,-74061248
20:37:32.458,0,0.1,0,0,0,0,0,2,1149,26790828,32,630,-74061248
20:37:32.464,0,0.1,0,0,0,0,0,-6,-71,26790820,-45,-1493,-74061232
20:37:32.469,0,0.1,0,0,0,0,0,1,-2033,26790808,65,990,-74061232
20:37:32.474,0,0.1,0,0,0,0,0,-5,310,26790822,26,-339,-74061248
20:37:32.479,0,0.1,0,0,0,0,0,-11,-1971,26790808,-10,-909,-74061248
20:37:32.484,0,0.1,0,0,0,0,0,0,-1353,26790812,48,-1475,-74061248
20:37:32.489,0,0.1,0,0,0,0,0,6,-1938,26790808,-26,-824,-74061248
20:37:32.494,0,0.1,0,0,0,0,0,0,454,26790822,15,-1425,-74061248
20:37:32.499,0,0.1,0,0,0,0,0,-2,-20,26790820,24,535,-74061248
20:37:32.504,0,0.1,0,0,0,0,0,4,-91,26790820,-34,613,-74061248
20:37:32.509,0,0.1,0,0,0,0,0,0,525,26790822,-14,498,-74061248
20:37:32.514,0,0.1,0,0,0,0,0,12,-1862,26790808,-14,-1512,-74061248
20:37:32.519,0,0.1,0,0,0,0,0,5,-27,26790820,-37,527,-74061248
20:37:32.524,0,0.1,0,0,0,0,0,12,-200,26790820,26,514,-74061248
20:37:32.529,0,0.1,0,0,0,0,0,31,595,26790822,24,985,-74061232
20:37:32.534,0,0.1,0,0,0,0,0,-27,681,26790822,11,450,-74061248
20:37:32.540,0,0.1,0,0,0,0,0,4,-1236,26790812,24,-1235,-74061248
20:37:32.545,0,0.1,0,0,0,0,0,7,682,26790822,-6,-150,-74061248
20:37:32.550,0,0.1,0,0,0,0,0,-15,-78,26790820,-67,560,-74061248
20:37:32.555,0,0.1,0,0,0,0,0,-2,25,26790820,-14,-1392,-74061248
20:37:32.560,0,0.1,0,0,0,0,0,-17,-674,26790816,46,-751,-74061248
20:37:32.565,0,0.1,0,0,0,0,0,-60,613,26790822,2,518,-74061248
20:37:32.570,0,0.1,0,0,0,0,0,5,400,26790822,-4,455,-74061248
20:37:32.575,0,0.1,0,0,0,0,0,-1,487,26790822,24,-1291,-74061248
20:37:32.580,0,0.1,0,0,0,0,0,3,-782,26790816,-56,-759,-74061248
20:37:32.585,0,0.1,0,0,0,0,0,-17,-1900,26790808,-16,1082,-74061232
20:37:32.590,0,0.1,0,0,0,0,0,6,429,26790822,59,-1281,-74061248
20:37:32.595,0,0.1,0,0,0,0,0,0,-83,26790820,15,-36,-74061248
20:37:32.600,0,0.1,0,0,0,0,0,-2,577,26790822,34,448,-74061248
20:37:32.605,0,0.1,0,0,0,0,0,-7,-652,26790816,4,-768,-74061248
20:37:32.610,0,0.1,0,0,0,0,0,5,610,26790822,46,1003,-74061232
20:37:32.615,0,0.1,0,0,0,0,0,-1,446,26790822,15,566,-74061248
20:37:32.621,0,0.1,0,0,0,0,0,-6,-1397,26790812,-57,-87,-74061248
20:37:32.626,0,0.1,0,0,0,0,0,-6,462,26790822,4,-694,-74061248
20:37:32.631,0,0.1,0,0,0,0,0,-21,142,26790820,15,-453,-74061248
20:37:32.636,0,0.1,0,0,0,0,0,0,778,26790822,-6,-1258,-74061248
20:37:32.641,0,0.1,0,0,0,0,0,-41,521,26790822,13,548,-74061248
20:37:32.646,0,0.1,0,0,0,0,0,6,-141,26790820,4,719,-74061248
20:37:32.651,0,0.1,0,0,0,0,0,1,547,26790822,0,33,-74061248
20:37:32.656,0,0.1,0,0,0,0,0,-13,714,26790822,-60,-1600,-74061264
20:37:32.661,0,0.1,0,0,0,0,0,-2,-1191,26790812,11,791,-74061248
20:37:32.666,0,0.1,0,0,0,0,0,-1,661,26790822,-8,753,-74061248
20:37:32.671,0,0.1,0,0,0,0,0,1,387,26790822,22,-376,-74061248
20:37:32.677,0,0.1,0,0,0,0,0,-14,-734,26790816,-54,-1210,-74061248
20:37:32.682,0,0.1,0,0,0,0,0,61,1002,26790828,-4,783,-74061248
20:37:32.687,0,0.1,0,0,0,0,0,6,593,26790822,39,-586,-74061248
20:37:32.692,0,0.1,0,0,0,0,0,-7,674,26790822,39,771,-74061248
20:37:32.697,0,0.1,0,0,0,0,0,6,-1904,26790808,-95,-1009,-74061248
20:37:32.702,0,0.1,0,0,0,0,0,0,-1820,26790808,24,196,-74061248
20:37:32.707,0,0.1,0,0,0,0,0,0,1141,26790828,-45,572,-74061248
20:37:32.712,0,0.1,0,0,0,0,0,15,24,26790820,37,525,-74061248
20:37:32.717,0,0.1,0,0,0,0,0,7,-1259,26790812,-65,991,-74061232
20:37:32.722,0,0.1,0,0,0,0,0,14,-499,26790816,-6,512,-74061248
20:37:32.727,0,0.1,0,0,0,0,0,-11,578,26790822,63,1045,-74061232
20:37:32.732,0,0.1,0,0,0,0,0,-22,-1200,26790812,-54,603,-74061248
20:37:32.737,0,0.1,0,0,0,0,0,6,1314,26790828,23,549,-74061248
20:37:32.743,0,0.1,0,0,0,0,0,1,-149,26790820,46,-1267,-74061248
20:37:32.748,0,0.1,0,0,0,0,0,-8,-85,26790820,-4,-678,-74061248
20:37:32.753,0,0.1,0,0,0,0,0,-6,502,26790822,-84,-172,-74061248
20:37:32.758,0,0.1,0,0,0,0,0,16,469,26790822,-8,-1307,-74061248
20:37:32.763,0,0.1,0,0,0,0,0,-3,495,26790822,-78,-589,-74061248
20:37:32.768,0,0.1,0,0,0,0,0,-14,425,26790822,-1,748,-74061248
20:37:32.773,0,0.1,0,0,0,0,0,21,-626,26790816,-30,-79,-74061248
20:37:32.778,0,0.1,0,0,0,0,0,5,374,26790822,-1,-560,-74061248
20:37:32.783,0,0.1,0,0,0,0,0,-14,-276,26790820,-32,479,-74061248
20:37:32.788,0,0.1,0,0,0,0,0,-11,301,26790822,53,-1407,-74061248
20:37:32.793,0,0.1,0,0,0,0,0,1,574,26790822,-79,479,-74061248
20:37:32.798,0,0.1,0,0,0,0,0,4,1065,26790828,-47,-90,-74061248
20:37:32.803,0,0.1,0,0,0,0,0,-9,-679,26790816,-14,990,-74061232
20:37:32.808,0,0.1,0,0,0,0,0,-18,1660,26790830,33,645,-74061248
20:37:32.813,0,0.1,0,0,0,0,0,145,1256,26790828,21,1060,-74061232
20:37:32.818,0,0.1,0,0,0,0,0,-3,554,26790822,4,605,-74061248
20:37:32.824,0,0.1,0,0,0,0,0,-5,472,26790822,-90,630,-74061248
20:37:32.829,0,0.1,0,0,0,0,0,-7,557,26790822,-14,-1389,-74061248
20:37:32.834,0,0.1,0,0,0,0,0,-1,347,26790822,-63,-1202,-74061248
20:37:32.839,0,0.1,0,0,0,0,0,-9,2430,26790836,50,1083,-74061232
20:37:32.844,0,0.1,0,0,0,0,0,-10,973,26790828,-117,-608,-74061248
20:37:32.849,0,0.1,0,0,0,0,0,-2,1007,26790828,24,-1384,-74061248
20:37:32.854,0,0.1,0,0,0,0,0,14,1737,26790830,15,-1140,-74061248
20:37:32.859,0,0.1,0,0,0,0,0,4,448,26790822,43,-1780,-74061264
20:37:32.864,0,0.1,0,0,0,0,0,-7,-24,26790820,9,546,-74061248
20:37:32.869,0,0.1,0,0,0,0,0,-36,438,26790822,-17,-1264,-74061248
20:37:32.874,0,0.1,0,0,0,0,0,0,315,26790822,-13,690,-74061248
20:37:32.879,0,0.1,0,0,0,0,0,-3,389,26790822,-58,-1776,-74061264
20:37:32.884,0,0.1,0,0,0,0,0,9,-1900,26790808,-49,1120,-74061232
20:37:32.889,0,0.1,0,0,0,0,0,7,409,26790822,-19,-1332,-74061248
20:37:32.894,0,0.1,0,0,0,0,0,15,-46,26790820,7,363,-74061248
20:37:32.899,0,0.1,0,0,0,0,0,6,614,26790822,61,1073,-74061232
20:37:32.904,0,0.1,0,0,0,0,0,-5,-2105,26790808,-15,537,-74061248
20:37:32.910,0,0.1,0,0,0,0,0,3,-729,26790816,28,-1916,-74061264
20:37:32.915,0,0.1,0,0,0,0,0,-11,-185,26790820,26,-195,-74061248
20:37:32.920,0,0.1,0,0,0,0,0,-7,-1374,26790812,58,782,-74061248
20:37:32.925,0,0.1,0,0,0,0,0,12,570,26790822,2,-1159,-74061248
20:37:32.930,0,0.1,0,0,0,0,0,0,552,26790822,57,477,-74061248
20:37:32.935,0,0.1,0,0,0,0,0,8,-248,26790820,-54,-1107,-74061248
20:37:32.940,0,0.1,0,0,0,0,0,5,422,26790822,11,-1316,-74061248
20:37:32.945,0,0.1,0,0,0,0,0,0,-1293,26790812,37,702,-74061248
20:37:32.950,0,0.1,0,0,0,0,0,-13,423,26790822,41,664,-74061248
20:37:32.955,0,0.1,0,0,0,0,0,-1,475,26790822,-8,148,-74061248
20:37:32.960,0,0.1,0,0,0,0,0,-1,562,26790822,-58,842,-74061248
20:37:32.965,0,0.1,0,0,0,0,0,-5,466,26790822,26,-991,-74061248
20:37:32.970,0,0.1,0,0,0,0,0,16,589,26790822,-48,279,-74061248
20:37:32.975,0,0.1,0,0,0,0,0,-4,76,26790820,-1,-1260,-74061248
20:37:32.980,0,0.1,0,0,0,0,0,1,-74,26790820,15,741,-74061248
20:37:32.985,0,0.1,0,0,0,0,0,11,459,26790822,-56,-1312,-74061248
20:37:32.991,0,0.1,0,0,0,0,0,-19,530,26790822,-2,1247,-74061232
20:37:32.996,0,0.1,0,0,0,0,0,8,483,26790822,0,1300,-74061232
20:37:33.001,0,0.1,0,0,0,0,0,-22,512,26790822,-18,-1597,-74061264
20:37:33.006,0,0.1,0,0,0,0,0,94,486,26790822,31,129,-74061248
20:37:33.011,0,0.1,0,0,0,0,0,1,-1277,26790812,-30,280,-74061248
20:37:33.016,0,0.1,0,0,0,0,0,-3,1051,26790828,33,106,-74061248
20:37:33.021,0,0.1,0,0,0,0,0,1,617,26790822,43,589,-74061248
20:37:33.026,0,0.1,0,0,0,0,0,4,-1209,26790812,57,766,-74061248
20:37:33.031,0,0.1,0,0,0,0,0,-1,513,26790822,-36,1272,-74061232
20:37:33.036,0,0.1,0,0,0,0,0,-14,618,26790822,2,-726,-74061248
20:37:33.041,0,0.1,0,0,0,0,0,0,569,26790822,41,75,-74061248
20:37:33.046,0,0.1,0,0,0,0,0,2,531,26790822,-52,-699,-74061248
20:37:33.051,0,0.1,0,0,0,0,0,14,-1826,26790808,-14,641,-74061248
20:37:33.056,0,0.1,0,0,0,0,0,-9,694,26790822,50,1094,-74061248
20:37:33.061,0,0.1,0,0,0,0,0,-7,675,26790822,37,-1221,-74061248
20:37:33.066,0,0.1,0,0,0,0,0,2,-1329,26790812,-63,674,-74061248
20:37:33.072,0,0.1,0,0,0,0,0,0,-143,26790820,13,206,-74061248
20:37:33.077,0,0.1,0,0,0,0,0,-7,4,26790820,37,-1169,-74061248
20:37:33.082,0,0.1,0,0,0,0,0,9,501,26790822,-30,91,-74061248
20:37:33.087,0,0.1,0,0,0,0,0,31,375,26790822,-23,743,-74061248
20:37:33.092,0,0.1,0,0,0,0,0,-7,647,26790822,1,740,-74061248
20:37:33.097,0,0.1,0,0,0,0,0,0,461,26790822,-80,127,-74061248
20:37:33.102,0,0.1,0,0,0,0,0,-5,-823,26790816,9,796,-74061248
20:37:33.107,0,0.1,0,0,0,0,0,0,-147,26790820,30,-1379,-74061248
20:37:33.112,0,0.1,0,0,0,0,0,0,450,26790822,-45,-734,-74061248
20:37:33.117,0,0.1,0,0,0,0,0,13,-1408,26790812,2,613,-74061248
20:37:33.122,0,0.1,0,0,0,0,0,1,-173,26790820,24,-163,-74061248
20:37:33.127,0,0.1,0,0,0,0,0,-8,366,26790822,2,-1766,-74061264
20:37:33.132,0,0.1,0,0,0,0,0,16,-327,26790820,-49,1114,-74061232
20:37:33.137,0,0.1,0,0,0,0,0,-10,-1378,26790812,-51,-18,-74061248
20:37:33.143,0,0.1,0,0,0,0,0,10,-625,26790816,2,661,-74061248
20:37:33.148,0,0.1,0,0,0,0,0,3,1104,26790828,-90,625,-74061248
20:37:33.153,0,0.1,0,0,0,0,0,12,421,26790822,46,-593,-74061248
20:37:33.158,0,0.1,0,0,0,0,0,-25,583,26790822,-78,703,-74061248
20:37:33.163,0,0.1,0,0,0,0,0,3,571,26790822,0,666,-74061248
20:37:33.168,0,0.1,0,0,0,0,0,0,480,26790822,-42,1198,-74061232
20:37:33.173,0,0.1,0,0,0,0,0,0,-1806,26790808,-10,-419,-74061248
20:37:33.178,0,0.1,0,0,0,0,0,1,51,26790820,28,-1203,-74061248
20:37:33.183,0,0.1,0,0,0,0,0,-2,-862,26790816,9,-1117,-74061248
20:37:33.188,0,0.1,0,0,0,0,0,-6,1766,26790830,-6,-21,-74061248
20:37:33.193,0,0.1,0,0,0,0,0,-8,-194,26790820,2,56,-74061248
20:37:33.198,0,0.1,0,0,0,0,0,12,978,26790828,-58,1302,-74061232
20:37:33.203,0,0.1,0,0,0,0,0,-3,520,26790822,-6,-1152,-74061248
20:37:33.208,0,0.1,0,0,0,0,0,7,374,26790822,11,-402,-74061248
20:37:33.213,0,0.1,0,0,0,0,0,9,-2713,26790802,-21,-447,-74061248
20:37:33.218,0,0.1,0,0,0,0,0,26,-192,26790820,55,1309,-74061232
20:37:33.224,0,0.1,0,0,0,0,0,-14,610,26790822,-54,731,-74061248
20:37:33.229,0,0.1,0,0,0,0,0,5,-721,26790816,-69,-32,-74061248
20:37:33.234,0,0.1,0,0,0,0,0,7,-1907,26790808,-8,-1120,-74061248
20:37:33.239,0,0.1,0,0,0,0,0,19,-650,26790816,-2,766,-74061248
20:37:33.244,0,0.1,0,0,0,0,0,-44,-211,26790820,-73,1213,-74061232
20:37:33.249,0,0.1,0,0,0,0,0,35,503,26790822,-40,700,-74061248
20:37:33.254,0,0.1,0,0,0,0,0,8,490,26790822,4,-1199,-74061248
20:37:33.259,0,0.1,0,0,0,0,0,4,-771,26790816,17,-1311,-74061248
20:37:33.264,0,0.1,0,0,0,0,0,-26,1829,26790830,-16,756,-74061248
20:37:33.269,0,0.1,0,0,0,0,0,104,500,26790822,11,799,-74061248
20:37:33.274,0,0.1,0,0,0,0,0,21,35,26790820,-30,-1146,-74061248
20:37:33.279,0,0.1,0,0,0,0,0,-8,433,26790822,-64,-1741,-74061264
20:37:33.284,0,0.1,0,0,0,0,0,4,-194,26790820,30,106,-74061248
20:37:33.289,0,0.1,0,0,0,0,0,-7,-174,26790820,24,-331,-74061248
20:37:33.294,0,0.1,0,0,0,0,0,-4,-298,26790820,-45,832,-74061248
20:37:33.299,0,0.1,0,0,0,0,0,-5,-325,26790820,0,-1666,-74061264
20:37:33.305,0,0.1,0,0,0,0,0,-7,-1493,26790812,-10,-1585,-74061264
20:37:33.310,0,0.1,0,0,0,0,0,-8,424,26790822,6,777,-74061248
20:37:33.315,0,0.1,0,0,0,0,0,-11,507,26790822,30,794,-74061248
20:37:33.320,0,0.1,0,0,0,0,0,-6,-1350,26790812,3,949,-74061248
20:37:33.325,0,0.1,0,0,0,0,0,1,53,26790820,9,-1155,-74061248
20:37:33.330,0,0.1,0,0,0,0,0,0,-1312,26790812,-36,430,-74061248
20:37:33.335,0,0.1,0,0,0,0,0,-4,-651,26790816,0,1521,-74061232
20:37:33.340,0,0.1,0,0,0,0,0,21,499,26790822,-47,377,-74061248
20:37:33.345,0,0.1,0,0,0,0,0,-14,388,26790822,-4,-235,-74061248
20:37:33.350,0,0.1,0,0,0,0,0,9,430,26790822,0,-925,-74061248
20:37:33.355,0,0.1,0,0,0,0,0,22,612,26790822,6,791,-74061248
20:37:33.360,0,0.1,0,0,0,0,0,-9,478,26790822,-32,914,-74061248
20:37:33.365,0,0.1,0,0,0,0,0,-6,-1249,26790812,-1,-435,-74061248
20:37:33.370,0,0.1,0,0,0,0,0,5,-713,26790816,-48,-1607,-74061264
20:37:33.375,0,0.1,0,0,0,0,0,-3,606,26790822,20,936,-74061248
20:37:33.380,0,0.1,0,0,0,0,0,3,1109,26790828,28,1536,-74061232
20:37:33.386,0,0.1,0,0,0,0,0,-5,1084,26790828,-10,-404,-74061248
20:37:33.391,0,0.1,0,0,0,0,0,157,-607,26790816,-45,-1549,-74061264
20:37:33.396,0,0.1,0,0,0,0,0,3,623,26790822,13,843,-74061248
20:37:33.401,0,0.1,0,0,0,0,0,-1,575,26790822,-80,-1615,-74061264
20:37:33.406,0,0.1,0,0,0,0,0,-3,1129,26790828,11,273,-74061248
20:37:33.411,0,0.1,0,0,0,0,0,1,697,26790822,8,-1048,-74061248
20:37:33.416,0,0.1,0,0,0,0,0,-3,430,26790822,-6,-1083,-74061248
20:37:33.421,0,0.1,0,0,0,0,0,-4,407,26790822,-50,-1176,-74061248
20:37:33.426,0,0.1,0,0,0,0,0,13,1209,26790828,-6,732,-74061248
20:37:33.431,0,0.1,0,0,0,0,0,7,428,26790822,9,-1115,-74061248
20:37:33.436,0,0.1,0,0,0,0,0,-28,382,26790822,-5,165,-74061248
20:37:33.441,0,0.1,0,0,0,0,0,0,419,26790822,-12,966,-74061248
20:37:33.446,0,0.1,0,0,0,0,0,0,501,26790822,13,998,-74061248
20:37:33.451,0,0.1,0,0,0,0,0,12,569,26790822,-65,-330,-74061248
20:37:33.456,0,0.1,0,0,0,0,0,-7,495,26790822,41,-1126,-74061248
20:37:33.462,0,0.1,0,0,0,0,0,2,-609,26790816,68,-398,-74061248
20:37:33.467,0,0.1,0,0,0,0,0,20,-633,26790816,-35,371,-74061248
20:37:33.472,0,0.1,0,0,0,0,0,1,-35,26790820,-49,-1091,-74061248
20:37:33.477,0,0.1,0,0,0,0,0,-2,-743,26790816,26,122,-74061248
20:37:33.482,0,0.1,0,0,0,0,0,-62,429,26790822,17,-1028,-74061248
20:37:33.487,0,0.1,0,0,0,0,0,9,455,26790822,-65,-1335,-74061264
20:37:33.492,0,0.1,0,0,0,0,0,2,-1281,26790812,-109,-1483,-74061264
20:37:33.497,0,0.1,0,0,0,0,0,12,-1215,26790812,52,262,-74061248
20:37:33.502,0,0.1,0,0,0,0,0,0,652,26790822,39,-1474,-74061264
20:37:33.507,0,0.1,0,0,0,0,0,10,-1829,26790808,-38,1454,-74061232
20:37:33.512,0,0.1,0,0,0,0,0,8,-1882,26790808,61,-328,-74061248
20:37:33.517,0,0.1,0,0,0,0,0,1,-133,26790820,28,-191,-74061248
20:37:33.522,0,0.1,0,0,0,0,0,2,410,26790822,-2,983,-74061248
20:37:33.527,0,0.1,0,0,0,0,0,4,-1295,26790812,26,938,-74061248
20:37:33.532,0,0.1,0,0,0,0,0,15,-49,26790820,-12,982,-74061248
20:37:33.538,0,0.1,0,0,0,0,0,4,608,26790822,-49,884,-74061248
20:37:33.543,0,0.1,0,0,0,0,0,-6,-44,26790820,20,-917,-74061248
20:37:33.548,0,0.1,0,0,0,0,0,2,613,26790822,52,1283,-74061232
20:37:33.553,0,0.1,0,0,0,0,0,0,362,26790822,6,-20,-74061248
20:37:33.558,0,0.1,0,0,0,0,0,-35,622,26790822,-77,-1143,-74061248
20:37:33.563,0,0.1,0,0,0,0,0,13,-1438,26790812,-40,834,-74061248
20:37:33.568,0,0.1,0,0,0,0,0,10,471,26790822,15,-1587,-74061264
20:37:33.573,0,0.1,0,0,0,0,0,17,-1872,26790808,-19,-240,-74061248
20:37:33.578,0,0.1,0,0,0,0,0,-2,1184,26790828,-56,-946,-74061248
20:37:33.583,0,0.1,0,0,0,0,0,7,-1807,26790808,15,209,-74061248
20:37:33.588,0,0.1,0,0,0,0,0,6,-1325,26790812,37,-1115,-74061248
20:37:33.593,0,0.1,0,0,0,0,0,-17,-1359,26790812,28,-254,-74061248
20:37:33.598,0,0.1,0,0,0,0,0,5,-204,26790820,78,1083,-74061248
20:37:33.603,0,0.1,0,0,0,0,0,-42,435,26790822,-1,-225,-74061248
20:37:33.608,0,0.1,0,0,0,0,0,-3,-1493,26790812,-39,944,-74061248
20:37:33.613,0,0.1,0,0,0,0,0,7,544,26790822,13,744,-74061248
20:37:33.618,0,0.1,0,0,0,0,0,-3,-652,26790816,3,878,-74061248
20:37:33.624,0,0.1,0,0,0,0,0,7,454,26790822,11,-1565,-74061248
20:37:33.629,0,0.1,0,0,0,0,0,-3,563,26790822,13,-376,-74061248
20:37:33.634,0,0.1,0,0,0,0,0,15,-161,26790820,-41,-347,-74061248
20:37:33.639,0,0.1,0,0,0,0,0,-13,-1255,26790812,52,590,-74061248
20:37:33.644,0,0.1,0,0,0,0,0,-3,-677,26790816,-4,28,-74061248
20:37:33.649,0,0.1,0,0,0,0,0,-1,1653,26790830,13,14,-74061248
20:37:33.654,0,0.1,0,0,0,0,0,2,-1522,26790812,11,-534,-74061248
20:37:33.659,0,0.1,0,0,0,0,0,5,-2812,26790802,-5,57,-74061248
20:37:33.664,0,0.1,0,0,0,0,0,6,-248,26790820,24,-1103,-74061248
20:37:33.669,0,0.1,0,0,0,0,0,-49,558,26790822,13,212,-74061248
20:37:33.674,0,0.1,0,0,0,0,0,5,476,26790822,-39,167,-74061248
20:37:33.679,0,0.1,0,0,0,0,0,27,-1341,26790812,-34,-1666,-74061264
20:37:33.684,0,0.1,0,0,0,0,0,-5,551,26790822,4,817,-74061248
20:37:33.689,0,0.1,0,0,0,0,0,3,1003,26790828,-30,129,-74061248
20:37:33.694,0,0.1,0,0,0,0,0,-4,-898,26790816,11,711,-74061248
20:37:33.699,0,0.1,0,0,0,0,0,-7,585,26790822,15,-1674,-74061264
20:37:33.704,0,0.1,0,0,0,0,0,-15,401,26790822,-60,1,-74061248
20:37:33.710,0,0.1,0,0,0,0,0,-8,-1443,26790812,57,790,-74061248
20:37:33.715,0,0.1,0,0,0,0,0,-1,474,26790822,33,-1624,-74061264
20:37:33.720,0,0.1,0,0,0,0,0,-3,-1419,26790812,56,-949,-74061248
20:37:33.725,0,0.1,0,0,0,0,0,4,-235,26790820,9,-1168,-74061248
20:37:33.730,0,0.1,0,0,0,0,0,-8,-20,26790820,13,835,-74061248
20:37:33.735,0,0.1,0,0,0,0,0,-10,-143,26790820,35,-1193,-74061248
20:37:33.740,0,0.1,0,0,0,0,0,-7,459,26790822,24,4,-74061248
20:37:33.745,0,0.1,0,0,0,0,0,-6,665,26790822,-17,-449,-74061248
20:37:33.750,0,0.1,0,0,0,0,0,-6,488,26790822,2,-1170,-74061248
20:37:33.755,0,0.1,0,0,0,0,0,13,454,26790822,11,757,-74061248
20:37:33.760,0,0.1,0,0,0,0,0,-3,450,26790822,20,702,-74061248
20:37:33.765,0,0.1,0,0,0,0,0,-11,749,26790822,-58,-517,-74061248
20:37:33.770,0,0.1,0,0,0,0,0,1,-1230,26790812,24,93,-74061248
20:37:33.775,0,0.1,0,0,0,0,0,8,-1837,26790808,-50,-926,-74061248
20:37:33.780,0,0.1,0,0,0,0,0,7,660,26790822,0,-1105,-74061248
20:37:33.785,0,0.1,0,0,0,0,0,-9,-1375,26790812,22,-1568,-74061264
20:37:33.790,0,0.1,0,0,0,0,0,1,-44,26790820,-3,-334,-74061248
20:37:33.796,0,0.1,0,0,0,0,0,8,460,26790822,15,206,-74061248
20:37:33.801,0,0.1,0,0,0,0,0,19,-111,26790820,-56,75,-74061248
20:37:33.806,0,0.1,0,0,0,0,0,5,-98,26790820,57,209,-74061248
20:37:33.811,0,0.1,0,0,0,0,0,10,-698,26790816,-47,-1033,-74061248
20:37:33.816,0,0.1,0,0,0,0,0,17,-235,26790820,-39,1323,-74061232
20:37:33.821,0,0.1,0,0,0,0,0,-19,-69,26790820,-12,-498,-74061248
20:37:33.826,0,0.1,0,0,0,0,0,1,-1319,26790812,-50,-1649,-74061264
20:37:33.831,0,0.1,0,0,0,0,0,22,370,26790822,-30,-1045,-74061248
20:37:33.836,0,0.1,0,0,0,0,0,9,383,26790822,17,-901,-74061248
20:37:33.841,0,0.1,0,0,0,0,0,-2,-41,26790820,-117,-308,-74061248
20:37:33.846,0,0.1,0,0,0,0,0,6,436,26790822,24,-1068,-74061248
20:37:33.851,0,0.1,0,0,0,0,0,-63,-62,26790820,-75,705,-74061248
20:37:33.856,0,0.1,0,0,0,0,0,1,440,26790822,11,-946,-74061248
20:37:33.861,0,0.1,0,0,0,0,0,-18,598,26790822,-60,-1493,-74061264
20:37:33.867,0,0.1,0,0,0,0,0,-1,540,26790822,33,114,-74061248
20:37:33.872,0,0.1,0,0,0,0,0,0,-1779,26790808,-39,-1567,-74061264
20:37:33.877,0,0.1,0,0,0,0,0,5,564,26790822,28,-1132,-74061248
20:37:33.882,0,0.1,0,0,0,0,0,1,320,26790822,28,-1097,-74061248
20:37:33.887,0,0.1,0,0,0,0,0,-15,609,26790822,53,386,-74061248
20:37:33.892,0,0.1,0,0,0,0,0,21,439,26790822,-64,990,-74061248
20:37:33.897,0,0.1,0,0,0,0,0,-12,574,26790822,-8,814,-74061248
20:37:33.902,0,0.1,0,0,0,0,0,9,-916,26790816,-134,928,-74061248
20:37:33.907,0,0.1,0,0,0,0,0,9,-10,26790820,18,908,-74061248
20:37:33.912,0,0.1,0,0,0,0,0,-10,483,26790822,30,852,-74061248
20:37:33.917,0,0.1,0,0,0,0,0,11,500,26790822,26,-1228,-74061248
20:37:33.922,0,0.1,0,0,0,0,0,22,-1873,26790808,-40,609,-74061248
20:37:33.927,0,0.1,0,0,0,0,0,-1,-668,26790816,-53,-1037,-74061248
20:37:33.933,0,0.1,0,0,0,0,0,-10,-1978,26790808,94,787,-74061248
20:37:33.938,0,0.1,0,0,0,0,0,140,1143,26790828,13,778,-74061248
20:37:33.943,0,0.1,0,0,0,0,0,1,-256,26790820,7,1389,-74061232
20:37:33.948,0,0.1,0,0,0,0,0,-25,-717,26790816,17,82,-74061248
20:37:33.953,0,0.1,0,0,0,0,0,-4,-29,26790820,-3,-1142,-74061248
20:37:33.958,0,0.1,0,0,0,0,0,-10,-1872,26790808,52,737,-74061248
20:37:33.963,0,0.1,0,0,0,0,0,-34,588,26790822,-10,-975,-74061248
20:37:33.968,0,0.1,0,0,0,0,0,-7,7,26790820,28,-1047,-74061248
20:37:33.973,0,0.1,0,0,0,0,0,-86,558,26790822,13,-1558,-74061264
20:37:33.978,0,0.1,0,0,0,0,0,-14,512,26790822,17,305,-74061248
20:37:33.983,0,0.1,0,0,0,0,0,0,-1307,26790812,41,-1159,-74061248
20:37:33.988,0,0.1,0,0,0,0,0,17,1600,26790820,-1,-1031,-74061248
20:37:33.993,0,0.1,0,0,0,0,0,-16,374,26790822,-30,723,-74061248
20:37:33.998,0,0.1,0,0,0,0,0,-12,-108,26790820,28,888,-74061248
20:37:34.003,0,0.1,0,0,0,0,0,-6,492,26790822,-45,998,-74061248
20:37:34.008,0,0.1,0,0,0,0,0,-10,-1440,26790812,0,825,-74061248
20:37:34.013,0,0.1,0,0,0,0,0,-29,1721,26790830,21,-1004,-74061248
20:37:34.019,0,0.1,0,0,0,0,0,4,-880,26790816,-3,931,-74061248
20:37:34.024,0,0.1,0,0,0,0,0,18,506,26790822,-3,1019,-74061248
20:37:34.029,0,0.1,0,0,0,0,0,27,396,26790822,-10,-1491,-74061264
20:37:34.034,0,0.1,0,0,0,0,0,-6,-66,26790820,15,718,-74061248
20:37:34.039,0,0.1,0,0,0,0,0,-35,595,26790822,16,844,-74061248
20:37:34.044,0,0.1,0,0,0,0,0,18,407,26790822,17,-494,-74061248
20:37:34.049,0,0.1,0,0,0,0,0,-15,-189,26790820,-1,-994,-74061248
20:37:34.054,0,0.1,0,0,0,0,0,22,1021,26790828,11,1053,-74061248
20:37:34.059,0,0.1,0,0,0,0,0,9,519,26790822,-79,445,-74061248
20:37:34.064,0,0.1,0,0,0,0,0,7,1224,26790828,-12,-316,-74061248
20:37:34.069,0,0.1,0,0,0,0,0,-5,563,26790822,37,-464,-74061248
20:37:34.074,0,0.1,0,0,0,0,0,-5,407,26790822,-101,799,-74061248
20:37:34.079,0,0.1,0,0,0,0,0,9,436,26790822,-67,-1611,-74061264
20:37:34.084,0,0.1,0,0,0,0,0,-8,477,26790822,-84,-263,-74061248
20:37:34.089,0,0.1,0,0,0,0,0,-1,544,26790822,-46,754,-74061248
20:37:34.095,0,0.1,0,0,0,0,0,-2,-80,26790820,-34,933,-74061248
20:37:34.100,0,0.1,0,0,0,0,0,-8,-712,26790816,-75,-287,-74061248
20:37:34.105,0,0.1,0,0,0,0,0,-3,697,26790822,-21,1343,-74061232
20:37:34.110,0,0.1,0,0,0,0,0,1,688,26790822,15,70,-74061248
20:37:34.115,0,0.1,0,0,0,0,0,-4,-728,26790816,44,786,-74061248
20:37:34.120,0,0.1,0,0,0,0,0,24,-174,26790820,34,694,-74061248
20:37:34.125,0,0.1,0,0,0,0,0,4,1026,26790828,32,-612,-74061248
20:37:34.130,0,0.1,0,0,0,0,0,20,575,26790822,-12,751,-74061248
20:37:34.135,0,0.1,0,0,0,0,0,1,537,26790822,-6,-1163,-74061248
20:37:34.140,0,0.1,0,0,0,0,0,0,-700,26790816,-36,184,-74061248
20:37:34.145,0,0.1,0,0,0,0,0,-10,414,26790822,44,-580,-74061248
20:37:34.150,0,0.1,0,0,0,0,0,1,550,26790822,-30,-1160,-74061248
20:37:34.155,0,0.1,0,0,0,0,0,14,439,26790822,20,944,-74061248
20:37:34.160,0,0.1,0,0,0,0,0,5,-38,26790820,17,963,-74061248
20:37:34.165,0,0.1,0,0,0,0,0,-25,1096,26790828,-49,-1057,-74061248
20:37:34.170,0,0.1,0,0,0,0,0,7,-870,26790816,-43,-1456,-74061264
20:37:34.175,0,0.1,0,0,0,0,0,-11,315,26790822,29,1013,-74061248
20:37:34.181,0,0.1,0,0,0,0,0,-37,1047,26790828,-78,-1184,-74061248
20:37:34.186,0,0.1,0,0,0,0,0,3,459,26790822,8,755,-74061248
20:37:34.191,0,0.1,0,0,0,0,0,18,-203,26790820,50,-900,-74061248
20:37:34.196,0,0.1,0,0,0,0,0,-7,-1945,26790808,69,-962,-74061248
20:37:34.201,0,0.1,0,0,0,0,0,13,593,26790822,-42,1302,-74061232
20:37:34.206,0,0.1,0,0,0,0,0,6,515,26790822,48,-495,-74061248
20:37:34.211,0,0.1,0,0,0,0,0,7,-2017,26790808,-17,-885,-74061248
20:37:34.216,0,0.1,0,0,0,0,0,9,411,26790822,-7,312,-74061248
20:37:34.221,0,0.1,0,0,0,0,0,-41,2213,26790836,-20,1043,-74061248
20:37:34.226,0,0.1,0,0,0,0,0,9,395,26790822,17,-1056,-74061248
20:37:34.231,0,0.1,0,0,0,0,0,5,-98,26790820,5,-1472,-74061264
20:37:34.236,0,0.1,0,0,0,0,0,7,-1402,26790812,-6,-948,-74061248
20:37:34.241,0,0.1,0,0,0,0,0,-13,364,26790822,-84,822,-74061248
20:37:34.246,0,0.1,0,0,0,0,0,-18,1039,26790828,-41,-1607,-74061264
20:37:34.251,0,0.1,0,0,0,0,0,2,343,26790822,-45,-1009,-74061248
20:37:34.257,0,0.1,0,0,0,0,0,-4,379,26790822,-5,-497,-74061248
20:37:34.262,0,0.1,0,0,0,0,0,1,-1827,26790808,-26,-367,-74061248
20:37:34.267,0,0.1,0,0,0,0,0,12,1087,26790828,-61,-978,-74061248
20:37:34.272,0,0.1,0,0,0,0,0,-11,458,26790822,26,883,-74061248
20:37:34.277,0,0.1,0,0,0,0,0,2,325,26790822,8,358,-74061248
20:37:34.282,0,0.1,0,0,0,0,0,1,581,26790822,-13,901,-74061248
20:37:34.287,0,0.1,0,0,0,0,0,0,562,26790822,17,-1113,-74061248
20:37:34.287,0,0.1,0,0,0,0,0,-4,-202,26790820,-49,-1058,-74061248
20:37:34.292,0,0.1,0,0,0,0,0,-34,619,26790822,0,291,-74061248
20:37:34.297,0,0.1,0,0,0,0,0,18,1797,26790830,-86,733,-74061248
20:37:34.303,0,0.1,0,0,0,0,0,-69,605,26790822,-12,-1079,-74061248
20:37:34.308,0,0.1,0,0,0,0,0,6,384,26790822,44,711,-74061248
20:37:34.313,0,0.1,0,0,0,0,0,4,-114,26790820,37,-1045,-74061248
20:37:34.318,0,0.1,0,0,0,0,0,-11,357,26790822,52,-1050,-74061248
20:37:34.323,0,0.1,0,0,0,0,0,0,-1261,26790812,-8,696,-74061248
20:37:34.328,0,0.1,0,0,0,0,0,1,321,26790822,-43,291,-74061248
20:37:34.333,0,0.1,0,0,0,0,0,10,509,26790822,24,-1003,-74061248
20:37:34.338,0,0.1,0,0,0,0,0,-14,365,26790822,37,873,-74061248
20:37:34.343,0,0.1,0,0,0,0,0,21,406,26790822,4,-1386,-74061264
20:37:34.348,0,0.1,0,0,0,0,0,17,-1956,26790808,-32,1128,-74061248
20:37:34.353,0,0.1,0,0,0,0,0,2,364,26790822,-32,-795,-74061248
20:37:34.358,0,0.1,0,0,0,0,0,-5,-1287,26790812,-49,-858,-74061248
20:37:34.363,0,0.1,0,0,0,0,0,15,-179,26790820,-58,-921,-74061248
20:37:34.368,0,0.1,0,0,0,0,0,7,310,26790822,44,-197,-74061248
20:37:34.373,0,0.1,0,0,0,0,0,-4,-45,26790820,-82,861,-74061248
20:37:34.379,0,0.1,0,0,0,0,0,2,6,26790820,28,-1421,-74061264
20:37:34.384,0,0.1,0,0,0,0,0,10,342,26790822,-54,-286,-74061248
20:37:34.389,0,0.1,0,0,0,0,0,-5,391,26790822,24,1160,-74061248
20:37:34.394,0,0.1,0,0,0,0,0,-16,406,26790822,-4,-786,-74061248
20:37:34.399,0,0.1,0,0,0,0,0,-2,-330,26790820,28,-1280,-74061248
20:37:34.404,0,0.1,0,0,0,0,0,48,-130,26790820,2,-37,-74061248
20:37:34.409,0,0.1,0,0,0,0,0,21,442,26790822,33,-825,-74061248
20:37:34.414,0,0.1,0,0,0,0,0,5,1008,26790828,-54,1108,-74061248
20:37:34.419,0,0.1,0,0,0,0,0,-11,588,26790822,-14,-1035,-74061248
20:37:34.424,0,0.1,0,0,0,0,0,-1,-1518,26790812,2,-775,-74061248
20:37:34.429,0,0.1,0,0,0,0,0,1,-60,26790820,2,846,-74061248
20:37:34.434,0,0.1,0,0,0,0,0,-12,-1949,26790808,20,-276,-74061248
20:37:34.439,0,0.1,0,0,0,0,0,5,477,26790822,-2,960,-74061248
20:37:34.444,0,0.1,0,0,0,0,0,3,406,26790822,-4,-935,-74061248
20:37:34.449,0,0.1,0,0,0,0,0,-7,394,26790822,-63,-1655,-74061264
20:37:34.454,0,0.1,0,0,0,0,0,7,472,26790822,44,308,-74061248
20:37:34.460,0,0.1,0,0,0,0,0,6,426,26790822,63,869,-74061248
20:37:34.465,0,0.1,0,0,0,0,0,-9,411,26790822,28,208,-74061248
20:37:34.470,0,0.1,0,0,0,0,0,-6,-138,26790820,41,798,-74061248
20:37:34.475,0,0.1,0,0,0,0,0,17,968,26790828,42,-826,-74061248
20:37:34.480,0,0.1,0,0,0,0,0,-3,-380,26790820,24,1037,-74061248
20:37:34.485,0,0.1,0,0,0,0,0,-41,1710,26790830,-43,-1044,-74061248
20:37:34.490,0,0.1,0,0,0,0,0,-4,-1474,26790812,-56,1081,-74061248
20:37:34.495,0,0.1,0,0,0,0,0,0,485,26790822,26,1014,-74061248
20:37:34.500,0,0.1,0,0,0,0,0,-17,-581,26790816,45,-974,-74061248
20:37:34.505,0,0.1,0,0,0,0,0,-2,0,26790820,21,-379,-74061248
20:37:34.510,0,0.1,0,0,0,0,0,10,-867,26790816,-8,177,-74061264
20:37:34.515,0,0.1,0,0,0,0,0,7,-1573,26790812,41,-285,-74061248
20:37:34.520,0,0.1,0,0,0,0,0,0,-708,26790816,-84,1130,-74061248
20:37:34.525,0,0.1,0,0,0,0,0,-11,-1848,26790808,11,-746,-74061248
20:37:34.530,0,0.1,0,0,0,0,0,-6,575,26790822,-1,-87,-74061248
20:37:34.535,0,0.1,0,0,0,0,0,4,-42,26790820,22,452,-74061248
20:37:34.540,0,0.1,0,0,0,0,0,4,519,26790822,24,-755,-74061248
20:37:34.545,0,0.1,0,0,0,0,0,5,-552,26790816,6,1144,-74061248
20:37:34.551,0,0.1,0,0,0,0,0,16,493,26790822,26,-793,-74061248
20:37:34.556,0,0.1,0,0,0,0,0,10,-224,26790820,17,-764,-74061248
20:37:34.561,0,0.1,0,0,0,0,0,-16,-1492,26790812,-60,1465,-74061232
20:37:34.566,0,0.1,0,0,0,0,0,-1,317,26790822,83,-156,-74061248
20:37:34.571,0,0.1,0,0,0,0,0,24,520,26790822,-34,-165,-74061248
20:37:34.576,0,0.1,0,0,0,0,0,-13,-2004,26790808,-67,816,-74061248
20:37:34.581,0,0.1,0,0,0,0,0,19,-828,26790816,-8,-840,-74061248
20:37:34.586,0,0.1,0,0,0,0,0,2,-1267,26790812,30,983,-74061248
20:37:34.591,0,0.1,0,0,0,0,0,9,658,26790822,29,-107,-74061248
20:37:34.596,0,0.1,0,0,0,0,0,-6,-148,26790820,11,467,-74061248
20:37:34.601,0,0.1,0,0,0,0,0,-12,624,26790822,24,437,-74061248
20:37:34.606,0,0.1,0,0,0,0,0,-2,-1290,26790812,-4,-942,-74061248
20:37:34.611,0,0.1,0,0,0,0,0,-13,-1320,26790812,35,-1321,-74061264
20:37:34.616,0,0.1,0,0,0,0,0,15,-1571,26790812,9,-789,-74061248
20:37:34.621,0,0.1,0,0,0,0,0,0,371,26790822,-12,-188,-74061248
20:37:34.626,0,0.1,0,0,0,0,0,20,541,26790822,37,-966,-74061248
20:37:34.631,0,0.1,0,0,0,0,0,27,-674,26790816,4,269,-74061248
20:37:34.636,0,0.1,0,0,0,0,0,2,347,26790822,22,-943,-74061248
20:37:34.642,0,0.1,0,0,0,0,0,1,485,26790822,-79,908,-74061248
20:37:34.647,0,0.1,0,0,0,0,0,-3,405,26790822,79,1069,-74061248
20:37:34.652,0,0.1,0,0,0,0,0,1,497,26790822,-4,-283,-74061248
20:37:34.657,0,0.1,0,0,0,0,0,-2,-690,26790816,7,-828,-74061248
20:37:34.662,0,0.1,0,0,0,0,0,-9,654,26790822,56,995,-74061248
20:37:34.667,0,0.1,0,0,0,0,0,5,-90,26790820,-70,921,-74061248
20:37:34.672,0,0.1,0,0,0,0,0,-6,40,26790820,6,1036,-74061248
20:37:34.677,0,0.1,0,0,0,0,0,-2,488,26790822,-41,-341,-74061248
20:37:34.682,0,0.1,0,0,0,0,0,2,611,26790822,11,-239,-74061248
20:37:34.687,0,0.1,0,0,0,0,0,3,-1503,26790812,2,1533,-74061232
20:37:34.692,0,0.1,0,0,0,0,0,7,-775,26790816,4,829,-74061248
20:37:34.697,0,0.1,0,0,0,0,0,-12,-233,26790820,-27,1522,-74061232
20:37:34.702,0,0.1,0,0,0,0,0,6,-640,26790816,35,105,-74061248
20:37:34.707,0,0.1,0,0,0,0,0,15,-91,26790820,39,-1415,-74061264
20:37:34.712,0,0.1,0,0,0,0,0,-15,-671,26790816,24,-111,-74061248
20:37:34.717,0,0.1,0,0,0,0,0,7,511,26790822,-2,-881,-74061248
20:37:34.723,0,0.1,0,0,0,0,0,4,367,26790822,-76,-831,-74061248
20:37:34.728,0,0.1,0,0,0,0,0,9,578,26790822,-15,-1324,-74061264
20:37:34.733,0,0.1,0,0,0,0,0,17,425,26790822,24,-1371,-74061264
20:37:34.738,0,0.1,0,0,0,0,0,11,415,26790812,-17,1192,-74061248
20:37:34.743,0,0.1,0,0,0,0,0,-6,-231,26790820,-3,-872,-74061248
20:37:34.748,0,0.1,0,0,0,0,0,3,1007,26790828,-84,564,-74061248
20:37:34.753,0,0.1,0,0,0,0,0,-24,2212,26790836,2,1257,-74061248
20:37:34.758,0,0.1,0,0,0,0,0,-8,413,26790822,-12,-860,-74061248
20:37:34.763,0,0.1,0,0,0,0,0,-9,349,26790822,-50,-631,-74061248
20:37:34.768,0,0.1,0,0,0,0,0,-7,-4,26790820,-46,-1253,-74061264
20:37:34.773,0,0.1,0,0,0,0,0,0,-1774,26790808,-4,-883,-74061248
20:37:34.778,0,0.1,0,0,0,0,0,4,461,26790822,-63,-89,-74061248
20:37:34.783,0,0.1,0,0,0,0,0,-5,1031,26790828,-71,493,-74061248
20:37:34.788,0,0.1,0,0,0,0,0,0,-1275,26790812,-8,-661,-74061248
20:37:34.793,0,0.1,0,0,0,0,0,11,-48,26790820,2,-1258,-74061264
20:37:34.798,0,0.1,0,0,0,0,0,-2,531,26790822,-64,921,-74061248
20:37:34.804,0,0.1,0,0,0,0,0,-2,-1935,26790808,30,-1373,-74061264
20:37:34.809,0,0.1,0,0,0,0,0,19,632,26790822,-49,1164,-74061248
20:37:34.814,0,0.1,0,0,0,0,0,8,-210,26790820,-18,889,-74061248
20:37:34.819,0,0.1,0,0,0,0,0,-4,-87,26790820,-43,-979,-74061248
20:37:34.824,0,0.1,0,0,0,0,0,-28,400,26790822,33,-843,-74061248
20:37:34.829,0,0.1,0,0,0,0,0,1,388,26790822,15,-1505,-74061264
20:37:34.834,0,0.1,0,0,0,0,0,-8,-1261,26790812,2,320,-74061248
20:37:34.839,0,0.1,0,0,0,0,0,6,-54,26790820,-62,891,-74061248
20:37:34.844,0,0.1,0,0,0,0,0,6,-1337,26790812,51,1018,-74061248
20:37:34.849,0,0.1,0,0,0,0,0,0,631,26790822,-4,-1312,-74061264
20:37:34.854,0,0.1,0,0,0,0,0,11,-28,26790820,-28,-654,-74061248
20:37:34.859,0,0.1,0,0,0,0,0,4,-666,26790816,22,1136,-74061248
20:37:34.864,0,0.1,0,0,0,0,0,4,-32,26790820,-27,-1372,-74061264
20:37:34.869,0,0.1,0,0,0,0,0,-6,-791,26790816,-3,-276,-74061248
20:37:34.874,0,0.1,0,0,0,0,0,-2,491,26790822,28,476,-74061248
20:37:34.879,0,0.1,0,0,0,0,0,6,-123,26790820,-35,633,-74061248
20:37:34.884,0,0.1,0,0,0,0,0,18,395,26790822,11,9,-74061248
20:37:34.890,0,0.1,0,0,0,0,0,-5,415,26790822,15,-169,-74061248
20:37:34.895,0,0.1,0,0,0,0,0,-6,527,26790822,44,-1365,-74061264
20:37:34.900,0,0.1,0,0,0,0,0,9,-162,26790820,-48,1135,-74061248
20:37:34.905,0,0.1,0,0,0,0,0,12,-1270,26790812,9,-1372,-74061264
20:37:34.910,0,0.1,0,0,0,0,0,27,388,26790822,-8,-1474,-74061264
20:37:34.915,0,0.1,0,0,0,0,0,1,379,26790822,43,421,-74061248
20:37:34.920,0,0.1,0,0,0,0,0,-2,547,26790822,43,-1487,-74061264
20:37:34.925,0,0.1,0,0,0,0,0,88,-695,26790816,-17,1608,-74061232
20:37:34.930,0,0.1,0,0,0,0,0,4,-741,26790816,-67,-1445,-74061264
20:37:34.935,0,0.1,0,0,0,0,0,9,662,26790822,-28,-314,-74061248
20:37:34.940,0,0.1,0,0,0,0,0,7,407,26790822,13,-204,-74061248
20:37:34.945,0,0.1,0,0,0,0,0,-7,386,26790822,-4,1181,-74061248
20:37:34.950,0,0.1,0,0,0,0,0,21,-27,26790820,-14,-741,-74061248
20:37:34.955,0,0.1,0,0,0,0,0,6,-39,26790820,2,564,-74061248
20:37:34.960,0,0.1,0,0,0,0,0,-8,559,26790822,31,-176,-74061248
20:37:34.965,0,0.1,0,0,0,0,0,-18,1011,26790828,17,935,-74061248
20:37:34.970,0,0.1,0,0,0,0,0,-5,908,26790828,-18,1094,-74061248
20:37:34.975,0,0.1,0,0,0,0,0,7,335,26790822,-52,-852,-74061248
20:37:34.981,0,0.1,0,0,0,0,0,-2,-90,26790820,31,932,-74061248
20:37:34.986,0,0.1,0,0,0,0,0,-5,616,26790822,59,1577,-74061232
20:37:34.991,0,0.1,0,0,0,0,0,16,384,26790822,-53,-597,-74061248
20:37:34.996,0,0.1,0,0,0,0,0,-1,428,26790822,24,1089,-74061248
20:37:35.001,0,0.1,0,0,0,0,0,1,559,26790822,-15,-831,-74061248
20:37:35.006,0,0.1,0,0,0,0,0,-37,2398,26790836,8,1091,-74061248
20:37:35.011,0,0.1,0,0,0,0,0,4,496,26790822,-63,-894,-74061248
20:37:35.016,0,0.1,0,0,0,0,0,8,-1375,26790812,28,1045,-74061248
20:37:35.021,0,0.1,0,0,0,0,0,7,694,26790822,28,-887,-74061248
20:37:35.026,0,0.1,0,0,0,0,0,-13,1054,26790828,-25,1005,-74061248
20:37:35.031,0,0.1,0,0,0,0,0,-10,-622,26790816,-38,357,-74061248
20:37:35.036,0,0.1,0,0,0,0,0,5,638,26790822,-73,-1350,-74061264
20:37:35.041,0,0.1,0,0,0,0,0,-66,538,26790822,19,575,-74061248
20:37:35.046,0,0.1,0,0,0,0,0,12,-17,26790820,59,1138,-74061248
20:37:35.051,0,0.1,0,0,0,0,0,0,609,26790822,-6,420,-74061248
20:37:35.056,0,0.1,0,0,0,0,0,27,611,26790822,-6,915,-74061248
20:37:35.061,0,0.1,0,0,0,0,0,-19,458,26790822,-8,-1002,-74061248
20:37:35.067,0,0.1,0,0,0,0,0,11,609,26790822,35,860,-74061248
20:37:35.072,0,0.1,0,0,0,0,0,0,-19,26790820,57,956,-74061248
20:37:35.077,0,0.1,0,0,0,0,0,-14,461,26790822,13,-1431,-74061264
20:37:35.082,0,0.1,0,0,0,0,0,-9,400,26790822,33,-747,-74061248
20:37:35.087,0,0.1,0,0,0,0,0,7,-963,26790816,72,-1536,-74061264
20:37:35.092,0,0.1,0,0,0,0,0,-4,-2098,26790808,0,1049,-74061248
20:37:35.097,0,0.1,0,0,0,0,0,13,642,26790822,-36,1079,-74061248
20:37:35.102,0,0.1,0,0,0,0,0,12,1159,26790828,30,-808,-74061248
20:37:35.107,0,0.1,0,0,0,0,0,-2,312,26790822,4,-268,-74061248
20:37:35.112,0,0.1,0,0,0,0,0,-2,-709,26790816,39,1047,-74061248
20:37:35.117,0,0.1,0,0,0,0,0,-27,1060,26790828,4,1518,-74061232
20:37:35.122,0,0.1,0,0,0,0,0,7,482,26790822,11,-906,-74061248
20:37:35.127,0,0.1,0,0,0,0,0,-46,66,26790820,-50,-392,-74061248
20:37:35.132,0,0.1,0,0,0,0,0,1,2415,26790836,70,-1430,-74061264
20:37:35.137,0,0.1,0,0,0,0,0,15,461,26790822,-8,1533,-74061232
20:37:35.142,0,0.1,0,0,0,0,0,-25,407,26790822,-43,-738,-74061248
20:37:35.147,0,0.1,0,0,0,0,0,-7,-848,26790816,28,-1438,-74061264
20:37:35.152,0,0.1,0,0,0,0,0,-28,22,26790820,63,-139,-74061248
20:37:35.158,0,0.1,0,0,0,0,0,-5,626,26790822,22,-990,-74061248
20:37:35.163,0,0.1,0,0,0,0,0,-6,450,26790822,-21,1020,-74061248
20:37:35.168,0,0.1,0,0,0,0,0,2,229,26790822,85,905,-74061248
20:37:35.173,0,0.1,0,0,0,0,0,12,-1417,26790812,7,-345,-74061248
20:37:35.178,0,0.1,0,0,0,0,0,5,-123,26790820,69,799,-74061248
20:37:35.183,0,0.1,0,0,0,0,0,0,-67,26790820,-19,-1090,-74061248
20:37:35.188,0,0.1,0,0,0,0,0,14,364,26790822,30,-1119,-74061248
20:37:35.193,0,0.1,0,0,0,0,0,3,983,26790828,53,-1139,-74061248
20:37:35.198,0,0.1,0,0,0,0,0,-15,-1992,26790808,-5,-406,-74061248
20:37:35.203,0,0.1,0,0,0,0,0,2,378,26790822,-2,971,-74061248
20:37:35.208,0,0.1,0,0,0,0,0,15,-63,26790820,28,-888,-74061248
20:37:35.213,0,0.1,0,0,0,0,0,9,-798,26790816,15,-936,-74061248
20:37:35.218,0,0.1,0,0,0,0,0,-2,401,26790822,-6,1110,-74061248
20:37:35.223,0,0.1,0,0,0,0,0,-20,327,26790822,39,418,-74061248
20:37:35.228,0,0.1,0,0,0,0,0,6,453,26790822,-43,-864,-74061248
20:37:35.233,0,0.1,0,0,0,0,0,-20,-1303,26790812,-80,-624,-74061248
20:37:35.238,0,0.1,0,0,0,0,0,0,-1406,26790812,-62,-815,-74061248
20:37:35.243,0,0.1,0,0,0,0,0,13,-598,26790816,11,1102,-74061248
20:37:35.248,0,0.1,0,0,0,0,0,43,522,26790828,-41,1089,-74061248
20:37:35.254,0,0.1,0,0,0,0,0,3,-1762,26790808,-62,964,-74061248
20:37:35.259,0,0.1,0,0,0,0,0,-5,-875,26790816,4,-866,-74061248
20:37:35.264,0,0.1,0,0,0,0,0,-7,386,26790822,31,-1108,-74061248
20:37:35.269,0,0.1,0,0,0,0,0,15,-80,26790820,52,215,-74061248
20:37:35.274,0,0.1,0,0,0,0,0,3,-114,26790820,-16,977,-74061248
20:37:35.279,0,0.1,0,0,0,0,0,4,477,26790822,46,-920,-74061248
20:37:35.284,0,0.1,0,0,0,0,0,-11,546,26790822,-2,1003,-74061248
20:37:35.289,0,0.1,0,0,0,0,0,-35,1137,26790828,6,1520,-74061232
20:37:35.294,0,0.1,0,0,0,0,0,-1,412,26790822,-41,-304,-74061248
20:37:35.299,0,0.1,0,0,0,0,0,0,-69,26790820,-73,-826,-74061248
20:37:35.304,0,0.1,0,0,0,0,0,-1,600,26790822,-16,1659,-74061232
20:37:35.309,0,0.1,0,0,0,0,0,-1,474,26790822,-60,372,-74061248
20:37:35.314,0,0.1,0,0,0,0,0,-7,-601,26790816,-100,-1315,-74061264
20:37:35.319,0,0.1,0,0,0,0,0,-7,-1833,26790808,-8,-16,-74061248
20:37:35.324,0,0.1,0,0,0,0,0,20,-1295,26790816,26,-677,-74061248
20:37:35.329,0,0.1,0,0,0,0,0,0,-752,26790816,35,-1418,-74061264
20:37:35.334,0,0.1,0,0,0,0,0,7,4,26790820,10,1229,-74061248
20:37:35.339,0,0.1,0,0,0,0,0,9,415,26790822,21,466,-74061248
20:37:35.345,0,0.1,0,0,0,0,0,-10,524,26790822,-45,-863,-74061248
20:37:35.350,0,0.1,0,0,0,0,0,53,-254,26790820,-17,-276,-74061248
20:37:35.355,0,0.1,0,0,0,0,0,-1,462,26790822,7,1329,-74061248
20:37:35.360,0,0.1,0,0,0,0,0,-2,-69,26790820,-19,151,-74061248
20:37:35.365,0,0.1,0,0,0,0,0,-9,431,26790822,35,-1044,-74061264
20:37:35.370,0,0.1,0,0,0,0,0,-19,-1483,26790812,2,1310,-74061248
20:37:35.375,0,0.1,0,0,0,0,0,-3,407,26790822,28,1245,-74061248
20:37:35.380,0,0.1,0,0,0,0,0,-6,-1912,26790808,-67,1765,-74061232
20:37:35.385,0,0.1,0,0,0,0,0,9,-223,26790820,2,-113,-74061248
20:37:35.390,0,0.1,0,0,0,0,0,3,1,26790820,-58,1232,-74061248
20:37:35.395,0,0.1,0,0,0,0,0,0,442,26790822,11,-483,-74061248
20:37:35.400,0,0.1,0,0,0,0,0,-8,381,26790822,4,-456,-74061248
20:37:35.405,0,0.1,0,0,0,0,0,-42,583,26790822,7,1828,-74061232
20:37:35.410,0,0.1,0,0,0,0,0,15,-1866,26790808,44,-1177,-74061264
20:37:35.415,0,0.1,0,0,0,0,0,-8,1092,26790828,72,-1171,-74061264
20:37:35.420,0,0.1,0,0,0,0,0,-37,-119,26790820,37,1361,-74061248
20:37:35.425,0,0.1,0,0,0,0,0,7,1082,26790828,30,1300,-74061248
20:37:35.431,0,0.1,0,0,0,0,0,7,434,26790822,-10,-1214,-74061264
20:37:35.436,0,0.1,0,0,0,0,0,-13,994,26790828,-63,450,-74061248
20:37:35.441,0,0.1,0,0,0,0,0,-23,423,26790822,61,1226,-74061248
20:37:35.446,0,0.1,0,0,0,0,0,16,446,26790822,-4,1297,-74061248
20:37:35.451,0,0.1,0,0,0,0,0,18,-644,26790816,24,-1202,-74061264
20:37:35.456,0,0.1,0,0,0,0,0,2,1092,26790828,9,-118,-74061248
20:37:35.461,0,0.1,0,0,0,0,0,-8,-238,26790820,-39,431,-74061248
20:37:35.466,0,0.1,0,0,0,0,0,-7,422,26790822,4,1112,-74061248
20:37:35.471,0,0.1,0,0,0,0,0,16,1081,26790828,22,-762,-74061248
20:37:35.476,0,0.1,0,0,0,0,0,-1,359,26790822,0,-748,-74061248
20:37:35.481,0,0.1,0,0,0,0,0,-38,1151,26790828,-6,394,-74061248
20:37:35.486,0,0.1,0,0,0,0,0,3,-1325,26790812,2,504,-74061248
20:37:35.491,0,0.1,0,0,0,0,0,-1,-1901,26790808,26,605,-74061248
20:37:35.496,0,0.1,0,0,0,0,0,-6,-730,26790816,-73,1086,-74061248
20:37:35.501,0,0.1,0,0,0,0,0,0,368,26790822,-49,-568,-74061248
20:37:35.507,0,0.1,0,0,0,0,0,11,532,26790822,-1,-731,-74061248
20:37:35.512,0,0.1,0,0,0,0,0,-1,332,26790822,2,-1304,-74061264
20:37:35.517,0,0.1,0,0,0,0,0,-5,-1532,26790812,37,1254,-74061248
20:37:35.522,0,0.1,0,0,0,0,0,-12,-8,26790820,-1,-323,-74061248
20:37:35.527,0,0.1,0,0,0,0,0,6,-119,26790820,6,408,-74061248
20:37:35.532,0,0.1,0,0,0,0,0,-15,-136,26790820,59,-1337,-74061264
20:37:35.537,0,0.1,0,0,0,0,0,1,440,26790822,10,1639,-74061232
20:37:35.542,0,0.1,0,0,0,0,0,-9,-1407,26790812,-6,-1328,-74061264
20:37:35.547,0,0.1,0,0,0,0,0,10,-1427,26790812,-45,-889,-74061248
20:37:35.552,0,0.1,0,0,0,0,0,13,7,26790820,15,1192,-74061248
20:37:35.557,0,0.1,0,0,0,0,0,11,-89,26790820,6,-916,-74061248
20:37:35.562,0,0.1,0,0,0,0,0,181,-145,26790820,-23,-849,-74061248
20:37:35.567,0,0.1,0,0,0,0,0,3,-1201,26790812,9,-782,-74061248
20:37:35.572,0,0.1,0,0,0,0,0,-44,400,26790822,-30,-1209,-74061264
20:37:35.577,0,0.1,0,0,0,0,0,-8,-650,26790816,-87,-1109,-74061248
20:37:35.582,0,0.1,0,0,0,0,0,23,-670,26790816,66,-625,-74061248
20:37:35.587,0,0.1,0,0,0,0,0,-7,-1280,26790812,-3,-1241,-74061264
20:37:35.593,0,0.1,0,0,0,0,0,-11,1123,26790822,-52,-659,-74061248
20:37:35.598,0,0.1,0,0,0,0,0,-2,478,26790822,2,684,-74061248
20:37:35.603,0,0.1,0,0,0,0,0,19,352,26790822,57,480,-74061248
20:37:35.608,0,0.1,0,0,0,0,0,-14,496,26790822,5,964,-74061248
20:37:35.613,0,0.1,0,0,0,0,0,0,572,26790822,-52,1119,-74061248
20:37:35.618,0,0.1,0,0,0,0,0,-5,-736,26790816,50,795,-74061248
20:37:35.623,0,0.1,0,0,0,0,0,-2,1212,26790828,20,483,-74061248
20:37:35.628,0,0.1,0,0,0,0,0,0,382,26790822,15,-1523,-74061264
20:37:35.633,0,0.1,0,0,0,0,0,-20,547,26790822,4,-995,-74061248
20:37:35.638,0,0.1,0,0,0,0,0,-1,363,26790822,22,1094,-74061248
20:37:35.643,0,0.1,0,0,0,0,0,5,984,26790828,52,-748,-74061248
20:37:35.648,0,0.1,0,0,0,0,0,-7,479,26790822,-54,1206,-74061248
20:37:35.653,0,0.1,0,0,0,0,0,5,-262,26790820,55,-142,-74061248
20:37:35.658,0,0.1,0,0,0,0,0,16,414,26790822,63,-248,-74061248
20:37:35.663,0,0.1,0,0,0,0,0,0,380,26790822,-52,-47,-74061248
20:37:35.668,0,0.1,0,0,0,0,0,-48,-179,26790820,-1,-197,-74061248
20:37:35.673,0,0.1,0,0,0,0,0,-1,394,26790822,46,1632,-74061232
20:37:35.678,0,0.1,0,0,0,0,0,-85,484,26790822,-73,496,-74061248
20:37:35.684,0,0.1,0,0,0,0,0,20,573,26790822,52,-689,-74061248
20:37:35.689,0,0.1,0,0,0,0,0,3,390,26790822,-10,50,-74061248
20:37:35.694,0,0.1,0,0,0,0,0,10,-1881,26790808,-45,-644,-74061248
20:37:35.699,0,0.1,0,0,0,0,0,0,486,26790822,-2,727,-74061248
20:37:35.704,0,0.1,0,0,0,0,0,-12,324,26790822,0,-524,-74061248
20:37:35.709,0,0.1,0,0,0,0,0,28,-794,26790822,2,146,-74061248
20:37:35.714,0,0.1,0,0,0,0,0,26,-1422,26790812,-41,-1046,-74061264
20:37:35.719,0,0.1,0,0,0,0,0,14,520,26790822,31,-587,-74061248
20:37:35.724,0,0.1,0,0,0,0,0,0,-697,26790816,37,1398,-74061248
20:37:35.729,0,0.1,0,0,0,0,0,-5,582,26790822,-45,-1162,-74061264
20:37:35.734,0,0.1,0,0,0,0,0,-13,536,26790822,2,-1195,-74061264
20:37:35.739,0,0.1,0,0,0,0,0,0,577,26790822,11,-1131,-74061264
20:37:35.744,0,0.1,0,0,0,0,0,8,-733,26790816,55,-1092,-74061264
20:37:35.749,0,0.1,0,0,0,0,0,-3,303,26790822,26,1446,-74061248
20:37:35.754,0,0.1,0,0,0,0,0,13,-892,26790816,20,-640,-74061248
20:37:35.759,0,0.1,0,0,0,0,0,2,451,26790822,-43,-626,-74061248
20:37:35.764,0,0.1,0,0,0,0,0,6,402,26790822,43,-604,-74061248
20:37:35.769,0,0.1,0,0,0,0,0,14,-304,26790820,46,-1075,-74061264
20:37:35.775,0,0.1,0,0,0,0,0,7,399,26790822,-10,-627,-74061248
20:37:35.780,0,0.1,0,0,0,0,0,0,274,26790822,26,-418,-74061248
20:37:35.785,0,0.1,0,0,0,0,0,1,-340,26790820,-12,219,-74061248
20:37:35.790,0,0.1,0,0,0,0,0,-4,-1877,26790808,28,-967,-74061264
20:37:35.795,0,0.1,0,0,0,0,0,0,475,26790822,6,-574,-74061248
20:37:35.800,0,0.1,0,0,0,0,0,7,633,26790822,37,1228,-74061248
20:37:35.805,0,0.1,0,0,0,0,0,-3,592,26790822,6,833,-74061248
20:37:35.810,0,0.1,0,0,0,0,0,-10,-132,26790820,74,1444,-74061248
20:37:35.815,0,0.1,0,0,0,0,0,-9,496,26790822,52,1316,-74061248
20:37:35.820,0,0.1,0,0,0,0,0,9,367,26790822,24,-515,-74061248
20:37:35.825,0,0.1,0,0,0,0,0,1,-197,26790820,-60,1806,-74061232
20:37:35.830,0,0.1,0,0,0,0,0,13,437,26790822,-23,-657,-74061248
20:37:35.835,0,0.1,0,0,0,0,0,-4,479,26790822,15,-35,-74061248
20:37:35.840,0,0.1,0,0,0,0,0,9,606,26790822,-30,-1251,-74061264
20:37:35.845,0,0.1,0,0,0,0,0,-15,1615,26790830,19,473,-74061248
20:37:35.850,0,0.1,0,0,0,0,0,-1,-48,26790820,8,-645,-74061248
20:37:35.856,0,0.1,0,0,0,0,0,-4,-1892,26790808,-52,-645,-74061248
20:37:35.861,0,0.1,0,0,0,0,0,-4,-673,26790816,2,-627,-74061248
20:37:35.866,0,0.1,0,0,0,0,0,15,1158,26790828,46,-602,-74061248
20:37:35.871,0,0.1,0,0,0,0,0,-29,441,26790822,-7,641,-74061248
20:37:35.876,0,0.1,0,0,0,0,0,-6,-1355,26790812,-49,-776,-74061248
20:37:35.881,0,0.1,0,0,0,0,0,-23,364,26790822,-4,95,-74061248
20:37:35.886,0,0.1,0,0,0,0,0,1,-282,26790820,9,-1125,-74061264
20:37:35.891,0,0.1,0,0,0,0,0,21,-1901,26790808,44,1418,-74061248
20:37:35.896,0,0.1,0,0,0,0,0,11,596,26790822,-34,-45,-74061248
20:37:35.901,0,0.1,0,0,0,0,0,-10,-237,26790820,15,-687,-74061248
20:37:35.906,0,0.1,0,0,0,0,0,-7,413,26790822,-3,571,-74061248
20:37:35.911,0,0.1,0,0,0,0,0,-4,-740,26790816,-3,-1126,-74061264
20:37:35.916,0,0.1,0,0,0,0,0,-6,506,26790822,4,-1191,-74061264
20:37:35.921,0,0.1,0,0,0,0,0,-11,334,26790822,11,1964,-74061232
20:37:35.926,0,0.1,0,0,0,0,0,-1,341,26790822,-15,-803,-74061248
20:37:35.931,0,0.1,0,0,0,0,0,-3,-273,26790820,-88,-634,-74061248
20:37:35.937,0,0.1,0,0,0,0,0,-2,517,26790822,15,-705,-74061248
20:37:35.942,0,0.1,0,0,0,0,0,-3,-198,26790820,46,1246,-74061248
20:37:35.947,0,0.1,0,0,0,0,0,-44,-32,26790820,39,1224,-74061248
20:37:35.952,0,0.1,0,0,0,0,0,7,-80,26790820,-49,-694,-74061248
20:37:35.957,0,0.1,0,0,0,0,0,0,-643,26790816,32,1134,-74061248
20:37:35.962,0,0.1,0,0,0,0,0,7,-1420,26790812,-47,-840,-74061248
20:37:35.967,0,0.1,0,0,0,0,0,1,1100,26790828,-47,-1241,-74061264
20:37:35.972,0,0.1,0,0,0,0,0,-20,-824,26790816,-52,-116,-74061248
20:37:35.977,0,0.1,0,0,0,0,0,8,-22,26790820,41,-718,-74061248
20:37:35.982,0,0.1,0,0,0,0,0,-1,-106,26790820,-6,-1308,-74061264
20:37:35.987,0,0.1,0,0,0,0,0,4,241,26790822,-19,-576,-74061248
20:37:35.992,0,0.1,0,0,0,0,0,-3,-95,26790820,-37,675,-74061248
20:37:35.997,0,0.1,0,0,0,0,0,4,414,26790822,0,874,-74061248
20:37:36.002,0,0.1,0,0,0,0,0,4,499,26790822,4,-577,-74061248
20:37:36.007,0,0.1,0,0,0,0,0,8,-1508,26790812,-54,1380,-74061248
20:37:36.012,0,0.1,0,0,0,0,0,1,-1936,26790808,44,1183,-74061248
20:37:36.017,0,0.1,0,0,0,0,0,11,-1923,26790808,-61,573,-74061248
20:37:36.023,0,0.1,0,0,0,0,0,12,430,26790822,-10,-663,-74061248
20:37:36.028,0,0.1,0,0,0,0,0,-29,-39,26790820,-58,81,-74061248
20:37:36.033,0,0.1,0,0,0,0,0,-3,-755,26790816,26,-358,-74061248
20:37:36.038,0,0.1,0,0,0,0,0,13,-1423,26790812,21,201,-74061248
20:37:36.043,0,0.1,0,0,0,0,0,-7,-134,26790820,-14,1428,-74061248
20:37:36.048,0,0.1,0,0,0,0,0,-16,396,26790822,8,794,-74061248
20:37:36.053,0,0.1,0,0,0,0,0,1,15,26790820,-16,1397,-74061248
20:37:36.058,0,0.1,0,0,0,0,0,10,-116,26790820,2,-1023,-74061264
20:37:36.063,0,0.1,0,0,0,0,0,2,665,26790822,12,738,-74061248
20:37:36.068,0,0.1,0,0,0,0,0,15,-1290,26790812,-71,117,-74061248
20:37:36.073,0,0.1,0,0,0,0,0,14,326,26790822,30,-592,-74061248
20:37:36.078,0,0.1,0,0,0,0,0,0,339,26790822,-12,-1244,-74061264
20:37:36.083,0,0.1,0,0,0,0,0,-1,-1434,26790812,28,-548,-74061248
20:37:36.088,0,0.1,0,0,0,0,0,23,413,26790822,-12,1411,-74061248
20:37:36.093,0,0.1,0,0,0,0,0,-2,415,26790822,8,782,-74061248
20:37:36.098,0,0.1,0,0,0,0,0,22,-190,26790820,-10,-1018,-74061264
20:37:36.103,0,0.1,0,0,0,0,0,-17,-185,26790820,15,141,-74061248
20:37:36.109,0,0.1,0,0,0,0,0,5,-1283,26790812,-45,-597,-74061248
20:37:36.114,0,0.1,0,0,0,0,0,-9,-1204,26790812,23,773,-74061248
20:37:36.119,0,0.1,0,0,0,0,0,6,-212,26790820,45,750,-74061248
20:37:36.124,0,0.1,0,0,0,0,0,-7,511,26790822,-37,-611,-74061248
20:37:36.129,0,0.1,0,0,0,0,0,7,361,26790822,19,-1113,-74061264
20:37:36.134,0,0.1,0,0,0,0,0,3,-400,26790820,9,-703,-74061248
20:37:36.139,0,0.1,0,0,0,0,0,13,295,26790822,30,1721,-74061232
20:37:36.144,0,0.1,0,0,0,0,0,3,368,26790822,26,-828,-74061248
20:37:36.149,0,0.1,0,0,0,0,0,13,-292,26790820,37,-171,-74061248
20:37:36.154,0,0.1,0,0,0,0,0,6,507,26790822,-12,-870,-74061248
20:37:36.159,0,0.1,0,0,0,0,0,-9,488,26790822,28,1495,-74061232
20:37:36.164,0,0.1,0,0,0,0,0,0,460,26790822,-3,-953,-74061248
20:37:36.169,0,0.1,0,0,0,0,0,-3,468,26790822,-6,-928,-74061248
20:37:36.174,0,0.1,0,0,0,0,0,-8,-189,26790820,2,-1289,-74061264
20:37:36.180,0,0.1,0,0,0,0,0,1,273,26790822,0,1206,-74061248
20:37:36.185,0,0.1,0,0,0,0,0,5,331,26790822,28,1081,-74061248
20:37:36.190,0,0.1,0,0,0,0,0,11,-275,26790820,13,-195,-74061248
20:37:36.195,0,0.1,0,0,0,0,0,11,-664,26790816,59,1172,-74061248
20:37:36.200,0,0.1,0,0,0,0,0,0,485,26790822,37,-162,-74061248
20:37:36.205,0,0.1,0,0,0,0,0,13,-24,26790820,24,-7,-74061248
20:37:36.210,0,0.1,0,0,0,0,0,1,-1763,26790808,-95,-738,-74061248
20:37:36.215,0,0.1,0,0,0,0,0,0,554,26790822,-54,-180,-74061248
20:37:36.220,0,0.1,0,0,0,0,0,24,-704,26790816,74,-893,-74061248
20:37:36.225,0,0.1,0,0,0,0,0,10,-1420,26790812,40,-878,-74061248
20:37:36.230,0,0.1,0,0,0,0,0,-17,-1965,26790808,15,-730,-74061248
20:37:36.235,0,0.1,0,0,0,0,0,-1,-1937,26790808,-84,-709,-74061248
20:37:36.240,0,0.1,0,0,0,0,0,7,293,26790822,-52,-94,-74061248
20:37:36.245,0,0.1,0,0,0,0,0,-11,322,26790822,42,-1372,-74061264
20:37:36.250,0,0.1,0,0,0,0,0,-15,305,26790822,-8,-166,-74061248
20:37:36.255,0,0.1,0,0,0,0,0,15,-393,26790820,2,521,-74061248
20:37:36.260,0,0.1,0,0,0,0,0,20,275,26790822,-12,-754,-74061248
20:37:36.265,0,0.1,0,0,0,0,0,7,389,26790822,-97,-1238,-74061264
20:37:36.270,0,0.1,0,0,0,0,0,4,361,26790822,-76,-859,-74061248
20:37:36.276,0,0.1,0,0,0,0,0,-3,380,26790822,-3,-807,-74061248
20:37:36.281,0,0.1,0,0,0,0,0,-13,479,26790822,17,-702,-74061248
20:37:36.286,0,0.1,0,0,0,0,0,-9,-337,26790820,68,-34,-74061248
20:37:36.291,0,0.1,0,0,0,0,0,5,-285,26790820,7,451,-74061248
20:37:36.296,0,0.1,0,0,0,0,0,-7,-61,26790820,39,-1188,-74061264
20:37:36.301,0,0.1,0,0,0,0,0,1,530,26790822,-14,-738,-74061248
20:37:36.306,0,0.1,0,0,0,0,0,6,-688,26790816,-6,1064,-74061248
20:37:36.311,0,0.1,0,0,0,0,0,-13,-1459,26790812,-32,-745,-74061248
20:37:36.316,0,0.1,0,0,0,0,0,-11,502,26790822,59,511,-74061248
20:37:36.321,0,0.1,0,0,0,0,0,2,2872,26790840,35,1192,-74061248
20:37:36.326,0,0.1,0,0,0,0,0,-8,-1346,26790812,11,1274,-74061248
20:37:36.331,0,0.1,0,0,0,0,0,-6,399,26790822,31,-760,-74061248
20:37:36.336,0,0.1,0,0,0,0,0,-5,-758,26790816,-30,77,-74061248
20:37:36.341,0,0.1,0,0,0,0,0,-10,-1547,26790812,20,1364,-74061248
20:37:36.346,0,0.1,0,0,0,0,0,6,-1311,26790812,-47,-788,-74061248
20:37:36.351,0,0.1,0,0,0,0,0,0,-1477,26790812,-26,1238,-74061248
20:37:36.356,0,0.1,0,0,0,0,0,29,1233,26790828,-71,-610,-74061248
20:37:36.362,0,0.1,0,0,0,0,0,13,324,26790822,-3,-707,-74061248
20:37:36.367,0,0.1,0,0,0,0,0,12,460,26790822,-54,-601,-74061248
20:37:36.372,0,0.1,0,0,0,0,0,-7,580,26790822,6,542,-74061248
20:37:36.377,0,0.1,0,0,0,0,0,7,568,26790822,-23,1366,-74061248
20:37:36.382,0,0.1,0,0,0,0,0,-1,-1272,26790812,-78,-903,-74061248
20:37:36.387,0,0.1,0,0,0,0,0,7,995,26790828,-53,-155,-74061248
20:37:36.392,0,0.1,0,0,0,0,0,-3,558,26790822,61,15,-74061248
20:37:36.397,0,0.1,0,0,0,0,0,8,-195,26790820,-30,444,-74061248
20:37:36.402,0,0.1,0,0,0,0,0,6,445,26790822,4,-638,-74061248
20:37:36.407,0,0.1,0,0,0,0,0,6,-823,26790816,6,1177,-74061248
20:37:36.412,0,0.1,0,0,0,0,0,-13,-1405,26790812,-38,-859,-74061248
20:37:36.417,0,0.1,0,0,0,0,0,0,583,26790822,2,984,-74061248
20:37:36.422,0,0.1,0,0,0,0,0,3,518,26790822,44,-169,-74061248
20:37:36.427,0,0.1,0,0,0,0,0,-7,467,26790822,52,-733,-74061248
20:37:36.432,0,0.1,0,0,0,0,0,-8,424,26790822,-47,1338,-74061248
20:37:36.437,0,0.1,0,0,0,0,0,-1,457,26790822,41,62,-74061248
20:37:36.443,0,0.1,0,0,0,0,0,8,375,26790822,59,-662,-74061248
20:37:36.448,0,0.1,0,0,0,0,0,-21,-182,26790820,31,466,-74061248
20:37:36.453,0,0.1,0,0,0,0,0,5,366,26790822,20,-1183,-74061264
20:37:36.458,0,0.1,0,0,0,0,0,0,295,26790822,41,-142,-74061248
20:37:36.463,0,0.1,0,0,0,0,0,-2,-801,26790816,-63,-1305,-74061264
20:37:36.468,0,0.1,0,0,0,0,0,-15,458,26790822,-52,-1272,-74061264
20:37:36.473,0,0.1,0,0,0,0,0,-64,400,26790822,4,1344,-74061248
20:37:36.478,0,0.1,0,0,0,0,0,11,477,26790822,-41,-804,-74061248
20:37:36.483,0,0.1,0,0,0,0,0,5,368,26790822,-67,699,-74061248
20:37:36.488,0,0.1,0,0,0,0,0,11,-689,26790816,-4,-1235,-74061264
20:37:36.493,0,0.1,0,0,0,0,0,19,458,26790822,66,-1170,-74061264
20:37:36.498,0,0.1,0,0,0,0,0,3,488,26790822,26,1195,-74061248
20:37:36.503,0,0.1,0,0,0,0,0,7,406,26790822,-19,1260,-74061248
20:37:36.508,0,0.1,0,0,0,0,0,-21,956,26790828,-10,-1379,-74061264
20:37:36.514,0,0.1,0,0,0,0,0,-8,-38,26790820,-4,1257,-74061248
20:37:36.519,0,0.1,0,0,0,0,0,3,409,26790822,17,-1267,-74061264
20:37:36.524,0,0.1,0,0,0,0,0,0,472,26790822,-2,1735,-74061232
20:37:36.529,0,0.1,0,0,0,0,0,5,-1587,26790812,-69,1295,-74061248
20:37:36.534,0,0.1,0,0,0,0,0,-5,-2189,26790808,26,-1297,-74061264
20:37:36.539,0,0.1,0,0,0,0,0,9,984,26790828,-37,-807,-74061248
20:37:36.544,0,0.1,0,0,0,0,0,4,364,26790822,-49,-820,-74061248
20:37:36.549,0,0.1,0,0,0,0,0,1,-1929,26790808,0,-1332,-74061264
20:37:36.554,0,0.1,0,0,0,0,0,-22,-194,26790820,-55,498,-74061248
20:37:36.559,0,0.1,0,0,0,0,0,-33,535,26790822,34,-877,-74061248
20:37:36.564,0,0.1,0,0,0,0,0,81,328,26790822,13,-723,-74061248
20:37:36.569,0,0.1,0,0,0,0,0,20,-1371,26790812,15,986,-74061248
20:37:36.574,0,0.1,0,0,0,0,0,-53,-110,26790820,-65,392,-74061248
20:37:36.579,0,0.1,0,0,0,0,0,-17,584,26790822,37,-804,-74061248
20:37:36.584,0,0.1,0,0,0,0,0,-18,600,26790822,-43,-1284,-74061264
20:37:36.589,0,0.1,0,0,0,0,0,-5,518,26790822,-52,577,-74061248
20:37:36.595,0,0.1,0,0,0,0,0,0,651,26790822,17,-790,-74061248
20:37:36.600,0,0.1,0,0,0,0,0,12,-836,26790816,-23,-796,-74061248
20:37:36.605,0,0.1,0,0,0,0,0,5,343,26790822,24,-627,-74061248
20:37:36.610,0,0.1,0,0,0,0,0,13,-191,26790820,-58,-715,-74061248
20:37:36.615,0,0.1,0,0,0,0,0,14,-764,26790816,9,-568,-74061248
20:37:36.620,0,0.1,0,0,0,0,0,0,-58,26790820,-45,-1193,-74061264
20:37:36.625,0,0.1,0,0,0,0,0,5,364,26790822,-23,-89,-74061248
20:37:36.630,0,0.1,0,0,0,0,0,-1,-830,26790816,-58,-657,-74061248
20:37:36.635,0,0.1,0,0,0,0,0,0,-227,26790820,-67,53,-74061248
20:37:36.640,0,0.1,0,0,0,0,0,1,352,26790822,13,-506,-74061248
20:37:36.645,0,0.1,0,0,0,0,0,2,342,26790822,-45,-429,-74061248
20:37:36.650,0,0.1,0,0,0,0,0,0,372,26790822,4,173,-74061248
20:37:36.655,0,0.1,0,0,0,0,0,-2,312,26790822,57,-627,-74061248
20:37:36.660,0,0.1,0,0,0,0,0,-2,-782,26790816,83,-437,-74061248
20:37:36.665,0,0.1,0,0,0,0,0,13,-1376,26790812,-6,587,-74061248
20:37:36.670,0,0.1,0,0,0,0,0,13,399,26790822,24,-581,-74061248
20:37:36.675,0,0.1,0,0,0,0,0,-13,496,26790822,28,-353,-74061248
20:37:36.680,0,0.1,0,0,0,0,0,3,396,26790822,-96,-464,-74061248
20:37:36.685,0,0.1,0,0,0,0,0,1,422,26790822,-56,-1075,-74061264
20:37:36.691,0,0.1,0,0,0,0,0,9,-32,26790820,28,-64,-74061248
20:37:36.696,0,0.1,0,0,0,0,0,-8,549,26790822,13,759,-74061248
20:37:36.701,0,0.1,0,0,0,0,0,11,981,26790828,26,-82,-74061248
20:37:36.706,0,0.1,0,0,0,0,0,-15,514,26790822,22,-96,-74061248
20:37:36.711,0,0.1,0,0,0,0,0,-2,-834,26790816,-56,-795,-74061248
20:37:36.716,0,0.1,0,0,0,0,0,17,-630,26790816,0,786,-74061248
20:37:36.721,0,0.1,0,0,0,0,0,-14,509,26790822,-38,-730,-74061248
20:37:36.726,0,0.1,0,0,0,0,0,-22,2422,26790836,-63,-650,-74061248
20:37:36.731,0,0.1,0,0,0,0,0,1,-1254,26790816,-29,-651,-74061248
20:37:36.736,0,0.1,0,0,0,0,0,-2,-702,26790816,-15,-1146,-74061264
20:37:36.741,0,0.1,0,0,0,0,0,-45,472,26790822,-8,-135,-74061248
20:37:36.746,0,0.1,0,0,0,0,0,3,-711,26790816,-62,592,-74061248
20:37:36.751,0,0.1,0,0,0,0,0,-55,-305,26790820,37,-1246,-74061264
20:37:36.756,0,0.1,0,0,0,0,0,12,-100,26790820,-73,-542,-74061248
20:37:36.761,0,0.1,0,0,0,0,0,-22,2259,26790836,-43,-640,-74061248
20:37:36.766,0,0.1,0,0,0,0,0,-5,437,26790822,-3,1367,-74061248
20:37:36.771,0,0.1,0,0,0,0,0,7,392,26790822,-58,-627,-74061248
20:37:36.777,0,0.1,0,0,0,0,0,-7,600,26790822,-39,-98,-74061248
20:37:36.782,0,0.1,0,0,0,0,0,1,623,26790822,-45,-753,-74061248
20:37:36.787,0,0.1,0,0,0,0,0,4,367,26790822,63,-140,-74061248
20:37:36.792,0,0.1,0,0,0,0,0,4,1017,26790828,-14,-696,-74061248
20:37:36.797,0,0.1,0,0,0,0,0,-16,-139,26790820,2,-103,-74061248
20:37:36.802,0,0.1,0,0,0,0,0,5,-823,26790816,-26,-788,-74061248
20:37:36.807,0,0.1,0,0,0,0,0,-9,341,26790822,48,127,-74061248
20:37:36.812,0,0.1,0,0,0,0,0,0,-149,26790820,1,1304,-74061248
20:37:36.817,0,0.1,0,0,0,0,0,-27,-149,26790820,-54,-648,-74061248
20:37:36.822,0,0.1,0,0,0,0,0,0,-862,26790816,55,521,-74061248
20:37:36.827,0,0.1,0,0,0,0,0,-7,452,26790822,-1,-607,-74061248
20:37:36.832,0,0.1,0,0,0,0,0,0,335,26790822,39,-1318,-74061264
20:37:36.837,0,0.1,0,0,0,0,0,1,-50,26790820,-45,673,-74061248
20:37:36.842,0,0.1,0,0,0,0,0,-11,-807,26790816,-56,1394,-74061248
20:37:36.847,0,0.1,0,0,0,0,0,2,411,26790822,9,-643,-74061248
20:37:36.852,0,0.1,0,0,0,0,0,8,-80,26790820,20,-1173,-74061264
20:37:36.857,0,0.1,0,0,0,0,0,7,-1295,26790812,20,532,-74061248
20:37:36.863,0,0.1,0,0,0,0,0,0,2482,26790836,6,-799,-74061248
20:37:36.868,0,0.1,0,0,0,0,0,11,1051,26790828,-56,-611,-74061248
20:37:36.873,0,0.1,0,0,0,0,0,-2,387,26790822,-32,1003,-74061248
20:37:36.878,0,0.1,0,0,0,0,0,-10,-1881,26790808,68,-100,-74061248
20:37:36.883,0,0.1,0,0,0,0,0,-11,629,26790822,-93,-625,-74061248
20:37:36.888,0,0.1,0,0,0,0,0,0,1016,26790828,-40,1305,-74061248
20:37:36.893,0,0.1,0,0,0,0,0,5,433,26790822,-37,-575,-74061248
20:37:36.898,0,0.1,0,0,0,0,0,-7,-1306,26790812,6,-1238,-74061264
20:37:36.903,0,0.1,0,0,0,0,0,13,-1868,26790808,11,1212,-74061248
20:37:36.908,0,0.1,0,0,0,0,0,-1,503,26790822,-6,-684,-74061248
20:37:36.913,0,0.1,0,0,0,0,0,5,420,26790822,-47,-789,-74061248
20:37:36.918,0,0.1,0,0,0,0,0,-2,370,26790822,19,1240,-74061248
20:37:36.923,0,0.1,0,0,0,0,0,1,503,26790822,-64,639,-74061248
20:37:36.928,0,0.1,0,0,0,0,0,6,-1318,26790812,37,1285,-74061248
20:37:36.933,0,0.1,0,0,0,0,0,-11,378,26790822,-29,-670,-74061248
20:37:36.938,0,0.1,0,0,0,0,0,-9,412,26790822,-8,543,-74061248
20:37:36.943,0,0.1,0,0,0,0,0,-8,-1875,26790808,-12,583,-74061248
20:37:36.948,0,0.1,0,0,0,0,0,-4,516,26790822,-49,711,-74061248
20:37:36.954,0,0.1,0,0,0,0,0,-39,474,26790822,2,-549,-74061248
20:37:36.959,0,0.1,0,0,0,0,0,-8,-1855,26790808,-15,-670,-74061248
20:37:36.964,0,0.1,0,0,0,0,0,-10,-200,26790820,40,1342,-74061248
20:37:36.969,0,0.1,0,0,0,0,0,-31,1053,26790828,19,-741,-74061248
20:37:36.974,0,0.1,0,0,0,0,0,-2,-372,26790820,-47,434,-74061248
20:37:36.979,0,0.1,0,0,0,0,0,-9,588,26790822,-6,645,-74061248
20:37:36.984,0,0.1,0,0,0,0,0,-7,353,26790822,-39,-742,-74061248
20:37:36.989,0,0.1,0,0,0,0,0,-11,-902,26790816,-17,1730,-74061232
20:37:36.994,0,0.1,0,0,0,0,0,7,570,26790822,30,1210,-74061248
20:37:36.999,0,0.1,0,0,0,0,0,-12,-1279,26790812,22,1177,-74061248
20:37:37.004,0,0.1,0,0,0,0,0,4,-180,26790820,24,-122,-74061248
20:37:37.009,0,0.1,0,0,0,0,0,1,-1853,26790808,-43,-691,-74061248
20:37:37.014,0,0.1,0,0,0,0,0,12,648,26790822,4,-26,-74061248
20:37:37.019,0,0.1,0,0,0,0,0,193,616,26790822,37,-859,-74061248
20:37:37.024,0,0.1,0,0,0,0,0,6,-665,26790816,4,1037,-74061248
20:37:37.029,0,0.1,0,0,0,0,0,6,458,26790822,20,-644,-74061248
20:37:37.034,0,0.1,0,0,0,0,0,13,-21,26790820,-42,-5,-74061248
20:37:37.040,0,0.1,0,0,0,0,0,-4,-47,26790820,-52,346,-74061248
20:37:37.045,0,0.1,0,0,0,0,0,15,506,26790822,26,-812,-74061248
20:37:37.050,0,0.1,0,0,0,0,0,-9,-232,26790820,-51,545,-74061248
20:37:37.055,0,0.1,0,0,0,0,0,-3,381,26790822,-8,-656,-74061248
20:37:37.060,0,0.1,0,0,0,0,0,-2,-68,26790820,-1,-653,-74061248
20:37:37.065,0,0.1,0,0,0,0,0,7,361,26790822,33,64,-74061248
20:37:37.070,0,0.1,0,0,0,0,0,-14,363,26790822,-10,-1070,-74061264
20:37:37.075,0,0.1,0,0,0,0,0,-2,437,26790822,-80,-567,-74061248
20:37:37.080,0,0.1,0,0,0,0,0,-35,389,26790822,-65,-1095,-74061264
20:37:37.085,0,0.1,0,0,0,0,0,4,-4,26790820,39,1167,-74061248
20:37:37.090,0,0.1,0,0,0,0,0,-9,2955,26790840,-41,475,-74061248
20:37:37.095,0,0.1,0,0,0,0,0,6,476,26790822,35,-806,-74061248
20:37:37.100,0,0.1,0,0,0,0,0,-3,413,26790822,24,651,-74061248
20:37:37.105,0,0.1,0,0,0,0,0,2,-163,26790820,-1,1328,-74061248
20:37:37.110,0,0.1,0,0,0,0,0,4,433,26790822,-2,455,-74061248
20:37:37.116,0,0.1,0,0,0,0,0,1,470,26790822,-6,1292,-74061248
20:37:37.121,0,0.1,0,0,0,0,0,-57,28,26790820,32,-101,-74061248
20:37:37.126,0,0.1,0,0,0,0,0,3,1005,26790828,22,-181,-74061248
20:37:37.131,0,0.1,0,0,0,0,0,16,497,26790822,2,1828,-74061232
20:37:37.136,0,0.1,0,0,0,0,0,3,367,26790822,-43,-841,-74061248
20:37:37.141,0,0.1,0,0,0,0,0,0,-1511,26790812,81,-86,-74061248
20:37:37.146,0,0.1,0,0,0,0,0,7,-63,26790820,47,622,-74061248
20:37:37.151,0,0.1,0,0,0,0,0,5,506,26790822,25,1150,-74061248
20:37:37.156,0,0.1,0,0,0,0,0,-2,-1418,26790812,6,-122,-74061248
20:37:37.161,0,0.1,0,0,0,0,0,51,711,26790822,-71,1769,-74061232
20:37:37.166,0,0.1,0,0,0,0,0,0,506,26790822,-43,-835,-74061248
20:37:37.171,0,0.1,0,0,0,0,0,-4,-1299,26790812,50,-778,-74061248
20:37:37.176,0,0.1,0,0,0,0,0,-14,2432,26790836,-41,-657,-74061248
20:37:37.181,0,0.1,0,0,0,0,0,29,1082,26790828,33,1139,-74061248
20:37:37.186,0,0.1,0,0,0,0,0,-5,344,26790822,-6,-1221,-74061264
20:37:37.191,0,0.1,0,0,0,0,0,20,370,26790822,20,-22,-74061248
20:37:37.197,0,0.1,0,0,0,0,0,-17,326,26790822,-74,-1215,-74061264
20:37:37.202,0,0.1,0,0,0,0,0,16,421,26790822,-50,-1255,-74061264
20:37:37.207,0,0.1,0,0,0,0,0,7,411,26790822,-60,-1199,-74061264
20:37:37.212,0,0.1,0,0,0,0,0,-17,378,26790822,48,-807,-74061248
20:37:37.217,0,0.1,0,0,0,0,0,11,-216,26790820,-65,-820,-74061248
20:37:37.222,0,0.1,0,0,0,0,0,-8,641,26790822,70,6,-74061248
20:37:37.227,0,0.1,0,0,0,0,0,0,-1526,26790812,-24,1193,-74061248
20:37:37.232,0,0.1,0,0,0,0,0,9,547,26790822,33,1134,-74061248
20:37:37.237,0,0.1,0,0,0,0,0,11,1675,26790830,7,-780,-74061248
20:37:37.242,0,0.1,0,0,0,0,0,-23,-65,26790820,-40,741,-74061248
20:37:37.247,0,0.1,0,0,0,0,0,4,0,26790820,17,-25,-74061248
20:37:37.252,0,0.1,0,0,0,0,0,14,520,26790822,-71,1194,-74061248
20:37:37.257,0,0.1,0,0,0,0,0,-7,430,26790822,18,-1136,-74061264
20:37:37.262,0,0.1,0,0,0,0,0,9,-119,26790820,13,-79,-74061248
20:37:37.267,0,0.1,0,0,0,0,0,-15,-54,26790820,37,-765,-74061248
20:37:37.272,0,0.1,0,0,0,0,0,3,412,26790822,0,-1224,-74061264
20:37:37.278,0,0.1,0,0,0,0,0,13,-634,26790816,22,597,-74061248
20:37:37.283,0,0.1,0,0,0,0,0,-4,440,26790822,-78,-639,-74061248
20:37:37.288,0,0.1,0,0,0,0,0,-18,506,26790822,-40,111,-74061248
20:37:37.293,0,0.1,0,0,0,0,0,-13,-1446,26790812,-32,-604,-74061248
20:37:37.298,0,0.1,0,0,0,0,0,-8,-1274,26790812,-52,-473,-74061248
20:37:37.303,0,0.1,0,0,0,0,0,-5,526,26790822,61,511,-74061248
20:37:37.308,0,0.1,0,0,0,0,0,-4,425,26790822,7,402,-74061248
20:37:37.313,0,0.1,0,0,0,0,0,-27,543,26790822,-74,-839,-74061248
20:37:37.318,0,0.1,0,0,0,0,0,19,259,26790822,-43,14,-74061248
20:37:37.323,0,0.1,0,0,0,0,0,-2,326,26790822,31,-864,-74061248
20:37:37.328,0,0.1,0,0,0,0,0,27,-1277,26790812,-26,543,-74061248
20:37:37.333,0,0.1,0,0,0,0,0,2,388,26790822,7,389,-74061248
20:37:37.338,0,0.1,0,0,0,0,0,-3,971,26790828,-63,-316,-74061248
20:37:37.343,0,0.1,0,0,0,0,0,5,263,26790822,28,1222,-74061248
20:37:37.348,0,0.1,0,0,0,0,0,-8,-2013,26790808,17,1030,-74061248
20:37:37.354,0,0.1,0,0,0,0,0,-4,-2169,26790808,11,-1151,-74061264
20:37:37.359,0,0.1,0,0,0,0,0,-6,-238,26790820,-53,606,-74061248
20:37:37.364,0,0.1,0,0,0,0,0,1,1201,26790828,-36,-1229,-74061264
20:37:37.369,0,0.1,0,0,0,0,0,-39,393,26790822,-4,-667,-74061248
20:37:37.374,0,0.1,0,0,0,0,0,3,1053,26790828,-69,638,-74061248
20:37:37.379,0,0.1,0,0,0,0,0,0,-1478,26790812,24,1075,-74061248
20:37:37.384,0,0.1,0,0,0,0,0,15,-2053,26790808,22,-832,-74061248
20:37:37.389,0,0.1,0,0,0,0,0,-14,-107,26790820,6,-770,-74061248
20:37:37.394,0,0.1,0,0,0,0,0,10,-293,26790820,-8,-9,-74061248
20:37:37.399,0,0.1,0,0,0,0,0,0,-87,26790820,24,-138,-74061248
20:37:37.404,0,0.1,0,0,0,0,0,14,379,26790822,17,1115,-74061248
20:37:37.409,0,0.1,0,0,0,0,0,-6,539,26790822,11,548,-74061248
20:37:37.414,0,0.1,0,0,0,0,0,2,45,26790820,6,-726,-74061248
20:37:37.419,0,0.1,0,0,0,0,0,-7,382,26790822,-12,-1225,-74061264
20:37:37.424,0,0.1,0,0,0,0,0,-21,2283,26790836,-39,1229,-74061248
20:37:37.429,0,0.1,0,0,0,0,0,-3,556,26790822,-41,429,-74061248
20:37:37.434,0,0.1,0,0,0,0,0,7,543,26790822,-32,-727,-74061248
20:37:37.440,0,0.1,0,0,0,0,0,4,21,26790820,55,1223,-74061248
20:37:37.445,0,0.1,0,0,0,0,0,0,-120,26790820,-8,-259,-74061248
20:37:37.450,0,0.1,0,0,0,0,0,9,-869,26790816,48,-40,-74061248
20:37:37.455,0,0.1,0,0,0,0,0,0,-770,26790816,-14,-814,-74061248
20:37:37.460,0,0.1,0,0,0,0,0,-5,385,26790822,-28,-624,-74061248
20:37:37.465,0,0.1,0,0,0,0,0,-5,303,26790822,-58,-181,-74061248
20:37:37.470,0,0.1,0,0,0,0,0,12,-856,26790816,15,989,-74061248
20:37:37.475,0,0.1,0,0,0,0,0,52,359,26790822,-84,-832,-74061248
20:37:37.480,0,0.1,0,0,0,0,0,-14,323,26790822,59,-902,-74061248
20:37:37.485,0,0.1,0,0,0,0,0,-75,334,26790822,-65,454,-74061248
20:37:37.490,0,0.1,0,0,0,0,0,16,-216,26790820,-1,144,-74061248
20:37:37.495,0,0.1,0,0,0,0,0,-16,381,26790822,57,-578,-74061248
20:37:37.500,0,0.1,0,0,0,0,0,-10,-98,26790820,-35,-1119,-74061264
20:37:37.505,0,0.1,0,0,0,0,0,-10,-88,26790820,-95,646,-74061248
20:37:37.510,0,0.1,0,0,0,0,0,-9,537,26790822,8,-1206,-74061264
20:37:37.515,0,0.1,0,0,0,0,0,16,528,26790822,7,-715,-74061248
20:37:37.521,0,0.1,0,0,0,0,0,-2,433,26790822,21,-115,-74061248
20:37:37.526,0,0.1,0,0,0,0,0,-1,323,26790822,-41,-463,-74061248
20:37:37.531,0,0.1,0,0,0,0,0,7,562,26790822,9,-525,-74061248
20:37:37.536,0,0.1,0,0,0,0,0,5,550,26790822,46,-116,-74061248
20:37:37.541,0,0.1,0,0,0,0,0,22,370,26790822,-19,-574,-74061248
20:37:37.546,0,0.1,0,0,0,0,0,-24,489,26790822,41,1369,-74061248
20:37:37.551,0,0.1,0,0,0,0,0,2,-1449,26790812,41,-725,-74061248
20:37:37.556,0,0.1,0,0,0,0,0,-25,29,26790820,57,793,-74061248
20:37:37.561,0,0.1,0,0,0,0,0,-8,453,26790822,-32,-1035,-74061264
20:37:37.566,0,0.1,0,0,0,0,0,-10,392,26790822,44,-630,-74061248
20:37:37.571,0,0.1,0,0,0,0,0,18,617,26790822,61,51,-74061248
20:37:37.576,0,0.1,0,0,0,0,0,16,-627,26790816,-49,-652,-74061248
20:37:37.581,0,0.1,0,0,0,0,0,-6,-1832,26790808,33,-1083,-74061264
20:37:37.586,0,0.1,0,0,0,0,0,1,397,26790822,28,33,-74061248
20:37:37.591,0,0.1,0,0,0,0,0,-10,-790,26790816,-34,120,-74061248
20:37:37.596,0,0.1,0,0,0,0,0,-45,1589,26790830,54,-1069,-74061264
20:37:37.601,0,0.1,0,0,0,0,0,0,-626,26790816,-47,-1093,-74061264
20:37:37.606,0,0.1,0,0,0,0,0,-2,-131,26790820,13,1372,-74061248
20:37:37.612,0,0.1,0,0,0,0,0,14,479,26790822,-72,-603,-74061248
20:37:37.617,0,0.1,0,0,0,0,0,10,420,26790822,-41,1298,-74061248
20:37:37.622,0,0.1,0,0,0,0,0,8,-725,26790816,-81,222,-74061248
20:37:37.627,0,0.1,0,0,0,0,0,-11,403,26790822,-30,-502,-74061248
20:37:37.632,0,0.1,0,0,0,0,0,12,-120,26790820,27,1276,-74061248
20:37:37.637,0,0.1,0,0,0,0,0,10,299,26790822,22,923,-74061248
20:37:37.642,0,0.1,0,0,0,0,0,-8,517,26790822,6,1385,-74061248
20:37:37.647,0,0.1,0,0,0,0,0,12,1803,26790830,35,-524,-74061248
20:37:37.652,0,0.1,0,0,0,0,0,-25,-116,26790820,20,1534,-74061248
20:37:37.657,0,0.1,0,0,0,0,0,-1,-896,26790816,63,-613,-74061248
20:37:37.662,0,0.1,0,0,0,0,0,-19,-653,26790816,11,-307,-74061248
20:37:37.667,0,0.1,0,0,0,0,0,1,1198,26790828,15,-574,-74061248
20:37:37.672,0,0.1,0,0,0,0,0,-1,568,26790822,8,-529,-74061248
20:37:37.677,0,0.1,0,0,0,0,0,-11,-90,26790808,0,-675,-74061248
20:37:37.682,0,0.1,0,0,0,0,0,13,87,26790820,-16,-1119,-74061264
20:37:37.687,0,0.1,0,0,0,0,0,-7,669,26790822,-5,-528,-74061248
20:37:37.692,0,0.1,0,0,0,0,0,-1,-1470,26790812,-32,-440,-74061248
20:37:37.698,0,0.1,0,0,0,0,0,-24,1638,26790830,26,-630,-74061248
20:37:37.703,0,0.1,0,0,0,0,0,-8,367,26790822,35,184,-74061248
20:37:37.708,0,0.1,0,0,0,0,0,-3,404,26790822,11,1345,-74061248
20:37:37.713,0,0.1,0,0,0,0,0,-7,589,26790822,-41,-612,-74061248
20:37:37.718,0,0.1,0,0,0,0,0,6,-710,26790816,-58,-405,-74061248
20:37:37.723,0,0.1,0,0,0,0,0,1,304,26790822,2,-1027,-74061264
20:37:37.728,0,0.1,0,0,0,0,0,-4,-1964,26790808,-2,-1058,-74061264
20:37:37.733,0,0.1,0,0,0,0,0,-14,-32,26790820,70,-513,-74061248
20:37:37.738,0,0.1,0,0,0,0,0,11,16,26790820,4,-550,-74061248
20:37:37.743,0,0.1,0,0,0,0,0,3,-43,26790820,37,-406,-74061248
20:37:37.748,0,0.1,0,0,0,0,0,10,638,26790822,13,-413,-74061248
20:37:37.753,0,0.1,0,0,0,0,0,-8,-1390,26790812,-30,549,-74061248
20:37:37.758,0,0.1,0,0,0,0,0,0,565,26790822,-4,655,-74061248
20:37:37.763,0,0.1,0,0,0,0,0,-4,-1542,26790812,-8,-568,-74061248
20:37:37.768,0,0.1,0,0,0,0,0,-1,577,26790822,0,725,-74061248
20:37:37.773,0,0.1,0,0,0,0,0,2,-158,26790820,-12,-547,-74061248
20:37:37.779,0,0.1,0,0,0,0,0,0,371,26790822,13,1471,-74061248
20:37:37.784,0,0.1,0,0,0,0,0,3,443,26790822,24,816,-74061248
20:37:37.789,0,0.1,0,0,0,0,0,-40,546,26790822,-8,-643,-74061248
20:37:37.794,0,0.1,0,0,0,0,0,-6,20,26790820,-45,-28,-74061248
20:37:37.799,0,0.1,0,0,0,0,0,3,461,26790822,-51,1246,-74061248
20:37:37.804,0,0.1,0,0,0,0,0,7,-87,26790820,46,0,-74061248
20:37:37.809,0,0.1,0,0,0,0,0,2,521,26790822,-32,-724,-74061248
20:37:37.814,0,0.1,0,0,0,0,0,18,386,26790822,-26,-1098,-74061264
20:37:37.819,0,0.1,0,0,0,0,0,-9,537,26790822,26,46,-74061248
20:37:37.824,0,0.1,0,0,0,0,0,1,-2618,26790802,-58,-502,-74061248
20:37:37.829,0,0.1,0,0,0,0,0,-52,-146,26790820,53,-560,-74061248
20:37:37.834,0,0.1,0,0,0,0,0,33,-365,26790820,28,-579,-74061248
20:37:37.839,0,0.1,0,0,0,0,0,-3,-905,26790816,6,897,-74061248
20:37:37.844,0,0.1,0,0,0,0,0,3,-305,26790820,54,-983,-74061264
20:37:37.849,0,0.1,0,0,0,0,0,6,248,26790822,46,-443,-74061248
20:37:37.854,0,0.1,0,0,0,0,0,7,482,26790822,2,-675,-74061248
20:37:37.859,0,0.1,0,0,0,0,0,12,317,26790822,-43,-1071,-74061264
20:37:37.865,0,0.1,0,0,0,0,0,-2,415,26790822,9,752,-74061248
20:37:37.870,0,0.1,0,0,0,0,0,-3,441,26790822,24,134,-74061248
20:37:37.875,0,0.1,0,0,0,0,0,0,682,26790822,-56,-1109,-74061264
20:37:37.880,0,0.1,0,0,0,0,0,3,-68,26790820,-38,-348,-74061248
20:37:37.885,0,0.1,0,0,0,0,0,6,-1331,26790812,24,-999,-74061264
20:37:37.885,0,0.1,0,0,0,0,0,-5,-284,26790820,-69,1353,-74061248
20:37:37.890,0,0.1,0,0,0,0,0,3,464,26790822,30,766,-74061248
20:37:37.895,0,0.1,0,0,0,0,0,7,-1446,26790812,-23,-1218,-74061264
20:37:37.900,0,0.1,0,0,0,0,0,-15,409,26790822,-60,-575,-74061248
20:37:37.905,0,0.1,0,0,0,0,0,12,498,26790822,55,498,-74061248
20:37:37.910,0,0.1,0,0,0,0,0,-21,-699,26790816,2,1313,-74061248
20:37:37.915,0,0.1,0,0,0,0,0,-10,-29,26790820,26,1338,-74061248
20:37:37.920,0,0.1,0,0,0,0,0,0,347,26790822,11,572,-74061248
20:37:37.925,0,0.1,0,0,0,0,0,-10,-185,26790820,12,-644,-74061248
20:37:37.931,0,0.1,0,0,0,0,0,-18,60,26790820,48,-612,-74061248
20:37:37.936,0,0.1,0,0,0,0,0,-1,509,26790822,-3,139,-74061248
20:37:37.941,0,0.1,0,0,0,0,0,-20,365,26790822,17,-42,-74061248
20:37:37.946,0,0.1,0,0,0,0,0,-16,-1449,26790812,-17,-627,-74061248
20:37:37.951,0,0.1,0,0,0,0,0,-1,425,26790822,4,-1045,-74061264
20:37:37.956,0,0.1,0,0,0,0,0,1,-1306,26790812,0,117,-74061248
20:37:37.961,0,0.1,0,0,0,0,0,7,398,26790822,-45,656,-74061248
20:37:37.966,0,0.1,0,0,0,0,0,3,-1533,26790812,-2,-1085,-74061264
20:37:37.971,0,0.1,0,0,0,0,0,2,414,26790822,2,-677,-74061248
20:37:37.976,0,0.1,0,0,0,0,0,-3,584,26790822,29,-577,-74061248
20:37:37.981,0,0.1,0,0,0,0,0,7,33,26790820,13,-976,-74061264
20:37:37.986,0,0.1,0,0,0,0,0,-15,671,26790822,-58,-447,-74061248
20:37:37.991,0,0.1,0,0,0,0,0,15,558,26790822,-32,86,-74061248
20:37:37.996,0,0.1,0,0,0,0,0,-20,895,26790828,18,47,-74061248
20:37:38.001,0,0.1,0,0,0,0,0,16,275,26790822,-37,67,-74061248
20:37:38.006,0,0.1,0,0,0,0,0,0,547,26790822,4,1210,-74061248
20:37:38.011,0,0.1,0,0,0,0,0,-18,537,26790822,-19,-613,-74061248
20:37:38.017,0,0.1,0,0,0,0,0,-2,-906,26790816,-65,-1217,-74061264
20:37:38.022,0,0.1,0,0,0,0,0,-7,338,26790822,-60,1090,-74061248
20:37:38.027,0,0.1,0,0,0,0,0,-4,-1976,26790808,-23,-36,-74061248
20:37:38.032,0,0.1,0,0,0,0,0,3,525,26790822,-34,-617,-74061248
20:37:38.037,0,0.1,0,0,0,0,0,0,366,26790822,-4,2,-74061248
20:37:38.042,0,0.1,0,0,0,0,0,-9,621,26790822,33,-35,-74061248
20:37:38.047,0,0.1,0,0,0,0,0,-1,417,26790822,-50,-619,-74061248
20:37:38.052,0,0.1,0,0,0,0,0,1,-1906,26790808,50,-592,-74061248
20:37:38.057,0,0.1,0,0,0,0,0,-1,1027,26790828,35,1035,-74061248
20:37:38.062,0,0.1,0,0,0,0,0,5,581,26790822,-38,-558,-74061248
20:37:38.067,0,0.1,0,0,0,0,0,-16,649,26790822,-39,-1018,-74061264
20:37:38.072,0,0.1,0,0,0,0,0,1,-1240,26790812,37,-1057,-74061264
20:37:38.077,0,0.1,0,0,0,0,0,-10,-1917,26790808,52,55,-74061248
20:37:38.082,0,0.1,0,0,0,0,0,-10,-236,26790820,-36,-1122,-74061264
20:37:38.088,0,0.1,0,0,0,0,0,7,-151,26790820,-15,-600,-74061248
20:37:38.093,0,0.1,0,0,0,0,0,-6,-160,26790820,56,827,-74061248
20:37:38.098,0,0.1,0,0,0,0,0,80,-714,26790816,-34,1475,-74061248
20:37:38.103,0,0.1,0,0,0,0,0,17,1052,26790828,-15,-978,-74061264
20:37:38.108,0,0.1,0,0,0,0,0,-1,1088,26790828,13,-662,-74061248
20:37:38.113,0,0.1,0,0,0,0,0,1,379,26790822,-65,-650,-74061248
20:37:38.118,0,0.1,0,0,0,0,0,-82,451,26790822,24,-382,-74061248
20:37:38.123,0,0.1,0,0,0,0,0,8,-1929,26790808,-43,1395,-74061248
20:37:38.128,0,0.1,0,0,0,0,0,18,389,26790822,-6,-1012,-74061264
20:37:38.133,0,0.1,0,0,0,0,0,29,569,26790822,-10,1303,-74061248
20:37:38.138,0,0.1,0,0,0,0,0,-6,-136,26790820,6,-590,-74061248
20:37:38.143,0,0.1,0,0,0,0,0,1,505,26790822,-78,-932,-74061264
20:37:38.148,0,0.1,0,0,0,0,0,12,439,26790822,-56,-336,-74061248
20:37:38.153,0,0.1,0,0,0,0,0,-13,-1493,26790812,2,1593,-74061248
20:37:38.158,0,0.1,0,0,0,0,0,0,-663,26790816,-28,1534,-74061248
20:37:38.164,0,0.1,0,0,0,0,0,11,-1513,26790822,37,-549,-74061248
20:37:38.169,0,0.1,0,0,0,0,0,0,-147,26790820,24,-489,-74061248
20:37:38.174,0,0.1,0,0,0,0,0,-18,-1299,26790812,-26,-554,-74061248
20:37:38.179,0,0.1,0,0,0,0,0,16,1058,26790828,-19,-630,-74061248
20:37:38.184,0,0.1,0,0,0,0,0,-4,-295,26790820,-60,1433,-74061248
20:37:38.189,0,0.1,0,0,0,0,0,-5,-99,26790820,-83,628,-74061248
20:37:38.194,0,0.1,0,0,0,0,0,13,-275,26790820,28,-1207,-74061264
20:37:38.199,0,0.1,0,0,0,0,0,4,573,26790822,46,-572,-74061248
20:37:38.204,0,0.1,0,0,0,0,0,-35,-32,26790820,9,1121,-74061248
20:37:38.209,0,0.1,0,0,0,0,0,6,357,26790822,17,25,-74061248
20:37:38.214,0,0.1,0,0,0,0,0,11,571,26790822,5,1088,-74061248
20:37:38.219,0,0.1,0,0,0,0,0,24,545,26790822,-50,507,-74061248
20:37:38.224,0,0.1,0,0,0,0,0,-11,977,26790828,-7,1278,-74061248
20:37:38.229,0,0.1,0,0,0,0,0,-13,392,26790822,35,-578,-74061248
20:37:38.234,0,0.1,0,0,0,0,0,3,-735,26790816,-26,640,-74061248
20:37:38.240,0,0.1,0,0,0,0,0,5,-189,26790820,-37,832,-74061248
20:37:38.245,0,0.1,0,0,0,0,0,8,592,26790822,-41,-11,-74061248
20:37:38.250,0,0.1,0,0,0,0,0,5,-5,26790820,-14,1192,-74061248
20:37:38.255,0,0.1,0,0,0,0,0,1,-673,26790816,-73,-664,-74061248
20:37:38.260,0,0.1,0,0,0,0,0,0,-2050,26790808,-12,552,-74061248
20:37:38.265,0,0.1,0,0,0,0,0,0,-32,26790820,-45,-1018,-74061264
20:37:38.270,0,0.1,0,0,0,0,0,6,320,26790822,37,-562,-74061248
20:37:38.275,0,0.1,0,0,0,0,0,0,-1462,26790812,53,-383,-74061248
20:37:38.280,0,0.1,0,0,0,0,0,-1,307,26790822,20,1466,-74061248
20:37:38.285,0,0.1,0,0,0,0,0,-56,398,26790822,54,-647,-74061248
20:37:38.290,0,0.1,0,0,0,0,0,-1,379,26790822,55,97,-74061248
20:37:38.295,0,0.1,0,0,0,0,0,-3,354,26790822,-23,-500,-74061248
20:37:38.301,0,0.1,0,0,0,0,0,33,462,26790822,-49,1420,-74061248
20:37:38.306,0,0.1,0,0,0,0,0,7,285,26790822,-71,-432,-74061248
20:37:38.311,0,0.1,0,0,0,0,0,-48,425,26790822,20,259,-74061248
20:37:38.316,0,0.1,0,0,0,0,0,19,695,26790822,0,35,-74061248
20:37:38.321,0,0.1,0,0,0,0,0,2,549,26790822,8,1161,-74061248
20:37:38.326,0,0.1,0,0,0,0,0,9,378,26790822,11,-603,-74061248
20:37:38.331,0,0.1,0,0,0,0,0,127,-245,26790820,-32,-75,-74061248
20:37:38.336,0,0.1,0,0,0,0,0,1,600,26790822,-10,-642,-74061248
20:37:38.341,0,0.1,0,0,0,0,0,-9,463,26790822,-10,38,-74061248
20:37:38.346,0,0.1,0,0,0,0,0,-11,49,26790820,-53,785,-74061248
20:37:38.351,0,0.1,0,0,0,0,0,-8,607,26790822,-17,-479,-74061248
20:37:38.356,0,0.1,0,0,0,0,0,7,469,26790822,9,-40,-74061248
20:37:38.361,0,0.1,0,0,0,0,0,5,-1153,26790812,-44,1406,-74061248
20:37:38.366,0,0.1,0,0,0,0,0,-1,-723,26790816,4,-673,-74061248
20:37:38.371,0,0.1,0,0,0,0,0,6,582,26790822,15,-583,-74061248
20:37:38.376,0,0.1,0,0,0,0,0,7,-1489,26790812,-71,-549,-74061248
20:37:38.382,0,0.1,0,0,0,0,0,6,-181,26790820,0,-964,-74061264
20:37:38.387,0,0.1,0,0,0,0,0,-11,-758,26790816,-23,1869,-74061232
20:37:38.392,0,0.1,0,0,0,0,0,11,-1008,26790816,6,-650,-74061248
20:37:38.397,0,0.1,0,0,0,0,0,16,-814,26790816,-1,-1126,-74061264
20:37:38.402,0,0.1,0,0,0,0,0,-1,364,26790822,-28,-1027,-74061264
20:37:38.407,0,0.1,0,0,0,0,0,4,384,26790822,-47,804,-74061248
20:37:38.412,0,0.1,0,0,0,0,0,-4,-92,26790820,17,524,-74061248
20:37:38.417,0,0.1,0,0,0,0,0,0,364,26790822,43,-54,-74061248
20:37:38.422,0,0.1,0,0,0,0,0,-5,473,26790822,-79,69,-74061248
20:37:38.427,0,0.1,0,0,0,0,0,17,658,26790822,-65,-715,-74061248
20:37:38.432,0,0.1,0,0,0,0,0,0,-1351,26790812,50,875,-74061248
20:37:38.437,0,0.1,0,0,0,0,0,12,543,26790822,6,176,-74061248
20:37:38.442,0,0.1,0,0,0,0,0,8,658,26790822,-39,1402,-74061248
20:37:38.447,1,0.1,0,0,0,500,1000000,,,,,,
20:37:38.447,0,0.1,0,0,0,500,1000000,-19,-11,26790820,-36,-442,-74061248
20:37:38.452,0,0.1,0,0,0,500,1000000,10,-93,26790820,-1,-492,-74061248
20:37:38.457,0,0.1,0,0,0,500,1000000,11,-1863,26790808,-54,-545,-74061248
20:37:38.462,0,0.1,0,0,0,500,1000000,9,-643,26790816,853,79259,-74060672
20:37:38.468,0,0.0,0,0,0,500,1000000,227,-84484,26790140,1292,486672,-74056592
20:37:38.473,0,-2.3,0,0,0,500,1000000,521,-358865,26787444,1965,752324,-74052120
20:37:38.478,0,-9.1,0,0,0,500,1000000,388,-901559,26780540,1689,983798,-74046040
20:37:38.483,0,-20.3,0,0,0,500,1000000,-34,-1322147,26772602,-117,1029441,-74040824
20:37:38.488,0,-32.8,38,0,0,500,1000000,-412,-1596740,26762798,514,933713,-74036424
20:37:38.493,0,-40.9,38,0,0,500,1000000,-341,-1741725,26754032,-742,1092130,-74030776
20:37:38.498,0,-38.9,38,0,0,500,1000000,-802,-1695927,26744780,275,953970,-74025704
20:37:38.503,0,-25.8,38,0,0,500,1000000,-512,-1474875,26738770,-1292,1090691,-74020208
20:37:38.508,0,-6.5,61,0,0,500,1000000,-255,-1085890,26734060,90,977449,-74015096
20:37:38.513,0,12.8,61,0,0,500,1000000,112,-707748,26732328,-574,1047324,-74010144
20:37:38.518,0,26.7,61,0,0,500,1000000,177,-371801,26731612,859,933255,-74005496
20:37:38.523,0,31.2,61,0,0,500,1000000,350,-190361,26731530,88,1017108,-73999608
20:37:38.528,0,26.6,61,0,0,500,1000000,514,-217995,26730372,1630,903207,-73996216
20:37:38.533,0,13.4,61,0,0,500,1000000,526,-495533,26727016,1705,895558,-73991544
20:37:38.539,0,-5.2,61,0,0,500,1000000,293,-945903,26720170,1387,946511,-73986320
20:37:38.544,0,-24.7,61,0,0,500,1000000,-7,-1244957,26713104,-5,1019966,-73980408
20:37:38.549,0,-40.1,26,0,0,500,1000000,-333,-1471027,26704180,574,972566,-73976384
20:37:38.554,0,-46.1,26,0,0,500,1000000,-246,-1604436,26696232,-207,1012788,-73970776
20:37:38.559,0,-41.4,26,0,0,500,1000000,-292,-1631233,26687016,-175,1015409,-73965352
20:37:38.564,0,-28.8,26,0,0,500,1000000,-445,-1522363,26680196,-891,1021965,-73960464
20:37:38.569,0,-12.2,57,0,0,500,1000000,-414,-1218307,26674620,-489,1021008,-73955160
20:37:38.574,0,15.3,57,0,0,500,1000000,19,-968062,26671192,14,993654,-73950704
20:37:38.579,0,21.7,57,0,0,500,1000000,100,-718584,26668874,-70,1021482,-73945168
20:37:38.584,0,22.2,32,0,0,500,1000000,121,-495373,26666960,134,970198,-73940976
20:37:38.589,0,16.8,32,0,0,500,1000000,272,-374223,26665432,170,1008274,-73935528
20:37:38.594,0,7.2,32,0,0,500,1000000,349,-412931,26663428,1573,941334,-73930704
20:37:38.599,0,-5.1,32,0,0,500,1000000,457,-655578,26659032,1012,978150,-73925312
20:37:38.604,0,-17.9,32,0,0,500,1000000,191,-972908,26652476,712,980050,-73920128
20:37:38.609,0,-27.8,32,0,0,500,1000000,-37,-1144540,26647336,176,1006246,-73915472
20:37:38.615,0,-32.4,32,0,0,500,1000000,-186,-1322588,26639406,215,993119,-73911240
20:37:38.620,0,-30.0,32,0,0,500,1000000,-141,-1410541,26632452,32,995408,-73905840
20:37:38.625,0,-21.9,46,0,0,500,1000000,-227,-1446625,26624248,-227,1022341,-73900248
20:37:38.630,0,-10.9,46,0,0,500,1000000,-218,-1385174,26617998,-401,1013332,-73895640
20:37:38.635,0,-0.4,46,0,0,500,1000000,-255,-1205000,26611956,-53,1000978,-73890368
20:37:38.640,0,7.2,46,0,0,500,1000000,-13,-1050574,26607688,-65,998515,-73884976
20:37:38.645,0,11.6,40,0,0,500,1000000,-48,-867753,26603618,94,1000095,-73880600
20:37:38.650,0,12.8,40,0,0,500,1000000,59,-741792,26600680,128,988019,-73875248
20:37:38.655,0,10.9,40,0,0,500,1000000,86,-631763,26597640,71,1006174,-73869840
20:37:38.660,0,6.8,40,0,0,500,1000000,119,-594463,26594998,336,986665,-73865600
20:37:38.665,0,1.3,40,0,0,500,1000000,195,-627936,26591522,536,987670,-73860288
20:37:38.670,0,-5.2,40,0,0,500,1000000,200,-742595,26587570,1119,956476,-73855272
20:37:38.675,0,-12.2,40,0,0,500,1000000,143,-959083,26581548,369,1002858,-73850648
20:37:38.680,0,-18.2,40,0,0,500,1000000,-19,-1121535,26575632,338,990651,-73845424
20:37:38.685,0,-21.6,34,0,0,500,1000000,-116,-1233900,26568444,82,989281,-73840000
20:37:38.690,0,-21.0,34,0,0,500,1000000,-168,-1272808,26562412,-89,1009550,-73835496
20:37:38.695,0,-16.1,34,0,0,500,1000000,-67,-1261328,26555446,-180,1008913,-73829992
20:37:38.701,0,-9.1,34,0,0,500,1000000,-208,-1200591,26550078,132,990496,-73824864
20:37:38.706,0,-2.3,44,0,0,500,1000000,-77,-1120400,26545256,-364,1027381,-73820080
20:37:38.711,0,2.7,44,0,0,500,1000000,-131,-995475,26540232,190,986655,-73814920
20:37:38.716,0,5.5,44,0,0,500,1000000,-33,-883491,26536572,45,997160,-73809552
20:37:38.721,0,6.2,44,0,0,500,1000000,-4,-778101,26532720,313,987705,-73805256
20:37:38.726,0,5.3,44,0,0,500,1000000,47,-706004,26529732,29,1009297,-73799688
20:37:38.731,0,2.8,44,0,0,500,1000000,127,-689365,26526098,769,972157,-73794616
20:37:38.736,0,-1.4,44,0,0,500,1000000,203,-752294,26522312,694,969171,-73790344
20:37:38.741,0,-7.1,44,0,0,500,1000000,231,-915612,26516740,455,999158,-73784888
20:37:38.746,0,-13.3,33,0,0,500,1000000,48,-1067659,26511192,530,979364,-73779672
20:37:38.751,0,-18.1,33,0,0,500,1000000,-29,-1186486,26504164,73,995279,-73775192
20:37:38.756,0,-19.8,33,0,0,500,1000000,-54,-1232403,26498288,13,1002700,-73769736
20:37:38.761,0,-17.5,33,0,0,500,1000000,-82,-1217552,26491570,-64,1015251,-73765224
20:37:38.766,0,-12.2,46,0,0,500,1000000,-133,-1158960,26484338,375,977315,-73758120
20:37:38.771,0,-6.2,46,0,0,500,1000000,-108,-1110872,26478438,-332,1037889,-73753296
20:37:38.776,0,-1.3,46,0,0,500,1000000,-117,-1047834,26473862,669,957629,-73748240
20:37:38.781,0,1.8,46,0,0,500,1000000,30,-963502,26468848,-228,1029164,-73742408
20:37:38.786,0,2.7,46,0,0,500,1000000,-38,-900992,26464952,490,964308,-73738416
20:37:38.792,0,2.7,46,0,0,500,1000000,15,-819252,26460776,-332,1045132,-73732456
20:37:38.797,0,2.1,46,0,0,500,1000000,81,-781298,26458614,339,959333,-73729416
20:37:38.802,0,0.8,46,0,0,500,1000000,127,-736777,26454776,518,979684,-73725128
20:37:38.807,0,-1.1,37,0,0,500,1000000,274,-784439,26450904,255,982022,-73719728
20:37:38.812,0,-4.1,37,0,0,500,1000000,132,-895391,26445632,204,1020551,-73714240
20:37:38.817,0,-8.0,37,0,0,500,1000000,0,-1001293,26440580,741,953209,-73710344
20:37:38.822,0,-11.7,37,0,0,500,1000000,25,-1084226,26435176,-166,1035428,-73704456
20:37:38.827,0,-14.0,37,0,0,500,1000000,-121,-1147557,26428628,599,963168,-73699320
20:37:38.832,0,-13.7,37,0,0,500,1000000,-96,-1141802,26423238,-194,1026473,-73694504
20:37:38.837,0,-11.3,37,0,0,500,1000000,-132,-1122744,26417076,504,965027,-73689552
20:37:38.842,0,-7.4,37,0,0,500,1000000,-149,-1089391,26412120,-276,1044536,-73684592
20:37:38.847,0,-3.5,44,0,0,500,1000000,-118,-1042755,26406572,1033,930795,-73679728
20:37:38.852,0,-0.7,44,0,0,500,1000000,-74,-1002387,26402136,-650,1058824,-73673520
20:37:38.857,0,0.6,44,0,0,500,1000000,10,-958973,26396972,989,936687,-73669720
20:37:38.862,0,1.0,44,0,0,500,1000000,19,-908173,26392950,-570,1062165,-73663512
20:37:38.867,0,0.4,40,0,0,500,1000000,-3,-881540,26388232,1091,894504,-73660152
20:37:38.873,0,-0.6,40,0,0,500,1000000,-4,-878877,26384160,-166,1050278,-73653984
20:37:38.878,0,-2.2,40,0,0,500,1000000,-30,-930591,26378816,879,935010,-73650016
20:37:38.883,0,-3.9,40,0,0,500,1000000,-6,-949882,26374380,-116,1028926,-73644400
20:37:38.888,0,-5.6,41,0,0,500,1000000,-39,-1010690,26368624,1200,936530,-73639368
20:37:38.893,0,-6.9,41,0,0,500,1000000,-89,-1031736,26363720,-370,1056940,-73634176
20:37:38.898,0,-7.5,41,0,0,500,1000000,-24,-1041870,26357964,840,917201,-73629624
20:37:38.903,0,-7.2,41,0,0,500,1000000,-79,-1026826,26353244,-147,1036851,-73624608
20:37:38.908,0,-6.2,41,0,0,500,1000000,-33,-1025932,26347554,940,937257,-73619464
20:37:38.913,0,-5.0,41,0,0,500,1000000,-39,-1000480,26343060,-601,1051301,-73613312
20:37:38.918,0,-3.7,41,0,0,500,1000000,-81,-986349,26337638,1059,924806,-73609720
20:37:38.923,0,-2.8,41,0,0,500,1000000,51,-969508,26333000,-664,1069287,-73603360
20:37:38.928,0,-2.4,42,0,0,500,1000000,12,-963758,26328576,993,919808,-73599688
20:37:38.933,0,-2.4,42,0,0,500,1000000,-13,-932105,26323546,-314,1040870,-73593664
20:37:38.938,0,-2.8,42,0,0,500,1000000,1,-947108,26319064,650,948940,-73589696
20:37:38.943,0,-3.6,42,0,0,500,1000000,52,-969167,26313708,-260,1047480,-73584400
20:37:38.948,0,-4.3,42,0,0,500,1000000,69,-994001,26308956,924,920220,-73579840
20:37:38.953,0,-5.0,42,0,0,500,1000000,2,-1013348,26303368,-536,1054948,-73573464
20:37:38.958,0,-5.6,42,0,0,500,1000000,-36,-1042481,26298364,1031,940106,-73569720
20:37:38.964,0,-5.6,42,0,0,500,1000000,4,-1030689,26292698,-776,1044058,-73563496
20:37:38.969,0,-5.2,40,0,0,500,1000000,-16,-1026753,26287916,961,924529,-73560008
20:37:38.974,0,-4.7,40,0,0,500,1000000,19,-1015633,26282488,-494,1083201,-73553408
20:37:38.979,0,-3.8,40,0,0,500,1000000,-18,-1005326,26277820,1107,901127,-73550032
20:37:38.984,0,-3.1,40,0,0,500,1000000,-71,-971696,26272642,-188,1040662,-73544088
20:37:38.989,0,-2.5,40,0,0,500,1000000,100,-969613,26268122,81,976900,-73539632
20:37:38.994,0,-2.4,40,0,0,500,1000000,2,-928046,26263200,-13,1030837,-73534176
20:37:38.999,0,-2.4,40,0,0,500,1000000,-11,-918871,26258948,1025,916516,-73529232
20:37:39.004,0,-3.6,40,0,0,500,1000000,81,-906505,26254776,141,1006779,-73524592
20:37:39.009,0,-4.4,40,0,0,500,1000000,53,-955038,26249326,467,953386,-73519152
20:37:39.014,0,-5.4,40,0,0,500,1000000,7,-963555,26244856,122,1001351,-73514672
20:37:39.019,0,-6.3,40,0,0,500,1000000,16,-1013239,26239008,543,953787,-73509360
20:37:39.024,0,-7.0,38,0,0,500,1000000,-18,-1033620,26234168,-370,1057707,-73503400
20:37:39.029,0,-6.9,38,0,0,500,1000000,-42,-1051800,26228336,758,939977,-73499448
20:37:39.034,0,-6.5,38,0,0,500,1000000,-35,-1046116,26223552,-16,1025937,-73493800
20:37:39.039,0,-5.7,38,0,0,500,1000000,66,-1063459,26217608,-22,997846,-73489120
20:37:39.044,0,-4.6,43,0,0,500,1000000,9,-1044719,26212866,-111,1025712,-73483768
20:37:39.049,0,-3.8,43,0,0,500,1000000,-9,-1033274,26207188,190,962168,-73479464
20:37:39.055,0,-3.0,43,0,0,500,1000000,-31,-1006097,26202600,-54,1026056,-73473968
20:37:39.060,0,-2.7,43,0,0,500,1000000,91,-985800,26197292,-342,1015911,-73469024
20:37:39.065,0,-2.5,39,0,0,500,1000000,-31,-942834,26193062,493,970061,-73464328
20:37:39.070,0,-2.7,39,0,0,500,1000000,10,-931152,26187980,-124,997467,-73458440
20:37:39.075,0,-3.2,39,0,0,500,1000000,15,-930892,26183692,423,989687,-73454336
20:37:39.080,0,-3.9,39,0,0,500,1000000,94,-952770,26178420,357,948455,-73448912
20:37:39.085,0,-4.8,39,0,0,500,1000000,33,-960489,26173976,373,992269,-73444536
20:37:39.090,0,-5.8,39,0,0,500,1000000,223,-1022512,26168106,103,990693,-73438848
20:37:39.095,0,-6.4,39,0,0,500,1000000,2,-1019483,26163352,-89,1022950,-73433392
20:37:39.100,0,-6.7,39,0,0,500,1000000,0,-1026676,26157644,838,942342,-73428352
20:37:39.105,0,-6.2,41,0,0,500,1000000,-72,-1016140,26152948,-220,1053364,-73423320
20:37:39.110,0,-5.3,41,0,0,500,1000000,-56,-1013461,26147400,949,922927,-73418440
20:37:39.115,0,-4.1,41,0,0,500,1000000,-5,-986925,26142836,75,1008807,-73413744
20:37:39.120,0,-3.3,41,0,0,500,1000000,-5,-981691,26138344,188,970613,-73408208
20:37:39.125,0,-2.9,41,0,0,500,1000000,-4,-950273,26133184,78,1018195,-73403680
20:37:39.130,0,-3.1,41,0,0,500,1000000,154,-937267,26128812,926,915825,-73398704
20:37:39.135,0,-3.6,41,0,0,500,1000000,19,-917535,26123884,849,968345,-73394416
20:37:39.141,0,-4.5,41,0,0,500,1000000,281,-969074,26118420,899,932109,-73387888
20:37:39.146,0,-5.6,39,0,0,500,1000000,-1,-987756,26112878,567,985909,-73383488
20:37:39.151,0,-6.8,39,0,0,500,1000000,123,-1035662,26107936,208,971928,-73377848
20:37:39.156,0,-7.9,39,0,0,500,1000000,-1,-1059717,26102808,105,1017639,-73373448
20:37:39.161,0,-7.8,39,0,0,500,1000000,33,-1062769,26096976,712,933131,-73368192
20:37:39.166,0,-7.2,42,0,0,500,1000000,-47,-1041417,26092272,379,989357,-73363776
20:37:39.171,0,-5.9,42,0,0,500,1000000,47,-1038286,26087444,-685,1043675,-73358536
20:37:39.176,0,-4.1,42,0,0,500,1000000,-50,-1012763,26082738,484,976923,-73353760
20:37:39.181,0,-2.7,42,0,0,500,1000000,3,-986620,26077462,-475,1031371,-73348672
20:37:39.186,0,-1.8,42,0,0,500,1000000,-57,-959747,26073088,901,965630,-73343864
20:37:39.191,0,-1.5,41,0,0,500,1000000,50,-942598,26068000,-616,1052063,-73338552
20:37:39.196,0,-1.7,41,0,0,500,1000000,-21,-914509,26063776,795,937400,-73334176
20:37:39.201,0,-2.3,41,0,0,500,1000000,-5,-916825,26058864,-337,1023704,-73328024
20:37:39.206,0,-3.5,41,0,0,500,1000000,8,-942247,26054356,864,961891,-73324160
20:37:39.211,0,-4.7,41,0,0,500,1000000,95,-994636,26048684,5,990588,-73318272
20:37:39.217,0,-6.0,41,0,0,500,1000000,-25,-1029096,26043732,330,996249,-73313224
20:37:39.222,0,-6.9,41,0,0,500,1000000,19,-1074238,26037706,-704,1036469,-73308096
20:37:39.227,0,-7.0,41,0,0,500,1000000,-37,-1072531,26032680,493,976727,-73303344
20:37:39.232,0,-6.1,40,0,0,500,1000000,10,-1061908,26026932,-512,1018861,-73298288
20:37:39.237,0,-4.8,40,0,0,500,1000000,-43,-1038805,26022244,338,996293,-73293264
20:37:39.242,0,-3.1,40,0,0,500,1000000,5,-1012213,26016744,-460,1031137,-73288168
20:37:39.247,0,-1.6,40,0,0,500,1000000,-63,-980048,26012296,778,951583,-73283584
20:37:39.252,0,-0.8,42,0,0,500,1000000,52,-963269,26007110,-646,1060034,-73278200
20:37:39.257,0,-0.8,42,0,0,500,1000000,-36,-946013,26002812,855,948141,-73273544
20:37:39.262,0,-1.2,42,0,0,500,1000000,35,-927678,25997776,-698,1042755,-73268264
20:37:39.267,0,-2.3,42,0,0,500,1000000,-74,-925628,25993520,783,932905,-73263880
20:37:39.272,0,-3.5,42,0,0,500,1000000,95,-957839,25988208,-480,1072949,-73258312
20:37:39.277,0,-4.7,42,0,0,500,1000000,-45,-984109,25983480,754,914900,-73253984
20:37:39.282,0,-5.6,42,0,0,500,1000000,6,-995029,25978744,-755,1054884,-73247576
20:37:39.287,0,-6.1,42,0,0,500,1000000,-32,-1024066,25973016,1030,936335,-73244016
20:37:39.292,0,-6.1,39,0,0,500,1000000,26,-1017026,25968302,-591,1050421,-73237544
20:37:39.298,0,-5.4,39,0,0,500,1000000,-54,-995644,25962120,797,951101,-73232104
20:37:39.303,0,-4.6,39,0,0,500,1000000,2,-990721,25956680,-661,1078923,-73226536
20:37:39.308,0,-3.7,39,0,0,500,1000000,-35,-988254,25952058,710,917005,-73222224
20:37:39.313,0,-3.2,39,0,0,500,1000000,-44,-970209,25946780,-351,1050755,-73217040
20:37:39.318,0,-3.1,39,0,0,500,1000000,28,-982459,25942982,105,976539,-73213800
20:37:39.323,0,-3.4,39,0,0,500,1000000,23,-979084,25938496,-108,1042182,-73208152
20:37:39.328,0,-3.9,39,0,0,500,1000000,0,-985654,25933074,1042,907631,-73203416
20:37:39.333,0,-4.6,41,0,0,500,1000000,33,-970685,25928688,346,991851,-73198872
20:37:39.338,0,-5.2,41,0,0,500,1000000,110,-1006075,25923008,278,970852,-73193128
20:37:39.343,0,-5.6,41,0,0,500,1000000,-37,-1004594,25918312,469,989224,-73188936
20:37:39.348,0,-5.8,41,0,0,500,1000000,54,-1025930,25912568,176,969746,-73183400
20:37:39.353,0,-5.9,41,0,0,500,1000000,-60,-1025841,25907780,-137,1040305,-73177720
20:37:39.358,0,-5.7,41,0,0,500,1000000,-146,-1027978,25902142,294,956443,-73173432
20:37:39.363,0,-5.3,41,0,0,500,1000000,24,-998002,25897678,-42,1021716,-73167928
20:37:39.368,0,-4.8,41,0,0,500,1000000,104,-1003300,25892120,48,984859,-73163416
20:37:39.373,0,-4.2,41,0,0,500,1000000,-34,-990605,25887544,-83,1030775,-73157944
20:37:39.378,0,-3.8,41,0,0,500,1000000,-10,-986730,25882162,201,956508,-73153656
20:37:39.384,0,-3.6,41,0,0,500,1000000,31,-970359,25877762,13,1024330,-73148208
20:37:39.389,0,-3.6,41,0,0,500,1000000,54,-981528,25873084,-95,994632,-73143512
20:37:39.394,0,-3.8,41,0,0,500,1000000,36,-947468,25868024,82,1016455,-73138256
20:37:39.399,0,-4.2,41,0,0,500,1000000,145,-946602,25863620,617,942311,-73133128
20:37:39.404,0,-4.9,41,0,0,500,1000000,-28,-950729,25858484,23,1032034,-73128320
20:37:39.409,0,-5.8,41,0,0,500,1000000,56,-991408,25853680,951,933468,-73123328
20:37:39.414,0,-6.5,40,0,0,500,1000000,-52,-1002273,25848104,-45,1032035,-73117568
20:37:39.419,0,-7.3,40,0,0,500,1000000,95,-1036177,25843206,119,981692,-73113168
20:37:39.424,0,-7.2,40,0,0,500,1000000,-62,-1029286,25837512,-153,1036028,-73107520
20:37:39.429,0,-6.3,41,0,0,500,1000000,-33,-1016886,25832808,609,944782,-73103536
20:37:39.434,0,-5.4,41,0,0,500,1000000,-68,-999934,25827352,-192,1051109,-73097600
20:37:39.439,0,-4.2,41,0,0,500,1000000,31,-1014515,25822560,480,949200,-73093432
20:37:39.444,0,-3.4,41,0,0,500,1000000,-32,-993003,25817220,-38,1024101,-73087872
20:37:39.449,0,-3.2,41,0,0,500,1000000,90,-1006210,25812476,146,975149,-73083528
20:37:39.454,0,-3.3,41,0,0,500,1000000,-103,-999711,25807052,-167,1044915,-73077832
20:37:39.459,0,-3.5,41,0,0,500,1000000,11,-997646,25802312,1123,907204,-73073128
20:37:39.465,0,-3.7,41,0,0,500,1000000,-54,-972065,25797108,20,1009714,-73068344
20:37:39.470,0,-3.8,42,0,0,500,1000000,250,-988659,25792492,427,951195,-73062864
20:37:39.475,0,-3.7,42,0,0,500,1000000,-52,-981482,25787080,204,1004834,-73058424
20:37:39.480,0,-3.7,42,0,0,500,1000000,125,-994244,25782392,297,954521,-73053080
20:37:39.485,0,-3.7,42,0,0,500,1000000,-14,-990183,25777792,-92,1039099,-73047352
20:37:39.490,0,-3.7,42,0,0,500,1000000,17,-1001389,25772218,-116,998240,-73042696
20:37:39.495,0,-3.7,42,0,0,500,1000000,-26,-981281,25767720,463,971271,-73037864
20:37:39.500,0,-3.8,42,0,0,500,1000000,42,-992193,25762320,-634,1048488,-73032624
20:37:39.505,0,-3.9,42,0,0,500,1000000,-28,-1001662,25757568,831,962721,-73027880
20:37:39.510,0,-3.9,40,0,0,500,1000000,31,-1013822,25751942,-537,1027020,-73022784
20:37:39.515,0,-4.0,40,0,0,500,1000000,-69,-1015527,25747256,734,963916,-73018056
20:37:39.520,0,-3.9,40,0,0,500,1000000,46,-1021058,25741592,-765,1056369,-73012736
20:37:39.525,0,-3.7,40,0,0,500,1000000,-17,-1003285,25736962,783,953883,-73008192
20:37:39.530,0,-3.4,42,0,0,500,1000000,38,-987280,25731650,-652,1039581,-73002952
20:37:39.535,0,-3.0,42,0,0,500,1000000,-18,-971914,25727240,528,977465,-72998000
20:37:39.540,0,-2.7,42,0,0,500,1000000,46,-969568,25721900,-15,986984,-72992184
20:37:39.545,0,-2.6,42,0,0,500,1000000,7,-955092,25717500,633,960375,-72988288
20:37:39.550,0,-2.8,42,0,0,500,1000000,50,-977290,25712104,-219,1020340,-72982224
20:37:39.556,0,-3.3,42,0,0,500,1000000,-6,-982325,25707540,781,970410,-72978224
20:37:39.561,0,-3.9,42,0,0,500,1000000,132,-992412,25702024,86,973272,-72972560
20:37:39.566,0,-4.5,42,0,0,500,1000000,-6,-985433,25697392,314,1003137,-72967320
20:37:39.571,0,-4.9,40,0,0,500,1000000,32,-1016992,25691740,-327,1023092,-72962304
20:37:39.576,0,-4.9,40,0,0,500,1000000,-37,-1008354,25687060,677,969205,-72957552
20:37:39.581,0,-4.8,40,0,0,500,1000000,35,-1011086,25682348,-539,1038989,-72952384
20:37:39.586,0,-4.7,40,0,0,500,1000000,-46,-1005918,25676840,795,970698,-72947560
20:37:39.591,0,-4.3,42,0,0,500,1000000,28,-984728,25672340,-475,1020782,-72942488
20:37:39.596,0,-3.9,42,0,0,500,1000000,-42,-943962,25667316,716,953382,-72937848
20:37:39.601,0,-3.7,42,0,0,500,1000000,59,-947012,25662904,-474,1062616,-72932480
20:37:39.606,0,-3.7,42,0,0,500,1000000,-20,-956023,25657544,865,936082,-72928064
20:37:39.611,0,-4.2,42,0,0,500,1000000,68,-962462,25653112,-445,1022134,-72921912
20:37:39.616,0,-5.1,42,0,0,500,1000000,3,-989602,25647508,1011,946429,-72918184
20:37:39.621,0,-6.0,42,0,0,500,1000000,145,-1018329,25642714,-266,1023436,-72911888
20:37:39.626,0,-6.7,42,0,0,500,1000000,-72,-1010776,25637190,751,922342,-72908440
20:37:39.631,0,-7.0,39,0,0,500,1000000,57,-1025342,25632304,-751,1056641,-72902096
20:37:39.636,0,-6.9,39,0,0,500,1000000,-20,-1050371,25626512,855,954494,-72897312
20:37:39.642,0,-6.2,39,0,0,500,1000000,-36,-1045333,25621660,-473,1037633,-72892168
20:37:39.647,0,-5.5,39,0,0,500,1000000,-135,-1029839,25616060,1060,949129,-72887432
20:37:39.652,0,-4.7,42,0,0,500,1000000,15,-1013299,25611334,-627,1073075,-72882080
20:37:39.657,0,-3.8,42,0,0,500,1000000,-90,-969020,25606168,855,925548,-72877584
20:37:39.662,0,-3.4,42,0,0,500,1000000,0,-929125,25602068,-390,1045665,-72872392
20:37:39.667,0,-3.4,42,0,0,500,1000000,-30,-922368,25597032,1059,941068,-72867744
20:37:39.672,0,-3.8,42,0,0,500,1000000,63,-941526,25591788,-289,1019433,-72861480
20:37:39.677,0,-4.7,42,0,0,500,1000000,-15,-946686,25587340,811,936302,-72857888
20:37:39.682,0,-6.2,42,0,0,500,1000000,51,-974744,25582770,-239,1030688,-72851720
20:37:39.687,0,-7.3,42,0,0,500,1000000,-25,-1016049,25577822,851,956136,-72847880
20:37:39.692,0,-8.1,38,0,0,500,1000000,24,-1017615,25572200,-348,1011093,-72841856
20:37:39.697,0,-8.2,38,0,0,500,1000000,-23,-1016045,25567526,868,942284,-72838168
20:37:39.702,0,-7.6,38,0,0,500,1000000,28,-1026462,25561894,-592,1070268,-72831568
20:37:39.707,0,-6.2,38,0,0,500,1000000,-60,-1029302,25557056,808,900565,-72828304
20:37:39.712,0,-5.0,41,0,0,500,1000000,-83,-1010354,25551540,-451,1064830,-72822024
20:37:39.717,0,-4.1,41,0,0,500,1000000,160,-1020544,25546796,889,930860,-72817088
20:37:39.722,0,-3.4,41,0,0,500,1000000,6,-986027,25541464,112,1023104,-72812336
20:37:39.728,0,-3.0,41,0,0,500,1000000,209,-970924,25537066,947,919393,-72807304
20:37:39.733,0,-3.0,41,0,0,500,1000000,-27,-953538,25531894,59,1015135,-72802608
20:37:39.738,0,-3.1,41,0,0,500,1000000,144,-975211,25527244,521,937763,-72797240
20:37:39.743,0,-3.3,41,0,0,500,1000000,-57,-968943,25521964,701,966556,-72793064
20:37:39.748,0,-3.8,41,0,0,500,1000000,95,-1002641,25517164,-60,1002559,-72787080
20:37:39.753,0,-4.5,40,0,0,500,1000000,-6,-1015775,25511536,75,1019083,-72781824
20:37:39.758,0,-4.9,40,0,0,500,1000000,33,-1019283,25506768,106,977726,-72777400
20:37:39.763,0,-5.1,40,0,0,500,1000000,-27,-1004873,25501324,587,984513,-72772296
20:37:39.768,0,-4.8,40,0,0,500,1000000,27,-1016284,25496476,-581,1074024,-72766856
20:37:39.773,0,-4.1,41,0,0,500,1000000,-41,-1009768,25491018,765,916866,-72762624
20:37:39.778,0,-3.3,41,0,0,500,1000000,7,-994661,25486456,-422,1056983,-72757328
20:37:39.783,0,-2.7,41,0,0,500,1000000,-40,-986729,25481000,1188,926514,-72752616
20:37:39.788,0,-2.4,41,0,0,500,1000000,22,-961043,25476694,-413,1066529,-72747280
20:37:39.793,0,-2.1,41,0,0,500,1000000,-23,-944975,25472348,808,899750,-72742904
20:37:39.798,0,-2.3,41,0,0,500,1000000,17,-933367,25467266,-533,1074863,-72736432
20:37:39.803,0,-2.7,41,0,0,500,1000000,42,-973836,25462552,936,925777,-72732688
20:37:39.808,0,-3.5,41,0,0,500,1000000,-26,-978903,25457192,-117,1035460,-72726888
20:37:39.813,0,-4.4,40,0,0,500,1000000,-8,-1025620,25452216,490,951756,-72722736
20:37:39.819,0,-5.3,40,0,0,500,1000000,22,-1031955,25445656,-447,1074567,-72715592
20:37:39.824,0,-5.6,40,0,0,500,1000000,-93,-1025714,25440870,917,909756,-72712112
20:37:39.829,0,-5.4,40,0,0,500,1000000,-85,-991712,25435516,-124,1041855,-72706184
20:37:39.834,0,-4.5,41,0,0,500,1000000,17,-1002096,25430864,76,982370,-72701672
20:37:39.839,0,-3.7,41,0,0,500,1000000,53,-970315,25425608,99,1009048,-72696360
20:37:39.844,0,-3.0,41,0,0,500,1000000,114,-978152,25421868,-27,998185,-72691848
20:37:39.849,0,-3.1,41,0,0,500,1000000,5,-977049,25416518,689,975159,-72687768
20:37:39.854,0,-3.6,41,0,0,500,1000000,59,-990932,25411856,75,992510,-72681912
20:37:39.859,0,-4.4,41,0,0,500,1000000,19,-968429,25406636,67,1004400,-72676656
20:37:39.864,0,-5.7,41,0,0,500,1000000,70,-985556,25401928,36,994790,-72672144
20:37:39.869,0,-5.8,39,0,0,500,1000000,-70,-988735,25396504,-84,1027894,-72666576
20:37:39.874,0,-5.5,39,0,0,500,1000000,17,-998912,25391792,332,956313,-72662440
20:37:39.879,0,-5.2,39,0,0,500,1000000,-63,-995157,25386378,-123,1038074,-72656680
20:37:39.884,0,-4.8,39,0,0,500,1000000,-48,-1022083,25381486,269,961216,-72652448
20:37:39.889,0,-4.4,40,0,0,500,1000000,-37,-997608,25376932,-286,1044316,-72646616
20:37:39.894,0,-4.1,40,0,0,500,1000000,-44,-990937,25371536,1108,933973,-72641824
20:37:39.899,0,-3.8,40,0,0,500,1000000,-94,-982529,25367064,-432,1064550,-72636472
20:37:39.904,0,-3.6,40,0,0,500,1000000,-50,-995469,25361484,895,906677,-72632032
20:37:39.910,0,-3.7,40,0,0,500,1000000,37,-976219,25357016,-38,1023760,-72627096
20:37:39.915,0,-4.2,40,0,0,500,1000000,15,-1002582,25351436,910,937938,-72621952
20:37:39.920,0,-4.6,40,0,0,500,1000000,-15,-987285,25346956,-162,1043463,-72617008
20:37:39.925,0,-5.2,40,0,0,500,1000000,-42,-981253,25341526,1050,909007,-72612336
20:37:39.930,0,-5.8,40,0,0,500,1000000,-7,-962912,25337050,-70,1029273,-72607448
20:37:39.935,0,-5.9,40,0,0,500,1000000,-214,-999569,25331500,992,928256,-72602304
20:37:39.940,0,-6.1,40,0,0,500,1000000,16,-987879,25326948,-334,1041056,-72596400
20:37:39.945,0,-6.4,40,0,0,500,1000000,-106,-1014157,25321290,991,936318,-72592520
20:37:39.950,0,-6.4,41,0,0,500,1000000,-17,-1017367,25316472,-393,1068329,-72586352
20:37:39.955,0,-6.1,41,0,0,500,1000000,-38,-1019525,25310856,716,935818,-72582496
20:37:39.960,0,-5.7,41,0,0,500,1000000,-67,-997733,25306230,-137,1031368,-72576712
20:37:39.965,0,-5.1,41,0,0,500,1000000,-7,-1015805,25300608,623,950562,-72571592
20:37:39.970,0,-4.4,41,0,0,500,1000000,-107,-1003356,25295976,-207,1041058,-72566704
20:37:39.975,0,-4.0,41,0,0,500,1000000,-86,-1011510,25291206,1177,915471,-72562064
20:37:39.980,0,-3.9,41,0,0,500,1000000,-35,-997153,25285820,-143,1047647,-72556888
20:37:39.985,0,-3.8,41,0,0,500,1000000,139,-1009343,25281048,780,923929,-72551832
20:37:39.990,0,-3.7,41,0,0,500,1000000,-2,-966907,25275912,400,994723,-72547336
20:37:39.995,0,-3.8,42,0,0,500,1000000,78,-967464,25271416,113,970957,-72541808
20:37:40.001,0,-3.8,42,0,0,500,1000000,-86,-954208,25266188,-107,1044812,-72536104
20:37:40.006,0,-3.9,42,0,0,500,1000000,69,-969892,25261654,711,933019,-72532152
20:37:40.011,0,-4.3,42,0,0,500,1000000,4,-968533,25256308,-54,1034588,-72526408
20:37:40.016,0,-4.7,40,0,0,500,1000000,129,-1004822,25251534,139,976604,-72522024
20:37:40.021,0,-5.0,40,0,0,500,1000000,-68,-997946,25246088,-110,1039786,-72516376
20:37:40.026,0,-5.1,40,0,0,500,1000000,-21,-1006274,25241352,542,946540,-72512312
20:37:40.031,0,-5.0,40,0,0,500,1000000,-48,-1003382,25235828,-302,1054825,-72506368
20:37:40.036,0,-4.5,40,0,0,500,1000000,13,-1025651,25230936,966,916613,-72501656
20:37:40.041,0,-4.0,40,0,0,500,1000000,10,-1010573,25225408,-41,1016292,-72496824
20:37:40.046,0,-3.7,40,0,0,500,1000000,149,-1026506,25220620,461,957765,-72491536
20:37:40.051,0,-3.3,40,0,0,500,1000000,-56,-1001248,25215224,-136,1043521,-72486648
20:37:40.056,0,-3.0,41,0,0,500,1000000,-34,-985398,25210740,1007,908015,-72481936
20:37:40.061,0,-2.8,41,0,0,500,1000000,-57,-955923,25205576,62,1013307,-72477128
20:37:40.066,0,-2.6,41,0,0,500,1000000,117,-971756,25200984,294,954493,-72471680
20:37:40.071,0,-2.6,41,0,0,500,1000000,-15,-957478,25195800,-156,1029825,-72466056
20:37:40.076,0,-3.0,39,0,0,500,1000000,129,-985614,25191096,290,961520,-72461768
20:37:40.081,0,-3.7,39,0,0,500,1000000,-43,-990026,25185600,-91,1035668,-72456248
20:37:40.086,0,-4.2,39,0,0,500,1000000,146,-1008377,25180882,94,988445,-72451648
20:37:40.091,0,-4.8,39,0,0,500,1000000,-24,-972541,25175688,478,980105,-72446616
20:37:40.097,0,-5.1,39,0,0,500,1000000,9,-979522,25171048,-514,1030740,-72441616
20:37:40.102,0,-5.2,39,0,0,500,1000000,-13,-969246,25166616,476,982837,-72436720
20:37:40.107,0,-5.4,39,0,0,500,1000000,103,-975234,25161304,84,977229,-72431200
20:37:40.112,0,-5.9,39,0,0,500,1000000,6,-977781,25156728,537,990962,-72426856
20:37:40.117,0,-6.5,40,0,0,500,1000000,26,-1015941,25151048,144,981143,-72421208
20:37:40.122,0,-6.9,40,0,0,500,1000000,-23,-995784,25146472,353,991654,-72416960
20:37:40.127,0,-7.1,40,0,0,500,1000000,144,-1007526,25140944,246,962938,-72411592
20:37:40.132,0,-6.8,40,0,0,500,1000000,-12,-1002530,25136296,-284,1055917,-72405704
20:37:40.137,0,-6.2,40,0,0,500,1000000,-70,-1019526,25130644,932,930456,-72401856
20:37:40.142,0,-5.5,40,0,0,500,1000000,-65,-1008161,25126004,-190,1042768,-72395976
20:37:40.147,0,-5.0,40,0,0,500,1000000,-64,-1028825,25120220,584,951929,-72391848
20:37:40.152,0,-4.6,40,0,0,500,1000000,-35,-1007271,25115610,-424,1061114,-72385776
20:37:40.158,0,-4.3,40,0,0,500,1000000,-48,-1003008,25110124,1056,916421,-72382160
20:37:40.163,0,-4.2,40,0,0,500,1000000,-135,-985228,25105672,-162,1051130,-72376248
20:37:40.168,0,-4.0,40,0,0,500,1000000,108,-1008895,25099988,774,930705,-72371200
20:37:40.173,0,-3.9,40,0,0,500,1000000,-65,-984347,25095492,844,958584,-72367008
20:37:40.178,0,-3.9,40,0,0,500,1000000,51,-992119,25090068,-287,1007414,-72360912
20:37:40.183,0,-4.1,40,0,0,500,1000000,-4,-969928,25085608,810,957896,-72357072
20:37:40.188,0,-4.0,40,0,0,500,1000000,49,-957112,25080384,-171,997134,-72351048
20:37:40.193,0,-4.3,40,0,0,500,1000000,-2,-931741,25076200,755,955732,-72346352
20:37:40.198,0,-4.4,40,0,0,500,1000000,44,-944725,25071768,-524,1062463,-72340912
20:37:40.203,0,-4.6,40,0,0,500,1000000,-82,-966394,25066304,781,931113,-72336544
20:37:40.208,0,-5.0,40,0,0,500,1000000,103,-997489,25059172,5,995519,-72329520
20:37:40.213,0,-5.5,40,0,0,500,1000000,1,-1007207,25054428,-81,1028057,-72324080
20:37:40.218,0,-6.0,40,0,0,500,1000000,29,-1023336,25049590,154,971903,-72319680
20:37:40.223,0,-6.1,40,0,0,500,1000000,-25,-1012250,25044024,80,1007009,-72314336
20:37:40.228,0,-6.1,40,0,0,500,1000000,45,-1041645,25039128,-311,1011972,-72309488
20:37:40.233,0,-5.7,40,0,0,500,1000000,-73,-1045330,25035128,970,937173,-72306728
20:37:40.238,0,-5.2,42,0,0,500,1000000,-24,-1045476,25030264,-594,1023069,-72300576
20:37:40.244,0,-4.7,42,0,0,500,1000000,-42,-1040772,25024572,845,934918,-72297000
20:37:40.249,0,-4.3,42,0,0,500,1000000,28,-1027960,25019844,-659,1066637,-72290400
20:37:40.254,0,-3.8,42,0,0,500,1000000,-79,-998832,25014460,1021,906132,-72287152
20:37:40.259,0,-3.4,42,0,0,500,1000000,-4,-963040,25010136,-474,1054106,-72280856
20:37:40.264,0,-3.2,42,0,0,500,1000000,-38,-963894,25004840,1100,928150,-72277032
20:37:40.269,0,-3.0,42,0,0,500,1000000,-12,-949753,25000472,-624,1055365,-72270776
20:37:40.274,0,-3.1,42,0,0,500,1000000,-12,-950284,24995180,715,906333,-72266576
20:37:40.279,0,-3.5,40,0,0,500,1000000,10,-947008,24990858,-391,1069405,-72261064
20:37:40.284,0,-4.5,40,0,0,500,1000000,8,-970402,24985428,1049,909985,-72256440
20:37:40.289,0,-5.1,40,0,0,500,1000000,-74,-955614,24981042,-136,1030104,-72251456
20:37:40.294,0,-5.6,41,0,0,500,1000000,-38,-987457,24975468,931,944080,-72246408
20:37:40.299,0,-5.8,41,0,0,500,1000000,-44,-1001751,24970744,-278,1051113,-72241392
20:37:40.304,0,-5.7,41,0,0,500,1000000,-64,-1023771,24965030,1044,911339,-72236792
20:37:40.309,0,-5.4,41,0,0,500,1000000,-69,-1026819,24960304,-529,1061217,-72230544
20:37:40.314,0,-4.7,43,0,0,500,1000000,-53,-1038984,24954476,833,942182,-72226672
20:37:40.319,0,-3.9,43,0,0,500,1000000,-22,-1012252,24949936,-462,1054876,-72220560
20:37:40.325,0,-3.1,43,0,0,500,1000000,-99,-992988,24944552,988,911305,-72217040
20:37:40.330,0,-2.6,43,0,0,500,1000000,-23,-979252,24940052,-442,1084874,-72210584
20:37:40.335,0,-2.3,43,0,0,500,1000000,-31,-994109,24934612,303,947312,-72206656
20:37:40.340,0,-2.4,43,0,0,500,1000000,-78,-973483,24929234,283,999751,-72201360
20:37:40.345,0,-2.6,43,0,0,500,1000000,90,-997324,24924490,46,984636,-72195616
20:37:40.350,0,-2.8,43,0,0,500,1000000,-16,-979005,24920104,-135,1034746,-72190096
20:37:40.355,0,-3.1,41,0,0,500,1000000,52,-979937,24914712,414,943363,-72185968
20:37:40.360,0,-3.3,41,0,0,500,1000000,7,-964070,24910222,6,1027597,-72180320
20:37:40.365,0,-3.5,41,0,0,500,1000000,58,-986872,24905608,-586,1016872,-72175360
20:37:40.370,0,-3.7,41,0,0,500,1000000,-25,-985492,24900200,710,918361,-72172024
20:37:40.375,0,-4.1,41,0,0,500,1000000,11,-988751,24895588,-593,1064352,-72165440
20:37:40.380,0,-4.5,41,0,0,500,1000000,-54,-1000300,24889968,1023,922218,-72161976
20:37:40.385,0,-4.7,41,0,0,500,1000000,44,-981620,24885534,-465,1064696,-72155568
20:37:40.390,0,-4.9,41,0,0,500,1000000,-2,-973378,24880152,860,909535,-72151256
20:37:40.395,0,-4.7,42,0,0,500,1000000,-60,-965336,24875758,-481,1074672,-72145800
20:37:40.400,0,-4.5,42,0,0,500,1000000,0,-987843,24870180,989,906173,-72141336
20:37:40.405,0,-4.2,42,0,0,500,1000000,-124,-969580,24865736,-73,1023877,-72136424
20:37:40.411,0,-4.2,42,0,0,500,1000000,-42,-994814,24860200,843,943846,-72131144
20:37:40.416,0,-4.1,41,0,0,500,1000000,-103,-990796,24855656,-180,1047744,-72126264
20:37:40.421,0,-4.2,41,0,0,500,1000000,-46,-1001784,24850060,1014,906862,-72121504
20:37:40.426,0,-4.4,41,0,0,500,1000000,60,-979654,24845588,-26,1038930,-72115560
20:37:40.431,0,-4.7,41,0,0,500,1000000,30,-1018355,24839832,-382,1009390,-72110808
20:37:40.436,0,-4.8,41,0,0,500,1000000,-34,-1011516,24835196,612,964941,-72106112
20:37:40.441,0,-5.1,41,0,0,500,1000000,27,-1025052,24829576,-770,1048950,-72100912
20:37:40.446,0,-5.2,41,0,0,500,1000000,-38,-1021922,24824796,732,961424,-72096216
20:37:40.451,0,-4.9,41,0,0,500,1000000,29,-1001229,24820214,-582,1049116,-72090904
20:37:40.456,0,-4.6,41,0,0,500,1000000,2,-972339,24814984,677,935123,-72086408
20:37:40.461,0,-4.0,41,0,0,500,1000000,21,-963209,24810548,-660,1072612,-72081008
20:37:40.466,0,-3.5,41,0,0,500,1000000,-43,-963325,24805256,966,922552,-72076536
20:37:40.471,0,-3.4,41,0,0,500,1000000,27,-952510,24800872,-530,1039441,-72070248
20:37:40.476,0,-3.6,40,0,0,500,1000000,-32,-964571,24795532,1201,929651,-72066600
20:37:40.481,0,-4.1,40,0,0,500,1000000,29,-971159,24790984,-492,1064843,-72060128
20:37:40.486,0,-4.6,40,0,0,500,1000000,-23,-980618,24785484,917,908907,-72056760
20:37:40.491,0,-5.0,40,0,0,500,1000000,-17,-976148,24781024,-331,1056716,-72050496
20:37:40.497,0,-5.2,40,0,0,500,1000000,-33,-1014025,24775260,388,952369,-72046432
20:37:40.502,0,-5.0,40,0,0,500,1000000,-37,-1007758,24770652,-237,1043644,-72040600
20:37:40.507,0,-4.8,40,0,0,500,1000000,-58,-1016939,24765056,471,939463,-72036648
20:37:40.512,0,-4.5,40,0,0,500,1000000,-56,-1000278,24760456,-144,1044796,-72030808
20:37:40.517,0,-4.0,42,0,0,500,1000000,138,-993565,24754970,517,936949,-72025664
20:37:40.522,0,-3.8,42,0,0,500,1000000,-68,-959318,24750696,636,960672,-72021456
20:37:40.527,0,-3.8,42,0,0,500,1000000,21,-965685,24745364,-99,1004251,-72015416
20:37:40.532,0,-4.2,42,0,0,500,1000000,-11,-966204,24740842,741,969041,-72011520
20:37:40.537,0,-4.7,39,0,0,500,1000000,105,-988051,24735390,131,966201,-72005848
20:37:40.542,0,-5.5,39,0,0,500,1000000,10,-993241,24729952,330,1005866,-72000592
20:37:40.547,0,-6.1,39,0,0,500,1000000,64,-1035988,24724884,-342,1016345,-71995528
20:37:40.552,0,-6.5,39,0,0,500,1000000,-55,-1032261,24720136,705,970732,-71990832
20:37:40.557,0,-6.5,39,0,0,500,1000000,44,-1039245,24714388,-550,1028565,-71985816
20:37:40.562,0,-6.0,39,0,0,500,1000000,-30,-1031085,24709730,243,996834,-71980688
20:37:40.567,0,-5.0,39,0,0,500,1000000,109,-1022696,24704110,-204,1006915,-71975920
20:37:40.572,0,-4.0,39,0,0,500,1000000,11,-991359,24699672,673,977675,-71971000
20:37:40.577,0,-3.1,42,0,0,500,1000000,19,-988083,24694220,-683,1058642,-71965744
20:37:40.582,0,-2.4,42,0,0,500,1000000,37,-944876,24689196,276,998166,-71959832
20:37:40.588,0,-2.3,42,0,0,500,1000000,183,-930513,24684188,14,987839,-71955176
20:37:40.593,0,-2.6,42,0,0,500,1000000,25,-922170,24679870,106,1018238,-71949880
20:37:40.598,0,-3.3,40,0,0,500,1000000,80,-960522,24676120,284,975796,-71945448
20:37:40.603,0,-4.3,40,0,0,500,1000000,28,-981246,24670596,603,976439,-71941232
20:37:40.608,0,-5.4,40,0,0,500,1000000,66,-1029105,24665686,74,989364,-71935488
20:37:40.613,0,-6.2,40,0,0,500,1000000,28,-1054747,24659800,-141,1037408,-71929920
20:37:40.618,0,-6.1,40,0,0,500,1000000,113,-1053891,24654810,185,961827,-71925728
20:37:40.623,0,-5.4,40,0,0,500,1000000,-9,-1030048,24649268,98,1012023,-71920296
20:37:40.628,0,-4.1,40,0,0,500,1000000,24,-1031738,24644460,-643,1028469,-71915264
20:37:40.633,0,-2.7,40,0,0,500,1000000,-24,-1005553,24639056,704,964208,-71910552
20:37:40.638,0,-1.8,42,0,0,500,1000000,36,-995189,24634408,-868,1045341,-71905352
20:37:40.643,0,-1.4,42,0,0,500,1000000,-38,-971417,24629232,917,954656,-71900728
20:37:40.648,0,-1.3,42,0,0,500,1000000,27,-953384,24624866,-471,1075618,-71895176
20:37:40.653,0,-1.6,42,0,0,500,1000000,-3,-926910,24619818,811,885667,-71891200
20:37:40.658,0,-2.0,39,0,0,500,1000000,-85,-912273,24615644,-582,1080441,-71884640
20:37:40.663,0,-2.8,39,0,0,500,1000000,-13,-949388,24610296,1000,917721,-71880952
20:37:40.668,0,-3.5,39,0,0,500,1000000,-13,-951148,24605848,-127,1033632,-71875232
20:37:40.674,0,-4.5,39,0,0,500,1000000,22,-1005505,24600148,637,946517,-71871032
20:37:40.679,0,-5.4,39,0,0,500,1000000,-40,-1016285,24595360,-247,1056600,-71865104
20:37:40.684,0,-5.5,39,0,0,500,1000000,-25,-1032234,24589638,399,945122,-71861048
20:37:40.689,0,-5.5,39,0,0,500,1000000,-4,-1012656,24585000,43,1010301,-71855640
20:37:40.694,0,-4.8,39,0,0,500,1000000,33,-1021507,24579384,-507,1029875,-71850592
20:37:40.699,0,-3.9,42,0,0,500,1000000,-63,-997357,24574824,654,972125,-71845856
20:37:40.704,0,-3.1,42,0,0,500,1000000,8,-990987,24570234,34,986063,-71840024
20:37:40.709,0,-2.6,42,0,0,500,1000000,13,-973838,24564894,612,976603,-71835920
20:37:40.714,0,-2.6,42,0,0,500,1000000,60,-973171,24560436,-204,1016517,-71829768
20:37:40.719,0,-3.5,39,0,0,500,1000000,-18,-947678,24555258,737,932740,-71826224
20:37:40.724,0,-4.5,39,0,0,500,1000000,78,-961522,24550682,-464,1044861,-71819928
20:37:40.729,0,-5.3,39,0,0,500,1000000,-30,-999009,24544200,317,1002206,-71813928
20:37:40.734,0,-6.0,39,0,0,500,1000000,240,-1030816,24538468,136,970627,-71809416
20:37:40.739,0,-6.3,39,0,0,500,1000000,-37,-1029084,24533742,454,997138,-71804176
20:37:40.744,0,-5.8,39,0,0,500,1000000,50,-1052049,24527912,-539,1050489,-71798904
20:37:40.749,0,-5.0,39,0,0,500,1000000,-66,-1033063,24523156,729,948664,-71794424
20:37:40.754,0,-4.1,42,0,0,500,1000000,-40,-1017338,24519368,-522,1053254,-71790200
20:37:40.760,0,-3.2,42,0,0,500,1000000,-80,-1012611,24513814,1091,937218,-71785352
20:37:40.765,0,-2.3,42,0,0,500,1000000,-74,-985959,24509320,-428,1055541,-71780168
20:37:40.770,0,-1.9,42,0,0,500,1000000,-52,-960970,24504064,1136,910712,-71775696
20:37:40.775,0,-1.9,39,0,0,500,1000000,-59,-933802,24499832,-533,1070811,-71769208
20:37:40.780,0,-2.4,39,0,0,500,1000000,-20,-931703,24494730,922,922047,-71765480
20:37:40.785,0,-3.6,39,0,0,500,1000000,9,-897971,24490632,-111,1033966,-71759688
20:37:40.790,0,-5.2,39,0,0,500,1000000,196,-924812,24486288,514,951882,-71755608
20:37:40.795,0,-6.9,39,0,0,500,1000000,-27,-960241,24480876,-101,1045916,-71749656
20:37:40.800,0,-8.4,39,0,0,500,1000000,-47,-1016213,24475952,927,926135,-71745912
20:37:40.805,0,-9.3,39,0,0,500,1000000,-58,-1040588,24470052,-201,1047164,-71739872
20:37:40.810,0,-9.0,39,0,0,500,1000000,-22,-1077783,24464914,1011,932365,-71735048
20:37:40.815,0,-7.7,39,0,0,500,1000000,2,-1061968,24459164,-413,1053921,-71729904
20:37:40.820,0,-6.0,42,0,0,500,1000000,-105,-1045930,24454336,984,920211,-71725296
20:37:40.825,0,-4.2,42,0,0,500,1000000,-49,-1022867,24448844,-421,1067735,-71719968
20:37:40.830,0,-2.7,42,0,0,500,1000000,110,-1016286,24444120,882,906992,-71715120
20:37:40.835,0,-2.0,42,0,0,500,1000000,-57,-973567,24438962,764,946829,-71710960
20:37:40.840,0,-1.9,39,0,0,500,1000000,175,-971249,24434456,-655,1034903,-71704456
20:37:40.846,0,-2.3,39,0,0,500,1000000,-22,-952413,24429280,824,933581,-71700976
20:37:40.851,0,-3.1,39,0,0,500,1000000,48,-943531,24424868,-334,1018968,-71694728
20:37:40.856,0,-4.2,39,0,0,500,1000000,-22,-940455,24419726,817,951142,-71690144
20:37:40.861,0,-5.0,39,0,0,500,1000000,59,-969093,24415178,-493,1063454,-71684664
20:37:40.866,0,-5.8,39,0,0,500,1000000,-54,-997251,24409516,726,925724,-71680264
20:37:40.871,0,-6.2,39,0,0,500,1000000,-9,-1005551,24404876,-540,1055323,-71674992
20:37:40.876,0,-6.1,39,0,0,500,1000000,-59,-1027255,24399074,1004,941259,-71670288
20:37:40.881,0,-5.5,39,0,0,500,1000000,36,-1015665,24394380,-482,1067318,-71664872
20:37:40.886,0,-4.6,39,0,0,500,1000000,-56,-1000501,24388948,796,907459,-71660472
20:37:40.891,0,-3.7,39,0,0,500,1000000,165,-984108,24384436,-180,1057986,-71655328
20:37:40.896,0,-3.0,39,0,0,500,1000000,49,-1000779,24379628,237,951432,-71649992
20:37:40.901,0,-2.7,40,0,0,500,1000000,-103,-976828,24374300,821,961082,-71645072
20:37:40.906,0,-2.9,40,0,0,500,1000000,53,-986746,24369740,-746,1057782,-71639592
20:37:40.911,0,-3.1,40,0,0,500,1000000,19,-983726,24364344,810,947212,-71635120
20:37:40.916,0,-3.3,40,0,0,500,1000000,38,-966176,24359854,-661,1045266,-71629840
20:37:40.921,0,-3.7,40,0,0,500,1000000,-30,-957603,24354632,784,929390,-71625488
20:37:40.926,0,-3.8,40,0,0,500,1000000,40,-971972,24350124,-479,1080739,-71619896
20:37:40.932,0,-4.1,40,0,0,500,1000000,-39,-998538,24344520,856,904639,-71615568
20:37:40.937,0,-4.3,40,0,0,500,1000000,-78,-1004414,24339752,-191,1050748,-71610368
20:37:40.942,0,-4.5,41,0,0,500,1000000,-58,-1037716,24333862,1034,934886,-71605392
20:37:40.947,0,-4.2,41,0,0,500,1000000,-73,-1020733,24329248,-626,1068118,-71599112
20:37:40.952,0,-3.8,41,0,0,500,1000000,-63,-1005132,24323722,1054,900257,-71595696
20:37:40.957,0,-3.2,41,0,0,500,1000000,0,-991365,24319156,-290,1070786,-71589440
20:37:40.962,0,-2.6,42,0,0,500,1000000,6,-1002870,24314434,-849,1028691,-71584536
20:37:40.967,0,-2.2,42,0,0,500,1000000,-74,-980843,24309128,597,893191,-71580528
20:37:40.972,0,-2.1,42,0,0,500,1000000,-48,-960678,24304806,-550,1078775,-71574952
20:37:40.977,0,-2.4,42,0,0,500,1000000,-6,-961270,24299454,1017,912115,-71570184
20:37:40.982,0,-2.5,42,0,0,500,1000000,148,-925854,24295340,139,1018168,-71565464
20:37:40.987,0,-3.4,42,0,0,500,1000000,70,-935182,24290156,747,938251,-71560248
20:37:40.992,0,-4.3,42,0,0,500,1000000,17,-939981,24285832,-248,1058543,-71554152
20:37:40.997,0,-5.2,42,0,0,500,1000000,0,-990178,24280082,1121,922450,-71550536
20:37:41.002,0,-6.4,39,0,0,500,1000000,-14,-999573,24275450,-215,1049590,-71544408
20:37:41.007,0,-6.9,39,0,0,500,1000000,109,-1045133,24269488,498,954441,-71540400
20:37:41.013,0,-6.8,39,0,0,500,1000000,-105,-1037379,24264748,-535,1059789,-71534248
20:37:41.018,0,-6.2,39,0,0,500,1000000,-44,-1030141,24259048,910,910600,-71530760
20:37:41.023,0,-5.2,42,0,0,500,1000000,-53,-1021317,24254324,-324,1064317,-71524520
20:37:41.028,0,-4.3,42,0,0,500,1000000,134,-1038458,24248508,-155,989247,-71520024
20:37:41.033,0,-3.5,42,0,0,500,1000000,-88,-1008603,24243988,726,952694,-71515360
20:37:41.038,0,-3.3,42,0,0,500,1000000,37,-1002488,24238556,-789,1065742,-71509880
20:37:41.043,0,-3.3,42,0,0,500,1000000,-135,-980521,24234044,872,928911,-71505536
20:37:41.048,0,-3.4,42,0,0,500,1000000,65,-950917,24228984,-596,1045161,-71499056
20:37:41.053,0,-3.9,42,0,0,500,1000000,-37,-931806,24224760,929,900850,-71495776
20:37:41.058,0,-4.2,42,0,0,500,1000000,47,-926015,24219688,-490,1082499,-71489192
20:37:41.063,0,-4.9,41,0,0,500,1000000,-19,-956467,24215078,1082,907104,-71485712
20:37:41.068,0,-5.6,41,0,0,500,1000000,-18,-946653,24209944,1,1012096,-71480080
20:37:41.073,0,-6.4,41,0,0,500,1000000,175,-997146,24205096,23,989580,-71475384
20:37:41.078,0,-7.0,41,0,0,500,1000000,-27,-1000159,24199598,89,1015915,-71470128
20:37:41.083,0,-7.0,41,0,0,500,1000000,203,-1010707,24194770,537,940579,-71464944
20:37:41.089,0,-6.9,41,0,0,500,1000000,-17,-1001677,24189402,359,999829,-71460432
20:37:41.094,0,-6.1,41,0,0,500,1000000,-11,-1021691,24184556,-133,997785,-71454488
20:37:41.099,0,-5.2,41,0,0,500,1000000,-51,-1002738,24179060,628,967748,-71449696
20:37:41.104,0,-4.5,41,0,0,500,1000000,15,-1003021,24173592,-758,1046892,-71444424
20:37:41.109,0,-3.9,41,0,0,500,1000000,-41,-988380,24169088,699,972132,-71439672
20:37:41.114,0,-3.7,41,0,0,500,1000000,50,-972007,24164632,-593,1023905,-71434576
20:37:41.119,0,-3.8,41,0,0,500,1000000,-40,-948883,24159452,688,925796,-71430256
20:37:41.119,0,-3.8,41,0,0,500,1000000,48,-962813,24154938,-518,1073694,-71424720
20:37:41.124,0,-4.2,40,0,0,500,1000000,-41,-991084,24150168,942,917702,-71420360
20:37:41.129,0,-5.6,40,0,0,500,1000000,3,-1002658,24144680,-261,1042367,-71415216
20:37:41.134,0,-6.6,40,0,0,500,1000000,-38,-1040040,24139656,1054,935970,-71410424
20:37:41.139,0,-7.1,43,0,0,500,1000000,-6,-1048119,24133908,-584,1058196,-71404016
20:37:41.144,0,-6.9,43,0,0,500,1000000,-35,-1042946,24129114,880,908186,-71400656
20:37:41.149,0,-6.3,43,0,0,500,1000000,-31,-1030231,24123480,-525,1074818,-71394288
20:37:41.154,0,-5.1,43,0,0,500,1000000,93,-1032732,24118716,106,975116,-71390088
20:37:41.160,0,-3.7,43,0,0,500,1000000,64,-992411,24113432,32,1010111,-71384800
20:37:41.165,0,-2.6,43,0,0,500,1000000,-61,-984687,24108872,-168,1004054,-71379984
20:37:41.170,0,-1.9,43,0,0,500,1000000,-32,-944599,24103784,234,1008701,-71374896
20:37:41.175,0,-1.4,43,0,0,500,1000000,59,-925332,24099608,393,945137,-71369496
20:37:41.180,0,-1.4,40,0,0,500,1000000,-34,-885988,24094848,683,951695,-71365488
20:37:41.185,0,-2.0,40,0,0,500,1000000,111,-921472,24090440,-138,1012162,-71359264
20:37:41.190,0,-3.1,40,0,0,500,1000000,-20,-954358,24085140,825,959516,-71355512
20:37:41.195,0,-4.6,40,0,0,500,1000000,65,-1012755,24080204,89,982863,-71349712
20:37:41.200,0,-6.3,42,0,0,500,1000000,4,-1051382,24074228,187,1013712,-71344312
20:37:41.205,0,-7.3,42,0,0,500,1000000,19,-1084936,24069108,-604,1030622,-71339264
20:37:41.210,0,-7.1,42,0,0,500,1000000,-126,-1071766,24063208,765,951488,-71334728
20:37:41.215,0,-6.0,42,0,0,500,1000000,10,-1069620,24058244,-807,1070554,-71329328
20:37:41.220,0,-4.3,42,0,0,500,1000000,-83,-1056933,24053346,944,933215,-71324744
20:37:41.225,0,-2.6,42,0,0,500,1000000,-6,-1019826,24047908,-496,1057661,-71319448
20:37:41.230,0,-1.2,42,0,0,500,1000000,-144,-995911,24043340,1124,923569,-71314896
20:37:41.236,0,-0.4,42,0,0,500,1000000,-13,-952134,24038240,-501,1073176,-71309496
20:37:41.241,0,-0.1,43,0,0,500,1000000,174,-926348,24034076,894,917023,-71304720
20:37:41.246,0,-0.3,43,0,0,500,1000000,18,-868298,24028800,-78,1021829,-71299056
20:37:41.251,0,-1.0,43,0,0,500,1000000,226,-899753,24024544,1090,926186,-71293816
20:37:41.256,0,-2.4,43,0,0,500,1000000,-14,-927403,24019326,-21,1027052,-71289088
20:37:41.261,0,-4.3,43,0,0,500,1000000,-34,-988253,24014452,1238,923530,-71284216
20:37:41.266,0,-6.4,43,0,0,500,1000000,-44,-1027540,24008644,-153,1042146,-71279184
20:37:41.271,0,-8.1,43,0,0,500,1000000,-25,-1068423,24003524,1006,933012,-71274136
20:37:41.276,0,-8.7,43,0,0,500,1000000,-160,-1046445,23998728,-220,1032299,-71269288
20:37:41.281,0,-8.1,39,0,0,500,1000000,-19,-1043623,23993860,149,972946,-71264968
20:37:41.286,0,-6.5,39,0,0,500,1000000,-143,-1010662,23988462,-234,1046819,-71259184
20:37:41.291,0,-4.4,39,0,0,500,1000000,-31,-993174,23983880,884,915376,-71254432
20:37:41.296,0,-2.7,39,0,0,500,1000000,-9,-957025,23978730,-144,1037353,-71249480
20:37:41.301,0,-1.9,40,0,0,500,1000000,94,-967450,23974172,764,939833,-71244312
20:37:41.306,0,-2.1,40,0,0,500,1000000,-32,-946406,23969092,-124,1040769,-71239392
20:37:41.312,0,-3.2,40,0,0,500,1000000,22,-959886,23964608,909,908348,-71234696
20:37:41.317,0,-4.9,40,0,0,500,1000000,30,-967087,23960024,-12,1032533,-71229760
20:37:41.322,0,-6.6,41,0,0,500,1000000,49,-1037999,23954076,969,929238,-71224688
20:37:41.327,0,-7.8,41,0,0,500,1000000,-10,-1032540,23949276,-108,1032887,-71218928
20:37:41.332,0,-8.2,41,0,0,500,1000000,122,-1055775,23943346,240,964548,-71214640
20:37:41.337,0,-7.9,41,0,0,500,1000000,-7,-1032595,23938608,-293,1052173,-71208880
20:37:41.342,0,-6.6,41,0,0,500,1000000,-40,-1005057,23933194,297,944462,-71204832
20:37:41.347,0,-4.9,41,0,0,500,1000000,-40,-965193,23928932,59,1016383,-71199336
20:37:41.352,0,-3.5,41,0,0,500,1000000,20,-963397,23923698,-447,1024443,-71194360
20:37:41.357,0,-2.4,41,0,0,500,1000000,-41,-939608,23919392,597,973264,-71189624
20:37:41.362,0,-2.2,40,0,0,500,1000000,81,-954806,23914160,47,989246,-71183792
20:37:41.367,0,-2.9,40,0,0,500,1000000,35,-963411,23909680,719,981250,-71179712
20:37:41.372,0,-4.1,40,0,0,500,1000000,66,-986149,23904164,106,978549,-71173880
20:37:41.377,0,-5.2,40,0,0,500,1000000,0,-971379,23899676,595,956129,-71169984
20:37:41.383,0,-6.4,40,0,0,500,1000000,29,-993222,23894144,-260,1012227,-71163904
20:37:41.388,0,-6.8,40,0,0,500,1000000,-26,-1002395,23889480,750,973461,-71159936
20:37:41.393,0,-6.9,40,0,0,500,1000000,126,-1018747,23883844,76,974008,-71154264
20:37:41.398,0,-6.5,40,0,0,500,1000000,9,-1015677,23879134,404,996307,-71149120
20:37:41.403,0,-6.0,41,0,0,500,1000000,58,-1040628,23873304,-605,1052797,-71143864
20:37:41.408,0,-5.5,41,0,0,500,1000000,-55,-1025729,23868554,600,939246,-71139408
20:37:41.413,0,-4.9,41,0,0,500,1000000,14,-1018931,23863046,-802,1054342,-71134152
20:37:41.418,0,-4.5,41,0,0,500,1000000,-32,-1026890,23858268,1156,949709,-71129384
20:37:41.423,0,-4.1,41,0,0,500,1000000,54,-1024581,23852632,-558,1052968,-71124104
20:37:41.428,0,-3.6,41,0,0,500,1000000,-62,-1017361,23847964,899,924180,-71119712
20:37:41.433,0,-3.4,41,0,0,500,1000000,8,-1014445,23842388,-535,1079726,-71114232
20:37:41.438,0,-3.3,41,0,0,500,1000000,-30,-1006785,23837690,1051,909005,-71109568
20:37:41.443,0,-3.1,41,0,0,500,1000000,0,-965200,23832588,-601,1051364,-71103312
20:37:41.448,0,-2.9,41,0,0,500,1000000,-77,-957053,23828140,880,938094,-71099544
20:37:41.453,0,-2.8,41,0,0,500,1000000,-26,-944559,23823860,-555,1063559,-71093296
20:37:41.458,0,-2.6,41,0,0,500,1000000,-55,-950912,23818544,1155,901960,-71089872
20:37:41.463,0,-2.6,41,0,0,500,1000000,14,-943242,23814248,-198,1055626,-71083664
20:37:41.469,0,-3.1,41,0,0,500,1000000,27,-991484,23808576,328,955692,-71079560
20:37:41.474,0,-3.7,41,0,0,500,1000000,5,-982764,23804028,-289,1046423,-71073728
20:37:41.479,0,-4.4,41,0,0,500,1000000,-2,-1009485,23798392,1105,926390,-71068976
20:37:41.484,0,-5.1,40,0,0,500,1000000,-117,-1008163,23793704,-298,1063163,-71063776
20:37:41.489,0,-5.6,40,0,0,500,1000000,-19,-1036532,23787914,960,914038,-71059000
20:37:41.494,0,-5.6,40,0,0,500,1000000,-24,-1016068,23783192,400,991131,-71054488
20:37:41.499,0,-5.3,40,0,0,500,1000000,48,-1030145,23777528,12,988956,-71048544
20:37:41.504,0,-5.0,40,0,0,500,1000000,0,-998907,23773050,382,996009,-71044352
20:37:41.509,0,-4.5,40,0,0,500,1000000,93,-977593,23767800,500,937906,-71039016
20:37:41.514,0,-3.8,40,0,0,500,1000000,0,-952467,23763404,51,1024494,-71033448
20:37:41.519,0,-3.7,42,0,0,500,1000000,54,-992042,23757864,-442,1013091,-71028568
20:37:41.524,0,-3.8,42,0,0,500,1000000,-30,-981771,23753376,739,954885,-71023976
20:37:41.529,0,-4.1,42,0,0,500,1000000,45,-995557,23747906,-771,1040645,-71018704
20:37:41.534,0,-4.4,42,0,0,500,1000000,-38,-995736,23743240,627,979506,-71013936
20:37:41.539,0,-4.3,40,0,0,500,1000000,-23,-992331,23737776,-447,1027092,-71008864
20:37:41.544,0,-4.1,40,0,0,500,1000000,-61,-967249,23733352,887,952936,-71004224
20:37:41.550,0,-3.9,40,0,0,500,1000000,44,-975209,23728024,-690,1069605,-70998736
20:37:41.555,0,-3.7,40,0,0,500,1000000,-58,-971273,23723480,773,918100,-70994472
20:37:41.560,0,-3.8,40,0,0,500,1000000,17,-957933,23719084,-568,1049395,-70988168
20:37:41.565,0,-4.4,40,0,0,500,1000000,-28,-975824,23713652,1191,928161,-70984560
20:37:41.570,0,-5.0,40,0,0,500,1000000,-20,-973336,23709192,-265,1065359,-70978104
20:37:41.575,0,-5.7,40,0,0,500,1000000,-69,-985230,23703652,885,899523,-70974776
20:37:41.580,0,-6.3,40,0,0,500,1000000,10,-973085,23699170,-122,1052537,-70968624
20:37:41.585,0,-6.6,40,0,0,500,1000000,128,-1023018,23693396,209,967802,-70964352
20:37:41.590,0,-6.5,40,0,0,500,1000000,-26,-1014612,23688756,79,1010107,-70959024
20:37:41.595,0,-6.2,40,0,0,500,1000000,157,-1041440,23682972,468,950888,-70953712
20:37:41.600,0,-5.9,40,0,0,500,1000000,0,-1031151,23678130,9,1025065,-70949072
20:37:41.605,0,-5.1,42,0,0,500,1000000,153,-1027316,23672520,481,941571,-70943736
20:37:41.610,0,-4.6,42,0,0,500,1000000,-31,-990450,23668056,-26,1018853,-70938224
20:37:41.615,0,-4.0,42,0,0,500,1000000,36,-999320,23662656,-73,1001636,-70933448
20:37:41.620,0,-3.5,42,0,0,500,1000000,-49,-980726,23658076,147,1012408,-70928280
20:37:41.625,0,-3.4,42,0,0,500,1000000,96,-987259,23652616,8,983598,-70923648
20:37:41.631,0,-3.8,42,0,0,500,1000000,7,-981835,23648120,257,1014150,-70918352
20:37:41.636,0,-4.4,42,0,0,500,1000000,67,-1001267,23642520,-147,998651,-70913576
20:37:41.641,0,-5.0,42,0,0,500,1000000,-29,-974863,23638068,468,983969,-70908640
20:37:41.651,0,-5.6,40,0,0,500,1000000,-58,-976757,23626532,-193,1050251,-70897192
20:37:41.656,0,-5.4,40,0,0,500,1000000,46,-987106,23621864,858,902478,-70892648
20:37:41.661,0,-5.2,40,0,0,500,1000000,-1,-977273,23616574,-51,1027904,-70887672
20:37:41.661,0,-5.2,40,0,0,500,1000000,67,-1001814,23613452,-604,1039747,-70883704
20:37:41.666,0,-5.2,41,0,0,500,1000000,-23,-995672,23607992,706,959539,-70879136
20:37:41.671,0,-5.1,41,0,0,500,1000000,31,-994179,23603386,-605,1034361,-70873864
20:37:41.677,0,-5.0,41,0,0,500,1000000,-25,-993933,23597934,904,969607,-70869144
20:37:41.682,0,-5.0,41,0,0,500,1000000,31,-1007732,23593128,-622,1046907,-70863792
20:37:41.687,0,-4.7,41,0,0,500,1000000,-41,-998380,23587758,789,919137,-70859544
20:37:41.692,0,-4.4,41,0,0,500,1000000,12,-1001645,23583098,-524,1083736,-70852872
20:37:41.697,0,-4.1,41,0,0,500,1000000,-29,-1010522,23577508,935,924230,-70849272
20:37:41.702,0,-3.9,41,0,0,500,1000000,13,-983965,23573036,-363,1056787,-70843192
20:37:41.707,0,-3.8,41,0,0,500,1000000,-37,-984485,23567646,894,920655,-70839488
20:37:41.712,0,-3.9,41,0,0,500,1000000,-63,-979692,23563104,-329,1063199,-70833360
20:37:41.717,0,-4.1,41,0,0,500,1000000,33,-1006666,23557492,1019,902765,-70828680
20:37:41.722,0,-4.1,41,0,0,500,1000000,-46,-996092,23552884,581,985325,-70824240
20:37:41.727,0,-4.2,40,0,0,500,1000000,29,-1032336,23547056,-330,1010130,-70818112
20:37:41.733,0,-4.2,40,0,0,500,1000000,-47,-1018711,23542408,798,954531,-70814328
20:37:41.738,0,-4.3,40,0,0,500,1000000,32,-1007385,23536836,-266,1008535,-70808248
20:37:41.743,0,-4.1,40,0,0,500,1000000,-31,-993068,23532312,1001,959496,-70804352
20:37:41.748,0,-3.9,40,0,0,500,1000000,2,-991014,23526924,-313,1004495,-70798200
20:37:41.753,0,-3.6,40,0,0,500,1000000,0,-961336,23522530,851,924351,-70794680
20:37:41.758,0,-3.0,40,0,0,500,1000000,-8,-953552,23518144,-533,1065715,-70788096
20:37:41.763,0,-2.8,40,0,0,500,1000000,-4,-962133,23512810,1026,928962,-70783664
20:37:41.768,0,-2.9,41,0,0,500,1000000,-5,-942495,23508500,-483,1054896,-70778352
20:37:41.773,0,-3.2,41,0,0,500,1000000,-64,-943781,23503304,742,919938,-70773880
20:37:41.778,0,-3.9,41,0,0,500,1000000,72,-967198,23497908,-641,1058330,-70767312
20:37:41.783,0,-4.8,41,0,0,500,1000000,-94,-993042,23493128,953,899218,-70764040
20:37:41.789,0,-5.4,41,0,0,500,1000000,33,-1005470,23487610,-574,1056423,-70757736
20:37:41.794,0,-5.9,41,0,0,500,1000000,-247,-1040199,23482652,1034,933211,-70753976
20:37:41.799,0,-6.1,41,0,0,500,1000000,-135,-1027734,23477912,-361,1061360,-70748832
20:37:41.804,0,-5.9,41,0,0,500,1000000,-71,-1019271,23472344,925,903621,-70744240
20:37:41.809,0,-5.3,41,0,0,500,1000000,-29,-995598,23467806,-435,1072573,-70737920
20:37:41.814,0,-4.5,41,0,0,500,1000000,134,-1005346,23462204,244,957955,-70733824
20:37:41.819,0,-3.7,41,0,0,500,1000000,34,-975599,23457842,14,1011569,-70728456
20:37:41.824,0,-3.1,41,0,0,500,1000000,111,-988521,23452404,-24,996733,-70723720
20:37:41.829,0,-2.9,41,0,0,500,1000000,21,-972834,23447918,80,1020723,-70718432
20:37:41.834,0,-3.8,41,0,0,500,1000000,148,-973662,23442536,-153,987579,-70713800
20:37:41.839,0,-4.3,41,0,0,500,1000000,-39,-944115,23438248,583,964068,-70708960
20:37:41.844,0,-4.7,40,0,0,500,1000000,48,-964647,23432936,-627,1055545,-70703592
20:37:41.849,0,-4.8,40,0,0,500,1000000,-34,-969211,23428368,813,948289,-70699152
20:37:41.855,0,-4.8,40,0,0,500,1000000,30,-986132,23422952,-204,1013394,-70693096
20:37:41.860,0,-4.8,40,0,0,500,1000000,-2,-993069,23418272,918,954533,-70689256
20:37:41.865,0,-4.9,40,0,0,500,1000000,33,-1008349,23412720,-526,1027540,-70682920
20:37:41.870,0,-4.8,40,0,0,500,1000000,-10,-999910,23408076,693,914872,-70679568
20:37:41.875,0,-4.8,40,0,0,500,1000000,32,-1011974,23402540,-624,1077582,-70672968
20:37:41.880,0,-4.7,40,0,0,500,1000000,33,-1029524,23397644,1035,920094,-70668544
20:37:41.885,0,-4.4,42,0,0,500,1000000,-99,-1020751,23392922,-257,1048045,-70663328
20:37:41.890,0,-4.2,42,0,0,500,1000000,-72,-1029611,23387232,1175,928814,-70658600
20:37:41.895,0,-4.2,42,0,0,500,1000000,-79,-1014970,23382556,-470,1072437,-70653304
20:37:41.900,0,-4.1,42,0,0,500,1000000,-13,-1003961,23377016,1048,908734,-70648640
20:37:41.905,0,-3.9,41,0,0,500,1000000,-7,-965376,23372746,230,1001433,-70643944
20:37:41.910,0,-3.7,41,0,0,500,1000000,58,-973755,23367408,73,979574,-70638184
20:37:41.916,0,-3.6,41,0,0,500,1000000,-25,-955014,23362956,373,997331,-70633880
20:37:41.921,0,-3.5,41,0,0,500,1000000,44,-967738,23357564,592,936420,-70628640
20:37:41.926,0,-3.7,41,0,0,500,1000000,-192,-963963,23353160,-15,1031268,-70622992
20:37:41.931,0,-4.3,41,0,0,500,1000000,53,-1005296,23347462,-159,1008093,-70618128
20:37:41.936,0,-4.9,41,0,0,500,1000000,-13,-997212,23342824,492,974731,-70613304
20:37:41.941,0,-5.5,41,0,0,500,1000000,52,-1016974,23337168,-438,1047574,-70608176
20:37:41.946,0,-6.0,40,0,0,500,1000000,-61,-1028416,23332364,903,965754,-70603344
20:37:41.951,0,-6.1,40,0,0,500,1000000,15,-1026890,23326776,-628,1033150,-70598256
20:37:41.956,0,-5.5,40,0,0,500,1000000,-67,-1009270,23322124,923,957408,-70593624
20:37:41.961,0,-4.9,40,0,0,500,1000000,21,-1000780,23317496,-779,1069317,-70588080
20:37:41.966,0,-4.0,42,0,0,500,1000000,-10,-962227,23312280,798,924326,-70583792
20:37:41.971,0,-3.1,42,0,0,500,1000000,42,-938202,23307276,-712,1044636,-70577352
20:37:41.976,0,-2.8,42,0,0,500,1000000,-25,-934887,23302916,924,959180,-70572728
20:37:41.982,0,-2.9,42,0,0,500,1000000,80,-956079,23297592,-418,1026602,-70567504
20:37:41.987,0,-3.5,42,0,0,500,1000000,42,-971532,23293036,782,943720,-70563016
20:37:41.992,0,-4.4,42,0,0,500,1000000,44,-1019675,23287266,-655,1060552,-70557648
20:37:41.997,0,-5.6,42,0,0,500,1000000,-42,-1044820,23282318,1150,932381,-70554048
20:37:42.002,0,-6.4,42,0,0,500,1000000,-36,-1043490,23277468,-545,1038291,-70547808
20:37:42.007,0,-6.6,39,0,0,500,1000000,-62,-1041618,23271688,1093,948078,-70543200
20:37:42.012,0,-6.4,39,0,0,500,1000000,61,-1035727,23266956,-623,1075894,-70537648
20:37:42.017,0,-5.3,39,0,0,500,1000000,-11,-1017541,23260460,634,924366,-70532272
20:37:42.022,0,-3.9,39,0,0,500,1000000,-2,-995558,23255984,-615,1078067,-70526816
20:37:42.027,0,-2.6,42,0,0,500,1000000,142,-989672,23251376,263,955787,-70522880
20:37:42.032,0,-1.8,42,0,0,500,1000000,-38,-941923,23247244,86,1017844,-70518280
20:37:42.037,0,-1.3,42,0,0,500,1000000,20,-920342,23242290,685,925544,-70513168
20:37:42.042,0,-1.3,42,0,0,500,1000000,0,-901844,23238112,-76,1039953,-70507408
20:37:42.047,0,-1.7,42,0,0,500,1000000,199,-950481,23232760,41,980513,-70502864
20:37:42.052,0,-2.4,42,0,0,500,1000000,65,-961362,23228228,506,977218,-70497944
20:37:42.057,0,-3.5,42,0,0,500,1000000,62,-1023115,23222458,-345,1040361,-70492784
20:37:42.062,0,-4.8,42,0,0,500,1000000,2,-1053328,23217380,461,984958,-70487864
20:37:42.067,0,-6.1,40,0,0,500,1000000,5,-1060433,23212416,-437,1017015,-70482904
20:37:42.072,0,-6.4,40,0,0,500,1000000,-102,-1045921,23206662,880,962586,-70478184
20:37:42.078,0,-6.2,40,0,0,500,1000000,42,-1044378,23201876,-731,1078861,-70472632
20:37:42.083,0,-5.0,40,0,0,500,1000000,-39,-1015933,23196396,736,892527,-70468568
20:37:42.088,0,-3.4,41,0,0,500,1000000,-102,-984964,23191928,-769,1081970,-70461896
20:37:42.093,0,-2.1,41,0,0,500,1000000,-28,-972239,23186568,826,928558,-70458224
20:37:42.098,0,-1.2,41,0,0,500,1000000,67,-927454,23182432,-291,1064809,-70452056
20:37:42.103,0,-0.9,41,0,0,500,1000000,40,-917925,23177520,878,919288,-70448312
20:37:42.108,0,-1.2,41,0,0,500,1000000,138,-907179,23173284,14,1027270,-70442608
20:37:42.113,0,-2.1,41,0,0,500,1000000,204,-969963,23167770,160,987092,-70438128
20:37:42.118,0,-3.4,41,0,0,500,1000000,-28,-979316,23163222,228,996501,-70432968
20:37:42.123,0,-5.0,41,0,0,500,1000000,160,-1038461,23157288,152,973060,-70427456
20:37:42.128,0,-6.3,40,0,0,500,1000000,-168,-1044986,23152440,92,1015050,-70422960
20:37:42.133,0,-7.2,40,0,0,500,1000000,196,-1052556,23146664,224,950971,-70417576
20:37:42.138,0,-7.1,40,0,0,500,1000000,-175,-1036063,23141900,960,964001,-70413432
20:37:42.143,0,-6.3,40,0,0,500,1000000,-28,-1037922,23136234,-799,1059946,-70406816
20:37:42.148,0,-5.0,42,0,0,500,1000000,-75,-1010793,23131672,904,877319,-70403760
20:37:42.153,0,-3.4,42,0,0,500,1000000,-51,-970267,23126528,-559,1075809,-70397184
20:37:42.158,0,-2.1,42,0,0,500,1000000,-51,-945253,23120586,957,913371,-70391496
20:37:42.164,0,-1.4,42,0,0,500,1000000,-79,-903399,23116538,-198,1050855,-70386408
20:37:42.169,0,-1.1,42,0,0,500,1000000,-3,-899964,23111564,961,899934,-70381784
20:37:42.174,0,-1.4,42,0,0,500,1000000,26,-903126,23107414,135,1025463,-70376904
20:37:42.179,0,-2.3,42,0,0,500,1000000,85,-987599,23101584,757,935450,-70371624
20:37:42.184,0,-5.4,39,0,0,500,1000000,68,-997810,23097028,-39,1023952,-70366032
20:37:42.189,0,-6.9,39,0,0,500,1000000,7,-1041802,23092816,-107,1021528,-70362304
20:37:42.194,0,-8.1,39,0,0,500,1000000,-19,-1066510,23086840,824,966786,-70358376
20:37:42.199,0,-8.1,39,0,0,500,1000000,-2,-1066836,23081938,-259,995310,-70352408
20:37:42.204,0,-7.2,41,0,0,500,1000000,-65,-1045608,23076208,877,959695,-70347624
20:37:42.209,0,-5.8,41,0,0,500,1000000,0,-1036520,23071490,-541,1106711,-70341840
20:37:42.215,0,-4.0,41,0,0,500,1000000,-49,-1024616,23065900,983,893519,-70338520
20:37:42.220,0,-2.7,41,0,0,500,1000000,-25,-980926,23061512,399,1000804,-70332968
20:37:42.225,0,-2.0,41,0,0,500,1000000,28,-978038,23056970,-512,1026342,-70326840
20:37:42.230,0,-1.9,41,0,0,500,1000000,-25,-939151,23051940,861,924643,-70323296
20:37:42.235,0,-2.1,41,0,0,500,1000000,52,-913476,23047082,-434,1031621,-70317000
20:37:42.240,0,-3.0,41,0,0,500,1000000,3,-909385,23042842,916,919429,-70313608
20:37:42.245,0,-4.0,41,0,0,500,1000000,32,-929956,23038504,-274,1059237,-70307040
20:37:42.250,0,-5.3,41,0,0,500,1000000,-28,-979625,23032848,896,898658,-70303688
20:37:42.255,0,-6.8,41,0,0,500,1000000,30,-996094,23028212,-372,1060974,-70297400
20:37:42.260,0,-7.9,41,0,0,500,1000000,-31,-1058416,23022092,1129,934038,-70292616
20:37:42.265,0,-8.5,43,0,0,500,1000000,15,-1045518,23017256,-315,1053480,-70287416
20:37:42.270,0,-7.9,43,0,0,500,1000000,-72,-1042239,23011472,1162,915653,-70282848
20:37:42.275,0,-6.9,43,0,0,500,1000000,-135,-1025091,23006766,-427,1078855,-70277464
20:37:42.280,0,-5.1,43,0,0,500,1000000,57,-1022537,23001174,804,916775,-70272576
20:37:42.285,0,-3.4,43,0,0,500,1000000,-55,-986441,22996716,702,949537,-70268384
20:37:42.290,0,-2.1,43,0,0,500,1000000,13,-977780,22991434,-752,1076403,-70261696
20:37:42.295,0,-1.5,43,0,0,500,1000000,-68,-957418,22987096,936,910355,-70258320
20:37:42.301,0,-1.3,43,0,0,500,1000000,69,-925341,22982128,-686,1056508,-70251984
20:37:42.306,0,-1.7,40,0,0,500,1000000,-42,-932511,22977792,987,921693,-70247672
20:37:42.311,0,-2.6,40,0,0,500,1000000,101,-957473,22972450,-383,1066482,-70242192
20:37:42.316,0,-3.6,40,0,0,500,1000000,-16,-999480,22967648,940,913698,-70237816
20:37:42.321,0,-4.9,40,0,0,500,1000000,-32,-1024183,22961912,-204,1054203,-70232520
20:37:42.326,0,-6.0,43,0,0,500,1000000,-14,-1071050,22956692,1061,935651,-70227736
20:37:42.331,0,-6.5,43,0,0,500,1000000,-52,-1057219,22950900,-430,1055611,-70222496
20:37:42.336,0,-6.1,43,0,0,500,1000000,4,-1050205,22946080,959,918216,-70217816
20:37:42.341,0,-5.1,43,0,0,500,1000000,-100,-1023707,22940588,-538,1077721,-70211440
20:37:42.346,0,-3.7,43,0,0,500,1000000,-90,-1016359,22935872,98,969515,-70207208
20:37:42.351,0,-2.2,43,0,0,500,1000000,-24,-977515,22931464,812,970477,-70202368
20:37:42.356,0,-1.2,43,0,0,500,1000000,-12,-966463,22926184,-549,1088591,-70196736
20:37:42.361,0,-0.9,43,0,0,500,1000000,-22,-952548,22921836,746,898803,-70192480
20:37:42.366,0,-1.0,39,0,0,500,1000000,-19,-917909,22916912,-414,1059661,-70187232
20:37:42.372,0,-1.6,39,0,0,500,1000000,34,-931817,22912504,1030,911209,-70182608
20:37:42.377,0,-2.6,39,0,0,500,1000000,-11,-933247,22907418,-132,1046861,-70177576
20:37:42.382,0,-3.4,39,0,0,500,1000000,-26,-980888,22902628,1011,910026,-70172688
20:37:42.387,0,-4.5,41,0,0,500,1000000,-41,-985761,22897164,-80,1040614,-70166856
20:37:42.392,0,-5.3,41,0,0,500,1000000,80,-1042123,22892078,44,985123,-70162312
20:37:42.397,0,-5.9,41,0,0,500,1000000,-2,-1034478,22886416,36,1020160,-70156992
20:37:42.402,0,-6.0,41,0,0,500,1000000,79,-1045143,22881568,-45,981669,-70152472
20:37:42.407,0,-5.7,41,0,0,500,1000000,-65,-1027011,22875948,-52,1034622,-70147008
20:37:42.412,0,-5.0,41,0,0,500,1000000,125,-1029721,22871128,-63,983423,-70142512
20:37:42.417,0,-3.9,41,0,0,500,1000000,-7,-990776,22865848,754,966814,-70137592
20:37:42.422,0,-3.1,41,0,0,500,1000000,52,-990012,22861244,-740,1054161,-70132112
20:37:42.427,0,-2.6,41,0,0,500,1000000,-9,-952580,22856142,839,951888,-70127600
20:37:42.432,0,-2.3,43,0,0,500,1000000,20,-928167,22851864,-203,1001586,-70121544
20:37:42.437,0,-2.5,43,0,0,500,1000000,-19,-909944,22847746,899,932060,-70117944
20:37:42.442,0,-3.1,43,0,0,500,1000000,94,-936292,22842526,-451,1043315,-70111480
20:37:42.448,0,-4.0,43,0,0,500,1000000,-44,-962930,22837886,747,919034,-70108048
20:37:42.453,0,-5.1,38,0,0,500,1000000,66,-988191,22832424,-432,1043704,-70101792
20:37:42.458,0,-6.4,38,0,0,500,1000000,-30,-1029549,22827416,974,962103,-70096960
20:37:42.463,0,-7.5,38,0,0,500,1000000,33,-1036212,22821740,-551,1051276,-70091704
20:37:42.468,0,-7.7,38,0,0,500,1000000,-103,-1027493,22816964,931,922273,-70087376
20:37:42.473,0,-7.3,38,0,0,500,1000000,-14,-1023209,22811408,-572,1087939,-70081768
20:37:42.478,0,-6.3,38,0,0,500,1000000,52,-1040043,22806464,897,918742,-70077128
20:37:42.483,0,-5.0,38,0,0,500,1000000,-5,-1016390,22801000,736,989767,-70072600
20:37:42.488,0,-3.9,38,0,0,500,1000000,44,-1022758,22796212,-126,1009274,-70066536
20:37:42.493,0,-3.4,43,0,0,500,1000000,-10,-991449,22790878,245,1008124,-70061416
20:37:42.498,0,-3.2,43,0,0,500,1000000,30,-973708,22786422,-6,983251,-70056816
20:37:42.503,0,-3.2,43,0,0,500,1000000,3,-936113,22781432,706,977579,-70051872
20:37:42.508,0,-3.6,43,0,0,500,1000000,63,-953871,22777012,-571,1041937,-70046576
20:37:42.513,0,-3.9,40,0,0,500,1000000,-24,-957742,22771642,664,948115,-70042072
20:37:42.518,0,-4.6,40,0,0,500,1000000,56,-974427,22767122,-459,1036630,-70036904
20:37:42.523,0,-5.4,40,0,0,500,1000000,-17,-1004486,22761408,897,965532,-70032184
20:37:42.529,0,-6.4,40,0,0,500,1000000,12,-1019280,22755736,-124,1005186,-70026144
20:37:42.534,0,-6.9,40,0,0,500,1000000,-48,-1005535,22751160,625,968964,-70021336
20:37:42.539,0,-7.0,40,0,0,500,1000000,24,-1018300,22745588,-587,1067862,-70015920
20:37:42.544,0,-6.7,40,0,0,500,1000000,-61,-1027828,22740794,983,931593,-70011504
20:37:42.549,0,-5.9,40,0,0,500,1000000,4,-1019260,22735216,-652,1058425,-70006136
20:37:42.554,0,-5.1,40,0,0,500,1000000,-33,-1015971,22730464,1103,929971,-70002424
20:37:42.559,0,-4.4,40,0,0,500,1000000,65,-996645,22725960,-465,1081820,-69995952
20:37:42.564,0,-3.7,40,0,0,500,1000000,-50,-971194,22720660,856,901186,-69992472
20:37:42.569,0,-3.0,40,0,0,500,1000000,6,-940457,22716396,484,989930,-69987080
20:37:42.574,0,-2.6,39,0,0,500,1000000,42,-952510,22711924,-653,1057495,-69981584
20:37:42.579,0,-2.4,39,0,0,500,1000000,-18,-949637,22706778,663,919488,-69977480
20:37:42.584,0,-2.8,39,0,0,500,1000000,46,-954681,22702328,-769,1043595,-69971000
20:37:42.589,0,-3.7,39,0,0,500,1000000,26,-991666,22696740,1007,926032,-69967552
20:37:42.594,0,-4.4,39,0,0,500,1000000,1,-996690,22692076,-491,1061228,-69961024
20:37:42.599,0,-5.1,39,0,0,500,1000000,38,-1016639,22686332,883,900555,-69957728
20:37:42.604,0,-5.4,39,0,0,500,1000000,-28,-1007724,22681676,-423,1076098,-69951424
20:37:42.609,0,-5.2,42,0,0,500,1000000,109,-1046057,22675734,270,953373,-69947272
20:37:42.615,0,-4.6,42,0,0,500,1000000,-66,-1027580,22671152,775,967162,-69942328
20:37:42.620,0,-3.8,42,0,0,500,1000000,28,-1029814,22665460,-614,1031811,-69935976
20:37:42.625,0,-3.1,42,0,0,500,1000000,-69,-1009042,22660808,888,938106,-69932448
20:37:42.630,0,-2.3,41,0,0,500,1000000,29,-972755,22655580,-638,1021341,-69926096
20:37:42.635,0,-1.7,41,0,0,500,1000000,-37,-939605,22651384,713,901956,-69922832
20:37:42.640,0,-1.4,41,0,0,500,1000000,24,-927937,22646396,-457,1097322,-69916016
20:37:42.645,0,-1.5,41,0,0,500,1000000,-12,-953457,22641838,1094,899382,-69912656
20:37:42.650,0,-2.0,41,0,0,500,1000000,66,-940742,22636696,246,1005793,-69907080
20:37:42.655,0,-3.1,41,0,0,500,1000000,62,-993631,22631928,-203,1008534,-69902184
20:37:42.660,0,-4.3,41,0,0,500,1000000,-15,-991031,22626476,131,1008528,-69897088
20:37:42.665,0,-4.9,41,0,0,500,1000000,126,-1003312,22621756,314,949332,-69891664
20:37:42.670,0,-5.4,40,0,0,500,1000000,-24,-980683,22616416,264,1002476,-69887272
20:37:42.675,0,-5.2,40,0,0,500,1000000,119,-1006471,22611628,300,954723,-69881728
20:37:42.680,0,-4.7,40,0,0,500,1000000,-78,-982780,22607128,815,966064,-69877632
20:37:42.685,0,-4.5,40,0,0,500,1000000,236,-1010500,22600696,437,952003,-69871000
20:37:42.690,0,-4.6,40,0,0,500,1000000,-27,-987839,22595306,174,1013254,-69866416
20:37:42.695,0,-4.7,40,0,0,500,1000000,146,-999340,22590660,545,940618,-69861136
20:37:42.700,0,-5.2,40,0,0,500,1000000,-20,-975865,22586212,-20,1025513,-69855528
20:37:42.706,0,-5.5,40,0,0,500,1000000,130,-1015070,22580556,76,985719,-69850936
20:37:42.711,0,-5.6,41,0,0,500,1000000,-32,-1009688,22576736,337,997875,-69846712
20:37:42.716,0,-5.5,41,0,0,500,1000000,136,-1022642,22571060,54,986517,-69842128
20:37:42.721,0,-5.2,41,0,0,500,1000000,7,-1010967,22566456,414,997437,-69837000
20:37:42.726,0,-4.8,41,0,0,500,1000000,31,-1019404,22560808,-487,1055176,-69831688
20:37:42.731,0,-4.2,41,0,0,500,1000000,-7,-994930,22556252,809,927190,-69827400
20:37:42.736,0,-3.7,41,0,0,500,1000000,33,-983194,22550898,-790,1062260,-69820784
20:37:42.742,0,-3.4,41,0,0,500,1000000,-21,-985883,22546328,1066,925907,-69817320
20:37:42.747,0,-3.1,41,0,0,500,1000000,8,-964025,22541164,-563,1049980,-69811000
20:37:42.752,0,-3.1,41,0,0,500,1000000,20,-964765,22536640,1172,924645,-69807472
20:37:42.757,0,-3.5,41,0,0,500,1000000,-28,-956818,22531468,-414,1067423,-69801064
20:37:42.762,0,-3.9,41,0,0,500,1000000,-22,-970273,22526856,933,915390,-69796640
20:37:42.767,0,-4.7,41,0,0,500,1000000,-17,-950053,22521830,-127,1035158,-69791648
20:37:42.772,0,-5.6,39,0,0,500,1000000,47,-991463,22516960,968,942390,-69786688
20:37:42.777,0,-6.5,39,0,0,500,1000000,5,-1003108,22511384,-216,1046621,-69781584
20:37:42.782,0,-7.0,39,0,0,500,1000000,-54,-1027782,22506520,937,923332,-69777032
20:37:42.787,0,-7.3,39,0,0,500,1000000,59,-1035072,22500800,-383,1066617,-69771672
20:37:42.792,0,-7.2,43,0,0,500,1000000,-40,-1060020,22495788,945,923486,-69766864
20:37:42.797,0,-6.6,43,0,0,500,1000000,-177,-1020800,22490296,-362,1049204,-69760816
20:37:42.802,0,-5.7,43,0,0,500,1000000,-69,-1021260,22485516,652,947196,-69756944
20:37:42.807,0,-4.8,43,0,0,500,1000000,-103,-1005136,22480898,-450,1069184,-69750680
20:37:42.812,0,-3.8,43,0,0,500,1000000,-17,-1010033,22475336,910,906158,-69747120
20:37:42.817,0,-3.2,43,0,0,500,1000000,18,-986768,22470836,-82,1034586,-69741328
20:37:42.823,0,-3.1,43,0,0,500,1000000,196,-1008742,22465244,-2,989104,-69736736
20:37:42.828,0,-3.3,43,0,0,500,1000000,-10,-973299,22460836,133,1022286,-69731440
20:37:42.833,0,-3.5,40,0,0,500,1000000,101,-967315,22455586,760,931188,-69726320
20:37:42.838,0,-3.8,40,0,0,500,1000000,23,-948194,22451244,-18,1032176,-69721488
20:37:42.843,0,-4.0,40,0,0,500,1000000,109,-977687,22445720,883,918682,-69716408
20:37:42.848,0,-4.0,40,0,0,500,1000000,96,-959057,22441388,230,998815,-69711856
20:37:42.853,0,-4.3,41,0,0,500,1000000,218,-993444,22435792,186,967600,-69706296
20:37:42.858,0,-4.6,41,0,0,500,1000000,43,-989401,22431240,70,1018008,-69701752
20:37:42.863,0,-4.8,41,0,0,500,1000000,5,-1001212,22425662,749,927998,-69696624
20:37:42.868,0,-4.9,41,0,0,500,1000000,1,-981952,22421160,25,1030312,-69690928
20:37:42.873,0,-4.9,41,0,0,500,1000000,67,-1018328,22415476,12,986217,-69686304
20:37:42.878,0,-4.5,41,0,0,500,1000000,-62,-1008069,22410872,473,990199,-69681264
20:37:42.883,0,-4.0,41,0,0,500,1000000,13,-1020458,22405144,-516,1018407,-69676240
20:37:42.888,0,-3.7,41,0,0,500,1000000,-21,-1008278,22400472,327,991156,-69671296
20:37:42.893,0,-3.4,40,0,0,500,1000000,40,-995229,22395096,-522,1033168,-69666120
20:37:42.898,0,-3.1,40,0,0,500,1000000,-49,-965911,22390756,673,923725,-69661848
20:37:42.903,0,-2.9,40,0,0,500,1000000,49,-968360,22385432,-525,1092390,-69656240
20:37:42.908,0,-2.8,40,0,0,500,1000000,-19,-994685,22380658,1055,897857,-69651888
20:37:42.914,0,-3.0,40,0,0,500,1000000,-9,-979734,22376216,-383,1060907,-69645632
20:37:42.919,0,-3.2,40,0,0,500,1000000,170,-1024700,22370380,322,952665,-69641512
20:37:42.924,0,-3.9,40,0,0,500,1000000,-74,-1013649,22365486,-322,1060046,-69635584
20:37:42.929,0,-4.1,40,0,0,500,1000000,-46,-1011786,22359950,624,930448,-69631688
20:37:42.934,0,-4.0,40,0,0,500,1000000,10,-969878,22355598,110,1019208,-69626136
20:37:42.939,0,-3.8,40,0,0,500,1000000,46,-975536,22350268,-381,1018359,-69621104
20:37:42.944,0,-3.3,40,0,0,500,1000000,-46,-940524,22346006,560,984996,-69616016
20:37:42.949,0,-3.1,40,0,0,500,1000000,41,-937896,22341612,-124,1015750,-69611152
20:37:42.954,0,-3.5,41,0,0,500,1000000,35,-947779,22336362,571,990112,-69606192
20:37:42.959,0,-4.5,41,0,0,500,1000000,87,-976422,22331712,-80,1011381,-69601272
20:37:42.964,0,-5.8,41,0,0,500,1000000,-178,-966226,22326440,486,976161,-69596440
20:37:42.969,0,-8.2,40,0,0,500,1000000,55,-1001843,22321590,27,997198,-69590584
20:37:42.974,0,-8.6,40,0,0,500,1000000,-37,-1027768,22315836,355,996438,-69586264
20:37:42.979,0,-8.2,40,0,0,500,1000000,55,-1048233,22310948,106,967409,-69580880
20:37:42.984,0,-7.5,40,0,0,500,1000000,-19,-1045527,22305160,225,1006325,-69576440
20:37:42.989,0,-6.4,40,0,0,500,1000000,-14,-1065014,22300188,130,975866,-69570752
20:37:42.994,0,-5.2,40,0,0,500,1000000,-33,-1032357,22294582,257,992734,-69566456
20:37:42.999,0,-4.4,40,0,0,500,1000000,33,-1036118,22289748,64,987803,-69560744
20:37:43.005,0,-3.6,40,0,0,500,1000000,-59,-1006925,22284330,231,1006865,-69556296
20:37:43.010,0,-3.1,42,0,0,500,1000000,146,-999321,22279704,238,951877,-69550912
20:37:43.015,0,-2.9,42,0,0,500,1000000,-23,-955199,22274584,10,1020113,-69545408
20:37:43.020,0,-3.1,42,0,0,500,1000000,65,-972484,22269992,-251,1006437,-69540616
20:37:43.025,0,-3.6,42,0,0,500,1000000,13,-945760,22264964,196,1009206,-69535432
20:37:43.030,0,-4.4,39,0,0,500,1000000,117,-948548,22260552,144,979375,-69530944
20:37:43.035,0,-5.3,39,0,0,500,1000000,-58,-934066,22255444,357,1007462,-69525672
20:37:43.040,0,-6.0,39,0,0,500,1000000,187,-976029,22250808,-65,990162,-69521008
20:37:43.045,0,-6.4,39,0,0,500,1000000,-31,-970566,22246292,649,975599,-69516072
20:37:43.050,0,-6.6,39,0,0,500,1000000,41,-1001159,22240686,-433,1021705,-69511040
20:37:43.055,0,-6.6,39,0,0,500,1000000,25,-1010340,22235088,278,1003147,-69506008
20:37:43.060,0,-6.3,39,0,0,500,1000000,108,-1018063,22230314,405,946730,-69500616
20:37:43.065,0,-5.8,39,0,0,500,1000000,-34,-1002949,22225692,809,966440,-69496464
20:37:43.070,0,-5.3,42,0,0,500,1000000,28,-1029767,22219998,-709,1035848,-69490088
20:37:43.075,0,-4.6,42,0,0,500,1000000,-13,-1031096,22215152,741,930961,-69486584
20:37:43.090,0,-3.9,41,0,0,500,1000000,166,-1009186,22197564,294,957966,-69468872
20:37:43.096,0,-3.9,41,0,0,500,1000000,-130,-972551,22193240,611,957414,-69464864
20:37:43.096,0,-3.9,41,0,0,500,1000000,17,-974328,22189550,-621,1061478,-69460600
20:37:43.101,0,-3.9,41,0,0,500,1000000,-17,-991883,22184826,1132,927193,-69456032
20:37:43.106,0,-4.0,41,0,0,500,1000000,27,-986224,22179494,-483,1051159,-69450704
20:37:43.111,0,-4.1,41,0,0,500,1000000,-21,-1002596,22174716,937,930137,-69446120
20:37:43.116,0,-4.4,41,0,0,500,1000000,16,-1007805,22169214,-457,1074952,-69440696
20:37:43.121,0,-4.8,41,0,0,500,1000000,-73,-1002119,22164528,997,897002,-69436352
20:37:43.126,0,-4.8,41,0,0,500,1000000,-43,-964125,22159354,-287,1053675,-69430200
20:37:43.131,0,-4.7,40,0,0,500,1000000,129,-983288,22154744,202,964381,-69426008
20:37:43.136,0,-4.3,40,0,0,500,1000000,-125,-961836,22149570,-260,1048053,-69420224
20:37:43.141,0,-3.8,40,0,0,500,1000000,5,-980186,22144840,559,937628,-69416328
20:37:43.146,0,-3.5,40,0,0,500,1000000,13,-974141,22140328,-161,1052201,-69410384
20:37:43.151,0,-3.6,41,0,0,500,1000000,218,-1009767,22134742,238,965298,-69406040
20:37:43.156,0,-4.0,41,0,0,500,1000000,-36,-978699,22129430,453,983474,-69401032
20:37:43.161,0,-4.4,41,0,0,500,1000000,70,-995762,22124728,133,986187,-69395176
20:37:43.166,0,-4.8,41,0,0,500,1000000,75,-998442,22120112,483,986763,-69391072
20:37:43.171,0,-4.9,41,0,0,500,1000000,121,-1023989,22114392,190,970432,-69385408
20:37:43.176,0,-4.7,41,0,0,500,1000000,-159,-1016424,22109740,616,976094,-69381304
20:37:43.181,0,-4.4,41,0,0,500,1000000,68,-1035063,22103978,-227,1009866,-69375120
20:37:43.186,0,-4.1,41,0,0,500,1000000,-13,-1011620,22099328,373,994761,-69370128
20:37:43.192,0,-3.7,41,0,0,500,1000000,26,-1000467,22093944,-377,1020857,-69365184
20:37:43.197,0,-3.2,41,0,0,500,1000000,-31,-981027,22088628,358,997787,-69360120
20:37:43.202,0,-2.9,41,0,0,500,1000000,211,-983956,22083188,178,958632,-69354584
20:37:43.207,0,-2.4,41,0,0,500,1000000,-78,-964256,22079612,841,953123,-69350624
20:37:43.212,0,-2.2,41,0,0,500,1000000,44,-970236,22074260,-569,1021162,-69344256
20:37:43.217,0,-2.3,40,0,0,500,1000000,-7,-957107,22069040,794,942723,-69340656
20:37:43.222,0,-2.6,40,0,0,500,1000000,42,-949740,22064732,-230,1016656,-69334544
20:37:43.227,0,-3.1,40,0,0,500,1000000,-47,-944806,22060300,907,941108,-69330848
20:37:43.232,0,-3.8,40,0,0,500,1000000,35,-974538,22054924,-502,1065048,-69325408
20:37:43.237,0,-4.5,40,0,0,500,1000000,-48,-988910,22050216,718,921556,-69321032
20:37:43.242,0,-5.0,40,0,0,500,1000000,38,-1003831,22044714,-750,1047430,-69314656
20:37:43.247,0,-5.4,40,0,0,500,1000000,-37,-1025607,22039802,1056,941175,-69311040
20:37:43.252,0,-5.7,40,0,0,500,1000000,-29,-1018645,22034212,-568,1043409,-69304664
20:37:43.257,0,-5.6,40,0,0,500,1000000,-38,-1008573,22029588,965,915256,-69301248
20:37:43.262,0,-5.2,40,0,0,500,1000000,-60,-1000887,22024112,-407,1081779,-69294728
20:37:43.267,0,-4.7,40,0,0,500,1000000,-36,-1021332,22019240,983,897702,-69290384
20:37:43.272,0,-4.1,40,0,0,500,1000000,-3,-993063,22013924,228,1008982,-69285560
20:37:43.277,0,-3.8,40,0,0,500,1000000,207,-1020338,22009066,162,969595,-69279928
20:37:43.282,0,-3.7,40,0,0,500,1000000,-21,-1001779,22004518,362,991606,-69275648
20:37:43.288,0,-4.1,40,0,0,500,1000000,109,-993582,21999068,130,969191,-69270144
20:37:43.293,0,-4.2,40,0,0,500,1000000,-33,-967206,21994652,707,946981,-69266216
20:37:43.298,0,-4.4,40,0,0,500,1000000,25,-983537,21989256,-434,1074171,-69259552
20:37:43.303,0,-4.6,40,0,0,500,1000000,-34,-985477,21984622,782,894056,-69255496
20:37:43.308,0,-4.4,40,0,0,500,1000000,49,-967958,21979416,-317,1054518,-69250200
20:37:43.313,0,-4.3,40,0,0,500,1000000,21,-995720,21974580,1024,930531,-69245368
20:37:43.318,0,-4.2,41,0,0,500,1000000,-2,-972804,21969356,-295,1056032,-69240264
20:37:43.323,0,-4.3,41,0,0,500,1000000,31,-991142,21964650,1048,905030,-69235592
20:37:43.328,0,-4.2,41,0,0,500,1000000,-55,-980474,21959346,212,1023537,-69230760
20:37:43.333,0,-4.4,41,0,0,500,1000000,36,-1024485,21954392,75,969584,-69225096
20:37:43.338,0,-4.5,41,0,0,500,1000000,-48,-1001256,21948904,682,939257,-69220472
20:37:43.343,0,-4.6,41,0,0,500,1000000,25,-996153,21944364,-767,1076694,-69214856
20:37:43.348,0,-4.5,41,0,0,500,1000000,-81,-977328,21938976,979,919119,-69210504
20:37:43.353,0,-4.3,41,0,0,500,1000000,-20,-932621,21934770,-483,1070355,-69204984
20:37:43.358,0,-3.8,41,0,0,500,1000000,-46,-921439,21930564,923,896574,-69200680
20:37:43.363,0,-3.2,41,0,0,500,1000000,-86,-907053,21925628,-253,1055807,-69195424
20:37:43.368,0,-3.2,41,0,0,500,1000000,49,-950857,21920998,1019,902856,-69190672
20:37:43.373,0,-3.4,41,0,0,500,1000000,0,-956352,21915696,354,995942,-69186048
20:37:43.379,0,-4.4,41,0,0,500,1000000,204,-1031756,21910662,177,977909,-69180472
20:37:43.384,0,-5.6,41,0,0,500,1000000,-46,-1047092,21904776,-239,1046971,-69174752
20:37:43.389,0,-7.1,41,0,0,500,1000000,72,-1071957,21899668,528,942303,-69170744
20:37:43.394,0,-8.1,41,0,0,500,1000000,-112,-1065790,21893864,-109,1045252,-69164968
20:37:43.399,0,-8.4,42,0,0,500,1000000,-20,-1090074,21888604,-179,998952,-69160328
20:37:43.404,0,-8.0,42,0,0,500,1000000,-61,-1055259,21882946,441,980770,-69155424
20:37:43.409,0,-6.5,42,0,0,500,1000000,-37,-1039869,21877336,-351,1008576,-69149288
20:37:43.414,0,-4.9,42,0,0,500,1000000,-23,-985790,21872932,674,979424,-69145264
20:37:43.419,0,-3.3,42,0,0,500,1000000,15,-941008,21868742,-28,985421,-69139408
20:37:43.424,0,-1.9,42,0,0,500,1000000,-11,-889382,21864060,761,937197,-69135704
20:37:43.429,0,-0.9,42,0,0,500,1000000,23,-882795,21860000,-534,1087061,-69130016
20:37:43.434,0,-0.4,42,0,0,500,1000000,-58,-901933,21855686,938,898506,-69125856
20:37:43.439,0,-1.3,41,0,0,500,1000000,-2,-916489,21850664,-315,1051243,-69119616
20:37:43.444,0,-2.7,41,0,0,500,1000000,82,-999772,21845652,925,942429,-69115808
20:37:43.449,0,-4.9,41,0,0,500,1000000,-67,-1031286,21839832,-503,1061179,-69109552
20:37:43.454,0,-6.7,42,0,0,500,1000000,-59,-1058743,21833900,928,913080,-69105168
20:37:43.459,0,-7.9,42,0,0,500,1000000,-206,-1057227,21828984,-309,1065264,-69099880
20:37:43.464,0,-8.0,42,0,0,500,1000000,92,-1083281,21823812,538,931485,-69094896
20:37:43.469,0,-6.7,42,0,0,500,1000000,14,-1049593,21818192,499,984400,-69090496
20:37:43.475,0,-5.0,42,0,0,500,1000000,26,-1039808,21813404,-247,1005493,-69084440
20:37:43.480,0,-3.2,42,0,0,500,1000000,6,-990951,21808136,805,965128,-69080584
20:37:43.485,0,-1.8,42,0,0,500,1000000,18,-952352,21803802,-501,1004056,-69074448
20:37:43.490,0,-0.8,42,0,0,500,1000000,-2,-906851,21799000,796,903880,-69071096
20:37:43.495,0,-0.5,43,0,0,500,1000000,74,-894822,21794972,-520,1095534,-69064272
20:37:43.500,0,-0.6,43,0,0,500,1000000,-27,-910815,21789834,1032,884993,-69061128
20:37:43.505,0,-1.3,43,0,0,500,1000000,38,-908084,21785624,-98,1042521,-69055104
20:37:43.510,0,-2.3,43,0,0,500,1000000,45,-983037,21779960,1229,917059,-69050256
20:37:43.515,0,-4.1,43,0,0,500,1000000,-43,-994422,21775332,-240,1052324,-69045112
20:37:43.520,0,-5.6,43,0,0,500,1000000,-21,-1032490,21769516,1033,914553,-69040344
20:37:43.525,0,-6.7,43,0,0,500,1000000,-71,-1021765,21764792,37,1022241,-69035552
20:37:43.530,0,-7.3,43,0,0,500,1000000,11,-1049419,21759786,140,968403,-69029872
20:37:43.535,0,-6.6,39,0,0,500,1000000,-62,-1021430,21754284,804,952535,-69025896
20:37:43.540,0,-5.4,39,0,0,500,1000000,11,-1015991,21748780,-650,1030000,-69019544
20:37:43.545,0,-4.1,39,0,0,500,1000000,-16,-987909,21744264,812,933241,-69016040
20:37:43.550,0,-2.9,39,0,0,500,1000000,57,-952874,21739982,-603,1051534,-69009496
20:37:43.555,0,-2.1,42,0,0,500,1000000,-2,-925603,21734992,731,902086,-69005376
20:37:43.560,0,-1.8,42,0,0,500,1000000,-31,-917441,21730052,-380,1086482,-68999712
20:37:43.566,0,-1.9,42,0,0,500,1000000,5,-968523,21725300,1188,895706,-68995288
20:37:43.571,0,-2.8,42,0,0,500,1000000,-16,-965695,21720872,347,997361,-68990576
20:37:43.576,0,-3.9,40,0,0,500,1000000,192,-1034058,21714944,231,974273,-68985024
20:37:43.581,0,-5.4,40,0,0,500,1000000,15,-1045000,21709988,106,1020074,-68980512
20:37:43.586,0,-6.9,40,0,0,500,1000000,-27,-1067386,21703996,617,932436,-68975328
20:37:43.591,0,-7.2,40,0,0,500,1000000,-50,-1045928,21699210,17,1026079,-68969704
20:37:43.601,0,-6.0,40,0,0,500,1000000,-19,-1028867,21688684,776,947850,-68960232
20:37:43.611,0,-3.0,40,0,0,500,1000000,25,-997574,21682518,-231,1002560,-68952984
20:37:43.616,0,-1.9,43,0,0,500,1000000,-32,-940800,21677486,811,966867,-68949048
20:37:43.616,0,-1.9,43,0,0,500,1000000,11,-909759,21674186,-415,1074596,-68944776
20:37:43.621,0,-1.3,43,0,0,500,1000000,36,-886384,21670188,1084,889128,-68940584
20:37:43.626,0,-1.3,43,0,0,500,1000000,-2,-875188,21665436,-265,1079568,-68934096
20:37:43.631,0,-2.0,43,0,0,500,1000000,231,-951032,21660748,969,914980,-68930488
20:37:43.636,0,-3.4,43,0,0,500,1000000,-56,-956610,21655444,253,1000576,-68925024
20:37:43.641,0,-5.4,43,0,0,500,1000000,45,-1026754,21650458,-61,1012583,-68920272
20:37:43.646,0,-7.4,43,0,0,500,1000000,-12,-1062768,21644392,82,1017296,-68914960
20:37:43.651,0,-9.4,43,0,0,500,1000000,240,-1075665,21639330,511,939136,-68909832
20:37:43.656,0,-9.8,37,0,0,500,1000000,-37,-1052555,21633660,372,996060,-68905400
20:37:43.662,0,-9.4,37,0,0,500,1000000,38,-1063852,21628728,-429,1004698,-68899264
20:37:43.667,0,-7.8,37,0,0,500,1000000,-30,-1036980,21624046,689,918608,-68895760
20:37:43.672,0,-5.4,37,0,0,500,1000000,10,-1002785,21618652,-674,1068795,-68889184
20:37:43.677,0,-3.4,41,0,0,500,1000000,-46,-986404,21614088,1129,919597,-68885712
20:37:43.682,0,-2.0,41,0,0,500,1000000,-29,-932795,21609202,-390,1073704,-68879264
20:37:43.687,0,-1.2,41,0,0,500,1000000,-11,-922270,21604984,1071,889899,-68875904
20:37:43.692,0,-1.2,41,0,0,500,1000000,-73,-903918,21600024,-109,1046410,-68869928
20:37:43.697,0,-1.8,39,0,0,500,1000000,81,-963384,21595300,247,969375,-68865456
20:37:43.702,0,-2.7,39,0,0,500,1000000,7,-972842,21589948,129,1002046,-68860216
20:37:43.707,0,-4.1,39,0,0,500,1000000,55,-1030328,21584928,99,982475,-68854608
20:37:43.712,0,-5.5,39,0,0,500,1000000,-110,-1046338,21579112,42,1014705,-68850128
20:37:43.717,0,-6.9,39,0,0,500,1000000,103,-1052650,21574186,177,953109,-68844840
20:37:43.722,0,-7.3,39,0,0,500,1000000,-60,-1024500,21568680,710,978623,-68840568
20:37:43.727,0,-6.8,39,0,0,500,1000000,-5,-1032062,21563848,-580,1048546,-68834048
20:37:43.732,0,-5.7,39,0,0,500,1000000,-19,-1009449,21558376,660,930937,-68829736
20:37:43.737,0,-4.0,42,0,0,500,1000000,-9,-981719,21553928,-655,1070701,-68824256
20:37:43.742,0,-2.6,42,0,0,500,1000000,-38,-980589,21548474,1043,927148,-68819640
20:37:43.747,0,-1.8,42,0,0,500,1000000,-44,-946920,21544270,-452,1070894,-68814328
20:37:43.753,0,-1.5,42,0,0,500,1000000,-21,-931234,21539210,859,896178,-68810024
20:37:43.758,0,-1.6,39,0,0,500,1000000,-110,-916912,21534944,-105,1046696,-68804856
20:37:43.763,0,-2.1,39,0,0,500,1000000,237,-973226,21530246,945,925865,-68799840
20:37:43.768,0,-2.8,39,0,0,500,1000000,-13,-977426,21524824,181,1003115,-68795232
20:37:43.773,0,-3.7,39,0,0,500,1000000,112,-1029380,21519896,184,969271,-68789776
20:37:43.778,0,-4.6,39,0,0,500,1000000,-12,-1042845,21514044,-272,1052917,-68783960
20:37:43.783,0,-5.6,39,0,0,500,1000000,135,-1054448,21509146,351,942148,-68779920
20:37:43.788,0,-6.0,39,0,0,500,1000000,-73,-1023769,21503576,588,985958,-68774720
20:37:43.793,0,-5.7,39,0,0,500,1000000,17,-1023449,21498880,-720,1091935,-68769048
20:37:43.798,0,-5.0,43,0,0,500,1000000,-45,-1010296,21493368,847,878943,-68765168
20:37:43.803,0,-3.8,43,0,0,500,1000000,-88,-967850,21488970,-56,1035694,-68760064
20:37:43.808,0,-2.7,43,0,0,500,1000000,97,-969115,21483674,110,969759,-68754496
20:37:43.813,0,-1.8,43,0,0,500,1000000,-16,-926815,21479576,-26,1028101,-68749072
20:37:43.818,0,-1.5,41,0,0,500,1000000,182,-915191,21474654,372,944882,-68744800
20:37:43.823,0,-1.4,41,0,0,500,1000000,23,-894550,21470568,504,998507,-68739584
20:37:43.828,0,-2.0,41,0,0,500,1000000,89,-956847,21465166,-102,994233,-68734680
20:37:43.833,0,-2.8,41,0,0,500,1000000,-18,-973046,21460536,777,962411,-68730000
20:37:43.838,0,-4.1,41,0,0,500,1000000,-95,-1023886,21454738,-575,1035293,-68724784
20:37:43.843,0,-5.5,41,0,0,500,1000000,-22,-1047236,21449784,484,983774,-68719896
20:37:43.849,0,-6.7,41,0,0,500,1000000,17,-1056520,21443932,-570,1034364,-68714848
20:37:43.854,0,-7.5,41,0,0,500,1000000,33,-1037386,21439224,837,941090,-68710312
20:37:43.859,0,-7.1,41,0,0,500,1000000,16,-1034386,21433604,-574,1086791,-68704728
20:37:43.864,0,-6.4,41,0,0,500,1000000,-22,-1030621,21428776,1027,901021,-68700328
20:37:43.869,0,-5.0,41,0,0,500,1000000,-121,-992053,21423448,-308,1058196,-68694152
20:37:43.874,0,-3.7,41,0,0,500,1000000,23,-997388,21418768,517,945545,-68690080
20:37:43.879,0,-2.9,40,0,0,500,1000000,-97,-958216,21413672,-269,1060041,-68684096
20:37:43.884,0,-2.7,40,0,0,500,1000000,66,-956607,21409216,732,920689,-68680216
20:37:43.889,0,-3.0,40,0,0,500,1000000,10,-921829,21404318,475,998343,-68674864
20:37:43.894,0,-3.6,40,0,0,500,1000000,65,-959635,21399708,-367,1035331,-68669624
20:37:43.899,0,-4.4,40,0,0,500,1000000,14,-958900,21394360,793,950371,-68665104
20:37:43.904,0,-5.2,40,0,0,500,1000000,19,-980238,21389792,-130,1023456,-68659168
20:37:43.909,0,-6.0,40,0,0,500,1000000,-31,-1015701,21384872,884,962831,-68655240
20:37:43.914,0,-7.5,39,0,0,500,1000000,75,-1014960,21379342,-314,1019546,-68649168
20:37:43.919,0,-7.5,39,0,0,500,1000000,-6,-1009569,21374696,785,961323,-68644448
20:37:43.924,0,-7.4,39,0,0,500,1000000,-87,-1016050,21369160,-496,1078187,-68638928
20:37:43.929,0,-6.8,39,0,0,500,1000000,-64,-1032076,21364176,1020,913268,-68634592
20:37:43.934,0,-5.8,41,0,0,500,1000000,-155,-1004775,21358792,-293,1052885,-68629400
20:37:43.939,0,-5.0,41,0,0,500,1000000,98,-1018183,21354048,896,936431,-68624408
20:37:43.945,0,-4.3,41,0,0,500,1000000,-127,-972889,21348824,-141,1044562,-68619400
20:37:43.950,0,-3.7,41,0,0,500,1000000,78,-955618,21344432,850,903176,-68614624
20:37:43.955,0,-3.2,41,0,0,500,1000000,-34,-911385,21338768,34,1026245,-68608880
20:37:43.960,0,-3.1,41,0,0,500,1000000,220,-957493,21334128,726,933536,-68603592
20:37:43.965,0,-3.4,41,0,0,500,1000000,-45,-955552,21329738,796,968245,-68599376
20:37:43.970,0,-4.1,41,0,0,500,1000000,88,-1016363,21323952,55,993457,-68593488
20:37:43.975,0,-5.4,40,0,0,500,1000000,-11,-1052747,21318856,469,995822,-68589312
20:37:43.980,0,-7.0,40,0,0,500,1000000,-10,-1072572,21313788,-158,1003701,-68584408
20:37:43.985,0,-7.8,40,0,0,500,1000000,-46,-1062716,21307992,733,971368,-68579584
20:37:43.990,0,-8.0,40,0,0,500,1000000,-11,-1075216,21302936,-683,1071114,-68574144
20:37:43.995,0,-7.2,40,0,0,500,1000000,-64,-1068602,21297000,821,925819,-68569784
20:37:44.000,0,-5.5,40,0,0,500,1000000,-35,-1039628,21292288,-621,1059769,-68564464
20:37:44.005,0,-3.8,40,0,0,500,1000000,-46,-1024188,21287552,1129,929100,-68559792
20:37:44.010,0,-2.3,40,0,0,500,1000000,-18,-958901,21282556,-459,1083823,-68554256
20:37:44.015,0,-1.1,40,0,0,500,1000000,394,-921568,21278460,939,885987,-68549776
20:37:44.020,0,-0.4,42,0,0,500,1000000,27,-857245,21273956,561,990481,-68544312
20:37:44.026,0,0.0,42,0,0,500,1000000,88,-869554,21269952,-599,1061336,-68538840
20:37:44.031,0,-0.1,42,0,0,500,1000000,-15,-890160,21264904,615,909725,-68534776
20:37:44.036,0,-1.1,42,0,0,500,1000000,-27,-923387,21260498,-224,1050353,-68529536
20:37:44.041,0,-2.6,39,0,0,500,1000000,-3,-1025149,21254394,1139,941164,-68524712
20:37:44.046,0,-5.2,39,0,0,500,1000000,-126,-1052026,21249512,-376,1058164,-68519392
20:37:44.051,0,-7.2,39,0,0,500,1000000,-22,-1082162,21243368,987,906508,-68515000
20:37:44.056,0,-8.4,39,0,0,500,1000000,83,-1080790,21238336,-488,1095821,-68508368
20:37:44.061,0,-8.4,39,0,0,500,1000000,92,-1102752,21232212,166,961141,-68504312
20:37:44.066,0,-6.8,39,0,0,500,1000000,-66,-1069754,21227348,841,941739,-68499624
20:37:44.071,0,-4.8,39,0,0,500,1000000,-8,-1041383,21221780,-818,1096007,-68493864
20:37:44.076,0,-2.7,39,0,0,500,1000000,-8,-997848,21217274,1104,907732,-68489464
20:37:44.081,0,-1.2,44,0,0,500,1000000,-80,-920881,21212540,-468,1062030,-68484168
20:37:44.086,0,-0.2,44,0,0,500,1000000,6,-887554,21208468,1045,909554,-68479512
20:37:44.091,0,0.1,44,0,0,500,1000000,-10,-845084,21204040,-195,1050026,-68474384
20:37:44.096,0,0.1,44,0,0,500,1000000,47,-873646,21199832,1222,901047,-68469688
20:37:44.101,0,-0.4,38,0,0,500,1000000,47,-885312,21195680,-52,1033289,-68463744
20:37:44.107,0,-1.9,38,0,0,500,1000000,219,-1001430,21189788,460,969018,-68459624
20:37:44.112,0,-4.3,38,0,0,500,1000000,-42,-1031221,21184844,-217,1047119,-68453712
20:37:44.117,0,-7.1,38,0,0,500,1000000,-52,-1065769,21177936,1041,929821,-68449056
20:37:44.122,0,-9.0,38,0,0,500,1000000,-73,-1068228,21172116,-441,1086540,-68442472
20:37:44.127,0,-9.8,38,0,0,500,1000000,9,-1080840,21166992,647,927378,-68438800
20:37:44.132,0,-8.7,38,0,0,500,1000000,-54,-1042831,21162280,274,1002728,-68433376
20:37:44.137,0,-6.5,38,0,0,500,1000000,98,-1028518,21156664,-829,1038861,-68428136
20:37:44.142,0,-4.3,42,0,0,500,1000000,-23,-989890,21153124,839,927458,-68424728
20:37:44.147,0,-2.5,42,0,0,500,1000000,20,-927014,21148260,-658,1046421,-68418240
20:37:44.152,0,-1.3,42,0,0,500,1000000,-4,-895030,21144264,949,907115,-68414928
20:37:44.157,0,-1.1,42,0,0,500,1000000,-3,-891241,21139464,-402,1068413,-68408384
20:37:44.162,0,-1.5,37,0,0,500,1000000,-19,-941583,21134760,1128,908017,-68404992
20:37:44.168,0,-2.7,37,0,0,500,1000000,10,-968392,21129400,-162,1037558,-68398952
20:37:44.173,0,-4.7,37,0,0,500,1000000,52,-1053631,21124112,881,957770,-68393976
20:37:44.178,0,-7.0,37,0,0,500,1000000,-95,-1065315,21118232,-451,1053333,-68388792
20:37:44.183,0,-9.2,37,0,0,500,1000000,-70,-1066606,21113216,845,928316,-68384264
20:37:44.188,0,-9.7,37,0,0,500,1000000,-62,-1044244,21107628,-547,1071857,-68378952
20:37:44.193,0,-9.2,37,0,0,500,1000000,-52,-1047031,21102704,999,916780,-68374256
20:37:44.198,0,-7.3,37,0,0,500,1000000,-137,-994060,21097412,-163,1034266,-68369352
20:37:44.203,0,-4.8,43,0,0,500,1000000,78,-986778,21092896,616,942575,-68364128
20:37:44.208,0,-2.9,43,0,0,500,1000000,-126,-931311,21088008,-357,1066413,-68358152
20:37:44.213,0,-1.7,43,0,0,500,1000000,240,-929040,21083684,325,944228,-68354216
20:37:44.218,0,-1.4,43,0,0,500,1000000,0,-889078,21079700,667,981285,-68349016
20:37:44.223,0,-1.9,37,0,0,500,1000000,59,-936540,21074480,-482,1033845,-68343872
20:37:44.228,0,-2.8,37,0,0,500,1000000,-55,-962732,21069844,626,970790,-68339160
20:37:44.233,0,-4.4,37,0,0,500,1000000,29,-1009173,21064152,-105,1019661,-68334288
20:37:44.239,0,-6.0,37,0,0,500,1000000,30,-1045929,21059160,562,987661,-68329240
20:37:44.244,0,-7.7,37,0,0,500,1000000,19,-1069969,21053172,-35,984842,-68323424
20:37:44.249,0,-8.7,37,0,0,500,1000000,41,-1053173,21048380,799,946267,-68319584
20:37:44.254,0,-8.4,37,0,0,500,1000000,-90,-1051093,21042684,-779,1048353,-68313080
20:37:44.259,0,-7.5,37,0,0,500,1000000,-13,-1043697,21037736,974,928579,-68309648
20:37:44.264,0,-5.7,43,0,0,500,1000000,3,-1016537,21032316,-780,1053728,-68303168
20:37:44.269,0,-3.8,43,0,0,500,1000000,-27,-999204,21027768,892,919632,-68299680
20:37:44.274,0,-2.5,43,0,0,500,1000000,-31,-968133,21022552,-496,1093213,-68293080
20:37:44.279,0,-1.5,43,0,0,500,1000000,-18,-961295,21018072,970,903062,-68289600
20:37:44.284,0,-1.2,40,0,0,500,1000000,7,-916190,21013240,341,1000005,-68284096
20:37:44.289,0,-1.9,40,0,0,500,1000000,-4,-950606,21008752,-391,1028218,-68278896
20:37:44.294,0,-2.8,40,0,0,500,1000000,-47,-951016,21003512,701,967732,-68274240
20:37:44.299,0,-3.6,40,0,0,500,1000000,84,-988257,20998784,59,986670,-68268456
20:37:44.304,0,-4.6,40,0,0,500,1000000,-28,-1005805,20993124,797,978646,-68264400
20:37:44.309,0,-5.5,40,0,0,500,1000000,36,-1039361,20988224,-62,996819,-68258376
20:37:44.314,0,-5.7,40,0,0,500,1000000,-87,-1019815,20982686,524,978398,-68253472
20:37:44.320,0,-5.7,40,0,0,500,1000000,2,-1023509,20977916,-858,1045804,-68248256
20:37:44.325,0,-5.1,40,0,0,500,1000000,-30,-1007672,20972346,779,960516,-68243616
20:37:44.330,0,-4.2,40,0,0,500,1000000,17,-986515,20967928,-539,1039426,-68238368
20:37:44.335,0,-3.5,40,0,0,500,1000000,-53,-960688,20962736,881,947784,-68233824
20:37:44.340,0,-3.1,40,0,0,500,1000000,17,-951413,20958300,-519,1069169,-68228424
20:37:44.345,0,-3.3,40,0,0,500,1000000,12,-951637,20953884,844,920776,-68224024
20:37:44.350,0,-4.0,40,0,0,500,1000000,0,-932315,20948908,-227,1041729,-68218912
20:37:44.355,0,-5.1,40,0,0,500,1000000,-63,-977476,20944136,1102,943929,-68214032
20:37:44.360,0,-6.4,40,0,0,500,1000000,7,-1012706,20938440,-190,1020948,-68208024
20:37:44.365,0,-7.4,40,0,0,500,1000000,-22,-1042354,20933420,816,948980,-68204304
20:37:44.370,0,-8.1,40,0,0,500,1000000,11,-1075601,20927464,-603,1036692,-68198024
20:37:44.375,0,-8.2,40,0,0,500,1000000,-69,-1075995,20922472,992,955065,-68194256
20:37:44.380,0,-7.3,41,0,0,500,1000000,1,-1047309,20916884,-432,1020355,-68188104
20:37:44.386,0,-5.9,41,0,0,500,1000000,-44,-1013571,20912202,682,978420,-68183272
20:37:44.391,0,-4.2,41,0,0,500,1000000,-25,-986692,20906946,-734,1047530,-68177944
20:37:44.396,0,-2.6,41,0,0,500,1000000,-12,-949760,20902704,743,925606,-68173624
20:37:44.401,0,-1.5,39,0,0,500,1000000,-103,-917281,20897856,-642,1060939,-68168200
20:37:44.406,0,-1.3,39,0,0,500,1000000,13,-933680,20893344,1314,935774,-68163632
20:37:44.411,0,-2.0,39,0,0,500,1000000,39,-926237,20888344,-305,1052504,-68158336
20:37:44.416,0,-3.4,39,0,0,500,1000000,34,-939311,20883944,810,924445,-68153848
20:37:44.421,0,-5.3,39,0,0,500,1000000,7,-973811,20878484,-386,1056637,-68147528
20:37:44.426,0,-7.2,39,0,0,500,1000000,-3,-1032893,20873448,1080,936144,-68143872
20:37:44.431,0,-8.5,39,0,0,500,1000000,-70,-1050599,20867596,-515,1041500,-68137744
20:37:44.436,0,-9.1,39,0,0,500,1000000,-55,-1078296,20862488,1163,944076,-68133960
20:37:44.441,0,-8.8,41,0,0,500,1000000,-27,-1062718,20856748,-520,1066144,-68127544
20:37:44.446,0,-7.6,41,0,0,500,1000000,-53,-1038962,20851968,961,917463,-68123296
20:37:44.451,0,-5.8,41,0,0,500,1000000,-141,-995816,20846640,-427,1069252,-68117832
20:37:44.456,0,-4.0,41,0,0,500,1000000,128,-1003392,20841992,521,941318,-68112816
20:37:44.462,0,-2.5,41,0,0,500,1000000,-20,-953173,20836960,340,994640,-68108352
20:37:44.467,0,-1.7,41,0,0,500,1000000,101,-960762,20832482,213,964687,-68102864
20:37:44.472,0,-1.8,41,0,0,500,1000000,1,-943710,20827310,500,994831,-68098520
20:37:44.477,0,-2.5,41,0,0,500,1000000,209,-966707,20822776,296,968874,-68092968
20:37:44.482,0,-3.7,41,0,0,500,1000000,-17,-952159,20817612,143,1003927,-68087640
20:37:44.487,0,-5.3,41,0,0,500,1000000,8,-1000709,20812840,-90,1016464,-68082872
20:37:44.492,0,-6.7,41,0,0,500,1000000,-15,-1027326,20807008,267,1000331,-68077728
20:37:44.497,0,-7.7,41,0,0,500,1000000,38,-1053390,20802076,-15,994042,-68073104
20:37:44.502,0,-8.1,40,0,0,500,1000000,-52,-1049380,20796256,181,1015618,-68067768
20:37:44.507,0,-7.9,40,0,0,500,1000000,16,-1060671,20791336,-554,1021283,-68062808
20:37:44.512,0,-7.1,40,0,0,500,1000000,-67,-1022005,20786692,641,955174,-68058232
20:37:44.527,0,-3.1,41,0,0,500,1000000,114,-955002,20770074,946,922007,-68040912
20:37:44.532,0,-2.2,41,0,0,500,1000000,-36,-935985,20767362,855,938135,-68038600
20:37:44.537,0,-1.8,41,0,0,500,1000000,65,-943075,20762168,-519,1065762,-68032024
20:37:44.542,0,-2.0,41,0,0,500,1000000,39,-950132,20757736,1015,915410,-68028624
20:37:44.548,0,-2.6,41,0,0,500,1000000,91,-943387,20752648,-607,1042074,-68022312
20:37:44.553,0,-3.6,41,0,0,500,1000000,-1,-969816,20747920,896,955121,-68017648
20:37:44.558,0,-4.8,41,0,0,500,1000000,8,-1008100,20742316,-420,1056100,-68012320
20:37:44.563,0,-5.9,39,0,0,500,1000000,-45,-1047372,20737308,814,921843,-68007976
20:37:44.568,0,-6.5,39,0,0,500,1000000,-63,-1068416,20731420,-469,1068471,-68002512
20:37:44.573,0,-7.0,39,0,0,500,1000000,46,-1104147,20726096,976,928034,-67997760
20:37:44.578,0,-6.8,39,0,0,500,1000000,-73,-1065968,20720404,-131,1026521,-67992976
20:37:44.583,0,-6.2,43,0,0,500,1000000,88,-1075500,20715328,388,957616,-67987736
20:37:44.588,0,-5.0,43,0,0,500,1000000,-171,-1023593,20709908,-548,1064886,-67981672
20:37:44.593,0,-3.6,43,0,0,500,1000000,27,-1001198,20705316,650,927083,-67977856
20:37:44.598,0,-2.0,43,0,0,500,1000000,-95,-930162,20700504,-117,1040343,-67972072
20:37:44.603,0,-0.6,43,0,0,500,1000000,40,-920374,20696264,18,982211,-67967456
20:37:44.608,0,0.0,43,0,0,500,1000000,23,-863214,20691748,221,1014376,-67962216
20:37:44.613,0,0.1,43,0,0,500,1000000,202,-871276,20687740,115,977348,-67957784
20:37:44.618,0,-0.6,43,0,0,500,1000000,40,-884388,20682756,494,1000438,-67952600
20:37:44.624,0,-2.4,39,0,0,500,1000000,327,-976137,20677848,377,966623,-67947120
20:37:44.629,0,-4.7,39,0,0,500,1000000,-47,-1009578,20672190,236,994303,-67942776
20:37:44.634,0,-7.2,39,0,0,500,1000000,43,-1076634,20666976,-38,996754,-67937240
20:37:44.639,0,-9.2,39,0,0,500,1000000,-52,-1090010,20660848,-60,1025994,-67931800
20:37:44.644,0,-10.1,45,0,0,500,1000000,10,-1078832,20654988,421,947761,-67926616
20:37:44.649,0,-9.4,45,0,0,500,1000000,-82,-1037848,20650304,27,1018306,-67921960
20:37:44.654,0,-7.5,45,0,0,500,1000000,104,-1027752,20644664,62,979090,-67916272
20:37:44.659,0,-5.1,45,0,0,500,1000000,-27,-971401,20640424,453,981375,-67912168
20:37:44.664,0,-2.8,45,0,0,500,1000000,35,-958550,20636092,-425,1022461,-67907160
20:37:44.669,0,-1.4,45,0,0,500,1000000,32,-943667,20631660,700,982738,-67902272
20:37:44.674,0,-1.2,45,0,0,500,1000000,77,-951576,20626472,-347,1013239,-67897240
20:37:44.679,0,-2.0,45,0,0,500,1000000,-8,-935312,20622160,762,948913,-67892728
20:37:44.684,0,-5.0,40,0,0,500,1000000,89,-969969,20616792,-407,1026815,-67886488
20:37:44.689,0,-6.5,40,0,0,500,1000000,-55,-1001808,20611944,863,951303,-67882760
20:37:44.694,0,-7.3,40,0,0,500,1000000,52,-1025156,20606228,-181,1010119,-67876736
20:37:44.699,0,-7.4,43,0,0,500,1000000,-32,-1034249,20601404,844,953482,-67872952
20:37:44.704,0,-7.0,43,0,0,500,1000000,25,-1042051,20595636,-699,1043535,-67866504
20:37:44.709,0,-5.9,43,0,0,500,1000000,85,-1021195,20590936,788,949575,-67862016
20:37:44.715,0,-4.6,43,0,0,500,1000000,17,-1002944,20585496,-751,1062255,-67856608
20:37:44.720,0,-3.5,43,0,0,500,1000000,-40,-999112,20580830,947,947562,-67851952
20:37:44.725,0,-2.5,43,0,0,500,1000000,19,-979351,20575580,-592,1051074,-67846656
20:37:44.730,0,-2.1,43,0,0,500,1000000,31,-968014,20571092,1042,933067,-67842160
20:37:44.735,0,-2.1,43,0,0,500,1000000,-123,-951818,20566736,-491,1069829,-67836720
20:37:44.740,0,-2.5,43,0,0,500,1000000,44,-960647,20561412,1157,913483,-67832168
20:37:44.745,0,-3.3,43,0,0,500,1000000,-122,-936136,20557156,-117,1033106,-67827144
20:37:44.750,0,-4.3,43,0,0,500,1000000,-25,-972068,20551632,1004,945879,-67822200
20:37:44.755,0,-5.5,43,0,0,500,1000000,-171,-989943,20547016,-341,1049193,-67815992
20:37:44.760,0,-6.4,40,0,0,500,1000000,65,-1031511,20541188,1035,914936,-67812544
20:37:44.765,0,-7.0,40,0,0,500,1000000,-2,-1033924,20536368,-453,1061823,-67806152
20:37:44.770,0,-7.3,40,0,0,500,1000000,-39,-1067801,20530364,807,936162,-67802344
20:37:44.775,0,-6.9,40,0,0,500,1000000,-157,-1032419,20525630,-475,1058748,-67796272
20:37:44.780,0,-6.0,40,0,0,500,1000000,-3,-1031140,20519978,984,929873,-67792528
20:37:44.785,0,-5.0,40,0,0,500,1000000,-149,-1004429,20515408,-422,1070843,-67786304
20:37:44.790,0,-3.9,40,0,0,500,1000000,33,-1012342,20509834,915,902056,-67781672
20:37:44.795,0,-3.1,40,0,0,500,1000000,-28,-974856,20505432,546,983069,-67777168
20:37:44.801,0,-2.7,42,0,0,500,1000000,18,-983248,20499996,-360,1012753,-67771032
20:37:44.806,0,-2.7,42,0,0,500,1000000,-18,-949971,20495744,758,959515,-67767208
20:37:44.811,0,-2.8,42,0,0,500,1000000,71,-934070,20490672,-165,990771,-67761328
20:37:44.816,0,-3.1,42,0,0,500,1000000,13,-914514,20486404,733,976003,-67756440
20:37:44.821,0,-3.7,42,0,0,500,1000000,105,-941015,20482000,-349,1055930,-67751088
20:37:44.826,0,-4.3,40,0,0,500,1000000,-5,-973149,20476442,629,908822,-67746936
20:37:44.831,0,-5.1,40,0,0,500,1000000,-72,-981304,20471912,-419,1065834,-67741448
20:37:44.836,0,-5.9,40,0,0,500,1000000,18,-1052853,20465794,1015,929641,-67736688
20:37:44.841,0,-6.7,40,0,0,500,1000000,-74,-1043018,20460064,-559,1055165,-67730456
20:37:44.846,0,-6.7,40,0,0,500,1000000,11,-1057642,20455120,1045,928826,-67726824
20:37:44.851,0,-6.3,40,0,0,500,1000000,-157,-1036153,20449476,-534,1079110,-67720368
20:37:44.856,0,-5.3,40,0,0,500,1000000,7,-1038691,20444666,784,914971,-67716816
20:37:44.861,0,-3.7,40,0,0,500,1000000,-160,-992275,20439340,-62,1034089,-67711048
20:37:44.866,0,-2.4,42,0,0,500,1000000,33,-991689,20434722,-300,1004461,-67706280
20:37:44.871,0,-1.4,42,0,0,500,1000000,11,-947915,20430456,231,1006914,-67701064
20:37:44.876,0,-0.8,42,0,0,500,1000000,22,-916554,20425660,-37,987512,-67696344
20:37:44.881,0,-0.8,42,0,0,500,1000000,32,-881564,20421620,618,983781,-67691432
20:37:44.886,0,-1.2,39,0,0,500,1000000,96,-923418,20416476,-458,1030542,-67686304
20:37:44.891,0,-2.0,39,0,0,500,1000000,27,-938431,20411256,531,977443,-67680696
20:37:44.897,0,-3.2,39,0,0,500,1000000,49,-992281,20406456,-543,1050629,-67676512
20:37:44.902,0,-4.8,39,0,0,500,1000000,9,-1043975,20401330,888,966702,-67671784
20:37:44.907,0,-6.4,39,0,0,500,1000000,-3,-1066348,20395380,-486,1048100,-67666488
20:37:44.912,0,-7.1,39,0,0,500,1000000,-46,-1063169,20390482,966,934093,-67661976
20:37:44.917,0,-7.1,39,0,0,500,1000000,4,-1057553,20384760,-668,1091788,-67655168
20:37:44.922,0,-6.1,39,0,0,500,1000000,-58,-1052299,20379836,1038,893568,-67652000
20:37:44.927,0,-4.4,43,0,0,500,1000000,-59,-1007709,20375316,-184,1044826,-67645984
20:37:44.932,0,-2.8,43,0,0,500,1000000,75,-993604,20369880,-61,995447,-67641304
20:37:44.937,0,-1.5,43,0,0,500,1000000,-29,-939131,20365764,-12,1026586,-67635976
20:37:44.942,0,-0.7,43,0,0,500,1000000,122,-910922,20360864,211,967567,-67631560
20:37:44.947,0,-0.5,38,0,0,500,1000000,-76,-877935,20356904,866,954519,-67626824
20:37:44.952,0,-1.0,38,0,0,500,1000000,119,-926236,20351732,-68,1005703,-67620632
20:37:44.957,0,-2.2,38,0,0,500,1000000,36,-954723,20347114,663,928400,-67617032
20:37:44.962,0,-4.0,38,0,0,500,1000000,57,-1010633,20341384,-341,1033727,-67610776
20:37:44.967,0,-6.0,38,0,0,500,1000000,-17,-1069517,20336186,1047,946078,-67607120
20:37:44.972,0,-8.1,38,0,0,500,1000000,-7,-1081733,20330250,-700,1052313,-67600688
20:37:44.977,0,-8.8,38,0,0,500,1000000,-45,-1089206,20325096,768,920126,-67596424
20:37:44.983,0,-8.5,38,0,0,500,1000000,-100,-1070019,20319272,-541,1102785,-67590592
20:37:44.988,0,-7.1,41,0,0,500,1000000,114,-1073731,20314236,-51,976595,-67586392
20:37:44.993,0,-4.9,41,0,0,500,1000000,-72,-1017295,20308810,761,953191,-67581656
20:37:44.998,0,-3.0,41,0,0,500,1000000,-2,-989118,20304402,-637,1081629,-67574944
20:37:45.003,0,-1.4,41,0,0,500,1000000,14,-940407,20299336,1014,910307,-67571536
20:37:45.008,0,-0.6,42,0,0,500,1000000,-89,-869230,20295590,-625,1063946,-67565168
20:37:45.013,0,-0.2,42,0,0,500,1000000,28,-856999,20290936,1209,911701,-67561680
20:37:45.018,0,-0.5,42,0,0,500,1000000,-18,-855968,20286974,-223,1057633,-67555528
20:37:45.023,0,-1.4,42,0,0,500,1000000,72,-930540,20280776,735,921827,-67550024
20:37:45.028,0,-3.1,42,0,0,500,1000000,-7,-954990,20277058,-53,1028630,-67546096
20:37:45.033,0,-5.4,42,0,0,500,1000000,-25,-1071732,20269836,953,956078,-67539968
20:37:45.038,0,-7.9,42,0,0,500,1000000,-32,-1084606,20263806,-410,1029353,-67533888
20:37:45.043,0,-9.9,42,0,0,500,1000000,-38,-1088078,20258760,954,937099,-67530232
20:37:45.048,0,-10.2,40,0,0,500,1000000,-158,-1076855,20253796,-509,1088653,-67523600
20:37:45.053,0,-9.4,40,0,0,500,1000000,51,-1086324,20249622,318,943889,-67520880
20:37:45.059,0,-7.2,40,0,0,500,1000000,-51,-1041338,20244072,622,977718,-67515776
20:37:45.064,0,-4.7,40,0,0,500,1000000,27,-1021233,20239420,-773,1073106,-67510240
20:37:45.069,0,-2.8,42,0,0,500,1000000,-16,-976564,20234202,730,940729,-67505840
20:37:45.074,0,-1.5,42,0,0,500,1000000,-13,-920097,20230164,-585,1056603,-67500488
20:37:45.079,0,-1.1,42,0,0,500,1000000,8,-890303,20225324,963,912851,-67496200
20:37:45.084,0,-1.2,42,0,0,500,1000000,-59,-886123,20221296,-362,1075188,-67490648
20:37:45.089,0,-1.9,42,0,0,500,1000000,46,-937966,20215880,988,892604,-67486376
20:37:45.094,0,-3.0,42,0,0,500,1000000,2,-942279,20211480,-70,1032189,-67480416
20:37:45.099,0,-4.6,42,0,0,500,1000000,216,-1039311,20205452,215,975718,-67476048
20:37:45.104,0,-6.6,42,0,0,500,1000000,-64,-1043184,20200624,-204,1045980,-67470288
20:37:45.109,0,-8.4,38,0,0,500,1000000,0,-1063221,20194660,273,952650,-67466208
20:37:45.114,0,-8.8,38,0,0,500,1000000,-164,-1043800,20189864,-293,1056583,-67460376
20:37:45.119,0,-7.3,38,0,0,500,1000000,121,-1057639,20183948,84,982210,-67455920
20:37:45.124,0,-5.2,41,0,0,500,1000000,-55,-1019244,20179342,313,992808,-67450848
20:37:45.129,0,-3.4,41,0,0,500,1000000,143,-1013371,20173848,-758,1040887,-67445648
20:37:45.134,0,-2.0,41,0,0,500,1000000,-31,-973335,20169510,585,985863,-67440824
20:37:45.139,0,-1.1,41,0,0,500,1000000,120,-938269,20164472,181,963731,-67435176
20:37:45.145,0,-0.8,41,0,0,500,1000000,-15,-895375,20160466,677,949613,-67431224
20:37:45.150,0,-1.0,41,0,0,500,1000000,47,-909066,20156208,-625,1047097,-67424768
20:37:45.155,0,-1.8,41,0,0,500,1000000,-62,-944537,20150856,837,897237,-67421584
20:37:45.160,0,-3.0,41,0,0,500,1000000,-107,-967514,20146286,-418,1055415,-67415176
20:37:45.165,0,-4.9,40,0,0,500,1000000,42,-1048764,20140144,1123,938777,-67410552
20:37:45.170,0,-6.6,40,0,0,500,1000000,-83,-1052473,20135300,-538,1063092,-67405128
20:37:45.175,0,-7.2,40,0,0,500,1000000,0,-1066610,20129306,727,919560,-67400696
20:37:45.180,0,-7.3,40,0,0,500,1000000,-248,-1052636,20124460,-520,1076530,-67395264
20:37:45.185,0,-6.0,43,0,0,500,1000000,23,-1061091,20118524,841,912571,-67390536
20:37:45.190,0,-4.3,43,0,0,500,1000000,-24,-1021485,20113984,521,988828,-67385984
20:37:45.195,0,-2.7,43,0,0,500,1000000,15,-1005787,20108504,-346,1008334,-67379984
20:37:45.200,0,-1.3,43,0,0,500,1000000,-11,-957204,20104280,647,965944,-67376088
20:37:45.205,0,-0.5,43,0,0,500,1000000,-1,-914103,20099418,-464,1015417,-67369888
20:37:45.210,0,-0.2,43,0,0,500,1000000,26,-878645,20095448,833,915620,-67366472
20:37:45.215,0,-0.5,43,0,0,500,1000000,75,-890336,20090602,-487,1071697,-67359784
20:37:45.220,0,-1.4,43,0,0,500,1000000,-7,-922176,20086120,733,913989,-67355528
20:37:45.225,0,-2.8,39,0,0,500,1000000,-52,-938340,20081706,-111,1044699,-67350368
20:37:45.230,0,-4.7,39,0,0,500,1000000,-6,-1035417,20075658,1154,949600,-67345440
20:37:45.235,0,-6.8,39,0,0,500,1000000,-158,-1054833,20069832,-392,1058713,-67340240
20:37:45.241,0,-7.8,39,0,0,500,1000000,-38,-1066871,20064776,1054,914199,-67335752
20:37:45.246,0,-8.1,42,0,0,500,1000000,-270,-1051464,20059950,-385,1064314,-67330552
20:37:45.251,0,-7.2,42,0,0,500,1000000,56,-1075715,20053956,858,920041,-67325600
20:37:45.256,0,-5.5,42,0,0,500,1000000,-54,-1038436,20049264,-49,1023277,-67320016
20:37:45.261,0,-3.9,42,0,0,500,1000000,-3,-1033912,20043668,-252,1005360,-67315144
20:37:45.266,0,-2.7,42,0,0,500,1000000,-45,-984778,20039316,464,997614,-67310216
20:37:45.271,0,-1.8,42,0,0,500,1000000,6,-943504,20034280,-584,1021043,-67305128
20:37:45.276,0,-1.5,42,0,0,500,1000000,9,-902523,20030284,713,928227,-67300744
20:37:45.281,0,-1.6,42,0,0,500,1000000,81,-898645,20025402,-551,1085047,-67295176
20:37:45.286,0,-2.1,42,0,0,500,1000000,-41,-933362,20020928,1033,900147,-67290944
20:37:45.291,0,-3.2,42,0,0,500,1000000,-43,-936862,20015780,-273,1043911,-67284720
20:37:45.296,0,-4.7,42,0,0,500,1000000,19,-1002709,20010808,1125,939733,-67280896
20:37:45.301,0,-6.6,42,0,0,500,1000000,-31,-1017294,20005208,-605,1057645,-67274616
20:37:45.306,0,-7.7,42,0,0,500,1000000,-9,-1030383,20000318,954,910864,-67271208
20:37:45.311,0,-8.2,42,0,0,500,1000000,-150,-1015755,19994782,-460,1071921,-67264816
20:37:45.316,0,-7.8,42,0,0,500,1000000,111,-1048450,19989736,242,955671,-67260752
20:37:45.321,0,-6.6,42,0,0,500,1000000,-74,-1014883,19984364,-1,1021889,-67255288
20:37:45.326,0,-5.2,42,0,0,500,1000000,110,-1022895,19979560,61,985787,-67250672
20:37:45.332,0,-4.1,42,0,0,500,1000000,-54,-975889,19974376,39,1026635,-67245296
20:37:45.337,0,-3.3,42,0,0,500,1000000,72,-963648,19969876,391,944427,-67240000
20:37:45.342,0,-2.9,42,0,0,500,1000000,2,-912054,19965068,684,939801,-67236032
20:37:45.347,0,-3.0,41,0,0,500,1000000,-83,-930039,19960760,-400,1057536,-67229488
20:37:45.352,0,-3.6,41,0,0,500,1000000,5,-965002,19955224,1081,908257,-67226136
20:37:45.357,0,-4.8,41,0,0,500,1000000,-112,-978226,19950632,-169,1042380,-67219968
20:37:45.362,0,-6.2,41,0,0,500,1000000,53,-1045993,19945520,1222,952687,-67215144
20:37:45.367,0,-8.0,43,0,0,500,1000000,-37,-1055189,19939724,-553,1057362,-67209840
20:37:45.372,0,-8.7,43,0,0,500,1000000,-7,-1060197,19934648,743,921614,-67205416
20:37:45.377,0,-8.6,43,0,0,500,1000000,-70,-1036708,19929028,-390,1068866,-67200040
20:37:45.382,0,-7.7,43,0,0,500,1000000,66,-1056601,19924070,1077,925057,-67195288
20:37:45.387,0,-5.9,43,0,0,500,1000000,-177,-1014918,19918680,-222,1040782,-67190240
20:37:45.392,0,-4.2,43,0,0,500,1000000,74,-1015883,19913936,985,929564,-67185320
20:37:45.397,0,-3.0,43,0,0,500,1000000,-159,-962986,19908016,-490,1081064,-67179056
20:37:45.402,0,-2.1,43,0,0,500,1000000,180,-952044,19903608,928,893930,-67174472
20:37:45.407,0,-1.7,41,0,0,500,1000000,-28,-904491,19899580,869,931507,-67170392
20:37:45.412,0,-1.6,41,0,0,500,1000000,50,-908282,19894666,-526,1096934,-67164576
20:37:45.417,0,-1.7,41,0,0,500,1000000,29,-934597,19890156,877,893857,-67160512
20:37:45.423,0,-2.4,41,0,0,500,1000000,-116,-927378,19885878,-128,1036260,-67155384
20:37:45.428,0,-3.2,41,0,0,500,1000000,57,-1010890,19880030,1272,934616,-67150368
20:37:45.433,0,-4.7,41,0,0,500,1000000,-147,-1023377,19875208,-337,1061391,-67145224
20:37:45.438,0,-5.9,41,0,0,500,1000000,54,-1063098,19869080,1012,908610,-67140512
20:37:45.443,0,-6.6,41,0,0,500,1000000,-59,-1049337,19864238,-39,1032452,-67134712
20:37:45.448,0,-6.9,40,0,0,500,1000000,50,-1074574,19859136,-549,1042309,-67129552
20:37:45.453,0,-5.9,40,0,0,500,1000000,-33,-1060327,19853358,623,924930,-67125312
20:37:45.458,0,-4.6,40,0,0,500,1000000,-135,-1033728,19848726,-699,1077893,-67119744
20:37:45.463,0,-3.1,40,0,0,500,1000000,17,-1024906,19843028,1225,913085,-67115312
20:37:45.468,0,-1.9,42,0,0,500,1000000,-217,-966152,19838760,-376,1068469,-67109944
20:37:45.473,0,-1.1,42,0,0,500,1000000,-21,-938956,19833720,1028,897264,-67105452
20:37:45.478,0,-0.6,42,0,0,500,1000000,-8,-891801,19829816,-262,1062685,-67099336
20:37:45.483,0,-0.5,42,0,0,500,1000000,167,-908456,19824756,169,967477,-67094980
20:37:45.488,0,-0.7,42,0,0,500,1000000,2,-887441,19820692,749,947037,-67090284
20:37:45.493,0,-1.2,42,0,0,500,1000000,92,-930654,19815524,-515,1052790,-67084972
20:37:45.498,0,-2.3,42,0,0,500,1000000,7,-983784,19810668,802,963101,-67080276
20:37:45.503,0,-4.1,42,0,0,500,1000000,21,-1010699,19805084,-396,1025465,-67075168
20:37:45.509,0,-5.6,38,0,0,500,1000000,-56,-1021242,19800244,865,963363,-67070456
20:37:45.514,0,-7.1,38,0,0,500,1000000,-33,-1044697,19794490,-618,1040153,-67064140
20:37:45.519,0,-7.8,38,0,0,500,1000000,-13,-1040553,19789608,833,919897,-67060780
20:37:45.524,0,-7.2,38,0,0,500,1000000,-9,-1015144,19784192,-750,1064909,-67054364
20:37:45.529,0,-6.2,41,0,0,500,1000000,-16,-1013547,19779360,1245,923749,-67050840
20:37:45.534,0,-5.0,41,0,0,500,1000000,-64,-962896,19774380,-390,1074740,-67044372
20:37:45.539,0,-3.8,41,0,0,500,1000000,8,-951354,19769966,888,879453,-67040288
20:37:45.544,0,-3.3,41,0,0,500,1000000,-93,-919476,19764972,-94,1043956,-67035128
20:37:45.549,0,-3.2,41,0,0,500,1000000,272,-993329,19760100,853,925561,-67030072
20:37:45.554,0,-3.8,41,0,0,500,1000000,-172,-989230,19753784,69,1015550,-67024576
20:37:45.559,0,-5.9,41,0,0,500,1000000,177,-1048223,19748666,552,951793,-67019252
20:37:45.564,0,-7.1,39,0,0,500,1000000,-98,-1036281,19743940,-171,1044061,-67014460
20:37:45.569,0,-7.2,39,0,0,500,1000000,46,-1048368,19738014,811,908152,-67009636
20:37:45.574,0,-6.7,39,0,0,500,1000000,-59,-1011969,19733438,-26,1037832,-67003852
20:37:45.579,0,-5.8,39,0,0,500,1000000,6,-1028541,19728588,-714,1073942,-66999584
20:37:45.585,0,-4.4,42,0,0,500,1000000,26,-1007930,19724006,642,917061,-66995412
20:37:45.590,0,-3.3,42,0,0,500,1000000,-39,-963039,19718872,-567,1067645,-66990012
20:37:45.595,0,-2.6,42,0,0,500,1000000,-20,-956860,19714408,1188,923157,-66985420
20:37:45.600,0,-2.3,42,0,0,500,1000000,-3,-909192,19709710,-504,1070977,-66979020
20:37:45.605,0,-2.4,42,0,0,500,1000000,26,-903333,19705436,1015,887661,-66975836
20:37:45.610,0,-3.1,42,0,0,500,1000000,-77,-883534,19700730,-106,1047686,-66969692
20:37:45.615,0,-4.3,42,0,0,500,1000000,165,-968414,19695856,468,954232,-66965604
20:37:45.620,0,-6.0,42,0,0,500,1000000,-63,-982547,19690436,-61,1021280,-66960088
20:37:45.625,0,-7.6,42,0,0,500,1000000,93,-1057889,19685196,722,960036,-66954960
20:37:45.630,0,-9.1,38,0,0,500,1000000,-139,-1072414,19680120,-264,1049789,-66949964
20:37:45.635,0,-9.2,38,0,0,500,1000000,-1,-1079232,19674090,990,917571,-66945320
20:37:45.640,0,-8.1,38,0,0,500,1000000,-128,-1045140,19669422,-128,1033740,-66940348
20:37:45.645,0,-6.4,38,0,0,500,1000000,94,-1065873,19663512,322,954249,-66934976
20:37:45.650,0,-4.2,43,0,0,500,1000000,-119,-1024551,19658890,-353,1050151,-66929208
20:37:45.655,0,-2.6,43,0,0,500,1000000,121,-1028867,19653200,220,949214,-66925108
20:37:45.660,0,-1.8,43,0,0,500,1000000,28,-988374,19648826,30,1027722,-66919628
20:37:45.666,0,-1.5,43,0,0,500,1000000,35,-983345,19643434,-434,1024283,-66914588
20:37:45.671,0,-1.9,43,0,0,500,1000000,33,-947186,19639142,720,925780,-66910336
20:37:45.676,0,-2.3,43,0,0,500,1000000,50,-936711,19634058,-602,1078104,-66904912
20:37:45.681,0,-2.9,43,0,0,500,1000000,119,-967103,19629450,997,918648,-66900400
20:37:45.686,0,-3.6,43,0,0,500,1000000,-20,-964709,19624232,-617,1048795,-66894108
20:37:45.691,0,-4.2,38,0,0,500,1000000,16,-996686,19619422,1055,927898,-66890512
20:37:45.696,0,-5.0,38,0,0,500,1000000,29,-1006775,19613848,-574,1074789,-66883988
20:37:45.701,0,-5.3,38,0,0,500,1000000,8,-1019560,19608998,940,902631,-66880608
20:37:45.706,0,-5.3,38,0,0,500,1000000,-197,-985582,19603760,-269,1049659,-66874540
20:37:45.711,0,-4.9,41,0,0,500,1000000,135,-1020713,19598920,194,965266,-66870224
20:37:45.716,0,-4.2,41,0,0,500,1000000,-101,-983702,19593608,-105,1030355,-66864700
20:37:45.721,0,-3.3,41,0,0,500,1000000,139,-1002959,19588858,647,937030,-66859644
20:37:45.726,0,-2.8,41,0,0,500,1000000,-29,-977758,19584456,374,1010573,-66855016
20:37:45.731,0,-2.6,41,0,0,500,1000000,44,-998696,19578952,-170,1000102,-66849088
20:37:45.736,0,-2.7,41,0,0,500,1000000,-4,-972544,19574492,696,935649,-66845516
20:37:45.742,0,-3.0,41,0,0,500,1000000,45,-973913,19569168,-682,1034050,-66839180
20:37:45.747,0,-3.5,41,0,0,500,1000000,-2,-984668,19564558,674,971441,-66834428
20:37:45.752,0,-3.9,40,0,0,500,1000000,30,-1000043,19559016,-520,1026512,-66829320
20:37:45.757,0,-4.1,40,0,0,500,1000000,2,-1011692,19554212,771,963067,-66824660
20:37:45.762,0,-4.4,40,0,0,500,1000000,8,-1034133,19548458,-600,1069596,-66819196
20:37:45.767,0,-4.5,40,0,0,500,1000000,-7,-1034620,19543658,768,929027,-66814832
20:37:45.772,0,-4.4,42,0,0,500,1000000,-15,-1007910,19538230,-592,1061713,-66809584
20:37:45.777,0,-4.1,42,0,0,500,1000000,-8,-1009257,19532666,991,958674,-66803720
20:37:45.782,0,-3.6,42,0,0,500,1000000,-23,-981106,19528226,-664,1043386,-66798540
20:37:45.787,0,-2.9,42,0,0,500,1000000,-43,-960328,19523724,994,919216,-66795148
20:37:45.792,0,-2.4,42,0,0,500,1000000,35,-926998,19518888,-595,1067516,-66788672
20:37:45.797,0,-2.3,42,0,0,500,1000000,68,-940310,19514408,1164,920338,-66785164
20:37:45.802,0,-2.6,42,0,0,500,1000000,-1,-912704,19509582,-300,1037280,-66779004
20:37:45.807,0,-3.7,42,0,0,500,1000000,27,-947384,19504992,1010,944153,-66774476
20:37:45.812,0,-5.3,40,0,0,500,1000000,52,-1005138,19499292,-448,1054130,-66769148
20:37:45.818,0,-7.0,40,0,0,500,1000000,-8,-1044148,19494204,706,941494,-66764672
20:37:45.823,0,-8.4,40,0,0,500,1000000,-140,-1059464,19489224,-564,1055598,-66759416
20:37:45.828,0,-9.0,40,0,0,500,1000000,0,-1093366,19483062,1176,951177,-66754556
20:37:45.833,0,-8.6,44,0,0,500,1000000,-73,-1067354,19478204,-454,1021565,-66748460
20:37:45.838,0,-7.0,44,0,0,500,1000000,-39,-1043782,19472540,816,940916,-66744776
20:37:45.843,0,-5.1,44,0,0,500,1000000,16,-1020926,19467900,-720,1066556,-66738224
20:37:45.848,0,-3.3,44,0,0,500,1000000,-137,-994947,19462420,1078,906784,-66734960
20:37:45.853,0,-1.9,44,0,0,500,1000000,-70,-940124,19458272,-521,1055757,-66728640
20:37:45.858,0,-1.4,44,0,0,500,1000000,57,-941154,19453100,1101,924663,-66724944
20:37:45.863,0,-1.7,44,0,0,500,1000000,-18,-909101,19449018,-397,1065481,-66718636
20:37:45.868,0,-2.5,44,0,0,500,1000000,21,-928151,19443768,967,894438,-66714460
20:37:45.873,0,-4.1,40,0,0,500,1000000,-19,-914675,19439642,-17,1033208,-66709452
20:37:45.878,0,-5.8,40,0,0,500,1000000,50,-1001361,19433772,1036,927415,-66704348
20:37:45.883,0,-7.5,40,0,0,500,1000000,-74,-996507,19429144,-222,1037301,-66699460
20:37:45.888,0,-8.6,40,0,0,500,1000000,-12,-1042241,19423258,890,937127,-66694516
20:37:45.893,0,-8.9,42,0,0,500,1000000,-52,-1031307,19418492,-448,1080570,-66688256
20:37:45.898,0,-8.6,42,0,0,500,1000000,198,-1052681,19413562,326,949390,-66684364
20:37:45.903,0,-7.2,42,0,0,500,1000000,-50,-1002384,19408254,290,992784,-66679204
20:37:45.909,0,-5.8,42,0,0,500,1000000,7,-1021927,19402570,-691,1034665,-66673960
20:37:45.914,0,-4.5,42,0,0,500,1000000,-27,-998957,19397976,537,978314,-66669228
20:37:45.919,0,-3.4,42,0,0,500,1000000,26,-997234,19392588,18,992378,-66663372
20:37:45.924,0,-2.8,42,0,0,500,1000000,-35,-979977,19388072,894,967056,-66659416
20:37:45.929,0,-2.7,42,0,0,500,1000000,66,-978141,19383608,-297,1018210,-66653212
20:37:45.934,0,-2.9,41,0,0,500,1000000,-73,-958880,19378328,811,931600,-66649732
20:37:45.939,0,-3.4,41,0,0,500,1000000,131,-987561,19371252,61,986299,-66641848
20:37:45.949,0,-5.1,41,0,0,500,1000000,198,-1037990,19361548,328,957209,-66632156
20:37:45.954,0,-5.8,41,0,0,500,1000000,-21,-1043248,19355804,-74,1032661,-66626556
20:37:45.959,0,-6.4,41,0,0,500,1000000,-7,-1076565,19350728,-204,1006669,-66621804
20:37:45.969,0,-5.2,41,0,0,500,1000000,-94,-1029042,19342094,-637,1055422,-66613788
20:37:45.974,0,-3.9,41,0,0,500,1000000,2,-1016063,19336474,1128,945399,-66609064
20:37:45.979,0,-2.5,41,0,0,500,1000000,-50,-982808,19331974,-484,1070348,-66603664
20:37:45.984,0,-1.4,41,0,0,500,1000000,0,-962385,19326754,1074,912186,-66599248
20:37:45.989,0,-0.9,42,0,0,500,1000000,-23,-922555,19322632,-400,1069756,-66592856
20:37:45.995,0,-1.0,42,0,0,500,1000000,245,-943305,19318204,516,940588,-66588908
20:37:46.000,0,-1.6,42,0,0,500,1000000,-7,-896647,19313400,98,1022973,-66583436
20:37:46.005,0,-2.9,42,0,0,500,1000000,174,-936960,19308898,135,981994,-66578944
20:37:46.010,0,-4.5,41,0,0,500,1000000,1,-960327,19303558,10,1027722,-66573520
20:37:46.015,0,-6.0,41,0,0,500,1000000,268,-1031414,19298464,702,933310,-66568496
20:37:46.020,0,-7.3,41,0,0,500,1000000,-54,-1040617,19292658,195,1007208,-66563928
20:37:46.025,0,-7.9,41,0,0,500,1000000,16,-1097256,19287324,125,977909,-66558300
20:37:46.030,0,-7.5,41,0,0,500,1000000,-133,-1060921,19281546,67,1011824,-66553868
20:37:46.035,0,-6.2,41,0,0,500,1000000,72,-1057098,19276708,259,955319,-66548496
20:37:46.040,0,-4.4,41,0,0,500,1000000,-89,-1002707,19271354,-250,1056611,-66542672
20:37:46.045,0,-2.5,41,0,0,500,1000000,0,-998233,19266792,-203,990273,-66538132
20:37:46.050,0,-1.2,43,0,0,500,1000000,-23,-944123,19261732,771,957649,-66533416
20:37:46.055,0,-0.6,43,0,0,500,1000000,52,-930319,19257482,-687,1063588,-66527972
20:37:46.060,0,-1.0,43,0,0,500,1000000,38,-920843,19252426,791,945670,-66523484
20:37:46.065,0,-1.8,43,0,0,500,1000000,26,-912178,19248242,-560,1038450,-66518252
20:37:46.070,0,-3.2,43,0,0,500,1000000,-23,-913171,19243946,694,932070,-66513908
20:37:46.076,0,-4.9,43,0,0,500,1000000,61,-973282,19237684,-505,1034917,-66507516
20:37:46.081,0,-6.3,43,0,0,500,1000000,-5,-995105,19232906,576,961151,-66502940
20:37:46.086,0,-7.3,43,0,0,500,1000000,10,-1024099,19228042,-550,1038611,-66497880
20:37:46.091,0,-7.8,38,0,0,500,1000000,7,-1056344,19222016,593,980121,-66492992
20:37:46.096,0,-7.6,38,0,0,500,1000000,20,-1056353,19217176,-474,1049016,-66487832
20:37:46.101,0,-6.6,38,0,0,500,1000000,-11,-1046625,19212296,815,940513,-66483372
20:37:46.106,0,-5.3,38,0,0,500,1000000,-67,-1020640,19206854,-682,1071778,-66477932
20:37:46.111,0,-3.8,42,0,0,500,1000000,-11,-1021499,19202044,1035,915109,-66473516
20:37:46.116,0,-2.5,42,0,0,500,1000000,-170,-971371,19196956,-366,1056261,-66468276
20:37:46.121,0,-1.8,42,0,0,500,1000000,45,-979762,19192328,1256,919698,-66463612
20:37:46.126,0,-1.8,42,0,0,500,1000000,-129,-948845,19187338,-461,1071716,-66457284
20:37:46.131,0,-2.3,39,0,0,500,1000000,65,-956318,19182758,1111,905952,-66453956
20:37:46.136,0,-3.4,39,0,0,500,1000000,45,-932964,19177772,-58,1028303,-66448052
20:37:46.141,0,-4.6,39,0,0,500,1000000,142,-991592,19172992,111,990159,-66443528
20:37:46.146,0,-5.8,39,0,0,500,1000000,-158,-998353,19167422,-108,1033476,-66438048
20:37:46.151,0,-6.6,39,0,0,500,1000000,40,-1038025,19162408,1009,934427,-66433272
20:37:46.156,0,-7.0,39,0,0,500,1000000,-107,-1031458,19156808,-186,1046778,-66428256
20:37:46.162,0,-6.9,39,0,0,500,1000000,115,-1053167,19151784,789,926977,-66423288
20:37:46.167,0,-6.0,39,0,0,500,1000000,-180,-1006540,19146458,-28,1018399,-66418600
20:37:46.172,0,-5.1,42,0,0,500,1000000,115,-1034360,19141520,247,963763,-66413180
20:37:46.177,0,-4.2,42,0,0,500,1000000,-195,-1003529,19136072,-305,1059419,-66407248
20:37:46.182,0,-3.3,42,0,0,500,1000000,71,-1007169,19131352,703,930210,-66403464
20:37:46.187,0,-2.9,42,0,0,500,1000000,-50,-962148,19127112,88,1028884,-66397852
20:37:46.192,0,-2.6,40,0,0,500,1000000,179,-965312,19121784,-329,1008426,-66393052
20:37:46.197,0,-2.5,40,0,0,500,1000000,-49,-916211,19117618,582,982207,-66388188
20:37:46.202,0,-2.7,40,0,0,500,1000000,113,-915303,19112674,152,972702,-66382588
20:37:46.207,0,-3.3,40,0,0,500,1000000,36,-913539,19108410,657,987617,-66378344
20:37:46.212,0,-4.2,40,0,0,500,1000000,105,-972283,19102866,266,961272,-66372716
20:37:46.217,0,-5.4,40,0,0,500,1000000,1,-977619,19098266,652,978275,-66367732
20:37:46.222,0,-6.7,40,0,0,500,1000000,79,-1037977,19092428,-422,1032660,-66362608
20:37:46.227,0,-7.6,40,0,0,500,1000000,-15,-1059543,19087420,342,996224,-66357612
20:37:46.232,0,-8.0,39,0,0,500,1000000,30,-1069316,19081514,-178,1001328,-66352900
20:37:46.232,0,-8.0,39,0,0,500,1000000,-114,-1059096,19076588,598,990809,-66347940
20:37:46.237,0,-7.6,39,0,0,500,1000000,2,-1073832,19070556,-707,1072577,-66342540
20:37:46.243,0,-6.7,39,0,0,500,1000000,-95,-1058651,19065718,1172,892784,-66338504
20:37:46.248,0,-5.2,39,0,0,500,1000000,-236,-1020697,19061192,-693,1087629,-66331892
20:37:46.253,0,-3.8,41,0,0,500,1000000,193,-1021093,19055512,212,953054,-66327948
20:37:46.258,0,-2.6,41,0,0,500,1000000,-100,-954856,19051320,-241,1054707,-66322056
20:37:46.263,0,-1.7,41,0,0,500,1000000,65,-928162,19046360,523,930291,-66318212
20:37:46.268,0,-1.0,41,0,0,500,1000000,-10,-881496,19042498,-79,1046877,-66312432
20:37:46.278,0,-0.5,41,0,0,500,1000000,206,-905920,19037432,792,914533,-66307388
20:37:46.283,0,-0.9,41,0,0,500,1000000,24,-893695,19032526,676,990031,-66302104
20:37:46.288,0,-1.8,41,0,0,500,1000000,96,-959951,19027890,-304,1023663,-66297092
20:37:46.293,0,-3.5,39,0,0,500,1000000,6,-1007445,19022070,405,1000333,-66292060
20:37:46.298,0,-5.4,39,0,0,500,1000000,43,-1043111,19017158,-75,1009847,-66287304
20:37:46.303,0,-6.8,39,0,0,500,1000000,-21,-1058507,19012052,569,992936,-66282288
20:37:46.303,0,-6.8,39,0,0,500,1000000,-3,-1076150,19006142,-740,1046359,-66277100
20:37:46.308,0,-7.9,39,0,0,500,1000000,-47,-1067259,19001232,710,923948,-66272808
20:37:46.313,0,-7.4,43,0,0,500,1000000,-30,-1036115,18995658,-696,1075881,-66267344
20:37:46.318,0,-6.2,43,0,0,500,1000000,3,-1030117,18990836,1113,918343,-66262804
20:37:46.328,0,-3.0,43,0,0,500,1000000,-6,-960678,18984944,-494,1077960,-66256268
20:37:46.328,0,-3.0,43,0,0,500,1000000,25,-946916,18981464,849,906223,-66252884
20:37:46.333,0,-1.7,43,0,0,500,1000000,-70,-896073,18976706,51,1025834,-66248052
20:37:46.339,0,-1.0,43,0,0,500,1000000,206,-926729,18972330,351,946143,-66242596
20:37:46.344,0,-0.8,43,0,0,500,1000000,13,-910297,18968136,825,960862,-66237744
20:37:46.349,0,-1.1,43,0,0,500,1000000,92,-954088,18962774,-458,1044915,-66232452
20:37:46.354,0,-2.0,39,0,0,500,1000000,9,-1002181,18957840,800,970506,-66227696
20:37:46.359,0,-3.4,39,0,0,500,1000000,-76,-1037236,18952020,-516,1023283,-66222608
20:37:46.364,0,-5.3,39,0,0,500,1000000,-36,-1041395,18947108,932,960738,-66218008
20:37:46.369,0,-6.6,39,0,0,500,1000000,-28,-1060205,18941288,-491,1088980,-66212356
20:37:46.374,0,-7.7,43,0,0,500,1000000,1,-1068604,18936232,919,883570,-66208244
20:37:46.379,0,-7.5,43,0,0,500,1000000,-291,-1024392,18930804,-552,1076032,-66201732
20:37:46.384,0,-6.4,43,0,0,500,1000000,-26,-1031571,18925952,-246,992650,-66197340
20:37:46.389,0,-4.9,43,0,0,500,1000000,-30,-964560,18920830,578,991548,-66192376
20:37:46.394,0,-3.3,43,0,0,500,1000000,-15,-935291,18916684,-644,1017757,-66187400
20:37:46.399,0,-1.0,43,0,0,500,1000000,-25,-892832,18911936,718,973895,-66182628
20:37:46.404,0,-0.7,43,0,0,500,1000000,47,-901029,18907672,-662,1048269,-66177312
20:37:46.409,0,-0.8,40,0,0,500,1000000,13,-893692,18902774,653,913340,-66173160
20:37:46.414,0,-1.6,40,0,0,500,1000000,-25,-929040,18898342,-460,1051099,-66166788
20:37:46.419,0,-3.1,40,0,0,500,1000000,60,-1007755,18892402,1086,937689,-66163184
20:37:46.425,0,-5.2,40,0,0,500,1000000,-83,-1028712,18887550,-385,1031953,-66157000
20:37:46.430,0,-7.1,40,0,0,500,1000000,-7,-1063571,18882476,917,956484,-66152348
20:37:46.435,0,-8.6,42,0,0,500,1000000,-76,-1084671,18876442,-629,1078901,-66146856
20:37:46.440,0,-9.1,42,0,0,500,1000000,-17,-1107858,18871208,874,891460,-66142804
20:37:46.445,0,-8.0,42,0,0,500,1000000,-145,-1062344,18865504,-189,1043914,-66137632
20:37:46.450,0,-6.4,42,0,0,500,1000000,0,-1065918,18860506,49,973316,-66132112
20:37:46.455,0,-4.5,42,0,0,500,1000000,-46,-981440,18855352,318,1001212,-66127752
20:37:46.460,0,-2.6,42,0,0,500,1000000,139,-943278,18851124,191,955635,-66122364
20:37:46.470,0,-0.6,42,0,0,500,1000000,-43,-868122,18845884,-456,1076701,-66115396
20:37:46.475,0,-0.6,44,0,0,500,1000000,193,-892575,18840934,1046,899896,-66110760
20:37:46.480,0,-1.4,44,0,0,500,1000000,21,-865910,18836992,803,940531,-66106688
20:37:46.485,0,-3.2,44,0,0,500,1000000,153,-943217,18831578,-69,1030461,-66100468
20:37:46.485,0,-3.2,44,0,0,500,1000000,103,-1004274,18827454,1131,939800,-66097660
20:37:46.490,0,-5.9,44,0,0,500,1000000,-73,-1020900,18822636,-204,1044123,-66092616
20:37:46.495,0,-8.4,42,0,0,500,1000000,-15,-1067532,18817430,943,935187,-66087940
20:37:46.500,0,-10.3,42,0,0,500,1000000,-91,-1085957,18811466,-597,1071186,-66081348
20:37:46.505,0,-11.1,42,0,0,500,1000000,52,-1100850,18806232,985,898519,-66078088
20:37:46.511,0,-9.7,42,0,0,500,1000000,-298,-1064637,18800544,-559,1066332,-66071772
20:37:46.516,0,-7.6,42,0,0,500,1000000,128,-1073053,18795422,30,979683,-66067480
20:37:46.521,0,-5.0,42,0,0,500,1000000,-51,-1000830,18790204,-149,1041151,-66061960
20:37:46.526,0,-2.5,42,0,0,500,1000000,163,-972530,18785864,109,967563,-66057576
20:37:46.531,0,-0.9,42,0,0,500,1000000,-55,-911678,18781032,148,1017326,-66052224
20:37:46.536,0,0.0,44,0,0,500,1000000,50,-911579,18776806,85,984365,-66046448
20:37:46.541,0,0.1,44,0,0,500,1000000,-28,-880785,18772080,741,937644,-66042740
20:37:46.546,0,-0.1,44,0,0,500,1000000,135,-913024,18767790,-211,1029613,-66036540
20:37:46.551,0,-1.2,44,0,0,500,1000000,64,-978033,18762062,496,990085,-66031612
20:37:46.556,0,-3.1,39,0,0,500,1000000,4,-1009810,18757184,-177,1015651,-66026844
20:37:46.561,0,-5.3,39,0,0,500,1000000,14,-1031623,18751428,697,968876,-66022052
20:37:46.566,0,-7.3,39,0,0,500,1000000,-12,-1058125,18746416,-526,1073463,-66016588
20:37:46.571,0,-8.6,39,0,0,500,1000000,0,-1074512,18740352,877,912037,-66012320
20:37:46.576,0,-8.3,39,0,0,500,1000000,-205,-1052442,18735544,-412,1054743,-66007104
20:37:46.581,0,-7.1,39,0,0,500,1000000,8,-1059387,18729682,1018,936920,-66002124
20:37:46.586,0,-5.4,39,0,0,500,1000000,-68,-1003642,18725228,-465,1074596,-65995720
20:37:46.591,0,-3.5,39,0,0,500,1000000,44,-977867,18720762,907,906592,-65992320
20:37:46.596,0,-2.0,41,0,0,500,1000000,-77,-915043,18715992,-194,1057112,-65986244
20:37:46.602,0,-1.0,41,0,0,500,1000000,47,-933927,18711582,-658,1020901,-65981424
20:37:46.607,0,-0.5,41,0,0,500,1000000,-34,-914464,18706554,669,929853,-65977056
20:37:46.612,0,-0.6,41,0,0,500,1000000,44,-928043,18702212,-696,1066274,-65971660
20:37:46.617,0,-1.2,39,0,0,500,1000000,-2,-983085,18696568,955,933307,-65967164
20:37:46.622,0,-2.5,39,0,0,500,1000000,-9,-988796,18691956,-509,1056678,-65961792
20:37:46.627,0,-3.9,39,0,0,500,1000000,3,-1019015,18686216,927,925945,-65957364
20:37:46.632,0,-5.1,39,0,0,500,1000000,31,-1031660,18681374,-532,1073425,-65950812
20:37:46.637,0,-6.2,39,0,0,500,1000000,6,-1064493,18675376,994,914318,-65947368
20:37:46.642,0,-6.2,39,0,0,500,1000000,-161,-1036460,18670586,-236,1054814,-65941324
20:37:46.647,0,-5.9,39,0,0,500,1000000,111,-1053931,18664744,24,988715,-65936916
20:37:46.652,0,-4.9,39,0,0,500,1000000,-64,-997820,18660372,-138,1036681,-65931396
20:37:46.657,0,-3.9,43,0,0,500,1000000,67,-970067,18655180,838,911420,-65926448
20:37:46.662,0,-2.7,43,0,0,500,1000000,-52,-915541,18651128,272,1011700,-65921820
20:37:46.667,0,-1.8,43,0,0,500,1000000,139,-935184,18645922,308,960031,-65916108
20:37:46.672,0,-1.3,43,0,0,500,1000000,-10,-905432,18641798,631,920488,-65912452
20:37:46.677,0,-1.2,37,0,0,500,1000000,54,-932700,18636668,-649,1042706,-65906000
20:37:46.683,0,-1.7,37,0,0,500,1000000,18,-969886,18631946,799,975679,-65901268
20:37:46.688,0,-2.9,37,0,0,500,1000000,15,-990655,18627268,-203,1009939,-65896296
20:37:46.693,0,-4.4,37,0,0,500,1000000,-46,-1001162,18621776,803,960851,-65891596
20:37:46.698,0,-5.8,37,0,0,500,1000000,-14,-1037034,18616030,-505,1079536,-65886044
20:37:46.703,0,-7.0,37,0,0,500,1000000,16,-1065467,18610894,957,902811,-65881876
20:37:46.708,0,-7.2,37,0,0,500,1000000,-162,-1035941,18606182,-162,1041559,-65876820
20:37:46.713,0,-6.8,37,0,0,500,1000000,102,-1055127,18600340,661,942668,-65871604
20:37:46.718,0,-5.9,42,0,0,500,1000000,-59,-1003419,18595856,-344,1060851,-65865580
20:37:46.723,0,-4.9,42,0,0,500,1000000,154,-984400,18590498,595,927403,-65861792
20:37:46.728,0,-3.8,42,0,0,500,1000000,-28,-935219,18586332,210,1012825,-65856356
20:37:46.733,0,-3.2,42,0,0,500,1000000,130,-961358,18581034,-485,1022252,-65851264
20:37:46.738,0,-3.0,40,0,0,500,1000000,-12,-946629,18576714,839,935277,-65846880
20:37:46.743,0,-3.1,40,0,0,500,1000000,77,-952975,18571490,-595,1058440,-65841564
20:37:46.748,0,-3.7,40,0,0,500,1000000,21,-990498,18566602,1066,950594,-65836948
20:37:46.753,0,-4.6,40,0,0,500,1000000,30,-1003875,18561104,-163,1003099,-65830876
20:37:46.758,0,-5.7,40,0,0,500,1000000,-16,-999733,18556426,836,934542,-65827252
20:37:46.764,0,-6.4,40,0,0,500,1000000,7,-1028786,18550784,-631,1068626,-65820644
20:37:46.769,0,-7.1,40,0,0,500,1000000,193,-1053340,18545634,704,929855,-65816372
20:37:46.774,0,-7.2,40,0,0,500,1000000,-129,-1031717,18540950,-653,1062118,-65811116
20:37:46.779,0,-6.7,41,0,0,500,1000000,35,-1046151,18535122,1181,935049,-65806404
20:37:46.784,0,-6.0,41,0,0,500,1000000,-29,-1001534,18530638,-546,1076383,-65801012
20:37:46.789,0,-5.1,41,0,0,500,1000000,30,-976023,18525378,1092,878911,-65796708
20:37:46.794,0,-4.0,41,0,0,500,1000000,71,-922237,18521240,241,1012628,-65791840
20:37:46.799,0,-3.0,39,0,0,500,1000000,56,-940309,18516076,77,976812,-65786060
20:37:46.804,0,-2.2,39,0,0,500,1000000,19,-915501,18511882,717,964043,-65781292
20:37:46.809,0,-1.9,39,0,0,500,1000000,57,-945133,18506618,-463,1031001,-65776056
20:37:46.814,0,-2.0,39,0,0,500,1000000,-1,-981059,18501916,832,976777,-65771344
20:37:46.819,0,-2.9,39,0,0,500,1000000,147,-1020210,18496176,-348,1024088,-65766340
20:37:46.829,0,-6.9,39,0,0,500,1000000,-30,-1023935,18490602,711,979828,-65760588
20:37:46.829,0,-6.9,39,0,0,500,1000000,11,-1058211,18485560,-633,1057687,-65755260
20:37:46.834,0,-7.3,42,0,0,500,1000000,112,-1084429,18479400,742,946117,-65750764
20:37:46.839,0,-7.0,42,0,0,500,1000000,-95,-1075064,18474446,-767,1057884,-65745508
20:37:46.844,0,-6.0,42,0,0,500,1000000,-23,-1080350,18468398,1057,943515,-65740844
20:37:46.850,0,-4.7,42,0,0,500,1000000,-89,-1038889,18463804,-571,1074709,-65735456
20:37:46.855,0,-3.2,42,0,0,500,1000000,22,-1007366,18459292,809,910679,-65732024
20:37:46.860,0,-1.8,42,0,0,500,1000000,-183,-935825,18454382,-145,1039038,-65726228
20:37:46.865,0,-0.7,42,0,0,500,1000000,3,-926140,18450104,-581,1017369,-65721256
20:37:46.870,0,0.0,42,0,0,500,1000000,51,-868624,18445550,703,954432,-65716704
20:37:46.875,0,0.2,42,0,0,500,1000000,61,-880883,18441380,-152,1005995,-65710560
20:37:46.880,0,0.0,42,0,0,500,1000000,11,-908271,18437060,981,950780,-65706860
20:37:46.885,0,-1.2,42,0,0,500,1000000,72,-968282,18431604,-33,997158,-65700828
20:37:46.890,0,-3.1,42,0,0,500,1000000,4,-994608,18426822,828,970325,-65696000
20:37:46.895,0,-5.4,38,0,0,500,1000000,-61,-1054930,18420830,-617,1052784,-65690704
20:37:46.900,0,-7.3,38,0,0,500,1000000,2,-1092339,18415532,667,954427,-65686156
20:37:46.905,0,-8.3,38,0,0,500,1000000,-21,-1093457,18409590,-607,1052062,-65680880
20:37:46.910,0,-7.8,38,0,0,500,1000000,-8,-1092555,18404460,959,945226,-65676240
20:37:46.915,0,-6.5,44,0,0,500,1000000,23,-1042123,18398966,-521,1086807,-65670672
20:37:46.920,0,-4.5,44,0,0,500,1000000,-121,-1002157,18394222,952,889593,-65666456
20:37:46.926,0,-2.5,44,0,0,500,1000000,-52,-934143,18390142,-201,1061118,-65660216
20:37:46.931,0,-1.1,44,0,0,500,1000000,50,-920740,18385122,-5,979263,-65655756
20:37:46.936,0,-0.2,44,0,0,500,1000000,-31,-870513,18381240,618,926458,-65652140
20:37:46.941,0,0.0,44,0,0,500,1000000,91,-880773,18376474,-239,1014111,-65645620
20:37:46.946,0,-0.6,44,0,0,500,1000000,61,-914809,18372028,992,964894,-65640972
20:37:46.951,0,-2.3,44,0,0,500,1000000,78,-989074,18366408,-171,1023213,-65635852
20:37:46.956,0,-4.6,37,0,0,500,1000000,-31,-1024412,18361436,800,961176,-65631184
20:37:46.961,0,-7.3,37,0,0,500,1000000,1,-1074904,18355370,-581,1060951,-65625872
20:37:46.966,0,-9.4,37,0,0,500,1000000,-13,-1105201,18350040,843,944068,-65621312
20:37:46.971,0,-10.1,37,0,0,500,1000000,-64,-1090643,18344168,-607,1058515,-65615988
20:37:46.976,0,-9.2,43,0,0,500,1000000,-8,-1084921,18339098,1119,930032,-65611420
20:37:46.981,0,-7.0,43,0,0,500,1000000,-28,-1025689,18333660,-564,1083544,-65605876
20:37:46.991,0,-2.4,43,0,0,500,1000000,-1,-968165,18328544,824,894229,-65600532
20:37:46.991,0,-2.4,43,0,0,500,1000000,-150,-888227,18323880,-524,1079807,-65594104
20:37:46.996,0,-1.0,43,0,0,500,1000000,162,-894454,18319810,181,965607,-65589920
20:37:47.001,0,-0.3,43,0,0,500,1000000,-29,-845205,18315292,901,945650,-65585228
20:37:47.006,0,-0.5,43,0,0,500,1000000,110,-883058,18311082,-225,1034534,-65580044
20:37:47.012,0,-1.3,43,0,0,500,1000000,80,-940969,18307276,1082,942856,-65576368
20:37:47.017,0,-3.5,38,0,0,500,1000000,-7,-1010208,18301488,25,1012683,-65570312
20:37:47.022,0,-6.2,38,0,0,500,1000000,3,-1054643,18296410,699,950156,-65566572
20:37:47.027,0,-9.0,38,0,0,500,1000000,-41,-1103668,18290184,-443,1041913,-65560360
20:37:47.032,0,-11.4,38,0,0,500,1000000,-14,-1135640,18284714,712,971356,-65555456
20:37:47.037,0,-11.6,38,0,0,500,1000000,-95,-1122246,18278664,-688,1040902,-65550412
20:37:47.042,0,-10.1,38,0,0,500,1000000,-7,-1111579,18273482,889,964957,-65545652
20:37:47.047,0,-7.4,38,0,0,500,1000000,-10,-1056159,18267928,-576,1081258,-65540116
20:37:47.052,0,-4.3,38,0,0,500,1000000,6,-1001965,18263456,743,906297,-65535864
20:37:47.057,0,-1.8,44,0,0,500,1000000,-88,-912693,18258814,-220,1047050,-65530764
20:37:47.063,0,-0.2,44,0,0,500,1000000,219,-898680,18254676,362,944104,-65525436
20:37:47.068,0,0.5,44,0,0,500,1000000,-30,-833527,18250362,-93,1031273,-65519836
20:37:47.073,0,0.5,44,0,0,500,1000000,309,-872814,18246162,393,954600,-65515784
20:37:47.078,0,-0.2,38,0,0,500,1000000,30,-907402,18241098,119,1029133,-65510148
20:37:47.083,0,-2.0,38,0,0,500,1000000,176,-1005475,18236010,231,981580,-65505784
20:37:47.088,0,-4.7,38,0,0,500,1000000,-94,-1033504,18230236,-23,1013846,-65500340
20:37:47.093,0,-7.7,38,0,0,500,1000000,50,-1088603,18224946,44,991999,-65495052
20:37:47.098,0,-10.0,38,0,0,500,1000000,-53,-1095184,18218842,91,1009900,-65490592
20:37:47.103,0,-10.7,38,0,0,500,1000000,13,-1092559,18213834,105,980797,-65485304
20:37:47.109,0,-9.3,38,0,0,500,1000000,-59,-1070893,18208918,-139,1031454,-65479732
20:37:47.114,0,-6.6,38,0,0,500,1000000,-3,-1047397,18203210,-131,1006082,-65475032
20:37:47.119,0,-3.7,44,0,0,500,1000000,-59,-988559,18198814,6,1013352,-65469808
20:37:47.124,0,-1.3,44,0,0,500,1000000,77,-947497,18193814,-30,997669,-65465244
20:37:47.129,0,0.0,44,0,0,500,1000000,-19,-903293,18189770,9,1021093,-65459820
20:37:47.134,0,0.6,44,0,0,500,1000000,215,-902185,18184872,670,943245,-65454696
20:37:47.139,0,0.6,40,0,0,500,1000000,-21,-890282,18180776,228,1008870,-65450144
20:37:47.144,0,0.0,40,0,0,500,1000000,250,-986849,18174998,430,975611,-65444860
20:37:47.149,0,-1.3,40,0,0,500,1000000,-46,-1014738,18170198,-61,1032256,-65440160
20:37:47.154,0,-5.8,40,0,0,500,1000000,46,-1051289,18164296,855,944313,-65435232
20:37:47.160,0,-7.5,40,0,0,500,1000000,-103,-1048716,18159426,-473,1063956,-65429036
20:37:47.165,0,-7.9,40,0,0,500,1000000,23,-1083351,18153340,577,942335,-65425184
20:37:47.170,0,-6.8,40,0,0,500,1000000,-172,-1034858,18148782,-361,1051544,-65419240
20:37:47.175,0,-5.0,41,0,0,500,1000000,16,-1024519,18143140,365,949809,-65415160
20:37:47.180,0,-3.4,41,0,0,500,1000000,-147,-948796,18139080,-342,1062746,-65409204
20:37:47.185,0,-2.1,41,0,0,500,1000000,63,-914688,18134090,844,906878,-65404592
20:37:47.190,0,-1.7,41,0,0,500,1000000,40,-851216,18130438,801,964219,-65400216
20:37:47.195,0,-2.0,38,0,0,500,1000000,346,-922131,18124462,922,931473,-65393772
20:37:47.200,0,-3.4,38,0,0,500,1000000,-1,-929596,18120084,388,995618,-65389316
20:37:47.205,0,-5.5,38,0,0,500,1000000,174,-1039326,18113970,410,964856,-65383964
20:37:47.211,0,-8.1,38,0,0,500,1000000,-46,-1082875,18108736,-31,1030362,-65379336
20:37:47.216,0,-10.6,38,0,0,500,1000000,78,-1130639,18103336,222,961548,-65373984
20:37:47.221,0,-11.3,38,0,0,500,1000000,-80,-1108841,18098234,442,984862,-65369684
20:37:47.226,0,-10.6,38,0,0,500,1000000,-1,-1112322,18092184,-951,1055395,-65364424
20:37:47.231,0,-8.1,38,0,0,500,1000000,-47,-1075685,18087282,732,956509,-65359896
20:37:47.236,0,-5.0,38,0,0,500,1000000,50,-1036052,18082632,-694,1058151,-65354572
20:37:47.241,0,-2.4,44,0,0,500,1000000,-37,-985559,18077386,943,936573,-65350076
20:37:47.246,0,-0.5,44,0,0,500,1000000,-70,-921191,18073368,-483,1084697,-65343360
20:37:47.251,0,0.2,44,0,0,500,1000000,2,-875433,18068724,1021,892177,-65340152
20:37:47.256,0,0.1,44,0,0,500,1000000,-13,-813603,18065204,-34,1028418,-65334288
20:37:47.261,0,-0.7,36,0,0,500,1000000,277,-880349,18060200,345,964584,-65329956
20:37:47.266,0,-2.7,36,0,0,500,1000000,19,-899159,18055928,84,1026089,-65324536
20:37:47.272,0,-5.4,36,0,0,500,1000000,108,-1015420,18049968,1141,931133,-65319692
20:37:47.277,0,-8.6,36,0,0,500,1000000,-134,-1056312,18044874,-223,1054776,-65314508
20:37:47.282,0,-11.4,36,0,0,500,1000000,24,-1129962,18038300,811,935452,-65309552
20:37:47.287,0,-12.3,36,0,0,500,1000000,-194,-1103083,18033332,-391,1051500,-65303596
20:37:47.292,0,-11.4,36,0,0,500,1000000,17,-1122278,18027054,372,957817,-65299540
20:37:47.297,0,-8.7,36,0,0,500,1000000,-149,-1081307,18022168,-585,1070311,-65293424
20:37:47.302,0,-5.3,44,0,0,500,1000000,32,-1062734,18016338,694,925542,-65289664
20:37:47.307,0,-2.2,44,0,0,500,1000000,-74,-996568,18011962,-143,1039323,-65283880
20:37:47.312,0,-0.1,44,0,0,500,1000000,54,-954132,18006906,-663,1026389,-65278892
20:37:47.317,0,0.8,44,0,0,500,1000000,-2,-871047,18003098,705,968676,-65274236
20:37:47.322,0,1.0,38,0,0,500,1000000,32,-834044,17999456,-546,1029381,-65269104
20:37:47.327,0,0.3,38,0,0,500,1000000,77,-838636,17994782,885,953868,-65264592
20:37:47.332,0,-1.1,38,0,0,500,1000000,47,-908109,17990364,298,982544,-65258780
20:37:47.337,0,-3.7,38,0,0,500,1000000,74,-985443,17984580,956,958623,-65254924
20:37:47.342,0,-7.2,38,0,0,500,1000000,77,-1085927,17979074,6,1017447,-65248996
20:37:47.347,0,-10.6,38,0,0,500,1000000,-36,-1152264,17972536,147,1015549,-65243664
20:37:47.352,0,-12.9,38,0,0,500,1000000,-21,-1160487,17966090,174,972033,-65238476
20:37:47.357,0,-12.7,38,0,0,500,1000000,-95,-1134547,17960966,14,1015828,-65233968
20:37:47.363,0,-10.6,42,0,0,500,1000000,-24,-1126908,17955746,-6,979880,-65228392
20:37:47.368,0,-6.9,42,0,0,500,1000000,-69,-1058030,17950104,266,992971,-65224092
20:37:47.373,0,-2.9,42,0,0,500,1000000,-25,-1032255,17945416,-118,1003238,-65218300
20:37:47.388,0,1.7,40,0,0,500,1000000,-2,-809161,17930778,538,989631,-65202348
20:37:47.393,0,1.3,40,0,0,500,1000000,72,-816304,17927024,-466,1013780,-65196232
20:37:47.398,0,0.7,40,0,0,500,1000000,9,-822267,17922410,670,901356,-65192868
20:37:47.403,0,-0.4,40,0,0,500,1000000,53,-837891,17919884,166,1015650,-65188952
20:37:47.408,0,-1.9,40,0,0,500,1000000,221,-961345,17914926,844,956872,-65183780
20:37:47.413,0,-4.6,40,0,0,500,1000000,-66,-1040939,17908860,-51,1044170,-65178832
20:37:47.418,0,-7.7,40,0,0,500,1000000,63,-1119042,17903374,975,934856,-65174120
20:37:47.423,0,-10.1,37,0,0,500,1000000,-174,-1146830,17897010,-531,1063800,-65167948
20:37:47.429,0,-11.7,37,0,0,500,1000000,123,-1194452,17891226,363,950542,-65163876
20:37:47.434,0,-10.9,37,0,0,500,1000000,-174,-1158975,17885020,-391,1047036,-65158072
20:37:47.439,0,-8.4,37,0,0,500,1000000,114,-1161544,17879578,322,956453,-65153932
20:37:47.444,0,-5.2,45,0,0,500,1000000,-218,-1073692,17874008,-456,1066823,-65147948
20:37:47.449,0,-2.0,45,0,0,500,1000000,60,-1028081,17869400,87,975248,-65143596
20:37:47.454,0,0.2,45,0,0,500,1000000,-54,-912306,17864760,318,988518,-65138592
20:37:47.459,0,1.7,45,0,0,500,1000000,23,-858574,17861050,-611,1067609,-65133148
20:37:47.464,0,2.4,45,0,0,500,1000000,62,-784627,17856936,830,928009,-65128848
20:37:47.469,0,2.4,45,0,0,500,1000000,73,-749106,17853630,-576,1036229,-65122588
20:37:47.474,0,2.0,45,0,0,500,1000000,75,-785969,17849176,1213,912271,-65119172
20:37:47.479,0,0.4,45,0,0,500,1000000,108,-861788,17844894,-62,1048536,-65112876
20:37:47.484,0,-2.3,38,0,0,500,1000000,199,-968515,17839898,835,938792,-65108412
20:37:47.489,0,-10.6,38,0,0,500,1000000,-90,-1040390,17833930,-110,1039448,-65103456
20:37:47.494,0,-13.7,38,0,0,500,1000000,-56,-1134910,17828292,636,967306,-65098352
20:37:47.499,0,-14.8,46,0,0,500,1000000,-91,-1164022,17821726,-186,1024987,-65092612
20:37:47.504,0,-13.0,46,0,0,500,1000000,-99,-1174170,17816256,689,971357,-65088648
20:37:47.510,0,-9.7,46,0,0,500,1000000,-47,-1130567,17809214,-524,1047859,-65082476
20:37:47.515,0,-5.6,46,0,0,500,1000000,50,-1074850,17804414,1028,948003,-65077756
20:37:47.520,0,-2.0,46,0,0,500,1000000,-143,-1006856,17800016,-401,1045409,-65072652
20:37:47.525,0,0.1,46,0,0,500,1000000,19,-963921,17794816,733,951844,-65067680
20:37:47.530,0,1.3,46,0,0,500,1000000,-93,-901211,17790942,-404,1054621,-65062616
20:37:47.535,0,1.3,46,0,0,500,1000000,23,-869674,17786936,901,921526,-65058072
20:37:47.540,0,0.6,41,0,0,500,1000000,0,-835506,17782606,-122,1051997,-65052988
20:37:47.545,0,-0.7,41,0,0,500,1000000,153,-882717,17778278,1136,921872,-65048172
20:37:47.550,0,-2.7,41,0,0,500,1000000,-14,-897282,17773302,-75,1030667,-65042268
20:37:47.555,0,-5.5,41,0,0,500,1000000,71,-983816,17768404,1322,947061,-65038444
20:37:47.560,0,-8.5,42,0,0,500,1000000,-96,-1059512,17762354,-360,1047361,-65032204
20:37:47.565,0,-10.4,42,0,0,500,1000000,22,-1107710,17756954,911,936308,-65028588
20:37:47.571,0,-11.0,42,0,0,500,1000000,-107,-1120692,17750734,-700,1057781,-65022336
20:37:47.576,0,-9.9,42,0,0,500,1000000,-18,-1126829,17745482,960,952701,-65017568
20:37:47.581,0,-7.4,42,0,0,500,1000000,-35,-1062705,17739868,-471,1064163,-65012284
20:37:47.586,0,-4.6,42,0,0,500,1000000,5,-1018066,17735272,796,906579,-65008008
20:37:47.591,0,-2.1,42,0,0,500,1000000,-202,-959002,17731130,-491,1083900,-65002468
20:37:47.596,0,-0.3,42,0,0,500,1000000,55,-933417,17726042,934,905461,-64997808
20:37:47.601,0,0.5,44,0,0,500,1000000,-6,-861351,17722314,-24,1022557,-64992148
20:37:47.606,0,0.4,44,0,0,500,1000000,302,-872039,17717518,156,982612,-64987616
20:37:47.611,0,-0.5,44,0,0,500,1000000,106,-870714,17713452,207,1020811,-64982284
20:37:47.616,0,-2.4,44,0,0,500,1000000,305,-942829,17708078,361,958877,-64978044
20:37:47.621,0,-5.2,38,0,0,500,1000000,10,-975600,17703404,347,1009257,-64972672
20:37:47.626,0,-8.3,38,0,0,500,1000000,143,-1099279,17696964,53,1007889,-64967916
20:37:47.631,0,-10.7,38,0,0,500,1000000,-68,-1133614,17691504,-4,1013777,-64962620
20:37:47.636,0,-11.8,38,0,0,500,1000000,55,-1182664,17684864,164,973069,-64957324
20:37:47.641,0,-11.0,38,0,0,500,1000000,-93,-1163075,17679494,-10,1028741,-64952652
20:37:47.646,0,-8.6,38,0,0,500,1000000,77,-1132880,17673418,105,969135,-64947224
20:37:47.651,0,-5.2,38,0,0,500,1000000,-99,-1064052,17668722,-120,1022157,-64941836
20:37:47.657,0,-2.1,38,0,0,500,1000000,-29,-1036925,17663182,-195,1008881,-64937012
20:37:47.662,0,0.0,47,0,0,500,1000000,-26,-965289,17658950,147,1010087,-64931884
20:37:47.667,0,1.4,47,0,0,500,1000000,96,-924785,17654010,-229,1002137,-64927224
20:37:47.672,0,1.7,47,0,0,500,1000000,79,-863653,17650282,279,1001792,-64922060
20:37:47.677,0,1.5,47,0,0,500,1000000,53,-836671,17645850,-569,1056795,-64916828
20:37:47.682,0,0.7,37,0,0,500,1000000,31,-807673,17642178,820,913650,-64912684
20:37:47.687,0,-0.4,37,0,0,500,1000000,39,-834503,17637594,-81,1046222,-64906484
20:37:47.692,0,-2.4,37,0,0,500,1000000,115,-931653,17632818,1302,943590,-64902620
20:37:47.697,0,-5.3,37,0,0,500,1000000,27,-1006932,17627082,-140,1026707,-64896712
20:37:47.702,0,-8.3,37,0,0,500,1000000,-34,-1089609,17621556,637,972857,-64891796
20:37:47.707,0,-11.0,37,0,0,500,1000000,-108,-1132410,17616182,-752,1056928,-64886588
20:37:47.712,0,-11.8,37,0,0,500,1000000,-17,-1141430,17609766,827,954131,-64881968
20:37:47.717,0,-10.6,37,0,0,500,1000000,-34,-1120796,17603754,-480,1022975,-64875784
20:37:47.722,0,-7.9,42,0,0,500,1000000,-48,-1102912,17598648,789,967944,-64871864
20:37:47.727,0,-4.6,42,0,0,500,1000000,-7,-1070762,17592882,-197,994348,-64865916
20:37:47.732,0,-1.6,42,0,0,500,1000000,-12,-1021079,17588298,624,946296,-64862172
20:37:47.737,0,0.2,42,0,0,500,1000000,-3,-981481,17583052,-850,1057011,-64855656
20:37:47.743,0,1.1,41,0,0,500,1000000,3,-923833,17579012,933,927168,-64852236
20:37:47.748,0,1.4,41,0,0,500,1000000,-34,-857165,17575310,-755,1054910,-64845804
20:37:47.753,0,1.3,41,0,0,500,1000000,22,-817425,17570908,1053,918140,-64842324
20:37:47.758,0,0.8,41,0,0,500,1000000,63,-805701,17567282,-415,1063499,-64835952
20:37:47.763,0,-0.1,41,0,0,500,1000000,-117,-862187,17562264,1159,911944,-64832508
20:37:47.768,0,-2.0,41,0,0,500,1000000,46,-897218,17558028,24,1026388,-64826756
20:37:47.773,0,-4.6,41,0,0,500,1000000,103,-1021030,17552754,886,968171,-64821624
20:37:47.778,0,-8.0,41,0,0,500,1000000,-139,-1077001,17546636,-188,1040085,-64816732
20:37:47.783,0,-10.7,35,0,0,500,1000000,-22,-1098966,17541388,843,941716,-64811976
20:37:47.788,0,-11.6,35,0,0,500,1000000,-99,-1094194,17535390,-557,1072955,-64806704
20:37:47.793,0,-10.8,35,0,0,500,1000000,12,-1113830,17530078,978,908767,-64802064
20:37:47.798,0,-7.8,35,0,0,500,1000000,-220,-1068459,17524338,-456,1063655,-64795912
20:37:47.803,0,-4.6,44,0,0,500,1000000,164,-1068545,17519348,662,935106,-64791980
20:37:47.808,0,-2.0,44,0,0,500,1000000,-190,-997589,17514146,-243,1060220,-64786076
20:37:47.813,0,-0.2,44,0,0,500,1000000,64,-975195,17509770,-224,989201,-64781548
20:37:47.818,0,0.4,44,0,0,500,1000000,-14,-915466,17504906,932,940944,-64776988
20:37:47.823,0,0.5,44,0,0,500,1000000,42,-903347,17500786,-491,1104522,-64771140
20:37:47.828,0,0.3,44,0,0,500,1000000,-8,-910372,17495736,1014,869862,-64767208
20:37:47.834,0,-0.5,44,0,0,500,1000000,10,-882295,17491756,-26,1033360,-64761184
20:37:47.839,0,-1.7,44,0,0,500,1000000,229,-966440,17486142,180,984186,-64756712
20:37:47.844,0,-3.7,39,0,0,500,1000000,-24,-965985,17481690,-143,1042610,-64751156
20:37:47.849,0,-5.6,39,0,0,500,1000000,31,-999013,17476030,662,933818,-64747184
20:37:47.854,0,-7.1,39,0,0,500,1000000,-105,-985162,17471496,-106,1047213,-64741372
20:37:47.859,0,-8.3,39,0,0,500,1000000,141,-1047122,17465480,705,931602,-64736264
20:37:47.864,0,-8.1,42,0,0,500,1000000,-46,-1016945,17460918,708,963056,-64732092
20:37:47.869,0,-7.3,42,0,0,500,1000000,-6,-1024303,17456216,-95,998367,-64725996
20:37:47.874,0,-6.1,42,0,0,500,1000000,-21,-1001344,17450698,474,986832,-64721880
20:37:47.879,0,-3.8,42,0,0,500,1000000,54,-988980,17446156,122,977422,-64716140
20:37:47.884,0,-3.1,42,0,0,500,1000000,-12,-951358,17441072,853,947788,-64712300
20:37:47.889,0,-2.9,42,0,0,500,1000000,27,-959097,17436604,-609,1054576,-64705800
20:37:47.894,0,-3.0,42,0,0,500,1000000,19,-965165,17431174,836,937845,-64701412
20:37:47.900,0,-3.5,41,0,0,500,1000000,5,-962342,17426730,-559,1053730,-64696156
20:37:47.905,0,-4.5,41,0,0,500,1000000,-6,-996067,17419436,697,981534,-64690396
20:37:47.910,0,-5.4,41,0,0,500,1000000,44,-1012657,17414730,280,966031,-64684716
20:37:47.915,0,-6.1,41,0,0,500,1000000,-37,-981845,17409386,743,937067,-64680928
20:37:47.920,0,-6.5,41,0,0,500,1000000,-26,-1002358,17404734,-613,1049769,-64674372
20:37:47.925,0,-6.5,41,0,0,500,1000000,40,-1029667,17400606,1129,919536,-64671960
20:37:47.930,0,-6.2,41,0,0,500,1000000,-71,-1011856,17395978,-487,1054483,-64665712
20:37:47.935,0,-5.9,41,0,0,500,1000000,19,-1041739,17390132,1139,934747,-64662080
20:37:47.940,0,-5.5,41,0,0,500,1000000,-69,-1025637,17385420,-509,1081335,-64655604
20:37:47.945,0,-4.9,41,0,0,500,1000000,-17,-1018280,17379706,867,893529,-64651400
20:37:47.950,0,-4.3,41,0,0,500,1000000,-120,-970505,17375378,3,1019162,-64646520
20:37:47.955,0,-3.5,41,0,0,500,1000000,17,-984620,17370808,2,992583,-64640704
20:37:47.960,0,-2.9,42,0,0,500,1000000,-43,-962688,17365574,652,967617,-64636784
20:37:47.965,0,-2.6,42,0,0,500,1000000,7,-964094,17361106,37,998324,-64630840
20:37:47.970,0,-2.8,42,0,0,500,1000000,-58,-961522,17355756,896,974158,-64626788
20:37:47.975,0,-3.2,42,0,0,500,1000000,21,-980225,17351194,-209,1007506,-64620664
20:37:47.981,0,-3.7,39,0,0,500,1000000,-45,-960059,17345910,629,955115,-64616020
20:37:47.986,0,-4.3,39,0,0,500,1000000,88,-964328,17341454,-727,1067397,-64610552
20:37:47.991,0,-4.7,39,0,0,500,1000000,-9,-1001550,17335710,898,942623,-64606136
20:37:47.996,0,-4.8,39,0,0,500,1000000,-9,-1001779,17331130,-551,1048233,-64600784
20:37:48.001,0,-4.9,39,0,0,500,1000000,-5,-1034891,17325226,987,947229,-64596232
20:37:48.006,0,-4.9,39,0,0,500,1000000,97,-1043363,17320276,-612,1075283,-64590700
20:37:48.011,0,-4.5,39,0,0,500,1000000,-1,-1042449,17314526,904,915653,-64586332
20:37:48.016,0,-4.2,39,0,0,500,1000000,-194,-1014385,17309926,-636,1066896,-64580016
20:37:48.021,0,-3.7,43,0,0,500,1000000,28,-1035261,17304084,603,946254,-64576080
20:37:48.026,0,-3.1,43,0,0,500,1000000,-206,-999216,17299630,-430,1054452,-64570068
20:37:48.031,0,-2.5,43,0,0,500,1000000,13,-996351,17294032,1132,927291,-64565528
20:37:48.036,0,-2.1,43,0,0,500,1000000,-165,-956209,17289746,-464,1061991,-64560172
20:37:48.041,0,-1.8,43,0,0,500,1000000,120,-958016,17285322,212,962897,-64555996
20:37:48.046,0,-1.7,40,0,0,500,1000000,11,-901891,17280520,197,1001423,-64550808
20:37:48.051,0,-1.9,40,0,0,500,1000000,67,-923405,17276154,270,965735,-64545308
20:37:48.056,0,-2.6,40,0,0,500,1000000,-44,-929940,17270970,51,1025452,-64540744
20:37:48.061,0,-3.6,40,0,0,500,1000000,274,-980843,17266254,770,937770,-64535704
20:37:48.066,0,-4.8,40,0,0,500,1000000,-45,-990399,17260686,88,1015659,-64531064
20:37:48.072,0,-6.0,40,0,0,500,1000000,96,-1057922,17255546,97,982535,-64525420
20:37:48.077,0,-6.7,40,0,0,500,1000000,-138,-1047579,17249838,-249,1035101,-64519852
20:37:48.082,0,-6.7,40,0,0,500,1000000,118,-1063598,17244886,231,967059,-64515688
20:37:48.087,0,-6.1,40,0,0,500,1000000,-149,-1043234,17239182,-359,1053515,-64509800
20:37:48.092,0,-4.9,40,0,0,500,1000000,31,-1046954,17234274,536,942008,-64505820
20:37:48.097,0,-3.4,40,0,0,500,1000000,-65,-995206,17229840,-93,1036882,-64500164
20:37:48.102,0,-2.3,40,0,0,500,1000000,182,-1000901,17224294,167,971759,-64495732
20:37:48.107,0,-1.7,40,0,0,500,1000000,-41,-953987,17220090,-103,1040051,-64490168
20:37:48.107,0,-1.7,40,0,0,500,1000000,85,-949766,17214868,1015,912932,-64485304
20:37:48.112,0,-1.8,40,0,0,500,1000000,-24,-919837,17210650,403,996711,-64480796
20:37:48.117,0,-2.5,40,0,0,500,1000000,53,-984152,17205078,242,972031,-64475112
20:37:48.122,0,-3.5,40,0,0,500,1000000,-41,-979361,17200446,393,998201,-64469948
20:37:48.127,0,-4.8,40,0,0,500,1000000,13,-1019779,17194782,-95,1003662,-64465224
20:37:48.132,0,-5.8,40,0,0,500,1000000,-20,-1023760,17189960,68,1022796,-64459880
20:37:48.137,0,-6.7,40,0,0,500,1000000,90,-1030584,17184252,21,990225,-64455284
20:37:48.142,0,-7.0,40,0,0,500,1000000,-39,-996118,17179798,444,985224,-64450288
20:37:48.147,0,-6.4,40,0,0,500,1000000,-66,-1005487,17175106,-466,1067862,-64445000
20:37:48.153,0,-5.7,40,0,0,500,1000000,73,-1008067,17169466,929,931257,-64440524
20:37:48.158,0,-4.8,40,0,0,500,1000000,-162,-981652,17165018,-506,1061029,-64435228
20:37:48.163,0,-3.9,40,0,0,500,1000000,22,-994703,17159430,1100,933280,-64430508
20:37:48.168,0,-3.6,41,0,0,500,1000000,-238,-963697,17155128,-567,1063934,-64424156
20:37:48.173,0,-3.6,41,0,0,500,1000000,12,-955338,17149834,986,908375,-64420764
20:37:48.178,0,-3.7,41,0,0,500,1000000,12,-924857,17145720,-262,1059670,-64414636
20:37:48.183,0,-4.0,41,0,0,500,1000000,106,-982748,17140078,349,960071,-64410492
20:37:48.188,0,-4.5,41,0,0,500,1000000,-58,-972311,17135582,-137,1031030,-64404904
20:37:48.193,0,-5.1,41,0,0,500,1000000,82,-1027216,17129774,979,943222,-64399884
20:37:48.198,0,-5.8,41,0,0,500,1000000,-66,-1035243,17124840,-87,1042993,-64395036
20:37:48.203,0,-6.7,41,0,0,500,1000000,94,-1062424,17118914,759,932796,-64389984
20:37:48.208,0,-7.3,40,0,0,500,1000000,-74,-1032966,17114220,255,999727,-64385420
20:37:48.213,0,-7.3,40,0,0,500,1000000,34,-1063856,17108250,-59,1008673,-64379576
20:37:48.218,0,-7.0,40,0,0,500,1000000,-56,-1044651,17103418,93,1015303,-64374316
20:37:48.223,0,-6.1,40,0,0,500,1000000,0,-1046465,17098554,-54,998784,-64369736
20:37:48.228,0,-4.9,43,0,0,500,1000000,1,-1016611,17093078,103,1018802,-64364448
20:37:48.234,0,-3.7,43,0,0,500,1000000,7,-1002196,17088474,-526,1021817,-64359484
20:37:48.239,0,-2.8,43,0,0,500,1000000,8,-943008,17083434,745,941183,-64355028
20:37:48.244,0,-2.1,43,0,0,500,1000000,-2,-919021,17079276,-804,1075329,-64349536
20:37:48.249,0,-1.6,43,0,0,500,1000000,25,-914390,17074198,988,931899,-64344992
20:37:48.254,0,-1.4,43,0,0,500,1000000,-43,-906703,17070086,-600,1036752,-64338696
20:37:48.264,0,-1.8,43,0,0,500,1000000,100,-944478,17063862,760,945555,-64334220
20:37:48.269,0,-2.8,40,0,0,500,1000000,33,-994283,17059128,-509,1063012,-64328832
20:37:48.274,0,-4.1,40,0,0,500,1000000,7,-1037180,17054062,833,940638,-64324328
20:37:48.279,0,-5.6,40,0,0,500,1000000,-66,-1046805,17048336,-589,1045762,-64318060
20:37:48.284,0,-6.6,40,0,0,500,1000000,14,-1083315,17043098,1169,950134,-64314256
20:37:48.284,0,-6.6,40,0,0,500,1000000,-180,-1070833,17038090,-596,1053790,-64309076
20:37:48.289,0,-7.0,42,0,0,500,1000000,0,-1072713,17032250,1109,937280,-64304508
20:37:48.294,0,-6.3,42,0,0,500,1000000,-90,-1052932,17027436,-739,1070279,-64299084
20:37:48.299,0,-4.8,42,0,0,500,1000000,45,-1037026,17022638,1087,922743,-64294468
20:37:48.304,0,-3.3,42,0,0,500,1000000,-242,-968624,17017604,-384,1053884,-64289288
20:37:48.309,0,-0.8,42,0,0,500,1000000,10,-946956,17013252,1164,918536,-64284712
20:37:48.314,0,-0.4,42,0,0,500,1000000,-139,-901069,17008508,-546,1083193,-64278168
20:37:48.319,0,-0.1,42,0,0,500,1000000,207,-904668,17004258,922,897759,-64274804
20:37:48.325,0,-0.3,41,0,0,500,1000000,3,-870482,16999642,6,1028541,-64269040
20:37:48.330,0,-0.8,41,0,0,500,1000000,243,-943687,16994970,255,978938,-64264572
20:37:48.335,0,-2.1,41,0,0,500,1000000,-31,-957363,16989658,-57,1034528,-64259052
20:37:48.340,0,-3.8,41,0,0,500,1000000,134,-1006187,16984758,1110,937123,-64254144
20:37:48.345,0,-5.7,41,0,0,500,1000000,-97,-1023193,16978988,-300,1058528,-64249016
20:37:48.350,0,-7.4,41,0,0,500,1000000,74,-1070586,16973788,917,928308,-64244196
20:37:48.355,0,-8.0,41,0,0,500,1000000,-64,-1046554,16968090,-16,1021857,-64239472
20:37:48.360,0,-7.7,41,0,0,500,1000000,87,-1068172,16963090,77,970588,-64233908
20:37:48.365,0,-6.6,42,0,0,500,1000000,-81,-1010907,16957740,-147,1043784,-64228296
20:37:48.370,0,-5.1,42,0,0,500,1000000,90,-987574,16953238,88,970072,-64223956
20:37:48.376,0,-3.7,42,0,0,500,1000000,-17,-935250,16949078,588,991660,-64218844
20:37:48.381,0,-2.6,42,0,0,500,1000000,43,-941294,16943974,-468,1058484,-64213472
20:37:48.386,0,-2.1,42,0,0,500,1000000,20,-943937,16938742,662,914791,-64209356
20:37:48.391,0,-2.4,42,0,0,500,1000000,-72,-953085,16934296,-294,1054310,-64204028
20:37:48.396,0,-3.3,42,0,0,500,1000000,-9,-1019840,16929236,1278,939311,-64199316
20:37:48.401,0,-5.0,42,0,0,500,1000000,-50,-1032906,16923570,-345,1039104,-64193124
20:37:48.406,0,-6.5,39,0,0,500,1000000,26,-1049173,16918574,1036,925304,-64189616
20:37:48.411,0,-7.5,39,0,0,500,1000000,-52,-1042085,16912942,-475,1081917,-64183116
20:37:48.416,0,-7.9,39,0,0,500,1000000,41,-1069129,16907820,826,919926,-64179444
20:37:48.422,0,-7.1,39,0,0,500,1000000,-250,-1021694,16901514,-524,1068715,-64172380
20:37:48.427,0,-5.8,39,0,0,500,1000000,-13,-1016344,16895868,1099,914932,-64167720
20:37:48.432,0,-4.5,39,0,0,500,1000000,-182,-947026,16891800,-390,1065493,-64162536
20:37:48.437,0,-3.3,39,0,0,500,1000000,151,-922291,16887546,830,909143,-64157704
20:37:48.442,0,-2.3,39,0,0,500,1000000,-24,-857079,16883098,827,964941,-64153464
20:37:48.447,0,-1.9,41,0,0,500,1000000,69,-878496,16879694,-580,1049831,-64148108
20:37:48.452,0,-2.0,41,0,0,500,1000000,-45,-910520,16874456,783,931149,-64143840
20:37:48.457,0,-3.0,41,0,0,500,1000000,-4,-947206,16869996,-133,1039635,-64138664
20:37:48.462,0,-4.7,41,0,0,500,1000000,36,-1045298,16863802,1089,965783,-64133808
20:37:48.467,0,-7.2,40,0,0,500,1000000,-18,-1073816,16858766,-551,1037645,-64128608
20:37:48.472,0,-9.4,40,0,0,500,1000000,-46,-1072604,16852788,683,946095,-64124104
20:37:48.477,0,-10.0,40,0,0,500,1000000,-54,-1079357,16847690,-693,1081788,-64118528
20:37:48.483,0,-9.7,40,0,0,500,1000000,8,-1094306,16842568,1059,922485,-64114092
20:37:48.488,0,-7.6,40,0,0,500,1000000,-285,-1051599,16836926,-599,1057125,-64107828
20:37:48.493,0,-5.0,40,0,0,500,1000000,49,-1057895,16832014,1016,931910,-64104080
20:37:48.498,0,-3.0,40,0,0,500,1000000,-53,-1001057,16826744,-425,1092369,-64097596
20:37:48.503,0,-1.4,40,0,0,500,1000000,194,-983348,16822220,706,918685,-64094016
20:37:48.508,0,-0.7,44,0,0,500,1000000,-60,-915874,16817466,508,986877,-64088720
20:37:48.513,0,-0.5,44,0,0,500,1000000,30,-919131,16813202,-691,1066015,-64083232
20:37:48.518,0,-0.5,44,0,0,500,1000000,166,-910515,16808206,643,912317,-64079128
20:37:48.523,0,-0.9,44,0,0,500,1000000,-22,-910048,16803998,-370,1058607,-64073764
20:37:48.528,0,-1.5,39,0,0,500,1000000,-4,-976523,16798366,1175,924005,-64069228
20:37:48.533,0,-2.8,39,0,0,500,1000000,-13,-990828,16793706,-354,1067912,-64062684
20:37:48.538,0,-4.3,39,0,0,500,1000000,10,-1026954,16787904,885,896915,-64059484
20:37:48.543,0,-5.6,39,0,0,500,1000000,-138,-1015241,16783226,-368,1066947,-64053220
20:37:48.548,0,-6.6,39,0,0,500,1000000,164,-1060426,16777252,112,980570,-64048892
20:37:48.553,0,-6.4,39,0,0,500,1000000,-56,-1028221,16772570,400,993271,-64043764
20:37:48.558,0,-5.7,39,0,0,500,1000000,-15,-1035824,16766917,-63,995630,-64037984
20:37:48.563,0,-4.3,39,0,0,500,1000000,-3,-1000617,16762353,629,986995,-64033848
20:37:48.569,0,-3.0,42,0,0,500,1000000,9,-973242,16757105,-110,979273,-64028048
20:37:48.574,0,-2.1,42,0,0,500,1000000,-312,-927073,16753017,660,909468,-64024512
20:37:48.579,0,-1.4,42,0,0,500,1000000,50,-918780,16748041,-609,1077689,-64017784
20:37:48.584,0,-1.4,42,0,0,500,1000000,-20,-935779,16743562,731,912865,-64013652
20:37:48.589,0,-1.5,38,0,0,500,1000000,15,-945476,16738425,-296,1055464,-64008312
20:37:48.594,0,-2.1,38,0,0,500,1000000,12,-1013130,16733461,1138,933673,-64003752
20:37:48.599,0,-3.3,38,0,0,500,1000000,-21,-1029382,16727738,-567,1068834,-63998228
20:37:48.604,0,-4.8,38,0,0,500,1000000,-17,-1050247,16722777,801,911921,-63993852
20:37:48.609,0,-6.0,38,0,0,500,1000000,-184,-1026709,16718020,-209,1052965,-63988744
20:37:48.614,0,-6.8,38,0,0,500,1000000,138,-1060727,16712090,413,947250,-63983452
20:37:48.619,0,-6.5,38,0,0,500,1000000,83,-1013819,16707529,337,1000859,-63978220
20:37:48.624,0,-5.5,38,0,0,500,1000000,14,-1007299,16702084,-672,1032644,-63973100
20:37:48.629,0,-4.1,42,0,0,500,1000000,-29,-962878,16697738,532,986760,-63968228
20:37:48.634,0,-2.9,42,0,0,500,1000000,65,-916567,16692884,-489,1042037,-63963116
20:37:48.639,0,-2.0,42,0,0,500,1000000,-28,-877695,16688197,668,949879,-63957772
20:37:48.644,0,-1.8,39,0,0,500,1000000,117,-916445,16683134,-480,1053782,-63952440
20:37:48.649,0,-2.7,39,0,0,500,1000000,7,-951799,16678502,657,956360,-63947864
20:37:48.654,0,-4.4,39,0,0,500,1000000,-1,-988999,16673782,-147,1025026,-63942972
20:37:48.660,0,-6.4,39,0,0,500,1000000,-1,-1049684,16668605,993,959963,-63939068
20:37:48.665,0,-8.4,39,0,0,500,1000000,-17,-1076063,16662646,-597,1036278,-63932840
20:37:48.670,0,-9.1,39,0,0,500,1000000,23,-1066242,16657674,561,945847,-63928332
20:37:48.675,0,-8.6,39,0,0,500,1000000,-14,-1064100,16651849,-753,1072429,-63922892
20:37:48.680,0,-7.2,39,0,0,500,1000000,-76,-1064939,16646832,954,928887,-63918416
20:37:48.685,0,-5.0,39,0,0,500,1000000,-90,-1021810,16641365,-610,1062140,-63913072
20:37:48.690,0,-3.3,43,0,0,500,1000000,-33,-997874,16636777,987,921781,-63908540
20:37:48.695,0,-2.1,43,0,0,500,1000000,-138,-942303,16632620,-382,1067725,-63903280
20:37:48.700,0,-1.6,43,0,0,500,1000000,83,-936761,16627516,1013,909034,-63898536
20:37:48.705,0,-1.8,43,0,0,500,1000000,-7,-885333,16623608,-23,1023240,-63892752
20:37:48.710,0,-2.7,38,0,0,500,1000000,275,-953846,16618205,228,982294,-63888316
20:37:48.715,0,-4.3,38,0,0,500,1000000,-29,-966553,16613565,6,1027017,-63882836
20:37:48.720,0,-6.2,38,0,0,500,1000000,88,-1027211,16607737,189,969247,-63878724
20:37:48.725,0,-7.9,38,0,0,500,1000000,-65,-1041599,16602818,-161,1046957,-63872896
20:37:48.730,0,-9.2,38,0,0,500,1000000,71,-1077346,16596776,846,938185,-63867852
20:37:48.735,0,-9.0,38,0,0,500,1000000,-165,-1037235,16592164,-160,1032188,-63863004
20:37:48.741,0,-7.9,38,0,0,500,1000000,-5,-1052317,16586296,764,949352,-63857896
20:37:48.746,0,-6.2,38,0,0,500,1000000,-230,-1017538,16581689,-290,1049384,-63852936
20:37:48.751,0,-4.3,43,0,0,500,1000000,-14,-1010988,16576169,1097,920202,-63848076
20:37:48.756,0,-2.9,43,0,0,500,1000000,-52,-966196,16571852,23,1023802,-63843232
20:37:48.761,0,-2.0,43,0,0,500,1000000,175,-976646,16566421,186,969545,-63837676
20:37:48.766,0,-1.7,43,0,0,500,1000000,-39,-932246,16562252,-140,1037992,-63832088
20:37:48.771,0,-1.8,40,0,0,500,1000000,125,-934586,16557162,362,949529,-63827960
20:37:48.776,0,-2.5,40,0,0,500,1000000,-81,-928046,16552866,-139,1044168,-63822228
20:37:48.781,0,-3.5,40,0,0,500,1000000,274,-990674,16547996,474,950574,-63818156
20:37:48.786,0,-4.7,40,0,0,500,1000000,-11,-994112,16542553,55,1013513,-63812700
20:37:48.791,0,-5.9,40,0,0,500,1000000,67,-1065528,16536489,124,982511,-63807216
20:37:48.796,0,-6.8,40,0,0,500,1000000,-38,-1067168,16531473,36,1020223,-63802688
20:37:48.801,0,-7.2,40,0,0,500,1000000,53,-1071254,16525610,319,952826,-63797468
20:37:48.806,0,-6.6,40,0,0,500,1000000,-34,-1046318,16520834,-201,1043544,-63791724
20:37:48.812,0,-5.6,42,0,0,500,1000000,-7,-1054445,16515897,7,996616,-63787104
20:37:48.817,0,-4.0,42,0,0,500,1000000,-31,-1014114,16510468,189,997622,-63782012
20:37:48.822,0,-2.4,42,0,0,500,1000000,4,-1000558,16505881,-591,1030155,-63777096
20:37:48.827,0,-1.4,42,0,0,500,1000000,1,-960138,16500666,341,1001819,-63772096
20:37:48.832,0,-0.8,41,0,0,500,1000000,47,-927973,16494921,842,924680,-63765916
20:37:48.837,0,-0.6,41,0,0,500,1000000,-5,-889764,16491717,804,952679,-63762608
20:37:48.842,0,-0.8,41,0,0,500,1000000,77,-907371,16487452,-460,1063508,-63757240
20:37:48.847,0,-1.5,41,0,0,500,1000000,-31,-949190,16481994,999,936737,-63752756
20:37:48.852,0,-2.8,41,0,0,500,1000000,6,-983380,16477309,-145,1023152,-63746620
20:37:48.857,0,-4.3,41,0,0,500,1000000,-24,-1038185,16471385,1069,957703,-63742756
20:37:48.862,0,-6.2,41,0,0,500,1000000,-20,-1058206,16466389,-312,1026957,-63736540
20:37:48.867,0,-7.5,41,0,0,500,1000000,-118,-1033199,16460778,660,934517,-63733008
20:37:48.872,0,-7.7,40,0,0,500,1000000,-8,-1018705,16456121,-754,1055306,-63726620
20:37:48.877,0,-7.2,40,0,0,500,1000000,-49,-1017667,16451338,1131,941277,-63722956
20:37:48.882,0,-5.8,40,0,0,500,1000000,28,-992589,16446058,-377,1026754,-63716720
20:37:48.887,0,-4.3,40,0,0,500,1000000,-50,-974080,16441624,826,968337,-63711968
20:37:48.893,0,-3.3,40,0,0,500,1000000,27,-977239,16436250,-561,1056303,-63706732
20:37:48.898,0,-2.9,40,0,0,500,1000000,39,-970114,16431717,768,942597,-63702144
20:37:48.903,0,-3.2,40,0,0,500,1000000,44,-957777,16426589,-509,1040894,-63696928
20:37:48.908,0,-3.9,40,0,0,500,1000000,72,-974250,16421949,702,969863,-63692124
20:37:48.913,0,-4.9,40,0,0,500,1000000,8,-1007571,16416310,-313,1032981,-63687048
20:37:48.918,0,-5.7,40,0,0,500,1000000,17,-1011705,16411617,689,961648,-63682368
20:37:48.923,0,-6.3,40,0,0,500,1000000,-119,-1042094,16405785,-235,1027462,-63676252
20:37:48.928,0,-6.6,40,0,0,500,1000000,-15,-1049239,16400817,971,962351,-63672376
20:37:48.933,0,-6.5,41,0,0,500,1000000,-6,-1038093,16395225,-232,1004995,-63666380
20:37:48.938,0,-6.0,41,0,0,500,1000000,-32,-1013085,16390572,470,997369,-63661308
20:37:48.943,0,-5.1,41,0,0,500,1000000,19,-1008468,16385053,-221,993460,-63655400
20:37:48.948,0,-4.1,41,0,0,500,1000000,-23,-964622,16379898,592,941195,-63651708
20:37:48.953,0,-3.0,41,0,0,500,1000000,37,-954258,16375528,-428,1036057,-63645368
20:37:48.958,0,-2.2,41,0,0,500,1000000,-22,-952588,16370216,1062,943500,-63641764
20:37:48.963,0,-2.1,41,0,0,500,1000000,33,-946607,16365850,-243,1022123,-63635532
20:37:48.968,0,-2.6,41,0,0,500,1000000,-6,-948974,16361445,964,920400,-63632088
20:37:48.973,0,-3.6,41,0,0,500,1000000,-199,-959824,16356956,-310,1067362,-63626712
20:37:48.979,0,-4.9,41,0,0,500,1000000,6,-1025383,16351065,1083,922850,-63622128
20:37:48.984,0,-6.0,41,0,0,500,1000000,-159,-1022754,16346396,-471,1046956,-63615928
20:37:48.989,0,-6.8,41,0,0,500,1000000,24,-1064730,16340333,887,949157,-63612072
20:37:48.994,0,-7.2,40,0,0,500,1000000,-15,-1051296,16335490,-581,1065950,-63605820
20:37:48.999,0,-7.1,40,0,0,500,1000000,7,-1044479,16329765,698,919302,-63601404
20:37:49.004,0,-6.2,40,0,0,500,1000000,-195,-1014585,16325165,-289,1057066,-63596256
20:37:49.009,0,-5.2,40,0,0,500,1000000,33,-1044644,16319261,810,942134,-63591152
20:37:49.014,0,-4.2,41,0,0,500,1000000,-105,-1002341,16314825,-116,1031376,-63586392
20:37:49.019,0,-3.2,41,0,0,500,1000000,54,-1013595,16309246,1118,945368,-63581256
20:37:49.024,0,-2.7,41,0,0,500,1000000,-140,-979716,16304816,-200,1050980,-63576316
20:37:49.029,0,-2.6,41,0,0,500,1000000,73,-968159,16299472,925,920713,-63571392
20:37:49.034,0,-2.6,41,0,0,500,1000000,-39,-915901,16295417,-126,1045239,-63565452
20:37:49.039,0,-2.7,41,0,0,500,1000000,127,-941838,16290189,384,951707,-63561384
20:37:49.044,0,-3.1,41,0,0,500,1000000,-28,-922686,16285964,-182,1050279,-63555528
20:37:49.049,0,-3.9,39,0,0,500,1000000,-37,-955508,16280549,847,928457,-63551716
20:37:49.054,0,-4.8,39,0,0,500,1000000,-6,-964308,16276089,-42,1037785,-63546012
20:37:49.059,0,-5.8,39,0,0,500,1000000,207,-1039576,16270058,703,940838,-63540844
20:37:49.065,0,-6.6,39,0,0,500,1000000,-65,-1024196,16265337,80,1011613,-63536272
20:37:49.070,0,-7.1,43,0,0,500,1000000,146,-1064455,16259389,195,967668,-63530888
20:37:49.075,0,-7.1,43,0,0,500,1000000,-200,-1054611,16254501,-107,1032274,-63526196
20:37:49.080,0,-6.3,43,0,0,500,1000000,262,-1068386,16249528,688,935915,-63521084
20:37:49.085,0,-5.0,43,0,0,500,1000000,-94,-1034171,16243988,-155,1040098,-63515360
20:37:49.090,0,-3.8,43,0,0,500,1000000,1,-1043306,16239080,11,1000273,-63510704
20:37:49.095,0,-2.5,43,0,0,500,1000000,-40,-988726,16233772,29,1024829,-63505372
20:37:49.100,0,-1.7,43,0,0,500,1000000,89,-968785,16229417,76,974426,-63500956
20:37:49.105,0,-1.2,43,0,0,500,1000000,-32,-922087,16224468,-40,1036107,-63495516
20:37:49.110,0,-0.9,43,0,0,500,1000000,209,-933501,16220077,267,964408,-63491084
20:37:49.115,0,-1.0,43,0,0,500,1000000,-2,-896972,16215301,502,986805,-63485996
20:37:49.120,0,-1.3,43,0,0,500,1000000,67,-938501,16210790,185,977340,-63480268
20:37:49.125,0,-2.3,43,0,0,500,1000000,26,-958244,16205370,480,994814,-63476052
20:37:49.130,0,-3.6,41,0,0,500,1000000,100,-1002440,16200538,154,967847,-63470520
20:37:49.135,0,-5.0,41,0,0,500,1000000,-51,-1010093,16194970,329,1009974,-63465192
20:37:49.140,0,-6.3,41,0,0,500,1000000,16,-1052466,16189976,-581,1031403,-63460208
20:37:49.146,0,-6.8,41,0,0,500,1000000,-35,-1046865,16184146,705,951571,-63455684
20:37:49.151,0,-6.7,41,0,0,500,1000000,0,-1042088,16179337,-583,1056338,-63450300
20:37:49.156,0,-5.9,41,0,0,500,1000000,-13,-1034095,16173581,1025,945670,-63445728
20:37:49.161,0,-4.9,41,0,0,500,1000000,-68,-996516,16168308,-708,1054228,-63439220
20:37:49.166,0,-3.8,41,0,0,500,1000000,-20,-964087,16163913,731,895815,-63436040
20:37:49.171,0,-2.9,43,0,0,500,1000000,-91,-921786,16159865,-544,1093150,-63429396
20:37:49.176,0,-2.1,43,0,0,500,1000000,185,-944960,16155366,661,933510,-63425660
20:37:49.181,0,-1.9,43,0,0,500,1000000,3,-915205,16150460,316,996674,-63420348
20:37:49.186,0,-2.1,43,0,0,500,1000000,46,-952388,16145909,-100,1005939,-63415500
20:37:49.191,0,-3.1,39,0,0,500,1000000,17,-985797,16140344,349,1003060,-63410444
20:37:49.196,0,-4.6,39,0,0,500,1000000,47,-1028674,16135397,-173,1001623,-63405648
20:37:49.201,0,-6.0,39,0,0,500,1000000,-29,-1033321,16129688,918,954055,-63401048
20:37:49.206,0,-7.3,39,0,0,500,1000000,28,-1060436,16124658,-796,1049627,-63394504
20:37:49.211,0,-7.5,39,0,0,500,1000000,-42,-1067937,16118657,797,899077,-63391304
20:37:49.216,0,-6.9,39,0,0,500,1000000,-211,-1040573,16113925,-771,1079906,-63384740
20:37:49.221,0,-5.5,39,0,0,500,1000000,-31,-1039561,16108200,789,940201,-63380984
20:37:49.227,0,-4.1,39,0,0,500,1000000,-46,-974637,16103978,-382,1075497,-63374812
20:37:49.232,0,-2.5,43,0,0,500,1000000,0,-939882,16098890,715,918215,-63371184
20:37:49.237,0,-1.4,43,0,0,500,1000000,-22,-884396,16094994,59,1029106,-63365492
20:37:49.242,0,-0.9,43,0,0,500,1000000,164,-903861,16089948,354,956526,-63360040
20:37:49.247,0,-0.8,43,0,0,500,1000000,5,-876859,16086016,763,933607,-63356200
20:37:49.252,0,-1.4,39,0,0,500,1000000,73,-923358,16080872,-276,1032678,-63349940
20:37:49.257,0,-2.8,39,0,0,500,1000000,20,-980018,16075956,1145,954490,-63346152
20:37:49.262,0,-4.7,39,0,0,500,1000000,93,-1025657,16070218,-15,1000133,-63340208
20:37:49.267,0,-6.5,39,0,0,500,1000000,-54,-1031369,16065368,567,988444,-63335204
20:37:49.272,0,-8.1,39,0,0,500,1000000,12,-1070396,16060246,-496,1042973,-63329960
20:37:49.278,0,-8.6,39,0,0,500,1000000,-110,-1081508,16054232,598,960187,-63325356
20:37:49.283,0,-7.9,39,0,0,500,1000000,-41,-1074829,16049198,-741,1053621,-63320108
20:37:49.288,0,-6.5,39,0,0,500,1000000,-31,-1056781,16043434,902,955366,-63315456
20:37:49.293,0,-4.9,43,0,0,500,1000000,13,-1008021,16039017,-612,1072901,-63310020
20:37:49.298,0,-3.3,43,0,0,500,1000000,-41,-959888,16033921,850,906993,-63305820
20:37:49.303,0,-2.2,43,0,0,500,1000000,-104,-911946,16029901,-455,1078441,-63299316
20:37:49.308,0,-1.6,43,0,0,500,1000000,102,-938222,16024600,971,923358,-63295584
20:37:49.313,0,-1.8,39,0,0,500,1000000,-9,-911501,16020461,-125,1028848,-63289828
20:37:49.318,0,-2.5,39,0,0,500,1000000,109,-971305,16014888,285,967352,-63285600
20:37:49.323,0,-4.0,39,0,0,500,1000000,-5,-991696,16010173,-136,1047419,-63279884
20:37:49.328,0,-5.8,39,0,0,500,1000000,15,-1032579,16004349,1012,920111,-63275108
20:37:49.333,0,-7.2,39,0,0,500,1000000,-80,-1017637,15999734,19,1014132,-63270388
20:37:49.338,0,-8.3,39,0,0,500,1000000,-13,-1060565,15991865,1141,931926,-63263236
20:37:49.343,0,-8.3,39,0,0,500,1000000,-75,-1040184,15987108,-621,1058408,-63258016
20:37:49.348,0,-7.4,39,0,0,500,1000000,-30,-1044124,15982269,1114,925503,-63253448
20:37:49.354,0,-5.9,43,0,0,500,1000000,-131,-1004956,15976857,-443,1079837,-63248156
20:37:49.359,0,-4.4,43,0,0,500,1000000,40,-1002941,15973929,-827,1054085,-63244244
20:37:49.364,0,-2.9,43,0,0,500,1000000,-5,-954208,15968849,532,890414,-63240400
20:37:49.369,0,-1.9,43,0,0,500,1000000,-124,-914221,15964702,-466,1077211,-63234904
20:37:49.374,0,-1.3,40,0,0,500,1000000,98,-939917,15959465,909,925192,-63229964
20:37:49.379,0,-1.3,40,0,0,500,1000000,15,-918396,15955272,-110,1038487,-63224148
20:37:49.384,0,-1.6,40,0,0,500,1000000,179,-977880,15949676,429,956812,-63219960
20:37:49.389,0,-2.4,40,0,0,500,1000000,-4,-999499,15944921,-234,1057686,-63214044
20:37:49.394,0,-3.9,40,0,0,500,1000000,139,-1048811,15939000,516,944611,-63210092
20:37:49.399,0,-5.3,40,0,0,500,1000000,-55,-1032366,15934246,279,1002268,-63204812
20:37:49.404,0,-6.6,40,0,0,500,1000000,2,-1060753,15928376,-663,1053593,-63199536
20:37:49.409,0,-6.9,40,0,0,500,1000000,55,-1049820,15923497,885,952212,-63195036
20:37:49.414,0,-6.4,41,0,0,500,1000000,-41,-1041127,15917737,-698,1034805,-63188752
20:37:49.419,0,-3.7,41,0,0,500,1000000,-20,-1025395,15913062,1018,947572,-63185056
20:37:49.424,0,-2.4,41,0,0,500,1000000,6,-986800,15908632,-571,1052407,-63178596
20:37:49.430,0,-1.4,39,0,0,500,1000000,-35,-944057,15903528,876,896842,-63175448
20:37:49.435,0,-0.9,39,0,0,500,1000000,-48,-903458,15899498,-611,1080291,-63168936
20:37:49.440,0,-0.9,39,0,0,500,1000000,175,-930892,15894246,391,946950,-63164984
20:37:49.445,0,-1.3,39,0,0,500,1000000,-34,-914758,15890104,28,1023486,-63159432
20:37:49.450,0,-2.3,39,0,0,500,1000000,256,-979605,15884469,664,948824,-63154348
20:37:49.455,0,-3.9,39,0,0,500,1000000,-31,-999613,15879726,-127,1040311,-63149556
20:37:49.460,0,-5.2,39,0,0,500,1000000,3,-1040797,15873865,973,927637,-63144636
20:37:49.465,0,-6.2,39,0,0,500,1000000,-161,-1027660,15868313,-222,1047916,-63138648
20:37:49.470,0,-6.4,42,0,0,500,1000000,103,-1064188,15863193,90,978298,-63134236
20:37:49.475,0,-5.8,42,0,0,500,1000000,-202,-1035485,15857621,-224,1040956,-63128656
20:37:49.480,0,-4.7,42,0,0,500,1000000,17,-1043026,15852709,99,966690,-63124452
20:37:49.485,0,-3.7,42,0,0,500,1000000,-25,-1008169,15848133,-36,1035951,-63118892
20:37:49.490,0,-2.8,42,0,0,500,1000000,152,-1004617,15842666,-265,1000102,-63114172
20:37:49.496,0,-2.2,42,0,0,500,1000000,58,-950710,15838437,775,952997,-63109596
20:37:49.501,0,-2.0,42,0,0,500,1000000,30,-944046,15833292,-551,1026855,-63103256
20:37:49.506,0,-2.2,42,0,0,500,1000000,12,-945452,15828845,754,958114,-63099560
20:37:49.511,0,-2.6,42,0,0,500,1000000,38,-964858,15823549,-13,998246,-63093556
20:37:49.516,0,-3.3,42,0,0,500,1000000,95,-972862,15818957,845,955205,-63089792
20:37:49.521,0,-4.4,42,0,0,500,1000000,28,-1008901,15814134,-397,1042385,-63083372
20:37:49.526,0,-5.3,42,0,0,500,1000000,0,-1028281,15808377,659,967110,-63078688
20:37:49.531,0,-5.9,42,0,0,500,1000000,-3,-1022284,15803725,-465,1042385,-63073636
20:37:49.536,0,-6.0,39,0,0,500,1000000,-32,-1038509,15797885,837,965741,-63068784
20:37:49.541,0,-5.5,39,0,0,500,1000000,-58,-1020061,15793286,-523,1045151,-63063644
20:37:49.546,0,-4.3,39,0,0,500,1000000,-11,-998895,15787813,958,943977,-63059020
20:37:49.551,0,-3.3,39,0,0,500,1000000,-129,-971309,15783482,-535,1065455,-63053652
20:37:49.556,0,-2.5,42,0,0,500,1000000,-3,-957151,15778189,1003,926236,-63049008
20:37:49.561,0,-2.2,42,0,0,500,1000000,12,-917877,15774028,-435,1038980,-63042768
20:37:49.566,0,-2.7,42,0,0,500,1000000,14,-933376,15768912,1120,924672,-63039296
20:37:49.571,0,-3.7,42,0,0,500,1000000,-14,-960047,15764361,-526,1063827,-63032800
20:37:49.576,0,-5.2,42,0,0,500,1000000,15,-1012608,15758553,965,896843,-63029560
20:37:49.581,0,-6.7,42,0,0,500,1000000,-84,-1019974,15753777,-315,1058682,-63023196
20:37:49.586,0,-7.9,42,0,0,500,1000000,-31,-1074503,15747593,1045,932409,-63018404
20:37:49.592,0,-8.5,42,0,0,500,1000000,-187,-1050747,15742850,-314,1055901,-63013260
20:37:49.597,0,-7.8,39,0,0,500,1000000,-31,-1046994,15737113,1061,925085,-63008588
20:37:49.602,0,-6.7,39,0,0,500,1000000,-206,-1018513,15732557,-370,1065543,-63003364
20:37:49.607,0,-5.2,39,0,0,500,1000000,-22,-1022189,15726862,900,912797,-62998532
20:37:49.612,0,-3.6,39,0,0,500,1000000,-34,-979877,15722458,406,988035,-62994088
20:37:49.617,0,-2.6,40,0,0,500,1000000,48,-988980,15716988,-69,1003145,-62988080
20:37:49.622,0,-2.2,40,0,0,500,1000000,-4,-955773,15712705,36,1023588,-62982808
20:37:49.627,0,-2.1,40,0,0,500,1000000,268,-945351,15707544,287,957342,-62978404
20:37:49.632,0,-2.4,40,0,0,500,1000000,2,-912955,15703422,745,981559,-62973392
20:37:49.637,0,-2.9,40,0,0,500,1000000,95,-947698,15698170,-581,1067014,-62967884
20:37:49.642,0,-3.5,40,0,0,500,1000000,62,-965830,15693545,620,904897,-62963836
20:37:49.647,0,-4.3,40,0,0,500,1000000,-34,-972522,15689006,-337,1057845,-62958468
20:37:49.652,0,-5.1,40,0,0,500,1000000,-20,-1031470,15683113,1244,931097,-62953784
20:37:49.657,0,-6.0,40,0,0,500,1000000,-158,-1025058,15678424,-478,1053978,-62947492
20:37:49.662,0,-6.1,40,0,0,500,1000000,18,-1037554,15672604,1086,915486,-62944016
20:37:49.667,0,-5.9,40,0,0,500,1000000,-91,-1027040,15667865,-448,1084461,-62937516
20:37:49.672,0,-5.3,40,0,0,500,1000000,32,-1051936,15661946,475,937496,-62933648
20:37:49.677,0,-4.2,43,0,0,500,1000000,-63,-1027819,15657245,756,975178,-62928524
20:37:49.682,0,-3.4,43,0,0,500,1000000,22,-1031635,15651629,-881,1063005,-62923052
20:37:49.688,0,-2.7,43,0,0,500,1000000,5,-1003952,15647025,868,949598,-62918560
20:37:49.693,0,-2.2,43,0,0,500,1000000,7,-966850,15641909,-708,1053719,-62913228
20:37:49.698,0,-1.8,43,0,0,500,1000000,-39,-930035,15636877,734,971405,-62907672
20:37:49.703,0,-1.5,43,0,0,500,1000000,29,-934887,15631793,-546,1065158,-62902232
20:37:49.708,0,-1.4,43,0,0,500,1000000,-14,-926536,15627537,698,924343,-62897964
20:37:49.713,0,-1.6,43,0,0,500,1000000,-7,-944225,15622301,-572,1051211,-62891508
20:37:49.718,0,-2.1,40,0,0,500,1000000,-9,-994155,15617422,1079,944341,-62887856
20:37:49.723,0,-3.3,40,0,0,500,1000000,-10,-1005511,15612702,-417,1054360,-62882640
20:37:49.728,0,-4.4,40,0,0,500,1000000,-5,-1020276,15607848,942,930981,-62878104
20:37:49.733,0,-5.4,40,0,0,500,1000000,-40,-1027696,15602236,-541,1082210,-62872560
20:37:49.738,0,-6.0,42,0,0,500,1000000,22,-1058911,15597146,954,914079,-62868064
20:37:49.743,0,-5.6,42,0,0,500,1000000,-84,-1023040,15591692,22,1016703,-62863272
20:37:49.748,0,-4.9,42,0,0,500,1000000,81,-1036208,15586812,164,977452,-62857664
20:37:49.753,0,-4.1,42,0,0,500,1000000,-44,-986372,15581578,596,990621,-62853412
20:37:49.758,0,-3.3,42,0,0,500,1000000,14,-968741,15577148,126,965060,-62847748
20:37:49.763,0,-2.7,42,0,0,500,1000000,132,-923982,15573014,873,964250,-62842940
20:37:49.768,0,-2.4,42,0,0,500,1000000,57,-931734,15568016,-563,1062043,-62837388
20:37:49.773,0,-2.4,42,0,0,500,1000000,-22,-939536,15563545,700,910249,-62833280
20:37:49.779,0,-2.9,42,0,0,500,1000000,18,-955909,15558237,-350,1056324,-62827916
20:37:49.784,0,-3.7,42,0,0,500,1000000,-32,-1018705,15553257,1185,931231,-62823312
20:37:49.789,0,-5.2,42,0,0,500,1000000,2,-1033094,15547512,-478,1067733,-62817864
20:37:49.794,0,-6.4,42,0,0,500,1000000,-36,-1050578,15542505,963,914299,-62813464
20:37:49.799,0,-7.2,41,0,0,500,1000000,-116,-1045991,15536836,-583,1087700,-62806892
20:37:49.804,0,-7.4,41,0,0,500,1000000,157,-1073882,15531690,414,943726,-62803020
20:37:49.809,0,-6.6,41,0,0,500,1000000,-41,-1032009,15526124,153,1007277,-62797676
20:37:49.814,0,-5.4,41,0,0,500,1000000,12,-1027503,15521436,-493,1025107,-62792664
20:37:49.819,0,-4.1,41,0,0,500,1000000,-93,-971737,15516225,561,988705,-62787840
20:37:49.824,0,-3.1,41,0,0,500,1000000,11,-932941,15512054,-548,1018985,-62782828
20:37:49.829,0,-2.2,41,0,0,500,1000000,-85,-878717,15507432,662,929651,-62778480
20:37:49.834,0,-1.9,41,0,0,500,1000000,99,-877744,15503382,-564,1050268,-62771908
20:37:49.839,0,-2.9,42,0,0,500,1000000,-8,-898428,15498328,903,894106,-62768768
20:37:49.844,0,-4.2,42,0,0,500,1000000,-50,-914883,15494034,-83,1045558,-62762532
20:37:49.849,0,-6.3,42,0,0,500,1000000,61,-1012512,15488093,1170,948205,-62758688
20:37:49.855,0,-8.4,43,0,0,500,1000000,-24,-1041159,15483130,-388,1048688,-62752452
20:37:49.860,0,-9.5,43,0,0,500,1000000,-62,-1057220,15476318,898,957635,-62746896
20:37:49.865,0,-10.0,43,0,0,500,1000000,32,-1068103,15471318,-518,1074111,-62741484
20:37:49.870,0,-8.6,43,0,0,500,1000000,-49,-1078170,15465333,982,916498,-62737092
20:37:49.875,0,-6.6,43,0,0,500,1000000,-244,-1051186,15460552,-300,1049708,-62731924
20:37:49.880,0,-4.7,43,0,0,500,1000000,-31,-1050175,15454704,1168,927269,-62727056
20:37:49.885,0,-3.0,43,0,0,500,1000000,-84,-1010569,15451114,-394,1068137,-62721836
20:37:49.890,0,-2.1,43,0,0,500,1000000,82,-992808,15446488,257,953496,-62717744
20:37:49.895,0,-1.8,42,0,0,500,1000000,15,-938540,15441486,696,976427,-62712692
20:37:49.900,0,-1.8,42,0,0,500,1000000,29,-946698,15437129,-659,1056500,-62707264
20:37:49.905,0,-2.3,42,0,0,500,1000000,9,-943649,15431865,708,942385,-62702896
20:37:49.910,0,-2.9,42,0,0,500,1000000,8,-956987,15427386,-441,1046518,-62697708
20:37:49.915,0,-3.9,40,0,0,500,1000000,-57,-987207,15421837,1080,953907,-62693004
20:37:49.921,0,-4.9,40,0,0,500,1000000,14,-990208,15417289,-410,1032260,-62686724
20:37:49.926,0,-5.4,40,0,0,500,1000000,2,-985622,15411874,837,920051,-62683260
20:37:49.931,0,-5.7,40,0,0,500,1000000,2,-983984,15407256,-478,1077716,-62676740
20:37:49.936,0,-5.4,40,0,0,500,1000000,-28,-1021344,15401489,1036,922267,-62673152
20:37:49.941,0,-4.9,40,0,0,500,1000000,-121,-997769,15397005,-270,1053359,-62667152
20:37:49.946,0,-4.3,40,0,0,500,1000000,13,-1019873,15391260,609,943237,-62663132
20:37:49.951,0,-3.8,40,0,0,500,1000000,-117,-991283,15386748,-340,1062826,-62657160
20:37:49.956,0,-3.2,42,0,0,500,1000000,182,-994885,15382093,827,912996,-62652332
20:37:49.961,0,-2.8,42,0,0,500,1000000,-24,-949057,15377074,559,973084,-62647984
20:37:49.966,0,-2.5,42,0,0,500,1000000,-2,-967081,15372522,-383,1036930,-62641672
20:37:49.971,0,-2.5,42,0,0,500,1000000,-15,-974256,15367106,824,929744,-62638240
20:37:49.977,0,-2.8,41,0,0,500,1000000,33,-983258,15362517,-646,1040023,-62631924
20:37:49.982,0,-3.4,41,0,0,500,1000000,0,-1011370,15356764,814,967884,-62627252
20:37:49.987,0,-4.0,41,0,0,500,1000000,12,-1018651,15352074,-521,1070394,-62621860
20:37:49.992,0,-4.3,41,0,0,500,1000000,9,-1027103,15346377,755,899067,-62617764
20:37:49.997,0,-4.6,41,0,0,500,1000000,-180,-1005021,15341789,-241,1056087,-62612564
20:37:50.002,0,-4.2,41,0,0,500,1000000,112,-1035451,15335933,346,948738,-62607212
20:37:50.007,0,-3.8,41,0,0,500,1000000,-56,-1000191,15331473,58,1016622,-62601752
20:37:50.012,0,-3.0,41,0,0,500,1000000,44,-1003444,15326013,-125,1004644,-62597028
20:37:50.018,0,-2.6,42,0,0,500,1000000,-51,-965940,15321706,56,1023473,-62591756
20:37:50.023,0,-2.4,42,0,0,500,1000000,235,-940077,15316624,252,971563,-62587288
20:37:50.028,0,-2.3,42,0,0,500,1000000,-51,-888085,15312737,826,961154,-62582452
20:37:50.033,0,-2.8,42,0,0,500,1000000,125,-926729,15307498,-462,1044337,-62577224
20:37:50.038,0,-3.9,39,0,0,500,1000000,-8,-947089,15302965,790,962032,-62572636
20:37:50.043,0,-5.4,39,0,0,500,1000000,114,-1011373,15297197,68,999667,-62566908
20:37:50.048,0,-7.3,39,0,0,500,1000000,2,-1048299,15292201,65,1027049,-62561408
20:37:50.053,0,-9.1,39,0,0,500,1000000,78,-1092983,15286073,-25,995547,-62556796
20:37:50.058,0,-9.5,39,0,0,500,1000000,-92,-1066087,15281192,202,1000118,-62551612
20:37:50.063,0,-9.0,39,0,0,500,1000000,-5,-1070184,15276136,-516,1024335,-62546744
20:37:50.068,0,-7.2,39,0,0,500,1000000,-57,-1043189,15270490,109,1011190,-62541580
20:37:50.073,0,-4.9,39,0,0,500,1000000,-4,-1021962,15265832,-23,1000037,-62536952
20:37:50.079,0,-3.1,42,0,0,500,1000000,-42,-968681,15259788,-46,1039310,-62530564
20:37:50.084,0,-2.0,42,0,0,500,1000000,163,-970928,15255324,165,981800,-62526144
20:37:50.089,0,-1.8,42,0,0,500,1000000,-27,-918471,15250425,4,1027763,-62520708
20:37:50.094,0,-2.4,42,0,0,500,1000000,182,-935554,15246861,331,958796,-62516604
20:37:50.099,0,-3.7,39,0,0,500,1000000,14,-946060,15241601,116,1022139,-62511980
20:37:50.104,0,-5.3,39,0,0,500,1000000,137,-1001203,15236697,892,931750,-62506928
20:37:50.109,0,-6.7,39,0,0,500,1000000,-40,-994536,15231289,-172,1038502,-62501156
20:37:50.114,0,-7.9,39,0,0,500,1000000,143,-1038770,15226269,215,975772,-62496840
20:37:50.119,0,-8.3,39,0,0,500,1000000,-152,-1016382,15220794,-315,1052026,-62491008
20:37:50.124,0,-7.7,39,0,0,500,1000000,-19,-1008255,15216106,598,938418,-62487128
20:37:50.129,0,-6.6,39,0,0,500,1000000,-34,-970383,15210889,-168,1040912,-62481376
20:37:50.134,0,-4.1,43,0,0,500,1000000,40,-1000487,15206177,-302,1009506,-62476544
20:37:50.139,0,-3.5,43,0,0,500,1000000,-27,-974727,15200857,672,964926,-62471884
20:37:50.144,0,-3.5,43,0,0,500,1000000,3,-988887,15196284,-91,1007799,-62465852
20:37:50.150,0,-4.0,43,0,0,500,1000000,-23,-988678,15191581,672,976878,-62461900
20:37:50.155,0,-4.4,39,0,0,500,1000000,63,-987478,15186214,184,980937,-62456236
20:37:50.160,0,-5.0,39,0,0,500,1000000,-37,-964920,15181793,516,983709,-62451216
20:37:50.165,0,-5.6,39,0,0,500,1000000,-19,-995534,15176294,-369,1022241,-62446116
20:37:50.170,0,-6.0,39,0,0,500,1000000,-20,-1006704,15171449,384,993253,-62441204
20:37:50.175,0,-6.5,39,0,0,500,1000000,56,-1039066,15165701,-181,1009938,-62436492
20:37:50.180,0,-6.9,39,0,0,500,1000000,-1,-1051952,15160717,366,1001261,-62431344
20:37:50.185,0,-6.8,39,0,0,500,1000000,44,-1076936,15154685,-298,1027556,-62426352
20:37:50.190,0,-6.4,39,0,0,500,1000000,-52,-1052205,15149921,549,973237,-62421636
20:37:50.195,0,-5.5,43,0,0,500,1000000,-7,-1056993,15144098,-401,1013887,-62415596
20:37:50.200,0,-4.3,43,0,0,500,1000000,-28,-1032316,15139425,589,977545,-62411652
20:37:50.205,0,-2.9,43,0,0,500,1000000,109,-1009085,15133964,100,981681,-62405864
20:37:50.210,0,-1.8,43,0,0,500,1000000,-6,-962175,15129722,369,997516,-62400720
20:37:50.215,0,-1.2,39,0,0,500,1000000,67,-946979,15124570,-703,1056929,-62395392
20:37:50.220,0,-0.9,39,0,0,500,1000000,-8,-904258,15119690,656,942694,-62391020
20:37:50.225,0,-1.3,39,0,0,500,1000000,64,-897210,15115652,-302,1022679,-62384884
20:37:50.231,0,-2.4,39,0,0,500,1000000,12,-912845,15111297,861,959849,-62381056
20:37:50.236,0,-3.8,39,0,0,500,1000000,69,-971714,15105818,32,992118,-62375192
20:37:50.241,0,-5.4,39,0,0,500,1000000,-5,-1003582,15100982,598,967862,-62371244
20:37:50.246,0,-7.0,39,0,0,500,1000000,30,-1058500,15095848,-277,1023978,-62365196
20:37:50.251,0,-7.8,39,0,0,500,1000000,-29,-1096677,15089636,648,977160,-62361156
20:37:50.256,0,-7.5,42,0,0,500,1000000,-3,-1096021,15084541,-28,991476,-62355392
20:37:50.261,0,-6.4,42,0,0,500,1000000,-77,-1069486,15078685,769,974563,-62351368
20:37:50.266,0,-4.5,42,0,0,500,1000000,-19,-1056492,15073834,-784,1036169,-62344936
20:37:50.271,0,-2.6,42,0,0,500,1000000,-54,-1010365,15068442,756,903946,-62341728
20:37:50.276,0,-1.2,40,0,0,500,1000000,33,-974736,15064058,-785,1083379,-62335044
20:37:50.281,0,-0.5,40,0,0,500,1000000,19,-955733,15058793,1209,920312,-62330628
20:37:50.286,0,-0.3,40,0,0,500,1000000,-28,-905832,15054850,-445,1068165,-62325236
20:37:50.292,0,-0.9,40,0,0,500,1000000,-2,-897628,15049953,855,904903,-62320892
20:37:50.297,0,-1.9,40,0,0,500,1000000,-55,-891907,15045837,-142,1053271,-62315772
20:37:50.302,0,-3.2,40,0,0,500,1000000,1,-955312,15040284,1022,907867,-62310992
20:37:50.307,0,-4.7,40,0,0,500,1000000,-2,-955354,15035837,-70,1033412,-62305120
20:37:50.312,0,-6.0,40,0,0,500,1000000,158,-1026503,15029981,166,972033,-62300844
20:37:50.317,0,-7.0,40,0,0,500,1000000,-58,-1028850,15025228,-339,1062701,-62294860
20:37:50.322,0,-6.9,39,0,0,500,1000000,-54,-1037541,15019434,830,924656,-62291216
20:37:50.327,0,-6.4,39,0,0,500,1000000,-42,-1009520,15014845,-87,1036044,-62285440
20:37:50.332,0,-5.4,39,0,0,500,1000000,-31,-1029661,15010037,-571,1025632,-62280464
20:37:50.337,0,-4.1,39,0,0,500,1000000,-11,-1000814,15004562,634,958002,-62275876
20:37:50.342,0,-3.3,41,0,0,500,1000000,28,-993645,14999985,-220,1017265,-62269740
20:37:50.347,0,-3.0,41,0,0,500,1000000,-16,-985656,14994514,839,968446,-62265888
20:37:50.352,0,-3.1,41,0,0,500,1000000,56,-973740,14990041,-56,1007589,-62259920
20:37:50.357,0,-3.7,41,0,0,500,1000000,-1,-952400,14984882,678,964784,-62255156
20:37:50.362,0,-4.5,41,0,0,500,1000000,52,-971024,14980312,-619,1049866,-62249948
20:37:50.367,0,-5.3,41,0,0,500,1000000,-32,-999777,14974548,780,965121,-62245252
20:37:50.372,0,-6.0,41,0,0,500,1000000,28,-1015884,14969768,-315,1029986,-62240204
20:37:50.377,0,-6.5,41,0,0,500,1000000,-29,-1031483,14964026,716,973914,-62235376
20:37:50.383,0,-6.6,40,0,0,500,1000000,-6,-1043301,14959129,-467,1053535,-62230080
20:37:50.388,0,-6.2,40,0,0,500,1000000,-20,-1015916,14953638,371,985142,-62224340
20:37:50.393,0,-5.5,40,0,0,500,1000000,50,-1013413,14948156,-614,1037593,-62219232
20:37:50.398,0,-4.7,40,0,0,500,1000000,24,-1005678,14943402,370,994332,-62214244
20:37:50.403,0,-3.8,42,0,0,500,1000000,52,-999612,14937993,-310,1010270,-62209388
20:37:50.408,0,-3.3,42,0,0,500,1000000,-39,-982329,14933528,920,947373,-62205708
20:37:50.413,0,-3.2,42,0,0,500,1000000,27,-983705,14928952,-639,1051889,-62199228
20:37:50.418,0,-3.5,42,0,0,500,1000000,-19,-977987,14924381,923,928913,-62195716
20:37:50.423,0,-3.9,42,0,0,500,1000000,20,-951457,14919320,-461,1043348,-62189504
20:37:50.428,0,-4.5,42,0,0,500,1000000,-27,-959267,14914792,765,966498,-62184644
20:37:50.433,0,-5.1,42,0,0,500,1000000,21,-976833,14909361,-382,1035192,-62179540
20:37:50.438,0,-5.4,42,0,0,500,1000000,-44,-985872,14904698,659,950084,-62175004
20:37:50.443,0,-5.8,40,0,0,500,1000000,26,-1007218,14899224,-775,1058528,-62169680
20:37:50.448,0,-6.1,40,0,0,500,1000000,-9,-1022580,14894349,873,963559,-62164988
20:37:50.453,0,-6.0,40,0,0,500,1000000,17,-1015170,14888862,-462,1041034,-62159832
20:37:50.458,0,-5.7,40,0,0,500,1000000,0,-1007015,14884106,934,947191,-62155240
20:37:50.463,0,-5.2,43,0,0,500,1000000,39,-1020148,14878601,-628,1076192,-62149676
20:37:50.469,0,-4.6,43,0,0,500,1000000,-5,-1025038,14873761,744,906661,-62145456
20:37:50.474,0,-4.1,43,0,0,500,1000000,11,-1020780,14868160,-747,1069159,-62138992
20:37:50.479,0,-4.0,43,0,0,500,1000000,-10,-1042126,14863253,1191,934887,-62135340
20:37:50.484,0,-3.9,43,0,0,500,1000000,13,-1014172,14857761,-411,1069941,-62128916
20:37:50.489,0,-3.8,43,0,0,500,1000000,-58,-1004467,14853161,894,902648,-62125628
20:37:50.494,0,-3.7,43,0,0,500,1000000,-119,-973487,14847977,-346,1076501,-62119260
20:37:50.499,0,-3.4,43,0,0,500,1000000,120,-994674,14843241,602,931863,-62114276
20:37:50.504,0,-3.0,42,0,0,500,1000000,-4,-961879,14838017,810,953858,-62110140
20:37:50.509,0,-2.7,42,0,0,500,1000000,33,-974921,14833449,-625,1030095,-62103760
20:37:50.514,0,-2.8,42,0,0,500,1000000,-8,-968778,14828128,874,941238,-62100204
20:37:50.519,0,-2.9,42,0,0,500,1000000,23,-962550,14823693,-394,1025729,-62093920
20:37:50.524,0,-3.2,39,0,0,500,1000000,-25,-964715,14819226,1046,930371,-62090400
20:37:50.529,0,-3.8,39,0,0,500,1000000,10,-979394,14813800,-519,1065344,-62083820
20:37:50.534,0,-4.8,39,0,0,500,1000000,-23,-1001888,14809065,915,915035,-62079552
20:37:50.539,0,-5.3,39,0,0,500,1000000,-100,-994966,14803609,-291,1058184,-62074284
20:37:50.545,0,-5.6,39,0,0,500,1000000,47,-1032510,14798625,1086,928070,-62069492
20:37:50.550,0,-5.5,39,0,0,500,1000000,-133,-1007623,14793209,-305,1061383,-62064324
20:37:50.555,0,-5.1,39,0,0,500,1000000,-36,-1008057,14788490,944,907604,-62059772
20:37:50.560,0,-4.5,42,0,0,500,1000000,-128,-979647,14783204,-57,1034963,-62054832
20:37:50.565,0,-3.7,42,0,0,500,1000000,207,-1006019,14778405,343,948501,-62049448
20:37:50.570,0,-3.2,42,0,0,500,1000000,-62,-978864,14773150,77,1013533,-62044024
20:37:50.575,0,-3.0,42,0,0,500,1000000,13,-1000875,14768408,-265,1016134,-62039260
20:37:50.580,0,-3.0,41,0,0,500,1000000,-23,-986164,14763034,156,1013597,-62034128
20:37:50.585,0,-3.2,41,0,0,500,1000000,19,-991770,14758397,-220,1005543,-62029432
20:37:50.590,0,-3.5,41,0,0,500,1000000,-54,-972482,14753077,348,1008693,-62023360
20:37:50.595,0,-3.7,41,0,0,500,1000000,6,-1000440,14747554,-526,1054257,-62018172
20:37:50.600,0,-4.0,41,0,0,500,1000000,-26,-995266,14742969,714,928280,-62013844
20:37:50.605,0,-4.1,41,0,0,500,1000000,38,-985875,14737588,-648,1061411,-62008424
20:37:50.610,0,-4.5,41,0,0,500,1000000,-37,-997478,14732858,1199,934340,-62003856
20:37:50.615,0,-4.3,41,0,0,500,1000000,-47,-967766,14728473,-451,1069911,-61998416
20:37:50.621,0,-4.2,41,0,0,500,1000000,-45,-958950,14723233,1015,910156,-61994912
20:37:50.626,0,-4.2,41,0,0,500,1000000,-147,-940640,14718940,-141,1055464,-61988876
20:37:50.631,0,-4.2,41,0,0,500,1000000,183,-982984,14714250,819,928530,-61983800
20:37:50.636,0,-4.4,41,0,0,500,1000000,-30,-971164,14708969,144,1003173,-61979260
20:37:50.641,0,-4.8,41,0,0,500,1000000,66,-1005642,14704162,215,977336,-61973732
20:37:50.646,0,-5.3,41,0,0,500,1000000,-39,-1010463,14698521,40,1019798,-61969276
20:37:50.651,0,-5.4,41,0,0,500,1000000,142,-1036495,14693573,762,928334,-61964080
20:37:50.656,0,-5.6,41,0,0,500,1000000,8,-1022431,14688041,-53,1037957,-61958360
20:37:50.661,0,-5.5,41,0,0,500,1000000,40,-1064683,14682906,-170,996101,-61953700
20:37:50.666,0,-5.1,41,0,0,500,1000000,-55,-1051934,14677161,229,1002315,-61948608
20:37:50.671,0,-4.5,41,0,0,500,1000000,-12,-1053434,14672329,-286,1011085,-61943820
20:37:50.676,0,-3.8,41,0,0,500,1000000,-34,-1010430,14666789,483,997329,-61938736
20:37:50.682,0,-2.9,43,0,0,500,1000000,55,-982486,14662398,-657,1051275,-61933440
20:37:50.687,0,-2.3,43,0,0,500,1000000,-42,-936820,14657417,661,928534,-61929160
20:37:50.692,0,-2.0,43,0,0,500,1000000,15,-918013,14653245,-683,1079147,-61922540
20:37:50.697,0,-2.4,43,0,0,500,1000000,-20,-941084,14647914,1204,907349,-61919240
20:37:50.702,0,-3.0,40,0,0,500,1000000,6,-930388,14643642,-445,1055090,-61912972
20:37:50.707,0,-4.3,40,0,0,500,1000000,-9,-975214,14638105,1151,924592,-61909316
20:37:50.712,0,-5.5,40,0,0,500,1000000,-43,-986734,14633465,-375,1075980,-61902972
20:37:50.717,0,-6.4,40,0,0,500,1000000,-21,-1018824,14627729,968,909902,-61898524
20:37:50.722,0,-7.0,40,0,0,500,1000000,-27,-1005257,14623170,-30,1031981,-61893588
20:37:50.727,0,-7.0,40,0,0,500,1000000,147,-1046132,14617241,190,962113,-61888108
20:37:50.732,0,-6.4,40,0,0,500,1000000,-29,-1026801,14612581,484,990873,-61883784
20:37:50.737,0,-5.3,40,0,0,500,1000000,-5,-1029738,14607712,34,991140,-61877984
20:37:50.742,0,-4.4,43,0,0,500,1000000,-9,-1007791,14602264,12,1021702,-61872656
20:37:50.747,0,-3.4,43,0,0,500,1000000,32,-993089,14597710,-254,1009056,-61867808
20:37:50.753,0,-2.8,43,0,0,500,1000000,-4,-951220,14592654,649,948918,-61863244
20:37:50.758,0,-2.7,43,0,0,500,1000000,32,-943141,14588261,-662,1073868,-61857768
20:37:50.763,0,-3.0,41,0,0,500,1000000,-20,-964342,14582878,856,931081,-61853308
20:37:50.768,0,-3.6,41,0,0,500,1000000,22,-963104,14578478,-442,1050122,-61848144
20:37:50.773,0,-4.6,41,0,0,500,1000000,-17,-1004483,14572734,1033,941046,-61843468
20:37:50.778,0,-5.6,41,0,0,500,1000000,62,-1040761,14566125,-365,1021790,-61836252
20:37:50.783,0,-6.1,41,0,0,500,1000000,-36,-1033278,14560389,768,960568,-61831536
20:37:50.788,0,-6.4,41,0,0,500,1000000,-1,-1036174,14555564,-784,1065383,-61826248
20:37:50.793,0,-5.8,41,0,0,500,1000000,-13,-1035787,14550697,805,948842,-61821556
20:37:50.798,0,-4.8,41,0,0,500,1000000,-159,-1012322,14546953,-416,1056940,-61817372
20:37:50.803,0,-3.6,43,0,0,500,1000000,-17,-1005335,14541402,648,935959,-61813532
20:37:50.808,0,-2.5,43,0,0,500,1000000,-66,-973578,14536994,-150,1048445,-61807712
20:37:50.813,0,-1.8,43,0,0,500,1000000,164,-972303,14531630,-431,1016594,-61802760
20:37:50.818,0,-1.7,43,0,0,500,1000000,-46,-931827,14527506,569,949211,-61798268
20:37:50.823,0,-1.9,40,0,0,500,1000000,40,-930972,14523138,-799,1065958,-61792804
20:37:50.828,0,-2.7,40,0,0,500,1000000,118,-951922,14517817,850,945703,-61788368
20:37:50.833,0,-3.4,40,0,0,500,1000000,33,-973568,14513222,-235,1014542,-61782204
20:37:50.839,0,-4.3,40,0,0,500,1000000,-36,-1006300,14507566,911,941236,-61778560
20:37:50.844,0,-5.3,40,0,0,500,1000000,-14,-1037589,14502618,-559,1065839,-61772000
20:37:50.849,0,-5.7,40,0,0,500,1000000,-34,-1054374,14496662,797,930794,-61767696
20:37:50.854,0,-5.7,40,0,0,500,1000000,-125,-1043638,14491922,-586,1066087,-61762288
20:37:50.859,0,-5.2,40,0,0,500,1000000,-62,-1058008,14486061,1091,941101,-61757472
20:37:50.864,0,-4.3,42,0,0,500,1000000,-150,-1029366,14481377,-377,1052525,-61752264
20:37:50.869,0,-3.1,42,0,0,500,1000000,-15,-1021896,14475653,1078,937113,-61747568
20:37:50.874,0,-2.3,42,0,0,500,1000000,-150,-990580,14471230,-247,1057376,-61742392
20:37:50.879,0,-1.6,42,0,0,500,1000000,66,-972466,14465898,600,935649,-61737380
20:37:50.884,0,-1.4,40,0,0,500,1000000,-19,-923167,14461798,205,1001746,-61732812
20:37:50.889,0,-1.5,40,0,0,500,1000000,172,-931442,14456645,3,983638,-61727148
20:37:50.894,0,-2.0,40,0,0,500,1000000,10,-925179,14452418,-118,1044195,-61721536
20:37:50.899,0,-2.8,40,0,0,500,1000000,-9,-958256,14446985,863,932392,-61717616
20:37:50.904,0,-3.8,40,0,0,500,1000000,3,-965947,14442521,-117,1040073,-61711852
20:37:50.909,0,-5.1,40,0,0,500,1000000,84,-1036477,14436505,700,954311,-61706664
20:37:50.914,0,-5.9,40,0,0,500,1000000,-156,-1026234,14431749,-173,1040034,-61701852
20:37:50.919,0,-6.1,41,0,0,500,1000000,-18,-1040881,14425917,904,941633,-61696908
20:37:50.924,0,-5.2,41,0,0,500,1000000,-178,-1026164,14421262,-361,1063304,-61691788
20:37:50.930,0,-4.0,41,0,0,500,1000000,382,-1036006,14416238,778,923877,-61686840
20:37:50.935,0,-3.0,41,0,0,500,1000000,-44,-995379,14410810,680,984094,-61682440
20:37:50.940,0,-2.6,41,0,0,500,1000000,25,-1002725,14406122,-573,1026194,-61676184
20:37:50.945,0,-2.5,41,0,0,500,1000000,-10,-979961,14401682,818,938890,-61672416
20:37:50.950,0,-3.0,41,0,0,500,1000000,44,-959264,14396562,-463,1028358,-61666152
20:37:50.955,0,-3.8,41,0,0,500,1000000,-20,-956559,14392022,954,930191,-61662652
20:37:50.960,0,-4.6,41,0,0,500,1000000,14,-980441,14386617,-445,1053227,-61656120
20:37:50.965,0,-5.4,41,0,0,500,1000000,5,-998323,14381914,742,922628,-61651820
20:37:50.970,0,-6.0,41,0,0,500,1000000,11,-1002129,14376389,-583,1071087,-61646316
20:37:50.975,0,-6.3,41,0,0,500,1000000,-5,-1038746,14371365,1057,936084,-61641752
20:37:50.980,0,-5.9,41,0,0,500,1000000,-26,-1016744,14365840,-454,1056203,-61636444
20:37:50.985,0,-5.5,41,0,0,500,1000000,-46,-1012847,14361178,937,921209,-61632012
20:37:50.990,0,-4.8,41,0,0,500,1000000,-10,-997083,14355754,-416,1084666,-61626584
20:37:50.995,0,-4.1,41,0,0,500,1000000,131,-1011024,14350961,1056,906321,-61621944
20:37:51.000,0,-3.8,40,0,0,500,1000000,-11,-983321,14345686,45,1019260,-61616256
20:37:51.005,0,-3.9,40,0,0,500,1000000,-2,-998161,14340989,-425,1035392,-61611192
20:37:51.010,0,-4.0,40,0,0,500,1000000,-14,-974219,14335782,581,982978,-61606336
20:37:51.015,0,-4.3,40,0,0,500,1000000,-10,-960149,14331321,-263,1010807,-61601400
20:37:51.021,0,-4.7,40,0,0,500,1000000,-16,-942735,14326157,771,972663,-61596608
20:37:51.026,0,-5.0,40,0,0,500,1000000,39,-974347,14321574,-580,1038828,-61591296
20:37:51.031,0,-5.4,40,0,0,500,1000000,-12,-981109,14316144,668,939323,-61586924
20:37:51.036,0,-5.8,40,0,0,500,1000000,45,-1001138,14311421,-722,1064865,-61581516
20:37:51.041,0,-6.1,39,0,0,500,1000000,-13,-1029774,14306458,907,944140,-61576988
20:37:51.046,0,-5.8,39,0,0,500,1000000,42,-1024838,14300892,-507,1033166,-61570720
20:37:51.051,0,-5.4,39,0,0,500,1000000,25,-1016756,14296157,1027,916639,-61567276
20:37:51.056,0,-4.6,39,0,0,500,1000000,37,-1007423,14290714,-485,1090087,-61560580
20:37:51.061,0,-3.8,41,0,0,500,1000000,-10,-1024007,14285840,959,912356,-61557084
20:37:51.066,0,-3.2,41,0,0,500,1000000,-26,-1000498,14280384,87,1019949,-61551424
20:37:51.071,0,-3.1,41,0,0,500,1000000,3,-1021788,14275606,-493,1020900,-61546396
20:37:51.076,0,-2.9,41,0,0,500,1000000,-32,-997303,14270137,524,998234,-61541456
20:37:51.081,0,-2.9,41,0,0,500,1000000,21,-987716,14265580,179,954220,-61536020
20:37:51.086,0,-2.9,41,0,0,500,1000000,-29,-956363,14260464,720,969334,-61531912
20:37:51.091,0,-2.7,41,0,0,500,1000000,-2,-970815,14255966,-551,1033702,-61525520
20:37:51.096,0,-2.7,41,0,0,500,1000000,-3,-963616,14250632,780,917472,-61522112
20:37:51.101,0,-2.9,41,0,0,500,1000000,-22,-968277,14246125,-563,1068730,-61515628
20:37:51.106,0,-3.5,41,0,0,500,1000000,-6,-1000809,14240417,1046,936336,-61511132
20:37:51.112,0,-3.9,41,0,0,500,1000000,23,-994540,14235813,-573,1062934,-61505724
20:37:51.117,0,-4.3,41,0,0,500,1000000,-30,-1004450,14230253,800,922629,-61501360
20:37:51.122,0,-4.5,41,0,0,500,1000000,-67,-1005240,14225641,-436,1077263,-61495924
20:37:51.127,0,-4.3,42,0,0,500,1000000,-21,-1034862,14219769,1113,905421,-61491372
20:37:51.132,0,-4.0,42,0,0,500,1000000,-29,-1022662,14215049,-93,1039123,-61485468
20:37:51.137,0,-3.7,42,0,0,500,1000000,21,-1042425,14210124,-409,1012044,-61480688
20:37:51.142,0,-3.3,42,0,0,500,1000000,-15,-1004191,14203917,-94,1039976,-61474432
20:37:51.147,0,-2.8,42,0,0,500,1000000,158,-986570,14198537,115,973302,-61470052
20:37:51.152,0,-2.4,42,0,0,500,1000000,-35,-952424,14194298,317,1009213,-61464796
20:37:51.157,0,-2.0,42,0,0,500,1000000,16,-956350,14189840,-774,1058147,-61459540
20:37:51.162,0,-2.0,42,0,0,500,1000000,-21,-949503,14185413,798,892107,-61456444
20:37:51.167,0,-2.3,41,0,0,500,1000000,-227,-933422,14181130,-532,1068250,-61449960
20:37:51.172,0,-3.1,41,0,0,500,1000000,-21,-982788,14175482,1146,926132,-61446288
20:37:51.177,0,-4.0,41,0,0,500,1000000,-149,-973237,14171050,-399,1064234,-61440080
20:37:51.182,0,-5.0,41,0,0,500,1000000,-29,-1004629,14165422,1194,920256,-61436460
20:37:51.187,0,-5.8,41,0,0,500,1000000,-67,-1003933,14160748,-385,1070002,-61430252
20:37:51.193,0,-5.9,41,0,0,500,1000000,160,-1042021,14154905,170,966864,-61426080
20:37:51.198,0,-5.7,41,0,0,500,1000000,-83,-1022691,14150141,588,990146,-61421024
20:37:51.203,0,-5.0,41,0,0,500,1000000,-2,-1030448,14144500,-277,1011746,-61414924
20:37:51.208,0,-4.3,41,0,0,500,1000000,-39,-998991,14139946,721,969172,-61411004
20:37:51.213,0,-3.5,41,0,0,500,1000000,4,-965171,14134826,-78,991650,-61405144
20:37:51.218,0,-3.0,41,0,0,500,1000000,-6,-931821,14130605,827,937026,-61401476
20:37:51.223,0,-3.0,41,0,0,500,1000000,31,-948054,14125418,-390,1065087,-61394916
20:37:51.228,0,-3.4,42,0,0,500,1000000,-25,-960079,14120856,720,908788,-61390720
20:37:51.233,0,-4.2,42,0,0,500,1000000,17,-966900,14115516,-373,1060750,-61385408
20:37:51.238,0,-5.5,42,0,0,500,1000000,-20,-1017124,14110598,1275,929898,-61380784
20:37:51.243,0,-6.4,42,0,0,500,1000000,-71,-1014624,14105882,-432,1065323,-61375420
20:37:51.248,0,-6.8,42,0,0,500,1000000,-31,-1030495,14100153,938,912584,-61371020
20:37:51.253,0,-6.9,42,0,0,500,1000000,-125,-1025824,14095465,-267,1065081,-61365688
20:37:51.258,0,-6.2,42,0,0,500,1000000,127,-1063085,14089433,498,938670,-61360620
20:37:51.263,0,-5.5,42,0,0,500,1000000,-106,-1039815,14084666,341,1001879,-61355260
20:37:51.268,0,-4.7,42,0,0,500,1000000,5,-1041111,14078992,-602,1051516,-61349980
20:37:51.274,0,-4.0,42,0,0,500,1000000,-43,-1007644,14074464,712,966388,-61345392
20:37:51.279,0,-3.2,42,0,0,500,1000000,31,-958771,14069370,-597,1047809,-61340096
20:37:51.284,0,-2.9,42,0,0,500,1000000,-19,-928114,14065146,799,929702,-61335752
20:37:51.289,0,-2.9,41,0,0,500,1000000,44,-925110,14060101,-422,1085593,-61330200
20:37:51.294,0,-3.3,41,0,0,500,1000000,-37,-938751,14055633,921,890798,-61326044
20:37:51.299,0,-4.2,41,0,0,500,1000000,-1,-1002237,14043848,875,968808,-61313964
20:37:51.304,0,-5.6,41,0,0,500,1000000,19,-1012909,14039025,-529,1040772,-61308800
20:37:51.309,0,-7.0,42,0,0,500,1000000,-4,-1019014,14034290,847,937465,-61304328
20:37:51.314,0,-7.9,42,0,0,500,1000000,0,-1025303,14028713,-497,1086508,-61298820
20:37:51.319,0,-7.1,42,0,0,500,1000000,145,-1051409,14024513,887,913324,-61295220
20:37:51.325,0,-5.9,42,0,0,500,1000000,-66,-1032556,14019770,642,979623,-61290860
20:37:51.330,0,-4.7,42,0,0,500,1000000,-5,-1037690,14014098,-284,1014856,-61284720
20:37:51.335,0,-3.6,42,0,0,500,1000000,-2,-1011417,14009529,800,972157,-61280844
20:37:51.340,0,-2.8,42,0,0,500,1000000,26,-985104,14004268,-14,985931,-61274940
20:37:51.345,0,-2.2,42,0,0,500,1000000,-24,-949583,13999916,823,968740,-61270200
20:37:51.350,0,-1.9,42,0,0,500,1000000,52,-954895,13994725,-705,1075720,-61264556
20:37:51.355,0,-2.0,42,0,0,500,1000000,-19,-960682,13990186,724,903364,-61260456
20:37:51.360,0,-2.4,42,0,0,500,1000000,22,-958299,13984925,-210,1061282,-61255124
20:37:51.365,0,-3.3,40,0,0,500,1000000,-51,-1009458,13980049,1298,939017,-61250312
20:37:51.370,0,-4.3,40,0,0,500,1000000,-12,-1008877,13974486,-398,1063237,-61245112
20:37:51.375,0,-4.8,40,0,0,500,1000000,-24,-1019972,13969729,939,908929,-61240620
20:37:51.380,0,-5.3,40,0,0,500,1000000,-114,-1008716,13964208,-384,1084846,-61234252
20:37:51.385,0,-4.9,40,0,0,500,1000000,153,-1041982,13959201,261,957696,-61230204
20:37:51.391,0,-4.3,40,0,0,500,1000000,-53,-1016735,13953724,705,977569,-61225112
20:37:51.396,0,-3.5,40,0,0,500,1000000,17,-1023022,13949013,-820,1063461,-61219648
20:37:51.401,0,-3.0,40,0,0,500,1000000,-14,-997916,13943609,728,947301,-61215252
20:37:51.406,0,-2.4,42,0,0,500,1000000,17,-967601,13939174,-685,1064709,-61209752
20:37:51.411,0,-2.2,42,0,0,500,1000000,-61,-938533,13934124,788,913848,-61205548
20:37:51.416,0,-2.3,42,0,0,500,1000000,4,-931892,13929830,-381,1089726,-61198828
20:37:51.421,0,-2.5,42,0,0,500,1000000,-34,-963180,13924398,1017,887590,-61195628
20:37:51.426,0,-3.1,40,0,0,500,1000000,-35,-948604,13919982,-129,1044583,-61189584
20:37:51.431,0,-3.9,40,0,0,500,1000000,212,-1005837,13915130,251,968648,-61185268
20:37:51.436,0,-5.0,40,0,0,500,1000000,-54,-1000147,13909656,-142,1043334,-61179580
20:37:51.441,0,-5.4,40,0,0,500,1000000,129,-1020430,13904818,913,929563,-61174768
20:37:51.446,0,-5.8,40,0,0,500,1000000,-28,-999978,13899374,-51,1034520,-61169960
20:37:51.452,0,-5.8,40,0,0,500,1000000,7,-1038723,13894381,305,957686,-61164532
20:37:51.457,0,-5.3,40,0,0,500,1000000,-60,-1017307,13888813,682,974511,-61160320
20:37:51.462,0,-5.0,40,0,0,500,1000000,21,-1030884,13883978,-305,1024093,-61154172
20:37:51.467,0,-4.8,42,0,0,500,1000000,10,-1007207,13878513,246,1005901,-61149124
20:37:51.472,0,-4.4,42,0,0,500,1000000,22,-986054,13874017,-233,1009482,-61144368
20:37:51.477,0,-3.9,42,0,0,500,1000000,-25,-947405,13868969,519,976423,-61139536
20:37:51.482,0,-3.6,42,0,0,500,1000000,42,-958096,13864488,-669,1059477,-61134192
20:37:51.487,0,-3.4,40,0,0,500,1000000,-48,-962524,13859097,674,937748,-61129844
20:37:51.492,0,-3.5,40,0,0,500,1000000,-10,-970832,13854565,-462,1050098,-61124628
20:37:51.497,0,-4.1,40,0,0,500,1000000,-30,-1001136,13848941,1127,952311,-61119840
20:37:51.502,0,-5.0,40,0,0,500,1000000,21,-1004845,13844256,-501,1029525,-61113596
20:37:51.507,0,-5.5,40,0,0,500,1000000,95,-990959,13838857,825,920650,-61110168
20:37:51.512,0,-5.8,40,0,0,500,1000000,-5,-995732,13834217,-473,1075959,-61103588
20:37:51.517,0,-5.7,40,0,0,500,1000000,-83,-1028142,13829258,1036,923733,-61100044
20:37:51.522,0,-5.2,40,0,0,500,1000000,-69,-1008109,13823033,-498,1063060,-61092944
20:37:51.527,0,-4.7,40,0,0,500,1000000,111,-1023821,13819065,1210,922618,-61089232
20:37:51.532,0,-4.5,40,0,0,500,1000000,-97,-993499,13813673,-272,1057045,-61084160
20:37:51.537,0,-4.3,40,0,0,500,1000000,156,-993577,13809034,887,915329,-61079372
20:37:51.542,0,-4.2,40,0,0,500,1000000,-8,-946904,13804041,586,984365,-61074880
20:37:51.548,0,-4.3,41,0,0,500,1000000,68,-985084,13799325,-217,1004758,-61068892
20:37:51.553,0,-4.6,41,0,0,500,1000000,-50,-987924,13793802,196,1002810,-61063868
20:37:51.558,0,-5.1,41,0,0,500,1000000,60,-1015636,13789037,50,989618,-61059300
20:37:51.563,0,-5.7,41,0,0,500,1000000,-13,-1020127,13783357,128,1024580,-61053952
20:37:51.568,0,-6.4,41,0,0,500,1000000,48,-1041743,13778490,-78,1000528,-61049196
20:37:51.573,0,-6.4,41,0,0,500,1000000,-16,-1011294,13773053,508,985666,-61044240
20:37:51.578,0,-6.1,41,0,0,500,1000000,-9,-1029344,13768198,5,1005734,-61038308
20:37:51.583,0,-5.5,41,0,0,500,1000000,-36,-1024206,13762574,489,990865,-61034216
20:37:51.588,0,-4.7,41,0,0,500,1000000,86,-1027383,13757786,56,971190,-61028672
20:37:51.593,0,-3.9,41,0,0,500,1000000,-22,-1000924,13752413,451,990971,-61024428
20:37:51.598,0,-3.4,41,0,0,500,1000000,31,-1002308,13747741,-240,1007277,-61018380
20:37:51.603,0,-3.0,41,0,0,500,1000000,-25,-955033,13742597,543,990246,-61013428
20:37:51.608,0,-2.6,41,0,0,500,1000000,8,-948082,13738217,-189,1010482,-61008620
20:37:51.613,0,-2.5,41,0,0,500,1000000,-5,-941464,13733092,94,1018497,-61003344
20:37:51.618,0,-2.7,41,0,0,500,1000000,56,-959242,13728538,54,991163,-60998728
20:37:51.623,0,-3.0,41,0,0,500,1000000,-7,-960711,13724033,341,995884,-60993632
20:37:51.628,0,-3.7,41,0,0,500,1000000,94,-1015554,13718257,-259,1038424,-60988644
20:37:51.633,0,-4.6,41,0,0,500,1000000,-19,-1032334,13713402,455,988421,-60983680
20:37:51.638,0,-5.3,41,0,0,500,1000000,24,-1042509,13707694,28,980445,-60978072
20:37:51.644,0,-5.6,41,0,0,500,1000000,-34,-1034348,13702821,283,1002880,-60973820
20:37:51.649,0,-5.6,41,0,0,500,1000000,107,-1047903,13696985,115,976661,-60968112
20:37:51.654,0,-4.8,41,0,0,500,1000000,-105,-1025930,13692281,136,1006541,-60962912
20:37:51.659,0,-3.8,41,0,0,500,1000000,38,-1034199,13686618,51,983336,-60957264
20:37:51.664,0,-3.0,41,0,0,500,1000000,49,-1004809,13681213,131,1014434,-60952932
20:37:51.669,0,-2.3,43,0,0,500,1000000,156,-985874,13676638,507,934919,-60947692
20:37:51.674,0,-2.0,43,0,0,500,1000000,-3,-941934,13671594,579,976427,-60943420
20:37:51.679,0,-1.9,43,0,0,500,1000000,37,-959195,13667134,-598,1063828,-60938012
20:37:51.684,0,-2.0,43,0,0,500,1000000,22,-952726,13662690,785,931822,-60933744
20:37:51.689,0,-2.2,43,0,0,500,1000000,50,-963166,13657370,-482,1036188,-60927384
20:37:51.694,0,-2.7,43,0,0,500,1000000,-20,-982769,13652733,1073,948353,-60923676
20:37:51.699,0,-3.6,43,0,0,500,1000000,14,-993056,13647298,-463,1022624,-60917456
20:37:51.704,0,-4.5,43,0,0,500,1000000,-52,-970006,13642841,786,916079,-60914064
20:37:51.709,0,-5.2,40,0,0,500,1000000,-31,-962617,13638409,-595,1068048,-60907616
20:37:51.714,0,-5.7,40,0,0,500,1000000,81,-991590,13632773,961,936495,-60903052
20:37:51.719,0,-5.8,40,0,0,500,1000000,0,-984438,13628225,-297,1047203,-60897868
20:37:51.724,0,-5.8,40,0,0,500,1000000,-56,-1008503,13622584,1147,941634,-60893200
20:37:51.729,0,-6.3,40,0,0,500,1000000,-74,-1010456,13617873,-399,1070013,-60887872
20:37:51.734,0,-6.4,40,0,0,500,1000000,-48,-1014411,13612198,1032,919214,-60883388
20:37:51.740,0,-6.5,40,0,0,500,1000000,-163,-994942,13607720,-497,1056780,-60877096
20:37:51.745,0,-6.2,41,0,0,500,1000000,-37,-1016205,13601993,1024,935389,-60873336
20:37:51.750,0,-5.8,41,0,0,500,1000000,-100,-1010300,13597380,-532,1052582,-60867100
20:37:51.755,0,-5.3,41,0,0,500,1000000,-26,-1023078,13591709,1029,924393,-60863596
20:37:51.760,0,-5.1,41,0,0,500,1000000,9,-1022690,13586956,-598,1074441,-60857176
20:37:51.765,0,-4.8,42,0,0,500,1000000,-50,-1029063,13581261,1054,929663,-60853436
20:37:51.770,0,-4.5,42,0,0,500,1000000,-130,-1001594,13576709,-326,1050361,-60847444
20:37:51.775,0,-4.3,42,0,0,500,1000000,-41,-1011624,13571110,1092,943753,-60842636
20:37:51.780,0,-3.9,42,0,0,500,1000000,-122,-995653,13566536,-404,1066116,-60837368
20:37:51.785,0,-3.4,40,0,0,500,1000000,-20,-986032,13561154,948,905844,-60832984
20:37:51.790,0,-3.0,40,0,0,500,1000000,-92,-956735,13556829,-79,1045066,-60827872
20:37:51.795,0,-2.9,40,0,0,500,1000000,31,-967170,13551489,548,948776,-60822664
20:37:51.800,0,-3.1,40,0,0,500,1000000,-1,-932185,13547354,143,1019052,-60818016
20:37:51.805,0,-3.6,40,0,0,500,1000000,21,-943000,13542161,645,941601,-60812888
20:37:51.810,0,-4.5,40,0,0,500,1000000,-30,-946486,13537805,-297,1063989,-60806832
20:37:51.815,0,-5.4,40,0,0,500,1000000,-47,-995276,13531229,1020,913917,-60802192
20:37:51.820,0,-6.1,40,0,0,500,1000000,-20,-996357,13526584,-60,1042061,-60796248
20:37:51.825,0,-6.7,41,0,0,500,1000000,96,-1047173,13521502,93,983109,-60791924
20:37:51.831,0,-7.0,41,0,0,500,1000000,-64,-1040475,13515818,-131,1042498,-60786200
20:37:51.836,0,-6.6,41,0,0,500,1000000,-27,-1048068,13510893,387,951329,-60782160
20:37:51.841,0,-6.1,41,0,0,500,1000000,-52,-1034039,13506057,379,1001012,-60777740
20:37:51.846,0,-5.4,41,0,0,500,1000000,45,-1057174,13501109,-40,995606,-60771816
20:37:51.851,0,-4.5,41,0,0,500,1000000,-54,-1031349,13495465,800,949426,-60768056
20:37:51.856,0,-3.9,41,0,0,500,1000000,23,-1029594,13490766,-556,1033364,-60761776
20:37:51.861,0,-3.6,41,0,0,500,1000000,-11,-1010258,13485274,520,994222,-60756844
20:37:51.866,0,-3.3,41,0,0,500,1000000,26,-992057,13480738,-469,1019870,-60751852
20:37:51.871,0,-3.1,41,0,0,500,1000000,-65,-952061,13475657,613,934605,-60747452
20:37:51.876,0,-3.1,41,0,0,500,1000000,-7,-944489,13471304,-639,1090229,-60741724
20:37:51.881,0,-3.1,41,0,0,500,1000000,-71,-950475,13465978,866,906517,-60737588
20:37:51.886,0,-3.1,40,0,0,500,1000000,-63,-936006,13461630,-148,1047787,-60732408
20:37:51.891,0,-3.5,40,0,0,500,1000000,-23,-967626,13456202,1385,932183,-60727564
20:37:51.896,0,-4.2,40,0,0,500,1000000,23,-966204,13451710,-388,1061848,-60721184
20:37:51.901,0,-4.8,40,0,0,500,1000000,8,-989797,13446969,962,911102,-60717808
20:37:51.906,0,-5.5,40,0,0,500,1000000,-62,-992272,13441490,-198,1054138,-60711684
20:37:51.911,0,-5.9,42,0,0,500,1000000,163,-1043744,13436409,257,963026,-60707396
20:37:51.916,0,-6.1,42,0,0,500,1000000,-28,-1037590,13430681,-3,1019508,-60702056
20:37:51.921,0,-5.8,42,0,0,500,1000000,28,-1061773,13425709,198,966002,-60696672
20:37:51.927,0,-5.4,42,0,0,500,1000000,-61,-1038498,13420021,73,1022295,-60692152
20:37:51.932,0,-4.5,42,0,0,500,1000000,-1,-1025217,13415301,59,967186,-60686520
20:37:51.937,0,-3.5,42,0,0,500,1000000,-62,-973355,13410082,582,906836,-60682952
20:37:51.942,0,-2.6,42,0,0,500,1000000,38,-957170,13405706,-591,1105281,-60676016
20:37:51.947,0,-1.8,42,0,0,500,1000000,-72,-957798,13400433,1070,909052,-60672736
20:37:51.952,0,-1.4,42,0,0,500,1000000,-73,-934727,13396118,-105,1038446,-60666796
20:37:51.957,0,-1.4,42,0,0,500,1000000,50,-970505,13390681,822,943977,-60661652
20:37:51.962,0,-2.2,42,0,0,500,1000000,-99,-959998,13386240,-199,1050733,-60656680
20:37:51.967,0,-3.0,42,0,0,500,1000000,98,-983405,13381554,983,910596,-60651964
20:37:51.972,0,-3.9,40,0,0,500,1000000,0,-975519,13376202,484,1001830,-60647340
20:37:51.977,0,-4.6,40,0,0,500,1000000,57,-1018207,13371357,-14,990432,-60641440
20:37:51.982,0,-5.0,40,0,0,500,1000000,-35,-1013697,13365797,791,971023,-60636656
20:37:51.987,0,-5.0,40,0,0,500,1000000,6,-1020310,13361034,-743,1049151,-60631376
20:37:51.992,0,-5.0,40,0,0,500,1000000,-110,-1016825,13355438,593,973797,-60626608
20:37:51.997,0,-4.7,40,0,0,500,1000000,19,-994264,13350902,-692,1054351,-60621296
20:37:52.002,0,-4.2,40,0,0,500,1000000,-69,-965636,13345698,705,915267,-60617084
20:37:52.007,0,-3.8,40,0,0,500,1000000,-1,-950597,13341352,-500,1090962,-60611552
20:37:52.012,0,-3.2,42,0,0,500,1000000,-60,-964509,13335928,1161,898805,-60607096
20:37:52.018,0,-2.9,42,0,0,500,1000000,-52,-948342,13330769,-364,1059734,-60600924
20:37:52.023,0,-2.9,42,0,0,500,1000000,74,-980884,13326045,1341,917635,-60596352
20:37:52.028,0,-3.5,42,0,0,500,1000000,-100,-987764,13320574,-283,1062986,-60591040
20:37:52.033,0,-4.3,42,0,0,500,1000000,57,-1021786,13315644,1209,897990,-60586556
20:37:52.038,0,-5.3,42,0,0,500,1000000,-75,-1026393,13310037,-151,1057005,-60580428
20:37:52.043,0,-6.1,42,0,0,500,1000000,-8,-1072087,13304842,50,984238,-60575956
20:37:52.048,0,-6.4,42,0,0,500,1000000,-26,-1057839,13299938,706,954202,-60572108
20:37:52.053,0,-6.2,42,0,0,500,1000000,24,-1056132,13295104,-661,1036209,-60565808
20:37:52.058,0,-5.5,42,0,0,500,1000000,-34,-1028823,13289461,845,949322,-60562112
20:37:52.063,0,-4.5,42,0,0,500,1000000,25,-988276,13285025,-792,1048827,-60555728
20:37:52.068,0,-3.3,42,0,0,500,1000000,-1,-946504,13279978,752,893824,-60552592
20:37:52.073,0,-2.4,41,0,0,500,1000000,-60,-911285,13275894,-562,1100630,-60545852
20:37:52.078,0,-1.8,41,0,0,500,1000000,-13,-921992,13270789,1151,900194,-60541464
20:37:52.083,0,-1.8,41,0,0,500,1000000,14,-896860,13266712,311,1002071,-60536716
20:37:52.088,0,-2.2,41,0,0,500,1000000,227,-951255,13261361,326,974267,-60531180
20:37:52.093,0,-3.3,39,0,0,500,1000000,-12,-967697,13256772,114,1020724,-60526652
20:37:52.098,0,-4.7,39,0,0,500,1000000,15,-1010543,13251086,637,936216,-60521540
20:37:52.103,0,-6.0,39,0,0,500,1000000,-7,-1010801,13246369,36,1032326,-60515856
20:37:52.108,0,-7.1,39,0,0,500,1000000,31,-1056076,13240442,-357,1016934,-60510996
20:37:52.114,0,-7.2,39,0,0,500,1000000,-41,-1050198,13235545,719,970359,-60506244
20:37:52.119,0,-6.6,39,0,0,500,1000000,83,-1045733,13229797,-776,1057440,-60500984
20:37:52.124,0,-5.5,39,0,0,500,1000000,-106,-1029300,13225034,963,955047,-60496448
20:37:52.129,0,-4.3,39,0,0,500,1000000,50,-989860,13219786,-647,1061881,-60490996
20:37:52.134,0,-3.2,42,0,0,500,1000000,-7,-952617,13215546,695,914379,-60486748
20:37:52.139,0,-2.5,42,0,0,500,1000000,32,-934106,13210554,-598,1084720,-60480124
20:37:52.144,0,-2.3,42,0,0,500,1000000,-74,-952995,13205946,1153,905573,-60476800
20:37:52.149,0,-2.7,42,0,0,500,1000000,-86,-949941,13200798,-115,1040833,-60470812
20:37:52.154,0,-3.5,40,0,0,500,1000000,68,-1009873,13195841,405,965637,-60466668
20:37:52.159,0,-4.9,40,0,0,500,1000000,-25,-1026527,13190985,-323,1059049,-60460668
20:37:52.164,0,-6.3,40,0,0,500,1000000,-87,-1045173,13185105,899,919923,-60456136
20:37:52.169,0,-7.1,40,0,0,500,1000000,-100,-1033420,13180338,-146,1046765,-60451044
20:37:52.174,0,-7.5,40,0,0,500,1000000,63,-1050177,13174522,925,939181,-60445900
20:37:52.179,0,-6.7,40,0,0,500,1000000,-22,-1019282,13169962,-75,1029921,-60441168
20:37:52.184,0,-5.3,40,0,0,500,1000000,115,-1011828,13164397,427,949882,-60435900
20:37:52.189,0,-3.9,40,0,0,500,1000000,-33,-979108,13159965,240,1012006,-60431388
20:37:52.194,0,-2.6,43,0,0,500,1000000,59,-963231,13154765,5,981877,-60425512
20:37:52.199,0,-1.6,43,0,0,500,1000000,-33,-923623,13150608,688,948758,-60420832
20:37:52.205,0,-1.8,43,0,0,500,1000000,83,-924636,13145601,-540,1086898,-60415260
20:37:52.210,0,-2.5,43,0,0,500,1000000,-33,-956200,13139326,620,968592,-60408768
20:37:52.215,0,-3.3,43,0,0,500,1000000,52,-991013,13133830,-560,1037636,-60403660
20:37:52.220,0,-4.6,43,0,0,500,1000000,3,-1029991,13128830,819,973847,-60398844
20:37:52.225,0,-5.7,43,0,0,500,1000000,19,-1056040,13122909,-477,1068566,-60393496
20:37:52.230,0,-6.0,42,0,0,500,1000000,24,-1064844,13119737,751,923952,-60391012
20:37:52.235,0,-6.1,42,0,0,500,1000000,144,-1048751,13114913,-54,1028691,-60385328
20:37:52.240,0,-5.1,42,0,0,500,1000000,-4,-1060514,13109014,-709,1044946,-60380204
20:37:52.245,0,-4.0,42,0,0,500,1000000,-23,-1028435,13103562,753,936024,-60375856
20:37:52.250,0,-2.7,41,0,0,500,1000000,30,-1010885,13098934,-684,1075005,-60370436
20:37:52.255,0,-1.8,41,0,0,500,1000000,-95,-986391,13093540,1137,931938,-60365696
20:37:52.260,0,-1.2,41,0,0,500,1000000,26,-942849,13089397,-601,1070707,-60359280
20:37:52.265,0,-1.0,41,0,0,500,1000000,-76,-918305,13085197,1018,896874,-60356100
20:37:52.270,0,-1.2,40,0,0,500,1000000,-60,-893801,13080432,-426,1085695,-60349648
20:37:52.275,0,-1.8,40,0,0,500,1000000,245,-943977,13075766,406,945771,-60345704
20:37:52.280,0,-2.7,40,0,0,500,1000000,3,-940947,13070637,266,1001146,-60340400
20:37:52.285,0,-4.0,40,0,0,500,1000000,82,-996793,13065850,196,983581,-60334796
20:37:52.291,0,-5.6,40,0,0,500,1000000,2,-1023838,13060109,118,1019860,-60330304
20:37:52.296,0,-6.3,40,0,0,500,1000000,140,-1039879,13055185,486,945284,-60325104
20:37:52.301,0,-6.5,40,0,0,500,1000000,-39,-1023205,13049581,440,994639,-60320716
20:37:52.306,0,-6.0,40,0,0,500,1000000,21,-1039875,13044738,-427,1013022,-60314548
20:37:52.311,0,-4.8,43,0,0,500,1000000,-33,-1023691,13039169,764,936497,-60310960
20:37:52.316,0,-3.8,43,0,0,500,1000000,43,-1019083,13034458,-775,1041122,-60304492
20:37:52.321,0,-3.0,43,0,0,500,1000000,-25,-1003941,13028929,836,962719,-60299868
20:37:52.326,0,-2.6,43,0,0,500,1000000,28,-983552,13024505,-440,1071750,-60294364
20:37:52.331,0,-2.5,40,0,0,500,1000000,-26,-963434,13019221,821,897497,-60290284
20:37:52.336,0,-2.7,40,0,0,500,1000000,-85,-947591,13014886,-139,1061887,-60284972
20:37:52.341,0,-3.1,40,0,0,500,1000000,-49,-983910,13009349,1056,914456,-60280140
20:37:52.346,0,-3.7,40,0,0,500,1000000,-92,-973858,13004070,-86,1035605,-60274312
20:37:52.351,0,-4.2,40,0,0,500,1000000,132,-1015751,12999162,296,965173,-60270008
20:37:52.356,0,-5.0,40,0,0,500,1000000,11,-1008034,12994482,-134,1046258,-60264344
20:37:52.361,0,-5.3,40,0,0,500,1000000,195,-1022167,12988777,193,970306,-60260088
20:37:52.366,0,-5.3,40,0,0,500,1000000,-85,-996583,12984298,625,982983,-60255040
20:37:52.371,0,-5.0,41,0,0,500,1000000,26,-1015354,12978634,-702,1071743,-60249524
20:37:52.377,0,-4.4,41,0,0,500,1000000,27,-1001595,12974058,622,916360,-60245348
20:37:52.382,0,-3.7,41,0,0,500,1000000,-78,-980720,12969521,-520,1063112,-60240052
20:37:52.387,0,-3.2,41,0,0,500,1000000,-16,-979498,12964145,1214,925085,-60235264
20:37:52.392,0,-3.1,42,0,0,500,1000000,-96,-949038,12959849,-500,1074109,-60228848
20:37:52.397,0,-3.1,42,0,0,500,1000000,49,-931925,12954729,901,889805,-60225572
20:37:52.402,0,-3.6,42,0,0,500,1000000,36,-911623,12950573,-75,1049907,-60219512
20:37:52.407,0,-4.3,42,0,0,500,1000000,328,-977303,12944953,224,983475,-60215056
20:37:52.412,0,-5.4,42,0,0,500,1000000,-27,-979696,12940374,457,984377,-60210068
20:37:52.417,0,-6.4,42,0,0,500,1000000,95,-1035610,12934546,68,994886,-60204248
20:37:52.422,0,-7.7,42,0,0,500,1000000,-17,-1051053,12929481,379,1003821,-60199928
20:37:52.427,0,-8.3,42,0,0,500,1000000,163,-1056891,12923690,246,963606,-60194480
20:37:52.432,0,-7.8,41,0,0,500,1000000,-74,-1035949,12918945,638,968662,-60190400
20:37:52.437,0,-7.1,41,0,0,500,1000000,25,-1046352,12914113,-743,1044328,-60183980
20:37:52.442,0,-5.6,41,0,0,500,1000000,-29,-1032303,12908413,824,916534,-60180608
20:37:52.447,0,-4.2,41,0,0,500,1000000,-34,-1013228,12903781,-852,1063589,-60174188
20:37:52.452,0,-3.2,40,0,0,500,1000000,-33,-1009816,12898241,1019,938929,-60169616
20:37:52.458,0,-2.7,40,0,0,500,1000000,-24,-980491,12893802,-444,1086471,-60164096
20:37:52.463,0,-2.3,40,0,0,500,1000000,-18,-955694,12888649,777,892435,-60159880
20:37:52.468,0,-2.3,40,0,0,500,1000000,-81,-926318,12884398,-87,1039256,-60154904
20:37:52.473,0,-2.3,40,0,0,500,1000000,126,-953400,12879092,334,954106,-60149432
20:37:52.478,0,-2.6,40,0,0,500,1000000,-23,-937391,12874774,716,973308,-60144436
20:37:52.483,0,-3.0,40,0,0,500,1000000,63,-970148,12869338,-535,1043837,-60139196
20:37:52.488,0,-3.8,40,0,0,500,1000000,-11,-993965,12864572,778,979007,-60134384
20:37:52.493,0,-4.7,39,0,0,500,1000000,36,-1015023,12858905,-418,1018934,-60129412
20:37:52.498,0,-5.3,39,0,0,500,1000000,-49,-1012894,12854176,702,951850,-60124784
20:37:52.503,0,-5.9,39,0,0,500,1000000,30,-1030463,12849317,-606,1093933,-60119232
20:37:52.508,0,-5.7,39,0,0,500,1000000,-77,-1045760,12843421,918,901321,-60115060
20:37:52.513,0,-5.2,41,0,0,500,1000000,-52,-1034506,12838642,-573,1069341,-60108688
20:37:52.518,0,-4.4,41,0,0,500,1000000,15,-1048841,12832842,242,958412,-60104640
20:37:52.523,0,-3.7,41,0,0,500,1000000,-33,-1009706,12828362,-211,1057088,-60098744
20:37:52.528,0,-2.9,41,0,0,500,1000000,-25,-980043,12823038,664,926163,-60094876
20:37:52.533,0,-2.2,41,0,0,500,1000000,-7,-945599,12818701,21,1022993,-60089340
20:37:52.539,0,-1.8,41,0,0,500,1000000,40,-957572,12813433,-578,1043443,-60084172
20:37:52.544,0,-1.4,41,0,0,500,1000000,-18,-941121,12809097,788,923914,-60079904
20:37:52.549,0,-1.5,41,0,0,500,1000000,37,-952478,12803898,-740,1061387,-60073368
20:37:52.554,0,-2.0,41,0,0,500,1000000,-36,-981567,12799162,1089,931368,-60069892
20:37:52.559,0,-2.9,41,0,0,500,1000000,52,-986727,12793769,-623,1048218,-60063520
20:37:52.564,0,-3.7,41,0,0,500,1000000,-20,-989344,12789118,850,933382,-60059120
20:37:52.569,0,-4.5,41,0,0,500,1000000,-8,-992531,12784425,-478,1090787,-60053548
20:37:52.574,0,-4.8,42,0,0,500,1000000,-25,-1017880,12777841,778,910552,-60048300
20:37:52.579,0,-4.7,42,0,0,500,1000000,-60,-1005064,12772345,-272,1054747,-60043072
20:37:52.584,0,-4.4,42,0,0,500,1000000,54,-1021581,12767491,1073,936991,-60038096
20:37:52.589,0,-4.1,42,0,0,500,1000000,38,-990625,12762993,-260,1058261,-60033020
20:37:52.594,0,-3.9,42,0,0,500,1000000,102,-981923,12758513,667,921105,-60029192
20:37:52.599,0,-3.6,42,0,0,500,1000000,16,-950563,12754209,167,1021295,-60023652
20:37:52.604,0,-3.6,42,0,0,500,1000000,-22,-976020,12748750,-347,1024350,-60018640
20:37:52.609,0,-3.4,42,0,0,500,1000000,69,-969298,12744301,794,950457,-60014128
20:37:52.614,0,-4.0,39,0,0,500,1000000,68,-984564,12738849,-641,1056551,-60008808
20:37:52.620,0,-4.8,39,0,0,500,1000000,-46,-1009946,12734000,994,951924,-60004268
20:37:52.625,0,-5.4,39,0,0,500,1000000,59,-1022716,12728393,-576,1055724,-59998940
20:37:52.630,0,-6.0,42,0,0,500,1000000,-47,-1021999,12723610,769,929433,-59994504
20:37:52.635,0,-6.3,42,0,0,500,1000000,25,-1044418,12717853,-563,1084969,-59989000
20:37:52.640,0,-6.0,42,0,0,500,1000000,-29,-1058122,12712827,1140,898807,-59984564
20:37:52.645,0,-5.5,42,0,0,500,1000000,-141,-1035680,12707186,-341,1057340,-59978396
20:37:52.650,0,-4.8,42,0,0,500,1000000,112,-1034124,12702354,244,958350,-59974184
20:37:52.656,0,-3.9,42,0,0,500,1000000,-28,-986487,12697945,-167,1052802,-59968516
20:37:52.661,0,-3.1,42,0,0,500,1000000,69,-945324,12692930,269,948519,-59964396
20:37:52.666,0,-2.6,42,0,0,500,1000000,60,-896024,12688953,644,983212,-59959276
20:37:52.671,0,-2.6,42,0,0,500,1000000,82,-906892,12684000,-641,1050919,-59953904
20:37:52.676,0,-3.2,42,0,0,500,1000000,-32,-907911,12679738,683,921695,-59949672
20:37:52.681,0,-4.4,42,0,0,500,1000000,23,-944372,12674394,-448,1036295,-59943356
20:37:52.686,0,-6.3,42,0,0,500,1000000,-27,-994808,12669517,1119,945825,-59939720
20:37:52.691,0,-7.8,42,0,0,500,1000000,69,-1032410,12663753,-492,1030132,-59933440
20:37:52.696,0,-8.8,42,0,0,500,1000000,-53,-1035055,12658886,862,937769,-59929072
20:37:52.701,0,-8.9,42,0,0,500,1000000,0,-1048149,12653138,-608,1095290,-59923484
20:37:52.707,0,-7.7,42,0,0,500,1000000,-70,-1058756,12648133,1037,904161,-59919068
20:37:52.712,0,-6.0,42,0,0,500,1000000,-61,-1034175,12642509,156,1008603,-59914336
20:37:52.717,0,-4.4,40,0,0,500,1000000,19,-1039875,12637702,-118,999792,-59908448
20:37:52.722,0,-3.2,40,0,0,500,1000000,-21,-1007231,12633120,41,1025647,-59903132
20:37:52.727,0,-2.4,40,0,0,500,1000000,79,-982825,12627794,-15,982565,-59898624
20:37:52.732,0,-2.4,40,0,0,500,1000000,-17,-951794,12621893,-51,1033813,-59892356
20:37:52.737,0,-2.7,39,0,0,500,1000000,55,-980978,12617206,243,956654,-59886988
20:37:52.742,0,-3.3,39,0,0,500,1000000,-27,-978498,12611848,569,979804,-59882720
20:37:52.747,0,-4.1,39,0,0,500,1000000,24,-1013091,12606997,44,993436,-59876944
20:37:52.752,0,-5.1,39,0,0,500,1000000,-7,-1027916,12601214,469,997744,-59872752
20:37:52.757,0,-5.6,43,0,0,500,1000000,1,-1030933,12597290,-446,1024288,-59867752
20:37:52.762,0,-5.6,43,0,0,500,1000000,-55,-1012498,12592625,860,919930,-59864336
20:37:52.767,0,-5.1,43,0,0,500,1000000,46,-998815,12587233,-501,1097604,-59857592
20:37:52.772,0,-4.1,43,0,0,500,1000000,57,-1002044,12582526,515,935269,-59853904
20:37:52.777,0,-3.0,43,0,0,500,1000000,-38,-967193,12577311,360,999797,-59848540
20:37:52.782,0,-2.3,43,0,0,500,1000000,-64,-978993,12572718,-725,1044955,-59843324
20:37:52.788,0,-2.1,43,0,0,500,1000000,-75,-959475,12567522,641,973669,-59838660
20:37:52.793,0,-2.1,43,0,0,500,1000000,52,-955763,12563101,12,982654,-59832744
20:37:52.798,0,-2.6,40,0,0,500,1000000,-1,-940647,12558761,689,943327,-59828972
20:37:52.803,0,-3.3,40,0,0,500,1000000,81,-975558,12553357,-473,1055642,-59822428
20:37:52.808,0,-4.0,40,0,0,500,1000000,-44,-1005809,12548506,955,914296,-59819160
20:37:52.813,0,-4.7,40,0,0,500,1000000,-103,-1025157,12542793,-568,1066909,-59812656
20:37:52.818,0,-5.3,42,0,0,500,1000000,-79,-1063911,12537645,1083,937754,-59808096
20:37:52.823,0,-5.5,42,0,0,500,1000000,1,-1048314,12531918,-562,1072655,-59802644
20:37:52.828,0,-4.9,42,0,0,500,1000000,-48,-1040762,12527072,842,909693,-59798320
20:37:52.833,0,-4.1,42,0,0,500,1000000,-77,-1019563,12521594,-305,1071750,-59792992
20:37:52.838,0,-2.9,42,0,0,500,1000000,81,-1020971,12516745,237,946575,-59787704
20:37:52.843,0,-1.9,42,0,0,500,1000000,-57,-978545,12511485,707,947487,-59783744
20:37:52.848,0,-1.2,42,0,0,500,1000000,100,-967946,12507098,-558,1071280,-59777092
20:37:52.853,0,-1.2,42,0,0,500,1000000,-58,-945849,12501962,901,933213,-59772712
20:37:52.859,0,-1.3,42,0,0,500,1000000,56,-914254,12497789,-559,1060093,-59767376
20:37:52.864,0,-2.0,42,0,0,500,1000000,23,-915758,12493553,940,922460,-59762964
20:37:52.869,0,-3.2,42,0,0,500,1000000,-65,-942494,12488298,-328,1073211,-59757564
20:37:52.874,0,-4.5,42,0,0,500,1000000,74,-995842,12483461,899,917488,-59753120
20:37:52.879,0,-6.0,42,0,0,500,1000000,16,-1016666,12477802,-217,1050111,-59747936
20:37:52.884,0,-7.3,42,0,0,500,1000000,-48,-1064466,12472618,1074,948821,-59742988
20:37:52.889,0,-7.9,42,0,0,500,1000000,-72,-1049631,12466942,-725,1057907,-59736668
20:37:52.894,0,-7.4,42,0,0,500,1000000,-133,-1037956,12462122,1030,904903,-59733324
20:37:52.899,0,-6.2,42,0,0,500,1000000,-27,-1020311,12456558,-507,1095430,-59726692
20:37:52.904,0,-4.5,42,0,0,500,1000000,145,-1029052,12451718,357,950444,-59722728
20:37:52.909,0,-3.0,42,0,0,500,1000000,-61,-984000,12446509,860,952728,-59717896
20:37:52.914,0,-2.2,42,0,0,500,1000000,40,-975757,12442081,-700,1074151,-59712336
20:37:52.919,0,-2.2,43,0,0,500,1000000,-15,-965105,12436793,801,940171,-59707904
20:37:52.924,0,-2.6,43,0,0,500,1000000,87,-949183,12432398,-226,1006483,-59701772
20:37:52.929,0,-3.5,43,0,0,500,1000000,-51,-944160,12427226,780,930104,-59698268
20:37:52.934,0,-4.8,43,0,0,500,1000000,46,-973987,12422657,-475,1051117,-59691836
20:37:52.939,0,-6.9,43,0,0,500,1000000,1,-1001803,12416949,877,921301,-59688444
20:37:52.945,0,-7.4,43,0,0,500,1000000,53,-1011265,12412221,-731,1049709,-59682144
20:37:52.950,0,-7.4,43,0,0,500,1000000,-60,-1028256,12406421,881,968143,-59677320
20:37:52.955,0,-6.7,40,0,0,500,1000000,-33,-1017731,12401801,-539,1058017,-59672024
20:37:52.960,0,-5.6,40,0,0,500,1000000,-51,-989421,12396469,924,918705,-59667664
20:37:52.965,0,-4.5,40,0,0,500,1000000,-40,-976350,12391985,-418,1082795,-59662216
20:37:52.970,0,-3.8,40,0,0,500,1000000,255,-1007205,12387157,837,916584,-59657448
20:37:52.975,0,-3.3,41,0,0,500,1000000,9,-978094,12381909,141,1011122,-59651888
20:37:52.980,0,-3.6,41,0,0,500,1000000,31,-994279,12377222,-282,1011140,-59646924
20:37:52.985,0,-4.0,41,0,0,500,1000000,-40,-986077,12371754,221,1011979,-59641860
20:37:52.991,0,-4.1,41,0,0,500,1000000,39,-981433,12367209,-173,995166,-59637156
20:37:52.996,0,-4.5,41,0,0,500,1000000,-66,-956115,12362086,641,959183,-59632492
20:37:53.001,0,-4.6,41,0,0,500,1000000,45,-971047,12357598,-641,1065315,-59627024
20:37:53.006,0,-4.8,41,0,0,500,1000000,-43,-980521,12352081,722,920836,-59622856
20:37:53.011,0,-5.1,41,0,0,500,1000000,28,-993028,12347421,-537,1046437,-59616480
20:37:53.016,0,-5.6,41,0,0,500,1000000,-33,-1035630,12341498,1167,937817,-59612808
20:37:53.021,0,-5.8,41,0,0,500,1000000,-1,-1044712,12336601,-530,1055993,-59606376
20:37:53.026,0,-5.9,41,0,0,500,1000000,-84,-1051165,12330862,804,907577,-59603056
20:37:53.031,0,-5.4,41,0,0,500,1000000,-123,-1041489,12325978,-452,1077270,-59596704
20:37:53.036,0,-4.5,41,0,0,500,1000000,-5,-1057786,12320109,183,957230,-59592548
20:37:53.041,0,-3.3,41,0,0,500,1000000,-29,-1022986,12315485,303,999560,-59587360
20:37:53.046,0,-2.3,41,0,0,500,1000000,42,-1013674,12309990,157,981435,-59581568
20:37:53.051,0,-1.6,41,0,0,500,1000000,-52,-970014,12305625,403,998468,-59577340
20:37:53.057,0,-1.0,41,0,0,500,1000000,156,-937792,12300638,190,962945,-59571664
20:37:53.062,0,-0.9,41,0,0,500,1000000,-74,-895920,12296638,652,943623,-59567808
20:37:53.067,0,-1.2,41,0,0,500,1000000,104,-906598,12292465,-514,1057346,-59561164
20:37:53.072,0,-2.1,41,0,0,500,1000000,-65,-939286,12287105,764,930980,-59556964
20:37:53.077,0,-3.5,38,0,0,500,1000000,0,-964607,12282538,-434,1053467,-59551692
20:37:53.082,0,-5.3,38,0,0,500,1000000,-61,-1034831,12276517,1103,945185,-59547004
20:37:53.087,0,-6.5,38,0,0,500,1000000,-29,-1050593,12271622,-452,1072432,-59541624
20:37:53.092,0,-6.9,38,0,0,500,1000000,-66,-1047910,12264861,787,910381,-59537240
20:37:53.097,0,-6.6,43,0,0,500,1000000,32,-1035010,12260106,-602,1092709,-59530592
20:37:53.102,0,-5.3,43,0,0,500,1000000,-6,-1030793,12255293,671,936543,-59526892
20:37:53.107,0,-4.0,43,0,0,500,1000000,1,-976431,12250169,-26,1021728,-59521308
20:37:53.112,0,-3.1,43,0,0,500,1000000,71,-981478,12245593,-58,999857,-59516572
20:37:53.117,0,-2.9,43,0,0,500,1000000,53,-958628,12241214,141,1019340,-59511312
20:37:53.122,0,-3.3,43,0,0,500,1000000,220,-968709,12235905,219,977577,-59506868
20:37:53.127,0,-4.3,43,0,0,500,1000000,90,-953802,12231525,325,998664,-59501696
20:37:53.132,0,-5.3,43,0,0,500,1000000,106,-1006345,12225930,-228,1024335,-59496724
20:37:53.137,0,-6.1,41,0,0,500,1000000,51,-1007589,12221202,307,998990,-59491740
20:37:53.143,0,-6.3,41,0,0,500,1000000,174,-1036601,12215378,112,967812,-59486264
20:37:53.148,0,-6.2,41,0,0,500,1000000,-25,-1025478,12210714,190,1016075,-59481804
20:37:53.153,0,-5.4,41,0,0,500,1000000,135,-1029670,12205005,23,985205,-59476032
20:37:53.158,0,-4.5,41,0,0,500,1000000,-55,-993384,12200586,522,985622,-59471088
20:37:53.163,0,-3.6,41,0,0,500,1000000,23,-988802,12195954,-704,1056123,-59465816
20:37:53.168,0,-3.0,41,0,0,500,1000000,-36,-981132,12190584,680,955116,-59461232
20:37:53.173,0,-2.7,41,0,0,500,1000000,47,-966786,12186150,-657,1044771,-59456020
20:37:53.178,0,-3.1,41,0,0,500,1000000,-9,-972536,12180774,902,957182,-59451356
20:37:53.183,0,-3.8,41,0,0,500,1000000,46,-985839,12176137,-344,1064028,-59446012
20:37:53.188,0,-4.5,41,0,0,500,1000000,-36,-987840,12170612,881,923446,-59441660
20:37:53.193,0,-5.4,41,0,0,500,1000000,9,-981397,12166170,-673,1047898,-59435364
20:37:53.198,0,-5.9,41,0,0,500,1000000,-38,-1003839,12160421,1151,948190,-59431612
20:37:53.204,0,-6.1,41,0,0,500,1000000,28,-1014659,12155722,-306,1030513,-59425484
20:37:53.209,0,-5.9,41,0,0,500,1000000,-50,-1015648,12150057,859,932478,-59421904
20:37:53.214,0,-5.8,41,0,0,500,1000000,100,-1028432,12145229,-461,1077911,-59415404
20:37:53.219,0,-5.3,42,0,0,500,1000000,-71,-1026709,12139578,756,921143,-59410944
20:37:53.224,0,-4.7,42,0,0,500,1000000,-57,-1000205,12135041,-478,1059177,-59405616
20:37:53.229,0,-4.3,42,0,0,500,1000000,-78,-1003487,12129519,1056,932265,-59400952
20:37:53.234,0,-3.8,42,0,0,500,1000000,-93,-998269,12124825,-456,1069514,-59395612
20:37:53.239,0,-3.4,42,0,0,500,1000000,-28,-1000945,12119306,975,906080,-59391228
20:37:53.244,0,-3.5,42,0,0,500,1000000,-63,-991761,12114794,-28,1028196,-59386320
20:37:53.249,0,-3.6,42,0,0,500,1000000,36,-1013842,12109971,222,969312,-59380844
20:37:53.254,0,-3.9,42,0,0,500,1000000,-9,-977278,12104685,-175,1036059,-59375288
20:37:53.259,0,-4.2,40,0,0,500,1000000,-35,-974410,12098585,925,937334,-59370256
20:37:53.264,0,-4.8,40,0,0,500,1000000,51,-968266,12094109,-392,1078344,-59363832
20:37:53.270,0,-4.9,40,0,0,500,1000000,54,-996967,12089321,893,915714,-59360264
20:37:53.275,0,-5.0,41,0,0,500,1000000,-23,-977186,12083990,-17,1025301,-59354576
20:37:53.280,0,-5.1,41,0,0,500,1000000,69,-1000908,12080158,-632,1062204,-59350572
20:37:53.285,0,-4.9,41,0,0,500,1000000,-32,-996520,12074610,791,967353,-59345872
20:37:53.290,0,-4.7,41,0,0,500,1000000,30,-987032,12070133,-36,990722,-59340104
20:37:53.295,0,-4.5,41,0,0,500,1000000,-14,-976115,12064690,823,958524,-59336176
20:37:53.300,0,-4.1,41,0,0,500,1000000,41,-998548,12060023,-610,1036284,-59329904
20:37:53.305,0,-4.0,41,0,0,500,1000000,-34,-1001613,12054502,664,938740,-59325468
20:37:53.310,0,-4.0,41,0,0,500,1000000,7,-1009213,12049785,-587,1074285,-59319984
20:37:53.315,0,-4.0,41,0,0,500,1000000,-62,-1023541,12044022,1122,926399,-59315492
20:37:53.320,0,-4.0,41,0,0,500,1000000,-100,-1001857,12039445,-434,1070611,-59310072
20:37:53.325,0,-4.0,41,0,0,500,1000000,-48,-997764,12033979,802,910387,-59305724
20:37:53.330,0,-3.7,41,0,0,500,1000000,-104,-992334,12029453,-266,1077837,-59300264
20:37:53.335,0,-3.7,41,0,0,500,1000000,-17,-1022106,12023658,956,909691,-59295592
20:37:53.340,0,-3.5,41,0,0,500,1000000,-35,-1005985,12019098,241,1008340,-59290044
20:37:53.345,0,-3.6,41,0,0,500,1000000,33,-1029401,12013402,-698,1044781,-59284832
20:37:53.351,0,-3.3,41,0,0,500,1000000,8,-1009026,12008749,716,967191,-59280172
20:37:53.356,0,-3.0,41,0,0,500,1000000,50,-984621,12004278,-564,1041688,-59275004
20:37:53.361,0,-2.8,41,0,0,500,1000000,-123,-961946,11999005,874,950323,-59270456
20:37:53.366,0,-2.4,41,0,0,500,1000000,112,-947001,11994665,-409,1078579,-59264944
20:37:53.371,0,-2.7,41,0,0,500,1000000,-48,-942360,11989485,998,899650,-59260752
20:37:53.376,0,-3.3,41,0,0,500,1000000,-46,-929492,11985213,-287,1063038,-59254352
20:37:53.381,0,-4.5,41,0,0,500,1000000,-12,-968730,11979682,876,937536,-59250536
20:37:53.386,0,-5.6,41,0,0,500,1000000,0,-958454,11975318,-321,1060019,-59244424
20:37:53.391,0,-6.7,41,0,0,500,1000000,-75,-980025,11969786,1000,915709,-59240844
20:37:53.397,0,-7.3,42,0,0,500,1000000,-2,-993181,11965178,-384,1080051,-59234504
20:37:53.402,0,-7.2,42,0,0,500,1000000,-51,-1050731,11959121,436,945863,-59230624
20:37:53.407,0,-6.7,42,0,0,500,1000000,-49,-1044541,11954278,82,1012412,-59225200
20:37:53.412,0,-5.9,42,0,0,500,1000000,5,-1068526,11948357,50,992303,-59219408
20:37:53.417,0,-4.6,42,0,0,500,1000000,-3,-1043117,11943579,270,1007414,-59215068
20:37:53.422,0,-3.4,42,0,0,500,1000000,137,-1022649,11938074,160,962960,-59209720
20:37:53.427,0,-2.6,42,0,0,500,1000000,-17,-985890,11933629,592,990399,-59205380
20:37:53.432,0,-2.1,42,0,0,500,1000000,17,-989777,11928165,-252,1013434,-59199348
20:37:53.437,0,-2.1,41,0,0,500,1000000,-15,-959465,11923869,726,968559,-59194604
20:37:53.442,0,-2.8,41,0,0,500,1000000,44,-965157,11918620,-547,1051106,-59189388
20:37:53.447,0,-3.7,41,0,0,500,1000000,-33,-968791,11914061,991,956912,-59184780
20:37:53.452,0,-4.6,41,0,0,500,1000000,100,-965765,11908758,-446,1047295,-59179524
20:37:53.457,0,-5.5,41,0,0,500,1000000,-80,-959908,11904346,819,932914,-59175084
20:37:53.462,0,-6.0,41,0,0,500,1000000,54,-989536,11898106,-553,1072921,-59168452
20:37:53.467,0,-6.0,41,0,0,500,1000000,-24,-1002209,11893345,756,926548,-59164120
20:37:53.472,0,-5.8,41,0,0,500,1000000,-7,-1003478,11888682,-630,1063143,-59158780
20:37:53.477,0,-5.4,41,0,0,500,1000000,-71,-1018498,11882962,1011,944545,-59154096
20:37:53.482,0,-4.9,41,0,0,500,1000000,-35,-1011055,11878282,-473,1078612,-59148620
20:37:53.488,0,-4.3,41,0,0,500,1000000,-105,-1008983,11873631,998,907916,-59145152
20:37:53.493,0,-3.9,41,0,0,500,1000000,-40,-997124,11868186,7,1036585,-59139356
20:37:53.498,0,-3.6,43,0,0,500,1000000,7,-1025321,11863289,167,969784,-59133792
20:37:53.503,0,-3.5,43,0,0,500,1000000,-30,-1007998,11858709,785,958179,-59129836
20:37:53.508,0,-3.7,43,0,0,500,1000000,38,-1012973,11853114,-398,1032880,-59123640
20:37:53.513,0,-3.9,43,0,0,500,1000000,-26,-999646,11848478,956,946906,-59119952
20:37:53.518,0,-3.9,43,0,0,500,1000000,73,-978074,11843233,-554,1036275,-59113656
20:37:53.523,0,-4.2,40,0,0,500,1000000,-41,-959841,11838806,808,930702,-59109248
20:37:53.528,0,-4.4,40,0,0,500,1000000,75,-967908,11833530,-452,1085379,-59103640
20:37:53.533,0,-4.8,40,0,0,500,1000000,-33,-999834,11828637,969,908269,-59099280
20:37:53.538,0,-5.2,40,0,0,500,1000000,3,-989570,11823285,-73,1030724,-59094360
20:37:53.543,0,-5.6,40,0,0,500,1000000,87,-1026425,11818410,893,947773,-59089160
20:37:53.548,0,-5.7,40,0,0,500,1000000,-59,-1009722,11812961,-223,1050740,-59084188
20:37:53.553,0,-5.3,40,0,0,500,1000000,-56,-1006289,11808261,1054,916493,-59079452
20:37:53.558,0,-5.0,40,0,0,500,1000000,-93,-986049,11802906,-127,1055479,-59073428
20:37:53.563,0,-4.4,41,0,0,500,1000000,56,-1013659,11798074,-12,994375,-59068876
20:37:53.568,0,-4.0,41,0,0,500,1000000,3,-993567,11792710,305,996654,-59063808
20:37:53.573,0,-3.9,41,0,0,500,1000000,22,-1005728,11787986,-362,1025437,-59058832
20:37:53.579,0,-3.9,41,0,0,500,1000000,-9,-990516,11782538,463,998624,-59053820
20:37:53.584,0,-3.9,42,0,0,500,1000000,79,-986447,11777954,237,962706,-59048320
20:37:53.589,0,-3.9,42,0,0,500,1000000,-40,-959581,11773717,785,957957,-59044328
20:37:53.594,0,-3.9,42,0,0,500,1000000,-90,-977064,11768285,-595,1044217,-59037868
20:37:53.599,0,-3.8,42,0,0,500,1000000,-37,-989017,11763597,1004,932703,-59034428
20:37:53.604,0,-4.0,42,0,0,500,1000000,65,-1003348,11758034,-631,1035488,-59028140
20:37:53.609,0,-4.4,42,0,0,500,1000000,-27,-1021398,11753166,762,973283,-59023276
20:37:53.614,0,-4.6,42,0,0,500,1000000,31,-1031193,11747502,-448,1067264,-59017936
20:37:53.619,0,-4.5,42,0,0,500,1000000,-82,-1025041,11742717,779,908249,-59013764
20:37:53.624,0,-4.3,42,0,0,500,1000000,-68,-1010022,11737202,-184,1062457,-59008472
20:37:53.629,0,-3.8,42,0,0,500,1000000,85,-1021888,11732445,634,941675,-59003324
20:37:53.634,0,-3.1,42,0,0,500,1000000,32,-989539,11727157,141,1006224,-58998828
20:37:53.639,0,-2.6,42,0,0,500,1000000,-66,-986615,11720893,1183,927207,-58991660
20:37:53.644,0,-2.4,42,0,0,500,1000000,-50,-955863,11715786,-400,1084420,-58986256
20:37:53.649,0,-2.2,42,0,0,500,1000000,76,-953107,11711275,988,890410,-58981836
20:37:53.654,0,-2.5,42,0,0,500,1000000,-35,-920781,11706377,785,956307,-58977468
20:37:53.659,0,-2.8,42,0,0,500,1000000,88,-954344,11701817,-683,1037563,-58970912
20:37:53.664,0,-4.1,42,0,0,500,1000000,-189,-967537,11696369,784,898776,-58967748
20:37:53.670,0,-4.8,42,0,0,500,1000000,-60,-971724,11693498,-25,1028691,-58963660
20:37:53.675,0,-5.5,42,0,0,500,1000000,227,-1026469,11688485,876,937986,-58958480
20:37:53.680,0,-5.3,41,0,0,500,1000000,-26,-1033481,11682721,-44,1039504,-58953612
20:37:53.685,0,-5.1,41,0,0,500,1000000,129,-1046798,11677786,394,939785,-58948416
20:37:53.690,0,-4.1,41,0,0,500,1000000,-56,-1017208,11672334,463,1000223,-58943084
20:37:53.695,0,-3.2,41,0,0,500,1000000,42,-1023718,11667610,-525,1086763,-58937504
20:37:53.700,0,-2.3,41,0,0,500,1000000,-39,-1005054,11662077,763,881864,-58933576
20:37:53.705,0,-2.1,41,0,0,500,1000000,-142,-979242,11657622,-132,1048887,-58928376
20:37:53.710,0,-2.3,41,0,0,500,1000000,182,-989057,11652185,257,964481,-58923012
20:37:53.715,0,-2.6,41,0,0,500,1000000,80,-949418,11647913,372,1000026,-58918628
20:37:53.720,0,-3.6,40,0,0,500,1000000,201,-951513,11642718,297,953585,-58913256
20:37:53.725,0,-4.4,40,0,0,500,1000000,-20,-943061,11638358,-60,1042416,-58907592
20:37:53.730,0,-5.2,40,0,0,500,1000000,259,-1001193,11632622,282,960577,-58903232
20:37:53.735,0,-5.8,40,0,0,500,1000000,83,-994380,11628074,513,987178,-58898120
20:37:53.740,0,-6.0,40,0,0,500,1000000,45,-1031357,11622266,-614,1025767,-58892976
20:37:53.745,0,-5.5,40,0,0,500,1000000,-150,-1024206,11617489,442,990906,-58888112
20:37:53.751,0,-4.8,40,0,0,500,1000000,31,-1023119,11611850,-517,1033616,-58883008
20:37:53.756,0,-4.0,40,0,0,500,1000000,-34,-1003866,11607242,917,951731,-58878464
20:37:53.761,0,-3.2,42,0,0,500,1000000,52,-1004838,11601770,-496,1076384,-58871788
20:37:53.766,0,-2.7,42,0,0,500,1000000,-59,-994249,11597218,971,896989,-58868560
20:37:53.771,0,-2.5,42,0,0,500,1000000,-183,-967831,11591982,-267,1066020,-58862284
20:37:53.776,0,-2.8,42,0,0,500,1000000,179,-987029,11587297,42,982721,-58857936
20:37:53.781,0,-3.0,41,0,0,500,1000000,-1,-944975,11582278,390,1002619,-58852796
20:37:53.786,0,-3.8,41,0,0,500,1000000,122,-948131,11577922,256,952330,-58847280
20:37:53.791,0,-4.5,41,0,0,500,1000000,-13,-943776,11572730,541,991069,-58842968
20:37:53.796,0,-5.3,41,0,0,500,1000000,57,-994686,11567902,149,983195,-58837256
20:37:53.801,0,-6.1,41,0,0,500,1000000,-61,-998013,11563213,612,960524,-58833352
20:37:53.806,0,-6.7,41,0,0,500,1000000,33,-1040752,11557402,-265,1015050,-58827320
20:37:53.811,0,-6.9,41,0,0,500,1000000,-36,-1047243,11552458,122,1017209,-58822128
20:37:53.816,0,-6.3,41,0,0,500,1000000,0,-1045854,11546757,-71,989614,-58817588
20:37:53.821,0,-5.5,42,0,0,500,1000000,-100,-1021960,11542014,764,973560,-58812704
20:37:53.826,0,-4.4,42,0,0,500,1000000,38,-1030664,11536441,-716,1087877,-58807104
20:37:53.831,0,-3.5,42,0,0,500,1000000,-54,-1017267,11531722,800,888703,-58803120
20:37:53.836,0,-3.1,42,0,0,500,1000000,-50,-989877,11526426,-154,1051954,-58797904
20:37:53.842,0,-3.0,42,0,0,500,1000000,184,-1002125,11521686,619,942969,-58792704
20:37:53.847,0,-3.0,42,0,0,500,1000000,-30,-961594,11516586,-267,1064959,-58786664
20:37:53.852,0,-3.3,42,0,0,500,1000000,191,-955490,11512218,763,917187,-58782972
20:37:53.857,0,-3.6,42,0,0,500,1000000,5,-928185,11507201,284,1017613,-58777400
20:37:53.862,0,-4.1,42,0,0,500,1000000,57,-961643,11502602,-183,1016321,-58772352
20:37:53.867,0,-4.7,42,0,0,500,1000000,-4,-959441,11497350,598,946954,-58767888
20:37:53.872,0,-5.5,42,0,0,500,1000000,101,-991475,11492623,-665,1058252,-58762476
20:37:53.877,0,-6.2,42,0,0,500,1000000,-1,-1022501,11486861,847,957107,-58757896
20:37:53.882,0,-6.3,41,0,0,500,1000000,18,-1026240,11482070,-220,1000474,-58751936
20:37:53.887,0,-6.1,41,0,0,500,1000000,-30,-1013848,11476486,799,930139,-58748336
20:37:53.892,0,-5.1,41,0,0,500,1000000,17,-1026095,11471734,-739,1083945,-58741556
20:37:53.897,0,-4.0,41,0,0,500,1000000,-39,-1026265,11466921,1106,890303,-58738428
20:37:53.902,0,-3.1,41,0,0,500,1000000,-117,-1004705,11461454,-172,1055098,-58732280
20:37:53.907,0,-2.5,41,0,0,500,1000000,78,-1015873,11456661,470,949703,-58727116
20:37:53.912,0,-2.1,41,0,0,500,1000000,-79,-976091,11451533,-77,1039582,-58722364
20:37:53.917,0,-2.0,41,0,0,500,1000000,99,-963644,11447086,936,904228,-58717572
20:37:53.922,0,-2.2,41,0,0,500,1000000,-3,-936460,11442030,282,1012233,-58712848
20:37:53.927,0,-2.6,41,0,0,500,1000000,35,-972222,11437425,327,956510,-58707228
20:37:53.933,0,-3.1,41,0,0,500,1000000,-32,-969349,11432125,751,973501,-58702240
20:37:53.938,0,-3.9,41,0,0,500,1000000,61,-996430,11427391,-566,1044329,-58696904
20:37:53.943,0,-4.5,39,0,0,500,1000000,-40,-1012394,11421753,755,968452,-58692240
20:37:53.948,0,-4.6,39,0,0,500,1000000,26,-1006717,11417093,-697,1050748,-58686928
20:37:53.953,0,-4.6,39,0,0,500,1000000,-60,-1003976,11411518,991,931188,-58682528
20:37:53.958,0,-4.1,39,0,0,500,1000000,-5,-1007346,11406890,-490,1096674,-58676844
20:37:53.963,0,-3.6,41,0,0,500,1000000,-61,-1025943,11401114,1015,896457,-58672492
20:37:53.968,0,-3.2,41,0,0,500,1000000,-7,-1006549,11396506,492,996822,-58667784
20:37:53.973,0,-3.0,41,0,0,500,1000000,36,-1019101,11390837,-455,1037801,-58661544
20:37:53.978,0,-2.9,41,0,0,500,1000000,-41,-991111,11386306,642,978078,-58656772
20:37:53.983,0,-2.7,41,0,0,500,1000000,5,-962303,11381125,-605,1040612,-58651656
20:37:53.988,0,-2.9,41,0,0,500,1000000,-36,-951060,11376725,793,949955,-58647144
20:37:53.993,0,-2.9,41,0,0,500,1000000,71,-963755,11371450,-382,1079561,-58641600
20:37:53.998,0,-3.3,41,0,0,500,1000000,-41,-966353,11366907,818,896570,-58637488
20:37:54.003,0,-3.8,40,0,0,500,1000000,0,-971919,11361606,-493,1073281,-58630972
20:37:54.008,0,-4.6,40,0,0,500,1000000,-47,-1015875,11356658,1110,934905,-58627312
20:37:54.013,0,-5.2,40,0,0,500,1000000,-77,-1012224,11351882,-375,1057787,-58621216
20:37:54.018,0,-5.7,40,0,0,500,1000000,56,-1038073,11345190,1155,919436,-58616692
20:37:54.024,0,-5.9,43,0,0,500,1000000,-99,-1039551,11340407,-498,1092435,-58610000
20:37:54.029,0,-5.4,43,0,0,500,1000000,-43,-1051072,11334522,849,908310,-58606460
20:37:54.034,0,-4.7,43,0,0,500,1000000,-60,-1027548,11330729,738,947969,-58602320
20:37:54.039,0,-3.7,43,0,0,500,1000000,18,-1010131,11325218,-681,1103505,-58596512
20:37:54.044,0,-2.9,43,0,0,500,1000000,59,-974540,11320789,1202,892780,-58592388
20:37:54.049,0,-2.1,43,0,0,500,1000000,-62,-917533,11316010,-632,1065894,-58585952
20:37:54.054,0,-2.1,43,0,0,500,1000000,-40,-908034,11311802,1032,917265,-58582412
20:37:54.059,0,-2.5,43,0,0,500,1000000,-34,-898261,11306957,-263,1072449,-58576152
20:37:54.064,0,-3.4,40,0,0,500,1000000,-63,-930799,11302458,1054,895125,-58572680
20:37:54.069,0,-4.8,40,0,0,500,1000000,39,-944845,11297217,51,1024182,-58566944
20:37:54.074,0,-6.5,40,0,0,500,1000000,229,-1024077,11292113,687,951366,-58561644
20:37:54.079,0,-7.9,40,0,0,500,1000000,-31,-1028844,11287357,-181,1035899,-58556824
20:37:54.084,0,-8.5,42,0,0,500,1000000,17,-1050548,11281466,829,942336,-58551808
20:37:54.089,0,-8.5,42,0,0,500,1000000,-37,-1051347,11276634,-160,1044725,-58546876
20:37:54.094,0,-7.1,42,0,0,500,1000000,25,-1066768,11270659,541,938822,-58541756
20:37:54.099,0,-5.6,42,0,0,500,1000000,-29,-1048930,11265842,0,1024102,-58536224
20:37:54.104,0,-3.0,42,0,0,500,1000000,-13,-1044680,11260090,-403,1025662,-58531200
20:37:54.110,0,-2.5,42,0,0,500,1000000,-33,-1000471,11255654,534,989236,-58526316
20:37:54.115,0,-2.4,42,0,0,500,1000000,-81,-961914,11250566,-393,1011043,-58521376
20:37:54.120,0,-2.7,41,0,0,500,1000000,1,-927395,11246378,866,956504,-58516736
20:37:54.120,0,-2.7,41,0,0,500,1000000,45,-936783,11241258,-512,1071391,-58511276
20:37:54.125,0,-3.4,41,0,0,500,1000000,-19,-948995,11236763,803,916168,-58507020
20:37:54.130,0,-4.6,41,0,0,500,1000000,42,-975601,11231381,-151,1056070,-58501776
20:37:54.135,0,-6.2,41,0,0,500,1000000,-50,-1035536,11226202,1217,938774,-58496940
20:37:54.140,0,-7.4,41,0,0,500,1000000,-18,-1033110,11220577,-619,1053234,-58490732
20:37:54.145,0,-7.7,41,0,0,500,1000000,-106,-1029019,11215841,998,915295,-58487288
20:37:54.150,0,-7.4,41,0,0,500,1000000,-9,-1026253,11210198,-462,1097049,-58480752
20:37:54.155,0,-5.8,41,0,0,500,1000000,154,-1032985,11205403,182,958984,-58476768
20:37:54.160,0,-4.3,42,0,0,500,1000000,-12,-1000752,11199989,799,974603,-58471748
20:37:54.165,0,-3.1,42,0,0,500,1000000,61,-1003667,11193634,-115,997094,-58464656
20:37:54.170,0,-2.3,42,0,0,500,1000000,-22,-965658,11189346,196,1019622,-58459360
20:37:54.175,0,-1.9,42,0,0,500,1000000,61,-946650,11185031,-23,990917,-58454832
20:37:54.180,0,-2.0,38,0,0,500,1000000,-14,-924294,11180058,352,1006721,-58449668
20:37:54.185,0,-2.3,38,0,0,500,1000000,66,-959141,11175470,-511,1024089,-58444704
20:37:54.191,0,-2.9,38,0,0,500,1000000,-29,-972569,11171697,847,922983,-58441224
20:37:54.196,0,-3.8,38,0,0,500,1000000,73,-998130,11166121,-461,1063082,-58435856
20:37:54.201,0,-4.9,42,0,0,500,1000000,-46,-1056396,11160925,1071,942359,-58431068
20:37:54.206,0,-5.8,42,0,0,500,1000000,-101,-1052979,11155117,-526,1065143,-58425852
20:37:54.211,0,-5.8,42,0,0,500,1000000,-75,-1049290,11150285,1024,919530,-58421300
20:37:54.216,0,-5.5,42,0,0,500,1000000,-79,-1039088,11144649,-360,1068376,-58416096
20:37:54.221,0,-4.2,42,0,0,500,1000000,172,-1040496,11139770,536,937127,-58410996
20:37:54.226,0,-2.8,42,0,0,500,1000000,-18,-1008140,11134318,374,1006074,-58405588
20:37:54.231,0,-1.8,42,0,0,500,1000000,52,-1006030,11129642,-597,1071600,-58400260
20:37:54.236,0,-1.3,42,0,0,500,1000000,-35,-967601,11124458,811,932474,-58395912
20:37:54.241,0,-1.1,41,0,0,500,1000000,29,-936135,11120242,-592,1062795,-58390472
20:37:54.246,0,-1.4,41,0,0,500,1000000,7,-921592,11115181,983,925662,-58386056
20:37:54.251,0,-2.0,41,0,0,500,1000000,116,-932325,11110941,-433,1075441,-58380608
20:37:54.256,0,-2.8,41,0,0,500,1000000,-53,-962719,11105466,907,898910,-58376248
20:37:54.261,0,-3.9,41,0,0,500,1000000,-38,-970689,11100926,-400,1066792,-58369908
20:37:54.267,0,-5.0,41,0,0,500,1000000,-5,-1034860,11095003,414,956454,-58365848
20:37:54.272,0,-6.1,41,0,0,500,1000000,-80,-1018129,11090315,-232,1049746,-58360112
20:37:54.277,0,-6.3,41,0,0,500,1000000,-71,-1018920,11084719,506,944144,-58356100
20:37:54.282,0,-6.2,41,0,0,500,1000000,-9,-1002961,11080173,-274,1062762,-58350172
20:37:54.287,0,-5.5,41,0,0,500,1000000,197,-1024821,11075229,746,929828,-58345216
20:37:54.292,0,-4.6,41,0,0,500,1000000,10,-996869,11069882,762,982887,-58340796
20:37:54.297,0,-4.1,41,0,0,500,1000000,57,-1015622,11065162,-155,1008739,-58334712
20:37:54.302,0,-4.1,40,0,0,500,1000000,-12,-1003772,11059677,829,967389,-58330844
20:37:54.307,0,-4.3,40,0,0,500,1000000,77,-993885,11055102,63,984168,-58324972
20:37:54.312,0,-4.6,40,0,0,500,1000000,-35,-971577,11049797,610,990339,-58319992
20:37:54.317,0,-4.9,40,0,0,500,1000000,65,-994827,11045158,-651,1043222,-58314628
20:37:54.322,0,-4.8,40,0,0,500,1000000,-26,-990963,11039713,651,920917,-58310448
20:37:54.327,0,-4.7,40,0,0,500,1000000,60,-984823,11035162,-669,1075276,-58304956
20:37:54.332,0,-4.7,40,0,0,500,1000000,-56,-1003157,11029498,1098,931258,-58300400
20:37:54.337,0,-4.7,40,0,0,500,1000000,-17,-977533,11025053,-522,1066478,-58295056
20:37:54.342,0,-4.4,40,0,0,500,1000000,-72,-961035,11019829,1157,905376,-58290732
20:37:54.348,0,-4.2,41,0,0,500,1000000,-19,-949198,11015466,-209,1066083,-58285360
20:37:54.353,0,-3.9,41,0,0,500,1000000,8,-990863,11009818,910,918410,-58280480
20:37:54.358,0,-3.9,41,0,0,500,1000000,-25,-967280,11005465,449,999004,-58275048
20:37:54.363,0,-4.1,41,0,0,500,1000000,65,-1002993,10999818,-390,1022112,-58269992
20:37:54.368,0,-4.8,40,0,0,500,1000000,-38,-992145,10995206,374,998512,-58265040
20:37:54.373,0,-5.2,40,0,0,500,1000000,81,-996225,10989711,-166,1010183,-58260164
20:37:54.378,0,-5.5,40,0,0,500,1000000,-109,-975649,10985242,693,971847,-58255372
20:37:54.383,0,-5.9,40,0,0,500,1000000,71,-1005146,10980458,-395,1063355,-58249972
20:37:54.388,0,-5.8,40,0,0,500,1000000,-51,-1016261,10974806,720,939241,-58245600
20:37:54.393,0,-5.9,40,0,0,500,1000000,7,-1021793,10970034,-398,1043021,-58239324
20:37:54.398,0,-5.9,40,0,0,500,1000000,-72,-1042128,10964226,1171,952239,-58235560
20:37:54.403,0,-5.9,40,0,0,500,1000000,-148,-1027000,10959501,-488,1034913,-58229308
20:37:54.408,0,-5.5,41,0,0,500,1000000,-53,-1009935,10954014,744,916973,-58225868
20:37:54.413,0,-5.1,41,0,0,500,1000000,43,-1010758,10949317,-456,1087233,-58219212
20:37:54.418,0,-4.6,41,0,0,500,1000000,-50,-1036226,10943518,983,910977,-58214852
20:37:54.423,0,-4.0,41,0,0,500,1000000,-22,-1013324,10938886,-79,1033314,-58209904
20:37:54.429,0,-3.7,42,0,0,500,1000000,64,-1025971,10933157,552,957369,-58204636
20:37:54.434,0,-3.6,42,0,0,500,1000000,-85,-995471,10928702,-167,1056830,-58199608
20:37:54.439,0,-3.4,42,0,0,500,1000000,-56,-971381,10923402,922,900723,-58194964
20:37:54.444,0,-3.0,42,0,0,500,1000000,-25,-932170,10919227,9,1027919,-58189200
20:37:54.449,0,-2.7,42,0,0,500,1000000,171,-947465,10913966,-269,1005477,-58184284
20:37:54.454,0,-2.4,42,0,0,500,1000000,-52,-930451,10909683,807,960903,-58179680
20:37:54.459,0,-2.5,42,0,0,500,1000000,123,-961300,10904301,-546,1034205,-58174444
20:37:54.464,0,-3.1,42,0,0,500,1000000,-156,-989058,10899614,613,981621,-58169664
20:37:54.469,0,-4.1,40,0,0,500,1000000,6,-1022170,10893930,-418,1040979,-58164476
20:37:54.474,0,-5.0,40,0,0,500,1000000,-55,-1021163,10889149,727,938987,-58160056
20:37:54.479,0,-5.8,40,0,0,500,1000000,42,-1038177,10884250,-656,1086101,-58154484
20:37:54.484,0,-5.9,40,0,0,500,1000000,-78,-1055195,10878297,932,908523,-58150176
20:37:54.489,0,-5.3,41,0,0,500,1000000,-140,-1038994,10873526,-591,1069285,-58143764
20:37:54.494,0,-4.3,41,0,0,500,1000000,-52,-1040827,10867810,915,937578,-58139992
20:37:54.499,0,-3.3,41,0,0,500,1000000,10,-1006708,10863321,-459,1085894,-58133728
20:37:54.505,0,-1.7,41,0,0,500,1000000,137,-986291,10857929,565,928716,-58129900
20:37:54.510,0,-1.4,41,0,0,500,1000000,-17,-943046,10853710,731,945258,-58125004
20:37:54.515,0,-1.3,41,0,0,500,1000000,71,-942375,10848542,-539,1110888,-58119068
20:37:54.520,0,-1.6,41,0,0,500,1000000,-67,-944597,10844154,797,877237,-58115244
20:37:54.525,0,-2.0,39,0,0,500,1000000,-54,-934253,10839050,-362,1062862,-58108768
20:37:54.530,0,-3.1,39,0,0,500,1000000,-78,-982277,10833470,1266,928683,-58104120
20:37:54.535,0,-4.0,39,0,0,500,1000000,-51,-980864,10828971,-422,1068784,-58098768
20:37:54.540,0,-4.8,39,0,0,500,1000000,-79,-996691,10823357,1029,912555,-58094240
20:37:54.545,0,-5.5,41,0,0,500,1000000,-107,-984380,10818889,-165,1050171,-58089184
20:37:54.550,0,-5.5,41,0,0,500,1000000,96,-1010108,10814141,-19,989256,-58084616
20:37:54.555,0,-5.2,41,0,0,500,1000000,-63,-976332,10808922,786,975315,-58079736
20:37:54.560,0,-4.9,41,0,0,500,1000000,28,-990994,10804270,-1,995761,-58073808
20:37:54.565,0,-4.9,41,0,0,500,1000000,-28,-977672,10798874,575,980807,-58069788
20:37:54.570,0,-4.9,41,0,0,500,1000000,5,-982504,10794286,185,970879,-58064140
20:37:54.575,0,-5.3,41,0,0,500,1000000,-83,-958494,10789134,823,970083,-58059276
20:37:54.581,0,-5.7,41,0,0,500,1000000,78,-996315,10784367,-437,1053486,-58053848
20:37:54.586,0,-6.0,41,0,0,500,1000000,-41,-1015667,10778701,699,941272,-58049484
20:37:54.591,0,-6.2,41,0,0,500,1000000,42,-1037313,10773801,-790,1058934,-58044112
20:37:54.596,0,-6.6,41,0,0,500,1000000,-43,-1060280,10768730,892,950814,-58039568
20:37:54.601,0,-6.5,41,0,0,500,1000000,51,-1050819,10763031,-545,1073291,-58034020
20:37:54.606,0,-5.9,41,0,0,500,1000000,-84,-1032922,10758250,738,915578,-58029728
20:37:54.611,0,-5.0,41,0,0,500,1000000,-71,-1005976,10752873,-421,1075635,-58024352
20:37:54.616,0,-4.0,41,0,0,500,1000000,169,-1013061,10748106,552,941212,-58019324
20:37:54.621,0,-3.1,41,0,0,500,1000000,2,-966226,10742938,2,1019108,-58013792
20:37:54.626,0,-2.7,41,0,0,500,1000000,25,-967731,10738501,-26,1009434,-58008976
20:37:54.631,0,-2.9,41,0,0,500,1000000,-15,-944209,10733347,98,1019378,-58003744
20:37:54.636,0,-3.3,41,0,0,500,1000000,149,-945882,10728941,161,978470,-57999232
20:37:54.641,0,-4.1,41,0,0,500,1000000,-10,-927015,10723958,432,988861,-57994156
20:37:54.646,0,-5.2,39,0,0,500,1000000,45,-972980,10719257,23,996562,-57988348
20:37:54.651,0,-6.1,39,0,0,500,1000000,-50,-989651,10713753,572,979511,-57984280
20:37:54.657,0,-6.8,39,0,0,500,1000000,88,-1026719,10708833,100,997264,-57978548
20:37:54.662,0,-7.3,39,0,0,500,1000000,23,-1038473,10703098,644,989416,-57974308
20:37:54.667,0,-7.1,43,0,0,500,1000000,42,-1051159,10698147,-25,988623,-57968516
20:37:54.672,0,-6.4,43,0,0,500,1000000,-97,-1026860,10692603,807,962434,-57963744
20:37:54.677,0,-5.4,43,0,0,500,1000000,112,-1035751,10687822,-742,1076089,-57958220
20:37:54.682,0,-4.4,43,0,0,500,1000000,-62,-1030983,10682094,890,932492,-57953832
20:37:54.687,0,-3.5,43,0,0,500,1000000,23,-1022225,10676505,-769,1042289,-57947496
20:37:54.692,0,-3.0,43,0,0,500,1000000,-16,-1008637,10671086,877,959698,-57942852
20:37:54.697,0,-2.9,43,0,0,500,1000000,39,-1001038,10666461,-399,1085481,-57937224
20:37:54.702,0,-2.9,43,0,0,500,1000000,-23,-981507,10661062,897,878395,-57933256
20:37:54.707,0,-3.2,41,0,0,500,1000000,-52,-959962,10656689,-18,1033285,-57928180
20:37:54.712,0,-3.5,41,0,0,500,1000000,54,-986052,10652829,-310,1004722,-57923396
20:37:54.717,0,-3.9,41,0,0,500,1000000,-22,-975659,10647439,438,994154,-57918448
20:37:54.722,0,-3.9,41,0,0,500,1000000,45,-992354,10642765,-216,1002940,-57913532
20:37:54.728,0,-4.2,40,0,0,500,1000000,-31,-982367,10637417,460,1000575,-57908484
20:37:54.733,0,-4.2,40,0,0,500,1000000,220,-986681,10632881,-636,1054248,-57903256
20:37:54.738,0,-4.1,40,0,0,500,1000000,-63,-968457,10627558,614,918628,-57899068
20:37:54.743,0,-4.1,40,0,0,500,1000000,-7,-968867,10623059,-642,1078549,-57892524
20:37:54.748,0,-4.1,40,0,0,500,1000000,-47,-999374,10617451,1214,917368,-57889076
20:37:54.753,0,-4.3,40,0,0,500,1000000,-107,-991114,10612875,-259,1053110,-57882864
20:37:54.758,0,-4.4,40,0,0,500,1000000,-45,-1015196,10607142,890,940852,-57879004
20:37:54.763,0,-4.8,40,0,0,500,1000000,16,-1008524,10602458,-374,1083213,-57872760
20:37:54.768,0,-4.9,41,0,0,500,1000000,-38,-1014886,10596850,793,917793,-57869124
20:37:54.773,0,-4.8,41,0,0,500,1000000,-64,-976269,10592458,512,982872,-57863868
20:37:54.778,0,-4.4,41,0,0,500,1000000,46,-995406,10586974,-530,1074202,-57858304
20:37:54.783,0,-4.0,41,0,0,500,1000000,-83,-982655,10582409,655,932008,-57854032
20:37:54.788,0,-3.4,41,0,0,500,1000000,24,-981568,10577866,-703,1042011,-57847680
20:37:54.793,0,-3.2,41,0,0,500,1000000,-10,-992711,10572298,985,934677,-57844124
20:37:54.798,0,-3.3,41,0,0,500,1000000,50,-994583,10567675,-565,1061715,-57837632
20:37:54.804,0,-3.2,41,0,0,500,1000000,0,-983941,10562297,727,911692,-57833440
20:37:54.809,0,-3.6,41,0,0,500,1000000,-98,-975455,10557789,-387,1074614,-57827964
20:37:54.814,0,-3.7,41,0,0,500,1000000,-30,-1002717,10552114,937,914837,-57823356
20:37:54.819,0,-3.7,41,0,0,500,1000000,6,-981911,10547689,215,1011529,-57818620
20:37:54.824,0,-3.7,41,0,0,500,1000000,190,-1000147,10542169,252,966683,-57813120
20:37:54.829,0,-3.9,41,0,0,500,1000000,-8,-983074,10537649,290,1008938,-57808708
20:37:54.834,0,-4.0,41,0,0,500,1000000,180,-986419,10532254,524,942295,-57803328
20:37:54.839,0,-4.1,41,0,0,500,1000000,-7,-950562,10527969,566,982982,-57798168
20:37:54.844,0,-4.3,41,0,0,500,1000000,32,-973759,10522541,-681,1054136,-57792704
20:37:54.849,0,-4.3,39,0,0,500,1000000,-137,-974898,10517962,626,945697,-57788332
20:37:54.854,0,-4.3,39,0,0,500,1000000,29,-984899,10512587,-798,1053557,-57783004
20:37:54.859,0,-4.3,39,0,0,500,1000000,-63,-995770,10507873,954,942035,-57778520
20:37:54.864,0,-4.6,39,0,0,500,1000000,47,-1009986,10502329,-444,1088924,-57772896
20:37:54.869,0,-4.7,39,0,0,500,1000000,-87,-1022075,10497482,1088,895729,-57768704
20:37:54.874,0,-5.1,39,0,0,500,1000000,-50,-1018019,10492699,-288,1069868,-57762368
20:37:54.880,0,-5.1,39,0,0,500,1000000,213,-1057306,10486769,220,964475,-57758192
20:37:54.885,0,-4.9,42,0,0,500,1000000,-67,-1033682,10482033,376,997156,-57753008
20:37:54.890,0,-4.6,42,0,0,500,1000000,18,-1044410,10476317,-541,1027392,-57747920
20:37:54.895,0,-4.2,42,0,0,500,1000000,-17,-1010933,10470819,-41,1033442,-57741752
20:37:54.900,0,-3.6,42,0,0,500,1000000,-40,-988443,10465451,-156,997751,-57737132
20:37:54.905,0,-3.4,40,0,0,500,1000000,-8,-947396,10461257,593,963224,-57732392
20:37:54.910,0,-3.1,40,0,0,500,1000000,63,-950403,10456089,-661,1076670,-57726844
20:37:54.915,0,-3.3,40,0,0,500,1000000,21,-948043,10451638,778,908367,-57722740
20:37:54.920,0,-3.6,40,0,0,500,1000000,37,-941278,10447234,-443,1063409,-57717328
20:37:54.925,0,-4.4,40,0,0,500,1000000,-19,-980448,10442354,1100,923882,-57713572
20:37:54.930,0,-5.1,40,0,0,500,1000000,-62,-983193,10437823,-385,1080338,-57707264
20:37:54.935,0,-5.7,40,0,0,500,1000000,-49,-1014597,10432073,919,921699,-57703564
20:37:54.940,0,-6.0,40,0,0,500,1000000,-10,-1004482,10427438,163,1021733,-57697928
20:37:54.945,0,-5.8,41,0,0,500,1000000,0,-1037813,10421598,-549,1052470,-57692492
20:37:54.950,0,-5.2,41,0,0,500,1000000,-29,-1024210,10416850,618,939337,-57688144
20:37:54.955,0,-4.3,41,0,0,500,1000000,-7,-1017662,10411337,-618,1072361,-57682684
20:37:54.961,0,-3.7,41,0,0,500,1000000,-94,-1002917,10406622,1185,931112,-57678112
20:37:54.966,0,-2.9,41,0,0,500,1000000,38,-967053,10401486,-565,1065887,-57671648
20:37:54.971,0,-2.6,41,0,0,500,1000000,-83,-947507,10397130,915,899935,-57668400
20:37:54.976,0,-2.7,41,0,0,500,1000000,-163,-932915,10392109,-204,1074254,-57662088
20:37:54.981,0,-3.1,41,0,0,500,1000000,251,-967171,10387386,305,950864,-57658012
20:37:54.986,0,-3.9,41,0,0,500,1000000,-4,-959849,10382942,739,958373,-57653116
20:37:54.991,0,-4.9,41,0,0,500,1000000,89,-1011999,10377278,-301,1027138,-57646860
20:37:54.996,0,-6.1,41,0,0,500,1000000,-47,-1037309,10372365,995,963696,-57643024
20:37:55.001,0,-6.4,41,0,0,500,1000000,11,-1051027,10366526,-89,993595,-57637152
20:37:55.006,0,-6.6,41,0,0,500,1000000,-60,-1042938,10361685,827,949357,-57633364
20:37:55.011,0,-5.8,41,0,0,500,1000000,6,-1052188,10355929,-710,1064620,-57626708
20:37:55.016,0,-4.5,41,0,0,500,1000000,-65,-1036923,10351139,944,894108,-57623592
20:37:55.021,0,-3.2,41,0,0,500,1000000,-28,-1008235,10345755,-555,1077029,-57617088
20:37:55.026,0,-2.1,41,0,0,500,1000000,115,-998703,10341130,980,928193,-57612280
20:37:55.032,0,-1.2,41,0,0,500,1000000,-142,-935182,10336173,-191,1053672,-57607196
20:37:55.037,0,-0.9,41,0,0,500,1000000,21,-915256,10331981,1041,911457,-57602512
20:37:55.042,0,-1.1,41,0,0,500,1000000,25,-890728,10327183,53,1030611,-57597580
20:37:55.047,0,-1.7,41,0,0,500,1000000,266,-936501,10322637,592,941002,-57592336
20:37:55.052,0,-3.0,41,0,0,500,1000000,-16,-948140,10317418,201,1009024,-57586912
20:37:55.057,0,-4.6,41,0,0,500,1000000,85,-1024909,10312349,-92,1020315,-57582032
20:37:55.062,0,-6.3,41,0,0,500,1000000,-40,-1059964,10306382,83,1015869,-57576796
20:37:55.067,0,-7.1,40,0,0,500,1000000,0,-1080298,10301270,-45,990761,-57572240
20:37:55.072,0,-7.1,40,0,0,500,1000000,-63,-1065095,10296278,533,995876,-57567104
20:37:55.077,0,-5.9,40,0,0,500,1000000,-36,-1065985,10290458,-758,1061906,-57561700
20:37:55.082,0,-4.1,40,0,0,500,1000000,-34,-1017774,10283241,622,984581,-57555280
20:37:55.087,0,-2.4,42,0,0,500,1000000,130,-1004388,10278619,-880,1066849,-57549808
20:37:55.092,0,-1.2,42,0,0,500,1000000,37,-915061,10269393,-532,1075971,-57539904
20:37:55.097,0,-0.5,42,0,0,500,1000000,153,-905814,10266778,671,928728,-57537280
20:37:55.102,0,-0.4,42,0,0,500,1000000,43,-886143,10261913,-74,1043041,-57531564
20:37:55.107,0,-1.0,42,0,0,500,1000000,139,-941363,10257370,246,977467,-57527136
20:37:55.112,0,-2.0,42,0,0,500,1000000,-61,-948759,10252146,659,979127,-57522180
20:37:55.117,0,-3.6,42,0,0,500,1000000,78,-1011629,10247193,-378,1022780,-57517056
20:37:55.123,0,-5.2,42,0,0,500,1000000,14,-1035215,10241409,367,1002334,-57512060
20:37:55.128,0,-6.7,42,0,0,500,1000000,24,-1046177,10236425,103,977454,-57506464
20:37:55.133,0,-7.2,39,0,0,500,1000000,-84,-1029654,10231754,833,959129,-57502524
20:37:55.138,0,-6.9,39,0,0,500,1000000,-3,-1031402,10226058,-546,1078454,-57495864
20:37:55.143,0,-5.9,39,0,0,500,1000000,-61,-1016645,10220521,843,888568,-57492672
20:37:55.148,0,-4.4,39,0,0,500,1000000,-180,-993042,10215989,-174,1057811,-57486508
20:37:55.153,0,-3.2,41,0,0,500,1000000,19,-999189,10211294,-130,997151,-57481992
20:37:55.158,0,-2.4,41,0,0,500,1000000,-4,-953541,10206238,302,1007262,-57476876
20:37:55.163,0,-2.1,41,0,0,500,1000000,104,-946044,10201937,650,930486,-57471576
20:37:55.168,0,-2.0,41,0,0,500,1000000,-8,-927444,10196891,774,978886,-57467324
20:37:55.173,0,-2.4,41,0,0,500,1000000,69,-973669,10192186,124,983793,-57461348
20:37:55.178,0,-3.0,41,0,0,500,1000000,-79,-986560,10186714,674,926558,-57457764
20:37:55.183,0,-4.0,41,0,0,500,1000000,27,-1021481,10181829,-691,1051773,-57451244
20:37:55.188,0,-5.0,41,0,0,500,1000000,-47,-1049493,10175926,669,967914,-57446632
20:37:55.193,0,-6.1,39,0,0,500,1000000,20,-1042943,10171102,-682,1058474,-57441256
20:37:55.198,0,-6.4,39,0,0,500,1000000,-60,-1031064,10165409,925,921602,-57436988
20:37:55.203,0,-6.1,39,0,0,500,1000000,-64,-1021358,10160762,-522,1096826,-57431372
20:37:55.209,0,-5.4,39,0,0,500,1000000,-6,-1020848,10155086,971,891937,-57426844
20:37:55.214,0,-4.2,42,0,0,500,1000000,4,-976480,10149918,439,1002020,-57421344
20:37:55.219,0,-3.3,42,0,0,500,1000000,91,-976386,10145374,-709,1074736,-57415852
20:37:55.224,0,-2.5,42,0,0,500,1000000,-25,-931943,10140410,665,928211,-57411584
20:37:55.229,0,-2.3,42,0,0,500,1000000,98,-907797,10136298,-632,1060026,-57406176
20:37:55.234,0,-2.2,42,0,0,500,1000000,-12,-912174,10132010,879,932453,-57401720
20:37:55.239,0,-2.7,42,0,0,500,1000000,36,-951764,10126713,-342,1064426,-57396352
20:37:55.244,0,-3.9,42,0,0,500,1000000,24,-987130,10121933,776,917463,-57391992
20:37:55.249,0,-5.1,42,0,0,500,1000000,1,-1024365,10116234,-519,1064846,-57385664
20:37:55.254,0,-6.8,40,0,0,500,1000000,-75,-1071391,10111002,987,945595,-57381904
20:37:55.259,0,-8.0,40,0,0,500,1000000,-158,-1065359,10106055,-679,1057109,-57375732
20:37:55.264,0,-8.6,40,0,0,500,1000000,-43,-1064569,10100209,1139,922029,-57372188
20:37:55.269,0,-8.1,40,0,0,500,1000000,-132,-1048739,10095389,-661,1094165,-57365624
20:37:55.274,0,-6.9,42,0,0,500,1000000,-24,-1033837,10089697,727,920208,-57362040
20:37:55.279,0,-5.0,42,0,0,500,1000000,2,-997764,10085198,544,982626,-57356780
20:37:55.284,0,-3.1,42,0,0,500,1000000,37,-983497,10079834,-631,1087672,-57351228
20:37:55.289,0,-1.7,42,0,0,500,1000000,-33,-946729,10075674,878,924906,-57346792
20:37:55.294,0,-0.9,42,0,0,500,1000000,58,-913046,10070783,-777,1046397,-57340484
20:37:55.300,0,-1.1,42,0,0,500,1000000,-29,-911871,10066458,1107,925190,-57337008
20:37:55.305,0,-2.1,42,0,0,500,1000000,77,-949904,10061114,-491,1055364,-57330576
20:37:55.310,0,-3.2,41,0,0,500,1000000,25,-980920,10056377,655,931849,-57326208
20:37:55.315,0,-4.6,41,0,0,500,1000000,40,-1021253,10050683,-595,1071567,-57320732
20:37:55.320,0,-5.9,41,0,0,500,1000000,89,-1055288,10045578,1072,936425,-57316220
20:37:55.325,0,-6.7,41,0,0,500,1000000,-22,-1050611,10039866,-541,1063767,-57310832
20:37:55.330,0,-6.5,43,0,0,500,1000000,-100,-1047287,10034973,1134,928953,-57306252
20:37:55.335,0,-5.7,43,0,0,500,1000000,-123,-1033567,10030282,-556,1081309,-57300896
20:37:55.340,0,-4.4,43,0,0,500,1000000,71,-1034900,10024533,745,913569,-57296140
20:37:55.345,0,-3.0,43,0,0,500,1000000,-79,-1003974,10019977,504,989618,-57290796
20:37:55.350,0,-2.0,43,0,0,500,1000000,61,-995359,10014586,-667,1082852,-57285200
20:37:55.355,0,-1.5,43,0,0,500,1000000,-46,-967360,10010157,737,919310,-57280956
20:37:55.360,0,-1.3,43,0,0,500,1000000,48,-926405,10005334,-532,1061822,-57275720
20:37:55.365,0,-1.4,43,0,0,500,1000000,-47,-923167,10000965,999,929555,-57271092
20:37:55.370,0,-2.0,41,0,0,500,1000000,13,-936785,9995833,-403,1074924,-57265664
20:37:55.375,0,-2.6,41,0,0,500,1000000,-48,-966318,9991242,922,895693,-57261328
20:37:55.380,0,-3.6,41,0,0,500,1000000,40,-988900,9985721,-422,1079828,-57254816
20:37:55.385,0,-4.6,41,0,0,500,1000000,168,-1053471,9980522,636,941691,-57251020
20:37:55.391,0,-5.6,42,0,0,500,1000000,-155,-1045398,9974761,-197,1052058,-57245148
20:37:55.396,0,-6.0,42,0,0,500,1000000,182,-1057529,9969842,177,968780,-57240928
20:37:55.401,0,-6.0,42,0,0,500,1000000,-109,-1032403,9964221,-295,1055735,-57235108
20:37:55.406,0,-5.2,42,0,0,500,1000000,349,-1025790,9959517,223,956589,-57230876
20:37:55.411,0,-3.7,42,0,0,500,1000000,-4,-983573,9954234,324,998436,-57225692
20:37:55.416,0,-2.5,42,0,0,500,1000000,18,-975934,9949722,-293,1007170,-57219656
20:37:55.421,0,-1.6,42,0,0,500,1000000,-9,-928680,9944790,995,960587,-57215796
20:37:55.426,0,-1.3,42,0,0,500,1000000,77,-917846,9940579,-51,988342,-57209920
20:37:55.431,0,-1.7,39,0,0,500,1000000,-30,-904227,9935614,819,939154,-57206216
20:37:55.436,0,-2.5,39,0,0,500,1000000,94,-954458,9930987,-278,1022845,-57199896
20:37:55.441,0,-3.8,39,0,0,500,1000000,-66,-977410,9926301,687,929139,-57196364
20:37:55.446,0,-5.3,39,0,0,500,1000000,28,-1017257,9920635,-625,1049052,-57190064
20:37:55.451,0,-6.6,41,0,0,500,1000000,-112,-1045692,9913930,273,1012263,-57184036
20:37:55.456,0,-7.7,41,0,0,500,1000000,24,-1051872,9909845,-770,1048127,-57180084
20:37:55.461,0,-7.7,41,0,0,500,1000000,-96,-1043505,9904993,884,921920,-57175788
20:37:55.466,0,-7.1,41,0,0,500,1000000,-14,-1043362,9899309,-385,1098966,-57170132
20:37:55.471,0,-6.1,43,0,0,500,1000000,71,-1056742,9894307,928,901183,-57165496
20:37:55.476,0,-4.8,43,0,0,500,1000000,-44,-1017304,9888821,657,984182,-57160128
20:37:55.481,0,-3.8,43,0,0,500,1000000,20,-1005142,9884261,-642,1085039,-57154580
20:37:55.487,0,-3.1,43,0,0,500,1000000,-4,-962798,9879046,852,921256,-57150292
20:37:55.492,0,-2.8,43,0,0,500,1000000,-14,-926098,9874953,-678,1065571,-57144820
20:37:55.497,0,-2.6,43,0,0,500,1000000,-34,-920753,9869855,939,914356,-57140528
20:37:55.502,0,-3.1,43,0,0,500,1000000,-31,-924111,9865554,-312,1071243,-57135220
20:37:55.507,0,-3.7,43,0,0,500,1000000,-22,-957638,9860154,1084,897355,-57130776
20:37:55.512,0,-4.7,39,0,0,500,1000000,8,-959990,9855677,-117,1051747,-57124640
20:37:55.517,0,-5.9,39,0,0,500,1000000,43,-1026858,9849801,290,963159,-57120456
20:37:55.522,0,-7.1,39,0,0,500,1000000,-118,-1019897,9845070,-289,1053084,-57114592
20:37:55.527,0,-7.9,39,0,0,500,1000000,-102,-1027793,9839406,748,937019,-57110752
20:37:55.532,0,-7.8,39,0,0,500,1000000,-50,-1017063,9834778,-360,1070723,-57104640
20:37:55.537,0,-7.4,39,0,0,500,1000000,175,-1032991,9828991,112,972913,-57100296
20:37:55.542,0,-6.2,39,0,0,500,1000000,-18,-1009817,9824378,881,938077,-57095696
20:37:55.547,0,-4.9,39,0,0,500,1000000,22,-1005194,9819725,-667,1110700,-57089808
20:37:55.552,0,-3.8,41,0,0,500,1000000,-40,-991428,9814315,1115,892113,-57085552
20:37:55.557,0,-3.1,41,0,0,500,1000000,-77,-956828,9810005,-320,1060741,-57079336
20:37:55.562,0,-2.6,41,0,0,500,1000000,12,-955329,9804795,690,936013,-57075460
20:37:55.567,0,-2.7,41,0,0,500,1000000,-11,-945030,9800443,-249,1064944,-57069420
20:37:55.572,0,-3.0,40,0,0,500,1000000,52,-983946,9794921,824,924331,-57065596
20:37:55.578,0,-3.4,40,0,0,500,1000000,-2,-993310,9790259,249,1012611,-57060128
20:37:55.583,0,-4.3,40,0,0,500,1000000,52,-1049085,9784266,-339,1022804,-57055128
20:37:55.588,0,-5.2,40,0,0,500,1000000,-33,-1046199,9779443,560,989591,-57050184
20:37:55.593,0,-6.0,40,0,0,500,1000000,-32,-1057363,9773567,-48,999526,-57044384
20:37:55.598,0,-6.2,40,0,0,500,1000000,-99,-1037002,9767109,-391,1062594,-57037612
20:37:55.603,0,-6.0,40,0,0,500,1000000,133,-1032338,9762295,437,936337,-57033692
20:37:55.608,0,-5.0,40,0,0,500,1000000,-8,-996170,9756986,121,1019990,-57028208
20:37:55.613,0,-3.5,43,0,0,500,1000000,-5,-986766,9752361,-674,1052023,-57023084
20:37:55.618,0,-2.3,43,0,0,500,1000000,-106,-955052,9748862,1030,927638,-57020476
20:37:55.623,0,-1.2,43,0,0,500,1000000,62,-913404,9744061,-601,1060524,-57014188
20:37:55.628,0,-0.7,43,0,0,500,1000000,-116,-907006,9739845,835,920284,-57009888
20:37:55.633,0,-0.9,38,0,0,500,1000000,55,-933701,9734705,-417,1078564,-57004332
20:37:55.638,0,-1.6,38,0,0,500,1000000,-25,-978714,9729922,885,904675,-56999984
20:37:55.643,0,-2.8,38,0,0,500,1000000,-26,-1006904,9724346,-44,1034963,-56995048
20:37:55.648,0,-4.2,38,0,0,500,1000000,136,-1069194,9719083,279,963858,-56989712
20:37:55.653,0,-5.7,38,0,0,500,1000000,-104,-1062596,9714141,-481,1063607,-56983716
20:37:55.658,0,-6.7,38,0,0,500,1000000,-36,-1059206,9708342,1113,922906,-56980056
20:37:55.663,0,-6.4,38,0,0,500,1000000,-103,-1039113,9703586,-445,1076175,-56973756
20:37:55.669,0,-5.7,38,0,0,500,1000000,43,-1026759,9697946,-152,980693,-56969444
20:37:55.674,0,-4.1,43,0,0,500,1000000,-103,-986256,9693510,821,947219,-56964848
20:37:55.679,0,-2.5,43,0,0,500,1000000,48,-960996,9688319,-656,1093599,-56959208
20:37:55.684,0,-1.5,43,0,0,500,1000000,-28,-940352,9684055,1026,914598,-56954728
20:37:55.689,0,-1.1,43,0,0,500,1000000,17,-899555,9679261,-476,1057505,-56948456
20:37:55.694,0,-1.3,39,0,0,500,1000000,-128,-920831,9674922,1167,919753,-56944932
20:37:55.699,0,-2.1,39,0,0,500,1000000,24,-957824,9669542,-274,1066109,-56938628
20:37:55.704,0,-3.6,39,0,0,500,1000000,-42,-1009863,9664570,807,925450,-56934168
20:37:55.709,0,-5.2,39,0,0,500,1000000,30,-1033459,9658862,-446,1062954,-56928928
20:37:55.714,0,-6.9,39,0,0,500,1000000,-66,-1067935,9653706,1105,943308,-56924112
20:37:55.719,0,-7.9,39,0,0,500,1000000,11,-1049544,9648042,-524,1067843,-56918816
20:37:55.724,0,-8.0,39,0,0,500,1000000,-89,-1031630,9643270,1096,908088,-56914472
20:37:55.729,0,-6.9,39,0,0,500,1000000,128,-1006836,9637861,-282,1069877,-56909152
20:37:55.734,0,-5.3,42,0,0,500,1000000,16,-1011269,9633117,335,946736,-56903812
20:37:55.739,0,-3.6,42,0,0,500,1000000,-58,-967140,9628762,863,948157,-56899000
20:37:55.744,0,-2.3,42,0,0,500,1000000,35,-951181,9623613,-611,1086573,-56893408
20:37:55.749,0,-1.6,42,0,0,500,1000000,0,-951613,9619210,998,914551,-56889008
20:37:55.754,0,-1.8,39,0,0,500,1000000,-16,-923611,9614230,-165,1052233,-56883852
20:37:55.759,0,-2.4,39,0,0,500,1000000,-20,-947849,9609755,1070,922347,-56879296
20:37:55.765,0,-5.3,39,0,0,500,1000000,-7,-984867,9604279,-225,1063617,-56874024
20:37:55.770,0,-6.8,39,0,0,500,1000000,-85,-1032642,9599151,918,924644,-56869404
20:37:55.775,0,-8.1,39,0,0,500,1000000,17,-1047393,9593325,-637,1059570,-56863084
20:37:55.780,0,-8.9,39,0,0,500,1000000,-91,-1075531,9588225,1134,944232,-56859352
20:37:55.785,0,-8.6,39,0,0,500,1000000,-66,-1044462,9582630,-582,1063608,-56852976
20:37:55.790,0,-7.3,42,0,0,500,1000000,-71,-1020902,9577998,891,914591,-56849532
20:37:55.795,0,-5.6,42,0,0,500,1000000,-127,-989754,9572721,-408,1085530,-56843136
20:37:55.800,0,-3.9,42,0,0,500,1000000,123,-1000704,9568001,200,973895,-56838932
20:37:55.805,0,-2.7,42,0,0,500,1000000,-56,-960264,9562898,797,962096,-56834120
20:37:55.810,0,-2.2,40,0,0,500,1000000,88,-973824,9558330,-526,1033644,-56827736
20:37:55.815,0,-2.6,40,0,0,500,1000000,-65,-969150,9553001,779,943901,-56824168
20:37:55.820,0,-3.3,40,0,0,500,1000000,64,-960476,9548514,-363,1005092,-56818032
20:37:55.825,0,-3.9,40,0,0,500,1000000,-34,-945062,9543385,700,922039,-56814548
20:37:55.830,0,-4.8,40,0,0,500,1000000,40,-968659,9538802,-556,1081106,-56807868
20:37:55.835,0,-5.1,40,0,0,500,1000000,-62,-998224,9533181,870,893742,-56804628
20:37:55.840,0,-5.5,40,0,0,500,1000000,-143,-1002520,9528497,-217,1059661,-56798428
20:37:55.845,0,-5.7,40,0,0,500,1000000,-32,-1049359,9522502,970,934348,-56793404
20:37:55.850,0,-5.9,41,0,0,500,1000000,-147,-1027498,9517866,-172,1046608,-56788416
20:37:55.856,0,-5.5,41,0,0,500,1000000,-46,-1024867,9512258,1029,921350,-56783532
20:37:55.861,0,-4.9,41,0,0,500,1000000,-13,-1006156,9507647,123,1026695,-56778740
20:37:55.866,0,-4.2,41,0,0,500,1000000,120,-1022142,9502006,69,976812,-56773056
20:37:55.871,0,-3.1,41,0,0,500,1000000,-38,-998472,9497449,799,964609,-56768192
20:37:55.876,0,-2.5,41,0,0,500,1000000,43,-999326,9492027,-702,1076303,-56762672
20:37:55.881,0,-2.2,41,0,0,500,1000000,-8,-987864,9487433,834,934197,-56758192
20:37:55.886,0,-2.3,41,0,0,500,1000000,-1,-956852,9483113,-737,1059252,-56752808
20:37:55.891,0,-2.4,41,0,0,500,1000000,-57,-943579,9477974,798,916174,-56748584
20:37:55.896,0,-2.7,41,0,0,500,1000000,-17,-946908,9473629,-450,1085176,-56743012
20:37:55.901,0,-3.0,41,0,0,500,1000000,-43,-982807,9468013,993,901876,-56738680
20:37:55.906,0,-3.3,41,0,0,500,1000000,-37,-984257,9463367,-120,1041400,-56733684
20:37:55.911,0,-3.9,40,0,0,500,1000000,-42,-1036658,9457482,930,941772,-56728508
20:37:55.916,0,-4.6,40,0,0,500,1000000,-139,-1022935,9452759,-484,1067572,-56722336
20:37:55.921,0,-5.0,40,0,0,500,1000000,-85,-1015136,9447265,937,911208,-56718816
20:37:55.926,0,-5.0,40,0,0,500,1000000,-76,-977051,9442797,-258,1065929,-56712704
20:37:55.931,0,-4.7,40,0,0,500,1000000,190,-985143,9437378,12,985464,-56708320
20:37:55.936,0,-4.0,40,0,0,500,1000000,-79,-943131,9433146,691,972223,-56703456
20:37:55.941,0,-3.6,40,0,0,500,1000000,72,-963726,9427850,61,1003192,-56697476
20:37:55.946,0,-3.9,40,0,0,500,1000000,-6,-962771,9423338,832,978376,-56693440
20:37:55.952,0,-4.8,40,0,0,500,1000000,230,-991890,9417774,309,958632,-56687888
20:37:55.957,0,-5.9,40,0,0,500,1000000,114,-985100,9412429,537,994855,-56682748
20:37:55.962,0,-7.2,40,0,0,500,1000000,44,-1041569,9407366,186,978535,-56676992
20:37:55.967,0,-7.9,40,0,0,500,1000000,-88,-1041651,9401641,695,969320,-56673020
20:37:55.972,0,-7.9,40,0,0,500,1000000,231,-1058856,9396651,-189,1003536,-56666984
20:37:55.977,0,-7.3,39,0,0,500,1000000,-41,-1037999,9390954,957,970821,-56663100
20:37:55.982,0,-6.4,39,0,0,500,1000000,-10,-1029256,9387094,-518,1081934,-56657528
20:37:55.987,0,-5.0,39,0,0,500,1000000,-70,-1001928,9381691,844,896043,-56653424
20:37:55.992,0,-3.8,39,0,0,500,1000000,-122,-967915,9377257,-512,1093189,-56646760
20:37:55.997,0,-2.9,40,0,0,500,1000000,153,-982215,9371761,285,951093,-56642900
20:37:56.002,0,-2.4,40,0,0,500,1000000,-92,-948024,9367550,273,1000752,-56637600
20:37:56.007,0,-2.3,40,0,0,500,1000000,78,-970646,9362197,-60,1016565,-56632704
20:37:56.012,0,-2.8,40,0,0,500,1000000,-27,-972875,9357562,242,1011830,-56627564
20:37:56.017,0,-4.0,40,0,0,500,1000000,273,-990641,9352029,107,976920,-56623008
20:37:56.022,0,-5.0,40,0,0,500,1000000,-83,-968363,9347670,839,962174,-56618184
20:37:56.027,0,-6.1,40,0,0,500,1000000,17,-1005953,9342078,-568,1079151,-56612608
20:37:56.032,0,-6.6,40,0,0,500,1000000,13,-1005235,9337357,686,922298,-56608408
20:37:56.037,0,-6.6,41,0,0,500,1000000,-89,-1008535,9331794,-788,1046537,-56602004
20:37:56.043,0,-6.0,41,0,0,500,1000000,0,-1008244,9327131,1008,942819,-56598384
20:37:56.048,0,-5.5,41,0,0,500,1000000,25,-997815,9321675,-437,1061564,-56591860
20:37:56.053,0,-4.8,41,0,0,500,1000000,-31,-984795,9317178,1052,907664,-56588624
20:37:56.058,0,-4.2,40,0,0,500,1000000,-74,-971548,9312661,-407,1071646,-56582212
20:37:56.063,0,-4.1,40,0,0,500,1000000,54,-1016186,9306919,1128,917505,-56577568
20:37:56.068,0,-4.1,40,0,0,500,1000000,20,-1006519,9302267,9,1034215,-56572648
20:37:56.073,0,-4.4,40,0,0,500,1000000,26,-1041603,9296435,860,945000,-56567580
20:37:56.078,0,-4.9,40,0,0,500,1000000,-190,-1031899,9291659,-142,1050341,-56562688
20:37:56.083,0,-5.5,40,0,0,500,1000000,-5,-1033303,9285978,772,914304,-56557808
20:37:56.088,0,-5.6,40,0,0,500,1000000,-11,-997578,9281542,2,1030046,-56552068
20:37:56.093,0,-5.6,40,0,0,500,1000000,11,-1016973,9275867,-283,1013588,-56547208
20:37:56.098,0,-5.2,41,0,0,500,1000000,-67,-991355,9271319,625,979486,-56542388
20:37:56.103,0,-4.6,41,0,0,500,1000000,67,-992328,9265923,-450,1020029,-56537360
20:37:56.108,0,-3.9,41,0,0,500,1000000,-50,-972490,9261454,805,979837,-56532548
20:37:56.113,0,-3.6,41,0,0,500,1000000,59,-974882,9256151,-564,1066157,-56527048
20:37:56.118,0,-3.4,41,0,0,500,1000000,-37,-947985,9250970,627,930432,-56521912
20:37:56.123,0,-3.4,41,0,0,500,1000000,118,-962790,9245643,-670,1073291,-56515308
20:37:56.129,0,-3.7,41,0,0,500,1000000,-50,-990919,9240869,1040,909418,-56511980
20:37:56.134,0,-4.1,41,0,0,500,1000000,-143,-987048,9236293,-654,1065096,-56505580
20:37:56.139,0,-4.4,41,0,0,500,1000000,-63,-1014622,9230546,1101,923398,-56501968
20:37:56.144,0,-4.6,41,0,0,500,1000000,25,-1006575,9226687,-232,1062506,-56496936
20:37:56.149,0,-4.9,41,0,0,500,1000000,225,-1016572,9221093,-56,980945,-56492464
20:37:56.154,0,-4.6,41,0,0,500,1000000,-93,-995102,9216603,637,912987,-56488152
20:37:56.159,0,-4.4,41,0,0,500,1000000,37,-997836,9211114,-575,1101939,-56481072
20:37:56.164,0,-4.0,41,0,0,500,1000000,-100,-1015450,9206343,1165,891848,-56477892
20:37:56.169,0,-3.7,41,0,0,500,1000000,-61,-1001991,9200795,-144,1045013,-56471848
20:37:56.174,0,-3.4,41,0,0,500,1000000,167,-1035131,9195910,104,983343,-56467424
20:37:56.179,0,-3.3,41,0,0,500,1000000,-15,-1010931,9190390,-73,1046830,-56461852
20:37:56.184,0,-3.5,41,0,0,500,1000000,268,-1018043,9185618,104,968686,-56457532
20:37:56.189,0,-3.3,41,0,0,500,1000000,-42,-979368,9180334,625,986166,-56452468
20:37:56.194,0,-3.3,41,0,0,500,1000000,-7,-987118,9175705,-644,1082027,-56446940
20:37:56.199,0,-2.9,41,0,0,500,1000000,-63,-955772,9170495,700,902163,-56442800
20:37:56.204,0,-2.5,41,0,0,500,1000000,2,-935384,9166301,-658,1079548,-56436212
20:37:56.209,0,-2.2,41,0,0,500,1000000,-5,-948341,9161739,995,931556,-56432540
20:37:56.214,0,-2.3,41,0,0,500,1000000,-110,-922437,9156809,-227,1056460,-56426436
20:37:56.219,0,-2.9,40,0,0,500,1000000,-69,-936241,9152422,1045,909861,-56422900
20:37:56.225,0,-3.7,40,0,0,500,1000000,-45,-954057,9147177,-276,1072617,-56416604
20:37:56.230,0,-6.3,40,0,0,500,1000000,111,-1022054,9142042,1059,901790,-56412008
20:37:56.235,0,-7.2,40,0,0,500,1000000,15,-1026222,9136425,368,999484,-56407340
20:37:56.240,0,-7.5,40,0,0,500,1000000,46,-1067798,9131290,23,997094,-56401428
20:37:56.245,0,-7.4,40,0,0,500,1000000,-35,-1056279,9125523,414,996238,-56397228
20:37:56.250,0,-6.4,40,0,0,500,1000000,16,-1045427,9120703,129,969884,-56391604
20:37:56.255,0,-5.2,42,0,0,500,1000000,-27,-1005736,9115274,903,965530,-56387580
20:37:56.260,0,-4.0,42,0,0,500,1000000,-1,-1003138,9110698,-593,1032006,-56381200
20:37:56.265,0,-2.9,42,0,0,500,1000000,-46,-976312,9105362,834,942494,-56376772
20:37:56.270,0,-2.5,42,0,0,500,1000000,33,-972171,9100871,-601,1066796,-56371356
20:37:56.275,0,-2.8,40,0,0,500,1000000,-57,-975929,9095402,1018,934731,-56366812
20:37:56.280,0,-3.5,40,0,0,500,1000000,77,-963882,9090969,-428,1067741,-56361352
20:37:56.285,0,-4.3,40,0,0,500,1000000,-77,-965590,9086498,1046,903257,-56357144
20:37:56.290,0,-5.2,40,0,0,500,1000000,-73,-962389,9081222,-244,1069380,-56351720
20:37:56.295,0,-5.6,41,0,0,500,1000000,236,-1007508,9076409,865,916688,-56346872
20:37:56.300,0,-5.9,41,0,0,500,1000000,-68,-986922,9071006,179,1008342,-56341356
20:37:56.305,0,-5.7,41,0,0,500,1000000,56,-1012657,9066202,-312,1017169,-56336380
20:37:56.311,0,-5.5,41,0,0,500,1000000,-1,-999102,9060759,151,1017030,-56331196
20:37:56.316,0,-5.0,41,0,0,500,1000000,27,-999840,9056109,-6,996245,-56326592
20:37:56.321,0,-4.3,41,0,0,500,1000000,-42,-984555,9050782,637,979518,-56321732
20:37:56.326,0,-4.0,41,0,0,500,1000000,-12,-1006658,9045163,-484,1039314,-56315364
20:37:56.331,0,-3.6,41,0,0,500,1000000,-89,-998945,9039706,618,934184,-56311024
20:37:56.336,0,-3.5,41,0,0,500,1000000,19,-1000551,9035123,-440,1077680,-56305492
20:37:56.341,0,-3.7,41,0,0,500,1000000,-50,-1004337,9029499,1020,914535,-56301072
20:37:56.346,0,-4.0,41,0,0,500,1000000,-178,-975292,9025074,-366,1066860,-56295776
20:37:56.351,0,-4.1,41,0,0,500,1000000,-65,-979646,9020475,692,929720,-56291944
20:37:56.356,0,-4.3,40,0,0,500,1000000,25,-960234,9016153,57,1034247,-56286316
20:37:56.361,0,-4.4,40,0,0,500,1000000,169,-1000107,9010489,-69,995432,-56281608
20:37:56.366,0,-4.4,40,0,0,500,1000000,-39,-983863,9006030,752,959570,-56276896
20:37:56.371,0,-4.7,40,0,0,500,1000000,71,-1018331,9000382,-323,1030340,-56270712
20:37:56.376,0,-5.1,40,0,0,500,1000000,74,-1024368,8995541,869,972786,-56266752
20:37:56.381,0,-5.5,40,0,0,500,1000000,82,-1031611,8989902,-3,981775,-56260984
20:37:56.386,0,-5.5,40,0,0,500,1000000,-67,-1012389,8985245,780,981970,-56256000
20:37:56.392,0,-5.5,40,0,0,500,1000000,72,-1026467,8979618,-655,1085524,-56250436
20:37:56.397,0,-5.1,42,0,0,500,1000000,-54,-1022239,8974833,713,890081,-56246480
20:37:56.402,0,-4.4,42,0,0,500,1000000,-126,-1000160,8969467,-189,1054964,-56241244
20:37:56.407,0,-3.8,42,0,0,500,1000000,196,-1009733,8964698,426,952673,-56235968
20:37:56.412,0,-3.4,42,0,0,500,1000000,-66,-958937,8959646,63,1024017,-56231364
20:37:56.417,0,-2.8,41,0,0,500,1000000,156,-946411,8955282,762,930670,-56226240
20:37:56.422,0,-2.5,41,0,0,500,1000000,41,-921420,8951098,-124,1051565,-56220364
20:37:56.427,0,-2.6,41,0,0,500,1000000,205,-957012,8945770,267,961974,-56216028
20:37:56.432,0,-2.7,41,0,0,500,1000000,-69,-950735,8941354,774,971708,-56211120
20:37:56.437,0,-3.3,41,0,0,500,1000000,83,-1000513,8935755,-585,1043185,-56205808
20:37:56.442,0,-4.1,41,0,0,500,1000000,-20,-1024340,8930837,563,979708,-56201076
20:37:56.447,0,-5.1,41,0,0,500,1000000,55,-1037343,8925078,-721,1039982,-56195896
20:37:56.452,0,-5.5,41,0,0,500,1000000,-48,-1033978,8920250,949,946443,-56191420
20:37:56.457,0,-5.7,41,0,0,500,1000000,-6,-1036932,8914598,-443,1096849,-56185680
20:37:56.463,0,-5.2,41,0,0,500,1000000,-68,-1040000,8909703,985,891369,-56181468
20:37:56.468,0,-4.2,41,0,0,500,1000000,-123,-1014941,8904253,-274,1063860,-56175244
20:37:56.473,0,-3.3,41,0,0,500,1000000,24,-1022438,8899381,-360,1024072,-56170396
20:37:56.478,0,-2.5,43,0,0,500,1000000,-25,-973538,8894221,490,987584,-56165528
20:37:56.483,0,-2.0,43,0,0,500,1000000,35,-953578,8889882,15,990611,-56159864
20:37:56.488,0,-1.6,43,0,0,500,1000000,62,-927769,8884906,405,991889,-56155652
20:37:56.493,0,-1.7,43,0,0,500,1000000,48,-942456,8880414,164,978075,-56149932
20:37:56.498,0,-1.8,43,0,0,500,1000000,-4,-938945,8875281,726,967431,-56145868
20:37:56.503,0,-2.3,43,0,0,500,1000000,64,-987692,8870502,-158,1010049,-56139812
20:37:56.508,0,-3.2,43,0,0,500,1000000,-161,-1008733,8863114,-283,1053466,-56133344
20:37:56.518,0,-5.1,39,0,0,500,1000000,8,-1011132,8852779,260,1029521,-56123800
20:37:56.523,0,-5.6,39,0,0,500,1000000,37,-1041192,8847806,-19,986562,-56117924
20:37:56.528,0,-5.4,39,0,0,500,1000000,-13,-1020235,8843182,714,914454,-56114372
20:37:56.533,0,-4.7,39,0,0,500,1000000,-159,-1000900,8839473,-158,1050711,-56110172
20:37:56.538,0,-3.9,41,0,0,500,1000000,27,-1013532,8834691,211,961493,-56104936
20:37:56.543,0,-3.3,41,0,0,500,1000000,-7,-969777,8829466,230,1010081,-56100444
20:37:56.548,0,-3.0,41,0,0,500,1000000,238,-971749,8825006,438,945198,-56095184
20:37:56.554,0,-2.8,41,0,0,500,1000000,-6,-958393,8819775,500,998603,-56090784
20:37:56.559,0,-3.2,41,0,0,500,1000000,56,-1002862,8815006,252,975998,-56085048
20:37:56.564,0,-3.6,41,0,0,500,1000000,-157,-996579,8809501,636,972564,-56080144
20:37:56.569,0,-4.2,41,0,0,500,1000000,40,-1020194,8804675,-688,1049967,-56074776
20:37:56.574,0,-4.7,41,0,0,500,1000000,-15,-1024697,8799007,795,970669,-56070132
20:37:56.579,0,-5.1,41,0,0,500,1000000,-1,-1021053,8794282,-837,1035294,-56064928
20:37:56.584,0,-5.0,41,0,0,500,1000000,-46,-1001476,8788790,854,935635,-56060552
20:37:56.589,0,-4.6,41,0,0,500,1000000,52,-1002790,8784198,-606,1102593,-56054800
20:37:56.594,0,-4.1,41,0,0,500,1000000,-54,-996999,8778662,1079,878893,-56050716
20:37:56.599,0,-3.4,40,0,0,500,1000000,-73,-964620,8774363,-115,1051797,-56044592
20:37:56.604,0,-2.9,40,0,0,500,1000000,63,-974779,8768937,-283,1010821,-56039864
20:37:56.609,0,-2.7,40,0,0,500,1000000,12,-939957,8764751,367,1004457,-56034752
20:37:56.614,0,-2.8,40,0,0,500,1000000,56,-934175,8760447,-12,983639,-56030116
20:37:56.619,0,-2.9,40,0,0,500,1000000,-25,-922185,8755387,873,979071,-56025248
20:37:56.624,0,-3.6,40,0,0,500,1000000,84,-968593,8750769,-488,1043788,-56019980
20:37:56.629,0,-4.3,40,0,0,500,1000000,-38,-986262,8745275,655,931188,-56015648
20:37:56.634,0,-5.2,40,0,0,500,1000000,0,-1013887,8740394,-760,1052605,-56009300
20:37:56.639,0,-6.1,39,0,0,500,1000000,-28,-1044635,8733593,899,971424,-56004544
20:37:56.645,0,-6.8,39,0,0,500,1000000,-47,-1048858,8728702,-735,1038540,-55999404
20:37:56.650,0,-6.6,39,0,0,500,1000000,-10,-1032626,8723930,802,944927,-55994932
20:37:56.655,0,-6.0,42,0,0,500,1000000,30,-1030563,8718327,-570,1105662,-55989128
20:37:56.660,0,-4.8,42,0,0,500,1000000,-63,-1028165,8713514,1048,866908,-55985220
20:37:56.665,0,-3.8,42,0,0,500,1000000,-2,-999776,8708961,455,989043,-55980444
20:37:56.670,0,-3.1,42,0,0,500,1000000,43,-1011109,8703351,-575,1057772,-55973944
20:37:56.675,0,-2.9,42,0,0,500,1000000,-46,-984529,8698838,854,920529,-55970560
20:37:56.680,0,-2.8,42,0,0,500,1000000,-57,-956022,8694579,-602,1055070,-55964208
20:37:56.685,0,-3.0,42,0,0,500,1000000,-79,-957947,8689185,991,932540,-55960588
20:37:56.690,0,-3.5,42,0,0,500,1000000,-160,-961135,8684775,-508,1068038,-55954192
20:37:56.695,0,-3.7,40,0,0,500,1000000,-50,-976253,8679278,754,918704,-55949840
20:37:56.700,0,-4.3,40,0,0,500,1000000,-92,-979858,8674775,-293,1066749,-55944540
20:37:56.705,0,-4.8,40,0,0,500,1000000,-49,-1026660,8668891,806,940061,-55939644
20:37:56.710,0,-5.3,40,0,0,500,1000000,-61,-1004331,8664297,0,1030553,-55934816
20:37:56.715,0,-5.4,42,0,0,500,1000000,29,-1019957,8658658,706,949641,-55929708
20:37:56.720,0,-5.4,42,0,0,500,1000000,-86,-1007923,8654011,-396,1074585,-55923484
20:37:56.725,0,-4.9,42,0,0,500,1000000,-16,-1022647,8648283,694,925921,-55919720
20:37:56.730,0,-4.2,42,0,0,500,1000000,0,-1000058,8643715,160,1015437,-55914168
20:37:56.735,0,-3.5,42,0,0,500,1000000,42,-1012352,8638153,-635,1050892,-55908960
20:37:56.741,0,-3.0,42,0,0,500,1000000,-6,-985993,8633701,739,965074,-55904324
20:37:56.746,0,-2.6,42,0,0,500,1000000,68,-965139,8628470,-718,1046565,-55899040
20:37:56.751,0,-2.5,42,0,0,500,1000000,-62,-951883,8624125,837,955419,-55894480
20:37:56.756,0,-2.7,42,0,0,500,1000000,37,-975574,8618682,-536,1063323,-55889096
20:37:56.761,0,-2.9,42,0,0,500,1000000,-31,-986280,8614018,817,927173,-55884752
20:37:56.766,0,-3.6,42,0,0,500,1000000,35,-1015264,8608401,-599,1057801,-55878312
20:37:56.771,0,-4.3,42,0,0,500,1000000,-42,-1044284,8603370,1117,940447,-55874612
20:37:56.776,0,-4.9,42,0,0,500,1000000,-41,-1033053,8598603,-638,1053070,-55868364
20:37:56.781,0,-5.1,43,0,0,500,1000000,-62,-1025818,8592918,1051,928309,-55864784
20:37:56.786,0,-4.9,43,0,0,500,1000000,-45,-1008141,8588363,-609,1092279,-55858280
20:37:56.791,0,-4.1,43,0,0,500,1000000,-35,-1002959,8582799,994,899218,-55853964
20:37:56.796,0,-3.0,43,0,0,500,1000000,-18,-969564,8578414,117,1019363,-55849112
20:37:56.801,0,-2.2,43,0,0,500,1000000,37,-979511,8573035,-26,996076,-55843260
20:37:56.806,0,-1.8,43,0,0,500,1000000,-15,-949134,8568715,607,972766,-55839320
20:37:56.811,0,-1.8,43,0,0,500,1000000,113,-943845,8563606,67,991753,-55833420
20:37:56.816,0,-2.3,43,0,0,500,1000000,7,-937198,8559195,321,1006883,-55828256
20:37:56.821,0,-3.2,40,0,0,500,1000000,-210,-990035,8553566,-240,1024783,-55823296
20:37:56.826,0,-4.1,40,0,0,500,1000000,-11,-995650,8548949,681,967690,-55818584
20:37:56.831,0,-5.1,40,0,0,500,1000000,24,-1030213,8543226,-522,1054588,-55813356
20:37:56.837,0,-5.9,40,0,0,500,1000000,-18,-1056443,8538150,1060,954997,-55808664
20:37:56.842,0,-6.4,43,0,0,500,1000000,0,-1052735,8532362,-528,1049156,-55803412
20:37:56.847,0,-6.1,43,0,0,500,1000000,-12,-1043614,8527434,925,942676,-55798800
20:37:56.852,0,-5.7,43,0,0,500,1000000,-33,-1044797,8521819,-650,1078478,-55792268
20:37:56.857,0,-4.8,43,0,0,500,1000000,-64,-1034394,8517011,751,909787,-55788048
20:37:56.862,0,-3.8,43,0,0,500,1000000,-108,-997853,8511645,-235,1062995,-55782740
20:37:56.867,0,-3.1,43,0,0,500,1000000,169,-1003296,8506934,583,942049,-55777708
